action_id,action_label,source,frame_id,time_sec,pose_ok,feature_ok,mean_keypoint_conf,low_keypoint_count,hip_center_x,hip_center_y,shoulder_width,nose_x,nose_y,left_eye_x,left_eye_y,right_eye_x,right_eye_y,left_ear_x,left_ear_y,right_ear_x,right_ear_y,left_shoulder_x,left_shoulder_y,right_shoulder_x,right_shoulder_y,left_elbow_x,left_elbow_y,right_elbow_x,right_elbow_y,left_wrist_x,left_wrist_y,right_wrist_x,right_wrist_y,left_hip_x,left_hip_y,right_hip_x,right_hip_y,left_knee_x,left_knee_y,right_knee_x,right_knee_y,left_ankle_x,left_ankle_y,right_ankle_x,right_ankle_y,left_elbow_angle,right_elbow_angle,left_knee_angle,right_knee_angle
A003,walk_turn_walk,walk_turn_walk.mp4,0,0.0,1,1,0.9688,0,471.5932,248.3038,56.7785,0.143359,-2.413332,0.233154,-2.509629,0.028021,-2.510547,0.331187,-2.407506,-0.202664,-2.413629,0.498137,-1.67643,-0.50184,-1.683228,0.66343,-0.79819,-0.780354,-0.799239,0.799122,-0.030193,-0.747475,-0.038025,0.328626,-0.003617,-0.328626,0.003617,0.328113,1.199502,-0.466439,1.234527,0.214796,2.270535,-0.534844,2.327538,179.361116,160.038917,173.984903,177.192787
A003,walk_turn_walk,walk_turn_walk.mp4,1,0.04,1,1,0.9691,0,471.7618,248.4945,56.9015,0.141133,-2.411145,0.230473,-2.508092,0.025341,-2.507977,0.329031,-2.407498,-0.20478,-2.41093,0.497093,-1.677932,-0.502896,-1.682557,0.661374,-0.801229,-0.782476,-0.80196,0.788422,-0.033652,-0.74798,-0.042134,0.328506,-0.004077,-0.328505,0.004077,0.325222,1.200319,-0.46647,1.236488,0.216316,2.267777,-0.530587,2.326703,178.785013,159.786453,174.330815,176.978322
A003,walk_turn_walk,walk_turn_walk.mp4,2,0.08,1,1,0.9692,0,471.7222,248.3093,56.9418,0.144052,-2.406169,0.234043,-2.501992,0.028515,-2.502811,0.332864,-2.399575,-0.201953,-2.405109,0.500007,-1.670361,-0.499968,-1.677537,0.665332,-0.795831,-0.777969,-0.798599,0.79309,-0.027773,-0.743455,-0.034528,0.328369,-0.003323,-0.328369,0.003323,0.326943,1.197565,-0.463157,1.231044,0.213777,2.263225,-0.529603,2.318889,178.739015,159.861785,174.006386,177.230132
A003,walk_turn_walk,walk_turn_walk.mp4,3,0.12,1,1,0.9692,0,471.64,248.5941,57.0417,0.148529,-2.407649,0.237442,-2.504256,0.032156,-2.503584,0.335368,-2.403356,-0.199632,-2.405479,0.503573,-1.673613,-0.4964,-1.680993,0.668053,-0.794244,-0.774172,-0.801835,0.79018,-0.029606,-0.74026,-0.039859,0.328311,-0.003163,-0.328311,0.003162,0.324914,1.198857,-0.463848,1.232797,0.213354,2.264832,-0.529926,2.325044,178.480187,159.917596,174.187424,177.171945
A003,walk_turn_walk,walk_turn_walk.mp4,4,0.16,1,1,0.9693,0,471.8278,248.5099,56.9317,0.149101,-2.410568,0.237767,-2.507503,0.033452,-2.5069,0.335695,-2.406434,-0.196187,-2.408562,0.504587,-1.676763,-0.495397,-1.682438,0.664511,-0.797231,-0.776677,-0.800571,0.790681,-0.031183,-0.744974,-0.03897,0.328751,-0.003729,-0.32875,0.003729,0.328902,1.204309,-0.467042,1.240912,0.217817,2.289019,-0.5367,2.351725,179.047556,159.925812,174.145591,177.210414
A003,walk_turn_walk,walk_turn_walk.mp4,5,0.2,1,1,0.9691,0,471.9166,248.6295,57.2225,0.152187,-2.400039,0.240952,-2.496346,0.037395,-2.496314,0.338689,-2.395466,-0.191782,-2.399364,0.50834,-1.668068,-0.49161,-1.678103,0.6707,-0.788563,-0.772095,-0.801343,0.792778,-0.028493,-0.741835,-0.044534,0.328441,-0.002531,-0.328441,0.002531,0.326024,1.199415,-0.465258,1.232476,0.210329,2.276166,-0.535368,2.335434,178.665138,159.970365,173.982427,177.289639
A003,walk_turn_walk,walk_turn_walk.mp4,6,0.24,1,1,0.9675,0,472.1961,246.8169,58.7195,0.147996,-2.287514,0.230683,-2.383926,0.034255,-2.391432,0.324683,-2.298049,-0.194564,-2.311358,0.509248,-1.617262,-0.490745,-1.620975,0.668757,-0.76289,-0.762659,-0.736724,0.805422,-0.050513,-0.730938,-0.006135,0.330257,-0.004795,-0.330257,0.004795,0.34374,1.185281,-0.463001,1.224963,0.199697,2.295851,-0.534287,2.3561,179.715381,160.420826,171.960802,177.397289
A003,walk_turn_walk,walk_turn_walk.mp4,7,0.28,1,1,0.9679,0,472.4172,246.6354,58.6083,0.145732,-2.289599,0.229754,-2.385429,0.032101,-2.393663,0.32619,-2.297354,-0.194183,-2.311796,0.510901,-1.614737,-0.489086,-1.61968,0.669928,-0.761844,-0.766217,-0.737201,0.801825,-0.05531,-0.73517,-0.006336,0.330134,-0.004103,-0.330135,0.004103,0.338586,1.18912,-0.468498,1.225326,0.198908,2.302973,-0.538032,2.358902,180.0,160.133387,172.446538,177.046069
A003,walk_turn_walk,walk_turn_walk.mp4,8,0.32,1,1,0.9675,0,473.1432,246.576,58.3114,0.143463,-2.29872,0.224563,-2.395789,0.027107,-2.40038,0.317726,-2.309083,-0.202546,-2.314926,0.506673,-1.629805,-0.493319,-1.625731,0.675224,-0.780371,-0.778311,-0.747788,0.800597,-0.05576,-0.753375,-0.012425,0.329914,-0.005639,-0.329913,0.005639,0.339147,1.192192,-0.469351,1.232818,0.195039,2.312749,-0.556157,2.374916,178.593052,160.07372,172.23009,177.864116
A003,walk_turn_walk,walk_turn_walk.mp4,9,0.36,1,1,0.9701,0,473.5021,247.1593,58.7817,0.134861,-2.289737,0.220884,-2.385893,0.021758,-2.391677,0.328522,-2.297824,-0.189965,-2.305578,0.525138,-1.614433,-0.474834,-1.621916,0.678244,-0.766141,-0.774117,-0.76243,0.803435,-0.047913,-0.750971,-0.032139,0.330058,-0.002296,-0.330057,0.002296,0.340127,1.176944,-0.472759,1.209561,0.194292,2.279022,-0.561063,2.338855,179.656219,158.985934,171.972703,177.72979
A003,walk_turn_walk,walk_turn_walk.mp4,10,0.4,1,1,0.9696,0,474.4878,246.9885,58.5955,0.135352,-2.288363,0.223718,-2.384147,0.021425,-2.392255,0.331278,-2.293576,-0.19318,-2.306531,0.52319,-1.61227,-0.476769,-1.62137,0.673865,-0.765103,-0.776608,-0.758134,0.792409,-0.055572,-0.762648,-0.026921,0.330214,-0.001381,-0.330213,0.001381,0.33427,1.184804,-0.479028,1.212618,0.182581,2.298217,-0.573432,2.349167,179.400295,159.751986,172.045987,177.743887
A003,walk_turn_walk,walk_turn_walk.mp4,11,0.44,1,1,0.9707,0,475.3607,246.9222,58.4955,0.127139,-2.290653,0.217207,-2.388351,0.01127,-2.394445,0.331141,-2.298516,-0.197964,-2.305758,0.527396,-1.616499,-0.472604,-1.617339,0.678924,-0.77921,-0.780276,-0.761937,0.786388,-0.070017,-0.767351,-0.036182,0.330566,-0.002326,-0.330566,0.002326,0.340185,1.182631,-0.480508,1.212214,0.182225,2.2988,-0.592636,2.351967,178.358367,159.19691,171.479974,178.554226
A003,walk_turn_walk,walk_turn_walk.mp4,12,0.48,1,1,0.9712,0,476.394,246.8524,59.3173,0.124815,-2.254344,0.215773,-2.348522,0.0115,-2.357281,0.33017,-2.255481,-0.1936,-2.268573,0.529711,-1.581624,-0.470269,-1.588006,0.680884,-0.756187,-0.779244,-0.749026,0.776056,-0.057193,-0.767188,-0.037093,0.329985,-6e-06,-0.329985,6e-06,0.327482,1.163814,-0.489376,1.184963,0.158293,2.262107,-0.603102,2.301372,177.375048,158.812462,171.365756,178.155383
A003,walk_turn_walk,walk_turn_walk.mp4,13,0.52,1,1,0.9714,0,476.9517,247.0073,59.6273,0.129352,-2.241762,0.218575,-2.335854,0.017161,-2.343379,0.332681,-2.245234,-0.185488,-2.255847,0.536463,-1.574496,-0.463507,-1.582327,0.685835,-0.750954,-0.776942,-0.747711,0.772788,-0.064298,-0.765265,-0.032351,0.330019,0.000561,-0.330018,-0.000561,0.330701,1.158341,-0.486015,1.177705,0.153246,2.248219,-0.609277,2.290286,176.936692,158.481423,170.718414,178.780351
A003,walk_turn_walk,walk_turn_walk.mp4,14,0.56,1,1,0.9744,0,477.7039,247.2068,59.8753,0.114598,-2.226221,0.211872,-2.322364,0.005242,-2.330917,0.34423,-2.235762,-0.179609,-2.248494,0.551304,-1.565355,-0.448648,-1.575213,0.686931,-0.746715,-0.766124,-0.751928,0.768048,-0.063937,-0.765552,-0.039741,0.330419,0.002196,-0.330419,-0.002196,0.332874,1.153585,-0.490469,1.167958,0.155283,2.232626,-0.611608,2.2686,177.368197,158.866321,170.531782,178.49234
A003,walk_turn_walk,walk_turn_walk.mp4,15,0.6,1,1,0.9759,0,478.4209,247.0542,59.9689,0.099059,-2.220498,0.201025,-2.318575,-0.007572,-2.326528,0.347246,-2.234401,-0.175769,-2.245339,0.56414,-1.559776,-0.435746,-1.574886,0.693323,-0.730742,-0.751345,-0.760389,0.770778,-0.043075,-0.766453,-0.0516,0.330997,0.004749,-0.330997,-0.004749,0.329072,1.150644,-0.507041,1.15921,0.1667,2.23418,-0.614431,2.268242,177.569648,160.040808,171.573726,176.930372
A003,walk_turn_walk,walk_turn_walk.mp4,16,0.64,1,1,0.9772,0,479.0945,246.7777,60.2173,0.094463,-2.203447,0.196866,-2.30246,-0.011637,-2.307543,0.349042,-2.220945,-0.171321,-2.224588,0.573549,-1.548124,-0.426385,-1.559687,0.695922,-0.709161,-0.74748,-0.745198,0.757311,-0.021102,-0.764089,-0.044922,0.330397,0.005142,-0.330397,-0.005142,0.320503,1.141199,-0.513459,1.149501,0.15309,2.214541,-0.625572,2.252352,176.799611,159.842817,171.633834,176.795637
A003,walk_turn_walk,walk_turn_walk.mp4,17,0.68,1,1,0.9779,0,479.9793,246.9053,59.9471,0.072512,-2.219021,0.178071,-2.322342,-0.036585,-2.320952,0.345559,-2.241668,-0.180249,-2.228081,0.58524,-1.561097,-0.41476,-1.560857,0.701869,-0.711867,-0.748188,-0.749278,0.746354,-0.016784,-0.776223,-0.047515,0.329829,0.004345,-0.329829,-0.004345,0.313254,1.143143,-0.524394,1.154834,0.153871,2.229162,-0.639441,2.281932,175.842159,159.953013,172.484746,176.300218
A003,walk_turn_walk,walk_turn_walk.mp4,18,0.72,1,1,0.9776,0,480.2531,246.4168,59.7909,0.06823,-2.208307,0.175075,-2.316191,-0.039814,-2.312125,0.349832,-2.245026,-0.17551,-2.225719,0.596291,-1.563644,-0.403685,-1.556827,0.72508,-0.714972,-0.737015,-0.754654,0.749822,-0.007589,-0.778685,-0.074271,0.33035,0.00446,-0.33035,-0.00446,0.312234,1.148378,-0.535717,1.16108,0.169413,2.245786,-0.644141,2.296778,173.374275,160.940201,173.492353,175.460501
A003,walk_turn_walk,walk_turn_walk.mp4,19,0.76,1,1,0.9767,0,480.8262,246.0164,59.149,0.056935,-2.220841,0.166939,-2.334998,-0.051681,-2.326299,0.357937,-2.272951,-0.172491,-2.241637,0.620363,-1.584899,-0.379544,-1.571266,0.761737,-0.720623,-0.71728,-0.769379,0.747958,-0.011224,-0.793325,-0.096652,0.329702,0.006055,-0.329702,-0.006055,0.292117,1.176323,-0.547731,1.185279,0.163848,2.300033,-0.651163,2.352183,169.597446,163.609646,175.327601,174.694223
A003,walk_turn_walk,walk_turn_walk.mp4,20,0.8,1,1,0.9768,0,481.1038,246.1392,59.4792,0.042009,-2.215356,0.155484,-2.327249,-0.063103,-2.320912,0.354632,-2.261377,-0.173841,-2.234336,0.62389,-1.578442,-0.37596,-1.561112,0.782637,-0.7375,-0.714396,-0.776987,0.73775,-0.033833,-0.799749,-0.107451,0.330256,0.006946,-0.330256,-0.006946,0.291267,1.158976,-0.554505,1.159559,0.177445,2.279739,-0.649677,2.31066,165.6599,163.919415,176.139533,173.844605
A003,walk_turn_walk,walk_turn_walk.mp4,21,0.84,1,1,0.9746,0,481.0392,245.5331,59.6487,0.011389,-2.192698,0.133547,-2.302908,-0.086679,-2.301525,0.352609,-2.235798,-0.176197,-2.219704,0.629559,-1.55267,-0.370397,-1.543227,0.790296,-0.715296,-0.686688,-0.770927,0.722588,-0.028498,-0.784758,-0.11629,0.328768,0.009929,-0.328768,-0.009929,0.284066,1.146376,-0.531936,1.13493,0.181973,2.249768,-0.573168,2.256823,163.503718,166.248783,176.966167,172.041768
A003,walk_turn_walk,walk_turn_walk.mp4,22,0.88,1,1,0.972,0,481.5034,244.595,60.8814,-0.035569,-2.130316,0.088203,-2.238504,-0.125947,-2.239671,0.32408,-2.179441,-0.191437,-2.169502,0.616582,-1.520834,-0.383276,-1.504028,0.782792,-0.703074,-0.686433,-0.725778,0.680796,0.007781,-0.776282,-0.08054,0.328744,0.011426,-0.328744,-0.011426,0.282657,1.131892,-0.526642,1.113449,0.170884,2.222784,-0.560648,2.205237,160.345877,166.644665,176.5052,171.806141
A003,walk_turn_walk,walk_turn_walk.mp4,23,0.92,1,1,0.9682,0,481.4539,244.535,60.5785,-0.068245,-2.128158,0.052672,-2.23976,-0.154639,-2.237676,0.306345,-2.197282,-0.198623,-2.179887,0.622973,-1.534229,-0.376904,-1.518534,0.782468,-0.702299,-0.683428,-0.741687,0.662317,0.012309,-0.77813,-0.088582,0.327661,0.01206,-0.327661,-0.01206,0.283733,1.133808,-0.505229,1.117167,0.173086,2.219262,-0.523061,2.212238,159.602975,166.717571,176.422205,171.996534
A003,walk_turn_walk,walk_turn_walk.mp4,24,0.96,1,1,0.964,0,481.1573,245.2428,60.3065,-0.101932,-2.14943,0.022794,-2.260322,-0.182725,-2.259892,0.29048,-2.213319,-0.212529,-2.201438,0.614492,-1.545904,-0.385425,-1.533054,0.77043,-0.704537,-0.674004,-0.749858,0.638881,0.017151,-0.781294,-0.094823,0.328129,0.012893,-0.328128,-0.012893,0.29062,1.139131,-0.49812,1.119392,0.190812,2.228184,-0.495545,2.209184,159.169561,169.075115,176.671098,171.326445
A003,walk_turn_walk,walk_turn_walk.mp4,25,1.0,1,1,0.9588,1,480.7399,245.0757,59.781,-0.138474,-2.165996,-0.014487,-2.274681,-0.210095,-2.274333,0.265864,-2.228413,-0.218885,-2.218036,0.606907,-1.559288,-0.392995,-1.545295,0.771651,-0.707423,-0.66216,-0.755741,0.602719,0.014312,-0.77598,-0.098257,0.32508,0.013383,-0.32508,-0.013383,0.273006,1.153522,-0.46645,1.129332,0.180608,2.238164,-0.407667,2.203634,155.880853,170.99669,177.74597,169.815608
A003,walk_turn_walk,walk_turn_walk.mp4,26,1.04,1,1,0.9569,1,480.1447,245.0933,58.5659,-0.176011,-2.205267,-0.055935,-2.316791,-0.246288,-2.310322,0.233576,-2.278475,-0.241161,-2.254014,0.597956,-1.60201,-0.401582,-1.571623,0.768982,-0.729932,-0.654642,-0.76356,0.573064,0.010893,-0.780938,-0.092929,0.324539,0.010339,-0.324539,-0.010339,0.285387,1.158697,-0.443202,1.143692,0.208409,2.223285,-0.361364,2.201564,154.091064,173.276404,177.816898,169.705582
A003,walk_turn_walk,walk_turn_walk.mp4,27,1.08,1,1,0.9485,1,478.906,245.6887,57.8954,-0.21191,-2.235766,-0.089185,-2.342932,-0.264797,-2.34238,0.226647,-2.303379,-0.223021,-2.295718,0.601173,-1.624167,-0.398695,-1.607897,0.762925,-0.723209,-0.642133,-0.778752,0.540451,0.035921,-0.779747,-0.097382,0.324928,0.013922,-0.324928,-0.013921,0.303442,1.158516,-0.42624,1.13063,0.232142,2.209844,-0.313529,2.151093,153.487947,175.055849,177.195647,168.638677
A003,walk_turn_walk,walk_turn_walk.mp4,28,1.12,1,1,0.9437,1,476.5464,246.6893,57.3518,-0.222815,-2.276511,-0.100467,-2.384715,-0.268208,-2.381853,0.227625,-2.340236,-0.205577,-2.329791,0.619232,-1.644693,-0.380735,-1.636564,0.796671,-0.725091,-0.608227,-0.809152,0.528355,-0.006412,-0.747185,-0.149685,0.32399,0.01709,-0.323991,-0.01709,0.305987,1.173106,-0.402086,1.134881,0.261368,2.25317,-0.247278,2.186489,148.605965,176.525484,178.526474,167.747323
A003,walk_turn_walk,walk_turn_walk.mp4,29,1.16,1,1,0.9411,1,474.7516,246.2888,56.5084,-0.248218,-2.28896,-0.127174,-2.402769,-0.293502,-2.398782,0.218847,-2.378152,-0.219221,-2.362886,0.624964,-1.677974,-0.374743,-1.653806,0.802799,-0.744872,-0.58078,-0.79488,0.528105,-0.034211,-0.742503,-0.141476,0.325193,0.013811,-0.325194,-0.01381,0.330696,1.177191,-0.381303,1.151389,0.300879,2.274414,-0.214486,2.217806,148.076604,179.587406,178.172437,168.352464
A003,walk_turn_walk,walk_turn_walk.mp4,30,1.2,1,1,0.9385,1,473.9258,246.1205,55.2784,-0.289109,-2.327443,-0.165237,-2.439915,-0.325751,-2.439186,0.197601,-2.411791,-0.231274,-2.406279,0.612325,-1.702341,-0.387562,-1.687303,0.804147,-0.751726,-0.5796,-0.818479,0.528592,-0.016072,-0.748154,-0.146891,0.325981,0.016054,-0.325981,-0.016054,0.349251,1.205677,-0.375804,1.169262,0.327643,2.314111,-0.197614,2.230792,148.057105,178.374901,177.762528,168.064088
A003,walk_turn_walk,walk_turn_walk.mp4,31,1.24,1,1,0.9341,1,473.3203,245.81,52.987,-0.339021,-2.412436,-0.21719,-2.526076,-0.369657,-2.526008,0.154093,-2.495177,-0.256467,-2.490346,0.590153,-1.76428,-0.409763,-1.751271,0.817306,-0.773451,-0.586108,-0.846483,0.525077,-0.00538,-0.771414,-0.135607,0.326185,0.016755,-0.326185,-0.016756,0.362763,1.268379,-0.376865,1.22256,0.372618,2.432366,-0.172629,2.326825,146.257345,176.41854,178.811226,167.179679
A003,walk_turn_walk,walk_turn_walk.mp4,32,1.28,1,1,0.9298,1,472.0212,246.65,52.365,-0.373247,-2.448161,-0.256114,-2.565503,-0.399656,-2.56035,0.130481,-2.544118,-0.26609,-2.528509,0.591767,-1.799227,-0.407979,-1.776708,0.811277,-0.789175,-0.576337,-0.854481,0.508222,-0.020607,-0.754541,-0.139837,0.328862,0.014458,-0.328863,-0.014458,0.390231,1.290274,-0.370489,1.256696,0.431308,2.445223,-0.153741,2.361048,146.21895,176.344034,179.282903,167.020282
A003,walk_turn_walk,walk_turn_walk.mp4,33,1.32,1,1,0.9231,1,470.7767,247.499,51.306,-0.402514,-2.492364,-0.287778,-2.612017,-0.423165,-2.606483,0.114938,-2.596918,-0.269331,-2.581402,0.587815,-1.834141,-0.412024,-1.816174,0.772431,-0.797953,-0.5766,-0.866552,0.487565,-0.034509,-0.744627,-0.117117,0.332323,0.013376,-0.332322,-0.013376,0.426706,1.340945,-0.363753,1.315535,0.495667,2.497582,-0.128541,2.432606,149.435496,177.195089,179.345383,166.754529
A003,walk_turn_walk,walk_turn_walk.mp4,34,1.36,1,1,0.9168,1,469.1913,247.5311,47.8829,-0.428175,-2.667059,-0.307088,-2.794079,-0.447475,-2.787417,0.120287,-2.778709,-0.278395,-2.760414,0.595409,-1.984002,-0.404223,-1.956871,0.817622,-0.902474,-0.548313,-0.955261,0.5003,-0.078743,-0.749546,-0.167849,0.33247,0.012472,-0.33247,-0.012472,0.430957,1.444376,-0.346281,1.418394,0.579929,2.735102,-0.052143,2.653505,147.32158,173.850564,177.350776,166.051647
A003,walk_turn_walk,walk_turn_walk.mp4,35,1.4,1,1,0.9107,1,467.5583,248.2379,45.1028,-0.455566,-2.848552,-0.334349,-2.983956,-0.46874,-2.97559,0.119537,-2.971436,-0.26802,-2.948861,0.616171,-2.126767,-0.383587,-2.104766,0.851866,-0.988178,-0.522262,-1.047884,0.511173,-0.154479,-0.742227,-0.206121,0.334047,0.014293,-0.334047,-0.014293,0.447948,1.578317,-0.342533,1.54744,0.661402,3.039901,-0.011842,2.957322,146.077135,172.830319,175.856314,166.488431
A003,walk_turn_walk,walk_turn_walk.mp4,36,1.44,1,1,0.899,1,466.6326,247.9018,42.5237,-0.483523,-3.021805,-0.366843,-3.167003,-0.494258,-3.15294,0.1057,-3.16494,-0.266024,-3.12742,0.629665,-2.273652,-0.369618,-2.235785,0.860324,-1.056854,-0.509053,-1.089661,0.530655,-0.144443,-0.747547,-0.177173,0.332532,0.010723,-0.332531,-0.010723,0.431332,1.660408,-0.340551,1.650714,0.664262,3.214852,0.012867,3.160741,149.400645,172.288865,174.905262,166.550605
A003,walk_turn_walk,walk_turn_walk.mp4,37,1.48,1,1,0.8936,1,463.8692,247.7151,39.3519,-0.477325,-3.296522,-0.34361,-3.437555,-0.497451,-3.425318,0.137675,-3.418331,-0.267846,-3.385064,0.650765,-2.512097,-0.348536,-2.47471,1.040378,-1.173305,-0.419394,-1.199003,0.608823,-0.121686,-0.66516,-0.176116,0.332384,0.014002,-0.332384,-0.014002,0.468133,1.839389,-0.287608,1.787658,0.739277,3.488556,0.057825,3.342432,141.462151,169.668956,174.916465,168.897393
A003,walk_turn_walk,walk_turn_walk.mp4,38,1.52,1,1,0.8874,1,462.9042,246.0827,37.1592,-0.516553,-3.441621,-0.382524,-3.594876,-0.542068,-3.577753,0.124037,-3.59676,-0.293914,-3.547992,0.670363,-2.661032,-0.327893,-2.602003,1.087279,-1.247268,-0.362188,-1.222415,0.619739,-0.132799,-0.650125,-0.113149,0.332862,0.01349,-0.332862,-0.01349,0.434433,1.978242,-0.308017,1.929924,0.769498,3.749496,0.078542,3.614015,140.810424,166.872602,172.247362,167.804937
A003,walk_turn_walk,walk_turn_walk.mp4,39,1.56,1,1,0.8743,1,463.8944,245.3287,37.6143,-0.553084,-3.356254,-0.424537,-3.518405,-0.559086,-3.498733,0.122494,-3.525061,-0.279478,-3.474298,0.67283,-2.562088,-0.324875,-2.494377,0.961819,-1.203343,-0.44618,-1.169077,0.474411,-0.147996,-0.728552,-0.090267,0.32821,0.009516,-0.32821,-0.009515,0.394573,1.856038,-0.290659,1.841345,0.678586,3.656074,0.088979,3.562211,143.203106,170.561973,173.091921,168.721581
A003,walk_turn_walk,walk_turn_walk.mp4,40,1.6,1,1,0.8652,2,464.134,243.9212,35.7018,-0.607965,-3.492214,-0.478448,-3.661318,-0.612655,-3.640359,0.094753,-3.673523,-0.302771,-3.619122,0.675745,-2.682522,-0.321686,-2.610888,0.97356,-1.247517,-0.452541,-1.207646,0.455797,-0.10213,-0.736177,-0.061658,0.32506,0.010216,-0.325059,-0.010216,0.375317,1.934593,-0.27652,1.920465,0.58061,3.83531,0.02993,3.731952,143.950563,171.425997,175.331585,171.838337
A003,walk_turn_walk,walk_turn_walk.mp4,41,1.64,1,1,0.8625,2,464.3472,244.269,33.1689,-0.675313,-3.772157,-0.534286,-3.951384,-0.676532,-3.932715,0.086701,-3.961615,-0.332419,-3.913331,0.666343,-2.908817,-0.331405,-2.841752,0.925727,-1.343283,-0.467374,-1.305155,0.406689,-0.10849,-0.775703,-0.089148,0.326768,0.010981,-0.326768,-0.010981,0.38245,2.135677,-0.290357,2.121696,0.617197,4.258231,0.00362,4.139233,147.793319,170.828703,175.190217,172.687853
A003,walk_turn_walk,walk_turn_walk.mp4,42,1.68,1,1,0.8545,2,464.4135,243.43,30.0437,-0.769843,-4.143631,-0.614576,-4.340897,-0.767797,-4.324627,0.078348,-4.361376,-0.371802,-4.317797,0.671703,-3.209248,-0.326508,-3.149448,0.907045,-1.408774,-0.431023,-1.381886,0.356898,-0.04845,-0.827936,-0.049154,0.325073,0.014667,-0.325072,-0.014668,0.340043,2.400356,-0.299762,2.380649,0.654052,4.796216,0.074693,4.65559,150.533442,166.799409,172.892675,171.258298
A003,walk_turn_walk,walk_turn_walk.mp4,43,1.72,1,1,0.8461,2,464.5876,243.776,28.1245,-0.843806,-4.435637,-0.678988,-4.643963,-0.835131,-4.625546,0.061369,-4.657149,-0.394002,-4.612032,0.668837,-3.443321,-0.3294,-3.383965,0.900168,-1.514957,-0.457337,-1.491471,0.303395,-0.006242,-0.867524,-0.036065,0.323108,0.0155,-0.323106,-0.0155,0.330127,2.553071,-0.282422,2.531564,0.666757,5.144008,0.093302,4.984886,151.578057,168.127696,172.755758,172.207993
A003,walk_turn_walk,walk_turn_walk.mp4,44,1.76,1,1,0.8284,3,463.7326,243.6412,27.4316,-0.847791,-4.541841,-0.678237,-4.755445,-0.838026,-4.736891,0.08979,-4.775171,-0.38121,-4.730618,0.696537,-3.534156,-0.302676,-3.494476,0.88126,-1.53147,-0.437483,-1.548849,0.21496,0.03751,-0.824039,-0.002208,0.32534,0.019509,-0.32534,-0.019509,0.336913,2.617344,-0.278859,2.589249,0.709532,5.288309,0.102159,5.132015,151.720546,169.931001,172.313337,172.498755
A003,walk_turn_walk,walk_turn_walk.mp4,45,1.8,1,1,0.8233,3,464.5712,244.364,26.0242,-0.944334,-4.811561,-0.764993,-5.037978,-0.931022,-5.01881,0.054218,-5.05997,-0.440509,-5.017622,0.673631,-3.754395,-0.325411,-3.710639,0.809591,-1.649305,-0.451408,-1.655016,0.132096,0.022292,-0.852307,-0.044084,0.331232,0.018647,-0.331232,-0.018647,0.343148,2.738906,-0.330002,2.722325,0.734277,5.550611,0.008117,5.39264,154.242015,169.532658,172.331486,172.80928
A003,walk_turn_walk,walk_turn_walk.mp4,46,1.84,1,1,0.8133,4,464.6108,244.3196,25.3439,-0.974743,-4.941164,-0.789768,-5.171722,-0.963613,-5.152921,0.038369,-5.188546,-0.476369,-5.147206,0.667518,-3.853768,-0.332046,-3.824232,0.81374,-1.723606,-0.370682,-1.767662,0.035659,-0.039346,-0.764342,-0.121396,0.337903,0.024021,-0.337904,-0.024021,0.335067,2.840021,-0.395573,2.802986,0.781339,5.712353,-0.040365,5.528156,151.277574,167.628057,171.110866,171.405131
A003,walk_turn_walk,walk_turn_walk.mp4,47,1.88,1,1,0.7968,4,465.4505,243.9575,23.4666,-1.109044,-5.337967,-0.909128,-5.580201,-1.079713,-5.565396,-0.014955,-5.567424,-0.525466,-5.542491,0.63495,-4.117872,-0.364963,-4.131083,0.759422,-1.784333,-0.37445,-1.912234,-0.151158,0.014624,-0.74489,-0.13546,0.341861,0.034792,-0.341861,-0.034792,0.30849,3.115677,-0.458869,3.040935,0.829176,6.249037,-0.067337,5.996282,150.099507,168.468055,169.944468,170.274656
A003,walk_turn_walk,walk_turn_walk.mp4,48,1.92,1,1,0.7915,4,465.0769,244.7204,21.8206,-1.195563,-5.774661,-0.988469,-6.039703,-1.166547,-6.013233,-0.036921,-6.033177,-0.562237,-5.981801,0.658158,-4.490471,-0.341558,-4.466642,0.796594,-2.007308,-0.335402,-2.085743,-0.223936,-0.075028,-0.772723,-0.231814,0.349249,0.031796,-0.349249,-0.031796,0.300315,3.346517,-0.540491,3.289932,0.944264,6.68801,-0.150139,6.443796,148.968393,166.579031,168.246288,169.649398
A003,walk_turn_walk,walk_turn_walk.mp4,49,1.96,1,1,0.7843,4,463.8499,244.1299,21.6157,-1.174246,-5.78985,-0.971373,-6.058899,-1.142128,-6.028821,-0.013093,-6.057862,-0.513417,-5.997239,0.687237,-4.499279,-0.312678,-4.48627,0.755207,-1.959128,-0.411174,-2.088561,-0.299606,-0.030394,-0.813758,-0.295472,0.344804,0.031972,-0.344804,-0.031973,0.291019,3.360211,-0.489986,3.320325,0.960692,6.780426,-0.064399,6.575837,149.793279,169.698132,167.995901,170.072231
A003,walk_turn_walk,walk_turn_walk.mp4,50,2.0,1,1,0.7839,4,464.1592,243.8329,21.2718,-1.261073,-5.863392,-1.065193,-6.133603,-1.210326,-6.100119,-0.10557,-6.105323,-0.523048,-6.036852,0.633288,-4.535249,-0.364832,-4.473967,0.659445,-1.975769,-0.557491,-1.998973,-0.499111,-0.072916,-0.957817,-0.256757,0.345681,0.020949,-0.345683,-0.020949,0.308194,3.438118,-0.527167,3.426432,0.93606,6.973383,-0.15355,6.761065,148.079265,171.510293,169.300715,170.593682
A003,walk_turn_walk,walk_turn_walk.mp4,51,2.04,1,1,0.783,4,462.3892,243.8223,19.5036,-1.315762,-6.374414,-1.09179,-6.671675,-1.265636,-6.630724,-0.035225,-6.63221,-0.527781,-6.55281,0.704014,-4.90319,-0.294895,-4.856491,0.714223,-2.109051,-0.487631,-2.191608,-0.592676,-0.121147,-1.054777,-0.363274,0.349578,0.031233,-0.349576,-0.031233,0.276882,3.733713,-0.566774,3.699045,1.083673,7.572386,-0.116966,7.337377,146.46867,166.902845,167.005861,169.619902
A003,walk_turn_walk,walk_turn_walk.mp4,52,2.08,1,1,0.7849,4,459.6234,243.9635,19.9829,-1.192691,-6.251336,-0.991851,-6.515297,-1.124506,-6.497412,0.02031,-6.5116,-0.356778,-6.473464,0.75615,-4.851004,-0.242919,-4.89415,0.704287,-2.071291,-0.463832,-2.344831,-0.745437,-0.10763,-1.189654,-0.365631,0.346113,0.050248,-0.346115,-0.050249,0.335263,3.728882,-0.532584,3.602453,1.076308,7.256993,-0.019377,6.908201,144.631322,164.813394,167.969002,168.253046
A003,walk_turn_walk,walk_turn_walk.mp4,53,2.12,1,1,0.7887,4,459.3091,243.8938,16.0391,-1.563083,-7.725441,-1.326028,-8.060259,-1.474798,-8.033169,-0.079531,-8.071034,-0.487069,-8.010904,0.802174,-6.026034,-0.197751,-6.038264,0.824615,-2.576577,-0.303832,-2.802484,-1.017413,-0.173107,-1.394038,-0.386393,0.352516,0.062179,-0.352514,-0.062179,0.195812,4.680083,-0.699566,4.515882,1.271453,9.101797,0.02979,8.634966,142.160594,157.591501,164.384065,165.623681
A003,walk_turn_walk,walk_turn_walk.mp4,54,2.16,1,1,0.7978,4,456.9635,244.7964,15.8302,-1.525891,-7.932376,-1.25697,-8.287245,-1.467996,-8.235401,0.0196,-8.275424,-0.537814,-8.16987,0.82337,-6.179316,-0.173786,-6.103948,0.889646,-2.759265,-0.314038,-2.856936,-0.964998,-0.328765,-1.400249,-0.614053,0.330626,0.042888,-0.330626,-0.042889,0.089699,4.683814,-0.39248,4.583328,1.240408,9.179617,0.494822,8.780775,141.543623,156.632753,162.671483,167.297922
A003,walk_turn_walk,walk_turn_walk.mp4,55,2.2,1,1,0.8183,3,458.0383,243.059,13.3148,-1.936447,-9.406121,-1.573959,-9.818988,-1.866369,-9.774103,-0.137154,-9.650743,-0.852408,-9.657624,0.646064,-6.939105,-0.347844,-7.049321,0.682353,-3.167137,-0.311587,-3.455418,-1.51279,-0.209375,-1.539167,-0.483881,0.331525,0.084488,-0.331525,-0.084489,-0.249242,5.47433,-0.781304,5.25173,1.272212,10.844449,0.42786,10.307277,142.867329,156.97583,158.031612,161.730998
A003,walk_turn_walk,walk_turn_walk.mp4,56,2.24,1,1,0.8263,3,456.0808,243.1293,10.7939,-2.358324,-11.521089,-1.942756,-12.035022,-2.285668,-11.954283,-0.216091,-11.894496,-1.028874,-11.829839,0.784552,-8.638437,-0.213976,-8.692669,0.847799,-4.049946,-0.081667,-4.351043,-2.163319,-0.194246,-2.005759,-0.645059,0.351301,0.106106,-0.351301,-0.106105,-0.469918,6.716799,-1.205993,6.451643,1.563297,13.179459,0.15097,12.533671,141.222158,150.816796,155.454583,159.997034
A003,walk_turn_walk,walk_turn_walk.mp4,57,2.28,1,1,0.7956,4,455.8057,243.1967,10.154,-2.721055,-12.037031,-2.305318,-12.607041,-2.611559,-12.519814,-0.377381,-12.559558,-1.144685,-12.439784,0.830284,-9.241669,-0.168163,-9.185962,0.93425,-4.236937,0.086513,-4.352427,-2.4623,-0.789961,-2.18725,-1.075724,0.292711,0.112982,-0.292713,-0.112982,-0.921952,6.895951,-0.897956,6.610496,0.554579,13.872446,0.638672,13.106471,134.232104,142.226439,157.897413,161.547428
A003,walk_turn_walk,walk_turn_walk.mp4,58,2.32,1,1,0.7941,4,453.0079,242.5194,10.4852,-2.500521,-11.65303,-2.084152,-12.202568,-2.410216,-12.116981,-0.242541,-12.129726,-1.057379,-12.001955,0.875753,-8.907122,-0.123139,-8.860067,1.087099,-4.025977,0.155987,-4.167397,-2.315728,-0.930949,-2.120883,-1.057857,0.284735,0.120131,-0.284735,-0.120132,-1.141989,6.796784,-1.00813,6.460218,0.571422,13.681271,0.782439,12.88744,129.808692,140.383629,153.962142,158.159121
A003,walk_turn_walk,walk_turn_walk.mp4,59,2.36,1,1,0.7947,4,450.7775,242.2008,12.5599,-2.106021,-9.720591,-1.735226,-10.18697,-2.064931,-10.107745,-0.183034,-10.125371,-1.023459,-9.993948,0.771262,-7.449946,-0.224416,-7.357068,0.908259,-3.309125,-0.014117,-3.342836,-2.156091,-0.783328,-1.895877,-0.6741,0.284825,0.093315,-0.284825,-0.093316,-1.067402,5.681905,-0.876522,5.403794,0.36983,11.438251,0.711008,10.795589,127.602202,141.812947,152.379155,157.450207
A003,walk_turn_walk,walk_turn_walk.mp4,60,2.4,1,1,0.793,4,448.0843,241.4495,13.4721,-1.917082,-9.013611,-1.557302,-9.461587,-1.914137,-9.367476,-0.104122,-9.400965,-1.012353,-9.23037,0.785808,-6.892585,-0.207483,-6.776944,0.863816,-3.009328,-0.013773,-3.083943,-2.072023,-0.726762,-1.625463,-0.808207,0.278096,0.077223,-0.278096,-0.077225,-0.990756,5.319293,-0.589515,5.113377,0.330087,10.654336,0.913378,10.16895,126.713652,141.691038,152.487567,160.010696
A003,walk_turn_walk,walk_turn_walk.mp4,61,2.44,1,1,0.8313,3,447.1683,240.119,10.5983,-2.523813,-11.293634,-2.098606,-11.846294,-2.552916,-11.721899,-0.287127,-11.847105,-1.286644,-11.575711,0.844048,-8.791699,-0.132197,-8.575028,1.015711,-3.820388,-0.159912,-3.880679,-2.672023,-0.452315,-2.361851,-1.272758,0.234393,0.102989,-0.234393,-0.102988,-1.728486,6.958933,-0.504589,6.607674,-0.010133,13.494822,1.471852,12.668859,130.428336,140.162953,149.293122,159.634109
A003,walk_turn_walk,walk_turn_walk.mp4,62,2.48,1,1,0.8482,2,448.1334,245.3216,7.297,-4.120226,-17.061888,-3.431189,-17.907759,-4.053102,-17.758406,-0.676845,-17.803705,-2.017141,-17.679323,0.746433,-12.979021,-0.230217,-13.193858,0.58876,-5.625521,-0.796364,-6.464811,-4.963999,-1.122801,-4.098859,-2.338329,0.126244,0.223584,-0.126244,-0.223586,-3.005208,9.453412,-0.408349,8.818167,-1.498349,19.090618,2.077444,17.957048,130.266864,146.138353,152.372467,162.996491
A003,walk_turn_walk,walk_turn_walk.mp4,63,2.52,1,1,0.8457,2,443.1891,244.177,8.638,-3.259496,-14.223335,-2.724375,-14.927143,-3.187452,-14.824481,-0.447229,-14.909708,-1.426268,-14.791471,0.907197,-10.900955,-0.089811,-10.978252,0.654171,-4.843782,-0.648031,-5.189926,-3.872141,-1.24135,-3.354942,-2.04318,0.112372,0.170277,-0.112369,-0.170277,-2.505587,8.146748,0.178219,7.712273,-1.865784,16.503548,2.419093,15.656033,130.907844,144.805543,157.451561,166.357922
A003,walk_turn_walk,walk_turn_walk.mp4,64,2.56,1,1,0.8466,2,439.8545,244.697,6.8184,-3.977296,-17.895985,-3.353145,-18.768711,-3.85159,-18.665236,-0.523863,-18.808584,-1.486121,-18.685823,1.217357,-13.84443,0.224047,-13.959907,0.980152,-6.229033,-0.61652,-6.633259,-4.776189,-1.790062,-4.205876,-2.861149,0.00965,0.224302,-0.009645,-0.224304,-3.32032,10.325643,0.793925,9.748639,-2.993783,20.906345,3.459166,19.760139,129.421496,142.966887,159.987202,169.699221
A003,walk_turn_walk,walk_turn_walk.mp4,65,2.6,1,1,0.8659,2,437.8467,246.8819,3.7856,-7.242883,-33.159458,-6.054385,-34.632355,-6.950114,-34.508751,-0.999577,-34.44598,-2.581275,-34.430519,1.523292,-25.533903,0.559758,-25.801487,0.691596,-11.457305,-0.615253,-12.527674,-9.637857,-2.902751,-8.220428,-5.912237,-0.298235,0.385352,0.298235,-0.385348,-6.234019,17.914942,2.322364,16.8486,-6.398764,36.95219,6.881648,34.43103,133.011881,136.077405,161.788924,172.161556
A003,walk_turn_walk,walk_turn_walk.mp4,66,2.64,1,1,0.8692,2,437.7862,249.2481,6.1551,-4.959965,-20.951712,-4.116177,-21.862768,-4.833495,-21.814865,-0.962722,-21.615612,-2.229645,-21.749626,0.728701,-15.923093,-0.176869,-16.34729,-0.220158,-6.912851,-0.514359,-8.173418,-6.24914,-2.169514,-5.470497,-4.207438,-0.099543,0.272148,0.099548,-0.272145,-4.027379,10.966869,1.271405,10.268551,-4.919666,22.392439,4.002058,20.972286,134.205705,131.031692,164.298809,172.032203
A003,walk_turn_walk,walk_turn_walk.mp4,67,2.68,1,1,0.8667,2,434.2381,248.4868,10.0111,-2.965258,-12.692037,-2.470531,-13.235684,-2.887954,-13.210916,-0.570563,-13.100638,-1.278223,-13.163824,0.73248,-9.648562,-0.230397,-9.918503,0.07902,-4.080634,-0.488436,-4.867654,-3.627666,-1.382985,-3.360198,-2.391221,0.051661,0.169595,-0.051661,-0.169597,-2.342038,6.79633,0.854263,6.383515,-3.263622,13.672209,2.627068,12.919526,132.740045,133.697107,167.773274,172.69529
A003,walk_turn_walk,walk_turn_walk.mp4,68,2.72,1,1,0.8558,2,429.3825,246.7542,7.4043,-3.693555,-16.773165,-3.114728,-17.539886,-3.67221,-17.460842,-0.72887,-17.474934,-1.696943,-17.32374,0.818643,-13.229614,-0.099698,-12.833823,0.417466,-6.492053,-0.687193,-5.690183,-4.397486,-2.347857,-4.446216,-2.776999,-0.118937,0.078354,0.118937,-0.078352,-3.50282,9.186233,2.107451,9.036593,-5.060975,18.757534,4.202971,17.874657,134.125913,132.476553,168.864649,178.968455
A003,walk_turn_walk,walk_turn_walk.mp4,69,2.76,1,1,0.8606,2,427.6683,248.1618,8.9887,-3.176817,-14.005581,-2.656873,-14.579492,-3.053073,-14.573933,-0.572609,-14.433608,-1.199226,-14.50992,0.840583,-10.757598,-0.149387,-10.898874,-0.044486,-4.748542,-0.53143,-5.079567,-4.233626,-1.806297,-3.947523,-2.466499,-0.007788,0.160946,0.007785,-0.160946,-2.830593,7.52798,1.303055,7.13195,-4.161729,15.403477,3.418819,14.500053,133.461117,131.169541,168.628418,174.049516
A003,walk_turn_walk,walk_turn_walk.mp4,70,2.8,1,1,0.8593,2,423.814,247.9336,9.5781,-2.875307,-13.093376,-2.368897,-13.611909,-2.738579,-13.608586,-0.363395,-13.445412,-0.977845,-13.530797,0.903973,-10.028232,-0.082818,-10.190228,0.061933,-4.589284,-0.535021,-4.981858,-3.707493,-1.696915,-3.533509,-2.433054,-0.003607,0.155483,0.003604,-0.155485,-2.695138,7.121335,1.397469,6.740151,-3.948835,14.415954,3.510893,13.556529,136.300361,135.327651,168.625907,174.20157
A003,walk_turn_walk,walk_turn_walk.mp4,71,2.84,1,1,0.8691,2,416.641,249.0958,12.6113,-2.183701,-10.01816,-1.788151,-10.423288,-2.118943,-10.407662,-0.279503,-10.309562,-0.903397,-10.324522,0.746663,-7.675153,-0.253066,-7.698437,0.234554,-3.543972,-0.55781,-3.713599,-2.885175,-1.163298,-2.814472,-1.656137,0.077476,0.105246,-0.077476,-0.105246,-2.023927,5.380039,1.044436,5.084819,-2.62627,10.904104,3.069367,10.226859,134.413796,136.729543,164.5013,170.703202
A003,walk_turn_walk,walk_turn_walk.mp4,72,2.88,1,1,0.8505,2,415.5454,250.2872,6.1923,-4.924185,-20.417057,-4.171632,-21.275953,-4.550863,-21.292921,-1.088607,-21.108133,-1.462747,-21.398586,0.751099,-15.658921,-0.009236,-16.308453,-0.26383,-6.736538,-0.891377,-8.214553,-6.561471,-1.880179,-5.754057,-3.612682,-0.244009,0.304661,0.244009,-0.304661,-4.441007,10.617106,2.151483,9.788781,-5.166355,21.944456,6.598266,20.381498,134.126788,139.641557,161.518415,167.929155
A003,walk_turn_walk,walk_turn_walk.mp4,73,2.92,1,1,0.8538,2,410.6019,248.208,7.0089,-4.094192,-18.005983,-3.397527,-18.727631,-3.765272,-18.79789,-0.743603,-18.467442,-1.160946,-18.833498,0.729626,-13.585999,-0.008107,-14.261091,0.195487,-5.706051,-0.58927,-7.106546,-5.599497,-1.229051,-5.177617,-2.734767,-0.192553,0.297605,0.192553,-0.297603,-3.590537,9.627096,2.026738,8.693954,-3.970774,19.761274,6.141003,17.998951,131.566244,138.259357,162.136126,167.676638
A003,walk_turn_walk,walk_turn_walk.mp4,74,2.96,1,1,0.8606,2,406.3991,246.7784,7.081,-3.881219,-17.716831,-3.158425,-18.403006,-3.522733,-18.50839,-0.461545,-18.10232,-0.958093,-18.551163,0.781453,-13.196911,0.076459,-13.906124,0.277742,-5.521016,-0.193405,-6.875403,-5.219622,-0.83436,-4.742993,-2.219541,-0.164288,0.303368,0.164288,-0.30337,-3.20697,9.566436,1.865214,8.580243,-3.271944,19.543724,6.02208,17.604052,134.203023,137.859565,162.189094,166.105658
A003,walk_turn_walk,walk_turn_walk.mp4,75,3.0,1,1,0.8499,2,399.6919,243.8193,8.9087,-2.697587,-13.748627,-2.127357,-14.342402,-2.523463,-14.341658,0.100932,-14.197424,-0.709806,-14.302271,1.152586,-10.316331,0.224761,-10.689345,0.975541,-4.259643,0.007283,-5.160663,-3.500693,-0.586262,-3.135509,-1.679556,0.057595,0.225199,-0.057598,-0.225198,-2.010903,7.902039,1.032772,7.214653,-1.261672,15.47672,4.075794,14.208667,131.048069,140.176474,159.271078,164.824452
A003,walk_turn_walk,walk_turn_walk.mp4,76,3.04,1,1,0.8559,2,395.9276,243.9792,11.8953,-1.959374,-10.537205,-1.510073,-10.928604,-1.759653,-11.00194,0.088934,-10.722165,-0.390555,-10.994742,0.82957,-7.75444,-0.089742,-8.147968,0.845977,-3.283915,0.055436,-4.106495,-2.491946,-0.207802,-2.150464,-1.074048,0.115579,0.180201,-0.115582,-0.180201,-1.510497,5.95466,0.529822,5.32634,-0.921208,11.637476,3.305998,10.344179,132.452304,141.90935,158.352691,157.730906
A003,walk_turn_walk,walk_turn_walk.mp4,77,3.08,1,1,0.8181,3,390.4988,245.3779,7.0949,-2.857328,-17.578308,-2.312836,-18.344101,-2.630965,-18.262442,0.185784,-18.224995,-0.388955,-18.116278,1.47174,-13.32842,0.474702,-13.405334,1.644341,-5.996171,0.383827,-6.475231,-3.365951,-0.877281,-3.250188,-1.890972,0.175216,0.172222,-0.17522,-0.172222,-1.288808,9.612711,0.229929,9.125875,1.537013,18.638891,4.054043,17.430202,134.265787,142.34685,153.801095,157.769093
A003,walk_turn_walk,walk_turn_walk.mp4,78,3.12,1,1,0.8098,3,387.5275,244.311,7.3212,-2.882051,-17.024122,-2.347775,-17.754007,-2.641916,-17.644304,0.127481,-17.557499,-0.463731,-17.408705,1.377733,-12.766626,0.377813,-12.779231,1.707313,-5.708333,0.466982,-6.111375,-2.848433,-0.616041,-2.889441,-1.576844,0.21896,0.163494,-0.218956,-0.163496,-1.347237,9.506321,-0.459563,9.057659,1.691169,18.021366,3.087393,16.837608,135.50962,142.725286,150.845819,153.996613
A003,walk_turn_walk,walk_turn_walk.mp4,79,3.16,1,1,0.8484,2,384.8075,242.0872,11.5604,-1.818744,-10.676281,-1.422226,-11.030494,-1.539269,-11.120845,0.263319,-10.868942,-0.081463,-11.157578,0.903835,-7.966235,-0.069792,-8.194381,1.428237,-3.648253,0.323196,-4.089326,-1.767063,0.249269,-1.563481,-0.623631,0.219186,0.157844,-0.219186,-0.157844,-1.001229,6.257957,-0.39042,5.610678,0.14602,11.84906,1.975883,10.150844,133.72967,145.968308,157.090843,150.771513
A003,walk_turn_walk,walk_turn_walk.mp4,80,3.2,1,1,0.8342,3,381.942,241.7391,12.1595,-1.785843,-10.211998,-1.434482,-10.56596,-1.540156,-10.600518,0.163266,-10.394673,-0.145299,-10.56112,0.910299,-7.56081,-0.073604,-7.73951,1.271145,-3.269926,0.2542,-3.725398,-1.468492,0.456762,-1.411733,-0.395212,0.238045,0.134015,-0.238045,-0.134016,-0.836524,5.947953,-0.46721,5.464642,0.145316,11.302636,1.467877,10.000407,138.871867,148.754785,159.138007,154.551593
A003,walk_turn_walk,walk_turn_walk.mp4,81,3.24,1,1,0.8085,4,377.6071,242.6969,14.9746,-1.392569,-8.290982,-1.126296,-8.631307,-1.291796,-8.613015,0.128878,-8.556767,-0.251946,-8.529077,0.947957,-6.231208,-0.050441,-6.287787,1.152478,-2.630956,0.150014,-2.93594,-0.707207,0.016549,-1.007506,-0.515267,0.310378,0.093746,-0.310376,-0.093746,-0.351888,4.82938,-0.658039,4.538467,0.569394,9.002179,0.59793,8.304098,141.663352,151.021297,159.588762,157.262483
A003,walk_turn_walk,walk_turn_walk.mp4,82,3.28,1,1,0.7904,4,376.925,244.6697,12.6914,-1.775365,-9.813655,-1.515486,-10.254338,-1.634795,-10.20798,-0.073453,-10.20925,-0.324999,-10.121375,1.03153,-7.50701,0.032096,-7.540676,1.083012,-3.169647,-0.00499,-3.418966,-0.850536,-0.16103,-1.373176,-0.473816,0.339708,0.091464,-0.339708,-0.091464,-0.222215,5.412896,-1.159434,5.25862,0.913039,10.915006,-0.240682,10.471307,146.592315,155.59802,162.313861,161.293137
A003,walk_turn_walk,walk_turn_walk.mp4,83,3.32,1,1,0.8356,2,372.8928,243.9506,15.6659,-1.434529,-7.94544,-1.230196,-8.290213,-1.354111,-8.261417,-0.127496,-8.275646,-0.353584,-8.202055,0.873257,-6.096892,-0.126411,-6.071145,1.1463,-2.581535,-0.02962,-2.807772,-0.40987,0.136006,-1.243249,-0.534751,0.351507,0.072144,-0.351505,-0.072144,-0.093267,4.564815,-1.039887,4.397135,0.872581,8.879991,-0.131733,8.393489,145.761551,150.202113,161.729799,158.441024
A003,walk_turn_walk,walk_turn_walk.mp4,84,3.36,1,1,0.8467,2,372.9022,244.6136,17.7887,-1.444848,-6.938654,-1.223396,-7.26115,-1.356349,-7.222382,-0.12666,-7.21388,-0.471197,-7.181461,0.783747,-5.256402,-0.213217,-5.334267,1.018331,-2.127877,-0.366259,-2.444938,-0.283387,0.242853,-1.489895,-0.660073,0.352715,0.089322,-0.352715,-0.089322,-0.023155,3.769287,-1.216987,3.597033,0.751319,7.760708,-0.751137,7.354523,146.941579,150.840134,163.187126,159.737831
A003,walk_turn_walk,walk_turn_walk.mp4,85,3.4,1,1,0.8624,2,369.4802,244.5596,17.676,-1.447346,-7.03799,-1.213786,-7.362257,-1.372782,-7.312881,-0.10419,-7.292298,-0.507061,-7.234669,0.781456,-5.33393,-0.218543,-5.332606,1.0918,-2.143774,-0.337866,-2.354651,-0.034832,0.371701,-1.656543,-0.74544,0.361583,0.073748,-0.361583,-0.073748,0.083738,3.853878,-1.280161,3.746881,1.011808,7.904784,-0.837263,7.524765,150.316957,142.961455,162.892361,159.794698
A003,walk_turn_walk,walk_turn_walk.mp4,86,3.44,1,1,0.8699,2,365.5462,245.435,19.0408,-1.304859,-6.506013,-1.10288,-6.813769,-1.254504,-6.769929,-0.091238,-6.791778,-0.467499,-6.72451,0.815826,-4.976135,-0.184124,-4.98619,1.176035,-1.985618,-0.282111,-2.228731,0.253851,0.334637,-1.548514,-0.750399,0.368101,0.071532,-0.3681,-0.071532,0.226124,3.607044,-1.252321,3.514826,1.044338,7.319699,-0.986978,7.016615,151.456454,141.450384,165.271899,161.816668
A003,walk_turn_walk,walk_turn_walk.mp4,87,3.48,1,1,0.8721,2,361.8299,246.73,17.488,-1.345755,-7.164527,-1.146121,-7.50276,-1.28334,-7.457418,-0.090954,-7.458798,-0.400203,-7.381558,0.903076,-5.413583,-0.096385,-5.446428,1.349202,-2.110271,-0.257314,-2.43802,0.454862,0.334818,-1.779768,-0.964012,0.382695,0.082606,-0.382693,-0.082606,0.372436,3.863249,-1.426253,3.758674,1.316732,7.863303,-1.284282,7.539494,152.217512,137.13577,166.561827,162.65081
A003,walk_turn_walk,walk_turn_walk.mp4,88,3.52,1,1,0.8883,2,356.2446,247.9312,20.6367,-1.038023,-6.136551,-0.840291,-6.399244,-1.016342,-6.384102,0.052526,-6.330676,-0.382908,-6.328411,0.834864,-4.610155,-0.160165,-4.709745,1.362143,-1.74461,-0.317222,-2.17771,0.645326,0.223638,-1.564437,-0.791814,0.381916,0.07042,-0.381917,-0.07042,0.58985,3.32478,-1.135102,3.192976,1.160558,6.682403,-1.455677,6.331539,149.562699,141.564291,174.009264,172.835875
A003,walk_turn_walk,walk_turn_walk.mp4,89,3.56,1,1,0.8944,2,354.1894,249.6299,19.636,-1.16456,-6.491436,-0.959851,-6.772187,-1.146428,-6.747727,-0.008102,-6.712163,-0.464974,-6.691347,0.839279,-4.92301,-0.158617,-4.987847,1.41348,-1.987506,-0.287648,-2.370013,0.747394,0.032259,-1.612247,-1.004068,0.394782,0.065901,-0.394782,-0.065901,0.688423,3.423656,-1.198871,3.319302,1.277713,6.935935,-1.664016,6.608722,150.680644,138.702196,175.473594,174.686731
A003,walk_turn_walk,walk_turn_walk.mp4,90,3.6,1,1,0.8931,1,353.0572,252.0909,17.5476,-1.488064,-7.281553,-1.217719,-7.640973,-1.473233,-7.602521,-0.018096,-7.644161,-0.690923,-7.629039,0.827421,-5.649043,-0.172552,-5.656416,1.532562,-2.483449,-0.197587,-2.593964,0.774791,-0.06893,-1.995066,-1.208029,0.428062,0.075284,-0.42806,-0.075285,0.836312,3.742967,-1.535915,3.611403,1.549774,7.623796,-2.139617,7.156139,150.018411,128.102165,175.934321,172.939724
A003,walk_turn_walk,walk_turn_walk.mp4,91,3.64,1,1,0.8891,2,348.664,249.4342,19.29,-1.303532,-6.54002,-1.107788,-6.821476,-1.288166,-6.801693,-0.104889,-6.827616,-0.582371,-6.804564,0.813538,-5.139987,-0.186342,-5.155497,1.484403,-2.143769,-0.314845,-2.444757,0.897156,0.135764,-1.827229,-1.011913,0.415683,0.056815,-0.415681,-0.056816,0.980587,3.550865,-1.174597,3.468912,1.533444,7.08384,-1.969492,6.723774,152.93312,136.167138,179.710609,178.423433
A003,walk_turn_walk,walk_turn_walk.mp4,92,3.68,1,1,0.8907,2,346.5176,253.6834,19.6086,-1.364941,-6.527992,-1.167575,-6.84093,-1.338264,-6.807762,-0.149296,-6.878208,-0.616393,-6.844852,0.773936,-5.135192,-0.225913,-5.117794,1.552366,-2.349414,-0.307255,-2.448669,0.807999,-0.139883,-2.005476,-1.17584,0.422234,0.063474,-0.422235,-0.063474,0.946248,3.437678,-1.371984,3.321712,1.61125,6.878296,-1.926086,6.456681,145.769928,128.597371,177.888168,174.351422
A003,walk_turn_walk,walk_turn_walk.mp4,93,3.72,1,1,0.8793,2,343.6087,253.9977,19.1435,-1.435105,-6.640792,-1.277051,-6.950643,-1.386488,-6.914148,-0.30104,-6.999992,-0.604894,-6.947567,0.736234,-5.286793,-0.263152,-5.25176,1.595728,-2.520309,-0.407999,-2.60208,0.792947,-0.196243,-2.017087,-1.225765,0.427593,0.057942,-0.427593,-0.057943,1.041226,3.522996,-1.384416,3.417639,1.767535,7.061129,-1.965895,6.646049,143.685022,133.670676,178.442163,174.818093
A003,walk_turn_walk,walk_turn_walk.mp4,94,3.76,1,1,0.899,1,340.3032,248.7777,18.4979,-1.504889,-6.635375,-1.326105,-6.945065,-1.497895,-6.911703,-0.309836,-6.998364,-0.762632,-6.898737,0.704241,-5.28903,-0.288249,-5.166703,1.571944,-2.297932,-0.561505,-2.550783,0.871259,0.197712,-1.976436,-1.101721,0.44309,0.033312,-0.443088,-0.033312,1.311351,3.662731,-1.041078,3.592642,2.1069,7.373905,-1.895561,6.969914,148.140004,141.646199,178.645347,175.16649
A003,walk_turn_walk,walk_turn_walk.mp4,95,3.8,1,1,0.8952,1,336.3663,249.1871,16.9614,-1.656593,-7.197516,-1.462411,-7.535095,-1.649306,-7.49729,-0.367434,-7.594972,-0.851276,-7.489408,0.701395,-5.747873,-0.293322,-5.645212,1.691611,-2.494867,-0.505876,-2.847682,1.065253,0.235185,-1.996428,-1.264813,0.460794,0.03832,-0.460792,-0.03832,1.464206,3.995377,-1.09636,3.916781,2.497912,7.967842,-1.940924,7.551832,150.147936,141.065434,179.643368,176.049134
A003,walk_turn_walk,walk_turn_walk.mp4,96,3.84,1,1,0.8979,1,331.9692,248.8716,17.3713,-1.503695,-7.041255,-1.29934,-7.369611,-1.513561,-7.322206,-0.267923,-7.365477,-0.811731,-7.245784,0.699633,-5.548734,-0.286837,-5.384787,1.722919,-2.521434,-0.468897,-2.617944,1.001711,0.092793,-1.75329,-0.971667,0.456399,0.024638,-0.456401,-0.024638,1.497127,3.906405,-0.988402,3.830338,2.617812,7.853819,-1.77061,7.442162,145.900743,145.804032,179.159301,175.637579
A003,walk_turn_walk,walk_turn_walk.mp4,97,3.88,1,1,0.8904,2,326.8929,248.5308,18.5565,-1.34706,-6.559312,-1.151035,-6.864521,-1.346702,-6.816769,-0.172218,-6.859085,-0.672223,-6.748433,0.766756,-5.159704,-0.225948,-5.039127,1.685421,-2.368245,-0.352886,-2.443579,0.895735,-0.014385,-1.479919,-0.726346,0.453095,0.033354,-0.453096,-0.033355,1.475852,3.622101,-0.924661,3.515218,2.667523,7.309277,-1.442368,6.94521,143.237831,149.522693,177.9966,178.98683
A003,walk_turn_walk,walk_turn_walk.mp4,98,3.92,1,1,0.8794,2,321.1668,247.8442,16.6927,-1.34013,-7.291543,-1.130377,-7.624526,-1.322203,-7.582773,-0.057124,-7.638888,-0.508478,-7.536398,0.958401,-5.703382,-0.041548,-5.713497,1.823308,-2.375787,-0.181369,-2.76742,0.974599,0.346498,-1.628341,-0.580663,0.449979,0.056307,-0.449979,-0.056308,1.512725,4.107079,-0.978246,3.983865,3.173563,8.129519,-1.208766,7.81749,148.114541,149.224695,172.265256,175.991757
A003,walk_turn_walk,walk_turn_walk.mp4,99,3.96,1,1,0.8753,2,316.7269,247.452,15.0989,-1.380881,-8.127622,-1.136894,-8.520001,-1.410057,-8.447248,0.120177,-8.599099,-0.590904,-8.405507,1.083312,-6.473498,0.087252,-6.384818,1.956404,-2.827209,-0.089116,-3.068713,1.121286,0.201636,-1.544249,-0.669984,0.466305,0.043566,-0.466305,-0.043566,1.554185,4.520537,-0.957472,4.448339,3.631255,8.830129,-1.179427,8.598981,151.119556,151.802296,167.925433,176.820723
A003,walk_turn_walk,walk_turn_walk.mp4,100,4.0,1,1,0.8589,2,313.0131,246.6441,13.6861,-1.499282,-8.924367,-1.242534,-9.366436,-1.529677,-9.279178,0.140624,-9.490418,-0.583273,-9.257962,1.208576,-7.164934,0.210738,-7.099202,2.174424,-3.084482,-0.061797,-3.388554,1.084054,0.109179,-1.590667,-0.69919,0.471135,0.060947,-0.471137,-0.060947,1.532801,5.085047,-0.975771,4.953349,4.073534,9.801886,-0.987825,9.557637,147.832324,154.582949,163.62271,174.403184
A003,walk_turn_walk,walk_turn_walk.mp4,101,4.04,1,1,0.8447,2,309.3336,244.3866,9.0938,-2.060172,-13.250485,-1.658991,-13.938178,-2.167144,-13.749922,0.233905,-14.017233,-0.860671,-13.595738,1.671448,-10.376614,0.676608,-10.478075,3.381307,-4.244046,0.187322,-5.147035,1.488291,0.526495,-2.116366,-0.772707,0.480545,0.138091,-0.480548,-0.138093,1.507262,8.07694,-1.055507,7.727378,5.905906,14.994104,-0.665906,14.74428,142.776811,157.470957,154.916667,172.641179
A003,walk_turn_walk,walk_turn_walk.mp4,102,4.08,1,1,0.8337,2,307.9048,242.3479,1.7532,-11.02517,-67.112953,-9.110326,-70.956734,-11.88879,-69.651794,0.444159,-72.036453,-5.006955,-69.107903,6.503297,-53.477467,5.554979,-53.160149,14.077733,-21.445782,2.48299,-24.932234,3.76043,3.763389,-10.323779,-3.632318,1.00804,0.573628,-1.008058,-0.57362,3.365983,42.507385,-4.668,41.375988,29.270643,76.615219,-1.554619,76.555641,144.438115,155.194172,146.001933,169.956309
A003,walk_turn_walk,walk_turn_walk.mp4,103,4.12,1,1,0.7987,4,305.6201,240.7994,3.1302,-6.949518,-37.16177,-5.905548,-39.263596,-7.262017,-38.599758,-0.653768,-39.809917,-2.947587,-38.396259,2.272604,-29.697844,3.214751,-29.362642,5.184226,-13.0016,2.633285,-13.848168,-1.516691,0.572994,-3.879985,-2.429882,0.124032,0.333845,-0.124032,-0.33385,-0.681106,24.030752,-4.461627,23.332418,13.527914,43.308048,-2.273472,42.702724,143.835163,152.444889,141.660638,163.168965
A003,walk_turn_walk,walk_turn_walk.mp4,104,4.16,1,1,0.7859,4,305.0542,239.0106,1.8343,-13.02878,-62.749832,-11.084086,-66.488945,-13.842576,-65.234909,-2.062832,-67.254936,-6.969934,-64.650635,3.924407,-48.995209,2.929351,-48.895893,5.985959,-19.289398,1.214897,-22.350016,-6.31216,1.97256,-8.563255,-3.812058,0.862842,0.60541,-0.862859,-0.605419,-3.602632,41.063675,-8.266136,40.110775,18.668058,72.377998,-1.792598,72.74427,145.98461,155.885158,138.28125,158.474553
A003,walk_turn_walk,walk_turn_walk.mp4,105,4.2,1,1,0.8154,3,304.2779,239.7833,2.0426,-12.398427,-56.820599,-10.625718,-60.002377,-13.116125,-58.920368,-2.388542,-60.64204,-7.536674,-58.439365,2.732578,-44.437275,1.774397,-44.151112,4.377679,-18.758474,1.208913,-20.7017,-7.492167,1.766135,-8.384594,-1.409422,0.537754,0.511392,-0.537754,-0.511384,-6.545251,36.509602,-7.525006,35.825638,11.943354,64.672089,-1.447782,64.886505,146.292602,154.941555,135.583883,157.303914
A003,walk_turn_walk,walk_turn_walk.mp4,106,4.24,1,1,0.8264,2,302.8812,240.0104,4.4941,-5.708847,-25.863682,-4.971051,-27.240215,-5.761481,-26.855444,-1.279329,-27.521891,-2.915234,-26.877861,1.27738,-20.050365,0.285519,-20.177692,1.843848,-8.802304,0.546313,-10.029661,-4.452796,-0.036337,-3.98082,-1.402097,0.361812,0.278515,-0.361812,-0.278511,-3.644609,15.221537,-4.119431,14.762014,2.615821,28.055296,-0.675186,27.606306,141.427034,150.840576,138.987677,150.961831
A003,walk_turn_walk,walk_turn_walk.mp4,107,4.28,1,1,0.8261,3,300.4512,240.2921,1.3525,-18.69879,-86.877907,-16.034029,-91.092369,-18.380188,-90.313499,-3.910146,-91.085342,-8.396865,-90.115562,2.138077,-66.100517,1.687139,-66.993073,2.808041,-29.238333,3.063666,-33.057751,-19.214033,0.227398,-15.344592,-5.175422,0.079921,1.035238,-0.079898,-1.035249,-13.958634,52.460777,-11.813834,50.03788,5.133148,98.138519,0.260567,93.66011,142.185101,144.243886,142.047665,151.589152
A003,walk_turn_walk,walk_turn_walk.mp4,108,4.32,1,1,0.791,4,298.4933,240.2597,1.8065,-14.719877,-64.597878,-12.559695,-67.82766,-14.246147,-67.296432,-2.442,-67.609604,-5.979818,-66.852875,2.78847,-49.277607,1.797375,-49.410763,3.192463,-21.977896,2.797407,-23.135588,-15.136118,-3.199693,-12.447742,-5.266572,-0.114369,0.831797,0.114353,-0.831806,-11.542432,38.847767,-5.525651,36.790672,-3.9199,78.087364,1.878836,73.713463,134.846389,137.350862,152.275449,160.134593
A003,walk_turn_walk,walk_turn_walk.mp4,109,4.36,1,1,0.7951,4,294.9011,240.765,3.5076,-7.080579,-33.597931,-6.006956,-35.230595,-6.774052,-34.982864,-0.82197,-35.055462,-2.345982,-34.682552,2.017077,-25.51787,1.021368,-25.610399,1.430351,-11.305696,0.783096,-11.9298,-7.880249,-2.194498,-6.89819,-2.79457,0.082829,0.40894,-0.082829,-0.408945,-5.300146,20.144936,-2.469416,19.222553,-2.501973,40.626362,0.774022,38.646393,136.743854,140.939258,156.964132,163.588697
A003,walk_turn_walk,walk_turn_walk.mp4,110,4.4,1,1,0.7899,4,293.6619,240.6807,3.8582,-6.527475,-30.37162,-5.538452,-31.838573,-6.240918,-31.597412,-0.82506,-31.63216,-2.051095,-31.314173,0.929012,-23.235254,1.919649,-23.371773,0.225399,-10.651236,2.011047,-11.388662,-8.111977,-2.084106,-5.888083,-4.082775,-0.58676,0.378348,0.586768,-0.378344,-5.277102,18.321968,-0.822308,17.492352,-3.243829,37.311623,0.969241,35.302433,138.978935,132.328669,159.239502,169.747422
A003,walk_turn_walk,walk_turn_walk.mp4,111,4.44,1,1,0.7839,4,293.4373,240.8926,9.0779,-2.923408,-13.029943,-2.491441,-13.665956,-2.801552,-13.532259,-0.462975,-13.508803,-0.947412,-13.331653,0.056067,-9.997611,1.045696,-9.853961,-0.205211,-4.766259,1.142894,-4.555347,-3.64948,-1.035133,-2.642787,-1.642125,-0.4553,0.118616,0.455304,-0.118616,-2.409341,7.775842,0.133511,7.539212,-1.82099,16.034945,0.442284,15.179132,140.148583,126.528702,161.609601,175.279426
A003,walk_turn_walk,walk_turn_walk.mp4,112,4.48,1,1,0.7828,4,291.6415,241.4243,9.0887,-2.930006,-13.146485,-2.468921,-13.771241,-2.821041,-13.652379,-0.447979,-13.531391,-1.029728,-13.391148,-0.037241,-10.010665,0.955965,-9.894291,-0.318287,-4.782208,0.952741,-4.577943,-3.772553,-1.029217,-2.786191,-1.631788,-0.475969,0.115528,0.475969,-0.115528,-2.383118,7.725511,0.509329,7.459111,-2.196367,15.853853,0.560816,14.91647,140.450286,128.271686,164.614644,179.858726
A003,walk_turn_walk,walk_turn_walk.mp4,113,4.52,1,1,0.7852,4,289.4474,241.685,12.7084,-2.092403,-9.389473,-1.751969,-9.841851,-2.015665,-9.756459,-0.257174,-9.699158,-0.689474,-9.606799,-0.039723,-7.169427,0.959918,-7.1962,-0.214446,-3.309205,1.119052,-3.416656,-2.876659,-0.647822,-1.817742,-1.309367,-0.443969,0.119554,0.443971,-0.119554,-1.875452,5.605123,0.568208,5.304432,-1.707008,11.41958,0.579833,10.667447,137.582653,123.25029,163.715184,178.812214
A003,walk_turn_walk,walk_turn_walk.mp4,114,4.56,1,1,0.8194,3,288.1844,242.592,9.6578,-2.731093,-12.481379,-2.281478,-13.084343,-2.710222,-12.978144,-0.354609,-12.960427,-0.981212,-12.797172,-0.003902,-9.547665,0.994695,-9.494728,-0.65745,-4.358673,0.524163,-4.411296,-3.649107,-0.561964,-2.785421,-1.633736,-0.498147,0.129944,0.498144,-0.129946,-2.621277,7.454907,0.953443,7.083333,-2.501527,14.860201,1.183692,13.947119,148.941818,135.293318,162.9094,178.309503
A003,walk_turn_walk,walk_turn_walk.mp4,115,4.6,1,1,0.8096,4,286.9591,242.4875,11.8813,-2.224305,-9.985683,-1.903681,-10.479673,-2.17239,-10.400391,-0.385703,-10.452838,-0.616876,-10.327763,-0.027183,-7.730062,0.9728,-7.724122,-0.705816,-3.450074,0.623677,-3.601087,-2.997439,-0.342804,-2.09376,-1.358034,-0.460743,0.107814,0.46074,-0.107813,-2.055964,5.928132,0.792759,5.675119,-1.953112,11.842558,1.058157,11.210071,152.600902,134.377305,163.676621,179.458959
A003,walk_turn_walk,walk_turn_walk.mp4,116,4.64,1,1,0.8195,3,287.9779,244.0255,16.382,-1.754655,-7.341929,-1.520861,-7.703783,-1.662612,-7.653421,-0.402796,-7.662128,-0.475608,-7.658953,-0.210152,-5.582699,0.76904,-5.785635,-0.723995,-2.536958,0.693413,-2.864382,-2.336336,-0.387093,-1.343385,-0.929798,-0.40885,0.112336,0.40885,-0.112335,-1.510466,4.169351,0.368448,3.929024,-1.528238,8.484538,0.418898,8.067138,152.707214,135.008645,165.044502,178.728968
A003,walk_turn_walk,walk_turn_walk.mp4,117,4.68,1,1,0.8149,3,286.5053,244.5642,20.2404,-1.374211,-5.955286,-1.190124,-6.246671,-1.285293,-6.204743,-0.289376,-6.207694,-0.28283,-6.207944,-0.238823,-4.529995,0.748133,-4.690989,-0.742227,-2.063485,0.678408,-2.285999,-1.83879,-0.283157,-0.955362,-0.713475,-0.393721,0.085098,0.393722,-0.085099,-1.253248,3.319026,0.376053,3.158057,-1.204903,6.817092,0.394659,6.519392,159.905097,135.566309,164.323979,179.370993
A003,walk_turn_walk,walk_turn_walk.mp4,118,4.72,1,1,0.8014,4,283.5868,243.0235,18.3795,-1.388272,-6.51835,-1.183566,-6.836364,-1.323791,-6.785187,-0.244572,-6.768249,-0.251076,-6.70367,-0.185417,-4.985284,0.814583,-4.986334,-0.64895,-2.254683,0.830953,-2.297379,-1.888071,-0.069857,-0.650182,-0.757919,-0.406522,0.064716,0.406522,-0.064716,-1.393049,3.82299,0.593879,3.684528,-1.167135,7.643962,0.856666,7.234762,160.074722,135.757393,161.908337,178.627409
A003,walk_turn_walk,walk_turn_walk.mp4,119,4.76,1,1,0.7999,4,282.1781,243.1511,18.4574,-1.344713,-6.475764,-1.147971,-6.791053,-1.275895,-6.747142,-0.214116,-6.747314,-0.194834,-6.693728,-0.156783,-4.978794,0.843081,-4.995299,-0.62566,-2.238814,0.899466,-2.286762,-1.806028,-0.034976,-0.482615,-0.6769,-0.403918,0.066393,0.403919,-0.066393,-1.336271,3.817473,0.61059,3.674587,-1.111809,7.600087,0.891526,7.194388,161.537289,138.161045,162.645692,178.598627
A003,walk_turn_walk,walk_turn_walk.mp4,120,4.8,1,1,0.7965,4,281.6017,242.9938,18.9801,-1.340728,-6.291386,-1.146909,-6.593354,-1.258051,-6.553485,-0.227009,-6.531281,-0.174163,-6.492584,-0.183682,-4.800813,0.815814,-4.832567,-0.615852,-2.160522,0.911326,-2.222967,-1.704321,-0.002525,-0.378228,-0.630315,-0.399765,0.068291,0.399767,-0.068292,-1.283599,3.75358,0.560823,3.5981,-1.041622,7.419465,0.85529,6.990645,162.530061,138.907129,162.737131,177.554554
A003,walk_turn_walk,walk_turn_walk.mp4,121,4.84,1,1,0.7955,4,281.5852,243.0633,18.6004,-1.397766,-6.410131,-1.200409,-6.719485,-1.312945,-6.674203,-0.25895,-6.65995,-0.211411,-6.611344,-0.201724,-4.903173,0.798267,-4.907386,-0.600983,-2.231376,0.872276,-2.260278,-1.66407,0.06677,-0.450531,-0.598218,-0.405507,0.063374,0.405507,-0.063374,-1.333424,3.81922,0.577726,3.68416,-1.077202,7.578641,0.903933,7.15727,163.674531,139.882817,162.223503,177.265552
A003,walk_turn_walk,walk_turn_walk.mp4,122,4.88,1,1,0.7964,4,282.1148,242.2436,16.8363,-1.609123,-7.018325,-1.396956,-7.354836,-1.519066,-7.311213,-0.345202,-7.317019,-0.327087,-7.267826,-0.238673,-5.422587,0.761282,-5.413126,-0.59602,-2.469184,0.747474,-2.497216,-1.756026,0.162681,-0.756145,-0.640622,-0.418627,0.065742,0.418627,-0.065742,-1.484035,4.242787,0.608093,4.09427,-1.227905,8.445852,0.951256,7.943869,163.113243,141.267995,162.203849,177.513754
A003,walk_turn_walk,walk_turn_walk.mp4,123,4.92,1,1,0.7976,4,282.5225,242.3247,15.3652,-1.814465,-7.727843,-1.561221,-8.090027,-1.721817,-8.043346,-0.364368,-8.021891,-0.468341,-7.978428,-0.287115,-5.939101,0.712847,-5.930459,-0.603339,-2.701966,0.667087,-2.727848,-1.790447,0.255265,-0.908602,-0.626921,-0.433599,0.071272,0.433599,-0.071273,-1.679796,4.661197,0.661655,4.480015,-1.423419,9.290509,1.020865,8.687972,163.707574,143.948834,161.640076,177.989384
A003,walk_turn_walk,walk_turn_walk.mp4,124,4.96,1,1,0.7899,4,284.0568,243.8605,14.7483,-1.999606,-8.17795,-1.755059,-8.545451,-1.890522,-8.49243,-0.526381,-8.487445,-0.588508,-8.479279,-0.333648,-6.311006,0.663209,-6.390237,-0.625048,-2.847444,0.716154,-2.967373,-1.814015,0.437882,-1.179755,-0.280947,-0.447782,0.079583,0.44778,-0.079583,-1.745393,4.792633,0.479714,4.639575,-1.55117,9.527393,0.674217,9.01862,164.913852,143.901804,162.257518,177.844505
A003,walk_turn_walk,walk_turn_walk.mp4,125,5.0,1,1,0.7965,4,282.2863,243.1747,10.0669,-2.86312,-11.909372,-2.462699,-12.480515,-2.76025,-12.395487,-0.676224,-12.370188,-0.936357,-12.290969,-0.20748,-9.127398,0.792196,-9.101933,-0.411531,-4.025789,0.541026,-4.016122,-2.176832,0.549136,-1.60044,-0.503198,-0.506813,0.101072,0.506816,-0.101072,-2.44027,7.06448,1.002034,6.81372,-2.131557,14.143554,1.56252,13.386477,161.190623,151.460986,161.985124,179.221917
A003,walk_turn_walk,walk_turn_walk.mp4,126,5.04,1,1,0.8034,4,283.3394,242.7924,8.5921,-3.475229,-13.796896,-3.033165,-14.469127,-3.37418,-14.376539,-0.941195,-14.429189,-1.279542,-14.323349,-0.214621,-10.717915,0.783171,-10.651505,-0.066316,-4.717374,0.582182,-4.71538,-2.183653,0.582344,-1.83076,-0.81539,-0.539994,0.120116,0.539991,-0.120116,-2.997171,8.422697,0.949222,8.107709,-2.542135,16.818623,1.685453,15.860411,156.80658,150.19395,160.411473,177.422682
A003,walk_turn_walk,walk_turn_walk.mp4,127,5.08,1,1,0.8062,4,283.6738,242.7743,3.7095,-8.051958,-31.930752,-6.934792,-33.467648,-7.987439,-33.290543,-2.058205,-33.433228,-3.730375,-33.221897,-0.18512,-24.996422,0.774326,-24.714529,0.82896,-11.551648,0.58176,-11.114179,-3.892344,0.134472,-4.384317,-2.349896,-0.82367,0.247809,0.82367,-0.247805,-6.560191,19.666332,2.077785,18.884741,-5.683038,38.94508,4.147294,36.60519,153.68742,151.274135,160.937012,177.088925
A003,walk_turn_walk,walk_turn_walk.mp4,128,5.12,1,1,0.8098,4,284.0516,243.6241,0.4598,-63.851089,-259.556641,-55.211121,-271.344727,-63.652309,-270.415771,-15.501793,-272.694641,-31.739374,-272.241791,1.907235,-205.952576,2.332009,-206.857864,13.436994,-96.108749,5.272971,-98.365829,-27.978333,0.209533,-37.365505,-19.339493,-4.172939,2.281501,4.173006,-2.281501,-44.833294,158.234665,11.587832,151.76622,-37.932312,310.372681,25.839663,291.916199,150.740957,150.098253,162.789927,176.949244
A003,walk_turn_walk,walk_turn_walk.mp4,129,5.16,1,1,0.815,4,283.778,242.3796,4.2574,-6.722057,-27.870785,-5.771632,-29.117371,-6.690912,-29.028667,-1.496151,-29.202871,-3.459222,-29.158606,0.587409,-21.915499,-0.407438,-22.016891,2.291128,-9.97403,0.055732,-10.333304,-2.099021,0.439583,-3.724042,-1.601462,-0.055847,0.223413,0.05584,-0.223413,-4.006001,17.266378,0.730879,16.584644,-2.07928,33.694263,3.381454,31.69313,149.021053,154.323369,160.261349,172.34937
A003,walk_turn_walk,walk_turn_walk.mp4,130,5.2,1,1,0.8344,3,282.6548,240.9339,12.6934,-2.109437,-9.228147,-1.761887,-9.64242,-2.124257,-9.616185,-0.32182,-9.646341,-1.214774,-9.627774,0.531824,-7.147782,-0.466877,-7.198727,1.097437,-3.112504,-0.280181,-3.32874,-0.460751,0.250431,-1.39771,-0.287697,0.244467,0.0756,-0.244469,-0.0756,-0.924171,5.812554,-0.286391,5.591995,0.119527,11.315067,0.94177,10.725124,147.160748,157.060613,157.746104,166.120485
A003,walk_turn_walk,walk_turn_walk.mp4,131,5.24,1,1,0.8389,3,280.0315,243.1835,15.3892,-1.545551,-7.652243,-1.202063,-8.025475,-1.577196,-8.013501,0.021004,-7.951682,-0.923964,-7.942208,0.664544,-5.773652,-0.334174,-5.82429,1.316265,-2.461445,-0.142403,-2.623832,0.303002,-0.041345,-1.363842,-0.306739,0.289997,0.070091,-0.289997,-0.07009,-0.156064,4.616134,-0.264551,4.389634,0.8503,9.390947,0.701202,8.871345,146.150098,148.775307,162.494285,168.166336
A003,walk_turn_walk,walk_turn_walk.mp4,132,5.28,1,1,0.8863,1,278.7745,245.0691,22.4951,-0.918048,-5.362737,-0.696321,-5.609997,-0.974514,-5.596762,0.093171,-5.595523,-0.614977,-5.560833,0.615103,-4.08407,-0.384894,-4.086462,1.178433,-1.70434,-0.33518,-1.858886,0.420747,-0.022447,-1.017159,-0.365588,0.29755,0.037139,-0.297551,-0.037138,0.019902,3.104095,-0.203765,2.972867,0.773872,6.113279,0.591992,5.789467,142.430692,154.175682,160.760927,166.00843
A003,walk_turn_walk,walk_turn_walk.mp4,133,5.32,1,1,0.893,1,278.6282,245.4637,29.8659,-0.641432,-4.06614,-0.465014,-4.249327,-0.699595,-4.224556,0.087535,-4.193985,-0.493665,-4.147,0.563428,-3.024916,-0.436548,-3.017957,1.014653,-1.336731,-0.483606,-1.471033,0.454312,0.018713,-0.826684,-0.197375,0.297826,0.017013,-0.297825,-0.017013,0.157948,2.32189,-0.087304,2.267792,0.697418,4.505809,0.621978,4.378338,142.575297,166.6668,162.651715,166.688602
A003,walk_turn_walk,walk_turn_walk.mp4,134,5.36,1,1,0.9069,1,278.8929,245.8342,34.9054,-0.515339,-3.492074,-0.353723,-3.647359,-0.578359,-3.624767,0.100714,-3.579608,-0.458839,-3.535245,0.520149,-2.566154,-0.479634,-2.54533,0.97589,-1.164446,-0.544137,-1.252372,0.50134,-0.017238,-0.773565,-0.145163,0.299631,0.008894,-0.299631,-0.008894,0.229679,1.965587,-0.048471,1.92032,0.750459,3.756239,0.674653,3.652334,139.516245,171.149271,161.736424,164.756749
A003,walk_turn_walk,walk_turn_walk.mp4,135,5.4,1,1,0.9255,1,280.6453,247.6424,38.4478,-0.463897,-3.218277,-0.306198,-3.359431,-0.532618,-3.341782,0.093427,-3.278515,-0.470772,-3.245088,0.461829,-2.327278,-0.537953,-2.306413,0.908389,-1.071752,-0.651066,-1.152096,0.529733,-0.001822,-0.805602,-0.134261,0.305261,0.00419,-0.305262,-0.00419,0.300277,1.764964,-0.078975,1.722463,0.831555,3.312394,0.596174,3.210076,140.931519,176.963458,160.888982,163.055554
A003,walk_turn_walk,walk_turn_walk.mp4,136,5.44,1,1,0.9357,1,280.256,248.8143,42.3258,-0.376961,-2.960077,-0.222912,-3.087852,-0.447433,-3.078264,0.137591,-3.000269,-0.425538,-2.983405,0.465738,-2.123138,-0.534125,-2.10653,0.863079,-1.021813,-0.645687,-1.072142,0.574287,-0.082201,-0.734232,-0.151655,0.319309,0.0019,-0.31931,-0.0019,0.431318,1.605491,-0.143671,1.569722,0.930198,3.045598,0.410576,2.955152,143.076378,179.33884,164.888509,164.572621
A003,walk_turn_walk,walk_turn_walk.mp4,137,5.48,1,1,0.9463,1,281.2993,249.8862,45.8655,-0.309586,-2.739932,-0.156555,-2.862807,-0.395403,-2.859728,0.158011,-2.779255,-0.434442,-2.774118,0.448453,-1.968206,-0.551202,-1.941921,0.820804,-0.969892,-0.654461,-0.977295,0.574399,-0.098724,-0.712965,-0.157963,0.323504,-0.002669,-0.323503,0.002669,0.48262,1.482817,-0.144896,1.460891,0.886461,2.832625,0.301165,2.753521,143.752216,177.974256,169.457527,167.944369
A003,walk_turn_walk,walk_turn_walk.mp4,138,5.52,1,1,0.9578,0,282.2992,250.1026,48.1178,-0.228477,-2.620795,-0.08351,-2.741888,-0.331803,-2.735137,0.17327,-2.653362,-0.433593,-2.641289,0.426714,-1.868768,-0.57282,-1.83827,0.749151,-0.940398,-0.678517,-0.930553,0.587898,-0.116471,-0.731107,-0.133972,0.324428,-0.008365,-0.324428,0.008365,0.531257,1.375361,-0.117498,1.378155,0.859493,2.623875,0.272027,2.606344,149.77356,177.135426,173.771402,170.993854
A003,walk_turn_walk,walk_turn_walk.mp4,139,5.56,1,1,0.9598,0,283.9326,248.5437,47.9239,-0.213,-2.601529,-0.07072,-2.724431,-0.316204,-2.717445,0.181843,-2.642185,-0.416814,-2.62542,0.427475,-1.876004,-0.57142,-1.828989,0.711813,-0.922009,-0.735368,-0.899885,0.588006,-0.107296,-0.819797,-0.135271,0.321599,-0.014258,-0.321598,0.014258,0.533518,1.33987,-0.074561,1.36116,0.75748,2.582662,0.262278,2.57452,154.762449,176.29382,178.678546,174.87803
A003,walk_turn_walk,walk_turn_walk.mp4,140,5.6,1,1,0.9674,0,284.3756,245.7426,52.1706,-0.151726,-2.313947,-0.028403,-2.431258,-0.251147,-2.435272,0.182656,-2.376546,-0.367996,-2.377921,0.438209,-1.677367,-0.561421,-1.650181,0.693422,-0.804261,-0.729356,-0.796131,0.550766,-0.10654,-0.787595,-0.127529,0.316787,-0.006366,-0.316787,0.006366,0.454898,1.204677,-0.109189,1.203373,0.548796,2.37367,0.224332,2.346695,152.150686,173.853976,178.086232,173.576421
A003,walk_turn_walk,walk_turn_walk.mp4,141,5.64,1,1,0.9714,0,287.0125,245.9013,54.2008,-0.126867,-2.242193,-0.01042,-2.352142,-0.227707,-2.359058,0.166683,-2.288951,-0.371812,-2.30108,0.407957,-1.620161,-0.591933,-1.605348,0.651338,-0.774419,-0.788288,-0.775899,0.519204,-0.102199,-0.816637,-0.11447,0.315977,-0.004899,-0.315978,0.004899,0.432787,1.191212,-0.124321,1.182829,0.456944,2.324575,0.144744,2.291566,152.825192,169.13581,175.643285,175.60074
A003,walk_turn_walk,walk_turn_walk.mp4,142,5.68,1,1,0.9716,0,287.4214,245.7578,55.2839,-0.079995,-2.201101,0.028093,-2.30916,-0.183004,-2.314279,0.181825,-2.247988,-0.348417,-2.257594,0.410484,-1.590943,-0.589384,-1.574666,0.650604,-0.762917,-0.794309,-0.752404,0.552438,-0.112587,-0.813125,-0.102844,0.315872,-0.006217,-0.315872,0.006217,0.419448,1.167478,-0.136754,1.167475,0.414016,2.25449,0.104301,2.238562,155.244411,167.665027,174.670602,176.084883
A003,walk_turn_walk,walk_turn_walk.mp4,143,5.72,1,1,0.9699,0,287.8429,244.8917,55.8184,-0.048025,-2.153603,0.049938,-2.261728,-0.150124,-2.264169,0.181862,-2.212961,-0.330262,-2.220254,0.404071,-1.57417,-0.595616,-1.549147,0.642505,-0.758645,-0.808143,-0.720588,0.581614,-0.103598,-0.806433,-0.075269,0.313095,-0.00917,-0.313095,0.00917,0.390053,1.144833,-0.133629,1.159065,0.320121,2.207082,0.077361,2.207498,158.39207,165.461735,172.418246,177.492276
A003,walk_turn_walk,walk_turn_walk.mp4,144,5.76,1,1,0.9622,0,288.6379,244.0937,55.0308,0.004696,-2.17232,0.092154,-2.280056,-0.10153,-2.282927,0.188802,-2.228323,-0.318517,-2.241118,0.388988,-1.585532,-0.610872,-1.568761,0.633587,-0.766235,-0.835356,-0.724447,0.605526,-0.10448,-0.835761,-0.057635,0.310287,-0.009374,-0.310286,0.009374,0.358935,1.183264,-0.118651,1.201672,0.246509,2.263109,0.070002,2.273191,160.949072,165.145661,171.720396,179.145908
A003,walk_turn_walk,walk_turn_walk.mp4,145,5.8,1,1,0.9625,0,289.6836,244.2276,55.0639,0.03204,-2.186071,0.11737,-2.290227,-0.081428,-2.291775,0.204835,-2.225771,-0.310367,-2.230773,0.392215,-1.578807,-0.607453,-1.553036,0.609761,-0.771818,-0.854948,-0.709965,0.612327,-0.118432,-0.848182,-0.044976,0.306205,-0.011619,-0.306205,0.01162,0.308268,1.179379,-0.121378,1.207957,0.162364,2.254606,0.06529,2.284924,165.138056,163.056703,172.173208,178.948912
A003,walk_turn_walk,walk_turn_walk.mp4,146,5.84,1,1,0.9633,0,290.7126,243.9875,55.0227,0.038969,-2.181397,0.123415,-2.285963,-0.072061,-2.289193,0.209645,-2.225973,-0.297815,-2.235227,0.398286,-1.572129,-0.601539,-1.553407,0.608588,-0.758224,-0.864883,-0.708585,0.627663,-0.096511,-0.861652,-0.037448,0.304831,-0.009392,-0.304831,0.009392,0.273838,1.172718,-0.146837,1.197405,0.105221,2.259911,0.032806,2.286811,167.163513,162.411086,172.685868,178.211621
A003,walk_turn_walk,walk_turn_walk.mp4,147,5.88,1,1,0.9547,1,292.4706,244.4391,55.0475,0.064366,-2.181189,0.135983,-2.289033,-0.049473,-2.289338,0.193216,-2.237778,-0.303733,-2.244534,0.377921,-1.580443,-0.621927,-1.562972,0.589912,-0.744924,-0.887811,-0.692435,0.613047,-0.07984,-0.87728,-0.020475,0.303558,-0.010162,-0.303558,0.010162,0.234447,1.176749,-0.161746,1.208882,0.017679,2.252968,-0.016211,2.293361,167.755275,162.118144,171.944531,179.103652
A003,walk_turn_walk,walk_turn_walk.mp4,148,5.92,1,1,0.9495,1,293.2738,244.4334,54.0834,0.113529,-2.211451,0.17675,-2.319895,-0.003699,-2.3207,0.211258,-2.270155,-0.283805,-2.280644,0.382496,-1.599598,-0.6175,-1.596635,0.586172,-0.751887,-0.906519,-0.716506,0.625262,-0.076996,-0.899638,-0.008998,0.301771,-0.007925,-0.301771,0.007925,0.2117,1.186878,-0.160081,1.216803,-0.067043,2.280306,-0.070202,2.328076,169.804662,161.263452,170.009555,177.938915
A003,walk_turn_walk,walk_turn_walk.mp4,149,5.96,1,1,0.9476,1,293.7002,243.8373,53.6163,0.150853,-2.217094,0.208718,-2.324232,0.03454,-2.326842,0.230937,-2.273691,-0.254232,-2.289348,0.399912,-1.590181,-0.599908,-1.609146,0.578019,-0.711069,-0.89619,-0.714887,0.642268,-0.046331,-0.892279,0.003455,0.303773,-0.002851,-0.303774,0.002851,0.196184,1.188769,-0.210906,1.21128,-0.118241,2.296884,-0.171899,2.350672,174.06753,161.357237,169.318002,177.566107
A003,walk_turn_walk,walk_turn_walk.mp4,150,6.0,1,1,0.9408,1,294.647,244.0722,52.8922,0.184573,-2.251913,0.233923,-2.358304,0.07041,-2.364192,0.231777,-2.306321,-0.236968,-2.332435,0.392947,-1.617928,-0.606721,-1.643663,0.55598,-0.724635,-0.911087,-0.721246,0.640671,-0.037512,-0.895873,0.012146,0.304717,-0.002906,-0.304717,0.002906,0.185544,1.216386,-0.224129,1.245173,-0.182522,2.357667,-0.240932,2.414168,176.683412,160.55044,167.707687,175.464774
A003,walk_turn_walk,walk_turn_walk.mp4,151,6.04,1,1,0.9354,1,295.8656,242.884,51.6121,0.216865,-2.296445,0.252809,-2.399459,0.101681,-2.40655,0.219793,-2.337387,-0.225991,-2.363158,0.382376,-1.641629,-0.617391,-1.663189,0.54193,-0.741418,-0.945234,-0.716963,0.659753,-0.038663,-0.919502,0.019578,0.305285,-0.005081,-0.305285,0.005082,0.167656,1.226576,-0.2516,1.267326,-0.226774,2.433907,-0.313098,2.503683,179.466975,158.889226,168.283867,174.716948
A003,walk_turn_walk,walk_turn_walk.mp4,152,6.08,1,1,0.9317,1,295.9778,243.6542,50.8202,0.257763,-2.351455,0.28855,-2.45359,0.140134,-2.461444,0.242417,-2.385076,-0.198315,-2.410261,0.400385,-1.675634,-0.599387,-1.696993,0.544606,-0.769223,-0.95778,-0.728244,0.677813,-0.059362,-0.9181,0.042037,0.305803,-0.004729,-0.305804,0.004729,0.147307,1.270871,-0.279112,1.313426,-0.288175,2.498889,-0.406791,2.577702,178.412671,156.748801,167.557295,173.064858
A003,walk_turn_walk,walk_turn_walk.mp4,153,6.12,1,1,0.9298,1,296.5354,244.1175,48.1989,0.305423,-2.486834,0.328665,-2.589346,0.186793,-2.605551,0.260859,-2.518818,-0.190026,-2.566141,0.385265,-1.784909,-0.614542,-1.804547,0.535588,-0.860228,-0.990556,-0.78875,0.686583,-0.144474,-0.974808,0.007225,0.307333,-0.008493,-0.307333,0.008493,0.180158,1.350311,-0.278117,1.399863,-0.284298,2.670069,-0.496744,2.724879,177.321166,158.553638,165.958642,169.427704
A003,walk_turn_walk,walk_turn_walk.mp4,154,6.16,1,1,0.9302,1,295.6969,243.4357,47.6212,0.35445,-2.500832,0.372818,-2.607604,0.233799,-2.622087,0.289968,-2.54289,-0.158702,-2.587041,0.405436,-1.78863,-0.5942,-1.815594,0.558603,-0.832691,-0.943804,-0.786453,0.719363,-0.107945,-0.938056,-0.003761,0.307215,-0.006961,-0.307215,0.00696,0.173863,1.382094,-0.284246,1.435282,-0.27197,2.739489,-0.474019,2.806658,176.596247,160.816327,167.301091,171.200089
A003,walk_turn_walk,walk_turn_walk.mp4,155,6.2,1,1,0.926,1,295.4925,244.654,46.5115,0.38578,-2.582673,0.403434,-2.694525,0.268088,-2.712862,0.306358,-2.635693,-0.136678,-2.692128,0.404788,-1.859211,-0.594705,-1.891064,0.556774,-0.874538,-0.944586,-0.810927,0.729848,-0.137489,-0.917939,0.021769,0.305159,-0.006865,-0.305159,0.006865,0.152533,1.44163,-0.269403,1.491817,-0.307995,2.855365,-0.448996,2.914542,175.559703,160.218742,167.971787,171.426158
A003,walk_turn_walk,walk_turn_walk.mp4,156,6.24,1,1,0.9149,1,295.8707,244.3065,46.1953,0.402236,-2.595999,0.416333,-2.712797,0.284894,-2.725246,0.299849,-2.65729,-0.11996,-2.699667,0.405941,-1.879803,-0.59294,-1.927098,0.515105,-0.86131,-0.955827,-0.829996,0.684016,-0.109277,-0.891015,0.043688,0.305533,-0.002838,-0.305533,0.002838,0.095774,1.436424,-0.28636,1.481138,-0.351427,2.863744,-0.402154,2.959735,173.458811,157.454812,170.895365,174.779066
A003,walk_turn_walk,walk_turn_walk.mp4,157,6.28,1,1,0.9124,1,295.8857,244.2926,45.0743,0.427173,-2.662482,0.439454,-2.782865,0.305121,-2.794495,0.312781,-2.726472,-0.114571,-2.767982,0.409158,-1.928118,-0.589063,-1.987739,0.503116,-0.864665,-0.959083,-0.859324,0.671372,-0.072783,-0.878983,0.069132,0.304975,-0.000527,-0.304976,0.000526,0.081581,1.484655,-0.291275,1.52467,-0.379055,2.959194,-0.427151,3.06275,173.053526,156.91428,171.205582,174.436513
A003,walk_turn_walk,walk_turn_walk.mp4,158,6.32,1,1,0.9096,1,295.2079,244.4612,42.5829,0.483449,-2.817467,0.49295,-2.942374,0.359613,-2.957498,0.343798,-2.885152,-0.084619,-2.935875,0.41226,-2.049759,-0.584597,-2.12898,0.501264,-0.925599,-0.989058,-0.951919,0.684899,-0.073945,-0.877732,0.02883,0.303335,0.002226,-0.303336,-0.002226,0.061841,1.565693,-0.277452,1.597701,-0.38264,3.131325,-0.410247,3.229462,172.358868,154.560337,172.931283,174.420579
A003,walk_turn_walk,walk_turn_walk.mp4,159,6.36,1,1,0.899,1,294.9023,244.583,39.5298,0.536609,-3.029518,0.541317,-3.159503,0.409644,-3.17798,0.362554,-3.093265,-0.058506,-3.151895,0.403076,-2.209594,-0.592453,-2.304048,0.459624,-1.013208,-1.039583,-1.037519,0.70585,-0.162598,-0.870583,0.039345,0.304688,0.002757,-0.304688,-0.002757,0.064287,1.687508,-0.287715,1.714116,-0.382369,3.369878,-0.460056,3.482349,166.561989,151.636079,173.252267,173.866876
A003,walk_turn_walk,walk_turn_walk.mp4,160,6.4,1,1,0.8929,1,293.5328,245.9798,36.9176,0.613293,-3.27598,0.617507,-3.413558,0.485254,-3.437132,0.411593,-3.347554,-0.011234,-3.4196,0.405954,-2.410723,-0.587818,-2.522159,0.423461,-1.120731,-1.044017,-1.158189,0.740431,-0.216471,-0.834412,-0.004685,0.308771,0.00367,-0.30877,-0.00367,0.087246,1.81247,-0.313407,1.837388,-0.31775,3.59634,-0.48709,3.713904,161.460468,151.207788,174.190999,174.85631
A003,walk_turn_walk,walk_turn_walk.mp4,161,6.44,1,1,0.8851,2,292.8804,246.4124,34.0841,0.685436,-3.551625,0.680141,-3.69989,0.553857,-3.72515,0.429976,-3.631161,0.018682,-3.707605,0.392383,-2.62309,-0.599847,-2.747509,0.382152,-1.198183,-1.07291,-1.253958,0.795943,-0.212648,-0.817789,-0.028366,0.315437,0.002485,-0.315437,-0.002485,0.145684,1.936772,-0.345646,1.970638,-0.224533,3.856257,-0.567637,3.997687,156.812867,150.666287,174.098571,174.627318
A003,walk_turn_walk,walk_turn_walk.mp4,162,6.48,1,1,0.8751,2,292.7378,248.1045,30.9168,0.767646,-3.951939,0.748235,-4.116274,0.631018,-4.145374,0.433646,-4.046673,0.04215,-4.134556,0.360911,-2.941117,-0.629471,-3.079479,0.331692,-1.380023,-1.133494,-1.430112,0.866001,-0.276316,-0.785731,-0.056381,0.32158,-0.000565,-0.321579,0.000565,0.218472,2.12709,-0.35219,2.172692,-0.180323,4.230531,-0.691054,4.397453,153.095926,148.801457,172.039055,172.146995
A003,walk_turn_walk,walk_turn_walk.mp4,163,6.52,1,1,0.8705,2,292.3574,248.123,29.6855,0.811561,-4.112527,0.7843,-4.282548,0.674093,-4.312212,0.436884,-4.209715,0.068266,-4.298085,0.360365,-3.058937,-0.629514,-3.200855,0.315185,-1.431699,-1.103655,-1.490559,0.891047,-0.283594,-0.749842,-0.078048,0.326658,-0.001556,-0.326657,0.001556,0.273226,2.187358,-0.3771,2.242399,-0.106549,4.368618,-0.720242,4.555236,151.772381,150.442796,171.521659,172.850458
A003,walk_turn_walk,walk_turn_walk.mp4,164,6.56,1,1,0.8613,2,292.6475,248.0164,28.1705,0.847541,-4.321922,0.807923,-4.495381,0.711223,-4.529698,0.412821,-4.415812,0.073694,-4.516017,0.321533,-3.224087,-0.666957,-3.375372,0.241427,-1.551995,-1.133648,-1.610708,0.903106,-0.354489,-0.711981,-0.135089,0.332808,-0.004036,-0.332808,0.004036,0.344662,2.270251,-0.392549,2.335531,-0.074882,4.575556,-0.817721,4.777348,148.334451,149.238814,169.386981,171.59043
A003,walk_turn_walk,walk_turn_walk.mp4,165,6.6,1,1,0.8527,2,292.9244,248.0787,26.0571,0.911099,-4.675665,0.859779,-4.867471,0.76582,-4.900077,0.403143,-4.791617,0.07505,-4.888625,0.283253,-3.512285,-0.707491,-3.648023,0.145506,-1.689511,-1.147244,-1.692909,0.962981,-0.377264,-0.693261,-0.046203,0.342523,-0.013812,-0.342522,0.013812,0.469662,2.405588,-0.411887,2.50611,-0.0075,4.856893,-0.953459,5.117102,143.757201,151.910689,165.976642,169.876065
A003,walk_turn_walk,walk_turn_walk.mp4,166,6.64,1,1,0.8578,2,294.5349,249.3725,24.9686,0.899474,-4.926162,0.83929,-5.127604,0.75927,-5.163444,0.350722,-5.060643,0.040561,-5.166742,0.233819,-3.749904,-0.76218,-3.839268,0.184701,-1.834871,-1.10311,-1.790975,1.026336,-0.49122,-0.719646,-0.121902,0.35081,-0.024352,-0.35081,0.024352,0.597294,2.452254,-0.48812,2.571031,0.142767,5.00641,-1.124026,5.225692,146.468583,157.61103,164.225869,169.615278
A003,walk_turn_walk,walk_turn_walk.mp4,167,6.68,1,1,0.8561,2,295.6218,249.1085,24.44,0.900061,-5.017097,0.839882,-5.225055,0.757001,-5.260509,0.343503,-5.160399,0.026035,-5.269031,0.222428,-3.836565,-0.773421,-3.92759,0.166289,-1.864252,-1.049758,-1.812439,1.022198,-0.553952,-0.71007,-0.1313,0.357109,-0.023351,-0.357109,0.023351,0.638659,2.474026,-0.531906,2.589685,0.212839,5.1225,-1.174954,5.345359,145.216359,161.133403,164.43395,170.761368
A003,walk_turn_walk,walk_turn_walk.mp4,168,6.72,1,1,0.8475,2,297.2567,247.9594,22.6285,0.932943,-5.367095,0.862126,-5.596382,0.78129,-5.632889,0.304843,-5.526734,-0.003129,-5.640892,0.161888,-4.105751,-0.831309,-4.222198,0.108884,-1.931011,-1.130353,-1.91681,1.022785,-0.649064,-0.761544,-0.200501,0.363684,-0.021108,-0.363683,0.021108,0.663071,2.677692,-0.613109,2.782522,0.341765,5.607328,-1.279862,5.843383,143.118721,160.481563,167.41099,172.872334
A003,walk_turn_walk,walk_turn_walk.mp4,169,6.76,1,1,0.8782,2,296.7186,248.2952,24.5421,0.920504,-4.951217,0.88836,-5.172782,0.775091,-5.181729,0.412363,-5.123273,0.036109,-5.196239,0.218114,-3.775184,-0.774835,-3.893728,0.057055,-1.798987,-0.973196,-1.829902,0.967194,-0.643094,-0.515835,-0.206563,0.36977,-0.024179,-0.369771,0.024179,0.766987,2.518298,-0.53456,2.646349,0.590937,5.006626,-1.036408,5.32292,137.124175,158.775301,167.073378,172.976467
A003,walk_turn_walk,walk_turn_walk.mp4,170,6.8,1,1,0.8674,2,295.6323,244.3248,23.2948,1.037699,-5.045248,1.043148,-5.288025,0.879738,-5.301575,0.556602,-5.225691,0.147631,-5.288147,0.322366,-3.80934,-0.674226,-3.891824,0.207794,-1.842482,-0.942288,-1.749976,1.076023,-0.378698,-0.214441,0.012697,0.387149,-0.034432,-0.387147,0.034432,0.788859,2.803883,-0.668405,2.961987,0.780683,5.514043,-1.126541,5.841247,145.992321,150.429444,171.771541,176.446806
A003,walk_turn_walk,walk_turn_walk.mp4,171,6.84,1,1,0.8839,2,298.3268,247.7108,20.6975,1.13434,-5.820484,1.095827,-6.088967,0.944499,-6.094972,0.513379,-6.020769,0.023748,-6.087581,0.181378,-4.428163,-0.810472,-4.555577,0.170005,-2.091681,-1.033991,-2.058795,1.294227,-0.681409,-0.382935,-0.078709,0.395438,-0.028059,-0.395438,0.02806,0.940267,3.010437,-0.662497,3.130192,1.118115,6.005691,-1.315477,6.341311,141.160436,156.6834,173.232386,173.426006
A003,walk_turn_walk,walk_turn_walk.mp4,172,6.88,1,1,0.8756,2,296.3305,248.4903,11.6891,2.288945,-10.439778,2.227302,-10.905584,1.95286,-10.912329,1.080082,-10.712595,0.393705,-10.771725,0.242635,-7.918345,-0.750325,-8.036797,0.522814,-3.757052,-1.415311,-3.535753,2.400861,-1.337353,0.065708,-0.178847,0.380322,-0.071145,-0.380325,0.071146,1.249907,5.268193,-0.277502,5.42793,1.276811,10.632874,-1.672924,11.093019,146.035093,147.789507,171.037109,165.062748
A003,walk_turn_walk,walk_turn_walk.mp4,173,6.92,1,1,0.8771,2,297.5152,248.7348,10.9795,2.51095,-11.129732,2.447377,-11.615637,2.175003,-11.637933,1.237429,-11.404131,0.578283,-11.497253,0.310492,-8.432377,-0.67253,-8.615867,0.614435,-4.007027,-1.515084,-3.790175,2.624678,-1.52869,0.120761,-0.134869,0.378228,-0.061909,-0.378228,0.061909,1.276445,5.704414,-0.241983,5.819021,1.487011,11.291515,-1.635283,11.74258,144.882658,145.986362,173.304553,165.408202
A003,walk_turn_walk,walk_turn_walk.mp4,174,6.96,1,1,0.8758,2,299.8251,249.903,11.1434,2.395708,-11.060602,2.337011,-11.535984,2.102269,-11.567159,1.230982,-11.32557,0.724237,-11.432582,0.432216,-8.377303,-0.543681,-8.595532,0.628844,-4.050048,-1.499269,-3.871114,2.563241,-1.621958,0.057495,-0.218492,0.404778,-0.049111,-0.404775,0.049111,1.444245,5.657025,-0.491757,5.759622,1.86489,11.08838,-1.897094,11.550932,144.058276,145.481379,174.10442,167.232746
A003,walk_turn_walk,walk_turn_walk.mp4,175,7.0,1,1,0.8932,2,302.7352,251.7682,15.401,1.748407,-8.120483,1.690124,-8.479899,1.515019,-8.485237,0.927044,-8.374872,0.420387,-8.41784,0.397621,-6.170118,-0.595913,-6.283654,0.43377,-2.970772,-1.134625,-2.811039,1.86822,-1.294427,-0.125882,-0.286625,0.468421,-0.053395,-0.468421,0.053394,1.699221,4.014856,-0.99141,4.178604,2.429713,7.933539,-2.171257,8.377911,140.093716,149.400517,173.726864,171.531996
A003,walk_turn_walk,walk_turn_walk.mp4,176,7.04,1,1,0.8963,2,306.1867,252.7342,19.4523,1.349254,-6.463558,1.311243,-6.747325,1.170963,-6.755541,0.734937,-6.675755,0.278501,-6.724384,0.371386,-4.948029,-0.627098,-5.003065,0.270166,-2.434246,-0.9104,-2.24571,1.445938,-1.080742,-0.165912,-0.316461,0.455327,-0.051652,-0.455327,0.051652,1.468647,3.148476,-0.965718,3.335013,1.909154,6.233592,-1.883046,6.615837,136.713737,153.032395,170.555624,173.214644
A003,walk_turn_walk,walk_turn_walk.mp4,177,7.08,1,1,0.8945,2,309.6172,253.2253,14.3649,1.768328,-8.76188,1.695746,-9.163358,1.513143,-9.171989,0.829961,-9.086931,0.248399,-9.144847,0.237567,-6.727016,-0.758596,-6.814537,0.343821,-3.295852,-1.125493,-3.088511,2.06018,-1.447998,-0.345811,-0.392098,0.496242,-0.054903,-0.496244,0.054903,1.733961,4.230799,-1.319786,4.399444,2.394142,8.357695,-2.825058,8.775451,138.886594,158.248807,172.97982,171.751164
A003,walk_turn_walk,walk_turn_walk.mp4,178,7.12,1,1,0.892,2,313.1252,252.8008,16.1475,1.562021,-7.749721,1.483283,-8.103649,1.321189,-8.108049,0.68534,-8.017837,0.145706,-8.060581,0.220916,-5.921379,-0.777393,-5.979508,0.33229,-2.911729,-1.079089,-2.659776,1.859583,-1.258054,-0.397496,-0.183293,0.474692,-0.050092,-0.47469,0.050092,1.45081,3.795809,-1.301443,3.960614,1.857319,7.494401,-2.736086,7.891369,139.394486,159.418965,172.030799,171.886517
A003,walk_turn_walk,walk_turn_walk.mp4,179,7.16,1,1,0.8833,2,318.4229,251.0601,12.8041,1.823825,-9.667053,1.743647,-10.08257,1.536453,-10.131685,0.733399,-9.892496,0.118173,-10.04342,0.071334,-7.293298,-0.908516,-7.493033,0.369481,-3.522362,-1.671443,-3.281322,2.252303,-1.442426,-0.788835,-0.031465,0.463848,-0.019583,-0.46385,0.019583,1.140483,5.018526,-1.544223,5.033692,1.628373,9.718356,-3.4684,9.962581,142.368295,154.538411,178.277508,170.834382
A003,walk_turn_walk,walk_turn_walk.mp4,180,7.2,1,1,0.8695,2,323.5047,250.8878,12.7409,1.70479,-9.673856,1.576952,-10.068003,1.459273,-10.127357,0.491521,-9.845046,0.086442,-10.024862,-0.052753,-7.278045,-1.027959,-7.499341,0.23093,-3.481774,-1.928226,-3.222627,2.09641,-1.427217,-1.148902,0.048507,0.482888,-0.013011,-0.482888,0.013011,1.242719,5.059415,-1.779577,5.054389,1.683775,9.767864,-3.974499,9.975843,142.035012,154.712068,176.832135,170.387936
A003,walk_turn_walk,walk_turn_walk.mp4,181,7.24,1,1,0.8544,2,321.3091,252.8732,7.6274,3.469546,-16.564535,3.314886,-17.147722,3.044215,-17.271997,1.564873,-16.555183,0.958586,-16.890856,0.309313,-12.340656,-0.672156,-12.53228,1.107025,-6.277318,-2.132729,-5.538609,3.817333,-2.599955,-0.872132,-0.711362,0.511438,-0.065771,-0.511438,0.065771,2.268601,8.160478,-1.703557,8.202024,2.40446,16.297096,-5.60276,16.432919,151.103827,153.568268,168.899167,162.987407
A003,walk_turn_walk,walk_turn_walk.mp4,182,7.28,1,1,0.8773,2,327.6361,251.6046,12.194,1.981684,-10.172534,1.923849,-10.558958,1.683535,-10.609033,0.971557,-10.264759,0.262216,-10.429151,0.201751,-7.681926,-0.798179,-7.670131,0.504157,-4.03365,-1.49183,-3.482001,2.196329,-1.316497,-0.724023,-0.468081,0.516493,-0.078502,-0.516493,0.078502,1.954838,5.123299,-1.543545,5.303094,2.120152,10.208595,-4.287842,10.375073,152.824855,156.303593,166.405336,162.704914
A003,walk_turn_walk,walk_turn_walk.mp4,183,7.32,1,1,0.8878,2,333.0821,250.7372,12.3619,1.798466,-10.051407,1.76146,-10.435305,1.486819,-10.473519,0.920423,-10.139892,0.115221,-10.286035,0.198872,-7.528895,-0.799662,-7.583013,0.470001,-3.883968,-1.66334,-3.558073,2.062887,-1.044061,-0.915962,-0.526976,0.499371,-0.058531,-0.499371,0.05853,1.763981,5.158709,-1.431182,5.296479,1.730545,10.092578,-4.391446,10.248885,154.966328,154.037912,165.986539,159.218605
A003,walk_turn_walk,walk_turn_walk.mp4,184,7.36,1,1,0.8651,2,337.0573,248.6598,4.0437,5.318134,-30.511763,5.09279,-31.68384,4.575613,-31.842279,2.190998,-30.817375,0.888652,-31.302738,-0.480272,-22.951553,-1.46342,-23.134365,0.61577,-11.610367,-5.322722,-10.235903,5.805953,-2.744008,-2.765418,-0.174549,0.7408,-0.155139,-0.740808,0.155139,4.418289,15.893362,-2.83433,15.976416,4.059447,30.907007,-12.877634,30.908524,155.176246,149.081543,165.724407,153.613093
A003,walk_turn_walk,walk_turn_walk.mp4,185,7.4,1,1,0.8626,2,341.1604,248.0875,2.4013,8.610591,-51.118191,8.294218,-52.989204,7.628609,-53.487831,3.289591,-51.586548,1.517657,-53.073208,-2.320699,-38.547401,-2.613344,-39.50362,0.20864,-19.68948,-9.159585,-18.201155,9.322219,-3.957424,-3.928054,-0.746412,0.666143,-0.156909,-0.666143,0.156915,6.716068,27.00816,-2.733124,26.453499,5.861962,51.326508,-19.499979,49.793968,157.555551,146.233313,165.43307,148.802407
A003,walk_turn_walk,walk_turn_walk.mp4,186,7.44,1,1,0.8664,2,345.1449,246.3822,2.4557,8.229703,-49.374012,7.963735,-51.207333,7.329572,-51.7691,2.690737,-50.023106,1.129911,-51.68808,-3.540215,-37.66518,-2.870311,-38.407627,-0.985743,-19.65863,-9.140758,-17.627401,7.780284,-3.479825,-2.893873,-0.563297,0.098262,-0.222578,-0.098262,0.222578,4.892027,26.41013,-0.206119,25.875124,2.562252,49.32045,-15.874231,47.250492,159.624504,143.101938,163.989768,143.999542
A003,walk_turn_walk,walk_turn_walk.mp4,187,7.48,1,1,0.8635,2,349.6662,245.8052,2.5036,7.309556,-48.644325,7.07474,-50.562355,6.159732,-50.982555,1.909686,-49.346806,-0.161192,-50.621735,-3.96039,-36.900059,-3.04459,-37.301693,-2.258302,-19.022081,-9.017118,-16.632048,5.596169,-2.77827,-2.209154,0.095095,-0.061654,-0.260554,0.061666,0.260554,3.331065,25.976877,0.153964,25.710333,-0.292752,48.932625,-16.06665,47.506916,159.633059,141.736902,163.661318,143.136268
A003,walk_turn_walk,walk_turn_walk.mp4,188,7.52,1,1,0.8613,2,353.0842,246.8448,3.1699,5.754827,-38.724506,5.663686,-40.282135,4.746245,-40.519718,1.759711,-39.41523,-0.238968,-40.213692,-2.092892,-29.429167,-3.086167,-29.544949,-2.319749,-15.571203,-7.232373,-13.684273,3.202204,-2.262732,-2.350682,-0.062751,0.402285,-0.237288,-0.402276,0.237288,1.744471,20.426647,-0.280308,20.675491,-2.74538,37.478905,-11.222454,37.273094,156.527593,145.63321,161.532544,146.262792
A003,walk_turn_walk,walk_turn_walk.mp4,189,7.56,1,1,0.824,2,355.2675,247.5644,5.1565,3.692081,-23.877131,3.570762,-24.855375,3.128327,-24.990206,1.170696,-24.368641,-0.019045,-24.8484,-1.171507,-18.183859,-2.171501,-18.187323,-1.171826,-8.826554,-4.205661,-7.75154,2.138648,-1.462936,-0.585244,-0.435369,0.357058,-0.166775,-0.357052,0.166775,1.526185,12.296113,0.542899,12.465246,-1.45184,22.921974,-5.659536,22.685436,155.790702,142.641545,158.984668,144.562039
A003,walk_turn_walk,walk_turn_walk.mp4,190,7.6,1,1,0.8215,2,356.3531,243.9482,9.6659,2.119832,-12.3173,2.101851,-12.884019,1.798316,-12.884143,0.837566,-12.729413,0.297237,-12.815556,-0.113563,-9.487834,-1.10891,-9.391478,-0.89548,-4.788276,-1.838148,-4.287177,0.789608,-0.507658,0.201054,-0.046607,0.261137,-0.143177,-0.26114,0.143175,0.883043,6.39307,1.109627,6.835941,-1.232428,12.060946,-0.836215,12.672917,149.066266,146.187393,154.097294,149.98858
A003,walk_turn_walk,walk_turn_walk.mp4,191,7.64,1,1,0.7735,4,359.8609,243.7101,9.4046,2.2715,-12.489877,2.109155,-13.066268,1.938042,-13.125438,0.599422,-12.962191,0.159759,-13.158112,-0.29375,-9.62978,-1.293372,-9.657259,-0.378875,-4.532373,-1.506018,-4.108268,1.400842,-0.851587,0.590245,-0.08727,0.228955,-0.096552,-0.228955,0.09655,0.327919,6.523145,1.07707,6.790491,-1.634385,13.096995,-0.276019,13.470597,153.238783,150.271101,162.523043,157.509341
A003,walk_turn_walk,walk_turn_walk.mp4,192,7.68,1,1,0.7857,4,363.6566,243.3363,10.5855,1.93734,-11.067662,1.827633,-11.600394,1.575602,-11.639009,0.59588,-11.509975,-0.085788,-11.644185,-0.251131,-8.500213,-1.250797,-8.474376,-0.292695,-3.93494,-1.330834,-3.404471,1.392863,-0.805253,0.989132,-0.014132,0.228811,-0.100321,-0.228808,0.100321,0.152436,5.9849,1.063656,6.259002,-1.516816,12.281911,-0.048128,12.673476,151.172773,144.712226,165.872224,158.314821
A003,walk_turn_walk,walk_turn_walk.mp4,193,7.72,1,1,0.797,4,365.3201,243.1675,9.794,2.331018,-11.992306,2.220476,-12.532004,1.905783,-12.600443,0.864972,-12.376753,-0.020631,-12.591547,-0.251651,-9.117545,-1.239884,-9.270503,-0.135111,-4.10871,-1.191144,-3.803664,1.816548,-1.06043,1.412714,-0.350218,0.190946,-0.077104,-0.190946,0.077106,0.189659,6.528187,1.739453,6.698179,-1.482103,13.275904,0.733771,13.598686,148.703488,143.494953,166.096204,155.453835
A003,walk_turn_walk,walk_turn_walk.mp4,194,7.76,1,1,0.8278,3,364.0372,245.5142,0.925,27.453712,-130.095108,26.737293,-135.968964,24.121931,-136.610367,9.66645,-134.001175,6.306855,-135.650406,-7.217563,-98.153709,-6.241201,-98.369858,-6.011941,-45.468834,-4.711996,-39.865711,26.989351,-15.031271,26.355282,-3.95706,-2.104617,-1.325415,2.104584,1.325415,-0.694215,68.227493,25.388817,70.823616,-13.657903,136.015335,20.522123,140.16481,133.996693,140.631733,168.011806,157.462705
A003,walk_turn_walk,walk_turn_walk.mp4,195,7.8,1,1,0.832,2,364.1903,244.3825,8.4008,3.384085,-14.152643,3.285044,-14.794721,3.048195,-14.827812,1.168798,-14.583361,1.193145,-14.632862,-0.890112,-10.728656,0.088333,-10.522148,-0.639256,-5.228547,0.457731,-4.460399,2.580642,-1.573581,3.43911,-0.535826,-0.55779,-0.189006,0.55779,0.189006,-0.139223,7.449254,3.419054,7.79257,-1.276537,15.290901,3.239184,15.729568,141.232471,146.26441,168.611076,158.080165
A003,walk_turn_walk,walk_turn_walk.mp4,196,7.84,1,1,0.844,2,369.8206,246.1248,6.0245,4.343104,-19.906408,4.262095,-20.829908,3.849236,-20.912071,1.307758,-20.639484,1.087933,-20.818474,-1.559988,-15.236374,-0.561159,-15.188001,-1.547061,-7.564209,0.295551,-7.021246,3.524336,-2.673527,4.858065,-1.435912,-0.721322,-0.231745,0.721327,0.231742,-1.049455,10.421668,4.781433,10.835773,-2.85144,21.242138,5.60816,21.936319,134.057304,146.744049,172.309227,163.308287
A003,walk_turn_walk,walk_turn_walk.mp4,197,7.88,1,1,0.8584,1,370.8708,246.8009,8.1747,3.348972,-14.687762,3.353545,-15.390978,2.883208,-15.443444,1.303653,-15.262158,0.662731,-15.381187,-1.093228,-11.190247,-0.099258,-11.299899,-0.754004,-5.521778,0.618135,-5.34556,2.95378,-2.1411,3.905894,-1.158296,-0.642833,-0.120367,0.64283,0.120367,-1.148218,7.783167,3.95102,7.883698,-2.282963,15.504402,4.456935,15.88779,135.782617,148.731697,175.29822,160.536353
A003,walk_turn_walk,walk_turn_walk.mp4,198,7.92,1,1,0.8426,2,374.5361,246.9214,2.674,10.426483,-45.205879,10.339025,-47.449322,9.032852,-47.510143,3.860908,-47.149578,2.053308,-47.355762,-2.389179,-34.735558,-1.399702,-34.880253,-0.875108,-16.884308,2.086155,-15.934594,11.487975,-6.621293,13.564816,-2.900643,-1.357315,-0.424406,1.357303,0.424401,-3.868578,23.959721,11.357765,24.722353,-7.727489,48.413013,15.019416,50.497242,134.545216,149.055857,176.912377,165.714577
A003,walk_turn_walk,walk_turn_walk.mp4,199,7.96,1,1,0.8355,2,377.9709,249.4546,2.4541,11.197135,-50.240749,10.913873,-52.634964,9.838176,-52.749638,3.584291,-52.136406,2.890791,-52.304245,-2.404114,-38.463799,-1.409918,-38.356213,-0.890151,-18.693752,2.855575,-17.353024,13.375959,-8.116874,16.061844,-4.466353,-1.497226,-0.538924,1.497213,0.538924,-4.719888,24.830112,12.347902,26.09598,-9.549953,51.98732,17.590929,54.758411,130.932286,145.778204,177.154556,167.361603
A003,walk_turn_walk,walk_turn_walk.mp4,200,8.0,1,1,0.8096,4,383.8425,248.0638,4.5069,5.52808,-26.572187,5.242158,-27.872412,4.858053,-28.026423,1.184772,-27.845644,1.136052,-28.075644,-2.20028,-20.655348,-1.200319,-20.6465,-1.974556,-9.682771,0.365721,-8.86519,5.975199,-5.43674,7.879205,-2.606656,-0.94793,-0.294087,0.947923,0.29409,-3.035392,13.777509,6.433607,14.354218,-5.61241,28.248796,9.060449,29.569138,119.285542,137.365098,178.340582,168.481849
A003,walk_turn_walk,walk_turn_walk.mp4,201,8.04,1,1,0.8118,2,385.6924,249.8086,8.3512,3.123281,-14.614406,2.956628,-15.252739,2.824182,-15.352414,0.596187,-15.147931,0.8263,-15.269583,-1.325258,-11.122333,-0.335152,-10.982016,-0.925105,-5.207893,0.52126,-4.666725,3.009538,-2.813007,4.408163,-1.587388,-0.707204,-0.189311,0.707204,0.189313,-1.691511,7.488652,3.992263,7.795732,-3.516225,15.266252,5.510828,15.72256,125.198046,136.110183,174.101993,167.486375
A003,walk_turn_walk,walk_turn_walk.mp4,202,8.08,1,1,0.85,2,386.4193,249.1697,5.8285,5.06735,-21.00539,4.940671,-21.964628,4.412673,-22.020765,1.757043,-21.754618,1.352738,-21.783974,-1.139913,-15.964702,-0.158649,-15.772032,-0.670369,-7.991173,1.810161,-7.420225,5.084325,-3.388475,7.016321,-2.495243,-0.890766,-0.2688,0.890771,0.268803,-2.239797,10.266541,5.856014,10.888231,-5.111667,21.756084,8.031535,22.833893,132.02353,146.674663,173.263117,165.262485
A003,walk_turn_walk,walk_turn_walk.mp4,203,8.12,1,1,0.859,2,389.4856,249.0862,9.8028,3.051933,-12.392757,2.976418,-12.984677,2.651213,-13.006725,1.028474,-12.909989,0.78559,-12.88424,-0.885674,-9.470283,0.092454,-9.262279,-0.797529,-4.807404,1.371995,-4.245566,2.686102,-2.143043,4.323832,-1.232423,-0.645269,-0.168573,0.645269,0.168575,-1.460206,6.109911,3.497397,6.477825,-3.222517,12.969204,4.470887,13.607502,128.492562,149.897411,172.986557,163.449515
A003,walk_turn_walk,walk_turn_walk.mp4,204,8.16,1,1,0.8571,2,392.647,249.7491,11.6341,2.57665,-10.560537,2.468415,-11.063986,2.274798,-11.063427,0.759682,-11.000339,0.839139,-10.90835,-0.720569,-8.054438,0.235007,-7.759694,-0.815305,-4.108363,1.361325,-3.444347,2.103826,-1.805106,3.829923,-0.906704,-0.576482,-0.158761,0.576482,0.158761,-1.291172,5.139158,2.791255,5.541429,-2.905391,10.833354,3.522164,11.49789,126.898916,150.418159,171.855603,164.630304
A003,walk_turn_walk,walk_turn_walk.mp4,205,8.2,1,1,0.8583,2,396.2225,250.1356,11.7977,2.508473,-10.49723,2.383287,-10.995911,2.219609,-10.990904,0.670615,-10.938444,0.852998,-10.836862,-0.726641,-8.003169,0.219086,-7.678209,-1.14695,-4.049984,1.325849,-3.353713,1.535168,-1.564935,3.63425,-0.680812,-0.560068,-0.164501,0.560068,0.164502,-1.238598,4.979484,2.661897,5.437516,-3.059909,10.556668,3.243327,11.292008,126.746901,153.540578,169.429137,163.939376
A003,walk_turn_walk,walk_turn_walk.mp4,206,8.24,1,1,0.8609,2,400.2196,249.3243,8.8523,3.26484,-13.971975,3.086571,-14.633155,2.878244,-14.627092,0.822078,-14.574554,1.017291,-14.463924,-0.893698,-10.698112,0.021157,-10.294329,-1.41876,-5.569893,1.394555,-4.611304,2.253155,-2.164391,4.491228,-0.797401,-0.62039,-0.218625,0.62039,0.218623,-1.485288,6.715462,3.31207,7.354503,-4.169428,13.987303,3.812248,15.024678,126.998295,154.51136,166.850021,163.064357
A003,walk_turn_walk,walk_turn_walk.mp4,207,8.28,1,1,0.8359,3,407.3557,246.6253,7.3619,3.241949,-16.456509,3.121473,-17.32407,2.665483,-17.357248,0.556929,-17.328991,0.487154,-17.259565,-1.354426,-12.658182,-0.376415,-12.449627,-2.043588,-5.966468,0.73828,-5.277483,2.384875,-1.286481,4.291161,-0.825476,-0.642688,-0.254678,0.642688,0.254678,-1.831528,8.370694,3.791703,9.198664,-5.656584,17.207474,3.694705,18.54361,130.701771,150.242953,164.441996,160.009068
A003,walk_turn_walk,walk_turn_walk.mp4,208,8.32,1,1,0.8563,2,410.7964,247.3095,7.05,3.586017,-17.424686,3.432849,-18.460194,2.918175,-18.304855,0.90852,-18.629139,0.531681,-18.182428,-0.464357,-13.652032,-1.053346,-12.843892,-1.973164,-6.886869,0.589254,-5.137456,2.962311,-2.183142,4.812807,-0.106296,-0.137095,-0.375763,0.137095,0.375763,-1.286704,8.269603,2.992707,9.729733,-5.874235,16.888487,3.098051,19.337561,121.050062,152.019578,159.549599,163.651609
A003,walk_turn_walk,walk_turn_walk.mp4,209,8.36,1,1,0.8458,2,413.9495,246.0144,9.558,2.624296,-12.686623,2.458972,-13.485724,2.166348,-13.325889,0.549137,-13.709688,0.588442,-13.272079,-0.089021,-10.06611,-0.781017,-9.344209,-1.349823,-5.072333,0.38639,-3.693158,2.221524,-1.174645,3.317043,0.256602,0.014955,-0.309264,-0.014955,0.309264,-0.498064,5.991204,1.869474,7.276521,-4.026182,11.939574,1.90359,14.073099,123.332198,155.097337,153.981902,165.152949
A003,walk_turn_walk,walk_turn_walk.mp4,210,8.4,1,1,0.839,2,418.5466,245.2332,15.9223,1.598625,-7.672752,1.488841,-8.17472,1.292051,-8.025495,0.442727,-8.2992,0.408829,-7.910845,0.323632,-6.031815,-0.521571,-5.497369,-0.47826,-2.876198,0.080436,-2.039399,1.351488,-0.328594,1.641723,0.251034,0.179699,-0.21188,-0.179699,0.21188,0.290212,3.607091,0.98227,4.532885,-1.905433,6.959548,0.850184,8.478302,130.055242,155.595284,145.120227,163.031128
A003,walk_turn_walk,walk_turn_walk.mp4,211,8.44,1,1,0.8398,2,420.3093,244.0582,17.5382,1.474387,-6.886433,1.370697,-7.343721,1.183064,-7.198074,0.445693,-7.475182,0.332612,-7.11029,0.365117,-5.421755,-0.533767,-4.983566,-0.339211,-2.534885,-0.032753,-1.917449,1.163071,-0.164503,1.331711,0.242794,0.215868,-0.183081,-0.215868,0.183082,0.388056,3.305299,0.818826,4.120625,-1.561729,6.337702,0.662025,7.717842,133.923678,157.002764,144.433805,162.780927
A003,walk_turn_walk,walk_turn_walk.mp4,212,8.48,1,1,0.8349,2,420.6844,242.5939,16.056,1.673361,-7.466544,1.569332,-7.960597,1.359587,-7.808248,0.568155,-8.075876,0.429458,-7.688064,0.39182,-5.837727,-0.469572,-5.329786,-0.342554,-2.699639,-0.006517,-1.894256,1.14,-0.142332,1.367446,0.442989,0.207548,-0.202876,-0.20755,0.202876,0.599539,3.577964,0.996621,4.440124,-1.406859,7.085863,0.662471,8.503325,136.726424,157.226892,144.312738,159.434213
A003,walk_turn_walk,walk_turn_walk.mp4,213,8.52,1,1,0.8349,2,424.6353,245.13,13.9547,1.760513,-8.758417,1.685033,-9.263358,1.451085,-9.149158,0.621504,-9.319307,0.292566,-9.055696,0.118707,-6.880376,-0.763556,-6.40962,-0.681827,-3.364094,-0.445117,-2.556444,0.88351,-0.388948,1.096306,0.285479,0.214076,-0.195312,-0.214076,0.195312,0.507304,4.253562,0.872965,4.989661,-1.269692,8.350349,0.344679,9.472696,139.423811,156.249539,152.780091,160.504309
A003,walk_turn_walk,walk_turn_walk.mp4,214,8.56,1,1,0.7999,4,431.0256,246.0149,14.2176,1.38062,-8.696236,1.308232,-9.077651,1.081041,-9.130789,0.448269,-8.971586,-0.291059,-9.144379,-0.198598,-6.655003,-1.194796,-6.742122,-0.192903,-3.134295,-1.19137,-2.88988,0.860414,-0.574796,0.315819,-0.034485,0.310742,-0.051213,-0.310742,0.051212,0.401491,4.379903,0.220309,4.492251,-0.413122,8.980362,-0.717419,9.127812,157.723913,152.224122,168.785337,161.745002
A003,walk_turn_walk,walk_turn_walk.mp4,215,8.6,1,1,0.8148,4,432.8338,246.5488,20.8175,0.933445,-6.02,0.884506,-6.265797,0.70475,-6.297145,0.346169,-6.14158,-0.234521,-6.243588,0.051905,-4.516433,-0.943843,-4.608549,0.046197,-2.104148,-0.983319,-2.025938,0.770345,-0.385114,0.032368,-0.115621,0.325364,-0.032654,-0.325365,0.032654,0.53118,3.031805,0.048986,3.136296,0.008922,6.107867,-0.529038,6.302067,157.020997,151.12539,166.521783,162.774986
A003,walk_turn_walk,walk_turn_walk.mp4,216,8.64,1,1,0.8298,3,435.6682,246.7958,27.6366,0.652907,-4.543875,0.621439,-4.72588,0.485057,-4.755609,0.245987,-4.631047,-0.228449,-4.730573,0.119919,-3.391689,-0.875363,-3.488718,0.081712,-1.55551,-0.88772,-1.550289,0.612533,-0.247102,-0.143468,-0.123801,0.336526,-0.022184,-0.336526,0.022184,0.550694,2.300639,-0.132296,2.391623,0.192742,4.666065,-0.448666,4.826869,156.725575,152.081987,166.127021,167.671647
A003,walk_turn_walk,walk_turn_walk.mp4,217,8.68,1,1,0.8529,2,437.804,246.5765,30.0502,0.570156,-4.179934,0.536729,-4.34378,0.408952,-4.370003,0.200989,-4.246124,-0.257628,-4.32967,0.130069,-3.102307,-0.866367,-3.186651,0.099264,-1.440279,-0.92185,-1.415142,0.647798,-0.305381,-0.271451,-0.133258,0.338406,-0.023584,-0.338405,0.023583,0.544967,2.123992,-0.156544,2.224069,0.192556,4.314703,-0.46853,4.498161,153.142167,151.303871,165.36736,167.463761
A003,walk_turn_walk,walk_turn_walk.mp4,218,8.72,1,1,0.8954,2,438.2446,248.13,33.656,0.502474,-3.812475,0.501857,-3.963508,0.358654,-3.967704,0.211107,-3.853914,-0.223678,-3.895735,0.166241,-2.787518,-0.833314,-2.817338,0.145319,-1.341189,-0.950435,-1.284014,0.63199,-0.319758,-0.330412,-0.129021,0.331022,-0.042878,-0.331022,0.042878,0.610963,1.852241,-0.096356,2.005825,0.272206,3.65835,-0.279749,3.885296,153.695249,147.404261,160.974156,167.609661
A003,walk_turn_walk,walk_turn_walk.mp4,219,8.76,1,1,0.9085,1,439.2867,246.6893,38.0777,0.4478,-3.325259,0.459396,-3.465554,0.313351,-3.463552,0.244178,-3.382917,-0.198184,-3.407784,0.224327,-2.448061,-0.77567,-2.445791,0.242573,-1.157474,-0.89038,-1.04749,0.638552,-0.207548,-0.370988,0.012787,0.334324,-0.044383,-0.334325,0.044383,0.624977,1.601403,-0.157581,1.757991,0.455921,3.199181,-0.199854,3.415629,158.181052,149.211656,163.944734,172.650437
A003,walk_turn_walk,walk_turn_walk.mp4,220,8.8,1,1,0.9178,1,441.0359,246.3534,39.254,0.4139,-3.216977,0.439154,-3.35043,0.278992,-3.357733,0.260995,-3.26591,-0.231757,-3.315911,0.219545,-2.360662,-0.780278,-2.379431,0.313324,-1.121393,-0.91184,-1.027444,0.656785,-0.178599,-0.470887,0.036023,0.336464,-0.036214,-0.336463,0.036214,0.620661,1.583815,-0.196788,1.699331,0.58114,3.182243,-0.208049,3.322763,164.310726,151.921346,168.63365,174.801822
A003,walk_turn_walk,walk_turn_walk.mp4,221,8.84,1,1,0.9261,1,441.9333,247.7087,40.6008,0.411568,-3.163975,0.436083,-3.291501,0.275689,-3.299061,0.275933,-3.199999,-0.216671,-3.243687,0.251198,-2.291849,-0.748511,-2.315978,0.382209,-1.072769,-0.908928,-0.998922,0.719913,-0.171213,-0.498304,0.012234,0.339716,-0.033481,-0.339716,0.033481,0.629735,1.546172,-0.234682,1.656167,0.693946,3.041518,-0.211115,3.182434,165.598971,150.953896,172.055346,177.181097
A003,walk_turn_walk,walk_turn_walk.mp4,222,8.88,1,1,0.9299,1,443.241,247.1053,41.1977,0.396809,-3.108811,0.422849,-3.234226,0.256749,-3.239074,0.283236,-3.137801,-0.225724,-3.171859,0.272284,-2.234161,-0.727448,-2.257331,0.45311,-1.040085,-0.915432,-0.954894,0.740173,-0.176496,-0.542691,0.058807,0.342339,-0.028897,-0.34234,0.028897,0.607874,1.543737,-0.296137,1.632704,0.763782,3.002242,-0.269072,3.126073,170.224063,151.59842,176.517603,179.388022
A003,walk_turn_walk,walk_turn_walk.mp4,223,8.92,1,1,0.9328,1,445.8488,244.927,42.5265,0.339503,-2.961251,0.375809,-3.09197,0.192049,-3.093375,0.250716,-3.004085,-0.252445,-3.009049,0.289228,-2.105296,-0.710729,-2.114637,0.399325,-0.975055,-0.97465,-0.877009,0.725814,-0.143296,-0.612226,0.048672,0.352814,-0.029893,-0.352813,0.029893,0.583519,1.515286,-0.376967,1.621265,0.628054,2.998401,-0.433088,3.181795,164.132297,146.58068,173.22804,178.810075
A003,walk_turn_walk,walk_turn_walk.mp4,224,8.96,1,1,0.9373,1,446.5258,246.1579,44.9093,0.31369,-2.855221,0.348447,-2.969863,0.177848,-2.970984,0.268313,-2.871098,-0.247248,-2.891296,0.303248,-2.027895,-0.696648,-2.042332,0.473424,-0.949386,-0.916025,-0.876499,0.693952,-0.13507,-0.64072,0.052692,0.342524,-0.02399,-0.342525,0.02399,0.56453,1.435912,-0.354905,1.513517,0.71722,2.805973,-0.337693,2.918794,173.813661,152.83947,177.712527,178.822141
A003,walk_turn_walk,walk_turn_walk.mp4,225,9.0,1,1,0.941,1,448.3993,246.6667,46.759,0.273047,-2.76473,0.310792,-2.876384,0.13819,-2.873415,0.256243,-2.778367,-0.258363,-2.787634,0.319811,-1.952479,-0.680065,-1.968205,0.487834,-0.89738,-0.901224,-0.861191,0.697404,-0.079232,-0.674479,0.040487,0.340635,-0.02079,-0.340635,0.02079,0.532797,1.394337,-0.37618,1.468789,0.660955,2.7066,-0.365661,2.824385,174.680797,154.586696,177.84505,178.149134
A003,walk_turn_walk,walk_turn_walk.mp4,226,9.04,1,1,0.9468,1,448.6281,246.6281,48.3566,0.268895,-2.681134,0.31513,-2.789449,0.134738,-2.785228,0.291527,-2.689296,-0.232906,-2.691806,0.367254,-1.87715,-0.632637,-1.89192,0.530962,-0.867198,-0.859811,-0.833887,0.715631,-0.08548,-0.656658,0.049465,0.340294,-0.017427,-0.340293,0.017427,0.522276,1.357727,-0.387437,1.422834,0.649393,2.613053,-0.373368,2.728109,175.915579,154.9301,178.243754,177.461401
A003,walk_turn_walk,walk_turn_walk.mp4,227,9.08,1,1,0.9464,1,450.7748,245.1791,51.7625,0.223807,-2.465059,0.279769,-2.574234,0.107951,-2.571108,0.262856,-2.487554,-0.219308,-2.496896,0.385663,-1.732236,-0.614115,-1.753301,0.570709,-0.791033,-0.857223,-0.770576,0.673511,-0.009772,-0.681966,0.072119,0.341534,-0.010803,-0.341535,0.010803,0.477814,1.282375,-0.416904,1.331983,0.543626,2.446559,-0.429069,2.542417,176.373232,154.356563,177.219622,177.31081
A003,walk_turn_walk,walk_turn_walk.mp4,228,9.12,1,1,0.9518,1,452.1758,244.4374,53.5518,0.203158,-2.387571,0.266961,-2.495867,0.086299,-2.490999,0.276455,-2.412668,-0.218899,-2.415531,0.409873,-1.673534,-0.589887,-1.695413,0.59145,-0.773137,-0.83237,-0.764836,0.703013,4.8e-05,-0.680371,0.082202,0.339787,-0.00855,-0.339787,0.00855,0.454245,1.255463,-0.431704,1.30024,0.508793,2.412871,-0.43023,2.512464,176.809045,155.221716,177.524405,175.860049
A003,walk_turn_walk,walk_turn_walk.mp4,229,9.16,1,1,0.9545,1,453.3653,243.902,53.3223,0.193311,-2.392859,0.263673,-2.498548,0.076592,-2.497643,0.284101,-2.412123,-0.227508,-2.422657,0.410355,-1.67972,-0.589499,-1.696812,0.625079,-0.803457,-0.84588,-0.776827,0.722325,-0.004238,-0.710045,0.070557,0.338813,-0.007917,-0.338813,0.007917,0.434091,1.238683,-0.435626,1.274465,0.494237,2.355062,-0.438018,2.42365,173.168754,155.32098,178.713208,175.748168
A003,walk_turn_walk,walk_turn_walk.mp4,230,9.2,1,1,0.956,1,453.97,243.8321,56.2085,0.198945,-2.269219,0.261583,-2.361336,0.084604,-2.367006,0.294199,-2.273269,-0.204459,-2.288401,0.434654,-1.592266,-0.565303,-1.601615,0.591465,-0.753449,-0.777384,-0.722821,0.717186,-0.043725,-0.692055,0.041051,0.341785,-0.007216,-0.341785,0.007216,0.440639,1.182157,-0.452217,1.221852,0.439137,2.281449,-0.456619,2.349252,179.456793,160.058294,175.170585,175.028701
A003,walk_turn_walk,walk_turn_walk.mp4,231,9.24,1,1,0.9592,1,456.2294,243.6634,56.7991,0.165202,-2.248146,0.235662,-2.34045,0.055903,-2.348872,0.286165,-2.255514,-0.213367,-2.277976,0.436175,-1.579773,-0.56362,-1.600039,0.601312,-0.74297,-0.793317,-0.734398,0.731905,-0.021574,-0.717038,0.036309,0.341705,-0.003629,-0.341704,0.003629,0.41868,1.181503,-0.48167,1.208857,0.429985,2.267514,-0.479803,2.318004,179.09756,159.486755,176.880271,173.27938
A003,walk_turn_walk,walk_turn_walk.mp4,232,9.28,1,1,0.9594,1,457.1024,244.1511,56.4406,0.172427,-2.262866,0.241107,-2.357659,0.060055,-2.36233,0.296386,-2.274635,-0.216568,-2.291327,0.445155,-1.592798,-0.554764,-1.605532,0.621931,-0.741278,-0.76656,-0.732153,0.766201,-0.014162,-0.726228,0.020291,0.339119,-0.005546,-0.339119,0.005546,0.413535,1.19321,-0.488513,1.231305,0.427711,2.292851,-0.503658,2.347898,179.49487,163.300655,177.186379,173.828351
A003,walk_turn_walk,walk_turn_walk.mp4,233,9.32,1,1,0.9612,0,457.9958,244.6082,57.0009,0.172206,-2.251178,0.244252,-2.34525,0.058599,-2.349883,0.306001,-2.259851,-0.211802,-2.27425,0.456009,-1.581471,-0.543953,-1.590196,0.647142,-0.750094,-0.764702,-0.734338,0.788449,-0.037212,-0.728266,0.005342,0.337968,-0.004746,-0.337967,0.004746,0.394708,1.177647,-0.499586,1.210592,0.416929,2.262002,-0.504715,2.31036,178.264378,162.717003,178.426788,172.633504
A003,walk_turn_walk,walk_turn_walk.mp4,234,9.36,1,1,0.9624,0,459.3752,244.7072,57.1628,0.156359,-2.241052,0.236064,-2.338423,0.043029,-2.343158,0.310698,-2.256625,-0.215457,-2.271895,0.46449,-1.585144,-0.535495,-1.590505,0.66053,-0.761531,-0.759067,-0.741146,0.800209,-0.048873,-0.741887,-0.008109,0.33751,-0.00379,-0.33751,0.00379,0.381994,1.169629,-0.510092,1.199356,0.387749,2.251127,-0.524958,2.293098,177.700664,163.91038,178.13397,172.564704
A003,walk_turn_walk,walk_turn_walk.mp4,235,9.4,1,1,0.964,0,460.27,245.1838,57.5444,0.149842,-2.23799,0.229545,-2.335525,0.03618,-2.338177,0.309201,-2.253391,-0.214779,-2.262759,0.473193,-1.579145,-0.526796,-1.583873,0.669379,-0.751668,-0.749925,-0.736863,0.805308,-0.052475,-0.73915,-0.00426,0.337144,-0.002831,-0.337143,0.002831,0.376199,1.16308,-0.514249,1.190366,0.367022,2.219045,-0.541088,2.265731,177.663679,164.399118,177.583458,172.947314
A003,walk_turn_walk,walk_turn_walk.mp4,236,9.44,1,1,0.9652,0,460.1804,243.7758,57.3319,0.156109,-2.212019,0.234663,-2.315618,0.034822,-2.316436,0.322289,-2.237648,-0.208869,-2.234167,0.499627,-1.56237,-0.500352,-1.555858,0.68635,-0.73665,-0.748605,-0.70761,0.824059,-0.059721,-0.740678,-0.017261,0.33707,-0.004712,-0.33707,0.004712,0.400605,1.154082,-0.50221,1.189406,0.383591,2.241012,-0.545008,2.308379,178.756517,163.029221,175.964878,174.254681
A003,walk_turn_walk,walk_turn_walk.mp4,237,9.48,1,1,0.9672,0,461.1979,245.6139,57.3211,0.14288,-2.254698,0.231274,-2.35346,0.029038,-2.359155,0.325127,-2.269592,-0.211207,-2.284928,0.489163,-1.587783,-0.510779,-1.598522,0.69724,-0.755876,-0.744924,-0.751189,0.843193,-0.049841,-0.749369,-0.013364,0.336116,0.000284,-0.336116,-0.000284,0.358567,1.170293,-0.523861,1.186818,0.346144,2.226768,-0.557432,2.258672,177.637105,164.897944,178.226897,172.806852
A003,walk_turn_walk,walk_turn_walk.mp4,238,9.52,1,1,0.9677,0,461.2009,244.6544,57.2198,0.15033,-2.232674,0.237442,-2.335466,0.030103,-2.341372,0.33623,-2.253811,-0.205479,-2.261598,0.50912,-1.574769,-0.490879,-1.576209,0.697327,-0.749798,-0.750126,-0.725686,0.839645,-0.060636,-0.754159,-0.012896,0.336927,-0.001665,-0.336928,0.001665,0.396601,1.167774,-0.507989,1.190383,0.379009,2.264174,-0.558183,2.311568,178.816505,163.372435,176.159519,174.374404
A003,walk_turn_walk,walk_turn_walk.mp4,239,9.56,1,1,0.9691,0,460.9454,244.5736,57.6669,0.15384,-2.216586,0.245567,-2.318208,0.035944,-2.325864,0.352079,-2.234386,-0.189521,-2.245518,0.524319,-1.55551,-0.475658,-1.562276,0.698796,-0.725086,-0.729862,-0.713718,0.844541,-0.042541,-0.737581,-0.008952,0.336781,9.3e-05,-0.336781,-9.2e-05,0.394795,1.15683,-0.51009,1.175585,0.37949,2.2397,-0.54348,2.284262,179.812328,163.950712,176.31916,173.339323
A003,walk_turn_walk,walk_turn_walk.mp4,240,9.6,1,1,0.9691,0,461.8982,246.1857,57.8854,0.144667,-2.243112,0.238157,-2.339999,0.033209,-2.347888,0.339866,-2.254035,-0.195724,-2.273698,0.503716,-1.576856,-0.496171,-1.591889,0.698395,-0.748835,-0.729057,-0.751262,0.849006,-0.044159,-0.745304,-0.002042,0.335633,0.002323,-0.335632,-0.002323,0.356744,1.159156,-0.526949,1.169051,0.334673,2.206146,-0.555548,2.231763,178.83366,165.757517,177.746925,172.265484
A003,walk_turn_walk,walk_turn_walk.mp4,241,9.64,1,1,0.9692,0,462.1232,246.0153,57.8802,0.144028,-2.243686,0.237181,-2.340081,0.032154,-2.347833,0.338731,-2.252426,-0.19674,-2.271284,0.504616,-1.57254,-0.495243,-1.589359,0.701529,-0.740544,-0.73203,-0.749517,0.843034,-0.037491,-0.751815,0.000983,0.335243,0.003148,-0.335243,-0.003148,0.35176,1.161945,-0.527898,1.168496,0.329708,2.208127,-0.557293,2.231343,178.064572,165.764723,177.975899,172.246577
A003,walk_turn_walk,walk_turn_walk.mp4,242,9.68,1,1,0.9692,0,462.3759,245.9558,58.2885,0.140806,-2.229309,0.233273,-2.324425,0.030143,-2.33249,0.33462,-2.235565,-0.195839,-2.254863,0.503438,-1.558273,-0.496411,-1.575683,0.691756,-0.730919,-0.733273,-0.739757,0.835887,-0.038566,-0.752147,0.006366,0.335088,0.003126,-0.335088,-0.003126,0.350849,1.150342,-0.528207,1.15758,0.318309,2.187119,-0.559341,2.212466,178.936879,165.628785,177.415099,172.244198
A003,walk_turn_walk,walk_turn_walk.mp4,243,9.72,1,1,0.969,0,462.2113,245.981,58.1063,0.148441,-2.239076,0.241373,-2.333993,0.038007,-2.343087,0.341739,-2.244163,-0.189945,-2.266072,0.506756,-1.564042,-0.493018,-1.585277,0.690961,-0.729636,-0.730183,-0.746349,0.834598,-0.028522,-0.755938,0.004602,0.335569,0.003725,-0.335569,-0.003725,0.35784,1.15717,-0.524526,1.163422,0.329441,2.197126,-0.555009,2.221019,179.129119,166.178761,177.329729,172.454856
A003,walk_turn_walk,walk_turn_walk.mp4,244,9.76,1,1,0.9693,0,462.3019,245.948,57.9949,0.143817,-2.245526,0.237962,-2.340409,0.033098,-2.349802,0.340504,-2.249393,-0.19323,-2.271495,0.505826,-1.56898,-0.493995,-1.587902,0.688937,-0.738177,-0.733115,-0.746634,0.831049,-0.038641,-0.761949,0.011726,0.335454,0.003433,-0.335454,-0.003433,0.356767,1.158115,-0.524652,1.163931,0.326607,2.199295,-0.556818,2.221867,179.054153,166.310264,177.283363,172.535415
A003,walk_turn_walk,walk_turn_walk.mp4,245,9.8,1,1,0.9695,0,462.2441,245.9985,58.0001,0.143574,-2.247133,0.237341,-2.34124,0.033143,-2.351101,0.339306,-2.248103,-0.193143,-2.27095,0.50581,-1.566163,-0.494005,-1.585405,0.69155,-0.730898,-0.734786,-0.740557,0.829557,-0.025605,-0.762809,0.016383,0.335542,0.003634,-0.335542,-0.003634,0.357187,1.161735,-0.525102,1.166687,0.328482,2.205873,-0.560066,2.22541,178.534063,166.212654,177.354473,172.691047
A003,walk_turn_walk,walk_turn_walk.mp4,246,9.84,1,1,0.9686,0,461.9577,246.2853,57.9041,0.148957,-2.254865,0.241784,-2.348552,0.038512,-2.359297,0.340096,-2.254543,-0.192993,-2.279849,0.503974,-1.572265,-0.49584,-1.591529,0.701345,-0.734303,-0.73334,-0.740881,0.836305,-0.020938,-0.764885,0.014637,0.335487,0.003487,-0.335486,-0.003487,0.359995,1.164181,-0.518128,1.168898,0.335096,2.207623,-0.553213,2.221615,177.459551,166.791231,177.423366,173.054034
A003,walk_turn_walk,walk_turn_walk.mp4,247,9.88,1,1,0.9684,0,461.7682,246.2131,57.9493,0.153468,-2.252687,0.244956,-2.345291,0.043364,-2.35631,0.340499,-2.249511,-0.189858,-2.275178,0.504479,-1.567726,-0.495365,-1.58542,0.703976,-0.729648,-0.729004,-0.73185,0.839665,-0.016633,-0.76223,0.018888,0.335432,0.00308,-0.335432,-0.00308,0.361076,1.16391,-0.514866,1.170303,0.333224,2.206313,-0.550189,2.22012,177.385059,167.226071,177.203896,173.232879
A003,walk_turn_walk,walk_turn_walk.mp4,248,9.92,1,1,0.9683,0,461.8621,246.2055,57.8706,0.150912,-2.256146,0.242427,-2.349505,0.040146,-2.360066,0.338477,-2.254107,-0.193675,-2.278839,0.503989,-1.5701,-0.495832,-1.589008,0.705909,-0.725986,-0.730288,-0.734356,0.835474,-0.005378,-0.763607,0.018852,0.335325,0.003559,-0.335325,-0.003559,0.357142,1.16839,-0.517489,1.173478,0.329198,2.214411,-0.556325,2.227329,176.739913,167.192382,177.396688,173.313023
A003,walk_turn_walk,walk_turn_walk.mp4,249,9.96,1,1,0.9681,0,461.832,245.9055,57.6631,0.150751,-2.257843,0.241013,-2.352174,0.040472,-2.361361,0.336402,-2.259228,-0.193109,-2.28145,0.504014,-1.575077,-0.495838,-1.592278,0.710655,-0.726666,-0.733596,-0.736166,0.831136,0.00549,-0.763843,0.019343,0.335521,0.003401,-0.335521,-0.003401,0.356619,1.173554,-0.52083,1.179083,0.334874,2.226966,-0.560838,2.239917,175.656252,166.771696,177.784681,173.253313
A003,walk_turn_walk,walk_turn_walk.mp4,250,10.0,1,1,0.9668,0,462.5285,246.1705,58.426,0.135978,-2.225981,0.230826,-2.322057,0.025007,-2.332504,0.32927,-2.231342,-0.206686,-2.257216,0.493389,-1.556762,-0.50648,-1.572942,0.685814,-0.70917,-0.733837,-0.710447,0.81146,-0.005115,-0.76945,0.03336,0.335244,0.003231,-0.335244,-0.003231,0.347486,1.150881,-0.527859,1.155663,0.314046,2.182119,-0.554645,2.194582,177.32753,167.97377,177.531531,172.040288
A003,walk_turn_walk,walk_turn_walk.mp4,251,10.04,1,1,0.9672,0,462.757,246.199,58.2883,0.129907,-2.232492,0.224569,-2.329425,0.017967,-2.338912,0.324379,-2.239419,-0.212918,-2.262743,0.490633,-1.562771,-0.509283,-1.575698,0.683569,-0.71549,-0.739158,-0.7112,0.80749,-0.01096,-0.771959,0.035248,0.335201,0.002601,-0.335201,-0.002601,0.348237,1.149561,-0.528086,1.155566,0.311646,2.183383,-0.560888,2.197965,177.147822,167.625396,177.32175,172.346985
A003,walk_turn_walk,walk_turn_walk.mp4,252,10.08,1,1,0.9671,0,462.8208,245.9808,57.9583,0.12779,-2.240108,0.222691,-2.337297,0.014834,-2.346552,0.323074,-2.246632,-0.217313,-2.269378,0.488966,-1.56896,-0.510952,-1.581781,0.684434,-0.722618,-0.747031,-0.718346,0.803878,-0.012576,-0.775496,0.032754,0.335133,0.002624,-0.335132,-0.002624,0.348262,1.154137,-0.527424,1.159201,0.310413,2.19448,-0.56973,2.207661,176.544186,166.878378,177.263334,172.912935
A003,walk_turn_walk,walk_turn_walk.mp4,253,10.12,1,1,0.9672,0,461.6102,245.5327,58.3423,0.145119,-2.208901,0.23972,-2.309565,0.028119,-2.321254,0.344882,-2.221903,-0.199657,-2.243014,0.516347,-1.544352,-0.483611,-1.553498,0.692527,-0.708027,-0.736513,-0.695155,0.797416,-0.020442,-0.759626,0.016087,0.33612,0.001721,-0.33612,-0.001721,0.384257,1.153172,-0.503134,1.162083,0.343651,2.204125,-0.547084,2.226085,176.7773,165.444277,175.393466,174.198731
A003,walk_turn_walk,walk_turn_walk.mp4,254,10.16,1,1,0.9674,0,462.6415,246.5558,57.8976,0.128037,-2.254469,0.223197,-2.351339,0.01546,-2.360939,0.324497,-2.260118,-0.215299,-2.283383,0.491054,-1.579827,-0.508878,-1.591529,0.683119,-0.737896,-0.73992,-0.730156,0.79659,-0.02784,-0.767746,0.027877,0.335659,0.002609,-0.335659,-0.002608,0.351047,1.155092,-0.528042,1.159573,0.310545,2.186677,-0.571216,2.198657,176.228772,167.087507,176.986561,172.979904
A003,walk_turn_walk,walk_turn_walk.mp4,255,10.2,1,1,0.9673,0,462.5667,246.824,58.0638,0.127725,-2.252963,0.222145,-2.349882,0.015467,-2.358927,0.323199,-2.259698,-0.214634,-2.281894,0.491152,-1.578899,-0.508768,-1.591535,0.681262,-0.733757,-0.738042,-0.732443,0.792368,-0.021442,-0.759596,0.020682,0.335516,0.002747,-0.335516,-0.002747,0.348394,1.15221,-0.528453,1.157069,0.306942,2.17749,-0.569286,2.190796,176.188333,166.696539,177.042956,172.817278
A003,walk_turn_walk,walk_turn_walk.mp4,256,10.24,1,1,0.9652,0,461.4274,246.8447,56.7224,0.14856,-2.326368,0.250407,-2.425324,0.036069,-2.430035,0.364622,-2.332078,-0.189626,-2.349037,0.522301,-1.635781,-0.477665,-1.644108,0.705755,-0.773476,-0.761977,-0.751173,0.820834,-0.006185,-0.784748,0.043533,0.336573,-0.00216,-0.336573,0.00216,0.369921,1.181376,-0.525548,1.207233,0.326459,2.221249,-0.591733,2.259177,176.519178,163.979692,175.992685,174.687764
A003,walk_turn_walk,walk_turn_walk.mp4,257,10.28,1,1,0.9671,0,462.6728,246.8191,58.2035,0.123382,-2.24878,0.216912,-2.346283,0.011303,-2.354257,0.317788,-2.257941,-0.217938,-2.278114,0.488722,-1.577691,-0.511206,-1.58972,0.67705,-0.728275,-0.735777,-0.729552,0.788275,-0.015747,-0.756469,0.021846,0.335712,0.002558,-0.335711,-0.002558,0.348788,1.150943,-0.531148,1.157216,0.306009,2.171548,-0.571075,2.188368,176.371073,166.945292,176.947383,172.652199
A003,walk_turn_walk,walk_turn_walk.mp4,258,10.32,1,1,0.9647,0,461.6728,246.4958,57.3285,0.137495,-2.282074,0.236948,-2.380578,0.02545,-2.389872,0.347203,-2.292842,-0.207011,-2.317011,0.511478,-1.615894,-0.488511,-1.620608,0.696059,-0.754054,-0.741686,-0.712988,0.815955,-0.029452,-0.781206,0.040189,0.339741,-0.002674,-0.339741,0.002674,0.369614,1.182057,-0.554888,1.211327,0.325123,2.240542,-0.610971,2.274426,177.306809,167.417588,176.148725,172.926511
A003,walk_turn_walk,walk_turn_walk.mp4,259,10.36,1,1,0.9669,0,462.392,246.8021,58.1726,0.128329,-2.248713,0.219827,-2.346713,0.01571,-2.3532,0.318455,-2.259792,-0.215498,-2.276698,0.49008,-1.579575,-0.50985,-1.591355,0.677635,-0.730953,-0.732381,-0.734518,0.792268,-0.021764,-0.750452,0.015229,0.335901,0.002123,-0.3359,-0.002123,0.352722,1.153597,-0.52919,1.162692,0.311233,2.18073,-0.569703,2.204686,176.71932,166.821949,176.849922,172.80478
A003,walk_turn_walk,walk_turn_walk.mp4,260,10.4,1,1,0.9671,0,462.4568,246.8194,58.2158,0.126475,-2.24846,0.217001,-2.345669,0.01419,-2.352333,0.314115,-2.257813,-0.218,-2.27484,0.487008,-1.578112,-0.512941,-1.58824,0.679569,-0.732393,-0.735567,-0.731107,0.786923,-0.02609,-0.754146,0.018287,0.336098,0.001915,-0.336098,-0.001915,0.353415,1.154121,-0.531548,1.162297,0.319313,2.187325,-0.569256,2.207982,175.815444,166.860278,177.248425,172.535126
A003,walk_turn_walk,walk_turn_walk.mp4,261,10.44,1,1,0.967,0,462.4368,246.7546,58.1625,0.126963,-2.249467,0.217241,-2.346559,0.014787,-2.353294,0.313677,-2.258934,-0.218191,-2.276407,0.486133,-1.579563,-0.51381,-1.59022,0.679415,-0.734091,-0.735546,-0.733608,0.787618,-0.026226,-0.754779,0.018319,0.336213,0.00196,-0.336213,-0.00196,0.355399,1.156469,-0.530599,1.164415,0.321124,2.188303,-0.569399,2.2086,175.813853,166.952597,177.145421,172.666285
A003,walk_turn_walk,walk_turn_walk.mp4,262,10.48,1,1,0.967,0,462.3188,246.7154,58.1076,0.12875,-2.251336,0.218827,-2.348618,0.01631,-2.355014,0.315008,-2.261085,-0.216977,-2.27767,0.486783,-1.58145,-0.513171,-1.591062,0.681033,-0.734579,-0.736111,-0.731974,0.790331,-0.02539,-0.753237,0.019929,0.336119,0.001672,-0.336119,-0.001672,0.354699,1.155857,-0.53039,1.164724,0.323021,2.189055,-0.567387,2.210529,175.842583,166.756929,177.321458,172.569931
A003,walk_turn_walk,walk_turn_walk.mp4,263,10.52,1,1,0.9649,0,461.479,246.7815,57.1283,0.139083,-2.292013,0.236543,-2.391523,0.025713,-2.398954,0.344986,-2.30503,-0.207717,-2.324076,0.508815,-1.626615,-0.491183,-1.624632,0.689179,-0.768544,-0.747463,-0.714503,0.811091,-0.049601,-0.783779,0.03944,0.339618,-0.004518,-0.339618,0.004518,0.36893,1.186533,-0.555309,1.221272,0.329759,2.253608,-0.605855,2.29599,177.753537,167.031219,176.487876,172.640432
A003,walk_turn_walk,walk_turn_walk.mp4,264,10.56,1,1,0.9666,0,462.3531,247.2133,58.357,0.128905,-2.250211,0.218556,-2.347352,0.017084,-2.353902,0.314039,-2.260377,-0.215558,-2.277474,0.486156,-1.58111,-0.513785,-1.591955,0.674376,-0.734969,-0.733349,-0.734454,0.787484,-0.033237,-0.750658,0.012869,0.336363,0.001711,-0.336363,-0.001712,0.354454,1.155624,-0.533382,1.16532,0.323057,2.188062,-0.565558,2.211964,176.615513,166.964764,177.359954,172.178577
A003,walk_turn_walk,walk_turn_walk.mp4,265,10.6,1,1,0.967,0,462.3007,247.1931,58.4783,0.128859,-2.2456,0.218911,-2.342393,0.017313,-2.349162,0.315304,-2.25574,-0.214554,-2.273213,0.487242,-1.577922,-0.512706,-1.588184,0.674259,-0.734942,-0.730089,-0.732908,0.785745,-0.035909,-0.749034,0.012715,0.336346,0.001654,-0.336346,-0.001654,0.356833,1.149008,-0.529882,1.158588,0.321635,2.169279,-0.561934,2.192287,176.552922,167.194739,177.001213,172.30586
