frame_id,elapsed_sec,expected_label,segment_id,window_seconds,confidence_threshold,stabilization_buffer,stabilization_min_votes,keep_buffer_on_target,buffer_duration_sec,valid_feature_ratio,raw_label,threshold_label,stable_label,confidence,prediction_updated,processing_fps
0,0.0,,0,5.0,0.55,5,3,0,0.0,0.0,WARMING_UP,WARMING_UP,WARMING_UP,0.0,0,0.0
1,27.439,,0,5.0,0.55,5,3,0,0.0,0.0,WARMING_UP,WARMING_UP,WARMING_UP,0.0,0,0.079
2,27.5233,,0,5.0,0.55,5,3,0,0.0843,0.0,WARMING_UP,WARMING_UP,WARMING_UP,0.0,0,2.162
3,27.5659,,0,5.0,0.55,5,3,0,0.1269,0.0,WARMING_UP,WARMING_UP,WARMING_UP,0.0,0,4.944
4,27.5993,,0,5.0,0.55,5,3,0,0.1603,0.0,WARMING_UP,WARMING_UP,WARMING_UP,0.0,0,7.33
5,27.6341,,0,5.0,0.55,5,3,0,0.1951,0.0,WARMING_UP,WARMING_UP,WARMING_UP,0.0,0,9.621
6,27.6673,,0,5.0,0.55,5,3,0,0.2282,0.0,WARMING_UP,WARMING_UP,WARMING_UP,0.0,0,11.901
7,27.6978,,0,5.0,0.55,5,3,0,0.2588,0.0,WARMING_UP,WARMING_UP,WARMING_UP,0.0,0,16.459
8,27.7152,,0,5.0,0.55,5,3,0,0.2761,0.0,WARMING_UP,WARMING_UP,WARMING_UP,0.0,0,24.035
9,27.726,,0,5.0,0.55,5,3,0,0.287,0.0,WARMING_UP,WARMING_UP,WARMING_UP,0.0,0,29.461
10,27.7389,,0,5.0,0.55,5,3,0,0.2999,0.0,WARMING_UP,WARMING_UP,WARMING_UP,0.0,0,32.796
11,27.7548,,0,5.0,0.55,5,3,0,0.3157,0.0,WARMING_UP,WARMING_UP,WARMING_UP,0.0,0,39.261
12,27.7649,,0,5.0,0.55,5,3,0,0.3259,0.0,WARMING_UP,WARMING_UP,WARMING_UP,0.0,0,41.775
13,27.7804,,0,5.0,0.55,5,3,0,0.3414,0.0,WARMING_UP,WARMING_UP,WARMING_UP,0.0,0,45.319
14,27.7935,,0,5.0,0.55,5,3,0,0.3545,0.0,WARMING_UP,WARMING_UP,WARMING_UP,0.0,0,50.847
15,27.8035,,0,5.0,0.55,5,3,0,0.3644,0.0,WARMING_UP,WARMING_UP,WARMING_UP,0.0,0,51.434
16,27.8212,,0,5.0,0.55,5,3,0,0.3822,0.0,WARMING_UP,WARMING_UP,WARMING_UP,0.0,0,53.288
17,27.8353,,0,5.0,0.55,5,3,0,0.3963,0.0,WARMING_UP,WARMING_UP,WARMING_UP,0.0,0,53.631
18,27.8533,,0,5.0,0.55,5,3,0,0.4143,0.0,WARMING_UP,WARMING_UP,WARMING_UP,0.0,0,53.788
19,27.8721,,0,5.0,0.55,5,3,0,0.433,0.0,WARMING_UP,WARMING_UP,WARMING_UP,0.0,0,57.201
20,27.883,,0,5.0,0.55,5,3,0,0.4439,0.0,WARMING_UP,WARMING_UP,WARMING_UP,0.0,0,59.68
21,27.8947,,0,5.0,0.55,5,3,0,0.4557,0.0,WARMING_UP,WARMING_UP,WARMING_UP,0.0,0,62.671
22,27.9059,,0,5.0,0.55,5,3,0,0.4669,0.0,WARMING_UP,WARMING_UP,WARMING_UP,0.0,0,66.443
23,27.9156,,0,5.0,0.55,5,3,0,0.4765,0.0,WARMING_UP,WARMING_UP,WARMING_UP,0.0,0,69.617
24,27.926,,0,5.0,0.55,5,3,0,0.487,0.0,WARMING_UP,WARMING_UP,WARMING_UP,0.0,0,72.482
25,27.9361,,0,5.0,0.55,5,3,0,0.4971,0.0,WARMING_UP,WARMING_UP,WARMING_UP,0.0,0,74.645
26,27.9467,,0,5.0,0.55,5,3,0,0.5077,0.0,WARMING_UP,WARMING_UP,WARMING_UP,0.0,0,72.689
27,27.965,,0,5.0,0.55,5,3,0,0.5259,0.0,WARMING_UP,WARMING_UP,WARMING_UP,0.0,0,74.785
28,27.9756,,0,5.0,0.55,5,3,0,0.5366,0.0,WARMING_UP,WARMING_UP,WARMING_UP,0.0,0,77.137
29,27.986,,0,5.0,0.55,5,3,0,0.547,0.0,WARMING_UP,WARMING_UP,WARMING_UP,0.0,0,78.743
30,27.9965,,0,5.0,0.55,5,3,0,0.5575,0.0,WARMING_UP,WARMING_UP,WARMING_UP,0.0,0,79.206
31,28.0085,,0,5.0,0.55,5,3,0,0.5695,0.0,WARMING_UP,WARMING_UP,WARMING_UP,0.0,0,76.841
32,28.0265,,0,5.0,0.55,5,3,0,0.5875,0.0,WARMING_UP,WARMING_UP,WARMING_UP,0.0,0,74.799
33,28.0442,,0,5.0,0.55,5,3,0,0.6052,0.0,WARMING_UP,WARMING_UP,WARMING_UP,0.0,0,76.876
34,28.0551,,0,5.0,0.55,5,3,0,0.616,0.0,WARMING_UP,WARMING_UP,WARMING_UP,0.0,0,78.354
35,28.0655,,0,5.0,0.55,5,3,0,0.6264,0.0,WARMING_UP,WARMING_UP,WARMING_UP,0.0,0,75.982
36,28.0841,,0,5.0,0.55,5,3,0,0.6451,0.0,WARMING_UP,WARMING_UP,WARMING_UP,0.0,0,77.705
37,28.0946,,0,5.0,0.55,5,3,0,0.6555,0.0,WARMING_UP,WARMING_UP,WARMING_UP,0.0,0,79.231
38,28.1055,,0,5.0,0.55,5,3,0,0.6665,0.0,WARMING_UP,WARMING_UP,WARMING_UP,0.0,0,76.988
39,28.1231,,0,5.0,0.55,5,3,0,0.6841,0.0,WARMING_UP,WARMING_UP,WARMING_UP,0.0,0,79.077
40,28.1331,,0,5.0,0.55,5,3,0,0.6941,0.0,WARMING_UP,WARMING_UP,WARMING_UP,0.0,0,79.654
41,28.145,,0,5.0,0.55,5,3,0,0.7059,0.0,WARMING_UP,WARMING_UP,WARMING_UP,0.0,0,77.5
42,28.1622,,0,5.0,0.55,5,3,0,0.7232,0.0,WARMING_UP,WARMING_UP,WARMING_UP,0.0,0,75.417
43,28.1798,,0,5.0,0.55,5,3,0,0.7408,0.0,WARMING_UP,WARMING_UP,WARMING_UP,0.0,0,77.009
44,28.1908,,0,5.0,0.55,5,3,0,0.7517,0.0,WARMING_UP,WARMING_UP,WARMING_UP,0.0,0,78.62
45,28.2015,,0,5.0,0.55,5,3,0,0.7625,0.0,WARMING_UP,WARMING_UP,WARMING_UP,0.0,0,80.173
46,28.2123,,0,5.0,0.55,5,3,0,0.7732,0.0,WARMING_UP,WARMING_UP,WARMING_UP,0.0,0,81.113
47,28.2233,,0,5.0,0.55,5,3,0,0.7842,0.0,WARMING_UP,WARMING_UP,WARMING_UP,0.0,0,82.827
48,28.2333,,0,5.0,0.55,5,3,0,0.7943,0.0,WARMING_UP,WARMING_UP,WARMING_UP,0.0,0,83.974
49,28.2442,,0,5.0,0.55,5,3,0,0.8052,0.0,WARMING_UP,WARMING_UP,WARMING_UP,0.0,0,84.865
50,28.255,,0,5.0,0.55,5,3,0,0.816,0.0,WARMING_UP,WARMING_UP,WARMING_UP,0.0,0,82.752
51,28.2709,,0,5.0,0.55,5,3,0,0.8318,0.0,WARMING_UP,WARMING_UP,WARMING_UP,0.0,0,83.778
52,28.2813,,0,5.0,0.55,5,3,0,0.8422,0.0,WARMING_UP,WARMING_UP,WARMING_UP,0.0,0,84.265
53,28.2925,,0,5.0,0.55,5,3,0,0.8535,0.0,WARMING_UP,WARMING_UP,WARMING_UP,0.0,0,86.034
54,28.3027,,0,5.0,0.55,5,3,0,0.8637,0.0,WARMING_UP,WARMING_UP,WARMING_UP,0.0,0,86.321
55,28.3136,,0,5.0,0.55,5,3,0,0.8746,0.0,WARMING_UP,WARMING_UP,WARMING_UP,0.0,0,85.761
56,28.3261,,0,5.0,0.55,5,3,0,0.8871,0.0,WARMING_UP,WARMING_UP,WARMING_UP,0.0,0,87.232
57,28.3359,,0,5.0,0.55,5,3,0,0.8968,0.0,WARMING_UP,WARMING_UP,WARMING_UP,0.0,0,86.577
58,28.3484,,0,5.0,0.55,5,3,0,0.9093,0.0,WARMING_UP,WARMING_UP,WARMING_UP,0.0,0,84.41
59,28.3637,,0,5.0,0.55,5,3,0,0.9247,0.0,WARMING_UP,WARMING_UP,WARMING_UP,0.0,0,81.647
60,28.3814,,0,5.0,0.55,5,3,0,0.9424,0.0,WARMING_UP,WARMING_UP,WARMING_UP,0.0,0,82.625
61,28.3923,,0,5.0,0.55,5,3,0,0.9533,0.0,WARMING_UP,WARMING_UP,WARMING_UP,0.0,0,80.547
62,28.4086,,0,5.0,0.55,5,3,0,0.9695,0.0,WARMING_UP,WARMING_UP,WARMING_UP,0.0,0,82.404
63,28.419,,0,5.0,0.55,5,3,0,0.9799,0.0,WARMING_UP,WARMING_UP,WARMING_UP,0.0,0,82.976
64,28.4301,,0,5.0,0.55,5,3,0,0.991,0.0,WARMING_UP,WARMING_UP,WARMING_UP,0.0,0,83.167
65,28.4417,,0,5.0,0.55,5,3,0,1.0027,0.0,WARMING_UP,WARMING_UP,WARMING_UP,0.0,0,84.883
66,28.4516,,0,5.0,0.55,5,3,0,1.0126,0.0,WARMING_UP,WARMING_UP,WARMING_UP,0.0,0,85.029
67,28.4632,,0,5.0,0.55,5,3,0,1.0241,0.0,WARMING_UP,WARMING_UP,WARMING_UP,0.0,0,85.921
68,28.4741,,0,5.0,0.55,5,3,0,1.035,0.0,WARMING_UP,WARMING_UP,WARMING_UP,0.0,0,87.081
69,28.484,,0,5.0,0.55,5,3,0,1.0449,0.0,WARMING_UP,WARMING_UP,WARMING_UP,0.0,0,87.971
70,28.4946,,0,5.0,0.55,5,3,0,1.0555,0.0,WARMING_UP,WARMING_UP,WARMING_UP,0.0,0,89.331
71,28.5046,,0,5.0,0.55,5,3,0,1.0655,0.0,WARMING_UP,WARMING_UP,WARMING_UP,0.0,0,89.984
72,28.5147,,0,5.0,0.55,5,3,0,1.0757,0.0,WARMING_UP,WARMING_UP,WARMING_UP,0.0,0,90.484
73,28.5254,,0,5.0,0.55,5,3,0,1.0864,0.0,WARMING_UP,WARMING_UP,WARMING_UP,0.0,0,91.278
74,28.5359,,0,5.0,0.55,5,3,0,1.0968,0.0,WARMING_UP,WARMING_UP,WARMING_UP,0.0,0,87.519
75,28.5545,,0,5.0,0.55,5,3,0,1.1154,0.0,WARMING_UP,WARMING_UP,WARMING_UP,0.0,0,84.32
76,28.5725,,0,5.0,0.55,5,3,0,1.1334,0.0,WARMING_UP,WARMING_UP,WARMING_UP,0.0,0,84.976
77,28.583,,0,5.0,0.55,5,3,0,1.144,0.0,WARMING_UP,WARMING_UP,WARMING_UP,0.0,0,82.178
78,28.6009,,0,5.0,0.55,5,3,0,1.1619,0.0,WARMING_UP,WARMING_UP,WARMING_UP,0.0,0,82.077
79,28.613,,0,5.0,0.55,5,3,0,1.174,0.0,WARMING_UP,WARMING_UP,WARMING_UP,0.0,0,81.921
80,28.6255,,0,5.0,0.55,5,3,0,1.1865,0.0,WARMING_UP,WARMING_UP,WARMING_UP,0.0,0,83.021
81,28.6362,,0,5.0,0.55,5,3,0,1.1971,0.0,WARMING_UP,WARMING_UP,WARMING_UP,0.0,0,84.644
82,28.6465,,0,5.0,0.55,5,3,0,1.2074,0.0,WARMING_UP,WARMING_UP,WARMING_UP,0.0,0,84.708
83,28.658,,0,5.0,0.55,5,3,0,1.219,0.0,WARMING_UP,WARMING_UP,WARMING_UP,0.0,0,86.377
84,28.668,,0,5.0,0.55,5,3,0,1.229,0.0,WARMING_UP,WARMING_UP,WARMING_UP,0.0,0,85.084
85,28.6817,,0,5.0,0.55,5,3,0,1.2426,0.0,WARMING_UP,WARMING_UP,WARMING_UP,0.0,0,85.199
86,28.6932,,0,5.0,0.55,5,3,0,1.2541,0.0,WARMING_UP,WARMING_UP,WARMING_UP,0.0,0,85.612
87,28.7046,,0,5.0,0.55,5,3,0,1.2656,0.0,WARMING_UP,WARMING_UP,WARMING_UP,0.0,0,86.301
88,28.7152,,0,5.0,0.55,5,3,0,1.2761,0.0,WARMING_UP,WARMING_UP,WARMING_UP,0.0,0,85.698
89,28.7277,,0,5.0,0.55,5,3,0,1.2886,0.0,WARMING_UP,WARMING_UP,WARMING_UP,0.0,0,85.867
90,28.7393,,0,5.0,0.55,5,3,0,1.3002,0.0,WARMING_UP,WARMING_UP,WARMING_UP,0.0,0,86.078
91,28.7502,,0,5.0,0.55,5,3,0,1.3112,0.0,WARMING_UP,WARMING_UP,WARMING_UP,0.0,0,84.972
92,28.7637,,0,5.0,0.55,5,3,0,1.3247,0.0,WARMING_UP,WARMING_UP,WARMING_UP,0.0,0,82.243
93,28.781,,0,5.0,0.55,5,3,0,1.3419,0.0,WARMING_UP,WARMING_UP,WARMING_UP,0.0,0,79.816
94,28.7983,,0,5.0,0.55,5,3,0,1.3592,0.0,WARMING_UP,WARMING_UP,WARMING_UP,0.0,0,81.124
95,28.8091,,0,5.0,0.55,5,3,0,1.37,0.0,WARMING_UP,WARMING_UP,WARMING_UP,0.0,0,82.916
96,28.8192,,0,5.0,0.55,5,3,0,1.3801,0.0,WARMING_UP,WARMING_UP,WARMING_UP,0.0,0,84.507
97,28.8293,,0,5.0,0.55,5,3,0,1.3902,0.0,WARMING_UP,WARMING_UP,WARMING_UP,0.0,0,84.847
98,28.8406,,0,5.0,0.55,5,3,0,1.4015,0.0,WARMING_UP,WARMING_UP,WARMING_UP,0.0,0,86.009
99,28.851,,0,5.0,0.55,5,3,0,1.4119,0.0,WARMING_UP,WARMING_UP,WARMING_UP,0.0,0,85.714
100,28.8631,,0,5.0,0.55,5,3,0,1.4241,0.0,WARMING_UP,WARMING_UP,WARMING_UP,0.0,0,86.267
101,28.8741,,0,5.0,0.55,5,3,0,1.435,0.0,WARMING_UP,WARMING_UP,WARMING_UP,0.0,0,87.318
102,28.8842,,0,5.0,0.55,5,3,0,1.4452,0.0,WARMING_UP,WARMING_UP,WARMING_UP,0.0,0,87.8
103,28.8951,,0,5.0,0.55,5,3,0,1.4561,0.0,WARMING_UP,WARMING_UP,WARMING_UP,0.0,0,89.537
104,28.9046,,0,5.0,0.55,5,3,0,1.4655,0.0,WARMING_UP,WARMING_UP,WARMING_UP,0.0,0,90.237
105,28.9149,,0,5.0,0.55,5,3,0,1.4759,0.0,WARMING_UP,WARMING_UP,WARMING_UP,0.0,0,91.527
106,28.9248,,0,5.0,0.55,5,3,0,1.4858,0.0,WARMING_UP,WARMING_UP,WARMING_UP,0.0,0,92.372
107,28.9347,,0,5.0,0.55,5,3,0,1.4957,0.0,WARMING_UP,WARMING_UP,WARMING_UP,0.0,0,92.421
108,28.9455,,0,5.0,0.55,5,3,0,1.5064,0.0,WARMING_UP,WARMING_UP,WARMING_UP,0.0,0,92.514
109,28.9561,,0,5.0,0.55,5,3,0,1.5171,0.0,WARMING_UP,WARMING_UP,WARMING_UP,0.0,0,93.723
110,28.9656,,0,5.0,0.55,5,3,0,1.5266,0.0,WARMING_UP,WARMING_UP,WARMING_UP,0.0,0,93.895
111,28.9762,,0,5.0,0.55,5,3,0,1.5371,0.0,WARMING_UP,WARMING_UP,WARMING_UP,0.0,0,95.0
112,28.9858,,0,5.0,0.55,5,3,0,1.5468,0.0,WARMING_UP,WARMING_UP,WARMING_UP,0.0,0,95.094
113,28.9962,,0,5.0,0.55,5,3,0,1.5571,0.0,WARMING_UP,WARMING_UP,WARMING_UP,0.0,0,95.955
114,29.0059,,0,5.0,0.55,5,3,0,1.5668,0.0,WARMING_UP,WARMING_UP,WARMING_UP,0.0,0,96.285
115,29.0158,,0,5.0,0.55,5,3,0,1.5767,0.0,WARMING_UP,WARMING_UP,WARMING_UP,0.0,0,97.08
116,29.0255,,0,5.0,0.55,5,3,0,1.5864,0.0,WARMING_UP,WARMING_UP,WARMING_UP,0.0,0,97.666
117,29.0351,,0,5.0,0.55,5,3,0,1.596,0.0,WARMING_UP,WARMING_UP,WARMING_UP,0.0,0,97.602
118,29.0455,,0,5.0,0.55,5,3,0,1.6065,0.0,WARMING_UP,WARMING_UP,WARMING_UP,0.0,0,98.211
119,29.0553,,0,5.0,0.55,5,3,0,1.6162,0.0,WARMING_UP,WARMING_UP,WARMING_UP,0.0,0,98.486
120,29.065,,0,5.0,0.55,5,3,0,1.626,0.0,WARMING_UP,WARMING_UP,WARMING_UP,0.0,0,98.274
121,29.0755,,0,5.0,0.55,5,3,0,1.6364,0.0,WARMING_UP,WARMING_UP,WARMING_UP,0.0,0,98.722
122,29.0853,,0,5.0,0.55,5,3,0,1.6463,0.0,WARMING_UP,WARMING_UP,WARMING_UP,0.0,0,98.505
123,29.0955,,0,5.0,0.55,5,3,0,1.6565,0.0,WARMING_UP,WARMING_UP,WARMING_UP,0.0,0,98.639
124,29.1059,,0,5.0,0.55,5,3,0,1.6668,0.0,WARMING_UP,WARMING_UP,WARMING_UP,0.0,0,98.613
125,29.1156,,0,5.0,0.55,5,3,0,1.6765,0.0,WARMING_UP,WARMING_UP,WARMING_UP,0.0,0,98.379
126,29.1261,,0,5.0,0.55,5,3,0,1.687,0.0,WARMING_UP,WARMING_UP,WARMING_UP,0.0,0,99.291
127,29.1353,,0,5.0,0.55,5,3,0,1.6962,0.0,WARMING_UP,WARMING_UP,WARMING_UP,0.0,0,99.553
128,29.1452,,0,5.0,0.55,5,3,0,1.7062,0.0,WARMING_UP,WARMING_UP,WARMING_UP,0.0,0,99.598
129,29.1554,,0,5.0,0.55,5,3,0,1.7164,0.0,WARMING_UP,WARMING_UP,WARMING_UP,0.0,0,99.182
130,29.1657,,0,5.0,0.55,5,3,0,1.7267,0.0,WARMING_UP,WARMING_UP,WARMING_UP,0.0,0,94.983
131,29.1833,,0,5.0,0.55,5,3,0,1.7442,0.0,WARMING_UP,WARMING_UP,WARMING_UP,0.0,0,95.103
132,29.1936,,0,5.0,0.55,5,3,0,1.7546,0.0,WARMING_UP,WARMING_UP,WARMING_UP,0.0,0,95.662
133,29.2035,,0,5.0,0.55,5,3,0,1.7645,0.0,WARMING_UP,WARMING_UP,WARMING_UP,0.0,0,96.287
134,29.2132,,0,5.0,0.55,5,3,0,1.7742,0.0,WARMING_UP,WARMING_UP,WARMING_UP,0.0,0,93.214
135,29.2288,,0,5.0,0.55,5,3,0,1.7897,0.0,WARMING_UP,WARMING_UP,WARMING_UP,0.0,0,90.007
136,29.245,,0,5.0,0.55,5,3,0,1.806,0.0,WARMING_UP,WARMING_UP,WARMING_UP,0.0,0,86.891
137,29.262,,0,5.0,0.55,5,3,0,1.823,0.0,WARMING_UP,WARMING_UP,WARMING_UP,0.0,0,87.921
138,29.2722,,0,5.0,0.55,5,3,0,1.8332,0.0,WARMING_UP,WARMING_UP,WARMING_UP,0.0,0,84.771
139,29.2901,,0,5.0,0.55,5,3,0,1.851,0.0,WARMING_UP,WARMING_UP,WARMING_UP,0.0,0,83.962
140,29.3031,,0,5.0,0.55,5,3,0,1.8641,0.0,WARMING_UP,WARMING_UP,WARMING_UP,0.0,0,81.24
141,29.3209,,0,5.0,0.55,5,3,0,1.8818,0.0,WARMING_UP,WARMING_UP,WARMING_UP,0.0,0,78.852
142,29.3382,,0,5.0,0.55,5,3,0,1.8991,0.0,WARMING_UP,WARMING_UP,WARMING_UP,0.0,0,78.408
143,29.3515,,0,5.0,0.55,5,3,0,1.9125,0.0,WARMING_UP,WARMING_UP,WARMING_UP,0.0,0,80.338
144,29.3619,,0,5.0,0.55,5,3,0,1.9229,0.0,WARMING_UP,WARMING_UP,WARMING_UP,0.0,0,77.932
145,29.3798,,0,5.0,0.55,5,3,0,1.9408,0.0,WARMING_UP,WARMING_UP,WARMING_UP,0.0,0,76.998
146,29.3942,,0,5.0,0.55,5,3,0,1.9551,0.0,WARMING_UP,WARMING_UP,WARMING_UP,0.0,0,75.623
147,29.4101,,0,5.0,0.55,5,3,0,1.971,0.0,WARMING_UP,WARMING_UP,WARMING_UP,0.0,0,74.543
148,29.4255,,0,5.0,0.55,5,3,0,1.9865,0.0,WARMING_UP,WARMING_UP,WARMING_UP,0.0,0,76.724
149,29.4358,,0,5.0,0.55,5,3,0,1.9968,0.0,WARMING_UP,WARMING_UP,WARMING_UP,0.0,0,78.165
150,29.4468,,0,5.0,0.55,5,3,0,2.0077,0.0,WARMING_UP,WARMING_UP,WARMING_UP,0.0,0,77.998
151,29.4598,,0,5.0,0.55,5,3,0,2.0208,0.0,WARMING_UP,WARMING_UP,WARMING_UP,0.0,0,76.066
152,29.4769,,0,5.0,0.55,5,3,0,2.0378,0.0,WARMING_UP,WARMING_UP,WARMING_UP,0.0,0,74.246
153,29.4941,,0,5.0,0.55,5,3,0,2.0551,0.0,WARMING_UP,WARMING_UP,WARMING_UP,0.0,0,76.798
154,29.504,,0,5.0,0.55,5,3,0,2.065,0.0,WARMING_UP,WARMING_UP,WARMING_UP,0.0,0,78.068
155,29.5153,,0,5.0,0.55,5,3,0,2.0762,0.0,WARMING_UP,WARMING_UP,WARMING_UP,0.0,0,76.121
156,29.5323,,0,5.0,0.55,5,3,0,2.0933,0.0,WARMING_UP,WARMING_UP,WARMING_UP,0.0,0,74.591
157,29.5488,,0,5.0,0.55,5,3,0,2.1098,0.0,WARMING_UP,WARMING_UP,WARMING_UP,0.0,0,74.784
158,29.5619,,0,5.0,0.55,5,3,0,2.1228,0.0,WARMING_UP,WARMING_UP,WARMING_UP,0.0,0,73.313
159,29.5785,,0,5.0,0.55,5,3,0,2.1395,0.0,WARMING_UP,WARMING_UP,WARMING_UP,0.0,0,72.707
160,29.5934,,0,5.0,0.55,5,3,0,2.1543,0.0,WARMING_UP,WARMING_UP,WARMING_UP,0.0,0,71.371
161,29.6103,,0,5.0,0.55,5,3,0,2.1713,0.0,WARMING_UP,WARMING_UP,WARMING_UP,0.0,0,70.127
162,29.6273,,0,5.0,0.55,5,3,0,2.1882,0.0,WARMING_UP,WARMING_UP,WARMING_UP,0.0,0,69.236
163,29.6435,,0,5.0,0.55,5,3,0,2.2045,0.0,WARMING_UP,WARMING_UP,WARMING_UP,0.0,0,68.305
164,29.6602,,0,5.0,0.55,5,3,0,2.2212,0.0,WARMING_UP,WARMING_UP,WARMING_UP,0.0,0,68.036
165,29.6755,,0,5.0,0.55,5,3,0,2.2365,0.0,WARMING_UP,WARMING_UP,WARMING_UP,0.0,0,67.24
166,29.6921,,0,5.0,0.55,5,3,0,2.253,0.0,WARMING_UP,WARMING_UP,WARMING_UP,0.0,0,66.653
167,29.7084,,0,5.0,0.55,5,3,0,2.2694,0.0,WARMING_UP,WARMING_UP,WARMING_UP,0.0,0,66.738
168,29.7234,,0,5.0,0.55,5,3,0,2.2843,0.0,WARMING_UP,WARMING_UP,WARMING_UP,0.0,0,66.451
169,29.7394,,0,5.0,0.55,5,3,0,2.3003,0.0,WARMING_UP,WARMING_UP,WARMING_UP,0.0,0,65.288
170,29.7571,,0,5.0,0.55,5,3,0,2.3181,0.0,WARMING_UP,WARMING_UP,WARMING_UP,0.0,0,64.691
171,29.774,,0,5.0,0.55,5,3,0,2.3349,0.0,WARMING_UP,WARMING_UP,WARMING_UP,0.0,0,64.472
172,29.7901,,0,5.0,0.55,5,3,0,2.3511,0.0,WARMING_UP,WARMING_UP,WARMING_UP,0.0,0,63.692
173,29.8077,,0,5.0,0.55,5,3,0,2.3687,0.0,WARMING_UP,WARMING_UP,WARMING_UP,0.0,0,63.164
174,29.8247,,0,5.0,0.55,5,3,0,2.3857,0.0,WARMING_UP,WARMING_UP,WARMING_UP,0.0,0,64.465
175,29.8379,,0,5.0,0.55,5,3,0,2.3988,0.0,WARMING_UP,WARMING_UP,WARMING_UP,0.0,0,68.169
176,29.8476,,0,5.0,0.55,5,3,0,2.4086,0.0,WARMING_UP,WARMING_UP,WARMING_UP,0.0,0,67.183
177,29.8651,,0,5.0,0.55,5,3,0,2.426,0.0,WARMING_UP,WARMING_UP,WARMING_UP,0.0,0,66.197
178,29.8824,,0,5.0,0.55,5,3,0,2.4433,0.0,WARMING_UP,WARMING_UP,WARMING_UP,0.0,0,66.509
179,29.8967,,0,5.0,0.55,5,3,0,2.4576,0.0,WARMING_UP,WARMING_UP,WARMING_UP,0.0,0,69.218
180,29.9074,,0,5.0,0.55,5,3,0,2.4683,0.0,WARMING_UP,WARMING_UP,WARMING_UP,0.0,0,72.418
181,29.9173,,0,5.0,0.55,5,3,0,2.4782,0.0,WARMING_UP,WARMING_UP,WARMING_UP,0.0,0,74.273
182,29.9282,,0,5.0,0.55,5,3,0,2.4892,0.0,WARMING_UP,WARMING_UP,WARMING_UP,0.0,0,76.842
183,29.9383,,0,5.0,0.55,5,3,0,2.4992,0.0,WARMING_UP,WARMING_UP,WARMING_UP,0.0,0,79.077
184,29.9483,,0,5.0,0.55,5,3,0,2.5093,0.0,WARMING_UP,WARMING_UP,WARMING_UP,0.0,0,81.292
185,29.9582,,0,5.0,0.55,5,3,0,2.5192,0.0,WARMING_UP,WARMING_UP,WARMING_UP,0.0,0,83.445
186,29.9679,,0,5.0,0.55,5,3,0,2.5288,0.0,WARMING_UP,WARMING_UP,WARMING_UP,0.0,0,85.508
187,29.9775,,0,5.0,0.55,5,3,0,2.5384,0.0,WARMING_UP,WARMING_UP,WARMING_UP,0.0,0,83.06
188,29.994,,0,5.0,0.55,5,3,0,2.555,0.0,WARMING_UP,WARMING_UP,WARMING_UP,0.0,0,83.338
189,30.0058,,0,5.0,0.55,5,3,0,2.5668,0.0,WARMING_UP,WARMING_UP,WARMING_UP,0.0,0,84.817
190,30.0158,,0,5.0,0.55,5,3,0,2.5767,0.0,WARMING_UP,WARMING_UP,WARMING_UP,0.0,0,86.581
191,30.0255,,0,5.0,0.55,5,3,0,2.5864,0.0,WARMING_UP,WARMING_UP,WARMING_UP,0.0,0,85.684
192,30.0385,,0,5.0,0.55,5,3,0,2.5994,0.0,WARMING_UP,WARMING_UP,WARMING_UP,0.0,0,87.11
193,30.0484,,0,5.0,0.55,5,3,0,2.6093,0.0,WARMING_UP,WARMING_UP,WARMING_UP,0.0,0,88.154
194,30.0588,,0,5.0,0.55,5,3,0,2.6198,0.0,WARMING_UP,WARMING_UP,WARMING_UP,0.0,0,85.742
195,30.0745,,0,5.0,0.55,5,3,0,2.6354,0.0,WARMING_UP,WARMING_UP,WARMING_UP,0.0,0,83.192
196,30.0909,,0,5.0,0.55,5,3,0,2.6519,0.0,WARMING_UP,WARMING_UP,WARMING_UP,0.0,0,80.819
197,30.1077,,0,5.0,0.55,5,3,0,2.6687,0.0,WARMING_UP,WARMING_UP,WARMING_UP,0.0,0,78.604
198,30.1249,,0,5.0,0.55,5,3,0,2.6859,0.0,WARMING_UP,WARMING_UP,WARMING_UP,0.0,0,80.655
199,30.1347,,0,5.0,0.55,5,3,0,2.6957,0.0,WARMING_UP,WARMING_UP,WARMING_UP,0.0,0,82.592
200,30.1449,,0,5.0,0.55,5,3,0,2.7058,0.0,WARMING_UP,WARMING_UP,WARMING_UP,0.0,0,82.284
201,30.1576,,0,5.0,0.55,5,3,0,2.7186,0.0,WARMING_UP,WARMING_UP,WARMING_UP,0.0,0,84.104
202,30.1673,,0,5.0,0.55,5,3,0,2.7282,0.0,WARMING_UP,WARMING_UP,WARMING_UP,0.0,0,85.723
203,30.1774,,0,5.0,0.55,5,3,0,2.7383,0.0,WARMING_UP,WARMING_UP,WARMING_UP,0.0,0,87.468
204,30.1872,,0,5.0,0.55,5,3,0,2.7482,0.0,WARMING_UP,WARMING_UP,WARMING_UP,0.0,0,88.264
205,30.1975,,0,5.0,0.55,5,3,0,2.7585,0.0,WARMING_UP,WARMING_UP,WARMING_UP,0.0,0,88.461
206,30.2087,,0,5.0,0.55,5,3,0,2.7697,0.0,WARMING_UP,WARMING_UP,WARMING_UP,0.0,0,85.62
207,30.2252,,0,5.0,0.55,5,3,0,2.7862,0.0,WARMING_UP,WARMING_UP,WARMING_UP,0.0,0,85.87
208,30.2368,,0,5.0,0.55,5,3,0,2.7977,0.0,WARMING_UP,WARMING_UP,WARMING_UP,0.0,0,87.166
209,30.2467,,0,5.0,0.55,5,3,0,2.8077,0.0,WARMING_UP,WARMING_UP,WARMING_UP,0.0,0,86.539
210,30.2592,,0,5.0,0.55,5,3,0,2.8202,0.0,WARMING_UP,WARMING_UP,WARMING_UP,0.0,0,84.225
211,30.275,,0,5.0,0.55,5,3,0,2.836,0.0,WARMING_UP,WARMING_UP,WARMING_UP,0.0,0,82.389
212,30.2901,,0,5.0,0.55,5,3,0,2.8511,0.0,WARMING_UP,WARMING_UP,WARMING_UP,0.0,0,80.025
213,30.3071,,0,5.0,0.55,5,3,0,2.8681,0.0,WARMING_UP,WARMING_UP,WARMING_UP,0.0,0,82.132
214,30.3169,,0,5.0,0.55,5,3,0,2.8778,0.0,WARMING_UP,WARMING_UP,WARMING_UP,0.0,0,83.853
215,30.3271,,0,5.0,0.55,5,3,0,2.888,0.0,WARMING_UP,WARMING_UP,WARMING_UP,0.0,0,85.731
216,30.3369,,0,5.0,0.55,5,3,0,2.8979,0.0,WARMING_UP,WARMING_UP,WARMING_UP,0.0,0,86.724
217,30.3472,,0,5.0,0.55,5,3,0,2.9082,0.0,WARMING_UP,WARMING_UP,WARMING_UP,0.0,0,87.685
218,30.3576,,0,5.0,0.55,5,3,0,2.9186,0.0,WARMING_UP,WARMING_UP,WARMING_UP,0.0,0,89.093
219,30.3673,,0,5.0,0.55,5,3,0,2.9283,0.0,WARMING_UP,WARMING_UP,WARMING_UP,0.0,0,86.289
220,30.3839,,0,5.0,0.55,5,3,0,2.9449,0.0,WARMING_UP,WARMING_UP,WARMING_UP,0.0,0,86.385
221,30.3953,,0,5.0,0.55,5,3,0,2.9563,0.0,WARMING_UP,WARMING_UP,WARMING_UP,0.0,0,84.665
222,30.4098,,0,5.0,0.55,5,3,0,2.9708,0.0,WARMING_UP,WARMING_UP,WARMING_UP,0.0,0,82.236
223,30.4263,,0,5.0,0.55,5,3,0,2.9872,0.0,WARMING_UP,WARMING_UP,WARMING_UP,0.0,0,80.097
224,30.4427,,0,5.0,0.55,5,3,0,3.0037,0.0,WARMING_UP,WARMING_UP,WARMING_UP,0.0,0,77.948
225,30.4599,,0,5.0,0.55,5,3,0,3.0208,0.0,WARMING_UP,WARMING_UP,WARMING_UP,0.0,0,76.066
226,30.4768,,0,5.0,0.55,5,3,0,3.0377,0.0,WARMING_UP,WARMING_UP,WARMING_UP,0.0,0,76.911
227,30.4886,,0,5.0,0.55,5,3,0,3.0496,0.0,WARMING_UP,WARMING_UP,WARMING_UP,0.0,0,75.411
228,30.5048,,0,5.0,0.55,5,3,0,3.0657,0.0,WARMING_UP,WARMING_UP,WARMING_UP,0.0,0,74.12
229,30.521,,0,5.0,0.55,5,3,0,3.0819,0.0,WARMING_UP,WARMING_UP,WARMING_UP,0.0,0,72.618
230,30.5378,,0,5.0,0.55,5,3,0,3.0987,0.0,WARMING_UP,WARMING_UP,WARMING_UP,0.0,0,71.233
231,30.5547,,0,5.0,0.55,5,3,0,3.1157,0.0,WARMING_UP,WARMING_UP,WARMING_UP,0.0,0,74.117
232,30.5646,,0,5.0,0.55,5,3,0,3.1256,0.0,WARMING_UP,WARMING_UP,WARMING_UP,0.0,0,74.899
233,30.5768,,0,5.0,0.55,5,3,0,3.1377,0.0,WARMING_UP,WARMING_UP,WARMING_UP,0.0,0,73.556
234,30.5932,,0,5.0,0.55,5,3,0,3.1541,0.0,WARMING_UP,WARMING_UP,WARMING_UP,0.0,0,72.531
235,30.6091,,0,5.0,0.55,5,3,0,3.17,0.0,WARMING_UP,WARMING_UP,WARMING_UP,0.0,0,71.549
236,30.6249,,0,5.0,0.55,5,3,0,3.1859,0.0,WARMING_UP,WARMING_UP,WARMING_UP,0.0,0,71.078
237,30.6401,,0,5.0,0.55,5,3,0,3.2011,0.0,WARMING_UP,WARMING_UP,WARMING_UP,0.0,0,69.552
238,30.6578,,0,5.0,0.55,5,3,0,3.2188,0.0,WARMING_UP,WARMING_UP,WARMING_UP,0.0,0,68.288
239,30.6754,,0,5.0,0.55,5,3,0,3.2363,0.0,WARMING_UP,WARMING_UP,WARMING_UP,0.0,0,67.618
240,30.6916,,0,5.0,0.55,5,3,0,3.2526,0.0,WARMING_UP,WARMING_UP,WARMING_UP,0.0,0,66.755
241,30.7088,,0,5.0,0.55,5,3,0,3.2697,0.0,WARMING_UP,WARMING_UP,WARMING_UP,0.0,0,67.923
242,30.7216,,0,5.0,0.55,5,3,0,3.2826,0.0,WARMING_UP,WARMING_UP,WARMING_UP,0.0,0,70.195
243,30.7323,,0,5.0,0.55,5,3,0,3.2933,0.0,WARMING_UP,WARMING_UP,WARMING_UP,0.0,0,72.326
244,30.7433,,0,5.0,0.55,5,3,0,3.3042,0.0,WARMING_UP,WARMING_UP,WARMING_UP,0.0,0,74.524
245,30.7537,,0,5.0,0.55,5,3,0,3.3147,0.0,WARMING_UP,WARMING_UP,WARMING_UP,0.0,0,76.859
246,30.764,,0,5.0,0.55,5,3,0,3.3249,0.0,WARMING_UP,WARMING_UP,WARMING_UP,0.0,0,79.318
247,30.7741,,0,5.0,0.55,5,3,0,3.3351,0.0,WARMING_UP,WARMING_UP,WARMING_UP,0.0,0,80.763
248,30.7844,,0,5.0,0.55,5,3,0,3.3453,0.0,WARMING_UP,WARMING_UP,WARMING_UP,0.0,0,82.37
249,30.7949,,0,5.0,0.55,5,3,0,3.3558,0.0,WARMING_UP,WARMING_UP,WARMING_UP,0.0,0,83.651
250,30.8053,,0,5.0,0.55,5,3,0,3.3663,0.0,WARMING_UP,WARMING_UP,WARMING_UP,0.0,0,85.038
251,30.8157,,0,5.0,0.55,5,3,0,3.3766,0.0,WARMING_UP,WARMING_UP,WARMING_UP,0.0,0,86.516
252,30.8256,,0,5.0,0.55,5,3,0,3.3865,0.0,WARMING_UP,WARMING_UP,WARMING_UP,0.0,0,88.255
253,30.8351,,0,5.0,0.55,5,3,0,3.3961,0.0,WARMING_UP,WARMING_UP,WARMING_UP,0.0,0,88.378
254,30.8464,,0,5.0,0.55,5,3,0,3.4073,0.0,WARMING_UP,WARMING_UP,WARMING_UP,0.0,0,89.701
255,30.8565,,0,5.0,0.55,5,3,0,3.4175,0.0,WARMING_UP,WARMING_UP,WARMING_UP,0.0,0,90.148
256,30.8668,,0,5.0,0.55,5,3,0,3.4278,0.0,WARMING_UP,WARMING_UP,WARMING_UP,0.0,0,86.892
257,30.8845,,0,5.0,0.55,5,3,0,3.4454,0.0,WARMING_UP,WARMING_UP,WARMING_UP,0.0,0,87.9
258,30.8946,,0,5.0,0.55,5,3,0,3.4555,0.0,WARMING_UP,WARMING_UP,WARMING_UP,0.0,0,89.006
259,30.9047,,0,5.0,0.55,5,3,0,3.4657,0.0,WARMING_UP,WARMING_UP,WARMING_UP,0.0,0,89.376
260,30.9154,,0,5.0,0.55,5,3,0,3.4763,0.0,WARMING_UP,WARMING_UP,WARMING_UP,0.0,0,88.906
261,30.9275,,0,5.0,0.55,5,3,0,3.4884,0.0,WARMING_UP,WARMING_UP,WARMING_UP,0.0,0,88.489
262,30.9391,,0,5.0,0.55,5,3,0,3.5001,0.0,WARMING_UP,WARMING_UP,WARMING_UP,0.0,0,85.124
263,30.9574,,0,5.0,0.55,5,3,0,3.5183,0.0,WARMING_UP,WARMING_UP,WARMING_UP,0.0,0,82.649
264,30.974,,0,5.0,0.55,5,3,0,3.535,0.0,WARMING_UP,WARMING_UP,WARMING_UP,0.0,0,84.19
265,30.9839,,0,5.0,0.55,5,3,0,3.5449,0.0,WARMING_UP,WARMING_UP,WARMING_UP,0.0,0,85.189
266,30.9947,,0,5.0,0.55,5,3,0,3.5557,0.0,WARMING_UP,WARMING_UP,WARMING_UP,0.0,0,86.439
267,31.005,,0,5.0,0.55,5,3,0,3.5659,0.0,WARMING_UP,WARMING_UP,WARMING_UP,0.0,0,85.261
268,31.0183,,0,5.0,0.55,5,3,0,3.5793,0.0,WARMING_UP,WARMING_UP,WARMING_UP,0.0,0,86.774
269,31.0282,,0,5.0,0.55,5,3,0,3.5891,0.0,WARMING_UP,WARMING_UP,WARMING_UP,0.0,0,88.118
270,31.0382,,0,5.0,0.55,5,3,0,3.5991,0.0,WARMING_UP,WARMING_UP,WARMING_UP,0.0,0,89.456
271,31.048,,0,5.0,0.55,5,3,0,3.6089,0.0,WARMING_UP,WARMING_UP,WARMING_UP,0.0,0,90.192
272,31.0586,,0,5.0,0.55,5,3,0,3.6195,0.0,WARMING_UP,WARMING_UP,WARMING_UP,0.0,0,90.597
273,31.069,,0,5.0,0.55,5,3,0,3.6299,0.0,WARMING_UP,WARMING_UP,WARMING_UP,0.0,0,87.918
274,31.0847,,0,5.0,0.55,5,3,0,3.6457,0.0,WARMING_UP,WARMING_UP,WARMING_UP,0.0,0,88.386
275,31.0955,,0,5.0,0.55,5,3,0,3.6565,0.0,WARMING_UP,WARMING_UP,WARMING_UP,0.0,0,89.667
276,31.1053,,0,5.0,0.55,5,3,0,3.6663,0.0,WARMING_UP,WARMING_UP,WARMING_UP,0.0,0,89.806
277,31.1163,,0,5.0,0.55,5,3,0,3.6772,0.0,WARMING_UP,WARMING_UP,WARMING_UP,0.0,0,88.091
278,31.1302,,0,5.0,0.55,5,3,0,3.6911,0.0,WARMING_UP,WARMING_UP,WARMING_UP,0.0,0,87.405
279,31.1425,,0,5.0,0.55,5,3,0,3.7034,0.0,WARMING_UP,WARMING_UP,WARMING_UP,0.0,0,84.756
280,31.1589,,0,5.0,0.55,5,3,0,3.7199,0.0,WARMING_UP,WARMING_UP,WARMING_UP,0.0,0,86.157
281,31.1689,,0,5.0,0.55,5,3,0,3.7299,0.0,WARMING_UP,WARMING_UP,WARMING_UP,0.0,0,87.5
282,31.1791,,0,5.0,0.55,5,3,0,3.7401,0.0,WARMING_UP,WARMING_UP,WARMING_UP,0.0,0,88.723
283,31.1891,,0,5.0,0.55,5,3,0,3.75,0.0,WARMING_UP,WARMING_UP,WARMING_UP,0.0,0,89.008
284,31.2,,0,5.0,0.55,5,3,0,3.761,0.0,WARMING_UP,WARMING_UP,WARMING_UP,0.0,0,90.033
285,31.2101,,0,5.0,0.55,5,3,0,3.7711,0.0,WARMING_UP,WARMING_UP,WARMING_UP,0.0,0,87.504
286,31.2256,,0,5.0,0.55,5,3,0,3.7866,0.0,WARMING_UP,WARMING_UP,WARMING_UP,0.0,0,88.625
287,31.2356,,0,5.0,0.55,5,3,0,3.7966,0.0,WARMING_UP,WARMING_UP,WARMING_UP,0.0,0,89.186
288,31.2462,,0,5.0,0.55,5,3,0,3.8071,0.0,WARMING_UP,WARMING_UP,WARMING_UP,0.0,0,90.544
289,31.256,,0,5.0,0.55,5,3,0,3.8169,0.0,WARMING_UP,WARMING_UP,WARMING_UP,0.0,0,91.064
290,31.2664,,0,5.0,0.55,5,3,0,3.8273,0.0,WARMING_UP,WARMING_UP,WARMING_UP,0.0,0,89.399
291,31.2799,,0,5.0,0.55,5,3,0,3.8409,0.0,WARMING_UP,WARMING_UP,WARMING_UP,0.0,0,90.139
292,31.2904,,0,5.0,0.55,5,3,0,3.8513,0.0,WARMING_UP,WARMING_UP,WARMING_UP,0.0,0,90.652
293,31.3006,,0,5.0,0.55,5,3,0,3.8615,0.0,WARMING_UP,WARMING_UP,WARMING_UP,0.0,0,90.007
294,31.3126,,0,5.0,0.55,5,3,0,3.8735,0.0,WARMING_UP,WARMING_UP,WARMING_UP,0.0,0,91.19
295,31.3224,,0,5.0,0.55,5,3,0,3.8834,0.0,WARMING_UP,WARMING_UP,WARMING_UP,0.0,0,90.653
296,31.3341,,0,5.0,0.55,5,3,0,3.8951,0.0,WARMING_UP,WARMING_UP,WARMING_UP,0.0,0,91.055
297,31.3446,,0,5.0,0.55,5,3,0,3.9055,0.0,WARMING_UP,WARMING_UP,WARMING_UP,0.0,0,92.174
298,31.3544,,0,5.0,0.55,5,3,0,3.9153,0.0,WARMING_UP,WARMING_UP,WARMING_UP,0.0,0,88.931
299,31.3713,,0,5.0,0.55,5,3,0,3.9322,0.0,WARMING_UP,WARMING_UP,WARMING_UP,0.0,0,87.854
300,31.384,,0,5.0,0.55,5,3,0,3.9449,0.0,WARMING_UP,WARMING_UP,WARMING_UP,0.0,0,86.461
301,31.3975,,0,5.0,0.55,5,3,0,3.9584,0.0,WARMING_UP,WARMING_UP,WARMING_UP,0.0,0,86.603
302,31.4089,,0,5.0,0.55,5,3,0,3.9699,0.0,WARMING_UP,WARMING_UP,WARMING_UP,0.0,0,87.542
303,31.4191,,0,5.0,0.55,5,3,0,3.98,0.0,WARMING_UP,WARMING_UP,WARMING_UP,0.0,0,88.642
304,31.4294,,0,5.0,0.55,5,3,0,3.9904,0.0,WARMING_UP,WARMING_UP,WARMING_UP,0.0,0,89.869
305,31.4393,,0,5.0,0.55,5,3,0,4.0002,0.0,WARMING_UP,WARMING_UP,WARMING_UP,0.0,0,90.755
306,31.4497,,0,5.0,0.55,5,3,0,4.0107,0.0,WARMING_UP,WARMING_UP,WARMING_UP,0.0,0,90.816
307,31.4604,,0,5.0,0.55,5,3,0,4.0214,0.0,WARMING_UP,WARMING_UP,WARMING_UP,0.0,0,91.787
308,31.4703,,0,5.0,0.55,5,3,0,4.0313,0.0,WARMING_UP,WARMING_UP,WARMING_UP,0.0,0,91.897
309,31.4811,,0,5.0,0.55,5,3,0,4.042,0.0,WARMING_UP,WARMING_UP,WARMING_UP,0.0,0,92.678
310,31.4911,,0,5.0,0.55,5,3,0,4.052,0.0,WARMING_UP,WARMING_UP,WARMING_UP,0.0,0,92.121
311,31.5025,,0,5.0,0.55,5,3,0,4.0635,0.0,WARMING_UP,WARMING_UP,WARMING_UP,0.0,0,93.082
312,31.5123,,0,5.0,0.55,5,3,0,4.0733,0.0,WARMING_UP,WARMING_UP,WARMING_UP,0.0,0,94.014
313,31.5222,,0,5.0,0.55,5,3,0,4.0832,0.0,WARMING_UP,WARMING_UP,WARMING_UP,0.0,0,91.658
314,31.5363,,0,5.0,0.55,5,3,0,4.0973,0.0,WARMING_UP,WARMING_UP,WARMING_UP,0.0,0,92.004
315,31.5469,,0,5.0,0.55,5,3,0,4.1078,0.0,WARMING_UP,WARMING_UP,WARMING_UP,0.0,0,88.703
316,31.5639,,0,5.0,0.55,5,3,0,4.1248,0.0,WARMING_UP,WARMING_UP,WARMING_UP,0.0,0,85.794
317,31.5807,,0,5.0,0.55,5,3,0,4.1416,0.0,WARMING_UP,WARMING_UP,WARMING_UP,0.0,0,83.061
318,31.5978,,0,5.0,0.55,5,3,0,4.1588,0.0,WARMING_UP,WARMING_UP,WARMING_UP,0.0,0,82.989
319,31.6099,,0,5.0,0.55,5,3,0,4.1708,0.0,WARMING_UP,WARMING_UP,WARMING_UP,0.0,0,80.773
320,31.6263,,0,5.0,0.55,5,3,0,4.1872,0.0,WARMING_UP,WARMING_UP,WARMING_UP,0.0,0,79.509
321,31.6413,,0,5.0,0.55,5,3,0,4.2022,0.0,WARMING_UP,WARMING_UP,WARMING_UP,0.0,0,79.312
322,31.654,,0,5.0,0.55,5,3,0,4.215,0.0,WARMING_UP,WARMING_UP,WARMING_UP,0.0,0,80.83
323,31.6646,,0,5.0,0.55,5,3,0,4.2255,0.0,WARMING_UP,WARMING_UP,WARMING_UP,0.0,0,82.631
324,31.6748,,0,5.0,0.55,5,3,0,4.2357,0.0,WARMING_UP,WARMING_UP,WARMING_UP,0.0,0,83.722
325,31.6852,,0,5.0,0.55,5,3,0,4.2462,0.0,WARMING_UP,WARMING_UP,WARMING_UP,0.0,0,84.97
326,31.6956,,0,5.0,0.55,5,3,0,4.2565,0.0,WARMING_UP,WARMING_UP,WARMING_UP,0.0,0,86.649
327,31.7055,,0,5.0,0.55,5,3,0,4.2664,0.0,WARMING_UP,WARMING_UP,WARMING_UP,0.0,0,88.012
328,31.7153,,0,5.0,0.55,5,3,0,4.2763,0.0,WARMING_UP,WARMING_UP,WARMING_UP,0.0,0,87.549
329,31.7275,,0,5.0,0.55,5,3,0,4.2884,0.0,WARMING_UP,WARMING_UP,WARMING_UP,0.0,0,88.637
330,31.7379,,0,5.0,0.55,5,3,0,4.2988,0.0,WARMING_UP,WARMING_UP,WARMING_UP,0.0,0,88.358
331,31.7495,,0,5.0,0.55,5,3,0,4.3104,0.0,WARMING_UP,WARMING_UP,WARMING_UP,0.0,0,88.709
332,31.7601,,0,5.0,0.55,5,3,0,4.3211,0.0,WARMING_UP,WARMING_UP,WARMING_UP,0.0,0,89.22
333,31.7708,,0,5.0,0.55,5,3,0,4.3318,0.0,WARMING_UP,WARMING_UP,WARMING_UP,0.0,0,89.809
334,31.7815,,0,5.0,0.55,5,3,0,4.3424,0.0,WARMING_UP,WARMING_UP,WARMING_UP,0.0,0,88.707
335,31.7941,,0,5.0,0.55,5,3,0,4.355,0.0,WARMING_UP,WARMING_UP,WARMING_UP,0.0,0,85.542
336,31.8117,,0,5.0,0.55,5,3,0,4.3727,0.0,WARMING_UP,WARMING_UP,WARMING_UP,0.0,0,86.654
337,31.822,,0,5.0,0.55,5,3,0,4.3829,0.0,WARMING_UP,WARMING_UP,WARMING_UP,0.0,0,85.786
338,31.8346,,0,5.0,0.55,5,3,0,4.3956,0.0,WARMING_UP,WARMING_UP,WARMING_UP,0.0,0,86.478
339,31.8458,,0,5.0,0.55,5,3,0,4.4067,0.0,WARMING_UP,WARMING_UP,WARMING_UP,0.0,0,86.709
340,31.8568,,0,5.0,0.55,5,3,0,4.4178,0.0,WARMING_UP,WARMING_UP,WARMING_UP,0.0,0,87.546
341,31.8673,,0,5.0,0.55,5,3,0,4.4282,0.0,WARMING_UP,WARMING_UP,WARMING_UP,0.0,0,87.439
342,31.8792,,0,5.0,0.55,5,3,0,4.4401,0.0,WARMING_UP,WARMING_UP,WARMING_UP,0.0,0,88.407
343,31.8891,,0,5.0,0.55,5,3,0,4.4501,0.0,WARMING_UP,WARMING_UP,WARMING_UP,0.0,0,89.02
344,31.8997,,0,5.0,0.55,5,3,0,4.4606,0.0,WARMING_UP,WARMING_UP,WARMING_UP,0.0,0,89.405
345,31.9105,,0,5.0,0.55,5,3,0,4.4715,0.0,WARMING_UP,WARMING_UP,WARMING_UP,0.0,0,90.155
346,31.9209,,0,5.0,0.55,5,3,0,4.4818,0.0,WARMING_UP,WARMING_UP,WARMING_UP,0.0,0,90.663
347,31.9312,,0,5.0,0.55,5,3,0,4.4922,0.0,WARMING_UP,WARMING_UP,WARMING_UP,0.0,0,91.206
348,31.9417,,0,5.0,0.55,5,3,0,4.5027,0.0,WARMING_UP,WARMING_UP,WARMING_UP,0.0,0,91.531
349,31.9522,,0,5.0,0.55,5,3,0,4.5132,0.0,WARMING_UP,WARMING_UP,WARMING_UP,0.0,0,91.881
350,31.9628,,0,5.0,0.55,5,3,0,4.5237,0.0,WARMING_UP,WARMING_UP,WARMING_UP,0.0,0,93.139
351,31.9723,,0,5.0,0.55,5,3,0,4.5332,0.0,WARMING_UP,WARMING_UP,WARMING_UP,0.0,0,90.381
352,31.9879,,0,5.0,0.55,5,3,0,4.5488,0.0,WARMING_UP,WARMING_UP,WARMING_UP,0.0,0,90.555
353,31.9986,,0,5.0,0.55,5,3,0,4.5596,0.0,WARMING_UP,WARMING_UP,WARMING_UP,0.0,0,90.737
354,32.0095,,0,5.0,0.55,5,3,0,4.5704,0.0,WARMING_UP,WARMING_UP,WARMING_UP,0.0,0,91.345
355,32.0195,,0,5.0,0.55,5,3,0,4.5805,0.0,WARMING_UP,WARMING_UP,WARMING_UP,0.0,0,92.225
356,32.0296,,0,5.0,0.55,5,3,0,4.5905,0.0,WARMING_UP,WARMING_UP,WARMING_UP,0.0,0,93.116
357,32.0395,,0,5.0,0.55,5,3,0,4.6004,0.0,WARMING_UP,WARMING_UP,WARMING_UP,0.0,0,93.706
358,32.0495,,0,5.0,0.55,5,3,0,4.6105,0.0,WARMING_UP,WARMING_UP,WARMING_UP,0.0,0,92.378
359,32.0621,,0,5.0,0.55,5,3,0,4.6231,0.0,WARMING_UP,WARMING_UP,WARMING_UP,0.0,0,93.054
360,32.0722,,0,5.0,0.55,5,3,0,4.6331,0.0,WARMING_UP,WARMING_UP,WARMING_UP,0.0,0,93.146
361,32.0828,,0,5.0,0.55,5,3,0,4.6438,0.0,WARMING_UP,WARMING_UP,WARMING_UP,0.0,0,92.954
362,32.0937,,0,5.0,0.55,5,3,0,4.6547,0.0,WARMING_UP,WARMING_UP,WARMING_UP,0.0,0,93.881
363,32.1035,,0,5.0,0.55,5,3,0,4.6644,0.0,WARMING_UP,WARMING_UP,WARMING_UP,0.0,0,94.282
364,32.1137,,0,5.0,0.55,5,3,0,4.6747,0.0,WARMING_UP,WARMING_UP,WARMING_UP,0.0,0,95.0
365,32.1236,,0,5.0,0.55,5,3,0,4.6845,0.0,WARMING_UP,WARMING_UP,WARMING_UP,0.0,0,91.862
366,32.1395,,0,5.0,0.55,5,3,0,4.7005,0.0,WARMING_UP,WARMING_UP,WARMING_UP,0.0,0,88.64
367,32.1562,,0,5.0,0.55,5,3,0,4.7171,0.0,WARMING_UP,WARMING_UP,WARMING_UP,0.0,0,89.613
368,32.1662,,0,5.0,0.55,5,3,0,4.7272,0.0,WARMING_UP,WARMING_UP,WARMING_UP,0.0,0,89.646
369,32.1774,,0,5.0,0.55,5,3,0,4.7383,0.0,WARMING_UP,WARMING_UP,WARMING_UP,0.0,0,89.975
370,32.1884,,0,5.0,0.55,5,3,0,4.7494,0.0,WARMING_UP,WARMING_UP,WARMING_UP,0.0,0,90.135
371,32.199,,0,5.0,0.55,5,3,0,4.7599,0.0,WARMING_UP,WARMING_UP,WARMING_UP,0.0,0,89.829
372,32.2106,,0,5.0,0.55,5,3,0,4.7716,0.0,WARMING_UP,WARMING_UP,WARMING_UP,0.0,0,90.36
373,32.221,,0,5.0,0.55,5,3,0,4.782,0.0,WARMING_UP,WARMING_UP,WARMING_UP,0.0,0,90.63
374,32.2317,,0,5.0,0.55,5,3,0,4.7927,0.0,WARMING_UP,WARMING_UP,WARMING_UP,0.0,0,90.73
375,32.2426,,0,5.0,0.55,5,3,0,4.8036,0.0,WARMING_UP,WARMING_UP,WARMING_UP,0.0,0,91.9
376,32.2523,,0,5.0,0.55,5,3,0,4.8132,0.0,WARMING_UP,WARMING_UP,WARMING_UP,0.0,0,88.861
377,32.2688,,0,5.0,0.55,5,3,0,4.8298,0.0,WARMING_UP,WARMING_UP,WARMING_UP,0.0,0,89.193
378,32.2797,,0,5.0,0.55,5,3,0,4.8406,0.0,WARMING_UP,WARMING_UP,WARMING_UP,0.0,0,89.717
379,32.2902,,0,5.0,0.55,5,3,0,4.8511,0.0,WARMING_UP,WARMING_UP,WARMING_UP,0.0,0,90.568
380,32.3003,,0,5.0,0.55,5,3,0,4.8612,0.0,WARMING_UP,WARMING_UP,WARMING_UP,0.0,0,90.047
381,32.3121,,0,5.0,0.55,5,3,0,4.8731,0.0,WARMING_UP,WARMING_UP,WARMING_UP,0.0,0,86.662
382,32.3299,,0,5.0,0.55,5,3,0,4.8909,0.0,WARMING_UP,WARMING_UP,WARMING_UP,0.0,0,86.676
383,32.3418,,0,5.0,0.55,5,3,0,4.9027,0.0,WARMING_UP,WARMING_UP,WARMING_UP,0.0,0,86.273
384,32.3534,,0,5.0,0.55,5,3,0,4.9144,0.0,WARMING_UP,WARMING_UP,WARMING_UP,0.0,0,84.05
385,32.3692,,0,5.0,0.55,5,3,0,4.9301,0.0,WARMING_UP,WARMING_UP,WARMING_UP,0.0,0,81.424
386,32.3865,,0,5.0,0.55,5,3,0,4.9474,0.0,WARMING_UP,WARMING_UP,WARMING_UP,0.0,0,79.362
387,32.4029,,0,5.0,0.55,5,3,0,4.9639,0.0,WARMING_UP,WARMING_UP,WARMING_UP,0.0,0,80.365
388,32.4143,,0,5.0,0.55,5,3,0,4.9752,0.0,WARMING_UP,WARMING_UP,WARMING_UP,0.0,0,80.72
389,32.426,,0,5.0,0.55,5,3,0,4.9869,0.0,WARMING_UP,WARMING_UP,WARMING_UP,0.0,0,82.212
390,32.4363,,0,5.0,0.55,5,3,0,4.9973,0.0,WARMING_UP,WARMING_UP,WARMING_UP,0.0,0,83.58
391,32.4468,,0,5.0,0.55,5,3,0,4.9235,0.0,WARMING_UP,WARMING_UP,WARMING_UP,0.0,0,85.394
392,32.4568,,0,5.0,0.55,5,3,0,4.9335,0.0,WARMING_UP,WARMING_UP,WARMING_UP,0.0,0,86.329
393,32.4672,,0,5.0,0.55,5,3,0,4.9439,0.0,WARMING_UP,WARMING_UP,WARMING_UP,0.0,0,84.97
394,32.4813,,0,5.0,0.55,5,3,0,4.958,0.0,WARMING_UP,WARMING_UP,WARMING_UP,0.0,0,85.818
395,32.4918,,0,5.0,0.55,5,3,0,4.9685,0.0,WARMING_UP,WARMING_UP,WARMING_UP,0.0,0,86.505
396,32.5024,,0,5.0,0.55,5,3,0,4.9791,0.0,WARMING_UP,WARMING_UP,WARMING_UP,0.0,0,87.841
397,32.5124,,0,5.0,0.55,5,3,0,4.9891,0.0,WARMING_UP,WARMING_UP,WARMING_UP,0.0,0,88.817
398,32.5227,,0,5.0,0.55,5,3,0,4.9994,0.0,WARMING_UP,WARMING_UP,WARMING_UP,0.0,0,89.517
399,32.5331,,0,5.0,0.55,5,3,0,4.9672,0.0,WARMING_UP,WARMING_UP,WARMING_UP,0.0,0,88.837
400,32.5453,,0,5.0,0.55,5,3,0,4.9794,0.0,WARMING_UP,WARMING_UP,WARMING_UP,0.0,0,89.156
401,32.5561,,0,5.0,0.55,5,3,0,4.9902,0.0,WARMING_UP,WARMING_UP,WARMING_UP,0.0,0,90.213
402,32.5771,,0,5.0,0.55,5,3,0,4.9778,0.0,WARMING_UP,WARMING_UP,WARMING_UP,0.0,0,85.898
403,32.5889,,0,5.0,0.55,5,3,0,4.9896,0.0,WARMING_UP,WARMING_UP,WARMING_UP,0.0,0,83.985
404,32.6139,,0,5.0,0.55,5,3,0,4.9797,0.0,WARMING_UP,WARMING_UP,WARMING_UP,0.0,0,80.053
405,32.625,,0,5.0,0.55,5,3,0,4.9909,0.0,WARMING_UP,WARMING_UP,WARMING_UP,0.0,0,81.188
406,32.6356,,0,5.0,0.55,5,3,0,4.9683,0.0,WARMING_UP,WARMING_UP,WARMING_UP,0.0,0,82.532
407,32.6534,,0,5.0,0.55,5,3,0,4.9861,0.0,WARMING_UP,WARMING_UP,WARMING_UP,0.0,0,79.617
408,32.6823,,0,5.0,0.55,5,3,0,4.9845,0.0,WARMING_UP,WARMING_UP,WARMING_UP,0.0,0,75.088
409,32.6942,,0,5.0,0.55,5,3,0,4.9963,0.0,WARMING_UP,WARMING_UP,WARMING_UP,0.0,0,76.571
410,32.7053,,0,5.0,0.55,5,3,0,4.9901,0.0,WARMING_UP,WARMING_UP,WARMING_UP,0.0,0,74.466
411,32.7234,,0,5.0,0.55,5,3,0,4.9974,0.0,WARMING_UP,WARMING_UP,WARMING_UP,0.0,0,72.63
412,32.7417,,0,5.0,0.55,5,3,0,4.9869,0.0,WARMING_UP,WARMING_UP,WARMING_UP,0.0,0,73.276
413,32.7538,,0,5.0,0.55,5,3,0,4.999,0.0,WARMING_UP,WARMING_UP,WARMING_UP,0.0,0,74.862
414,32.7976,,0,5.0,0.55,5,3,0,4.9942,0.0,WARMING_UP,WARMING_UP,WARMING_UP,0.0,0,69.594
415,32.8151,,0,5.0,0.55,5,3,0,4.9939,0.0,WARMING_UP,WARMING_UP,WARMING_UP,0.0,0,67.0
416,32.833,,0,5.0,0.55,5,3,0,4.9977,0.0,WARMING_UP,WARMING_UP,WARMING_UP,0.0,0,69.458
417,32.8438,,0,5.0,0.55,5,3,0,4.9905,0.0,WARMING_UP,WARMING_UP,WARMING_UP,0.0,0,71.501
418,32.855,,0,5.0,0.55,5,3,0,4.983,0.0,WARMING_UP,WARMING_UP,WARMING_UP,0.0,0,72.182
419,32.8678,,0,5.0,0.55,5,3,0,4.9957,0.0,WARMING_UP,WARMING_UP,WARMING_UP,0.0,0,73.982
420,32.8789,,0,5.0,0.55,5,3,0,4.9959,0.0,WARMING_UP,WARMING_UP,WARMING_UP,0.0,0,75.173
421,32.8905,,0,5.0,0.55,5,3,0,4.9958,0.0,WARMING_UP,WARMING_UP,WARMING_UP,0.0,0,77.377
422,32.9099,,0,5.0,0.55,5,3,0,4.9943,0.0,WARMING_UP,WARMING_UP,WARMING_UP,0.0,0,74.59
423,32.9224,,0,5.0,0.55,5,3,0,4.9964,0.0,WARMING_UP,WARMING_UP,WARMING_UP,0.0,0,74.825
424,32.9431,,0,5.0,0.55,5,3,0,4.9963,0.0,WARMING_UP,WARMING_UP,WARMING_UP,0.0,0,71.037
425,32.9612,,0,5.0,0.55,5,3,0,4.9962,0.0,WARMING_UP,WARMING_UP,WARMING_UP,0.0,0,73.219
426,32.973,,0,5.0,0.55,5,3,0,4.9974,0.0,WARMING_UP,WARMING_UP,WARMING_UP,0.0,0,73.573
427,32.9849,,0,5.0,0.55,5,3,0,4.9989,0.0,WARMING_UP,WARMING_UP,WARMING_UP,0.0,0,75.842
428,32.9993,,0,5.0,0.55,5,3,0,4.9908,0.0,WARMING_UP,WARMING_UP,WARMING_UP,0.0,0,74.897
429,33.0148,,0,5.0,0.55,5,3,0,4.9883,0.0,WARMING_UP,WARMING_UP,WARMING_UP,0.0,0,73.9
430,33.0278,,0,5.0,0.55,5,3,0,4.9836,0.0,WARMING_UP,WARMING_UP,WARMING_UP,0.0,0,74.621
431,33.0507,,0,5.0,0.55,5,3,0,4.9957,0.0,WARMING_UP,WARMING_UP,WARMING_UP,0.0,0,70.682
432,33.0708,,0,5.0,0.55,5,3,0,4.9867,0.0,WARMING_UP,WARMING_UP,WARMING_UP,0.0,0,70.23
433,33.0867,,0,5.0,0.55,5,3,0,4.9922,0.0,WARMING_UP,WARMING_UP,WARMING_UP,0.0,0,69.079
434,33.1063,,0,5.0,0.55,5,3,0,4.9832,0.0,WARMING_UP,WARMING_UP,WARMING_UP,0.0,0,67.613
435,33.1169,,0,5.0,0.55,5,3,0,4.9938,0.0,WARMING_UP,WARMING_UP,WARMING_UP,0.0,0,66.301
436,33.1354,,0,5.0,0.55,5,3,0,4.9904,0.0,WARMING_UP,WARMING_UP,WARMING_UP,0.0,0,68.329
437,33.1494,,0,5.0,0.55,5,3,0,4.9871,0.0,WARMING_UP,WARMING_UP,WARMING_UP,0.0,0,69.106
438,33.1708,,0,5.0,0.55,5,3,0,4.991,0.0,WARMING_UP,WARMING_UP,WARMING_UP,0.0,0,66.771
439,33.1916,,0,5.0,0.55,5,3,0,4.9901,0.0,WARMING_UP,WARMING_UP,WARMING_UP,0.0,0,64.951
440,33.2103,,0,5.0,0.55,5,3,0,4.998,0.0,WARMING_UP,WARMING_UP,WARMING_UP,0.0,0,62.372
441,33.228,,0,5.0,0.55,5,3,0,4.9947,0.0,WARMING_UP,WARMING_UP,WARMING_UP,0.0,0,65.763
442,33.2384,,0,5.0,0.55,5,3,0,4.9942,0.0,WARMING_UP,WARMING_UP,WARMING_UP,0.0,0,67.403
443,33.2504,,0,5.0,0.55,5,3,0,4.9954,0.0,WARMING_UP,WARMING_UP,WARMING_UP,0.0,0,67.932
444,33.2731,,0,5.0,0.55,5,3,0,4.9919,0.0,WARMING_UP,WARMING_UP,WARMING_UP,0.0,0,66.057
445,33.2849,,0,5.0,0.55,5,3,0,4.9923,0.0,WARMING_UP,WARMING_UP,WARMING_UP,0.0,0,68.682
446,33.2984,,0,5.0,0.55,5,3,0,4.9957,0.0,WARMING_UP,WARMING_UP,WARMING_UP,0.0,0,68.72
447,33.322,,0,5.0,0.55,5,3,0,4.9959,0.0,WARMING_UP,WARMING_UP,WARMING_UP,0.0,0,66.197
448,33.3462,,0,5.0,0.55,5,3,0,4.9978,0.0,WARMING_UP,WARMING_UP,WARMING_UP,0.0,0,63.635
449,33.3599,,0,5.0,0.55,5,3,0,4.9961,0.0,WARMING_UP,WARMING_UP,WARMING_UP,0.0,0,64.479
450,33.3728,,0,5.0,0.55,5,3,0,4.9914,0.0,WARMING_UP,WARMING_UP,WARMING_UP,0.0,0,66.313
451,33.3899,,0,5.0,0.55,5,3,0,4.9976,0.0,WARMING_UP,WARMING_UP,WARMING_UP,0.0,0,65.484
452,33.4258,,0,5.0,0.55,5,3,0,4.9957,0.0,WARMING_UP,WARMING_UP,WARMING_UP,0.0,0,61.713
453,33.4369,,0,5.0,0.55,5,3,0,4.9952,0.0,WARMING_UP,WARMING_UP,WARMING_UP,0.0,0,63.065
454,33.45,,0,5.0,0.55,5,3,0,4.9984,0.0,WARMING_UP,WARMING_UP,WARMING_UP,0.0,0,65.146
455,33.462,,0,5.0,0.55,5,3,0,4.9988,0.0,WARMING_UP,WARMING_UP,WARMING_UP,0.0,0,65.001
456,33.4866,,0,5.0,0.55,5,3,0,4.9921,0.0,WARMING_UP,WARMING_UP,WARMING_UP,0.0,0,63.413
457,33.498,,0,5.0,0.55,5,3,0,4.9934,0.0,WARMING_UP,WARMING_UP,WARMING_UP,0.0,0,65.586
458,33.5098,,0,5.0,0.55,5,3,0,4.995,0.0,WARMING_UP,WARMING_UP,WARMING_UP,0.0,0,68.812
459,33.5474,,0,5.0,0.55,5,3,0,4.993,0.0,WARMING_UP,WARMING_UP,WARMING_UP,0.0,0,64.542
460,33.5585,,0,5.0,0.55,5,3,0,4.986,0.0,WARMING_UP,WARMING_UP,WARMING_UP,0.0,0,66.574
461,33.5701,,0,5.0,0.55,5,3,0,4.9976,0.0,WARMING_UP,WARMING_UP,WARMING_UP,0.0,0,68.91
462,33.5812,,0,5.0,0.55,5,3,0,4.9982,0.0,WARMING_UP,WARMING_UP,WARMING_UP,0.0,0,71.536
463,33.5916,,0,5.0,0.55,5,3,0,4.9907,0.0,WARMING_UP,WARMING_UP,WARMING_UP,0.0,0,73.586
464,33.6495,,0,5.0,0.55,5,3,0,4.9915,0.0,WARMING_UP,WARMING_UP,WARMING_UP,0.0,0,67.952
465,33.6608,,0,5.0,0.55,5,3,0,4.9928,0.0,WARMING_UP,WARMING_UP,WARMING_UP,0.0,0,70.538
466,33.6713,,0,5.0,0.55,5,3,0,4.9896,0.0,WARMING_UP,WARMING_UP,WARMING_UP,0.0,0,72.919
467,33.6817,,0,5.0,0.55,5,3,0,4.9885,0.0,WARMING_UP,WARMING_UP,WARMING_UP,0.0,0,75.171
468,33.6924,,0,5.0,0.55,5,3,0,4.9992,0.0,WARMING_UP,WARMING_UP,WARMING_UP,0.0,0,75.964
469,33.7043,,0,5.0,0.55,5,3,0,4.9997,0.0,WARMING_UP,WARMING_UP,WARMING_UP,0.0,0,77.899
470,33.7148,,0,5.0,0.55,5,3,0,4.9997,0.0,WARMING_UP,WARMING_UP,WARMING_UP,0.0,0,78.228
471,33.7271,,0,5.0,0.55,5,3,0,4.9994,0.0,WARMING_UP,WARMING_UP,WARMING_UP,0.0,0,80.038
472,33.7557,,0,5.0,0.55,5,3,0,4.992,0.0,WARMING_UP,WARMING_UP,WARMING_UP,0.0,0,75.48
473,33.7667,,0,5.0,0.55,5,3,0,4.9857,0.0,WARMING_UP,WARMING_UP,WARMING_UP,0.0,0,76.073
474,33.7789,,0,5.0,0.55,5,3,0,4.9979,0.0,WARMING_UP,WARMING_UP,WARMING_UP,0.0,0,77.538
475,33.7898,,0,5.0,0.55,5,3,0,4.9915,0.0,WARMING_UP,WARMING_UP,WARMING_UP,0.0,0,79.605
476,33.8068,,0,5.0,0.55,5,3,0,4.9978,0.0,WARMING_UP,WARMING_UP,WARMING_UP,0.0,0,77.434
477,33.8208,,0,5.0,0.55,5,3,0,4.9915,0.0,WARMING_UP,WARMING_UP,WARMING_UP,0.0,0,76.652
478,33.8716,,0,5.0,0.55,5,3,0,4.9975,0.0,WARMING_UP,WARMING_UP,WARMING_UP,0.0,0,70.965
479,33.8831,,0,5.0,0.55,5,3,0,4.9988,0.0,WARMING_UP,WARMING_UP,WARMING_UP,0.0,0,72.559
480,33.894,,0,5.0,0.55,5,3,0,4.9989,0.0,WARMING_UP,WARMING_UP,WARMING_UP,0.0,0,73.922
481,33.9056,,0,5.0,0.55,5,3,0,4.9907,0.0,WARMING_UP,WARMING_UP,WARMING_UP,0.0,0,71.939
482,33.9241,,0,5.0,0.55,5,3,0,4.9993,0.0,WARMING_UP,WARMING_UP,WARMING_UP,0.0,0,70.328
483,33.9419,,0,5.0,0.55,5,3,0,4.9964,0.0,WARMING_UP,WARMING_UP,WARMING_UP,0.0,0,70.774
484,33.955,,0,5.0,0.55,5,3,0,4.9989,0.0,WARMING_UP,WARMING_UP,WARMING_UP,0.0,0,72.59
485,33.9762,,0,5.0,0.55,5,3,0,4.9904,0.0,WARMING_UP,WARMING_UP,WARMING_UP,0.0,0,68.822
486,33.9952,,0,5.0,0.55,5,3,0,4.9991,0.0,WARMING_UP,WARMING_UP,WARMING_UP,0.0,0,67.484
487,34.0131,,0,5.0,0.55,5,3,0,4.9973,0.0,WARMING_UP,WARMING_UP,WARMING_UP,0.0,0,69.313
488,34.0248,,0,5.0,0.55,5,3,0,4.9993,0.0,WARMING_UP,WARMING_UP,WARMING_UP,0.0,0,71.148
489,34.0361,,0,5.0,0.55,5,3,0,4.9906,0.0,WARMING_UP,WARMING_UP,WARMING_UP,0.0,0,69.074
490,34.0562,,0,5.0,0.55,5,3,0,4.9912,0.0,WARMING_UP,WARMING_UP,WARMING_UP,0.0,0,71.623
491,34.0887,,0,5.0,0.55,5,3,0,4.9931,0.0,WARMING_UP,WARMING_UP,WARMING_UP,0.0,0,67.463
492,34.0999,,0,5.0,0.55,5,3,0,4.9941,0.0,WARMING_UP,WARMING_UP,WARMING_UP,0.0,0,68.066
493,34.1135,,0,5.0,0.55,5,3,0,4.9979,0.0,WARMING_UP,WARMING_UP,WARMING_UP,0.0,0,71.008
494,34.1237,,0,5.0,0.55,5,3,0,4.9976,0.0,WARMING_UP,WARMING_UP,WARMING_UP,0.0,0,73.488
495,34.134,,0,5.0,0.55,5,3,0,4.9988,0.0,WARMING_UP,WARMING_UP,WARMING_UP,0.0,0,74.687
496,34.1459,,0,5.0,0.55,5,3,0,4.9904,0.0,WARMING_UP,WARMING_UP,WARMING_UP,0.0,0,77.001
497,34.156,,0,5.0,0.55,5,3,0,4.9903,0.0,WARMING_UP,WARMING_UP,WARMING_UP,0.0,0,76.434
498,34.1701,,0,5.0,0.55,5,3,0,4.9868,0.0,WARMING_UP,WARMING_UP,WARMING_UP,0.0,0,77.75
499,34.1901,,0,5.0,0.55,5,3,0,4.9965,0.0,WARMING_UP,WARMING_UP,WARMING_UP,0.0,0,75.125
500,34.2165,,0,5.0,0.55,5,3,0,4.9878,0.0,WARMING_UP,WARMING_UP,WARMING_UP,0.0,0,70.942
501,34.2308,,0,5.0,0.55,5,3,0,4.9858,0.0,WARMING_UP,WARMING_UP,WARMING_UP,0.0,0,69.245
502,34.2493,,0,5.0,0.55,5,3,0,4.9873,0.0,WARMING_UP,WARMING_UP,WARMING_UP,0.0,0,69.645
503,34.2629,,0,5.0,0.55,5,3,0,4.9906,0.0,WARMING_UP,WARMING_UP,WARMING_UP,0.0,0,72.486
504,34.274,,0,5.0,0.55,5,3,0,4.9839,0.0,WARMING_UP,WARMING_UP,WARMING_UP,0.0,0,73.949
505,34.2994,,0,5.0,0.55,5,3,0,4.9962,0.0,WARMING_UP,WARMING_UP,WARMING_UP,0.0,0,70.256
506,34.3117,,0,5.0,0.55,5,3,0,4.9908,0.0,WARMING_UP,WARMING_UP,WARMING_UP,0.0,0,72.576
507,34.3223,,0,5.0,0.55,5,3,0,4.9841,0.0,WARMING_UP,WARMING_UP,WARMING_UP,0.0,0,71.948
508,34.3374,,0,5.0,0.55,5,3,0,4.9992,0.0,WARMING_UP,WARMING_UP,WARMING_UP,0.0,0,72.857
509,34.3517,,0,5.0,0.55,5,3,0,4.9898,0.0,WARMING_UP,WARMING_UP,WARMING_UP,0.0,0,72.992
510,34.3694,,0,5.0,0.55,5,3,0,4.9896,0.0,WARMING_UP,WARMING_UP,WARMING_UP,0.0,0,69.804
511,34.3875,,0,5.0,0.55,5,3,0,4.9934,0.0,WARMING_UP,WARMING_UP,WARMING_UP,0.0,0,72.107
512,34.4218,,0,5.0,0.55,5,3,0,4.9963,0.0,WARMING_UP,WARMING_UP,WARMING_UP,0.0,0,67.778
513,34.4415,,0,5.0,0.55,5,3,0,4.9947,0.0,WARMING_UP,WARMING_UP,WARMING_UP,0.0,0,66.176
514,34.4523,,0,5.0,0.55,5,3,0,4.9924,0.0,WARMING_UP,WARMING_UP,WARMING_UP,0.0,0,66.436
515,34.4669,,0,5.0,0.55,5,3,0,4.99,0.0,WARMING_UP,WARMING_UP,WARMING_UP,0.0,0,66.542
516,34.4816,,0,5.0,0.55,5,3,0,4.9874,0.0,WARMING_UP,WARMING_UP,WARMING_UP,0.0,0,69.6
517,34.5019,,0,5.0,0.55,5,3,0,4.9979,0.0,WARMING_UP,WARMING_UP,WARMING_UP,0.0,0,67.249
518,34.5137,,0,5.0,0.55,5,3,0,4.9984,0.0,WARMING_UP,WARMING_UP,WARMING_UP,0.0,0,66.086
519,34.5316,,0,5.0,0.55,5,3,0,4.9993,0.0,WARMING_UP,WARMING_UP,WARMING_UP,0.0,0,68.949
520,34.5434,,0,5.0,0.55,5,3,0,4.9946,0.0,WARMING_UP,WARMING_UP,WARMING_UP,0.0,0,70.693
521,34.5573,,0,5.0,0.55,5,3,0,4.9954,0.0,WARMING_UP,WARMING_UP,WARMING_UP,0.0,0,67.66
522,34.5786,,0,5.0,0.55,5,3,0,4.9852,0.0,WARMING_UP,WARMING_UP,WARMING_UP,0.0,0,69.698
523,34.5911,,0,5.0,0.55,5,3,0,4.9977,0.0,WARMING_UP,WARMING_UP,WARMING_UP,0.0,0,71.365
524,34.6014,,0,5.0,0.55,5,3,0,4.9911,0.0,WARMING_UP,WARMING_UP,WARMING_UP,0.0,0,73.198
525,34.614,,0,5.0,0.55,5,3,0,4.9867,0.0,WARMING_UP,WARMING_UP,WARMING_UP,0.0,0,74.237
526,34.6511,,0,5.0,0.55,5,3,0,4.9908,0.0,WARMING_UP,WARMING_UP,WARMING_UP,0.0,0,69.418
527,34.663,,0,5.0,0.55,5,3,0,4.9875,0.0,WARMING_UP,WARMING_UP,WARMING_UP,0.0,0,71.755
528,34.6766,,0,5.0,0.55,5,3,0,4.9845,0.0,WARMING_UP,WARMING_UP,WARMING_UP,0.0,0,72.088
529,34.6908,,0,5.0,0.55,5,3,0,4.9987,0.0,WARMING_UP,WARMING_UP,WARMING_UP,0.0,0,71.775
530,34.7015,,0,5.0,0.55,5,3,0,4.9931,0.0,WARMING_UP,WARMING_UP,WARMING_UP,0.0,0,70.18
531,34.7223,,0,5.0,0.55,5,3,0,4.9989,0.0,WARMING_UP,WARMING_UP,WARMING_UP,0.0,0,70.503
532,34.7452,,0,5.0,0.55,5,3,0,4.9881,0.0,WARMING_UP,WARMING_UP,WARMING_UP,0.0,0,67.787
533,34.7597,,0,5.0,0.55,5,3,0,4.9858,0.0,WARMING_UP,WARMING_UP,WARMING_UP,0.0,0,68.085
534,34.7789,,0,5.0,0.55,5,3,0,4.9888,0.0,WARMING_UP,WARMING_UP,WARMING_UP,0.0,0,64.958
535,34.7976,,0,5.0,0.55,5,3,0,4.9898,0.0,WARMING_UP,WARMING_UP,WARMING_UP,0.0,0,67.05
536,34.8091,,0,5.0,0.55,5,3,0,4.9844,0.0,WARMING_UP,WARMING_UP,WARMING_UP,0.0,0,69.539
537,34.8537,,0,5.0,0.55,5,3,0,4.9886,0.0,WARMING_UP,WARMING_UP,WARMING_UP,0.0,0,64.825
538,34.8647,,0,5.0,0.55,5,3,0,4.9996,0.0,WARMING_UP,WARMING_UP,WARMING_UP,0.0,0,66.229
539,34.8773,,0,5.0,0.55,5,3,0,4.9949,0.0,WARMING_UP,WARMING_UP,WARMING_UP,0.0,0,69.395
540,34.8873,,0,5.0,0.55,5,3,0,4.9906,0.0,WARMING_UP,WARMING_UP,WARMING_UP,0.0,0,68.872
541,34.9031,,0,5.0,0.55,5,3,0,4.9957,0.0,WARMING_UP,WARMING_UP,WARMING_UP,0.0,0,70.558
542,34.9148,,0,5.0,0.55,5,3,0,4.9975,0.0,WARMING_UP,WARMING_UP,WARMING_UP,0.0,0,72.574
543,34.9343,,0,5.0,0.55,5,3,0,4.996,0.0,WARMING_UP,WARMING_UP,WARMING_UP,0.0,0,70.207
544,34.9463,,0,5.0,0.55,5,3,0,4.998,0.0,WARMING_UP,WARMING_UP,WARMING_UP,0.0,0,72.819
545,34.9567,,0,5.0,0.55,5,3,0,4.9985,0.0,WARMING_UP,WARMING_UP,WARMING_UP,0.0,0,74.798
546,34.9674,,0,5.0,0.55,5,3,0,4.9995,0.0,WARMING_UP,WARMING_UP,WARMING_UP,0.0,0,75.295
547,34.9831,,0,5.0,0.55,5,3,0,4.9891,0.0,WARMING_UP,WARMING_UP,WARMING_UP,0.0,0,74.931
548,35.0036,,0,5.0,0.55,5,3,0,4.9978,0.0,WARMING_UP,WARMING_UP,WARMING_UP,0.0,0,72.242
549,35.0147,,0,5.0,0.55,5,3,0,4.9989,0.0,WARMING_UP,WARMING_UP,WARMING_UP,0.0,0,74.466
550,35.0392,,0,5.0,0.55,5,3,0,4.9908,0.0,WARMING_UP,WARMING_UP,WARMING_UP,0.0,0,70.067
551,35.0583,,0,5.0,0.55,5,3,0,4.9995,0.0,WARMING_UP,WARMING_UP,WARMING_UP,0.0,0,69.645
552,35.074,,0,5.0,0.55,5,3,0,4.9995,0.0,WARMING_UP,WARMING_UP,WARMING_UP,0.0,0,70.908
553,35.0856,,0,5.0,0.55,5,3,0,4.9946,0.0,WARMING_UP,WARMING_UP,WARMING_UP,0.0,0,72.422
554,35.1182,,0,5.0,0.55,5,3,0,4.9933,0.0,WARMING_UP,WARMING_UP,WARMING_UP,0.0,0,68.18
555,35.1304,,0,5.0,0.55,5,3,0,4.9957,0.0,WARMING_UP,WARMING_UP,WARMING_UP,0.0,0,70.243
556,35.1483,,0,5.0,0.55,5,3,0,4.9907,0.0,WARMING_UP,WARMING_UP,WARMING_UP,0.0,0,67.903
557,35.1632,,0,5.0,0.55,5,3,0,4.9959,0.0,WARMING_UP,WARMING_UP,WARMING_UP,0.0,0,69.866
558,35.1746,,0,5.0,0.55,5,3,0,4.9972,0.0,WARMING_UP,WARMING_UP,WARMING_UP,0.0,0,71.695
559,35.1858,,0,5.0,0.55,5,3,0,4.9986,0.0,WARMING_UP,WARMING_UP,WARMING_UP,0.0,0,73.245
560,35.213,,0,5.0,0.55,5,3,0,4.9878,0.0,WARMING_UP,WARMING_UP,WARMING_UP,0.0,0,69.683
561,35.2239,,0,5.0,0.55,5,3,0,4.9987,0.0,WARMING_UP,WARMING_UP,WARMING_UP,0.0,0,70.589
562,35.2423,,0,5.0,0.55,5,3,0,4.9956,0.0,WARMING_UP,WARMING_UP,WARMING_UP,0.0,0,69.571
563,35.2662,,0,5.0,0.55,5,3,0,4.9912,0.0,WARMING_UP,WARMING_UP,WARMING_UP,0.0,0,66.794
564,35.2773,,0,5.0,0.55,5,3,0,4.9872,0.0,WARMING_UP,WARMING_UP,WARMING_UP,0.0,0,69.138
565,35.288,,0,5.0,0.55,5,3,0,4.9979,0.0,WARMING_UP,WARMING_UP,WARMING_UP,0.0,0,71.14
566,35.3014,,0,5.0,0.55,5,3,0,4.9943,0.0,WARMING_UP,WARMING_UP,WARMING_UP,0.0,0,70.911
567,35.3186,,0,5.0,0.55,5,3,0,4.9915,0.0,WARMING_UP,WARMING_UP,WARMING_UP,0.0,0,69.881
568,35.3428,,0,5.0,0.55,5,3,0,4.9956,0.0,WARMING_UP,WARMING_UP,WARMING_UP,0.0,0,67.231
569,35.3579,,0,5.0,0.55,5,3,0,4.9906,0.0,WARMING_UP,WARMING_UP,WARMING_UP,0.0,0,64.636
570,35.3779,,0,5.0,0.55,5,3,0,4.9939,0.0,WARMING_UP,WARMING_UP,WARMING_UP,0.0,0,65.798
571,35.3908,,0,5.0,0.55,5,3,0,4.9954,0.0,WARMING_UP,WARMING_UP,WARMING_UP,0.0,0,68.671
572,35.4013,,0,5.0,0.55,5,3,0,4.9915,0.0,WARMING_UP,WARMING_UP,WARMING_UP,0.0,0,70.23
573,35.4197,,0,5.0,0.55,5,3,0,4.9934,0.0,WARMING_UP,WARMING_UP,WARMING_UP,0.0,0,68.697
574,35.4644,,0,5.0,0.55,5,3,0,4.9876,0.0,WARMING_UP,WARMING_UP,WARMING_UP,0.0,0,64.106
575,35.4753,,0,5.0,0.55,5,3,0,4.9985,0.0,WARMING_UP,WARMING_UP,WARMING_UP,0.0,0,65.652
576,35.4879,,0,5.0,0.55,5,3,0,4.9993,0.0,WARMING_UP,WARMING_UP,WARMING_UP,0.0,0,68.39
577,35.4988,,0,5.0,0.55,5,3,0,4.994,0.0,WARMING_UP,WARMING_UP,WARMING_UP,0.0,0,70.207
578,35.5102,,0,5.0,0.55,5,3,0,4.9893,0.0,WARMING_UP,WARMING_UP,WARMING_UP,0.0,0,71.486
579,35.5228,,0,5.0,0.55,5,3,0,4.985,0.0,WARMING_UP,WARMING_UP,WARMING_UP,0.0,0,70.686
580,35.5379,,0,5.0,0.55,5,3,0,4.9832,0.0,WARMING_UP,WARMING_UP,WARMING_UP,0.0,0,72.294
581,35.5738,,0,5.0,0.55,5,3,0,4.997,0.0,WARMING_UP,WARMING_UP,WARMING_UP,0.0,0,67.898
582,35.5848,,0,5.0,0.55,5,3,0,4.9916,0.0,WARMING_UP,WARMING_UP,WARMING_UP,0.0,0,68.796
583,35.5978,,0,5.0,0.55,5,3,0,4.9887,0.0,WARMING_UP,WARMING_UP,WARMING_UP,0.0,0,71.284
584,35.6085,,0,5.0,0.55,5,3,0,4.9994,0.0,WARMING_UP,WARMING_UP,WARMING_UP,0.0,0,71.483
585,35.6221,,0,5.0,0.55,5,3,0,4.9972,0.0,WARMING_UP,WARMING_UP,WARMING_UP,0.0,0,73.085
586,35.6352,,0,5.0,0.55,5,3,0,4.9951,0.0,WARMING_UP,WARMING_UP,WARMING_UP,0.0,0,71.875
587,35.692,,0,5.0,0.55,5,3,0,4.9832,0.0,WARMING_UP,WARMING_UP,WARMING_UP,0.0,0,66.579
588,35.7029,,0,5.0,0.55,5,3,0,4.9941,0.0,WARMING_UP,WARMING_UP,WARMING_UP,0.0,0,67.853
589,35.7155,,0,5.0,0.55,5,3,0,4.9939,0.0,WARMING_UP,WARMING_UP,WARMING_UP,0.0,0,68.464
590,35.7289,,0,5.0,0.55,5,3,0,4.9966,0.0,WARMING_UP,WARMING_UP,WARMING_UP,0.0,0,71.369
591,35.7392,,0,5.0,0.55,5,3,0,4.9959,0.0,WARMING_UP,WARMING_UP,WARMING_UP,0.0,0,70.419
592,35.7553,,0,5.0,0.55,5,3,0,4.9914,0.0,WARMING_UP,WARMING_UP,WARMING_UP,0.0,0,70.832
593,35.7878,,0,5.0,0.55,5,3,0,4.993,0.0,WARMING_UP,WARMING_UP,WARMING_UP,0.0,0,67.043
594,35.7993,,0,5.0,0.55,5,3,0,4.9939,0.0,WARMING_UP,WARMING_UP,WARMING_UP,0.0,0,69.357
595,35.8105,,0,5.0,0.55,5,3,0,4.9948,0.0,WARMING_UP,WARMING_UP,WARMING_UP,0.0,0,71.709
596,35.8209,,0,5.0,0.55,5,3,0,4.9953,0.0,WARMING_UP,WARMING_UP,WARMING_UP,0.0,0,73.095
597,35.8326,,0,5.0,0.55,5,3,0,4.9975,0.0,WARMING_UP,WARMING_UP,WARMING_UP,0.0,0,75.496
598,35.8433,,0,5.0,0.55,5,3,0,4.997,0.0,WARMING_UP,WARMING_UP,WARMING_UP,0.0,0,77.029
599,35.8575,,0,5.0,0.55,5,3,0,4.9907,0.0,WARMING_UP,WARMING_UP,WARMING_UP,0.0,0,75.79
600,35.8914,,0,5.0,0.55,5,3,0,4.9968,0.0,WARMING_UP,WARMING_UP,WARMING_UP,0.0,0,71.279
601,35.902,,0,5.0,0.55,5,3,0,4.9973,0.0,WARMING_UP,WARMING_UP,WARMING_UP,0.0,0,71.492
602,35.9157,,0,5.0,0.55,5,3,0,4.9882,0.0,WARMING_UP,WARMING_UP,WARMING_UP,0.0,0,71.501
603,35.9296,,0,5.0,0.55,5,3,0,4.9904,0.0,WARMING_UP,WARMING_UP,WARMING_UP,0.0,0,74.28
604,35.9531,,0,5.0,0.55,5,3,0,4.9957,0.0,WARMING_UP,WARMING_UP,WARMING_UP,0.0,0,70.781
605,35.9653,,0,5.0,0.55,5,3,0,4.9912,0.0,WARMING_UP,WARMING_UP,WARMING_UP,0.0,0,70.168
606,35.9952,,0,5.0,0.55,5,3,0,4.9903,0.0,WARMING_UP,WARMING_UP,WARMING_UP,0.0,0,66.715
607,36.0089,,0,5.0,0.55,5,3,0,4.9906,0.0,WARMING_UP,WARMING_UP,WARMING_UP,0.0,0,69.431
608,36.0194,,0,5.0,0.55,5,3,0,4.9912,0.0,WARMING_UP,WARMING_UP,WARMING_UP,0.0,0,71.555
609,36.0303,,0,5.0,0.55,5,3,0,4.9921,0.0,WARMING_UP,WARMING_UP,WARMING_UP,0.0,0,70.379
610,36.0471,,0,5.0,0.55,5,3,0,4.9991,0.0,WARMING_UP,WARMING_UP,WARMING_UP,0.0,0,72.541
611,36.0617,,0,5.0,0.55,5,3,0,4.9927,0.0,WARMING_UP,WARMING_UP,WARMING_UP,0.0,0,71.993
612,36.0771,,0,5.0,0.55,5,3,0,4.9924,0.0,WARMING_UP,WARMING_UP,WARMING_UP,0.0,0,71.317
613,36.0989,,0,5.0,0.55,5,3,0,4.9935,0.0,WARMING_UP,WARMING_UP,WARMING_UP,0.0,0,68.838
614,36.1097,,0,5.0,0.55,5,3,0,4.9934,0.0,WARMING_UP,WARMING_UP,WARMING_UP,0.0,0,69.642
615,36.1227,,0,5.0,0.55,5,3,0,4.9925,0.0,WARMING_UP,WARMING_UP,WARMING_UP,0.0,0,72.369
616,36.1355,,0,5.0,0.55,5,3,0,4.9931,0.0,WARMING_UP,WARMING_UP,WARMING_UP,0.0,0,69.813
617,36.1544,,0,5.0,0.55,5,3,0,4.9955,0.0,WARMING_UP,WARMING_UP,WARMING_UP,0.0,0,71.764
618,36.1733,,0,5.0,0.55,5,3,0,4.9942,0.0,WARMING_UP,WARMING_UP,WARMING_UP,0.0,0,69.71
619,36.1852,,0,5.0,0.55,5,3,0,4.9961,0.0,WARMING_UP,WARMING_UP,WARMING_UP,0.0,0,71.849
620,36.2034,,0,5.0,0.55,5,3,0,4.9933,0.0,WARMING_UP,WARMING_UP,WARMING_UP,0.0,0,70.197
621,36.2263,,0,5.0,0.55,5,3,0,4.9907,0.0,WARMING_UP,WARMING_UP,WARMING_UP,0.0,0,67.384
622,36.2438,,0,5.0,0.55,5,3,0,4.9977,0.0,WARMING_UP,WARMING_UP,WARMING_UP,0.0,0,66.522
623,36.2549,,0,5.0,0.55,5,3,0,4.999,0.0,WARMING_UP,WARMING_UP,WARMING_UP,0.0,0,67.176
624,36.2913,,0,5.0,0.55,5,3,0,4.9907,0.0,WARMING_UP,WARMING_UP,WARMING_UP,0.0,0,63.381
625,36.3029,,0,5.0,0.55,5,3,0,4.9904,0.0,WARMING_UP,WARMING_UP,WARMING_UP,0.0,0,64.578
626,36.3162,,0,5.0,0.55,5,3,0,4.9938,0.0,WARMING_UP,WARMING_UP,WARMING_UP,0.0,0,64.239
627,36.3324,,0,5.0,0.55,5,3,0,4.9983,0.0,WARMING_UP,WARMING_UP,WARMING_UP,0.0,0,67.252
628,36.3451,,0,5.0,0.55,5,3,0,4.9907,0.0,WARMING_UP,WARMING_UP,WARMING_UP,0.0,0,68.5
629,36.368,,0,5.0,0.55,5,3,0,4.9967,0.0,WARMING_UP,WARMING_UP,WARMING_UP,0.0,0,65.852
630,36.3795,,0,5.0,0.55,5,3,0,4.9955,0.0,WARMING_UP,WARMING_UP,WARMING_UP,0.0,0,68.467
631,36.3901,,0,5.0,0.55,5,3,0,4.9926,0.0,WARMING_UP,WARMING_UP,WARMING_UP,0.0,0,70.903
632,36.401,,0,5.0,0.55,5,3,0,4.992,0.0,WARMING_UP,WARMING_UP,WARMING_UP,0.0,0,73.087
633,36.4238,,0,5.0,0.55,5,3,0,4.9944,0.0,WARMING_UP,WARMING_UP,WARMING_UP,0.0,0,70.086
634,36.4465,,0,5.0,0.55,5,3,0,4.9968,0.0,WARMING_UP,WARMING_UP,WARMING_UP,0.0,0,67.584
635,36.4658,,0,5.0,0.55,5,3,0,4.9955,0.0,WARMING_UP,WARMING_UP,WARMING_UP,0.0,0,66.026
636,36.4765,,0,5.0,0.55,5,3,0,4.9954,0.0,WARMING_UP,WARMING_UP,WARMING_UP,0.0,0,68.252
637,36.4876,,0,5.0,0.55,5,3,0,4.9966,0.0,WARMING_UP,WARMING_UP,WARMING_UP,0.0,0,70.077
638,36.5026,,0,5.0,0.55,5,3,0,4.9903,0.0,WARMING_UP,WARMING_UP,WARMING_UP,0.0,0,69.29
639,36.5155,,0,5.0,0.55,5,3,0,4.9933,0.0,WARMING_UP,WARMING_UP,WARMING_UP,0.0,0,69.085
640,36.5517,,0,5.0,0.55,5,3,0,4.9878,0.0,WARMING_UP,WARMING_UP,WARMING_UP,0.0,0,65.168
641,36.5668,,0,5.0,0.55,5,3,0,4.9861,0.0,WARMING_UP,WARMING_UP,WARMING_UP,0.0,0,63.743
642,36.5834,,0,5.0,0.55,5,3,0,4.9855,0.0,WARMING_UP,WARMING_UP,WARMING_UP,0.0,0,66.945
643,36.5937,,0,5.0,0.55,5,3,0,4.9959,0.0,WARMING_UP,WARMING_UP,WARMING_UP,0.0,0,70.032
644,36.6109,,0,5.0,0.55,5,3,0,4.9846,0.0,WARMING_UP,WARMING_UP,WARMING_UP,0.0,0,68.783
645,36.6214,,0,5.0,0.55,5,3,0,4.9951,0.0,WARMING_UP,WARMING_UP,WARMING_UP,0.0,0,70.521
646,36.633,,0,5.0,0.55,5,3,0,4.9918,0.0,WARMING_UP,WARMING_UP,WARMING_UP,0.0,0,73.032
647,36.6549,,0,5.0,0.55,5,3,0,4.9903,0.0,WARMING_UP,WARMING_UP,WARMING_UP,0.0,0,69.729
648,36.6685,,0,5.0,0.55,5,3,0,4.9937,0.0,WARMING_UP,WARMING_UP,WARMING_UP,0.0,0,70.87
649,36.6939,,0,5.0,0.55,5,3,0,4.9984,0.0,WARMING_UP,WARMING_UP,WARMING_UP,0.0,0,67.783
650,36.7057,,0,5.0,0.55,5,3,0,4.9904,0.0,WARMING_UP,WARMING_UP,WARMING_UP,0.0,0,69.901
651,36.7171,,0,5.0,0.55,5,3,0,4.9896,0.0,WARMING_UP,WARMING_UP,WARMING_UP,0.0,0,70.226
652,36.7359,,0,5.0,0.55,5,3,0,4.9981,0.0,WARMING_UP,WARMING_UP,WARMING_UP,0.0,0,68.497
653,36.7514,,0,5.0,0.55,5,3,0,4.9913,0.0,WARMING_UP,WARMING_UP,WARMING_UP,0.0,0,68.712
654,36.7737,,0,5.0,0.55,5,3,0,4.9923,0.0,WARMING_UP,WARMING_UP,WARMING_UP,0.0,0,65.358
655,36.7923,,0,5.0,0.55,5,3,0,4.9982,0.0,WARMING_UP,WARMING_UP,WARMING_UP,0.0,0,65.11
656,36.8083,,0,5.0,0.55,5,3,0,4.9966,0.0,WARMING_UP,WARMING_UP,WARMING_UP,0.0,0,65.179
657,36.8233,,0,5.0,0.55,5,3,0,4.9887,0.0,WARMING_UP,WARMING_UP,WARMING_UP,0.0,0,67.18
658,36.8352,,0,5.0,0.55,5,3,0,4.9894,0.0,WARMING_UP,WARMING_UP,WARMING_UP,0.0,0,67.056
659,36.8551,,0,5.0,0.55,5,3,0,4.9983,0.0,WARMING_UP,WARMING_UP,WARMING_UP,0.0,0,65.749
660,36.877,,0,5.0,0.55,5,3,0,4.9978,0.0,WARMING_UP,WARMING_UP,WARMING_UP,0.0,0,64.475
661,36.8977,,0,5.0,0.55,5,3,0,4.998,0.0,WARMING_UP,WARMING_UP,WARMING_UP,0.0,0,62.746
662,36.9089,,0,5.0,0.55,5,3,0,4.9983,0.0,WARMING_UP,WARMING_UP,WARMING_UP,0.0,0,65.43
663,36.9199,,0,5.0,0.55,5,3,0,4.999,0.0,WARMING_UP,WARMING_UP,WARMING_UP,0.0,0,67.679
664,36.9458,,0,5.0,0.55,5,3,0,4.9935,0.0,WARMING_UP,WARMING_UP,WARMING_UP,0.0,0,64.16
665,36.9623,,0,5.0,0.55,5,3,0,4.9995,0.0,WARMING_UP,WARMING_UP,WARMING_UP,0.0,0,63.004
666,36.9811,,0,5.0,0.55,5,3,0,4.9933,0.0,WARMING_UP,WARMING_UP,WARMING_UP,0.0,0,65.942
667,36.992,,0,5.0,0.55,5,3,0,4.9934,0.0,WARMING_UP,WARMING_UP,WARMING_UP,0.0,0,67.201
668,37.0081,,0,5.0,0.55,5,3,0,4.9986,0.0,WARMING_UP,WARMING_UP,WARMING_UP,0.0,0,64.993
669,37.027,,0,5.0,0.55,5,3,0,4.9974,0.0,WARMING_UP,WARMING_UP,WARMING_UP,0.0,0,67.459
670,37.0385,,0,5.0,0.55,5,3,0,4.999,0.0,WARMING_UP,WARMING_UP,WARMING_UP,0.0,0,68.884
671,37.0503,,0,5.0,0.55,5,3,0,4.9882,0.0,WARMING_UP,WARMING_UP,WARMING_UP,0.0,0,71.004
672,37.0803,,0,5.0,0.55,5,3,0,4.9975,0.0,WARMING_UP,WARMING_UP,WARMING_UP,0.0,0,67.253
673,37.0911,,0,5.0,0.55,5,3,0,4.9974,0.0,WARMING_UP,WARMING_UP,WARMING_UP,0.0,0,66.217
674,37.1332,,0,5.0,0.55,5,3,0,4.9937,0.0,WARMING_UP,WARMING_UP,WARMING_UP,0.0,0,62.393
675,37.1467,,0,5.0,0.55,5,3,0,4.9905,0.0,WARMING_UP,WARMING_UP,WARMING_UP,0.0,0,63.244
676,37.1586,,0,5.0,0.55,5,3,0,4.9924,0.0,WARMING_UP,WARMING_UP,WARMING_UP,0.0,0,66.005
677,37.1696,,0,5.0,0.55,5,3,0,4.9922,0.0,WARMING_UP,WARMING_UP,WARMING_UP,0.0,0,66.969
678,37.1881,,0,5.0,0.55,5,3,0,4.9997,0.0,WARMING_UP,WARMING_UP,WARMING_UP,0.0,0,66.437
679,37.199,,0,5.0,0.55,5,3,0,4.9884,0.0,WARMING_UP,WARMING_UP,WARMING_UP,0.0,0,68.792
680,37.232,,0,5.0,0.55,5,3,0,4.9894,0.0,WARMING_UP,WARMING_UP,WARMING_UP,0.0,0,64.326
681,37.2516,,0,5.0,0.55,5,3,0,4.9993,0.0,WARMING_UP,WARMING_UP,WARMING_UP,0.0,0,67.079
682,37.2624,,0,5.0,0.55,5,3,0,4.9936,0.0,WARMING_UP,WARMING_UP,WARMING_UP,0.0,0,67.548
683,37.2764,,0,5.0,0.55,5,3,0,4.9967,0.0,WARMING_UP,WARMING_UP,WARMING_UP,0.0,0,70.255
684,37.2869,,0,5.0,0.55,5,3,0,4.9967,0.0,WARMING_UP,WARMING_UP,WARMING_UP,0.0,0,70.736
685,37.3004,,0,5.0,0.55,5,3,0,4.9882,0.0,WARMING_UP,WARMING_UP,WARMING_UP,0.0,0,73.148
686,37.3343,,0,5.0,0.55,5,3,0,4.9925,0.0,WARMING_UP,WARMING_UP,WARMING_UP,0.0,0,68.585
687,37.3473,,0,5.0,0.55,5,3,0,4.9939,0.0,WARMING_UP,WARMING_UP,WARMING_UP,0.0,0,71.161
688,37.3576,,0,5.0,0.55,5,3,0,4.9884,0.0,WARMING_UP,WARMING_UP,WARMING_UP,0.0,0,72.821
689,37.3693,,0,5.0,0.55,5,3,0,4.9828,0.0,WARMING_UP,WARMING_UP,WARMING_UP,0.0,0,71.045
690,37.3874,,0,5.0,0.55,5,3,0,4.9845,0.0,WARMING_UP,WARMING_UP,WARMING_UP,0.0,0,69.795
691,37.4044,,0,5.0,0.55,5,3,0,4.9901,0.0,WARMING_UP,WARMING_UP,WARMING_UP,0.0,0,71.267
692,37.4162,,0,5.0,0.55,5,3,0,4.9902,0.0,WARMING_UP,WARMING_UP,WARMING_UP,0.0,0,71.802
693,37.4439,,0,5.0,0.55,5,3,0,4.9971,0.0,WARMING_UP,WARMING_UP,WARMING_UP,0.0,0,68.535
694,37.4549,,0,5.0,0.55,5,3,0,4.9981,0.0,WARMING_UP,WARMING_UP,WARMING_UP,0.0,0,68.912
695,37.4707,,0,5.0,0.55,5,3,0,4.9894,0.0,WARMING_UP,WARMING_UP,WARMING_UP,0.0,0,69.29
696,37.4825,,0,5.0,0.55,5,3,0,4.9907,0.0,WARMING_UP,WARMING_UP,WARMING_UP,0.0,0,72.008
697,37.4929,,0,5.0,0.55,5,3,0,4.9905,0.0,WARMING_UP,WARMING_UP,WARMING_UP,0.0,0,74.085
698,37.5079,,0,5.0,0.55,5,3,0,4.9955,0.0,WARMING_UP,WARMING_UP,WARMING_UP,0.0,0,73.031
699,37.5455,,0,5.0,0.55,5,3,0,4.9894,0.0,WARMING_UP,WARMING_UP,WARMING_UP,0.0,0,68.434
700,37.5563,,0,5.0,0.55,5,3,0,4.9792,0.0,WARMING_UP,WARMING_UP,WARMING_UP,0.0,0,69.699
701,37.5686,,0,5.0,0.55,5,3,0,4.9915,0.0,WARMING_UP,WARMING_UP,WARMING_UP,0.0,0,69.948
702,37.5826,,0,5.0,0.55,5,3,0,4.9937,0.0,WARMING_UP,WARMING_UP,WARMING_UP,0.0,0,69.2
703,37.5985,,0,5.0,0.55,5,3,0,4.9847,0.0,WARMING_UP,WARMING_UP,WARMING_UP,0.0,0,67.983
704,37.6161,,0,5.0,0.55,5,3,0,4.9911,0.0,WARMING_UP,WARMING_UP,WARMING_UP,0.0,0,69.094
705,37.6289,,0,5.0,0.55,5,3,0,4.9933,0.0,WARMING_UP,WARMING_UP,WARMING_UP,0.0,0,67.611
706,37.6494,,0,5.0,0.55,5,3,0,4.996,0.0,WARMING_UP,WARMING_UP,WARMING_UP,0.0,0,68.203
707,37.6607,,0,5.0,0.55,5,3,0,4.9784,0.0,WARMING_UP,WARMING_UP,WARMING_UP,0.0,0,70.499
708,37.6715,,0,5.0,0.55,5,3,0,4.9892,0.0,WARMING_UP,WARMING_UP,WARMING_UP,0.0,0,71.822
709,37.7024,,0,5.0,0.55,5,3,0,4.9971,0.0,WARMING_UP,WARMING_UP,WARMING_UP,0.0,0,67.352
710,37.7206,,0,5.0,0.55,5,3,0,4.9972,0.0,WARMING_UP,WARMING_UP,WARMING_UP,0.0,0,69.221
711,37.7321,,0,5.0,0.55,5,3,0,4.9904,0.0,WARMING_UP,WARMING_UP,WARMING_UP,0.0,0,68.035
712,37.7591,,0,5.0,0.55,5,3,0,4.9615,0.0,WARMING_UP,WARMING_UP,WARMING_UP,0.0,0,65.324
713,37.7773,,0,5.0,0.55,5,3,0,4.9797,0.0,WARMING_UP,WARMING_UP,WARMING_UP,0.0,0,63.08
714,37.7974,,0,5.0,0.55,5,3,0,4.9998,0.0,WARMING_UP,WARMING_UP,WARMING_UP,0.0,0,62.511
715,37.8148,,0,5.0,0.55,5,3,0,4.9998,0.0,WARMING_UP,WARMING_UP,WARMING_UP,0.0,0,63.387
716,37.8289,,0,5.0,0.55,5,3,0,4.9958,0.0,WARMING_UP,WARMING_UP,WARMING_UP,0.0,0,65.117
717,37.841,,0,5.0,0.55,5,3,0,4.9972,0.0,WARMING_UP,WARMING_UP,WARMING_UP,0.0,0,64.041
718,37.8596,,0,5.0,0.55,5,3,0,4.9917,0.0,WARMING_UP,WARMING_UP,WARMING_UP,0.0,0,63.542
719,37.8765,,0,5.0,0.55,5,3,0,4.9976,0.0,WARMING_UP,WARMING_UP,WARMING_UP,0.0,0,62.918
720,37.8939,,0,5.0,0.55,5,3,0,4.9841,0.0,WARMING_UP,WARMING_UP,WARMING_UP,0.0,0,62.783
721,37.9103,,0,5.0,0.55,5,3,0,4.9879,0.0,WARMING_UP,WARMING_UP,WARMING_UP,0.0,0,62.852
722,37.9261,,0,5.0,0.55,5,3,0,4.9831,0.0,WARMING_UP,WARMING_UP,WARMING_UP,0.0,0,66.097
723,37.9363,,0,5.0,0.55,5,3,0,4.9933,0.0,WARMING_UP,WARMING_UP,WARMING_UP,0.0,0,65.747
724,37.9524,,0,5.0,0.55,5,3,0,4.9913,0.0,WARMING_UP,WARMING_UP,WARMING_UP,0.0,0,64.863
725,37.97,,0,5.0,0.55,5,3,0,4.997,0.0,WARMING_UP,WARMING_UP,WARMING_UP,0.0,0,66.071
726,37.9829,,0,5.0,0.55,5,3,0,4.998,0.0,WARMING_UP,WARMING_UP,WARMING_UP,0.0,0,69.044
727,38.0212,,0,5.0,0.55,5,3,0,4.9935,0.0,WARMING_UP,WARMING_UP,WARMING_UP,0.0,0,64.68
728,38.0329,,0,5.0,0.55,5,3,0,4.9821,0.0,WARMING_UP,WARMING_UP,WARMING_UP,0.0,0,64.961
729,38.0477,,0,5.0,0.55,5,3,0,4.9969,0.0,WARMING_UP,WARMING_UP,WARMING_UP,0.0,0,67.84
730,38.0581,,0,5.0,0.55,5,3,0,4.9874,0.0,WARMING_UP,WARMING_UP,WARMING_UP,0.0,0,70.151
731,38.0692,,0,5.0,0.55,5,3,0,4.9984,0.0,WARMING_UP,WARMING_UP,WARMING_UP,0.0,0,72.045
732,38.0804,,0,5.0,0.55,5,3,0,4.9936,0.0,WARMING_UP,WARMING_UP,WARMING_UP,0.0,0,74.342
733,38.0908,,0,5.0,0.55,5,3,0,4.9845,0.0,WARMING_UP,WARMING_UP,WARMING_UP,0.0,0,75.629
734,38.1064,,0,5.0,0.55,5,3,0,4.9894,0.0,WARMING_UP,WARMING_UP,WARMING_UP,0.0,0,74.752
735,38.1284,,0,5.0,0.55,5,3,0,4.993,0.0,WARMING_UP,WARMING_UP,WARMING_UP,0.0,0,70.734
736,38.1463,,0,5.0,0.55,5,3,0,4.9969,0.0,WARMING_UP,WARMING_UP,WARMING_UP,0.0,0,69.282
737,38.1642,,0,5.0,0.55,5,3,0,4.9933,0.0,WARMING_UP,WARMING_UP,WARMING_UP,0.0,0,68.059
738,38.1881,,0,5.0,0.55,5,3,0,4.9965,0.0,WARMING_UP,WARMING_UP,WARMING_UP,0.0,0,65.389
739,38.2057,,0,5.0,0.55,5,3,0,4.9955,0.0,WARMING_UP,WARMING_UP,WARMING_UP,0.0,0,68.58
740,38.2161,,0,5.0,0.55,5,3,0,4.9881,0.0,WARMING_UP,WARMING_UP,WARMING_UP,0.0,0,66.937
741,38.2353,,0,5.0,0.55,5,3,0,4.9969,0.0,WARMING_UP,WARMING_UP,WARMING_UP,0.0,0,67.64
742,38.2489,,0,5.0,0.55,5,3,0,4.9985,0.0,WARMING_UP,WARMING_UP,WARMING_UP,0.0,0,67.682
743,38.2634,,0,5.0,0.55,5,3,0,4.9903,0.0,WARMING_UP,WARMING_UP,WARMING_UP,0.0,0,70.544
744,38.2738,,0,5.0,0.55,5,3,0,4.9889,0.0,WARMING_UP,WARMING_UP,WARMING_UP,0.0,0,72.167
745,38.2853,,0,5.0,0.55,5,3,0,4.9869,0.0,WARMING_UP,WARMING_UP,WARMING_UP,0.0,0,71.245
746,38.3108,,0,5.0,0.55,5,3,0,4.9888,0.0,WARMING_UP,WARMING_UP,WARMING_UP,0.0,0,69.032
747,38.3225,,0,5.0,0.55,5,3,0,4.9763,0.0,WARMING_UP,WARMING_UP,WARMING_UP,0.0,0,69.119
748,38.3385,,0,5.0,0.55,5,3,0,4.9923,0.0,WARMING_UP,WARMING_UP,WARMING_UP,0.0,0,69.459
749,38.3501,,0,5.0,0.55,5,3,0,4.9902,0.0,WARMING_UP,WARMING_UP,WARMING_UP,0.0,0,71.917
750,38.3627,,0,5.0,0.55,5,3,0,4.9899,0.0,WARMING_UP,WARMING_UP,WARMING_UP,0.0,0,72.048
751,38.3932,,0,5.0,0.55,5,3,0,4.9674,0.0,WARMING_UP,WARMING_UP,WARMING_UP,0.0,0,68.166
752,38.4132,,0,5.0,0.55,5,3,0,4.9875,0.0,WARMING_UP,WARMING_UP,WARMING_UP,0.0,0,66.217
753,38.4313,,0,5.0,0.55,5,3,0,4.9944,0.0,WARMING_UP,WARMING_UP,WARMING_UP,0.0,0,63.617
754,38.4496,,0,5.0,0.55,5,3,0,4.9996,0.0,WARMING_UP,WARMING_UP,WARMING_UP,0.0,0,66.432
755,38.4604,,0,5.0,0.55,5,3,0,4.9984,0.0,WARMING_UP,WARMING_UP,WARMING_UP,0.0,0,69.393
756,38.4707,,0,5.0,0.55,5,3,0,4.984,0.0,WARMING_UP,WARMING_UP,WARMING_UP,0.0,0,69.348
757,38.4853,,0,5.0,0.55,5,3,0,4.9986,0.0,WARMING_UP,WARMING_UP,WARMING_UP,0.0,0,68.12
758,38.5029,,0,5.0,0.55,5,3,0,4.9931,0.0,WARMING_UP,WARMING_UP,WARMING_UP,0.0,0,67.074
759,38.5204,,0,5.0,0.55,5,3,0,4.9729,0.0,WARMING_UP,WARMING_UP,WARMING_UP,0.0,0,68.266
760,38.5343,,0,5.0,0.55,5,3,0,4.9869,0.0,WARMING_UP,WARMING_UP,WARMING_UP,0.0,0,69.778
761,38.5601,,0,5.0,0.55,5,3,0,4.9901,0.0,WARMING_UP,WARMING_UP,WARMING_UP,0.0,0,65.839
762,38.5778,,0,5.0,0.55,5,3,0,4.9966,0.0,WARMING_UP,WARMING_UP,WARMING_UP,0.0,0,67.982
763,38.5894,,0,5.0,0.55,5,3,0,4.9977,0.0,WARMING_UP,WARMING_UP,WARMING_UP,0.0,0,69.582
764,38.601,,0,5.0,0.55,5,3,0,4.9515,0.0,WARMING_UP,WARMING_UP,WARMING_UP,0.0,0,72.376
765,38.6213,,0,5.0,0.55,5,3,0,4.9717,0.0,WARMING_UP,WARMING_UP,WARMING_UP,0.0,0,68.805
766,38.641,,0,5.0,0.55,5,3,0,4.9915,0.0,WARMING_UP,WARMING_UP,WARMING_UP,0.0,0,68.896
767,38.653,,0,5.0,0.55,5,3,0,4.9922,0.0,WARMING_UP,WARMING_UP,WARMING_UP,0.0,0,67.686
768,38.6841,,0,5.0,0.55,5,3,0,4.9917,0.0,WARMING_UP,WARMING_UP,WARMING_UP,0.0,0,64.127
769,38.7018,,0,5.0,0.55,5,3,0,4.9975,0.0,WARMING_UP,WARMING_UP,WARMING_UP,0.0,0,63.362
770,38.7195,,0,5.0,0.55,5,3,0,4.9924,0.0,WARMING_UP,WARMING_UP,WARMING_UP,0.0,0,62.923
771,38.7365,,0,5.0,0.55,5,3,0,4.9808,0.0,WARMING_UP,WARMING_UP,WARMING_UP,0.0,0,61.968
772,38.7552,,0,5.0,0.55,5,3,0,4.9995,0.0,WARMING_UP,WARMING_UP,WARMING_UP,0.0,0,60.914
773,38.7746,,0,5.0,0.55,5,3,0,4.9958,0.0,WARMING_UP,WARMING_UP,WARMING_UP,0.0,0,61.845
774,38.7889,,0,5.0,0.55,5,3,0,4.9991,0.0,WARMING_UP,WARMING_UP,WARMING_UP,0.0,0,64.048
775,38.8007,,0,5.0,0.55,5,3,0,4.9939,0.0,WARMING_UP,WARMING_UP,WARMING_UP,0.0,0,63.65
776,38.8174,,0,5.0,0.55,5,3,0,4.9966,0.0,WARMING_UP,WARMING_UP,WARMING_UP,0.0,0,62.972
777,38.835,,0,5.0,0.55,5,3,0,4.9634,0.0,WARMING_UP,WARMING_UP,WARMING_UP,0.0,0,62.437
778,38.8526,,0,5.0,0.55,5,3,0,4.981,0.0,WARMING_UP,WARMING_UP,WARMING_UP,0.0,0,61.619
779,38.8709,,0,5.0,0.55,5,3,0,4.9993,0.0,WARMING_UP,WARMING_UP,WARMING_UP,0.0,0,63.438
780,38.8833,,0,5.0,0.55,5,3,0,4.9892,0.0,WARMING_UP,WARMING_UP,WARMING_UP,0.0,0,66.871
781,38.8935,,0,5.0,0.55,5,3,0,4.9994,0.0,WARMING_UP,WARMING_UP,WARMING_UP,0.0,0,68.738
782,38.9052,,0,5.0,0.55,5,3,0,4.9996,0.0,WARMING_UP,WARMING_UP,WARMING_UP,0.0,0,70.211
783,38.9172,,0,5.0,0.55,5,3,0,4.9931,0.0,WARMING_UP,WARMING_UP,WARMING_UP,0.0,0,72.346
784,38.9447,,0,5.0,0.55,5,3,0,4.9897,0.0,WARMING_UP,WARMING_UP,WARMING_UP,0.0,0,68.792
785,38.9612,,0,5.0,0.55,5,3,0,4.985,0.0,WARMING_UP,WARMING_UP,WARMING_UP,0.0,0,67.749
786,38.9725,,0,5.0,0.55,5,3,0,4.9962,0.0,WARMING_UP,WARMING_UP,WARMING_UP,0.0,0,66.434
787,38.9907,,0,5.0,0.55,5,3,0,4.9955,0.0,WARMING_UP,WARMING_UP,WARMING_UP,0.0,0,68.677
788,39.0052,,0,5.0,0.55,5,3,0,4.9921,0.0,WARMING_UP,WARMING_UP,WARMING_UP,0.0,0,68.189
789,39.0177,,0,5.0,0.55,5,3,0,4.9929,0.0,WARMING_UP,WARMING_UP,WARMING_UP,0.0,0,70.009
790,39.0313,,0,5.0,0.55,5,3,0,4.9952,0.0,WARMING_UP,WARMING_UP,WARMING_UP,0.0,0,70.377
791,39.0487,,0,5.0,0.55,5,3,0,4.9925,0.0,WARMING_UP,WARMING_UP,WARMING_UP,0.0,0,69.275
792,39.0684,,0,5.0,0.55,5,3,0,4.9797,0.0,WARMING_UP,WARMING_UP,WARMING_UP,0.0,0,67.543
793,39.0808,,0,5.0,0.55,5,3,0,4.9921,0.0,WARMING_UP,WARMING_UP,WARMING_UP,0.0,0,68.756
794,39.0977,,0,5.0,0.55,5,3,0,4.9977,0.0,WARMING_UP,WARMING_UP,WARMING_UP,0.0,0,67.73
795,39.1337,,0,5.0,0.55,5,3,0,4.9997,0.0,WARMING_UP,WARMING_UP,WARMING_UP,0.0,0,63.724
796,39.1535,,0,5.0,0.55,5,3,0,4.9975,0.0,WARMING_UP,WARMING_UP,WARMING_UP,0.0,0,61.065
797,39.1717,,0,5.0,0.55,5,3,0,4.9817,0.0,WARMING_UP,WARMING_UP,WARMING_UP,0.0,0,64.006
798,39.1828,,0,5.0,0.55,5,3,0,4.9928,0.0,WARMING_UP,WARMING_UP,WARMING_UP,0.0,0,66.603
799,39.1938,,0,5.0,0.55,5,3,0,4.9773,0.0,WARMING_UP,WARMING_UP,WARMING_UP,0.0,0,68.32
800,39.2057,,0,5.0,0.55,5,3,0,4.9892,0.0,WARMING_UP,WARMING_UP,WARMING_UP,0.0,0,69.541
801,39.235,,0,5.0,0.55,5,3,0,4.9857,0.0,WARMING_UP,WARMING_UP,WARMING_UP,0.0,0,65.316
802,39.2549,,0,5.0,0.55,5,3,0,4.992,0.0,WARMING_UP,WARMING_UP,WARMING_UP,0.0,0,66.231
803,39.2682,,0,5.0,0.55,5,3,0,4.9942,0.0,WARMING_UP,WARMING_UP,WARMING_UP,0.0,0,66.793
804,39.2821,,0,5.0,0.55,5,3,0,4.9828,0.0,WARMING_UP,WARMING_UP,WARMING_UP,0.0,0,69.788
805,39.2923,,0,5.0,0.55,5,3,0,4.993,0.0,WARMING_UP,WARMING_UP,WARMING_UP,0.0,0,71.344
806,39.3042,,0,5.0,0.55,5,3,0,4.9926,0.0,WARMING_UP,WARMING_UP,WARMING_UP,0.0,0,70.692
807,39.3371,,0,5.0,0.55,5,3,0,4.9997,0.0,WARMING_UP,WARMING_UP,WARMING_UP,0.0,0,67.04
808,39.3515,,0,5.0,0.55,5,3,0,4.9997,0.0,WARMING_UP,WARMING_UP,WARMING_UP,0.0,0,67.618
809,39.3626,,0,5.0,0.55,5,3,0,4.9932,0.0,WARMING_UP,WARMING_UP,WARMING_UP,0.0,0,70.042
810,39.3736,,0,5.0,0.55,5,3,0,4.9861,0.0,WARMING_UP,WARMING_UP,WARMING_UP,0.0,0,71.159
811,39.3876,,0,5.0,0.55,5,3,0,4.9658,0.0,WARMING_UP,WARMING_UP,WARMING_UP,0.0,0,70.327
812,39.4428,,0,5.0,0.55,5,3,0,4.9905,0.0,WARMING_UP,WARMING_UP,WARMING_UP,0.0,0,64.973
813,39.4614,,0,5.0,0.55,5,3,0,4.9946,0.0,WARMING_UP,WARMING_UP,WARMING_UP,0.0,0,64.203
814,39.4788,,0,5.0,0.55,5,3,0,4.9972,0.0,WARMING_UP,WARMING_UP,WARMING_UP,0.0,0,67.166
815,39.4894,,0,5.0,0.55,5,3,0,4.9875,0.0,WARMING_UP,WARMING_UP,WARMING_UP,0.0,0,68.649
816,39.5016,,0,5.0,0.55,5,3,0,4.9998,0.0,WARMING_UP,WARMING_UP,WARMING_UP,0.0,0,71.206
817,39.5122,,0,5.0,0.55,5,3,0,4.9985,0.0,WARMING_UP,WARMING_UP,WARMING_UP,0.0,0,72.806
818,39.5237,,0,5.0,0.55,5,3,0,4.9921,0.0,WARMING_UP,WARMING_UP,WARMING_UP,0.0,0,75.078
819,39.5425,,0,5.0,0.55,5,3,0,4.9991,0.0,WARMING_UP,WARMING_UP,WARMING_UP,0.0,0,72.881
820,39.5531,,0,5.0,0.55,5,3,0,4.9958,0.0,WARMING_UP,WARMING_UP,WARMING_UP,0.0,0,72.121
821,39.5685,,0,5.0,0.55,5,3,0,4.9899,0.0,WARMING_UP,WARMING_UP,WARMING_UP,0.0,0,73.843
822,39.5794,,0,5.0,0.55,5,3,0,4.9883,0.0,WARMING_UP,WARMING_UP,WARMING_UP,0.0,0,75.219
823,39.591,,0,5.0,0.55,5,3,0,4.9999,0.0,WARMING_UP,WARMING_UP,WARMING_UP,0.0,0,76.785
824,39.6114,,0,5.0,0.55,5,3,0,4.9974,0.0,WARMING_UP,WARMING_UP,WARMING_UP,0.0,0,73.838
825,39.623,,0,5.0,0.55,5,3,0,4.972,0.0,WARMING_UP,WARMING_UP,WARMING_UP,0.0,0,75.023
826,39.6483,,0,5.0,0.55,5,3,0,4.9972,0.0,WARMING_UP,WARMING_UP,WARMING_UP,0.0,0,71.466
827,39.6603,,0,5.0,0.55,5,3,0,4.9973,0.0,WARMING_UP,WARMING_UP,WARMING_UP,0.0,0,72.808
828,39.6718,,0,5.0,0.55,5,3,0,4.9953,0.0,WARMING_UP,WARMING_UP,WARMING_UP,0.0,0,72.653
829,39.686,,0,5.0,0.55,5,3,0,4.9952,0.0,WARMING_UP,WARMING_UP,WARMING_UP,0.0,0,74.493
830,39.7003,,0,5.0,0.55,5,3,0,4.9988,0.0,WARMING_UP,WARMING_UP,WARMING_UP,0.0,0,71.692
831,39.7195,,0,5.0,0.55,5,3,0,4.9972,0.0,WARMING_UP,WARMING_UP,WARMING_UP,0.0,0,70.09
832,39.7605,,0,5.0,0.55,5,3,0,4.9816,0.0,WARMING_UP,WARMING_UP,WARMING_UP,0.0,0,65.856
833,39.7725,,0,5.0,0.55,5,3,0,4.9936,0.0,WARMING_UP,WARMING_UP,WARMING_UP,0.0,0,67.875
834,39.7841,,0,5.0,0.55,5,3,0,4.9866,0.0,WARMING_UP,WARMING_UP,WARMING_UP,0.0,0,70.517
835,39.7944,,0,5.0,0.55,5,3,0,4.9969,0.0,WARMING_UP,WARMING_UP,WARMING_UP,0.0,0,69.293
836,39.812,,0,5.0,0.55,5,3,0,4.9583,0.0,WARMING_UP,WARMING_UP,WARMING_UP,0.0,0,71.177
837,39.8231,,0,5.0,0.55,5,3,0,4.9694,0.0,WARMING_UP,WARMING_UP,WARMING_UP,0.0,0,71.48
838,39.8529,,0,5.0,0.55,5,3,0,4.9992,0.0,WARMING_UP,WARMING_UP,WARMING_UP,0.0,0,67.956
839,39.8644,,0,5.0,0.55,5,3,0,4.9997,0.0,WARMING_UP,WARMING_UP,WARMING_UP,0.0,0,70.476
840,39.8748,,0,5.0,0.55,5,3,0,4.9975,0.0,WARMING_UP,WARMING_UP,WARMING_UP,0.0,0,68.361
841,39.8955,,0,5.0,0.55,5,3,0,4.9923,0.0,WARMING_UP,WARMING_UP,WARMING_UP,0.0,0,69.757
842,39.9073,,0,5.0,0.55,5,3,0,4.9925,0.0,WARMING_UP,WARMING_UP,WARMING_UP,0.0,0,70.929
843,39.9196,,0,5.0,0.55,5,3,0,4.9853,0.0,WARMING_UP,WARMING_UP,WARMING_UP,0.0,0,73.451
844,39.9502,,0,5.0,0.55,5,3,0,4.9935,0.0,WARMING_UP,WARMING_UP,WARMING_UP,0.0,0,68.736
845,39.9681,,0,5.0,0.55,5,3,0,4.985,0.0,WARMING_UP,WARMING_UP,WARMING_UP,0.0,0,67.58
846,39.9857,,0,5.0,0.55,5,3,0,4.9821,0.0,WARMING_UP,WARMING_UP,WARMING_UP,0.0,0,68.08
847,39.9993,,0,5.0,0.55,5,3,0,4.9957,0.0,WARMING_UP,WARMING_UP,WARMING_UP,0.0,0,69.937
848,40.0108,,0,5.0,0.55,5,3,0,4.9961,0.0,WARMING_UP,WARMING_UP,WARMING_UP,0.0,0,71.798
849,40.0221,,0,5.0,0.55,5,3,0,4.9829,0.0,WARMING_UP,WARMING_UP,WARMING_UP,0.0,0,72.863
850,40.0352,,0,5.0,0.55,5,3,0,4.996,0.0,WARMING_UP,WARMING_UP,WARMING_UP,0.0,0,72.673
851,40.0502,,0,5.0,0.55,5,3,0,4.9919,0.0,WARMING_UP,WARMING_UP,WARMING_UP,0.0,0,73.057
852,40.0717,,0,5.0,0.55,5,3,0,4.9977,0.0,WARMING_UP,WARMING_UP,WARMING_UP,0.0,0,69.865
853,40.0857,,0,5.0,0.55,5,3,0,4.9675,0.0,WARMING_UP,WARMING_UP,WARMING_UP,0.0,0,72.09
854,40.1048,,0,5.0,0.55,5,3,0,4.9866,0.0,WARMING_UP,WARMING_UP,WARMING_UP,0.0,0,69.774
855,40.1185,,0,5.0,0.55,5,3,0,4.9881,0.0,WARMING_UP,WARMING_UP,WARMING_UP,0.0,0,70.824
856,40.1535,,0,5.0,0.55,5,3,0,4.9903,0.0,WARMING_UP,WARMING_UP,WARMING_UP,0.0,0,66.277
857,40.1691,,0,5.0,0.55,5,3,0,4.9945,0.0,WARMING_UP,WARMING_UP,WARMING_UP,0.0,0,68.971
858,40.1797,,0,5.0,0.55,5,3,0,4.9939,0.0,WARMING_UP,WARMING_UP,WARMING_UP,0.0,0,69.771
859,40.1927,,0,5.0,0.55,5,3,0,4.9797,0.0,WARMING_UP,WARMING_UP,WARMING_UP,0.0,0,71.711
860,40.2072,,0,5.0,0.55,5,3,0,4.9942,0.0,WARMING_UP,WARMING_UP,WARMING_UP,0.0,0,69.896
861,40.2225,,0,5.0,0.55,5,3,0,4.9986,0.0,WARMING_UP,WARMING_UP,WARMING_UP,0.0,0,71.257
862,40.2345,,0,5.0,0.55,5,3,0,4.9922,0.0,WARMING_UP,WARMING_UP,WARMING_UP,0.0,0,71.992
863,40.2574,,0,5.0,0.55,5,3,0,4.9912,0.0,WARMING_UP,WARMING_UP,WARMING_UP,0.0,0,69.402
864,40.2752,,0,5.0,0.55,5,3,0,4.9979,0.0,WARMING_UP,WARMING_UP,WARMING_UP,0.0,0,67.546
865,40.2886,,0,5.0,0.55,5,3,0,4.9872,0.0,WARMING_UP,WARMING_UP,WARMING_UP,0.0,0,69.029
866,40.3008,,0,5.0,0.55,5,3,0,4.9995,0.0,WARMING_UP,WARMING_UP,WARMING_UP,0.0,0,71.509
867,40.3179,,0,5.0,0.55,5,3,0,4.9993,0.0,WARMING_UP,WARMING_UP,WARMING_UP,0.0,0,70.142
868,40.3415,,0,5.0,0.55,5,3,0,4.9987,0.0,WARMING_UP,WARMING_UP,WARMING_UP,0.0,0,67.247
869,40.3629,,0,5.0,0.55,5,3,0,4.9851,0.0,WARMING_UP,WARMING_UP,WARMING_UP,0.0,0,65.321
870,40.3787,,0,5.0,0.55,5,3,0,4.9879,0.0,WARMING_UP,WARMING_UP,WARMING_UP,0.0,0,64.713
871,40.3907,,0,5.0,0.55,5,3,0,4.9999,0.0,WARMING_UP,WARMING_UP,WARMING_UP,0.0,0,67.055
872,40.409,,0,5.0,0.55,5,3,0,4.9893,0.0,WARMING_UP,WARMING_UP,WARMING_UP,0.0,0,65.864
873,40.4201,,0,5.0,0.55,5,3,0,4.9557,0.0,WARMING_UP,WARMING_UP,WARMING_UP,0.0,0,69.002
874,40.4431,,0,5.0,0.55,5,3,0,4.9787,0.0,WARMING_UP,WARMING_UP,WARMING_UP,0.0,0,66.171
875,40.4657,,0,5.0,0.55,5,3,0,4.9904,0.0,WARMING_UP,WARMING_UP,WARMING_UP,0.0,0,64.177
876,40.4773,,0,5.0,0.55,5,3,0,4.9894,0.0,WARMING_UP,WARMING_UP,WARMING_UP,0.0,0,65.453
877,40.4897,,0,5.0,0.55,5,3,0,4.9909,0.0,WARMING_UP,WARMING_UP,WARMING_UP,0.0,0,67.144
878,40.5027,,0,5.0,0.55,5,3,0,4.9925,0.0,WARMING_UP,WARMING_UP,WARMING_UP,0.0,0,68.941
879,40.5214,,0,5.0,0.55,5,3,0,4.9986,0.0,WARMING_UP,WARMING_UP,WARMING_UP,0.0,0,67.062
880,40.5376,,0,5.0,0.55,5,3,0,4.9997,0.0,WARMING_UP,WARMING_UP,WARMING_UP,0.0,0,66.959
881,40.5502,,0,5.0,0.55,5,3,0,4.9764,0.0,WARMING_UP,WARMING_UP,WARMING_UP,0.0,0,67.317
882,40.5656,,0,5.0,0.55,5,3,0,4.9918,0.0,WARMING_UP,WARMING_UP,WARMING_UP,0.0,0,65.108
883,40.585,,0,5.0,0.55,5,3,0,4.9872,0.0,WARMING_UP,WARMING_UP,WARMING_UP,0.0,0,68.071
884,40.5997,,0,5.0,0.55,5,3,0,4.9912,0.0,WARMING_UP,WARMING_UP,WARMING_UP,0.0,0,67.98
885,40.6219,,0,5.0,0.55,5,3,0,4.9999,0.0,WARMING_UP,WARMING_UP,WARMING_UP,0.0,0,65.316
886,40.6346,,0,5.0,0.55,5,3,0,4.9994,0.0,WARMING_UP,WARMING_UP,WARMING_UP,0.0,0,66.516
887,40.6477,,0,5.0,0.55,5,3,0,4.9557,0.0,WARMING_UP,WARMING_UP,WARMING_UP,0.0,0,68.829
888,40.6667,,0,5.0,0.55,5,3,0,4.9747,0.0,WARMING_UP,WARMING_UP,WARMING_UP,0.0,0,67.241
889,40.6866,,0,5.0,0.55,5,3,0,4.9946,0.0,WARMING_UP,WARMING_UP,WARMING_UP,0.0,0,65.527
890,40.7,,0,5.0,0.55,5,3,0,4.9971,0.0,WARMING_UP,WARMING_UP,WARMING_UP,0.0,0,66.368
891,40.7154,,0,5.0,0.55,5,3,0,5.0,0.0,WARMING_UP,WARMING_UP,WARMING_UP,0.0,0,65.719
892,40.7339,,0,5.0,0.55,5,3,0,4.9948,0.0,WARMING_UP,WARMING_UP,WARMING_UP,0.0,0,64.233
893,40.75,,0,5.0,0.55,5,3,0,4.9947,0.0,WARMING_UP,WARMING_UP,WARMING_UP,0.0,0,65.103
894,40.7738,,0,5.0,0.55,5,3,0,4.986,0.0,WARMING_UP,WARMING_UP,WARMING_UP,0.0,0,61.525
895,40.7973,,0,5.0,0.55,5,3,0,4.998,0.0,WARMING_UP,WARMING_UP,WARMING_UP,0.0,0,62.2
896,40.8099,,0,5.0,0.55,5,3,0,4.9995,0.0,WARMING_UP,WARMING_UP,WARMING_UP,0.0,0,64.407
897,40.8219,,0,5.0,0.55,5,3,0,4.9893,0.0,WARMING_UP,WARMING_UP,WARMING_UP,0.0,0,65.655
898,40.8506,,0,5.0,0.55,5,3,0,4.9932,0.0,WARMING_UP,WARMING_UP,WARMING_UP,0.0,0,62.68
899,40.8702,,0,5.0,0.55,5,3,0,4.9788,0.0,WARMING_UP,WARMING_UP,WARMING_UP,0.0,0,61.573
900,40.8821,,0,5.0,0.55,5,3,0,4.9908,0.0,WARMING_UP,WARMING_UP,WARMING_UP,0.0,0,62.54
901,40.8962,,0,5.0,0.55,5,3,0,4.9942,0.0,WARMING_UP,WARMING_UP,WARMING_UP,0.0,0,63.631
902,40.9096,,0,5.0,0.55,5,3,0,4.9939,0.0,WARMING_UP,WARMING_UP,WARMING_UP,0.0,0,64.832
903,40.9228,,0,5.0,0.55,5,3,0,4.9933,0.0,WARMING_UP,WARMING_UP,WARMING_UP,0.0,0,67.557
904,40.9519,,0,5.0,0.55,5,3,0,4.9988,0.0,WARMING_UP,WARMING_UP,WARMING_UP,0.0,0,64.228
905,40.963,,0,5.0,0.55,5,3,0,4.9977,0.0,WARMING_UP,WARMING_UP,WARMING_UP,0.0,0,65.646
906,40.9756,,0,5.0,0.55,5,3,0,4.9803,0.0,WARMING_UP,WARMING_UP,WARMING_UP,0.0,0,66.531
907,40.9907,,0,5.0,0.55,5,3,0,4.9954,0.0,WARMING_UP,WARMING_UP,WARMING_UP,0.0,0,66.993
908,41.0031,,0,5.0,0.55,5,3,0,4.9942,0.0,WARMING_UP,WARMING_UP,WARMING_UP,0.0,0,69.889
909,41.0154,,0,5.0,0.55,5,3,0,4.996,0.0,WARMING_UP,WARMING_UP,WARMING_UP,0.0,0,70.786
910,41.0551,,0,5.0,0.55,5,3,0,4.9934,0.0,WARMING_UP,WARMING_UP,WARMING_UP,0.0,0,66.145
911,41.0674,,0,5.0,0.55,5,3,0,4.9903,0.0,WARMING_UP,WARMING_UP,WARMING_UP,0.0,0,68.644
912,41.0919,,0,5.0,0.55,5,3,0,4.993,0.0,WARMING_UP,WARMING_UP,WARMING_UP,0.0,0,65.813
913,41.103,,0,5.0,0.55,5,3,0,4.9934,0.0,WARMING_UP,WARMING_UP,WARMING_UP,0.0,0,66.796
914,41.1163,,0,5.0,0.55,5,3,0,4.9936,0.0,WARMING_UP,WARMING_UP,WARMING_UP,0.0,0,69.108
915,41.1274,,0,5.0,0.55,5,3,0,4.9919,0.0,WARMING_UP,WARMING_UP,WARMING_UP,0.0,0,69.752
916,41.1407,,0,5.0,0.55,5,3,0,4.9863,0.0,WARMING_UP,WARMING_UP,WARMING_UP,0.0,0,71.273
917,41.1657,,0,5.0,0.55,5,3,0,4.9924,0.0,WARMING_UP,WARMING_UP,WARMING_UP,0.0,0,68.249
918,41.1802,,0,5.0,0.55,5,3,0,4.9949,0.0,WARMING_UP,WARMING_UP,WARMING_UP,0.0,0,68.491
919,41.1977,,0,5.0,0.55,5,3,0,4.9943,0.0,WARMING_UP,WARMING_UP,WARMING_UP,0.0,0,66.94
920,41.2098,,0,5.0,0.55,5,3,0,4.9834,0.0,WARMING_UP,WARMING_UP,WARMING_UP,0.0,0,68.072
921,41.2225,,0,5.0,0.55,5,3,0,4.9962,0.0,WARMING_UP,WARMING_UP,WARMING_UP,0.0,0,69.045
922,41.2386,,0,5.0,0.55,5,3,0,4.9948,0.0,WARMING_UP,WARMING_UP,WARMING_UP,0.0,0,68.721
923,41.2808,,0,5.0,0.55,5,3,0,4.9895,0.0,WARMING_UP,WARMING_UP,WARMING_UP,0.0,0,64.189
924,41.2933,,0,5.0,0.55,5,3,0,4.9904,0.0,WARMING_UP,WARMING_UP,WARMING_UP,0.0,0,64.717
925,41.3077,,0,5.0,0.55,5,3,0,4.9915,0.0,WARMING_UP,WARMING_UP,WARMING_UP,0.0,0,66.806
926,41.3198,,0,5.0,0.55,5,3,0,4.9874,0.0,WARMING_UP,WARMING_UP,WARMING_UP,0.0,0,68.894
927,41.3308,,0,5.0,0.55,5,3,0,4.9984,0.0,WARMING_UP,WARMING_UP,WARMING_UP,0.0,0,70.587
928,41.3424,,0,5.0,0.55,5,3,0,4.9973,0.0,WARMING_UP,WARMING_UP,WARMING_UP,0.0,0,70.842
929,41.3562,,0,5.0,0.55,5,3,0,4.9883,0.0,WARMING_UP,WARMING_UP,WARMING_UP,0.0,0,72.045
930,41.3976,,0,5.0,0.55,5,3,0,4.9967,0.0,WARMING_UP,WARMING_UP,WARMING_UP,0.0,0,67.303
931,41.4089,,0,5.0,0.55,5,3,0,4.9851,0.0,WARMING_UP,WARMING_UP,WARMING_UP,0.0,0,67.797
932,41.4226,,0,5.0,0.55,5,3,0,4.9989,0.0,WARMING_UP,WARMING_UP,WARMING_UP,0.0,0,68.697
933,41.4356,,0,5.0,0.55,5,3,0,4.9891,0.0,WARMING_UP,WARMING_UP,WARMING_UP,0.0,0,70.345
934,41.4475,,0,5.0,0.55,5,3,0,4.9816,0.0,WARMING_UP,WARMING_UP,WARMING_UP,0.0,0,72.373
935,41.4584,,0,5.0,0.55,5,3,0,4.9925,0.0,WARMING_UP,WARMING_UP,WARMING_UP,0.0,0,72.568
936,41.5014,,0,5.0,0.55,5,3,0,4.9988,0.0,WARMING_UP,WARMING_UP,WARMING_UP,0.0,0,67.769
937,41.513,,0,5.0,0.55,5,3,0,4.9976,0.0,WARMING_UP,WARMING_UP,WARMING_UP,0.0,0,69.922
938,41.5237,,0,5.0,0.55,5,3,0,4.972,0.0,WARMING_UP,WARMING_UP,WARMING_UP,0.0,0,70.998
939,41.5361,,0,5.0,0.55,5,3,0,4.9844,0.0,WARMING_UP,WARMING_UP,WARMING_UP,0.0,0,72.858
940,41.5474,,0,5.0,0.55,5,3,0,4.9958,0.0,WARMING_UP,WARMING_UP,WARMING_UP,0.0,0,73.86
941,41.5593,,0,5.0,0.55,5,3,0,4.9925,0.0,WARMING_UP,WARMING_UP,WARMING_UP,0.0,0,74.912
942,41.5881,,0,5.0,0.55,5,3,0,4.9945,0.0,WARMING_UP,WARMING_UP,WARMING_UP,0.0,0,70.675
943,41.6022,,0,5.0,0.55,5,3,0,4.9913,0.0,WARMING_UP,WARMING_UP,WARMING_UP,0.0,0,72.345
944,41.6135,,0,5.0,0.55,5,3,0,4.9922,0.0,WARMING_UP,WARMING_UP,WARMING_UP,0.0,0,74.16
945,41.6244,,0,5.0,0.55,5,3,0,4.9914,0.0,WARMING_UP,WARMING_UP,WARMING_UP,0.0,0,74.94
946,41.6381,,0,5.0,0.55,5,3,0,4.9831,0.0,WARMING_UP,WARMING_UP,WARMING_UP,0.0,0,75.076
947,41.6499,,0,5.0,0.55,5,3,0,4.995,0.0,WARMING_UP,WARMING_UP,WARMING_UP,0.0,0,76.797
948,41.669,,0,5.0,0.55,5,3,0,4.9751,0.0,WARMING_UP,WARMING_UP,WARMING_UP,0.0,0,74.084
949,41.7087,,0,5.0,0.55,5,3,0,4.9916,0.0,WARMING_UP,WARMING_UP,WARMING_UP,0.0,0,69.194
950,41.7391,,0,5.0,0.55,5,3,0,4.9877,0.0,WARMING_UP,WARMING_UP,WARMING_UP,0.0,0,65.466
951,41.7519,,0,5.0,0.55,5,3,0,4.9782,0.0,WARMING_UP,WARMING_UP,WARMING_UP,0.0,0,67.875
952,41.763,,0,5.0,0.55,5,3,0,4.9893,0.0,WARMING_UP,WARMING_UP,WARMING_UP,0.0,0,66.559
953,41.7813,,0,5.0,0.55,5,3,0,4.989,0.0,WARMING_UP,WARMING_UP,WARMING_UP,0.0,0,68.851
954,41.7923,,0,5.0,0.55,5,3,0,4.984,0.0033,WARMING_UP,WARMING_UP,WARMING_UP,0.0,0,62.927
955,41.8971,,0,5.0,0.55,5,3,0,4.9994,0.0034,WARMING_UP,WARMING_UP,WARMING_UP,0.0,0,64.768
956,41.9088,,0,5.0,0.55,5,3,0,4.9999,0.0034,WARMING_UP,WARMING_UP,WARMING_UP,0.0,0,66.36
957,41.9212,,0,5.0,0.55,5,3,0,4.9755,0.0034,WARMING_UP,WARMING_UP,WARMING_UP,0.0,0,69.205
958,41.9316,,0,5.0,0.55,5,3,0,4.9858,0.0034,WARMING_UP,WARMING_UP,WARMING_UP,0.0,0,71.326
959,41.9428,,0,5.0,0.55,5,3,0,4.997,0.0034,WARMING_UP,WARMING_UP,WARMING_UP,0.0,0,71.929
960,41.9557,,0,5.0,0.55,5,3,0,4.9934,0.0034,WARMING_UP,WARMING_UP,WARMING_UP,0.0,0,74.08
961,41.9664,,0,5.0,0.55,5,3,0,4.9853,0.0034,WARMING_UP,WARMING_UP,WARMING_UP,0.0,0,75.675
962,41.9774,,0,5.0,0.55,5,3,0,4.9962,0.0034,WARMING_UP,WARMING_UP,WARMING_UP,0.0,0,76.614
963,41.9891,,0,5.0,0.55,5,3,0,4.9971,0.0034,WARMING_UP,WARMING_UP,WARMING_UP,0.0,0,78.103
964,42.0003,,0,5.0,0.55,5,3,0,4.9922,0.0034,WARMING_UP,WARMING_UP,WARMING_UP,0.0,0,79.339
965,42.011,,0,5.0,0.55,5,3,0,4.984,0.0034,WARMING_UP,WARMING_UP,WARMING_UP,0.0,0,79.578
966,42.0234,,0,5.0,0.55,5,3,0,4.9964,0.0034,WARMING_UP,WARMING_UP,WARMING_UP,0.0,0,79.813
967,42.0356,,0,5.0,0.55,5,3,0,4.9971,0.0034,WARMING_UP,WARMING_UP,WARMING_UP,0.0,0,80.589
968,42.047,,0,5.0,0.55,5,3,0,4.9967,0.0034,WARMING_UP,WARMING_UP,WARMING_UP,0.0,0,81.779
969,42.0579,,0,5.0,0.55,5,3,0,4.9775,0.0034,WARMING_UP,WARMING_UP,WARMING_UP,0.0,0,81.41
970,42.0707,,0,5.0,0.55,5,3,0,4.9903,0.0033,WARMING_UP,WARMING_UP,WARMING_UP,0.0,0,82.513
971,42.0816,,0,5.0,0.55,5,3,0,4.9905,0.0033,WARMING_UP,WARMING_UP,WARMING_UP,0.0,0,82.711
972,42.0942,,0,5.0,0.55,5,3,0,4.961,0.0033,WARMING_UP,WARMING_UP,WARMING_UP,0.0,0,80.943
973,42.1089,,0,5.0,0.55,5,3,0,4.9758,0.0033,WARMING_UP,WARMING_UP,WARMING_UP,0.0,0,78.928
974,42.1252,,0,5.0,0.55,5,3,0,4.9921,0.0033,WARMING_UP,WARMING_UP,WARMING_UP,0.0,0,77.492
975,42.1407,,0,5.0,0.55,5,3,0,4.994,0.0033,WARMING_UP,WARMING_UP,WARMING_UP,0.0,0,76.577
976,42.1553,,0,5.0,0.55,5,3,0,4.9967,0.0033,WARMING_UP,WARMING_UP,WARMING_UP,0.0,0,77.617
977,42.1673,,0,5.0,0.55,5,3,0,4.9977,0.0033,WARMING_UP,WARMING_UP,WARMING_UP,0.0,0,78.568
978,42.1781,,0,5.0,0.55,5,3,0,4.99,0.0033,WARMING_UP,WARMING_UP,WARMING_UP,0.0,0,78.606
979,42.191,,0,5.0,0.55,5,3,0,4.9919,0.0033,WARMING_UP,WARMING_UP,WARMING_UP,0.0,0,77.173
980,42.2137,,0,5.0,0.55,5,3,0,4.9817,0.0033,WARMING_UP,WARMING_UP,WARMING_UP,0.0,0,74.554
981,42.2261,,0,5.0,0.55,5,3,0,4.9941,0.0033,WARMING_UP,WARMING_UP,WARMING_UP,0.0,0,74.907
982,42.2389,,0,5.0,0.55,5,3,0,4.9873,0.0033,WARMING_UP,WARMING_UP,WARMING_UP,0.0,0,76.994
983,42.2546,,0,5.0,0.55,5,3,0,4.9921,0.0033,WARMING_UP,WARMING_UP,WARMING_UP,0.0,0,74.974
984,42.2719,,0,5.0,0.55,5,3,0,4.9955,0.0033,WARMING_UP,WARMING_UP,WARMING_UP,0.0,0,73.766
985,42.2872,,0,5.0,0.55,5,3,0,4.9868,0.0033,WARMING_UP,WARMING_UP,WARMING_UP,0.0,0,73.019
986,42.3061,,0,5.0,0.55,5,3,0,4.9719,0.0033,WARMING_UP,WARMING_UP,WARMING_UP,0.0,0,70.915
987,42.318,,0,5.0,0.55,5,3,0,4.9837,0.0033,WARMING_UP,WARMING_UP,WARMING_UP,0.0,0,72.613
988,42.33,,0,5.0,0.55,5,3,0,4.9957,0.0033,WARMING_UP,WARMING_UP,WARMING_UP,0.0,0,73.232
989,42.3458,,0,5.0,0.55,5,3,0,4.9986,0.0033,WARMING_UP,WARMING_UP,WARMING_UP,0.0,0,71.98
990,42.3718,,0,5.0,0.55,5,3,0,4.9845,0.0033,WARMING_UP,WARMING_UP,WARMING_UP,0.0,0,68.803
991,42.3925,,0,5.0,0.55,5,3,0,4.9881,0.0033,WARMING_UP,WARMING_UP,WARMING_UP,0.0,0,65.1
992,42.4144,,0,5.0,0.55,5,3,0,4.9982,0.0033,WARMING_UP,WARMING_UP,WARMING_UP,0.0,0,67.718
993,42.4249,,0,5.0,0.55,5,3,0,4.9811,0.0033,WARMING_UP,WARMING_UP,WARMING_UP,0.0,0,69.562
994,42.4366,,0,5.0,0.55,5,3,0,4.9927,0.0033,WARMING_UP,WARMING_UP,WARMING_UP,0.0,0,72.118
995,42.448,,0,5.0,0.55,5,3,0,4.9931,0.0033,WARMING_UP,WARMING_UP,WARMING_UP,0.0,0,73.799
996,42.4672,,0,5.0,0.55,5,3,0,4.9965,0.0033,WARMING_UP,WARMING_UP,WARMING_UP,0.0,0,71.572
997,42.4865,,0,5.0,0.55,5,3,0,4.9936,0.0033,WARMING_UP,WARMING_UP,WARMING_UP,0.0,0,69.585
998,42.5274,,0,5.0,0.55,5,3,0,4.9819,0.0033,WARMING_UP,WARMING_UP,WARMING_UP,0.0,0,65.052
999,42.5384,,0,5.0,0.55,5,3,0,4.9929,0.0033,WARMING_UP,WARMING_UP,WARMING_UP,0.0,0,68.242
1000,42.5487,,0,5.0,0.55,5,3,0,4.9923,0.0033,WARMING_UP,WARMING_UP,WARMING_UP,0.0,0,70.952
1001,42.559,,0,5.0,0.55,5,3,0,4.9904,0.0033,WARMING_UP,WARMING_UP,WARMING_UP,0.0,0,69.847
1002,42.5758,,0,5.0,0.55,5,3,0,4.9932,0.0033,WARMING_UP,WARMING_UP,WARMING_UP,0.0,0,72.192
1003,42.5864,,0,5.0,0.55,5,3,0,4.9879,0.0033,WARMING_UP,WARMING_UP,WARMING_UP,0.0,0,75.033
1004,42.6179,,0,5.0,0.55,5,3,0,4.9889,0.0033,WARMING_UP,WARMING_UP,WARMING_UP,0.0,0,70.635
1005,42.6288,,0,5.0,0.55,5,3,0,4.9999,0.0033,WARMING_UP,WARMING_UP,WARMING_UP,0.0,0,72.535
1006,42.6465,,0,5.0,0.55,5,3,0,4.9971,0.0033,WARMING_UP,WARMING_UP,WARMING_UP,0.0,0,70.887
1007,42.6578,,0,5.0,0.55,5,3,0,4.9971,0.0033,WARMING_UP,WARMING_UP,WARMING_UP,0.0,0,71.388
1008,42.6762,,0,5.0,0.55,5,3,0,4.9738,0.0033,WARMING_UP,WARMING_UP,WARMING_UP,0.0,0,70.021
1009,42.6896,,0,5.0,0.55,5,3,0,4.9872,0.0033,WARMING_UP,WARMING_UP,WARMING_UP,0.0,0,71.375
1010,42.7155,,0,5.0,0.55,5,3,0,4.9949,0.0033,WARMING_UP,WARMING_UP,WARMING_UP,0.0,0,68.088
1011,42.7392,,0,5.0,0.55,5,3,0,4.9801,0.0033,WARMING_UP,WARMING_UP,WARMING_UP,0.0,0,65.428
1012,42.7506,,0,5.0,0.55,5,3,0,4.9915,0.0033,WARMING_UP,WARMING_UP,WARMING_UP,0.0,0,67.531
1013,42.7617,,0,5.0,0.55,5,3,0,4.9844,0.0033,WARMING_UP,WARMING_UP,WARMING_UP,0.0,0,70.392
1014,42.7721,,0,5.0,0.55,5,3,0,4.9948,0.0033,WARMING_UP,WARMING_UP,WARMING_UP,0.0,0,72.675
1015,42.7861,,0,5.0,0.55,5,3,0,4.9887,0.0033,WARMING_UP,WARMING_UP,WARMING_UP,0.0,0,72.734
1016,42.8178,,0,5.0,0.55,5,3,0,4.9889,0.0033,WARMING_UP,WARMING_UP,WARMING_UP,0.0,0,68.585
1017,42.8286,,0,5.0,0.55,5,3,0,4.9998,0.0033,WARMING_UP,WARMING_UP,WARMING_UP,0.0,0,70.749
1018,42.8404,,0,5.0,0.55,5,3,0,4.9994,0.0033,WARMING_UP,WARMING_UP,WARMING_UP,0.0,0,71.913
1019,42.8529,,0,5.0,0.55,5,3,0,4.9934,0.0033,WARMING_UP,WARMING_UP,WARMING_UP,0.0,0,71.821
1020,42.8725,,0,5.0,0.55,5,3,0,4.996,0.0033,WARMING_UP,WARMING_UP,WARMING_UP,0.0,0,70.323
1021,42.8839,,0,5.0,0.55,5,3,0,4.99,0.0033,WARMING_UP,WARMING_UP,WARMING_UP,0.0,0,72.432
1022,42.9328,,0,5.0,0.55,5,3,0,4.9965,0.0033,WARMING_UP,WARMING_UP,WARMING_UP,0.0,0,66.913
1023,42.9525,,0,5.0,0.55,5,3,0,4.9825,0.0033,WARMING_UP,WARMING_UP,WARMING_UP,0.0,0,69.701
1024,42.9629,,0,5.0,0.55,5,3,0,4.9928,0.0033,WARMING_UP,WARMING_UP,WARMING_UP,0.0,0,71.786
1025,42.9739,,0,5.0,0.55,5,3,0,4.991,0.0033,WARMING_UP,WARMING_UP,WARMING_UP,0.0,0,72.308
1026,42.987,,0,5.0,0.55,5,3,0,4.9658,0.0033,WARMING_UP,WARMING_UP,WARMING_UP,0.0,0,74.719
1027,42.9976,,0,5.0,0.55,5,3,0,4.9763,0.0033,WARMING_UP,WARMING_UP,WARMING_UP,0.0,0,76.238
1028,43.0277,,0,5.0,0.55,5,3,0,4.9948,0.0033,WARMING_UP,WARMING_UP,WARMING_UP,0.0,0,71.956
1029,43.0385,,0,5.0,0.55,5,3,0,4.9908,0.0033,WARMING_UP,WARMING_UP,WARMING_UP,0.0,0,73.113
1030,43.0505,,0,5.0,0.55,5,3,0,4.9923,0.0033,WARMING_UP,WARMING_UP,WARMING_UP,0.0,0,75.221
1031,43.0748,,0,5.0,0.55,5,3,0,4.9944,0.0033,WARMING_UP,WARMING_UP,WARMING_UP,0.0,0,70.955
1032,43.0919,,0,5.0,0.55,5,3,0,4.9855,0.0033,WARMING_UP,WARMING_UP,WARMING_UP,0.0,0,72.877
1033,43.1027,,0,5.0,0.55,5,3,0,4.9963,0.0033,WARMING_UP,WARMING_UP,WARMING_UP,0.0,0,75.32
1034,43.1377,,0,5.0,0.55,5,3,0,4.9914,0.0033,WARMING_UP,WARMING_UP,WARMING_UP,0.0,0,70.608
1035,43.1486,,0,5.0,0.55,5,3,0,4.9845,0.0033,WARMING_UP,WARMING_UP,WARMING_UP,0.0,0,72.892
1036,43.1592,,0,5.0,0.55,5,3,0,4.995,0.0033,WARMING_UP,WARMING_UP,WARMING_UP,0.0,0,74.953
1037,43.1699,,0,5.0,0.55,5,3,0,4.9817,0.0033,WARMING_UP,WARMING_UP,WARMING_UP,0.0,0,73.833
1038,43.1857,,0,5.0,0.55,5,3,0,4.9975,0.0033,WARMING_UP,WARMING_UP,WARMING_UP,0.0,0,76.012
1039,43.196,,0,5.0,0.55,5,3,0,4.9903,0.0033,WARMING_UP,WARMING_UP,WARMING_UP,0.0,0,77.266
1040,43.2074,,0,5.0,0.55,5,3,0,4.9913,0.0033,WARMING_UP,WARMING_UP,WARMING_UP,0.0,0,77.868
1041,43.2395,,0,5.0,0.55,5,3,0,4.9905,0.0033,WARMING_UP,WARMING_UP,WARMING_UP,0.0,0,73.313
1042,43.2504,,0,5.0,0.55,5,3,0,4.987,0.0033,WARMING_UP,WARMING_UP,WARMING_UP,0.0,0,75.083
1043,43.2612,,0,5.0,0.55,5,3,0,4.9977,0.0033,WARMING_UP,WARMING_UP,WARMING_UP,0.0,0,77.171
1044,43.2775,,0,5.0,0.55,5,3,0,4.9921,0.0033,WARMING_UP,WARMING_UP,WARMING_UP,0.0,0,75.48
1045,43.2919,,0,5.0,0.55,5,3,0,4.9811,0.0033,WARMING_UP,WARMING_UP,WARMING_UP,0.0,0,74.686
1046,43.3098,,0,5.0,0.55,5,3,0,4.999,0.0033,WARMING_UP,WARMING_UP,WARMING_UP,0.0,0,72.834
1047,43.3411,,0,5.0,0.55,5,3,0,4.991,0.0033,WARMING_UP,WARMING_UP,WARMING_UP,0.0,0,68.63
1048,43.3535,,0,5.0,0.55,5,3,0,4.9908,0.0033,WARMING_UP,WARMING_UP,WARMING_UP,0.0,0,71.247
1049,43.3639,,0,5.0,0.55,5,3,0,4.9708,0.0033,WARMING_UP,WARMING_UP,WARMING_UP,0.0,0,73.751
1050,43.3743,,0,5.0,0.55,5,3,0,4.9811,0.0033,WARMING_UP,WARMING_UP,WARMING_UP,0.0,0,73.98
1051,43.3875,,0,5.0,0.55,5,3,0,4.9943,0.0033,WARMING_UP,WARMING_UP,WARMING_UP,0.0,0,76.334
1052,43.4167,,0,5.0,0.55,5,3,0,4.9853,0.0033,WARMING_UP,WARMING_UP,WARMING_UP,0.0,0,72.073
1053,43.4421,,0,5.0,0.55,5,3,0,4.9925,0.0033,WARMING_UP,WARMING_UP,WARMING_UP,0.0,0,68.747
1054,43.4532,,0,5.0,0.55,5,3,0,4.9928,0.0033,WARMING_UP,WARMING_UP,WARMING_UP,0.0,0,69.779
1055,43.4657,,0,5.0,0.55,5,3,0,4.995,0.0033,WARMING_UP,WARMING_UP,WARMING_UP,0.0,0,72.54
1056,43.476,,0,5.0,0.55,5,3,0,4.9907,0.0033,WARMING_UP,WARMING_UP,WARMING_UP,0.0,0,74.547
1057,43.4869,,0,5.0,0.55,5,3,0,4.984,0.0033,WARMING_UP,WARMING_UP,WARMING_UP,0.0,0,72.865
1058,43.5042,,0,5.0,0.55,5,3,0,4.9838,0.0033,WARMING_UP,WARMING_UP,WARMING_UP,0.0,0,75.41
1059,43.5379,,0,5.0,0.55,5,3,0,4.9778,0.0033,WARMING_UP,WARMING_UP,WARMING_UP,0.0,0,70.765
1060,43.5504,,0,5.0,0.55,5,3,0,4.9903,0.0033,WARMING_UP,WARMING_UP,WARMING_UP,0.0,0,71.589
1061,43.5615,,0,5.0,0.55,5,3,0,4.9837,0.0033,WARMING_UP,WARMING_UP,WARMING_UP,0.0,0,72.124
1062,43.5744,,0,5.0,0.55,5,3,0,4.9966,0.0033,WARMING_UP,WARMING_UP,WARMING_UP,0.0,0,73.459
1063,43.5861,,0,5.0,0.55,5,3,0,4.9967,0.0033,WARMING_UP,WARMING_UP,WARMING_UP,0.0,0,75.897
1064,43.5983,,0,5.0,0.55,5,3,0,4.9973,0.0033,WARMING_UP,WARMING_UP,WARMING_UP,0.0,0,76.396
1065,43.6205,,0,5.0,0.55,5,3,0,4.9992,0.0033,WARMING_UP,WARMING_UP,WARMING_UP,0.0,0,73.267
1066,43.6548,,0,5.0,0.55,5,3,0,4.9707,0.0033,WARMING_UP,WARMING_UP,WARMING_UP,0.0,0,68.672
1067,43.6678,,0,5.0,0.55,5,3,0,4.9836,0.0033,WARMING_UP,WARMING_UP,WARMING_UP,0.0,0,71.294
1068,43.6781,,0,5.0,0.55,5,3,0,4.994,0.0033,WARMING_UP,WARMING_UP,WARMING_UP,0.0,0,73.195
1069,43.6893,,0,5.0,0.55,5,3,0,4.9875,0.0033,WARMING_UP,WARMING_UP,WARMING_UP,0.0,0,75.579
1070,43.7028,,0,5.0,0.55,5,3,0,4.9834,0.0033,WARMING_UP,WARMING_UP,WARMING_UP,0.0,0,75.293
1071,43.7625,,0,5.0,0.55,5,3,0,4.9879,0.0033,WARMING_UP,WARMING_UP,WARMING_UP,0.0,0,69.427
1072,43.7975,,0,5.0,0.55,5,3,0,4.9968,0.0034,WARMING_UP,WARMING_UP,WARMING_UP,0.0,0,64.841
1073,43.816,,0,5.0,0.55,5,3,0,4.9986,0.0034,WARMING_UP,WARMING_UP,WARMING_UP,0.0,0,67.933
1074,43.8263,,0,5.0,0.55,5,3,0,4.9913,0.0034,WARMING_UP,WARMING_UP,WARMING_UP,0.0,0,70.697
1075,43.8365,,0,5.0,0.55,5,3,0,4.9839,0.0034,WARMING_UP,WARMING_UP,WARMING_UP,0.0,0,74.071
1076,43.8572,,0,5.0,0.55,5,3,0,4.9864,0.0034,WARMING_UP,WARMING_UP,WARMING_UP,0.0,0,71.327
1077,43.8679,,0,5.0,0.55,5,3,0,4.997,0.0033,WARMING_UP,WARMING_UP,WARMING_UP,0.0,0,73.847
1078,43.878,,0,5.0,0.55,5,3,0,4.9947,0.0033,WARMING_UP,WARMING_UP,WARMING_UP,0.0,0,76.534
1079,43.888,,0,5.0,0.55,5,3,0,4.9945,0.0067,WARMING_UP,WARMING_UP,WARMING_UP,0.0,0,77.634
1080,43.8994,,0,5.0,0.55,5,3,0,4.9942,0.0067,WARMING_UP,WARMING_UP,WARMING_UP,0.0,0,79.944
1081,43.9093,,0,5.0,0.55,5,3,0,4.992,0.0067,WARMING_UP,WARMING_UP,WARMING_UP,0.0,0,81.837
1082,43.9194,,0,5.0,0.55,5,3,0,4.9748,0.0067,WARMING_UP,WARMING_UP,WARMING_UP,0.0,0,83.555
1083,43.9295,,0,5.0,0.55,5,3,0,4.9849,0.0067,WARMING_UP,WARMING_UP,WARMING_UP,0.0,0,83.82
1084,43.9412,,0,5.0,0.55,5,3,0,4.9965,0.0066,WARMING_UP,WARMING_UP,WARMING_UP,0.0,0,85.101
1085,43.9624,,0,5.0,0.55,5,3,0,4.99,0.01,WARMING_UP,WARMING_UP,WARMING_UP,0.0,0,81.01
1086,43.9741,,0,5.0,0.55,5,3,0,4.9834,0.0133,WARMING_UP,WARMING_UP,WARMING_UP,0.0,0,80.506
1087,43.9873,,0,5.0,0.55,5,3,0,4.9965,0.0166,WARMING_UP,WARMING_UP,WARMING_UP,0.0,0,81.309
1088,43.9986,,0,5.0,0.55,5,3,0,4.9934,0.0199,WARMING_UP,WARMING_UP,WARMING_UP,0.0,0,82.133
1089,44.0124,,0,5.0,0.55,5,3,0,4.9947,0.0233,WARMING_UP,WARMING_UP,WARMING_UP,0.0,0,79.467
1090,44.0357,,0,5.0,0.55,5,3,0,4.987,0.0267,WARMING_UP,WARMING_UP,WARMING_UP,0.0,0,76.736
1091,44.048,,0,5.0,0.55,5,3,0,4.9994,0.0299,WARMING_UP,WARMING_UP,WARMING_UP,0.0,0,76.423
1092,44.0732,,0,5.0,0.55,5,3,0,4.9924,0.0333,WARMING_UP,WARMING_UP,WARMING_UP,0.0,0,72.739
1093,44.0859,,0,5.0,0.55,5,3,0,4.9883,0.0367,WARMING_UP,WARMING_UP,WARMING_UP,0.0,0,74.156
1094,44.109,,0,5.0,0.55,5,3,0,4.9752,0.04,WARMING_UP,WARMING_UP,WARMING_UP,0.0,0,71.034
1095,44.1628,,0,5.0,0.55,5,3,0,4.9911,0.0435,WARMING_UP,WARMING_UP,WARMING_UP,0.0,0,65.779
1096,44.175,,0,5.0,0.55,5,3,0,4.9921,0.0468,WARMING_UP,WARMING_UP,WARMING_UP,0.0,0,67.033
1097,44.1875,,0,5.0,0.55,5,3,0,4.9937,0.0502,WARMING_UP,WARMING_UP,WARMING_UP,0.0,0,69.253
1098,44.1988,,0,5.0,0.55,5,3,0,4.9931,0.0535,WARMING_UP,WARMING_UP,WARMING_UP,0.0,0,70.648
1099,44.2107,,0,5.0,0.55,5,3,0,4.9757,0.0569,WARMING_UP,WARMING_UP,WARMING_UP,0.0,0,71.985
1100,44.2226,,0,5.0,0.55,5,3,0,4.9876,0.06,WARMING_UP,WARMING_UP,WARMING_UP,0.0,0,73.856
1101,44.2338,,0,5.0,0.55,5,3,0,4.9988,0.0631,WARMING_UP,WARMING_UP,WARMING_UP,0.0,0,74.045
1102,44.2468,,0,5.0,0.55,5,3,0,4.9919,0.0664,WARMING_UP,WARMING_UP,WARMING_UP,0.0,0,75.416
1103,44.2581,,0,5.0,0.55,5,3,0,4.9899,0.0698,WARMING_UP,WARMING_UP,WARMING_UP,0.0,0,76.122
1104,44.2704,,0,5.0,0.55,5,3,0,4.9882,0.0731,WARMING_UP,WARMING_UP,WARMING_UP,0.0,0,77.166
1105,44.2822,,0,5.0,0.55,5,3,0,4.9898,0.0764,WARMING_UP,WARMING_UP,WARMING_UP,0.0,0,77.914
1106,44.3047,,0,5.0,0.55,5,3,0,4.9676,0.08,WARMING_UP,WARMING_UP,WARMING_UP,0.0,0,74.572
1107,44.3175,,0,5.0,0.55,5,3,0,4.9804,0.0831,WARMING_UP,WARMING_UP,WARMING_UP,0.0,0,74.766
1108,44.3426,,0,5.0,0.55,5,3,0,4.9912,0.0864,WARMING_UP,WARMING_UP,WARMING_UP,0.0,0,71.192
1109,44.3549,,0,5.0,0.55,5,3,0,4.9924,0.0897,WARMING_UP,WARMING_UP,WARMING_UP,0.0,0,70.071
1110,44.3715,,0,5.0,0.55,5,3,0,4.9979,0.093,WARMING_UP,WARMING_UP,WARMING_UP,0.0,0,71.281
1111,44.3839,,0,5.0,0.55,5,3,0,4.9963,0.0963,WARMING_UP,WARMING_UP,WARMING_UP,0.0,0,72.912
1112,44.4018,,0,5.0,0.55,5,3,0,4.959,0.0997,WARMING_UP,WARMING_UP,WARMING_UP,0.0,0,70.438
1113,44.416,,0,5.0,0.55,5,3,0,4.9733,0.1026,WARMING_UP,WARMING_UP,WARMING_UP,0.0,0,72.073
1114,44.4326,,0,5.0,0.55,5,3,0,4.9898,0.1056,WARMING_UP,WARMING_UP,WARMING_UP,0.0,0,68.465
1115,44.4552,,0,5.0,0.55,5,3,0,4.9938,0.1089,WARMING_UP,WARMING_UP,WARMING_UP,0.0,0,69.687
1116,44.5104,,0,5.0,0.55,5,3,0,4.9982,0.1133,WARMING_UP,WARMING_UP,WARMING_UP,0.0,0,64.537
1117,44.5226,,0,5.0,0.55,5,3,0,4.9989,0.1167,WARMING_UP,WARMING_UP,WARMING_UP,0.0,0,65.734
1118,44.5358,,0,5.0,0.55,5,3,0,4.9933,0.12,WARMING_UP,WARMING_UP,WARMING_UP,0.0,0,68.08
1119,44.5469,,0,5.0,0.55,5,3,0,4.9938,0.1233,WARMING_UP,WARMING_UP,WARMING_UP,0.0,0,69.897
1120,44.5585,,0,5.0,0.55,5,3,0,4.99,0.1267,WARMING_UP,WARMING_UP,WARMING_UP,0.0,0,71.342
1121,44.5703,,0,5.0,0.55,5,3,0,4.9908,0.13,WARMING_UP,WARMING_UP,WARMING_UP,0.0,0,73.555
1122,44.5812,,0,5.0,0.55,5,3,0,4.9902,0.13,WARMING_UP,WARMING_UP,WARMING_UP,0.0,0,75.818
1123,44.6065,,0,5.0,0.55,5,3,0,4.9951,0.1333,WARMING_UP,WARMING_UP,WARMING_UP,0.0,0,71.933
1124,44.6187,,0,5.0,0.55,5,3,0,4.9956,0.1367,WARMING_UP,WARMING_UP,WARMING_UP,0.0,0,73.361
1125,44.6301,,0,5.0,0.55,5,3,0,4.9818,0.14,WARMING_UP,WARMING_UP,WARMING_UP,0.0,0,73.445
1126,44.6438,,0,5.0,0.55,5,3,0,4.9954,0.1429,WARMING_UP,WARMING_UP,WARMING_UP,0.0,0,74.895
1127,44.6549,,0,5.0,0.55,5,3,0,4.9945,0.1462,WARMING_UP,WARMING_UP,WARMING_UP,0.0,0,75.579
1128,44.674,,0,5.0,0.55,5,3,0,4.988,0.15,WARMING_UP,WARMING_UP,WARMING_UP,0.0,0,73.375
1129,44.6859,,0,5.0,0.55,5,3,0,4.9999,0.1528,WARMING_UP,WARMING_UP,WARMING_UP,0.0,0,72.856
1130,44.7098,,0,5.0,0.55,5,3,0,4.9903,0.1533,WARMING_UP,WARMING_UP,WARMING_UP,0.0,0,70.058
1131,44.7229,,0,5.0,0.55,5,3,0,4.9624,0.1567,WARMING_UP,WARMING_UP,WARMING_UP,0.0,0,71.413
1132,44.7352,,0,5.0,0.55,5,3,0,4.9747,0.1561,WARMING_UP,WARMING_UP,WARMING_UP,0.0,0,69.607
1133,44.7536,,0,5.0,0.55,5,3,0,4.9931,0.1589,WARMING_UP,WARMING_UP,WARMING_UP,0.0,0,71.429
1134,44.776,,0,5.0,0.55,5,3,0,4.9918,0.1595,WARMING_UP,WARMING_UP,WARMING_UP,0.0,0,67.66
1135,44.7946,,0,5.0,0.55,5,3,0,4.9826,0.16,WARMING_UP,WARMING_UP,WARMING_UP,0.0,0,69.489
1136,44.8188,,0,5.0,0.55,5,3,0,4.9957,0.1633,WARMING_UP,WARMING_UP,WARMING_UP,0.0,0,66.656
1137,44.8304,,0,5.0,0.55,5,3,0,4.9776,0.1667,WARMING_UP,WARMING_UP,WARMING_UP,0.0,0,68.494
1138,44.8437,,0,5.0,0.55,5,3,0,4.9909,0.1694,WARMING_UP,WARMING_UP,WARMING_UP,0.0,0,69.084
1139,44.8556,,0,5.0,0.55,5,3,0,4.9912,0.1728,WARMING_UP,WARMING_UP,WARMING_UP,0.0,0,68.128
1140,44.8725,,0,5.0,0.55,5,3,0,4.9977,0.1761,WARMING_UP,WARMING_UP,WARMING_UP,0.0,0,69.89
1141,44.8843,,0,5.0,0.55,5,3,0,4.9888,0.1794,WARMING_UP,WARMING_UP,WARMING_UP,0.0,0,70.857
1142,44.8967,,0,5.0,0.55,5,3,0,4.9894,0.1827,WARMING_UP,WARMING_UP,WARMING_UP,0.0,0,69.118
1143,44.9277,,0,5.0,0.55,5,3,0,4.9774,0.1867,WARMING_UP,WARMING_UP,WARMING_UP,0.0,0,66.263
1144,44.9401,,0,5.0,0.55,5,3,0,4.9899,0.1894,WARMING_UP,WARMING_UP,WARMING_UP,0.0,0,66.859
1145,44.9542,,0,5.0,0.55,5,3,0,4.9861,0.1927,WARMING_UP,WARMING_UP,WARMING_UP,0.0,0,67.58
1146,44.9674,,0,5.0,0.55,5,3,0,4.9993,0.1954,WARMING_UP,WARMING_UP,WARMING_UP,0.0,0,69.677
1147,44.988,,0,5.0,0.55,5,3,0,4.9887,0.1993,WARMING_UP,WARMING_UP,WARMING_UP,0.0,0,67.322
1148,45.0068,,0,5.0,0.55,5,3,0,4.996,0.2027,WARMING_UP,WARMING_UP,WARMING_UP,0.0,0,66.153
1149,45.0186,,0,5.0,0.55,5,3,0,4.9965,0.206,WARMING_UP,WARMING_UP,WARMING_UP,0.0,0,67.909
1150,45.0351,,0,5.0,0.55,5,3,0,4.9999,0.2093,WARMING_UP,WARMING_UP,WARMING_UP,0.0,0,67.253
1151,45.0496,,0,5.0,0.55,5,3,0,4.9994,0.2126,WARMING_UP,WARMING_UP,WARMING_UP,0.0,0,67.186
1152,45.0717,,0,5.0,0.55,5,3,0,4.986,0.2167,WARMING_UP,WARMING_UP,WARMING_UP,0.0,0,65.102
1153,45.0875,,0,5.0,0.55,5,3,0,4.9827,0.22,WARMING_UP,WARMING_UP,WARMING_UP,0.0,0,64.883
1154,45.1062,,0,5.0,0.55,5,3,0,4.9877,0.2233,WARMING_UP,WARMING_UP,WARMING_UP,0.0,0,63.652
1155,45.1227,,0,5.0,0.55,5,3,0,4.9692,0.2267,WARMING_UP,WARMING_UP,WARMING_UP,0.0,0,62.358
1156,45.1378,,0,5.0,0.55,5,3,0,4.9843,0.2292,WARMING_UP,WARMING_UP,WARMING_UP,0.0,0,65.056
1157,45.1551,,0,5.0,0.55,5,3,0,4.986,0.2326,WARMING_UP,WARMING_UP,WARMING_UP,0.0,0,64.159
1158,45.1669,,0,5.0,0.55,5,3,0,4.9978,0.2351,WARMING_UP,WARMING_UP,WARMING_UP,0.0,0,66.542
1159,45.185,,0,5.0,0.55,5,3,0,4.9923,0.2392,WARMING_UP,WARMING_UP,WARMING_UP,0.0,0,65.377
1160,45.2009,,0,5.0,0.55,5,3,0,4.9937,0.2425,WARMING_UP,WARMING_UP,WARMING_UP,0.0,0,65.014
1161,45.2131,,0,5.0,0.55,5,3,0,4.9906,0.2458,WARMING_UP,WARMING_UP,WARMING_UP,0.0,0,65.718
1162,45.2382,,0,5.0,0.55,5,3,0,4.9808,0.25,WARMING_UP,WARMING_UP,WARMING_UP,0.0,0,63.461
1163,45.2579,,0,5.0,0.55,5,3,0,4.9827,0.2533,WARMING_UP,WARMING_UP,WARMING_UP,0.0,0,61.624
1164,45.2719,,0,5.0,0.55,5,3,0,4.9967,0.2558,WARMING_UP,WARMING_UP,WARMING_UP,0.0,0,63.883
1165,45.2953,,0,5.0,0.55,5,3,0,4.9945,0.26,WARMING_UP,WARMING_UP,WARMING_UP,0.0,0,61.743
1166,45.3073,,0,5.0,0.55,5,3,0,4.9894,0.2633,WARMING_UP,WARMING_UP,WARMING_UP,0.0,0,62.027
1167,45.3227,,0,5.0,0.55,5,3,0,4.9813,0.2667,WARMING_UP,WARMING_UP,WARMING_UP,0.0,0,64.663
1168,45.334,,0,5.0,0.55,5,3,0,4.9925,0.2691,WARMING_UP,WARMING_UP,WARMING_UP,0.0,0,65.702
1169,45.355,,0,5.0,0.55,5,3,0,4.9921,0.2724,WARMING_UP,WARMING_UP,WARMING_UP,0.0,0,62.807
1170,45.3747,,0,5.0,0.55,5,3,0,4.9959,0.2757,WARMING_UP,WARMING_UP,WARMING_UP,0.0,0,64.537
1171,45.3892,,0,5.0,0.55,5,3,0,4.9985,0.2791,WARMING_UP,WARMING_UP,WARMING_UP,0.0,0,65.42
1172,45.401,,0,5.0,0.55,5,3,0,4.992,0.2824,WARMING_UP,WARMING_UP,WARMING_UP,0.0,0,67.261
1173,45.4146,,0,5.0,0.55,5,3,0,4.9944,0.2857,WARMING_UP,WARMING_UP,WARMING_UP,0.0,0,67.624
1174,45.4332,,0,5.0,0.55,5,3,0,4.9901,0.289,WARMING_UP,WARMING_UP,WARMING_UP,0.0,0,65.881
1175,45.4547,,0,5.0,0.55,5,3,0,4.989,0.2924,WARMING_UP,WARMING_UP,WARMING_UP,0.0,0,64.095
1176,45.4744,,0,5.0,0.55,5,3,0,4.9971,0.2957,WARMING_UP,WARMING_UP,WARMING_UP,0.0,0,62.929
1177,45.4866,,0,5.0,0.55,5,3,0,4.9969,0.299,WARMING_UP,WARMING_UP,WARMING_UP,0.0,0,64.867
1178,45.4998,,0,5.0,0.55,5,3,0,4.9971,0.3023,WARMING_UP,WARMING_UP,WARMING_UP,0.0,0,66.472
1179,45.5288,,0,5.0,0.55,5,3,0,4.9912,0.3067,WARMING_UP,WARMING_UP,WARMING_UP,0.0,0,62.501
1180,45.5488,,0,5.0,0.55,5,3,0,4.9986,0.31,WARMING_UP,WARMING_UP,WARMING_UP,0.0,0,61.25
1181,45.5685,,0,5.0,0.55,5,3,0,4.9835,0.3144,WARMING_UP,WARMING_UP,WARMING_UP,0.0,0,63.803
1182,45.5798,,0,5.0,0.55,5,3,0,4.9948,0.3167,WARMING_UP,WARMING_UP,WARMING_UP,0.0,0,66.475
1183,45.591,,0,5.0,0.55,5,3,0,4.9913,0.32,WARMING_UP,WARMING_UP,WARMING_UP,0.0,0,68.648
1184,45.6024,,0,5.0,0.55,5,3,0,4.9805,0.3233,WARMING_UP,WARMING_UP,WARMING_UP,0.0,0,70.283
1185,45.6173,,0,5.0,0.55,5,3,0,4.9954,0.3256,WARMING_UP,WARMING_UP,WARMING_UP,0.0,0,70.016
1186,45.6291,,0,5.0,0.55,5,3,0,4.9945,0.3289,WARMING_UP,WARMING_UP,WARMING_UP,0.0,0,71.314
1187,45.6478,,0,5.0,0.55,5,3,0,4.9811,0.3333,WARMING_UP,WARMING_UP,WARMING_UP,0.0,0,69.678
1188,45.67,,0,5.0,0.55,5,3,0,4.9833,0.3367,WARMING_UP,WARMING_UP,WARMING_UP,0.0,0,67.11
1189,45.686,,0,5.0,0.55,5,3,0,4.9994,0.3389,WARMING_UP,WARMING_UP,WARMING_UP,0.0,0,66.695
1190,45.705,,0,5.0,0.55,5,3,0,4.9896,0.3433,WARMING_UP,WARMING_UP,WARMING_UP,0.0,0,65.279
1191,45.7215,,0,5.0,0.55,5,3,0,4.9875,0.3467,WARMING_UP,WARMING_UP,WARMING_UP,0.0,0,64.942
1192,45.7377,,0,5.0,0.55,5,3,0,4.9877,0.35,WARMING_UP,WARMING_UP,WARMING_UP,0.0,0,64.162
1193,45.7505,,0,5.0,0.55,5,3,0,4.9767,0.3533,WARMING_UP,WARMING_UP,WARMING_UP,0.0,0,66.163
1194,45.77,,0,5.0,0.55,5,3,0,4.9962,0.3555,WARMING_UP,WARMING_UP,WARMING_UP,0.0,0,64.734
1195,45.7815,,0,5.0,0.55,5,3,0,4.9842,0.3588,WARMING_UP,WARMING_UP,WARMING_UP,0.0,0,66.682
1196,45.8053,,0,5.0,0.55,5,3,0,4.9953,0.3621,WARMING_UP,WARMING_UP,WARMING_UP,0.0,0,64.209
1197,45.8257,,0,5.0,0.55,5,3,0,4.9751,0.3667,WARMING_UP,WARMING_UP,WARMING_UP,0.0,0,62.728
1198,45.8377,,0,5.0,0.55,5,3,0,4.987,0.3688,WARMING_UP,WARMING_UP,WARMING_UP,0.0,0,64.916
1199,45.8499,,0,5.0,0.55,5,3,0,4.9993,0.3709,WARMING_UP,WARMING_UP,WARMING_UP,0.0,0,66.752
1200,45.8746,,0,5.0,0.55,5,3,0,4.9925,0.3754,WARMING_UP,WARMING_UP,WARMING_UP,0.0,0,63.579
1201,45.89,,0,5.0,0.55,5,3,0,4.9938,0.3787,WARMING_UP,WARMING_UP,WARMING_UP,0.0,0,65.908
1202,45.9103,,0,5.0,0.55,5,3,0,4.9874,0.3833,WARMING_UP,WARMING_UP,WARMING_UP,0.0,0,64.217
1203,45.9218,,0,5.0,0.55,5,3,0,4.999,0.3854,WARMING_UP,WARMING_UP,WARMING_UP,0.0,0,66.791
1204,45.938,,0,5.0,0.55,5,3,0,4.9862,0.3887,WARMING_UP,WARMING_UP,WARMING_UP,0.0,0,64.507
1205,45.9558,,0,5.0,0.55,5,3,0,4.9928,0.392,WARMING_UP,WARMING_UP,WARMING_UP,0.0,0,66.868
1206,45.9694,,0,5.0,0.55,5,3,0,4.9938,0.3953,WARMING_UP,WARMING_UP,WARMING_UP,0.0,0,67.516
1207,45.9824,,0,5.0,0.55,5,3,0,4.9917,0.3987,WARMING_UP,WARMING_UP,WARMING_UP,0.0,0,68.327
1208,46.0058,,0,5.0,0.55,5,3,0,4.9904,0.4033,WARMING_UP,WARMING_UP,WARMING_UP,0.0,0,65.682
1209,46.018,,0,5.0,0.55,5,3,0,4.9629,0.4067,WARMING_UP,WARMING_UP,WARMING_UP,0.0,0,66.995
1210,46.0341,,0,5.0,0.55,5,3,0,4.9789,0.4086,WARMING_UP,WARMING_UP,WARMING_UP,0.0,0,66.417
1211,46.0509,,0,5.0,0.55,5,3,0,4.9957,0.4106,WARMING_UP,WARMING_UP,WARMING_UP,0.0,0,66.082
1212,46.0733,,0,5.0,0.55,5,3,0,4.9814,0.4153,WARMING_UP,WARMING_UP,WARMING_UP,0.0,0,63.873
1213,46.0902,,0,5.0,0.55,5,3,0,4.9983,0.4172,WARMING_UP,WARMING_UP,WARMING_UP,0.0,0,63.554
1214,46.1143,,0,5.0,0.55,5,3,0,4.9979,0.4219,WARMING_UP,WARMING_UP,WARMING_UP,0.0,0,61.235
1215,46.1267,,0,5.0,0.55,5,3,0,4.9993,0.4252,WARMING_UP,WARMING_UP,WARMING_UP,0.0,0,62.908
1216,46.1397,,0,5.0,0.55,5,3,0,4.999,0.4286,WARMING_UP,WARMING_UP,WARMING_UP,0.0,0,63.318
1217,46.1545,,0,5.0,0.55,5,3,0,4.9888,0.4319,WARMING_UP,WARMING_UP,WARMING_UP,0.0,0,65.119
1218,46.1708,,0,5.0,0.55,5,3,0,4.9907,0.4352,WARMING_UP,WARMING_UP,WARMING_UP,0.0,0,64.603
1219,46.1834,,0,5.0,0.55,5,3,0,4.9857,0.4385,WARMING_UP,WARMING_UP,WARMING_UP,0.0,0,66.886
1220,46.2097,,0,5.0,0.55,5,3,0,5.0,0.4419,WARMING_UP,WARMING_UP,WARMING_UP,0.0,0,63.875
1221,46.2221,,0,5.0,0.55,5,3,0,4.9995,0.4452,WARMING_UP,WARMING_UP,WARMING_UP,0.0,0,64.945
1222,46.2355,,0,5.0,0.55,5,3,0,4.9969,0.4485,WARMING_UP,WARMING_UP,WARMING_UP,0.0,0,67.303
1223,46.2476,,0,5.0,0.55,5,3,0,4.9667,0.4518,WARMING_UP,WARMING_UP,WARMING_UP,0.0,0,68.382
1224,46.2725,,0,5.0,0.55,5,3,0,4.9916,0.4536,WARMING_UP,WARMING_UP,WARMING_UP,0.0,0,65.173
1225,46.2873,,0,5.0,0.55,5,3,0,4.9939,0.457,WARMING_UP,WARMING_UP,WARMING_UP,0.0,0,66.81
1226,46.3004,,0,5.0,0.55,5,3,0,4.9927,0.4603,WARMING_UP,WARMING_UP,WARMING_UP,0.0,0,65.371
1227,46.3185,,0,5.0,0.55,5,3,0,4.9986,0.4636,WARMING_UP,WARMING_UP,WARMING_UP,0.0,0,67.575
1228,46.3393,,0,5.0,0.55,5,3,0,4.997,0.4684,WARMING_UP,WARMING_UP,WARMING_UP,0.0,0,65.501
1229,46.3518,,0,5.0,0.55,5,3,0,4.9956,0.4718,WARMING_UP,WARMING_UP,WARMING_UP,0.0,0,67.074
1230,46.3756,,0,5.0,0.55,5,3,0,4.978,0.4751,WARMING_UP,WARMING_UP,WARMING_UP,0.0,0,64.582
1231,46.3933,,0,5.0,0.55,5,3,0,4.9956,0.4768,WARMING_UP,WARMING_UP,WARMING_UP,0.0,0,63.357
1232,46.4225,,0,5.0,0.55,5,3,0,4.9999,0.4817,WARMING_UP,WARMING_UP,WARMING_UP,0.0,0,60.608
1233,46.4343,,0,5.0,0.55,5,3,0,4.9986,0.4817,WARMING_UP,WARMING_UP,WARMING_UP,0.0,0,63.871
1234,46.4449,,0,5.0,0.55,5,3,0,4.9974,0.4817,WARMING_UP,WARMING_UP,WARMING_UP,0.0,0,67.342
1235,46.455,,0,5.0,0.55,5,3,0,4.9966,0.4817,WARMING_UP,WARMING_UP,WARMING_UP,0.0,0,70.042
1236,46.4709,,0,5.0,0.55,5,3,0,4.9694,0.4817,WARMING_UP,WARMING_UP,WARMING_UP,0.0,0,69.452
1237,46.4837,,0,5.0,0.55,5,3,0,4.9823,0.4801,WARMING_UP,WARMING_UP,WARMING_UP,0.0,0,70.152
1238,46.5284,,0,5.0,0.55,5,3,0,4.9923,0.4833,WARMING_UP,WARMING_UP,WARMING_UP,0.0,0,65.298
1239,46.5412,,0,5.0,0.55,5,3,0,4.9938,0.4833,WARMING_UP,WARMING_UP,WARMING_UP,0.0,0,67.671
1240,46.5521,,0,5.0,0.55,5,3,0,4.9928,0.4833,WARMING_UP,WARMING_UP,WARMING_UP,0.0,0,70.013
1241,46.5629,,0,5.0,0.55,5,3,0,4.9747,0.4833,WARMING_UP,WARMING_UP,WARMING_UP,0.0,0,71.193
1242,46.5752,,0,5.0,0.55,5,3,0,4.9871,0.4817,WARMING_UP,WARMING_UP,WARMING_UP,0.0,0,73.579
1243,46.5858,,0,5.0,0.55,5,3,0,4.9977,0.4801,WARMING_UP,WARMING_UP,WARMING_UP,0.0,0,75.48
1244,46.6242,,0,5.0,0.55,5,3,0,4.9998,0.4833,WARMING_UP,WARMING_UP,WARMING_UP,0.0,0,70.514
1245,46.6355,,0,5.0,0.55,5,3,0,4.9974,0.4833,WARMING_UP,WARMING_UP,WARMING_UP,0.0,0,72.44
1246,46.6463,,0,5.0,0.55,5,3,0,4.9964,0.4833,WARMING_UP,WARMING_UP,WARMING_UP,0.0,0,73.986
1247,46.6577,,0,5.0,0.55,5,3,0,4.9888,0.4833,WARMING_UP,WARMING_UP,WARMING_UP,0.0,0,75.695
1248,46.6687,,0,5.0,0.55,5,3,0,4.9997,0.4817,WARMING_UP,WARMING_UP,WARMING_UP,0.0,0,77.092
1249,46.6835,,0,5.0,0.55,5,3,0,4.9748,0.4817,WARMING_UP,WARMING_UP,WARMING_UP,0.0,0,76.223
1250,46.6991,,0,5.0,0.55,5,3,0,4.9904,0.4801,WARMING_UP,WARMING_UP,WARMING_UP,0.0,0,74.83
1251,46.7343,,0,5.0,0.55,5,3,0,4.9952,0.4801,WARMING_UP,WARMING_UP,WARMING_UP,0.0,0,70.166
1252,46.746,,0,5.0,0.55,5,3,0,4.9941,0.4801,WARMING_UP,WARMING_UP,WARMING_UP,0.0,0,71.254
1253,46.7583,,0,5.0,0.55,5,3,0,4.9953,0.4801,WARMING_UP,WARMING_UP,WARMING_UP,0.0,0,73.661
1254,46.7725,,0,5.0,0.55,5,3,0,4.9912,0.4801,WARMING_UP,WARMING_UP,WARMING_UP,0.0,0,72.342
1255,46.8652,,0,5.0,0.55,5,3,0,4.9681,0.4784,WARMING_UP,WARMING_UP,WARMING_UP,0.0,0,66.199
1256,46.8796,,0,5.0,0.55,5,3,0,4.9825,0.4768,WARMING_UP,WARMING_UP,WARMING_UP,0.0,0,66.339
1257,46.8919,,0,5.0,0.55,5,3,0,4.9949,0.4752,WARMING_UP,WARMING_UP,WARMING_UP,0.0,0,66.823
1258,46.9123,,0,5.0,0.55,5,3,0,4.9911,0.4768,WARMING_UP,WARMING_UP,WARMING_UP,0.0,0,65.056
1259,46.95,,0,5.0,0.55,5,3,0,4.9943,0.48,WARMING_UP,WARMING_UP,WARMING_UP,0.0,0,61.406
1260,46.9614,,0,5.0,0.55,5,3,0,4.995,0.48,WARMING_UP,WARMING_UP,WARMING_UP,0.0,0,62.571
1261,46.975,,0,5.0,0.55,5,3,0,4.9976,0.48,WARMING_UP,WARMING_UP,WARMING_UP,0.0,0,64.807
1262,46.987,,0,5.0,0.55,5,3,0,4.9978,0.48,WARMING_UP,WARMING_UP,WARMING_UP,0.0,0,67.122
1263,46.9982,,0,5.0,0.55,5,3,0,4.9979,0.48,WARMING_UP,WARMING_UP,WARMING_UP,0.0,0,68.018
1264,47.0112,,0,5.0,0.55,5,3,0,4.9878,0.4816,WARMING_UP,WARMING_UP,WARMING_UP,0.0,0,68.848
1265,47.0243,,0,5.0,0.55,5,3,0,4.9888,0.4816,WARMING_UP,WARMING_UP,WARMING_UP,0.0,0,71.44
1266,47.0348,,0,5.0,0.55,5,3,0,4.9992,0.48,WARMING_UP,WARMING_UP,WARMING_UP,0.0,0,72.901
1267,47.0464,,0,5.0,0.55,5,3,0,4.9994,0.48,WARMING_UP,WARMING_UP,WARMING_UP,0.0,0,74.259
1268,47.0581,,0,5.0,0.55,5,3,0,4.9874,0.4816,WARMING_UP,WARMING_UP,WARMING_UP,0.0,0,76.18
1269,47.0688,,0,5.0,0.55,5,3,0,4.9981,0.48,WARMING_UP,WARMING_UP,WARMING_UP,0.0,0,77.598
1270,47.0799,,0,5.0,0.55,5,3,0,4.9983,0.48,WARMING_UP,WARMING_UP,WARMING_UP,0.0,0,77.707
1271,47.0925,,0,5.0,0.55,5,3,0,4.9984,0.48,WARMING_UP,WARMING_UP,WARMING_UP,0.0,0,78.922
1272,47.1038,,0,5.0,0.55,5,3,0,4.9949,0.48,WARMING_UP,WARMING_UP,WARMING_UP,0.0,0,80.374
1273,47.1142,,0,5.0,0.55,5,3,0,4.9889,0.4833,WARMING_UP,WARMING_UP,WARMING_UP,0.0,0,79.949
1274,47.1274,,0,5.0,0.55,5,3,0,4.9867,0.4833,WARMING_UP,WARMING_UP,WARMING_UP,0.0,0,79.795
1275,47.1403,,0,5.0,0.55,5,3,0,4.9996,0.4817,WARMING_UP,WARMING_UP,WARMING_UP,0.0,0,81.068
1276,47.1512,,0,5.0,0.55,5,3,0,4.9958,0.4817,WARMING_UP,WARMING_UP,WARMING_UP,0.0,0,81.771
1277,47.1651,,0,5.0,0.55,5,3,0,4.9978,0.4817,WARMING_UP,WARMING_UP,WARMING_UP,0.0,0,80.324
1278,47.18,,0,5.0,0.55,5,3,0,4.9891,0.4833,WARMING_UP,WARMING_UP,WARMING_UP,0.0,0,79.138
1279,47.1919,,0,5.0,0.55,5,3,0,4.9782,0.4833,WARMING_UP,WARMING_UP,WARMING_UP,0.0,0,78.196
1280,47.2062,,0,5.0,0.55,5,3,0,4.9925,0.4817,WARMING_UP,WARMING_UP,WARMING_UP,0.0,0,79.81
1281,47.2323,,0,5.0,0.55,5,3,0,4.9934,0.4833,WARMING_UP,WARMING_UP,WARMING_UP,0.0,0,75.309
1282,47.2455,,0,5.0,0.55,5,3,0,4.9909,0.4833,WARMING_UP,WARMING_UP,WARMING_UP,0.0,0,76.537
1283,47.2648,,0,5.0,0.55,5,3,0,4.9929,0.4833,WARMING_UP,WARMING_UP,WARMING_UP,0.0,0,73.858
1284,47.2772,,0,5.0,0.55,5,3,0,4.99,0.4833,WARMING_UP,WARMING_UP,WARMING_UP,0.0,0,75.411
1285,47.2883,,0,5.0,0.55,5,3,0,4.9821,0.4833,WARMING_UP,WARMING_UP,WARMING_UP,0.0,0,77.392
1286,47.3089,,0,5.0,0.55,5,3,0,4.9909,0.4833,WARMING_UP,WARMING_UP,WARMING_UP,0.0,0,74.404
1287,47.3221,,0,5.0,0.55,5,3,0,4.9921,0.4833,WARMING_UP,WARMING_UP,WARMING_UP,0.0,0,74.659
1288,47.3367,,0,5.0,0.55,5,3,0,4.9909,0.4833,WARMING_UP,WARMING_UP,WARMING_UP,0.0,0,73.835
1289,47.3479,,0,5.0,0.55,5,3,0,4.9761,0.4833,WARMING_UP,WARMING_UP,WARMING_UP,0.0,0,75.873
1290,47.3662,,0,5.0,0.55,5,3,0,4.9943,0.4817,WARMING_UP,WARMING_UP,WARMING_UP,0.0,0,73.639
1291,47.3843,,0,5.0,0.55,5,3,0,4.9917,0.4817,WARMING_UP,WARMING_UP,WARMING_UP,0.0,0,71.748
1292,47.4031,,0,5.0,0.55,5,3,0,4.9887,0.4817,WARMING_UP,WARMING_UP,WARMING_UP,0.0,0,69.985
1293,47.4162,,0,5.0,0.55,5,3,0,4.9913,0.4817,WARMING_UP,WARMING_UP,WARMING_UP,0.0,0,70.446
1294,47.4414,,0,5.0,0.55,5,3,0,4.9934,0.4833,WARMING_UP,WARMING_UP,WARMING_UP,0.0,0,67.419
1295,47.4522,,0,5.0,0.55,5,3,0,4.985,0.4833,WARMING_UP,WARMING_UP,WARMING_UP,0.0,0,68.326
1296,47.4689,,0,5.0,0.55,5,3,0,4.9824,0.4833,WARMING_UP,WARMING_UP,WARMING_UP,0.0,0,68.556
1297,47.4793,,0,5.0,0.55,5,3,0,4.9928,0.4817,WARMING_UP,WARMING_UP,WARMING_UP,0.0,0,71.185
1298,47.501,,0,5.0,0.55,5,3,0,4.9736,0.4817,WARMING_UP,WARMING_UP,WARMING_UP,0.0,0,68.627
1299,47.5163,,0,5.0,0.55,5,3,0,4.9889,0.4801,WARMING_UP,WARMING_UP,WARMING_UP,0.0,0,68.324
1300,47.5397,,0,5.0,0.55,5,3,0,4.991,0.4817,WARMING_UP,WARMING_UP,WARMING_UP,0.0,0,65.831
1301,47.5501,,0,5.0,0.55,5,3,0,4.9912,0.4817,WARMING_UP,WARMING_UP,WARMING_UP,0.0,0,68.631
1302,47.5705,,0,5.0,0.55,5,3,0,4.9947,0.4817,WARMING_UP,WARMING_UP,WARMING_UP,0.0,0,66.388
1303,47.5869,,0,5.0,0.55,5,3,0,4.9691,0.4833,WARMING_UP,WARMING_UP,WARMING_UP,0.0,0,65.495
1304,47.6113,,0,5.0,0.55,5,3,0,4.9935,0.4817,WARMING_UP,WARMING_UP,WARMING_UP,0.0,0,62.385
1305,47.629,,0,5.0,0.55,5,3,0,4.9825,0.4833,WARMING_UP,WARMING_UP,WARMING_UP,0.0,0,63.372
1306,47.6428,,0,5.0,0.55,5,3,0,4.9963,0.4817,WARMING_UP,WARMING_UP,WARMING_UP,0.0,0,66.359
1307,47.6537,,0,5.0,0.55,5,3,0,4.9959,0.4817,WARMING_UP,WARMING_UP,WARMING_UP,0.0,0,68.948
1308,47.6643,,0,5.0,0.55,5,3,0,4.9881,0.4817,WARMING_UP,WARMING_UP,WARMING_UP,0.0,0,69.987
1309,47.6791,,0,5.0,0.55,5,3,0,4.9896,0.4817,WARMING_UP,WARMING_UP,WARMING_UP,0.0,0,68.947
1310,47.6994,,0,5.0,0.55,5,3,0,4.9839,0.4817,WARMING_UP,WARMING_UP,WARMING_UP,0.0,0,67.569
1311,47.713,,0,5.0,0.55,5,3,0,4.9975,0.4801,WARMING_UP,WARMING_UP,WARMING_UP,0.0,0,67.622
1312,47.7556,,0,5.0,0.55,5,3,0,4.9939,0.4833,WARMING_UP,WARMING_UP,WARMING_UP,0.0,0,63.353
1313,47.7669,,0,5.0,0.55,5,3,0,4.9947,0.4833,WARMING_UP,WARMING_UP,WARMING_UP,0.0,0,65.476
1314,47.7785,,0,5.0,0.55,5,3,0,4.9924,0.4833,WARMING_UP,WARMING_UP,WARMING_UP,0.0,0,67.218
1315,47.7906,,0,5.0,0.55,5,3,0,4.9728,0.4833,WARMING_UP,WARMING_UP,WARMING_UP,0.0,0,69.923
1316,47.8015,,0,5.0,0.55,5,3,0,4.9837,0.4817,WARMING_UP,WARMING_UP,WARMING_UP,0.0,0,70.781
1317,47.8139,,0,5.0,0.55,5,3,0,4.9961,0.4801,WARMING_UP,WARMING_UP,WARMING_UP,0.0,0,71.236
1318,47.8375,,0,5.0,0.55,5,3,0,4.997,0.4817,WARMING_UP,WARMING_UP,WARMING_UP,0.0,0,68.786
1319,47.8488,,0,5.0,0.55,5,3,0,4.9959,0.4817,WARMING_UP,WARMING_UP,WARMING_UP,0.0,0,69.637
1320,47.872,,0,5.0,0.55,5,3,0,4.9995,0.4817,WARMING_UP,WARMING_UP,WARMING_UP,0.0,0,67.308
1321,47.8833,,0,5.0,0.55,5,3,0,4.9994,0.4817,WARMING_UP,WARMING_UP,WARMING_UP,0.0,0,65.696
1322,47.9028,,0,5.0,0.55,5,3,0,4.97,0.4817,WARMING_UP,WARMING_UP,WARMING_UP,0.0,0,68.165
1323,47.9181,,0,5.0,0.55,5,3,0,4.9853,0.4801,WARMING_UP,WARMING_UP,WARMING_UP,0.0,0,67.411
1324,47.937,,0,5.0,0.55,5,3,0,4.9845,0.4801,WARMING_UP,WARMING_UP,WARMING_UP,0.0,0,66.312
1325,47.9517,,0,5.0,0.55,5,3,0,4.9993,0.4785,WARMING_UP,WARMING_UP,WARMING_UP,0.0,0,66.121
1326,47.9701,,0,5.0,0.55,5,3,0,4.9962,0.4801,WARMING_UP,WARMING_UP,WARMING_UP,0.0,0,62.957
1327,47.9925,,0,5.0,0.55,5,3,0,4.995,0.4817,WARMING_UP,WARMING_UP,WARMING_UP,0.0,0,64.046
1328,48.0064,,0,5.0,0.55,5,3,0,4.9787,0.4817,WARMING_UP,WARMING_UP,WARMING_UP,0.0,0,65.999
1329,48.0183,,0,5.0,0.55,5,3,0,4.9906,0.4801,WARMING_UP,WARMING_UP,WARMING_UP,0.0,0,66.487
1330,48.0537,,0,5.0,0.55,5,3,0,4.9789,0.4833,WARMING_UP,WARMING_UP,WARMING_UP,0.0,0,62.873
1331,48.0651,,0,5.0,0.55,5,3,0,4.9902,0.4817,WARMING_UP,WARMING_UP,WARMING_UP,0.0,0,64.88
1332,48.0771,,0,5.0,0.55,5,3,0,4.9852,0.4817,WARMING_UP,WARMING_UP,WARMING_UP,0.0,0,67.034
1333,48.0989,,0,5.0,0.55,5,3,0,4.9962,0.4817,WARMING_UP,WARMING_UP,WARMING_UP,0.0,0,64.876
1334,48.1107,,0,5.0,0.55,5,3,0,4.9729,0.4817,WARMING_UP,WARMING_UP,WARMING_UP,0.0,0,67.383
1335,48.1221,,0,5.0,0.55,5,3,0,4.9843,0.4801,WARMING_UP,WARMING_UP,WARMING_UP,0.0,0,65.695
1336,48.1416,,0,5.0,0.55,5,3,0,4.993,0.4801,WARMING_UP,WARMING_UP,WARMING_UP,0.0,0,68.392
1337,48.1696,,0,5.0,0.55,5,3,0,4.9998,0.4817,WARMING_UP,WARMING_UP,WARMING_UP,0.0,0,64.305
1338,48.2085,,0,5.0,0.55,5,3,0,4.969,0.4866,WARMING_UP,WARMING_UP,WARMING_UP,0.0,0,61.108
1339,48.221,,0,5.0,0.55,5,3,0,4.9816,0.4849,WARMING_UP,WARMING_UP,WARMING_UP,0.0,0,62.972
1340,48.2326,,0,5.0,0.55,5,3,0,4.9932,0.4833,WARMING_UP,WARMING_UP,WARMING_UP,0.0,0,64.127
1341,48.2462,,0,5.0,0.55,5,3,0,4.9957,0.4833,WARMING_UP,WARMING_UP,WARMING_UP,0.0,0,65.546
1342,48.2587,,0,5.0,0.55,5,3,0,4.9975,0.4833,WARMING_UP,WARMING_UP,WARMING_UP,0.0,0,68.202
1343,48.2699,,0,5.0,0.55,5,3,0,4.9925,0.4833,WARMING_UP,WARMING_UP,WARMING_UP,0.0,0,69.737
1344,48.2816,,0,5.0,0.55,5,3,0,4.9897,0.4833,WARMING_UP,WARMING_UP,WARMING_UP,0.0,0,69.819
1345,48.3101,,0,5.0,0.55,5,3,0,4.969,0.4849,WARMING_UP,WARMING_UP,WARMING_UP,0.0,0,66.707
1346,48.3223,,0,5.0,0.55,5,3,0,4.9812,0.4833,WARMING_UP,WARMING_UP,WARMING_UP,0.0,0,68.258
1347,48.3337,,0,5.0,0.55,5,3,0,4.9926,0.4817,WARMING_UP,WARMING_UP,WARMING_UP,0.0,0,69.124
1348,48.3465,,0,5.0,0.55,5,3,0,4.993,0.4817,WARMING_UP,WARMING_UP,WARMING_UP,0.0,0,69.844
1349,48.36,,0,5.0,0.55,5,3,0,4.9961,0.4817,WARMING_UP,WARMING_UP,WARMING_UP,0.0,0,71.874
1350,48.3743,,0,5.0,0.55,5,3,0,5.0,0.4817,WARMING_UP,WARMING_UP,WARMING_UP,0.0,0,71.462
1351,48.425,,0,5.0,0.55,5,3,0,4.9829,0.4849,WARMING_UP,WARMING_UP,WARMING_UP,0.0,0,66.29
1352,48.4364,,0,5.0,0.55,5,3,0,4.9943,0.4833,WARMING_UP,WARMING_UP,WARMING_UP,0.0,0,68.636
1353,48.4528,,0,5.0,0.55,5,3,0,4.9996,0.4833,WARMING_UP,WARMING_UP,WARMING_UP,0.0,0,67.843
1354,48.4638,,0,5.0,0.55,5,3,0,4.9981,0.4833,WARMING_UP,WARMING_UP,WARMING_UP,0.0,0,68.886
1355,48.4767,,0,5.0,0.55,5,3,0,4.9898,0.4849,WARMING_UP,WARMING_UP,WARMING_UP,0.0,0,71.138
1356,48.4877,,0,5.0,0.55,5,3,0,4.9835,0.4849,WARMING_UP,WARMING_UP,WARMING_UP,0.0,0,72.89
1357,48.4988,,0,5.0,0.55,5,3,0,4.9946,0.4833,WARMING_UP,WARMING_UP,WARMING_UP,0.0,0,74.308
1358,48.5365,,0,5.0,0.55,5,3,0,4.9986,0.4833,WARMING_UP,WARMING_UP,WARMING_UP,0.0,0,69.54
1359,48.5548,,0,5.0,0.55,5,3,0,4.9933,0.4849,WARMING_UP,WARMING_UP,WARMING_UP,0.0,0,66.383
1360,48.5742,,0,5.0,0.55,5,3,0,4.9997,0.4849,WARMING_UP,WARMING_UP,WARMING_UP,0.0,0,68.879
1361,48.5849,,0,5.0,0.55,5,3,0,4.9988,0.4849,WARMING_UP,WARMING_UP,WARMING_UP,0.0,0,70.203
1362,48.597,,0,5.0,0.55,5,3,0,4.9987,0.4849,WARMING_UP,WARMING_UP,WARMING_UP,0.0,0,71.514
1363,48.6091,,0,5.0,0.55,5,3,0,4.9886,0.4849,WARMING_UP,WARMING_UP,WARMING_UP,0.0,0,73.687
1364,48.6201,,0,5.0,0.55,5,3,0,4.9996,0.4833,WARMING_UP,WARMING_UP,WARMING_UP,0.0,0,75.16
1365,48.6329,,0,5.0,0.55,5,3,0,4.9781,0.4833,WARMING_UP,WARMING_UP,WARMING_UP,0.0,0,74.046
1366,48.6468,,0,5.0,0.55,5,3,0,4.992,0.4817,WARMING_UP,WARMING_UP,WARMING_UP,0.0,0,74.732
1367,48.6592,,0,5.0,0.55,5,3,0,4.9915,0.4817,WARMING_UP,WARMING_UP,WARMING_UP,0.0,0,76.803
1368,48.67,,0,5.0,0.55,5,3,0,4.9919,0.4817,WARMING_UP,WARMING_UP,WARMING_UP,0.0,0,77.326
1369,48.6891,,0,5.0,0.55,5,3,0,4.9998,0.4817,WARMING_UP,WARMING_UP,WARMING_UP,0.0,0,75.067
1370,48.7042,,0,5.0,0.55,5,3,0,4.9417,0.4833,WARMING_UP,WARMING_UP,WARMING_UP,0.0,0,74.272
1371,48.7375,,0,5.0,0.55,5,3,0,4.975,0.4817,WARMING_UP,WARMING_UP,WARMING_UP,0.0,0,69.825
1372,48.7489,,0,5.0,0.55,5,3,0,4.9864,0.4801,WARMING_UP,WARMING_UP,WARMING_UP,0.0,0,70.696
1373,48.7613,,0,5.0,0.55,5,3,0,4.9988,0.4785,WARMING_UP,WARMING_UP,WARMING_UP,0.0,0,73.065
1374,48.7724,,0,5.0,0.55,5,3,0,4.975,0.4785,WARMING_UP,WARMING_UP,WARMING_UP,0.0,0,73.114
1375,48.7856,,0,5.0,0.55,5,3,0,4.9881,0.477,WARMING_UP,WARMING_UP,WARMING_UP,0.0,0,75.17
1376,48.8005,,0,5.0,0.55,5,3,0,4.9845,0.477,WARMING_UP,WARMING_UP,WARMING_UP,0.0,0,73.733
1377,48.8173,,0,5.0,0.55,5,3,0,4.991,0.477,WARMING_UP,WARMING_UP,WARMING_UP,0.0,0,70.665
1378,48.8385,,0,5.0,0.55,5,3,0,4.9813,0.4785,WARMING_UP,WARMING_UP,WARMING_UP,0.0,0,71.025
1379,48.8559,,0,5.0,0.55,5,3,0,4.9987,0.477,WARMING_UP,WARMING_UP,WARMING_UP,0.0,0,69.684
1380,48.8772,,0,5.0,0.55,5,3,0,4.9992,0.4785,WARMING_UP,WARMING_UP,WARMING_UP,0.0,0,67.314
1381,48.9183,,0,5.0,0.55,5,3,0,4.9988,0.48,WARMING_UP,WARMING_UP,WARMING_UP,0.0,0,63.032
1382,48.9748,,0,5.0,0.55,5,3,0,4.9875,0.4797,WARMING_UP,WARMING_UP,WARMING_UP,0.0,0,58.498
1383,49.0001,,0,5.0,0.55,5,3,0,4.9876,0.4746,WARMING_UP,WARMING_UP,WARMING_UP,0.0,0,55.685
1384,49.0189,,0,5.0,0.55,5,3,0,4.9833,0.4712,WARMING_UP,WARMING_UP,WARMING_UP,0.0,0,58.797
1385,49.0301,,0,5.0,0.55,5,3,0,4.9944,0.4696,WARMING_UP,WARMING_UP,WARMING_UP,0.0,0,61.687
1386,49.0415,,0,5.0,0.55,5,3,0,4.9934,0.4662,WARMING_UP,WARMING_UP,WARMING_UP,0.0,0,65.222
1387,49.0518,,0,5.0,0.55,5,3,0,4.9785,0.4628,WARMING_UP,WARMING_UP,WARMING_UP,0.0,0,66.268
1388,49.065,,0,5.0,0.55,5,3,0,4.9918,0.4613,WARMING_UP,WARMING_UP,WARMING_UP,0.0,0,68.272
1389,49.0767,,0,5.0,0.55,5,3,0,4.9907,0.4579,WARMING_UP,WARMING_UP,WARMING_UP,0.0,0,70.889
1390,49.0871,,0,5.0,0.55,5,3,0,4.9782,0.4545,WARMING_UP,WARMING_UP,WARMING_UP,0.0,0,72.908
1391,49.0981,,0,5.0,0.55,5,3,0,4.9892,0.453,WARMING_UP,WARMING_UP,WARMING_UP,0.0,0,74.438
1392,49.1094,,0,5.0,0.55,5,3,0,4.9466,0.4497,WARMING_UP,WARMING_UP,WARMING_UP,0.0,0,73.621
1393,49.1246,,0,5.0,0.55,5,3,0,4.9618,0.4482,WARMING_UP,WARMING_UP,WARMING_UP,0.0,0,76.107
1394,49.1347,,0,5.0,0.55,5,3,0,4.9719,0.4467,WARMING_UP,WARMING_UP,WARMING_UP,0.0,0,76.683
1395,49.147,,0,5.0,0.55,5,3,0,4.9842,0.4452,WARMING_UP,WARMING_UP,WARMING_UP,0.0,0,77.352
1396,49.159,,0,5.0,0.55,5,3,0,4.9962,0.4437,WARMING_UP,WARMING_UP,WARMING_UP,0.0,0,78.992
1397,49.1696,,0,5.0,0.55,5,3,0,4.9946,0.4404,WARMING_UP,WARMING_UP,WARMING_UP,0.0,0,80.508
1398,49.1801,,0,5.0,0.55,5,3,0,4.9926,0.4371,WARMING_UP,WARMING_UP,WARMING_UP,0.0,0,81.025
1399,49.1919,,0,5.0,0.55,5,3,0,4.9931,0.4338,WARMING_UP,WARMING_UP,WARMING_UP,0.0,0,81.039
1400,49.2043,,0,5.0,0.55,5,3,0,4.9936,0.4305,WARMING_UP,WARMING_UP,WARMING_UP,0.0,0,82.238
1401,49.215,,0,5.0,0.55,5,3,0,4.9924,0.4272,WARMING_UP,WARMING_UP,WARMING_UP,0.0,0,82.386
1402,49.232,,0,5.0,0.55,5,3,0,4.9982,0.4238,WARMING_UP,WARMING_UP,WARMING_UP,0.0,0,80.26
1403,49.2686,,0,5.0,0.55,5,3,0,4.9983,0.4167,WARMING_UP,WARMING_UP,WARMING_UP,0.0,0,75.006
1404,49.2794,,0,5.0,0.55,5,3,0,4.9973,0.4133,WARMING_UP,WARMING_UP,WARMING_UP,0.0,0,75.825
1405,49.2914,,0,5.0,0.55,5,3,0,4.9867,0.41,WARMING_UP,WARMING_UP,WARMING_UP,0.0,0,76.168
1406,49.3046,,0,5.0,0.55,5,3,0,4.9999,0.4086,WARMING_UP,WARMING_UP,WARMING_UP,0.0,0,77.516
1407,49.328,,0,5.0,0.55,5,3,0,4.9854,0.4033,WARMING_UP,WARMING_UP,WARMING_UP,0.0,0,73.896
1408,49.3394,,0,5.0,0.55,5,3,0,4.9968,0.402,WARMING_UP,WARMING_UP,WARMING_UP,0.0,0,75.893
1409,49.358,,0,5.0,0.55,5,3,0,4.9864,0.3967,WARMING_UP,WARMING_UP,WARMING_UP,0.0,0,73.63
1410,49.389,,0,5.0,0.55,5,3,0,4.9872,0.3913,WARMING_UP,WARMING_UP,WARMING_UP,0.0,0,68.9
1411,49.4068,,0,5.0,0.55,5,3,0,4.9907,0.388,WARMING_UP,WARMING_UP,WARMING_UP,0.0,0,71.763
1412,49.417,,0,5.0,0.55,5,3,0,4.9844,0.3846,WARMING_UP,WARMING_UP,WARMING_UP,0.0,0,74.052
1413,49.4276,,0,5.0,0.55,5,3,0,4.995,0.3833,WARMING_UP,WARMING_UP,WARMING_UP,0.0,0,75.354
1414,49.4465,,0,5.0,0.55,5,3,0,4.9912,0.38,WARMING_UP,WARMING_UP,WARMING_UP,0.0,0,73.203
1415,49.4577,,0,5.0,0.55,5,3,0,4.9473,0.3767,WARMING_UP,WARMING_UP,WARMING_UP,0.0,0,74.826
1416,49.4745,,0,5.0,0.55,5,3,0,4.9641,0.3754,WARMING_UP,WARMING_UP,WARMING_UP,0.0,0,73.545
1417,49.4899,,0,5.0,0.55,5,3,0,4.9795,0.3742,WARMING_UP,WARMING_UP,WARMING_UP,0.0,0,72.534
1418,49.5009,,0,5.0,0.55,5,3,0,4.9905,0.3729,WARMING_UP,WARMING_UP,WARMING_UP,0.0,0,74.259
1419,49.5129,,0,5.0,0.55,5,3,0,4.9903,0.3696,WARMING_UP,WARMING_UP,WARMING_UP,0.0,0,74.241
1420,49.5341,,0,5.0,0.55,5,3,0,4.9983,0.3663,WARMING_UP,WARMING_UP,WARMING_UP,0.0,0,71.84
1421,49.5775,,0,5.0,0.55,5,3,0,4.9964,0.3567,WARMING_UP,WARMING_UP,WARMING_UP,0.0,0,66.648
1422,49.5955,,0,5.0,0.55,5,3,0,4.989,0.3567,WARMING_UP,WARMING_UP,WARMING_UP,0.0,0,69.5
1423,49.606,,0,5.0,0.55,5,3,0,4.9995,0.3588,WARMING_UP,WARMING_UP,WARMING_UP,0.0,0,69.464
1424,49.6204,,0,5.0,0.55,5,3,0,4.9903,0.3533,WARMING_UP,WARMING_UP,WARMING_UP,0.0,0,72.164
1425,49.6307,,0,5.0,0.55,5,3,0,4.9869,0.35,WARMING_UP,WARMING_UP,WARMING_UP,0.0,0,72.93
1426,49.6433,,0,5.0,0.55,5,3,0,4.9996,0.3488,WARMING_UP,WARMING_UP,WARMING_UP,0.0,0,75.499
1427,49.6564,,0,5.0,0.55,5,3,0,4.9824,0.3433,WARMING_UP,WARMING_UP,WARMING_UP,0.0,0,75.329
1428,49.6714,,0,5.0,0.55,5,3,0,4.9974,0.3422,WARMING_UP,WARMING_UP,WARMING_UP,0.0,0,74.529
1429,49.6877,,0,5.0,0.55,5,3,0,4.978,0.3367,WARMING_UP,WARMING_UP,WARMING_UP,0.0,0,73.094
1430,49.7008,,0,5.0,0.55,5,3,0,4.991,0.3355,WARMING_UP,WARMING_UP,WARMING_UP,0.0,0,73.394
1431,49.7262,,0,5.0,0.55,5,3,0,4.991,0.3333,WARMING_UP,WARMING_UP,WARMING_UP,0.0,0,70.038
1432,49.7416,,0,5.0,0.55,5,3,0,4.988,0.3333,WARMING_UP,WARMING_UP,WARMING_UP,0.0,0,69.424
1433,49.7524,,0,5.0,0.55,5,3,0,4.9989,0.3322,WARMING_UP,WARMING_UP,WARMING_UP,0.0,0,69.948
1434,49.7809,,0,5.0,0.55,5,3,0,4.9863,0.33,WARMING_UP,WARMING_UP,WARMING_UP,0.0,0,66.657
1435,49.7928,,0,5.0,0.55,5,3,0,4.9982,0.3289,WARMING_UP,WARMING_UP,WARMING_UP,0.0,0,68.285
1436,49.8063,,0,5.0,0.55,5,3,0,4.9875,0.3289,WARMING_UP,WARMING_UP,WARMING_UP,0.0,0,69.699
1437,49.833,,0,5.0,0.55,5,3,0,4.9893,0.3233,WARMING_UP,WARMING_UP,WARMING_UP,0.0,0,66.348
1438,49.8489,,0,5.0,0.55,5,3,0,4.9933,0.32,WARMING_UP,WARMING_UP,WARMING_UP,0.0,0,64.311
1439,49.8663,,0,5.0,0.55,5,3,0,4.9938,0.3167,WARMING_UP,WARMING_UP,WARMING_UP,0.0,0,67.471
1440,49.88,,0,5.0,0.55,5,3,0,4.9958,0.3133,WARMING_UP,WARMING_UP,WARMING_UP,0.0,0,67.357
1441,49.8919,,0,5.0,0.55,5,3,0,4.9952,0.31,WARMING_UP,WARMING_UP,WARMING_UP,0.0,0,68.582
1442,49.9112,,0,5.0,0.55,5,3,0,4.9836,0.3067,WARMING_UP,WARMING_UP,WARMING_UP,0.0,0,66.81
1443,49.9241,,0,5.0,0.55,5,3,0,4.9964,0.3056,WARMING_UP,WARMING_UP,WARMING_UP,0.0,0,69.793
1444,49.9411,,0,5.0,0.55,5,3,0,4.9869,0.3,WARMING_UP,WARMING_UP,WARMING_UP,0.0,0,68.41
1445,49.9609,,0,5.0,0.55,5,3,0,4.9935,0.2967,WARMING_UP,WARMING_UP,WARMING_UP,0.0,0,65.416
1446,49.9793,,0,5.0,0.55,5,3,0,4.9912,0.2933,WARMING_UP,WARMING_UP,WARMING_UP,0.0,0,65.711
1447,49.9992,,0,5.0,0.55,5,3,0,4.9924,0.29,WARMING_UP,WARMING_UP,WARMING_UP,0.0,0,64.632
1448,50.0111,,0,5.0,0.55,5,3,0,4.9926,0.2867,WARMING_UP,WARMING_UP,WARMING_UP,0.0,0,64.876
1449,50.0401,,0,5.0,0.55,5,3,0,4.9906,0.2809,WARMING_UP,WARMING_UP,WARMING_UP,0.0,0,62.431
1450,50.0508,,0,5.0,0.55,5,3,0,4.979,0.2776,WARMING_UP,WARMING_UP,WARMING_UP,0.0,0,63.444
1451,50.0917,,0,5.0,0.55,5,3,0,4.9855,0.2718,WARMING_UP,WARMING_UP,WARMING_UP,0.0,0,59.255
1452,50.1109,,0,5.0,0.55,5,3,0,4.9882,0.2685,WARMING_UP,WARMING_UP,WARMING_UP,0.0,0,60.381
1453,50.1251,,0,5.0,0.55,5,3,0,4.9873,0.2651,WARMING_UP,WARMING_UP,WARMING_UP,0.0,0,62.39
1454,50.1378,,0,5.0,0.55,5,3,0,4.9827,0.2617,WARMING_UP,WARMING_UP,WARMING_UP,0.0,0,65.222
1455,50.1485,,0,5.0,0.55,5,3,0,4.9934,0.2609,WARMING_UP,WARMING_UP,WARMING_UP,0.0,0,66.721
1456,50.1611,,0,5.0,0.55,5,3,0,4.9942,0.2575,WARMING_UP,WARMING_UP,WARMING_UP,0.0,0,69.742
1457,50.1712,,0,5.0,0.55,5,3,0,4.9862,0.2542,WARMING_UP,WARMING_UP,WARMING_UP,0.0,0,72.441
1458,50.2051,,0,5.0,0.55,5,3,0,4.992,0.2483,WARMING_UP,WARMING_UP,WARMING_UP,0.0,0,67.585
1459,50.2237,,0,5.0,0.55,5,3,0,4.9855,0.245,WARMING_UP,WARMING_UP,WARMING_UP,0.0,0,69.91
1460,50.2346,,0,5.0,0.55,5,3,0,4.9964,0.2441,WARMING_UP,WARMING_UP,WARMING_UP,0.0,0,72.135
1461,50.2453,,0,5.0,0.55,5,3,0,4.9874,0.2408,WARMING_UP,WARMING_UP,WARMING_UP,0.0,0,70.814
1462,50.2623,,0,5.0,0.55,5,3,0,4.9904,0.2375,WARMING_UP,WARMING_UP,WARMING_UP,0.0,0,72.908
1463,50.2734,,0,5.0,0.55,5,3,0,4.9781,0.2341,WARMING_UP,WARMING_UP,WARMING_UP,0.0,0,73.114
1464,50.2967,,0,5.0,0.55,5,3,0,4.9894,0.2308,WARMING_UP,WARMING_UP,WARMING_UP,0.0,0,70.613
1465,50.3079,,0,5.0,0.55,5,3,0,4.9851,0.2274,WARMING_UP,WARMING_UP,WARMING_UP,0.0,0,70.692
1466,50.3215,,0,5.0,0.55,5,3,0,4.9987,0.2267,WARMING_UP,WARMING_UP,WARMING_UP,0.0,0,71.028
1467,50.3349,,0,5.0,0.55,5,3,0,4.9799,0.2207,WARMING_UP,WARMING_UP,WARMING_UP,0.0,0,73.414
1468,50.3455,,0,5.0,0.55,5,3,0,4.9905,0.22,WARMING_UP,WARMING_UP,WARMING_UP,0.0,0,73.381
1469,50.3592,,0,5.0,0.55,5,3,0,4.9845,0.2167,WARMING_UP,WARMING_UP,WARMING_UP,0.0,0,75.244
1470,50.37,,0,5.0,0.55,5,3,0,4.9954,0.2159,WARMING_UP,WARMING_UP,WARMING_UP,0.0,0,77.267
1471,50.4153,,0,5.0,0.55,5,3,0,4.9821,0.2047,WARMING_UP,WARMING_UP,WARMING_UP,0.0,0,71.713
1472,50.427,,0,5.0,0.55,5,3,0,4.9938,0.204,WARMING_UP,WARMING_UP,WARMING_UP,0.0,0,73.164
1473,50.4381,,0,5.0,0.55,5,3,0,4.9834,0.2007,WARMING_UP,WARMING_UP,WARMING_UP,0.0,0,73.986
1474,50.4503,,0,5.0,0.55,5,3,0,4.9956,0.2,WARMING_UP,WARMING_UP,WARMING_UP,0.0,0,73.279
1475,50.4654,,0,5.0,0.55,5,3,0,4.991,0.1967,WARMING_UP,WARMING_UP,WARMING_UP,0.0,0,72.735
1476,50.4802,,0,5.0,0.55,5,3,0,4.9936,0.1933,WARMING_UP,WARMING_UP,WARMING_UP,0.0,0,74.163
1477,50.4916,,0,5.0,0.55,5,3,0,4.9919,0.19,WARMING_UP,WARMING_UP,WARMING_UP,0.0,0,72.551
1478,50.5121,,0,5.0,0.55,5,3,0,4.9833,0.1867,WARMING_UP,WARMING_UP,WARMING_UP,0.0,0,71.292
1479,50.5256,,0,5.0,0.55,5,3,0,4.9968,0.186,WARMING_UP,WARMING_UP,WARMING_UP,0.0,0,73.612
1480,50.5367,,0,5.0,0.55,5,3,0,4.9879,0.1827,WARMING_UP,WARMING_UP,WARMING_UP,0.0,0,73.919
1481,50.5492,,0,5.0,0.55,5,3,0,4.9807,0.1794,WARMING_UP,WARMING_UP,WARMING_UP,0.0,0,74.6
1482,50.5625,,0,5.0,0.55,5,3,0,4.994,0.1788,WARMING_UP,WARMING_UP,WARMING_UP,0.0,0,75.558
1483,50.5816,,0,5.0,0.55,5,3,0,4.9906,0.1728,WARMING_UP,WARMING_UP,WARMING_UP,0.0,0,71.922
1484,50.6211,,0,5.0,0.55,5,3,0,4.992,0.1639,WARMING_UP,WARMING_UP,WARMING_UP,0.0,0,67.762
1485,50.6319,,0,5.0,0.55,5,3,0,4.9842,0.1605,WARMING_UP,WARMING_UP,WARMING_UP,0.0,0,66.583
1486,50.6497,,0,5.0,0.55,5,3,0,4.9797,0.1572,WARMING_UP,WARMING_UP,WARMING_UP,0.0,0,67.995
1487,50.6621,,0,5.0,0.55,5,3,0,4.9921,0.1567,WARMING_UP,WARMING_UP,WARMING_UP,0.0,0,69.088
1488,50.6749,,0,5.0,0.55,5,3,0,4.9889,0.1533,WARMING_UP,WARMING_UP,WARMING_UP,0.0,0,71.717
1489,50.6851,,0,5.0,0.55,5,3,0,4.9991,0.1528,WARMING_UP,WARMING_UP,WARMING_UP,0.0,0,70.571
1490,50.7035,,0,5.0,0.55,5,3,0,4.9985,0.1495,WARMING_UP,WARMING_UP,WARMING_UP,0.0,0,71.037
1491,50.7178,,0,5.0,0.55,5,3,0,4.9963,0.1462,WARMING_UP,WARMING_UP,WARMING_UP,0.0,0,71.353
1492,50.7362,,0,5.0,0.55,5,3,0,4.9985,0.1429,WARMING_UP,WARMING_UP,WARMING_UP,0.0,0,69.286
1493,50.7519,,0,5.0,0.55,5,3,0,4.982,0.1367,WARMING_UP,WARMING_UP,WARMING_UP,0.0,0,68.708
1494,50.7704,,0,5.0,0.55,5,3,0,4.9889,0.1333,WARMING_UP,WARMING_UP,WARMING_UP,0.0,0,67.755
1495,50.7888,,0,5.0,0.55,5,3,0,4.9835,0.13,WARMING_UP,WARMING_UP,WARMING_UP,0.0,0,66.405
1496,50.8063,,0,5.0,0.55,5,3,0,4.9806,0.1267,WARMING_UP,WARMING_UP,WARMING_UP,0.0,0,65.46
1497,50.8202,,0,5.0,0.55,5,3,0,4.9945,0.1262,WARMING_UP,WARMING_UP,WARMING_UP,0.0,0,65.595
1498,50.8332,,0,5.0,0.55,5,3,0,4.9956,0.1229,WARMING_UP,WARMING_UP,WARMING_UP,0.0,0,64.164
1499,50.8516,,0,5.0,0.55,5,3,0,4.977,0.1167,WARMING_UP,WARMING_UP,WARMING_UP,0.0,0,65.846
1500,50.8709,,0,5.0,0.55,5,3,0,4.9964,0.1163,WARMING_UP,WARMING_UP,WARMING_UP,0.0,0,64.905
1501,50.887,,0,5.0,0.55,5,3,0,4.997,0.113,WARMING_UP,WARMING_UP,WARMING_UP,0.0,0,64.572
1502,50.8995,,0,5.0,0.55,5,3,0,4.9892,0.1096,WARMING_UP,WARMING_UP,WARMING_UP,0.0,0,65.884
1503,50.9178,,0,5.0,0.55,5,3,0,4.996,0.1063,WARMING_UP,WARMING_UP,WARMING_UP,0.0,0,64.885
1504,50.9436,,0,5.0,0.55,5,3,0,4.9878,0.1,WARMING_UP,WARMING_UP,WARMING_UP,0.0,0,62.282
1505,50.9548,,0,5.0,0.55,5,3,0,4.999,0.0997,WARMING_UP,WARMING_UP,WARMING_UP,0.0,0,61.587
1506,50.9724,,0,5.0,0.55,5,3,0,4.99,0.0933,WARMING_UP,WARMING_UP,WARMING_UP,0.0,0,63.76
1507,50.9934,,0,5.0,0.55,5,3,0,4.9875,0.09,WARMING_UP,WARMING_UP,WARMING_UP,0.0,0,62.491
1508,51.0052,,0,5.0,0.55,5,3,0,4.9994,0.0897,WARMING_UP,WARMING_UP,WARMING_UP,0.0,0,64.582
1509,51.0248,,0,5.0,0.55,5,3,0,4.9907,0.0833,WARMING_UP,WARMING_UP,WARMING_UP,0.0,0,63.106
1510,51.0377,,0,5.0,0.55,5,3,0,4.9868,0.08,WARMING_UP,WARMING_UP,WARMING_UP,0.0,0,62.564
1511,51.0536,,0,5.0,0.55,5,3,0,4.9803,0.0767,WARMING_UP,WARMING_UP,WARMING_UP,0.0,0,65.28
1512,51.0725,,0,5.0,0.55,5,3,0,4.9992,0.0764,WARMING_UP,WARMING_UP,WARMING_UP,0.0,0,64.055
1513,51.0906,,0,5.0,0.55,5,3,0,4.9763,0.07,WARMING_UP,WARMING_UP,WARMING_UP,0.0,0,62.471
1514,51.1041,,0,5.0,0.55,5,3,0,4.9899,0.0698,WARMING_UP,WARMING_UP,WARMING_UP,0.0,0,65.868
1515,51.1144,,0,5.0,0.55,5,3,0,4.9877,0.0664,WARMING_UP,WARMING_UP,WARMING_UP,0.0,0,67.571
1516,51.1353,,0,5.0,0.55,5,3,0,4.9956,0.0631,WARMING_UP,WARMING_UP,WARMING_UP,0.0,0,65.701
1517,51.1504,,0,5.0,0.55,5,3,0,4.9959,0.0598,WARMING_UP,WARMING_UP,WARMING_UP,0.0,0,64.875
1518,51.1778,,0,5.0,0.55,5,3,0,4.9944,0.0533,WARMING_UP,WARMING_UP,WARMING_UP,0.0,0,62.516
1519,51.1887,,0,5.0,0.55,5,3,0,4.979,0.05,WARMING_UP,WARMING_UP,WARMING_UP,0.0,0,63.306
1520,51.2028,,0,5.0,0.55,5,3,0,4.9931,0.0498,WARMING_UP,WARMING_UP,WARMING_UP,0.0,0,65.587
1521,51.234,,0,5.0,0.55,5,3,0,4.9985,0.0433,WARMING_UP,WARMING_UP,WARMING_UP,0.0,0,62.239
1522,51.2456,,0,5.0,0.55,5,3,0,4.998,0.04,WARMING_UP,WARMING_UP,WARMING_UP,0.0,0,65.557
1523,51.2562,,0,5.0,0.55,5,3,0,4.9837,0.0367,WARMING_UP,WARMING_UP,WARMING_UP,0.0,0,68.532
1524,51.3703,,0,5.0,0.55,5,3,0,4.9947,0.0169,WARMING_UP,WARMING_UP,WARMING_UP,0.0,0,62.521
1525,51.3853,,0,5.0,0.55,5,3,0,4.992,0.0136,WARMING_UP,WARMING_UP,WARMING_UP,0.0,0,65.253
1526,51.3964,,0,5.0,0.55,5,3,0,4.9739,0.0102,WARMING_UP,WARMING_UP,WARMING_UP,0.0,0,64.37
1527,51.4141,,0,5.0,0.55,5,3,0,4.9916,0.0101,WARMING_UP,WARMING_UP,WARMING_UP,0.0,0,65.186
1528,51.4281,,0,5.0,0.55,5,3,0,4.9938,0.0068,WARMING_UP,WARMING_UP,WARMING_UP,0.0,0,67.213
1529,51.4395,,0,5.0,0.55,5,3,0,4.9946,0.0068,WARMING_UP,WARMING_UP,WARMING_UP,0.0,0,66.712
1530,51.4556,,0,5.0,0.55,5,3,0,4.9848,0.0068,WARMING_UP,WARMING_UP,WARMING_UP,0.0,0,69.191
1531,51.4665,,0,5.0,0.55,5,3,0,4.9956,0.0068,WARMING_UP,WARMING_UP,WARMING_UP,0.0,0,69.545
1532,51.4804,,0,5.0,0.55,5,3,0,4.9967,0.0068,WARMING_UP,WARMING_UP,WARMING_UP,0.0,0,72.109
1533,51.491,,0,5.0,0.55,5,3,0,4.9625,0.0068,WARMING_UP,WARMING_UP,WARMING_UP,0.0,0,69.726
1534,51.5115,,0,5.0,0.55,5,3,0,4.9831,0.0101,WARMING_UP,WARMING_UP,WARMING_UP,0.0,0,70.023
1535,51.5253,,0,5.0,0.55,5,3,0,4.9969,0.0134,WARMING_UP,WARMING_UP,WARMING_UP,0.0,0,71.842
1536,51.5367,,0,5.0,0.55,5,3,0,4.9955,0.0168,WARMING_UP,WARMING_UP,WARMING_UP,0.0,0,72.28
1537,51.5498,,0,5.0,0.55,5,3,0,4.9976,0.0201,WARMING_UP,WARMING_UP,WARMING_UP,0.0,0,72.206
1538,51.5638,,0,5.0,0.55,5,3,0,4.9887,0.0236,WARMING_UP,WARMING_UP,WARMING_UP,0.0,0,73.022
1539,51.5761,,0,5.0,0.55,5,3,0,4.9903,0.0269,WARMING_UP,WARMING_UP,WARMING_UP,0.0,0,74.739
1540,51.5872,,0,5.0,0.55,5,3,0,4.963,0.0303,WARMING_UP,WARMING_UP,WARMING_UP,0.0,0,75.61
1541,51.5991,,0,5.0,0.55,5,3,0,4.9749,0.0336,WARMING_UP,WARMING_UP,WARMING_UP,0.0,0,75.517
1542,51.6126,,0,5.0,0.55,5,3,0,4.9884,0.0368,WARMING_UP,WARMING_UP,WARMING_UP,0.0,0,74.578
1543,51.6278,,0,5.0,0.55,5,3,0,4.9923,0.0401,WARMING_UP,WARMING_UP,WARMING_UP,0.0,0,76.014
1544,51.639,,0,5.0,0.55,5,3,0,4.9927,0.0435,WARMING_UP,WARMING_UP,WARMING_UP,0.0,0,77.131
1545,51.6503,,0,5.0,0.55,5,3,0,4.9925,0.0468,WARMING_UP,WARMING_UP,WARMING_UP,0.0,0,76.248
1546,51.6651,,0,5.0,0.55,5,3,0,4.9964,0.0502,WARMING_UP,WARMING_UP,WARMING_UP,0.0,0,76.324
1547,51.678,,0,5.0,0.55,5,3,0,4.9946,0.0535,WARMING_UP,WARMING_UP,WARMING_UP,0.0,0,77.369
1548,51.6896,,0,5.0,0.55,5,3,0,4.9906,0.0569,WARMING_UP,WARMING_UP,WARMING_UP,0.0,0,78.325
1549,51.7011,,0,5.0,0.55,5,3,0,4.9669,0.0602,WARMING_UP,WARMING_UP,WARMING_UP,0.0,0,77.741
1550,51.7149,,0,5.0,0.55,5,3,0,4.9807,0.0633,WARMING_UP,WARMING_UP,WARMING_UP,0.0,0,76.929
1551,51.7293,,0,5.0,0.55,5,3,0,4.995,0.0664,WARMING_UP,WARMING_UP,WARMING_UP,0.0,0,78.003
1552,51.741,,0,5.0,0.55,5,3,0,4.995,0.0698,WARMING_UP,WARMING_UP,WARMING_UP,0.0,0,78.496
1553,51.7527,,0,5.0,0.55,5,3,0,4.9944,0.0731,WARMING_UP,WARMING_UP,WARMING_UP,0.0,0,78.79
1554,51.7684,,0,5.0,0.55,5,3,0,4.9959,0.0764,WARMING_UP,WARMING_UP,WARMING_UP,0.0,0,77.359
1555,51.7819,,0,5.0,0.55,5,3,0,4.9167,0.0797,WARMING_UP,WARMING_UP,WARMING_UP,0.0,0,76.769
1556,51.7953,,0,5.0,0.55,5,3,0,4.9301,0.0828,WARMING_UP,WARMING_UP,WARMING_UP,0.0,0,77.559
1557,51.8172,,0,5.0,0.55,5,3,0,4.952,0.0858,WARMING_UP,WARMING_UP,WARMING_UP,0.0,0,73.978
1558,51.8411,,0,5.0,0.55,5,3,0,4.9759,0.0888,WARMING_UP,WARMING_UP,WARMING_UP,0.0,0,71.024
1559,51.8528,,0,5.0,0.55,5,3,0,4.9876,0.0918,WARMING_UP,WARMING_UP,WARMING_UP,0.0,0,72.274
1560,51.8686,,0,5.0,0.55,5,3,0,4.989,0.0951,WARMING_UP,WARMING_UP,WARMING_UP,0.0,0,71.355
1561,51.8807,,0,5.0,0.55,5,3,0,4.9888,0.0984,WARMING_UP,WARMING_UP,WARMING_UP,0.0,0,72.055
1562,51.9094,,0,5.0,0.55,5,3,0,4.9971,0.1016,WARMING_UP,WARMING_UP,WARMING_UP,0.0,0,68.473
1563,51.9414,,0,5.0,0.55,5,3,0,4.9914,0.1049,WARMING_UP,WARMING_UP,WARMING_UP,0.0,0,64.487
1564,51.956,,0,5.0,0.55,5,3,0,4.9946,0.1082,WARMING_UP,WARMING_UP,WARMING_UP,0.0,0,66.467
1565,51.968,,0,5.0,0.55,5,3,0,4.993,0.1115,WARMING_UP,WARMING_UP,WARMING_UP,0.0,0,66.689
1566,51.9823,,0,5.0,0.55,5,3,0,4.9953,0.1148,WARMING_UP,WARMING_UP,WARMING_UP,0.0,0,68.706
1567,51.9937,,0,5.0,0.55,5,3,0,4.9955,0.118,WARMING_UP,WARMING_UP,WARMING_UP,0.0,0,70.116
1568,52.0087,,0,5.0,0.55,5,3,0,4.9975,0.1213,WARMING_UP,WARMING_UP,WARMING_UP,0.0,0,68.526
1569,52.0245,,0,5.0,0.55,5,3,0,4.9897,0.125,WARMING_UP,WARMING_UP,WARMING_UP,0.0,0,69.086
1570,52.0379,,0,5.0,0.55,5,3,0,4.9915,0.1283,WARMING_UP,WARMING_UP,WARMING_UP,0.0,0,69.83
1571,52.0509,,0,5.0,0.55,5,3,0,4.9928,0.1316,WARMING_UP,WARMING_UP,WARMING_UP,0.0,0,70.253
1572,52.0715,,0,5.0,0.55,5,3,0,4.9916,0.1353,WARMING_UP,WARMING_UP,WARMING_UP,0.0,0,67.094
1573,52.1043,,0,5.0,0.55,5,3,0,4.9901,0.1395,WARMING_UP,WARMING_UP,WARMING_UP,0.0,0,63.927
1574,52.1188,,0,5.0,0.55,5,3,0,4.9914,0.1395,WARMING_UP,WARMING_UP,WARMING_UP,0.0,0,65.905
1575,52.1314,,0,5.0,0.55,5,3,0,4.9911,0.1429,WARMING_UP,WARMING_UP,WARMING_UP,0.0,0,65.44
1576,52.147,,0,5.0,0.55,5,3,0,4.9958,0.1462,WARMING_UP,WARMING_UP,WARMING_UP,0.0,0,65.918
1577,52.1611,,0,5.0,0.55,5,3,0,4.996,0.1495,WARMING_UP,WARMING_UP,WARMING_UP,0.0,0,68.113
1578,52.1724,,0,5.0,0.55,5,3,0,4.9924,0.1528,WARMING_UP,WARMING_UP,WARMING_UP,0.0,0,69.212
1579,52.2061,,0,5.0,0.55,5,3,0,4.9999,0.1567,WARMING_UP,WARMING_UP,WARMING_UP,0.0,0,65.326
1580,52.218,,0,5.0,0.55,5,3,0,4.9857,0.16,WARMING_UP,WARMING_UP,WARMING_UP,0.0,0,66.528
1581,52.231,,0,5.0,0.55,5,3,0,4.9987,0.1628,WARMING_UP,WARMING_UP,WARMING_UP,0.0,0,67.318
1582,52.2445,,0,5.0,0.55,5,3,0,4.9989,0.1661,WARMING_UP,WARMING_UP,WARMING_UP,0.0,0,69.551
1583,52.2554,,0,5.0,0.55,5,3,0,4.9907,0.1694,WARMING_UP,WARMING_UP,WARMING_UP,0.0,0,70.675
1584,52.2702,,0,5.0,0.55,5,3,0,4.993,0.1728,WARMING_UP,WARMING_UP,WARMING_UP,0.0,0,70.35
1585,52.2828,,0,5.0,0.55,5,3,0,4.9946,0.1761,WARMING_UP,WARMING_UP,WARMING_UP,0.0,0,70.578
1586,52.3196,,0,5.0,0.55,5,3,0,4.9975,0.18,WARMING_UP,WARMING_UP,WARMING_UP,0.0,0,66.341
1587,52.332,,0,5.0,0.55,5,3,0,4.9953,0.1833,WARMING_UP,WARMING_UP,WARMING_UP,0.0,0,66.885
1588,52.3459,,0,5.0,0.55,5,3,0,4.9979,0.1867,WARMING_UP,WARMING_UP,WARMING_UP,0.0,0,68.749
1589,52.3587,,0,5.0,0.55,5,3,0,4.9925,0.19,WARMING_UP,WARMING_UP,WARMING_UP,0.0,0,69.792
1590,52.3702,,0,5.0,0.55,5,3,0,4.9859,0.1933,WARMING_UP,WARMING_UP,WARMING_UP,0.0,0,69.807
1591,52.3845,,0,5.0,0.55,5,3,0,4.9813,0.1967,WARMING_UP,WARMING_UP,WARMING_UP,0.0,0,71.971
1592,52.4244,,0,5.0,0.55,5,3,0,4.9829,0.2007,WARMING_UP,WARMING_UP,WARMING_UP,0.0,0,67.233
1593,52.4362,,0,5.0,0.55,5,3,0,4.9947,0.2033,WARMING_UP,WARMING_UP,WARMING_UP,0.0,0,69.152
1594,52.4477,,0,5.0,0.55,5,3,0,4.9955,0.2067,WARMING_UP,WARMING_UP,WARMING_UP,0.0,0,70.551
1595,52.4597,,0,5.0,0.55,5,3,0,4.9907,0.21,WARMING_UP,WARMING_UP,WARMING_UP,0.0,0,72.369
1596,52.4709,,0,5.0,0.55,5,3,0,4.9916,0.2133,WARMING_UP,WARMING_UP,WARMING_UP,0.0,0,71.761
1597,52.4862,,0,5.0,0.55,5,3,0,4.9852,0.2167,WARMING_UP,WARMING_UP,WARMING_UP,0.0,0,72.718
1598,52.4984,,0,5.0,0.55,5,3,0,4.9974,0.2193,WARMING_UP,WARMING_UP,WARMING_UP,0.0,0,72.493
1599,52.5312,,0,5.0,0.55,5,3,0,4.9915,0.2233,WARMING_UP,WARMING_UP,WARMING_UP,0.0,0,68.273
1600,52.5456,,0,5.0,0.55,5,3,0,4.9955,0.2267,WARMING_UP,WARMING_UP,WARMING_UP,0.0,0,70.205
1601,52.557,,0,5.0,0.55,5,3,0,4.9865,0.23,WARMING_UP,WARMING_UP,WARMING_UP,0.0,0,71.312
1602,52.5727,,0,5.0,0.55,5,3,0,4.9858,0.2333,WARMING_UP,WARMING_UP,WARMING_UP,0.0,0,70.417
1603,52.5853,,0,5.0,0.55,5,3,0,4.9984,0.2359,WARMING_UP,WARMING_UP,WARMING_UP,0.0,0,71.258
1604,52.5991,,0,5.0,0.55,5,3,0,4.9878,0.2392,WARMING_UP,WARMING_UP,WARMING_UP,0.0,0,70.612
1605,52.6296,,0,5.0,0.55,5,3,0,4.9868,0.2433,WARMING_UP,WARMING_UP,WARMING_UP,0.0,0,66.696
1606,52.6455,,0,5.0,0.55,5,3,0,4.9918,0.2467,WARMING_UP,WARMING_UP,WARMING_UP,0.0,0,67.517
1607,52.6586,,0,5.0,0.55,5,3,0,4.9944,0.25,WARMING_UP,WARMING_UP,WARMING_UP,0.0,0,69.585
1608,52.6747,,0,5.0,0.55,5,3,0,4.9956,0.2533,WARMING_UP,WARMING_UP,WARMING_UP,0.0,0,68.716
1609,52.6863,,0,5.0,0.55,5,3,0,4.9869,0.2567,WARMING_UP,WARMING_UP,WARMING_UP,0.0,0,69.988
1610,52.7069,,0,5.0,0.55,5,3,0,4.9939,0.26,WARMING_UP,WARMING_UP,WARMING_UP,0.0,0,67.981
1611,52.725,,0,5.0,0.55,5,3,0,4.9694,0.2633,WARMING_UP,WARMING_UP,WARMING_UP,0.0,0,66.825
1612,52.7488,,0,5.0,0.55,5,3,0,4.9932,0.2658,WARMING_UP,WARMING_UP,WARMING_UP,0.0,0,64.056
1613,52.7622,,0,5.0,0.55,5,3,0,4.9953,0.2691,WARMING_UP,WARMING_UP,WARMING_UP,0.0,0,66.182
1614,52.7736,,0,5.0,0.55,5,3,0,4.9951,0.2724,WARMING_UP,WARMING_UP,WARMING_UP,0.0,0,68.25
1615,52.7851,,0,5.0,0.55,5,3,0,4.9945,0.2757,WARMING_UP,WARMING_UP,WARMING_UP,0.0,0,69.732
1616,52.8022,,0,5.0,0.55,5,3,0,4.9882,0.28,WARMING_UP,WARMING_UP,WARMING_UP,0.0,0,68.596
1617,52.8161,,0,5.0,0.55,5,3,0,4.9787,0.2833,WARMING_UP,WARMING_UP,WARMING_UP,0.0,0,68.199
1618,52.831,,0,5.0,0.55,5,3,0,4.9936,0.2857,WARMING_UP,WARMING_UP,WARMING_UP,0.0,0,66.48
1619,52.8496,,0,5.0,0.55,5,3,0,4.9775,0.29,WARMING_UP,WARMING_UP,WARMING_UP,0.0,0,66.678
1620,52.8664,,0,5.0,0.55,5,3,0,4.9944,0.2924,WARMING_UP,WARMING_UP,WARMING_UP,0.0,0,66.622
1621,52.8799,,0,5.0,0.55,5,3,0,4.9966,0.2957,WARMING_UP,WARMING_UP,WARMING_UP,0.0,0,66.94
1622,52.9007,,0,5.0,0.55,5,3,0,4.9979,0.299,WARMING_UP,WARMING_UP,WARMING_UP,0.0,0,65.283
1623,52.9142,,0,5.0,0.55,5,3,0,4.9961,0.3023,WARMING_UP,WARMING_UP,WARMING_UP,0.0,0,66.24
1624,52.9303,,0,5.0,0.55,5,3,0,4.9933,0.3056,WARMING_UP,WARMING_UP,WARMING_UP,0.0,0,64.865
1625,52.9485,,0,5.0,0.55,5,3,0,4.9968,0.309,WARMING_UP,WARMING_UP,WARMING_UP,0.0,0,64.282
1626,52.9677,,0,5.0,0.55,5,3,0,4.9975,0.3123,WARMING_UP,WARMING_UP,WARMING_UP,0.0,0,62.207
1627,52.9948,,0,5.0,0.55,5,3,0,4.9884,0.3167,WARMING_UP,WARMING_UP,WARMING_UP,0.0,0,59.419
1628,53.0149,,0,5.0,0.55,5,3,0,4.9966,0.32,WARMING_UP,WARMING_UP,WARMING_UP,0.0,0,58.616
1629,53.0343,,0,5.0,0.55,5,3,0,4.9806,0.3233,WARMING_UP,WARMING_UP,WARMING_UP,0.0,0,60.643
1630,53.0469,,0,5.0,0.55,5,3,0,4.9932,0.3256,WARMING_UP,WARMING_UP,WARMING_UP,0.0,0,61.034
1631,53.0624,,0,5.0,0.55,5,3,0,4.9974,0.3289,WARMING_UP,WARMING_UP,WARMING_UP,0.0,0,61.65
1632,53.0774,,0,5.0,0.55,5,3,0,4.9785,0.3333,WARMING_UP,WARMING_UP,WARMING_UP,0.0,0,63.232
1633,53.0905,,0,5.0,0.55,5,3,0,4.9916,0.3355,WARMING_UP,WARMING_UP,WARMING_UP,0.0,0,65.099
1634,53.1047,,0,5.0,0.55,5,3,0,4.9941,0.3389,WARMING_UP,WARMING_UP,WARMING_UP,0.0,0,65.642
1635,53.1165,,0,5.0,0.55,5,3,0,4.9945,0.3422,WARMING_UP,WARMING_UP,WARMING_UP,0.0,0,67.326
1636,53.145,,0,5.0,0.55,5,3,0,4.9754,0.3467,WARMING_UP,WARMING_UP,WARMING_UP,0.0,0,64.17
1637,53.1568,,0,5.0,0.55,5,3,0,4.9872,0.3488,WARMING_UP,WARMING_UP,WARMING_UP,0.0,0,66.224
1638,53.1771,,0,5.0,0.55,5,3,0,4.9686,0.3522,WARMING_UP,WARMING_UP,WARMING_UP,0.0,0,64.569
1639,53.1889,,0,5.0,0.55,5,3,0,4.9804,0.3543,WARMING_UP,WARMING_UP,WARMING_UP,0.0,0,66.402
1640,53.2006,,0,5.0,0.55,5,3,0,4.9921,0.3564,WARMING_UP,WARMING_UP,WARMING_UP,0.0,0,67.329
1641,53.2222,,0,5.0,0.55,5,3,0,4.9896,0.3609,WARMING_UP,WARMING_UP,WARMING_UP,0.0,0,65.559
1642,53.2366,,0,5.0,0.55,5,3,0,4.9904,0.3642,WARMING_UP,WARMING_UP,WARMING_UP,0.0,0,65.921
1643,53.2485,,0,5.0,0.55,5,3,0,4.9898,0.3675,WARMING_UP,WARMING_UP,WARMING_UP,0.0,0,67.244
1644,53.29,,0,5.0,0.55,5,3,0,4.9799,0.3733,WARMING_UP,WARMING_UP,WARMING_UP,0.0,0,62.978
1645,53.3019,,0,5.0,0.55,5,3,0,4.9918,0.3754,WARMING_UP,WARMING_UP,WARMING_UP,0.0,0,64.948
1646,53.3139,,0,5.0,0.55,5,3,0,4.9916,0.3787,WARMING_UP,WARMING_UP,WARMING_UP,0.0,0,67.451
1647,53.3294,,0,5.0,0.55,5,3,0,4.9957,0.3821,WARMING_UP,WARMING_UP,WARMING_UP,0.0,0,66.858
1648,53.3414,,0,5.0,0.55,5,3,0,4.9949,0.3854,WARMING_UP,WARMING_UP,WARMING_UP,0.0,0,68.387
1649,53.3533,,0,5.0,0.55,5,3,0,4.9933,0.3887,WARMING_UP,WARMING_UP,WARMING_UP,0.0,0,69.037
1650,53.3675,,0,5.0,0.55,5,3,0,4.9932,0.392,WARMING_UP,WARMING_UP,WARMING_UP,0.0,0,70.412
1651,53.3928,,0,5.0,0.55,5,3,0,4.9678,0.3953,WARMING_UP,WARMING_UP,WARMING_UP,0.0,0,67.223
1652,53.408,,0,5.0,0.55,5,3,0,4.983,0.3974,WARMING_UP,WARMING_UP,WARMING_UP,0.0,0,67.079
1653,53.4261,,0,5.0,0.55,5,3,0,4.9897,0.4007,WARMING_UP,WARMING_UP,WARMING_UP,0.0,0,65.927
1654,53.4423,,0,5.0,0.55,5,3,0,4.9895,0.404,WARMING_UP,WARMING_UP,WARMING_UP,0.0,0,65.661
1655,53.4537,,0,5.0,0.55,5,3,0,4.99,0.4073,WARMING_UP,WARMING_UP,WARMING_UP,0.0,0,65.228
1656,53.4702,,0,5.0,0.55,5,3,0,4.9935,0.4106,WARMING_UP,WARMING_UP,WARMING_UP,0.0,0,64.192
1657,53.4886,,0,5.0,0.55,5,3,0,4.9898,0.4153,WARMING_UP,WARMING_UP,WARMING_UP,0.0,0,62.251
1658,53.5107,,0,5.0,0.55,5,3,0,4.9742,0.4186,WARMING_UP,WARMING_UP,WARMING_UP,0.0,0,63.462
1659,53.5242,,0,5.0,0.55,5,3,0,4.9877,0.4205,WARMING_UP,WARMING_UP,WARMING_UP,0.0,0,65.858
1660,53.5354,,0,5.0,0.55,5,3,0,4.999,0.4224,WARMING_UP,WARMING_UP,WARMING_UP,0.0,0,67.309
1661,53.5698,,0,5.0,0.55,5,3,0,4.9957,0.4272,WARMING_UP,WARMING_UP,WARMING_UP,0.0,0,63.302
1662,53.5883,,0,5.0,0.55,5,3,0,4.9912,0.4319,WARMING_UP,WARMING_UP,WARMING_UP,0.0,0,63.165
1663,53.601,,0,5.0,0.55,5,3,0,4.9918,0.4352,WARMING_UP,WARMING_UP,WARMING_UP,0.0,0,63.923
1664,53.6152,,0,5.0,0.55,5,3,0,4.995,0.4385,WARMING_UP,WARMING_UP,WARMING_UP,0.0,0,63.841
1665,53.6311,,0,5.0,0.55,5,3,0,4.9982,0.4419,WARMING_UP,WARMING_UP,WARMING_UP,0.0,0,63.545
1666,53.6473,,0,5.0,0.55,5,3,0,4.9881,0.4467,WARMING_UP,WARMING_UP,WARMING_UP,0.0,0,65.545
1667,53.6592,,0,5.0,0.55,5,3,0,5.0,0.4485,WARMING_UP,WARMING_UP,WARMING_UP,0.0,0,67.574
1668,53.671,,0,5.0,0.55,5,3,0,4.9819,0.4533,WARMING_UP,WARMING_UP,WARMING_UP,0.0,0,67.821
1669,53.6948,,0,5.0,0.55,5,3,0,4.9906,0.4567,WARMING_UP,WARMING_UP,WARMING_UP,0.0,0,64.966
1670,53.7108,,0,5.0,0.55,5,3,0,4.9733,0.46,WARMING_UP,WARMING_UP,WARMING_UP,0.0,0,65.658
1671,53.7248,,0,5.0,0.55,5,3,0,4.9873,0.4618,WARMING_UP,WARMING_UP,WARMING_UP,0.0,0,67.076
1672,53.7373,,0,5.0,0.55,5,3,0,4.9998,0.4636,WARMING_UP,WARMING_UP,WARMING_UP,0.0,0,65.661
1673,53.7868,,0,5.0,0.55,5,3,0,4.9863,0.4732,WARMING_UP,WARMING_UP,WARMING_UP,0.0,0,61.431
1674,53.7988,,0,5.0,0.55,5,3,0,4.9982,0.4749,WARMING_UP,WARMING_UP,WARMING_UP,0.0,0,62.665
1675,53.8125,,0,5.0,0.55,5,3,0,4.9952,0.4783,WARMING_UP,WARMING_UP,WARMING_UP,0.0,0,64.547
1676,53.8248,,0,5.0,0.55,5,3,0,4.9863,0.4816,WARMING_UP,WARMING_UP,WARMING_UP,0.0,0,66.421
1677,53.8369,,0,5.0,0.55,5,3,0,4.9984,0.4833,WARMING_UP,WARMING_UP,WARMING_UP,0.0,0,67.21
1678,53.85,,0,5.0,0.55,5,3,0,4.9942,0.4867,WARMING_UP,WARMING_UP,WARMING_UP,0.0,0,68.579
1679,53.8623,,0,5.0,0.55,5,3,0,4.9852,0.49,WARMING_UP,WARMING_UP,WARMING_UP,0.0,0,70.629
1680,53.8917,,0,5.0,0.55,5,3,0,4.9734,0.4933,WARMING_UP,WARMING_UP,WARMING_UP,0.0,0,66.692
1681,53.9058,,0,5.0,0.55,5,3,0,4.9875,0.495,WARMING_UP,WARMING_UP,WARMING_UP,0.0,0,68.421
1682,53.9174,,0,5.0,0.55,5,3,0,4.9992,0.4967,WARMING_UP,WARMING_UP,WARMING_UP,0.0,0,69.78
1683,53.9297,,0,5.0,0.55,5,3,0,4.9549,0.5,WARMING_UP,WARMING_UP,WARMING_UP,0.0,0,68.967
1684,53.946,,0,5.0,0.55,5,3,0,4.9713,0.5017,WARMING_UP,WARMING_UP,WARMING_UP,0.0,0,70.631
1685,53.9578,,0,5.0,0.55,5,3,0,4.983,0.5033,WARMING_UP,WARMING_UP,WARMING_UP,0.0,0,70.012
1686,53.9962,,0,5.0,0.55,5,3,0,4.9962,0.5066,WARMING_UP,WARMING_UP,WARMING_UP,0.0,0,65.786
1687,54.0098,,0,5.0,0.55,5,3,0,4.9908,0.5099,WARMING_UP,WARMING_UP,WARMING_UP,0.0,0,65.708
1688,54.0247,,0,5.0,0.55,5,3,0,4.9947,0.5132,WARMING_UP,WARMING_UP,WARMING_UP,0.0,0,67.455
1689,54.0365,,0,5.0,0.55,5,3,0,4.9951,0.5164,WARMING_UP,WARMING_UP,WARMING_UP,0.0,0,68.909
1690,54.0487,,0,5.0,0.55,5,3,0,4.9969,0.5197,WARMING_UP,WARMING_UP,WARMING_UP,0.0,0,70.014
1691,54.0613,,0,5.0,0.55,5,3,0,4.9963,0.523,WARMING_UP,WARMING_UP,WARMING_UP,0.0,0,71.752
1692,54.0729,,0,5.0,0.55,5,3,0,4.9962,0.5263,WARMING_UP,WARMING_UP,WARMING_UP,0.0,0,72.287
1693,54.0985,,0,5.0,0.55,5,3,0,4.989,0.5331,WARMING_UP,WARMING_UP,WARMING_UP,0.0,0,68.904
1694,54.1118,,0,5.0,0.55,5,3,0,4.9872,0.5364,WARMING_UP,WARMING_UP,WARMING_UP,0.0,0,70.226
1695,54.1238,,0,5.0,0.55,5,3,0,4.9992,0.538,WARMING_UP,WARMING_UP,WARMING_UP,0.0,0,72.214
1696,54.1356,,0,5.0,0.55,5,3,0,4.9886,0.543,WARMING_UP,WARMING_UP,WARMING_UP,0.0,0,72.733
1697,54.15,,0,5.0,0.55,5,3,0,4.991,0.5464,WARMING_UP,WARMING_UP,WARMING_UP,0.0,0,71.36
1698,54.1677,,0,5.0,0.55,5,3,0,4.9982,0.5497,WARMING_UP,WARMING_UP,WARMING_UP,0.0,0,70.712
1699,54.2072,,0,5.0,0.55,5,3,0,4.9923,0.5585,WARMING_UP,WARMING_UP,WARMING_UP,0.0,0,65.743
1700,54.2279,,0,5.0,0.55,5,3,0,4.9959,0.5619,WARMING_UP,WARMING_UP,WARMING_UP,0.0,0,65.108
1701,54.2448,,0,5.0,0.55,5,3,0,4.9762,0.5652,WARMING_UP,WARMING_UP,WARMING_UP,0.0,0,66.403
1702,54.2575,,0,5.0,0.55,5,3,0,4.9889,0.5667,WARMING_UP,WARMING_UP,WARMING_UP,0.0,0,68.527
1703,54.2689,,0,5.0,0.55,5,3,0,4.9894,0.57,WARMING_UP,WARMING_UP,WARMING_UP,0.0,0,69.918
1704,54.281,,0,5.0,0.55,5,3,0,4.9896,0.5733,WARMING_UP,WARMING_UP,WARMING_UP,0.0,0,70.37
1705,54.3042,,0,5.0,0.55,5,3,0,4.9996,0.5767,WARMING_UP,WARMING_UP,WARMING_UP,0.0,0,67.944
1706,54.3162,,0,5.0,0.55,5,3,0,4.9882,0.58,WARMING_UP,WARMING_UP,WARMING_UP,0.0,0,69.133
1707,54.3287,,0,5.0,0.55,5,3,0,4.9893,0.5833,WARMING_UP,WARMING_UP,WARMING_UP,0.0,0,70.22
1708,54.3412,,0,5.0,0.55,5,3,0,4.9833,0.5867,WARMING_UP,WARMING_UP,WARMING_UP,0.0,0,71.485
1709,54.3534,,0,5.0,0.55,5,3,0,4.9954,0.588,WARMING_UP,WARMING_UP,WARMING_UP,0.0,0,71.99
1710,54.3664,,0,5.0,0.55,5,3,0,4.9775,0.5914,WARMING_UP,WARMING_UP,WARMING_UP,0.0,0,73.334
1711,54.4013,,0,5.0,0.55,5,3,0,4.9945,0.5947,WARMING_UP,WARMING_UP,WARMING_UP,0.0,0,68.293
1712,54.4217,,0,5.0,0.55,5,3,0,4.994,0.6,leg_raise_lower,UNKNOWN,UNKNOWN,0.2633,1,62.651
1713,54.5062,,0,5.0,0.55,5,3,0,4.9933,0.6136,leg_raise_lower,UNKNOWN,UNKNOWN,0.2633,0,64.25
1714,54.5186,,0,5.0,0.55,5,3,0,4.9846,0.6169,leg_raise_lower,UNKNOWN,UNKNOWN,0.2633,0,66.232
1715,54.5304,,0,5.0,0.55,5,3,0,4.9963,0.6182,leg_raise_lower,UNKNOWN,UNKNOWN,0.2633,0,67.697
1716,54.543,,0,5.0,0.55,5,3,0,4.9655,0.6216,leg_raise_lower,UNKNOWN,UNKNOWN,0.2633,0,68.464
1717,54.5561,,0,5.0,0.55,5,3,0,4.9785,0.6229,leg_raise_lower,UNKNOWN,UNKNOWN,0.2633,0,68.236
1718,54.5712,,0,5.0,0.55,5,3,0,4.9936,0.6242,leg_raise_lower,UNKNOWN,UNKNOWN,0.2633,0,68.418
1719,54.5854,,0,5.0,0.55,5,3,0,4.99,0.6275,leg_raise_lower,UNKNOWN,UNKNOWN,0.2633,0,70.479
1720,54.5966,,0,5.0,0.55,5,3,0,4.9906,0.6309,leg_raise_lower,UNKNOWN,UNKNOWN,0.2633,0,72.186
1721,54.6081,,0,5.0,0.55,5,3,0,4.9877,0.6309,leg_raise_lower,UNKNOWN,UNKNOWN,0.2633,0,71.612
1722,54.6233,,0,5.0,0.55,5,3,0,4.9927,0.6342,leg_raise_lower,UNKNOWN,UNKNOWN,0.2633,0,72.365
1723,54.6358,,0,5.0,0.55,5,3,0,4.9925,0.6376,leg_raise_lower,UNKNOWN,UNKNOWN,0.2633,0,71.495
1724,54.6515,,0,5.0,0.55,5,3,0,4.9951,0.6409,leg_raise_lower,UNKNOWN,UNKNOWN,0.2633,0,72.705
1725,54.6634,,0,5.0,0.55,5,3,0,4.9921,0.6443,leg_raise_lower,UNKNOWN,UNKNOWN,0.2633,0,73.869
1726,54.6755,,0,5.0,0.55,5,3,0,4.9878,0.6477,leg_raise_lower,UNKNOWN,UNKNOWN,0.26,1,68.166
1727,54.7352,,0,5.0,0.55,5,3,0,4.9936,0.6554,leg_raise_lower,UNKNOWN,UNKNOWN,0.26,0,69.044
1728,54.7479,,0,5.0,0.55,5,3,0,4.9955,0.6588,leg_raise_lower,UNKNOWN,UNKNOWN,0.26,0,70.013
1729,54.7605,,0,5.0,0.55,5,3,0,4.9796,0.6622,leg_raise_lower,UNKNOWN,UNKNOWN,0.26,0,71.486
1730,54.7721,,0,5.0,0.55,5,3,0,4.9912,0.6633,leg_raise_lower,UNKNOWN,UNKNOWN,0.26,0,69.982
1731,54.7899,,0,5.0,0.55,5,3,0,4.9971,0.6667,leg_raise_lower,UNKNOWN,UNKNOWN,0.26,0,70.282
1732,54.8036,,0,5.0,0.55,5,3,0,4.9973,0.67,leg_raise_lower,UNKNOWN,UNKNOWN,0.26,0,70.61
1733,54.8172,,0,5.0,0.55,5,3,0,4.9842,0.6734,leg_raise_lower,UNKNOWN,UNKNOWN,0.26,0,70.592
1734,54.8314,,0,5.0,0.55,5,3,0,4.9984,0.6745,leg_raise_lower,UNKNOWN,UNKNOWN,0.26,0,71.359
1735,54.8444,,0,5.0,0.55,5,3,0,4.9955,0.6779,leg_raise_lower,UNKNOWN,UNKNOWN,0.26,0,72.845
1736,54.8557,,0,5.0,0.55,5,3,0,4.9894,0.6812,leg_raise_lower,UNKNOWN,UNKNOWN,0.26,0,73.886
1737,54.8677,,0,5.0,0.55,5,3,0,4.9877,0.6846,leg_raise_lower,UNKNOWN,UNKNOWN,0.26,0,74.21
1738,54.8808,,0,5.0,0.55,5,3,0,4.9889,0.6879,leg_raise_lower,UNKNOWN,UNKNOWN,0.26,0,75.505
1739,54.8922,,0,5.0,0.55,5,3,0,4.981,0.6913,leg_raise_lower,UNKNOWN,UNKNOWN,0.26,0,75.904
1740,54.9048,,0,5.0,0.55,5,3,0,4.9935,0.6923,leg_raise_lower,UNKNOWN,UNKNOWN,0.26,0,76.566
1741,54.9169,,0,5.0,0.55,5,3,0,4.9928,0.6957,leg_raise_lower,UNKNOWN,UNKNOWN,0.26,0,76.875
1742,54.9296,,0,5.0,0.55,5,3,0,4.9885,0.699,leg_raise_lower,UNKNOWN,UNKNOWN,0.25,1,71.079
1743,54.9827,,0,5.0,0.55,5,3,0,4.9835,0.7071,leg_raise_lower,UNKNOWN,UNKNOWN,0.25,0,71.854
1744,54.995,,0,5.0,0.55,5,3,0,4.9958,0.7081,leg_raise_lower,UNKNOWN,UNKNOWN,0.25,0,72.679
1745,55.0076,,0,5.0,0.55,5,3,0,4.9964,0.7114,leg_raise_lower,UNKNOWN,UNKNOWN,0.25,0,73.735
1746,55.0196,,0,5.0,0.55,5,3,0,4.9795,0.7148,leg_raise_lower,UNKNOWN,UNKNOWN,0.25,0,73.956
1747,55.0327,,0,5.0,0.55,5,3,0,4.9926,0.7157,leg_raise_lower,UNKNOWN,UNKNOWN,0.25,0,74.238
1748,55.0457,,0,5.0,0.55,5,3,0,4.9949,0.7191,leg_raise_lower,UNKNOWN,UNKNOWN,0.25,0,75.649
1749,55.0572,,0,5.0,0.55,5,3,0,4.9655,0.7224,leg_raise_lower,UNKNOWN,UNKNOWN,0.25,0,76.483
1750,55.0689,,0,5.0,0.55,5,3,0,4.9772,0.7233,leg_raise_lower,UNKNOWN,UNKNOWN,0.25,0,75.704
1751,55.0835,,0,5.0,0.55,5,3,0,4.9918,0.7243,leg_raise_lower,UNKNOWN,UNKNOWN,0.25,0,75.517
1752,55.097,,0,5.0,0.55,5,3,0,4.9861,0.7276,leg_raise_lower,UNKNOWN,UNKNOWN,0.25,0,76.387
1753,55.1092,,0,5.0,0.55,5,3,0,4.9982,0.7285,leg_raise_lower,UNKNOWN,UNKNOWN,0.25,0,76.41
1754,55.1221,,0,5.0,0.55,5,3,0,4.997,0.7318,leg_raise_lower,UNKNOWN,UNKNOWN,0.25,0,76.153
1755,55.1356,,0,5.0,0.55,5,3,0,4.9978,0.7351,leg_raise_lower,UNKNOWN,UNKNOWN,0.25,0,75.617
1756,55.1496,,0,5.0,0.55,5,3,0,4.9885,0.7409,leg_raise_lower,UNKNOWN,UNKNOWN,0.25,0,74.793
1757,55.1646,,0,5.0,0.55,5,3,0,4.9934,0.7442,leg_raise_lower,UNKNOWN,UNKNOWN,0.25,0,75.915
1758,55.1764,,0,5.0,0.55,5,3,0,4.9713,0.7475,leg_raise_lower,UNKNOWN,UNKNOWN,0.25,0,76.596
1759,55.1881,,0,5.0,0.55,5,3,0,4.983,0.7483,leg_raise_lower,UNKNOWN,UNKNOWN,0.2767,1,70.983
1760,55.2376,,0,5.0,0.55,5,3,0,4.9923,0.7567,leg_raise_lower,UNKNOWN,UNKNOWN,0.2767,0,70.979
1761,55.2511,,0,5.0,0.55,5,3,0,4.9888,0.76,leg_raise_lower,UNKNOWN,UNKNOWN,0.2767,0,71.384
1762,55.2647,,0,5.0,0.55,5,3,0,4.9914,0.7633,leg_raise_lower,UNKNOWN,UNKNOWN,0.2767,0,72.414
1763,55.2767,,0,5.0,0.55,5,3,0,4.98,0.7667,leg_raise_lower,UNKNOWN,UNKNOWN,0.2767,0,73.024
1764,55.2896,,0,5.0,0.55,5,3,0,4.9929,0.7674,leg_raise_lower,UNKNOWN,UNKNOWN,0.2767,0,72.608
1765,55.3041,,0,5.0,0.55,5,3,0,4.9962,0.7708,leg_raise_lower,UNKNOWN,UNKNOWN,0.2767,0,73.017
1766,55.3171,,0,5.0,0.55,5,3,0,4.9956,0.7741,leg_raise_lower,UNKNOWN,UNKNOWN,0.2767,0,74.131
1767,55.3288,,0,5.0,0.55,5,3,0,4.9939,0.7774,leg_raise_lower,UNKNOWN,UNKNOWN,0.2767,0,75.179
1768,55.3407,,0,5.0,0.55,5,3,0,4.9952,0.7807,leg_raise_lower,UNKNOWN,UNKNOWN,0.2767,0,75.869
1769,55.3529,,0,5.0,0.55,5,3,0,4.9937,0.7841,leg_raise_lower,UNKNOWN,UNKNOWN,0.2767,0,75.433
1770,55.3701,,0,5.0,0.55,5,3,0,4.9548,0.79,leg_raise_lower,UNKNOWN,UNKNOWN,0.2767,0,73.157
1771,55.3944,,0,5.0,0.55,5,3,0,4.9792,0.7907,leg_raise_lower,UNKNOWN,UNKNOWN,0.2767,0,70.695
1772,55.4374,,0,5.0,0.55,5,3,0,4.9993,0.7967,leg_raise_lower,UNKNOWN,UNKNOWN,0.2767,0,65.931
1773,55.4499,,0,5.0,0.55,5,3,0,4.9996,0.8,leg_raise_lower,UNKNOWN,UNKNOWN,0.2567,1,61.269
1774,55.502,,0,5.0,0.55,5,3,0,4.9899,0.8114,leg_raise_lower,UNKNOWN,UNKNOWN,0.2567,0,63.03
1775,55.5143,,0,5.0,0.55,5,3,0,4.9886,0.8148,leg_raise_lower,UNKNOWN,UNKNOWN,0.2567,0,65.521
1776,55.5258,,0,5.0,0.55,5,3,0,4.989,0.8182,leg_raise_lower,UNKNOWN,UNKNOWN,0.2567,0,64.629
1777,55.5434,,0,5.0,0.55,5,3,0,4.9942,0.8215,leg_raise_lower,UNKNOWN,UNKNOWN,0.2567,0,66.867
1778,55.5547,,0,5.0,0.55,5,3,0,4.9922,0.8249,leg_raise_lower,UNKNOWN,UNKNOWN,0.2567,0,66.504
1779,55.5706,,0,5.0,0.55,5,3,0,4.989,0.8283,leg_raise_lower,UNKNOWN,UNKNOWN,0.2567,0,66.8
1780,55.5851,,0,5.0,0.55,5,3,0,4.964,0.8316,leg_raise_lower,UNKNOWN,UNKNOWN,0.2567,0,67.868
1781,55.598,,0,5.0,0.55,5,3,0,4.9769,0.8322,leg_raise_lower,UNKNOWN,UNKNOWN,0.2567,0,69.707
1782,55.6095,,0,5.0,0.55,5,3,0,4.9884,0.8328,leg_raise_lower,UNKNOWN,UNKNOWN,0.2567,0,69.522
1783,55.6243,,0,5.0,0.55,5,3,0,4.9924,0.8361,leg_raise_lower,UNKNOWN,UNKNOWN,0.2567,0,71.264
1784,55.6357,,0,5.0,0.55,5,3,0,4.986,0.8395,leg_raise_lower,UNKNOWN,UNKNOWN,0.2567,0,71.705
1785,55.6491,,0,5.0,0.55,5,3,0,4.9994,0.84,leg_raise_lower,UNKNOWN,UNKNOWN,0.2567,0,70.914
1786,55.6648,,0,5.0,0.55,5,3,0,4.9899,0.8462,leg_raise_lower,UNKNOWN,UNKNOWN,0.2567,0,72.638
1787,55.6761,,0,5.0,0.55,5,3,0,4.9909,0.8495,leg_raise_lower,UNKNOWN,UNKNOWN,0.2567,0,74.11
1788,55.6873,,0,5.0,0.55,5,3,0,4.9838,0.8528,leg_raise_lower,UNKNOWN,UNKNOWN,0.2567,0,74.857
1789,55.6997,,0,5.0,0.55,5,3,0,4.9962,0.8533,leg_raise_lower,UNKNOWN,UNKNOWN,0.2567,0,76.081
1790,55.7114,,0,5.0,0.55,5,3,0,4.9936,0.8567,leg_raise_lower,UNKNOWN,UNKNOWN,0.24,1,70.164
1791,55.7707,,0,5.0,0.55,5,3,0,4.9819,0.8687,leg_raise_lower,UNKNOWN,UNKNOWN,0.24,0,69.921
1792,55.7852,,0,5.0,0.55,5,3,0,4.9964,0.8691,leg_raise_lower,UNKNOWN,UNKNOWN,0.24,0,70.241
1793,55.7988,,0,5.0,0.55,5,3,0,4.9925,0.8725,leg_raise_lower,UNKNOWN,UNKNOWN,0.24,0,72.011
1794,55.8102,,0,5.0,0.55,5,3,0,4.99,0.8758,leg_raise_lower,UNKNOWN,UNKNOWN,0.24,0,71.815
1795,55.8243,,0,5.0,0.55,5,3,0,4.9911,0.8792,leg_raise_lower,UNKNOWN,UNKNOWN,0.24,0,72.791
1796,55.8366,,0,5.0,0.55,5,3,0,4.9851,0.8826,leg_raise_lower,UNKNOWN,UNKNOWN,0.24,0,73.316
1797,55.8495,,0,5.0,0.55,5,3,0,4.9979,0.8829,leg_raise_lower,UNKNOWN,UNKNOWN,0.24,0,72.987
1798,55.8753,,0,5.0,0.55,5,3,0,4.9883,0.8893,leg_raise_lower,UNKNOWN,UNKNOWN,0.24,0,69.911
1799,55.8875,,0,5.0,0.55,5,3,0,4.988,0.8926,leg_raise_lower,UNKNOWN,UNKNOWN,0.24,0,70.603
1800,55.9004,,0,5.0,0.55,5,3,0,4.9826,0.896,leg_raise_lower,UNKNOWN,UNKNOWN,0.24,0,71.585
1801,55.913,,0,5.0,0.55,5,3,0,4.9952,0.8963,leg_raise_lower,UNKNOWN,UNKNOWN,0.24,0,69.268
1802,55.9336,,0,5.0,0.55,5,3,0,4.99,0.8997,leg_raise_lower,UNKNOWN,UNKNOWN,0.24,0,70.871
1803,55.9453,,0,5.0,0.55,5,3,0,4.9905,0.903,leg_raise_lower,UNKNOWN,UNKNOWN,0.24,0,72.413
1804,55.9569,,0,5.0,0.55,5,3,0,4.9845,0.9064,leg_raise_lower,UNKNOWN,UNKNOWN,0.24,0,73.389
1805,55.9738,,0,5.0,0.55,5,3,0,4.9804,0.9097,leg_raise_lower,UNKNOWN,UNKNOWN,0.2533,1,67.83
1806,56.0256,,0,5.0,0.55,5,3,0,4.9879,0.9192,leg_raise_lower,UNKNOWN,UNKNOWN,0.2533,0,69.026
1807,56.0377,,0,5.0,0.55,5,3,0,4.9841,0.9226,leg_raise_lower,UNKNOWN,UNKNOWN,0.2533,0,67.628
1808,56.0559,,0,5.0,0.55,5,3,0,4.9834,0.9259,leg_raise_lower,UNKNOWN,UNKNOWN,0.2533,0,69.432
1809,56.0676,,0,5.0,0.55,5,3,0,4.9951,0.9262,leg_raise_lower,UNKNOWN,UNKNOWN,0.2533,0,71.085
1810,56.0791,,0,5.0,0.55,5,3,0,4.9885,0.9295,leg_raise_lower,UNKNOWN,UNKNOWN,0.2533,0,71.987
1811,56.0917,,0,5.0,0.55,5,3,0,4.9875,0.9329,leg_raise_lower,UNKNOWN,UNKNOWN,0.2533,0,73.387
1812,56.1033,,0,5.0,0.55,5,3,0,4.9992,0.9331,leg_raise_lower,UNKNOWN,UNKNOWN,0.2533,0,73.985
1813,56.1159,,0,5.0,0.55,5,3,0,4.9806,0.9396,leg_raise_lower,UNKNOWN,UNKNOWN,0.2533,0,75.196
1814,56.1276,,0,5.0,0.55,5,3,0,4.9923,0.9398,leg_raise_lower,UNKNOWN,UNKNOWN,0.2533,0,75.458
1815,56.1404,,0,5.0,0.55,5,3,0,4.9901,0.9431,leg_raise_lower,UNKNOWN,UNKNOWN,0.2533,0,76.437
1816,56.1521,,0,5.0,0.55,5,3,0,4.9743,0.9465,leg_raise_lower,UNKNOWN,UNKNOWN,0.2533,0,76.989
1817,56.1643,,0,5.0,0.55,5,3,0,4.9865,0.9467,leg_raise_lower,UNKNOWN,UNKNOWN,0.2533,0,78.142
1818,56.1866,,0,5.0,0.55,5,3,0,4.9979,0.95,leg_raise_lower,UNKNOWN,UNKNOWN,0.2533,0,74.495
1819,56.1999,,0,5.0,0.55,5,3,0,4.997,0.9533,leg_raise_lower,UNKNOWN,UNKNOWN,0.2533,0,75.545
1820,56.2113,,0,5.0,0.55,5,3,0,4.9773,0.9567,leg_raise_lower,UNKNOWN,UNKNOWN,0.2533,0,75.842
1821,56.2242,,0,5.0,0.55,5,3,0,4.9901,0.9568,leg_raise_lower,UNKNOWN,UNKNOWN,0.26,1,69.998
1822,56.2819,,0,5.0,0.55,5,3,0,4.9116,0.9666,leg_raise_lower,UNKNOWN,UNKNOWN,0.26,0,70.669
1823,56.2947,,0,5.0,0.55,5,3,0,4.9244,0.9667,leg_raise_lower,UNKNOWN,UNKNOWN,0.26,0,72.126
1824,56.3065,,0,5.0,0.55,5,3,0,4.9362,0.9668,leg_raise_lower,UNKNOWN,UNKNOWN,0.26,0,72.645
1825,56.3193,,0,5.0,0.55,5,3,0,4.949,0.9669,leg_raise_lower,UNKNOWN,UNKNOWN,0.26,0,72.988
1826,56.3325,,0,5.0,0.55,5,3,0,4.9622,0.967,leg_raise_lower,UNKNOWN,UNKNOWN,0.26,0,74.342
1827,56.344,,0,5.0,0.55,5,3,0,4.9736,0.9671,leg_raise_lower,UNKNOWN,UNKNOWN,0.26,0,75.76
1828,56.3552,,0,5.0,0.55,5,3,0,4.9849,0.9672,leg_raise_lower,UNKNOWN,UNKNOWN,0.26,0,76.465
1829,56.3674,,0,5.0,0.55,5,3,0,4.997,0.9673,leg_raise_lower,UNKNOWN,UNKNOWN,0.26,0,76.463
1830,56.3805,,0,5.0,0.55,5,3,0,4.9952,0.9706,leg_raise_lower,UNKNOWN,UNKNOWN,0.26,0,77.542
1831,56.4039,,0,5.0,0.55,5,3,0,4.9898,0.977,leg_raise_lower,UNKNOWN,UNKNOWN,0.26,0,72.895
1832,56.4243,,0,5.0,0.55,5,3,0,4.9962,0.9803,leg_raise_lower,UNKNOWN,UNKNOWN,0.26,0,70.709
1833,56.444,,0,5.0,0.55,5,3,0,4.9883,0.9868,leg_raise_lower,UNKNOWN,UNKNOWN,0.26,0,72.075
1834,56.4578,,0,5.0,0.55,5,3,0,4.9913,0.9901,leg_raise_lower,UNKNOWN,UNKNOWN,0.26,0,71.042
1835,56.4719,,0,5.0,0.55,5,3,0,4.9915,0.9934,leg_raise_lower,UNKNOWN,UNKNOWN,0.26,0,72.122
1836,56.4839,,0,5.0,0.55,5,3,0,4.9929,0.9967,leg_raise_lower,UNKNOWN,UNKNOWN,0.2367,1,66.941
1837,56.5337,,0,5.0,0.55,5,3,0,4.997,1.0,leg_raise_lower,UNKNOWN,UNKNOWN,0.2367,0,67.564
1838,56.5469,,0,5.0,0.55,5,3,0,4.9971,1.0,leg_raise_lower,UNKNOWN,UNKNOWN,0.2367,0,69.266
1839,56.5585,,0,5.0,0.55,5,3,0,4.9947,1.0,leg_raise_lower,UNKNOWN,UNKNOWN,0.2367,0,70.934
1840,56.5703,,0,5.0,0.55,5,3,0,4.9941,1.0,leg_raise_lower,UNKNOWN,UNKNOWN,0.2367,0,69.188
1841,56.5891,,0,5.0,0.55,5,3,0,4.99,1.0,leg_raise_lower,UNKNOWN,UNKNOWN,0.2367,0,67.941
1842,56.6068,,0,5.0,0.55,5,3,0,4.9942,1.0,leg_raise_lower,UNKNOWN,UNKNOWN,0.2367,0,68.598
1843,56.6201,,0,5.0,0.55,5,3,0,4.9923,1.0,leg_raise_lower,UNKNOWN,UNKNOWN,0.2367,0,69.735
1844,56.6326,,0,5.0,0.55,5,3,0,4.9936,1.0,leg_raise_lower,UNKNOWN,UNKNOWN,0.2367,0,71.46
1845,56.6443,,0,5.0,0.55,5,3,0,4.994,1.0,leg_raise_lower,UNKNOWN,UNKNOWN,0.2367,0,72.855
1846,56.6558,,0,5.0,0.55,5,3,0,4.9907,1.0,leg_raise_lower,UNKNOWN,UNKNOWN,0.2367,0,73.539
1847,56.6683,,0,5.0,0.55,5,3,0,4.9903,1.0,leg_raise_lower,UNKNOWN,UNKNOWN,0.2367,0,73.216
1848,56.6825,,0,5.0,0.55,5,3,0,4.9929,1.0,leg_raise_lower,UNKNOWN,UNKNOWN,0.2367,0,74.669
1849,56.694,,0,5.0,0.55,5,3,0,4.9929,1.0,leg_raise_lower,UNKNOWN,UNKNOWN,0.2367,0,75.874
1850,56.7102,,0,5.0,0.55,5,3,0,4.9953,1.0,leg_raise_lower,UNKNOWN,UNKNOWN,0.2367,0,74.308
1851,56.7222,,0,5.0,0.55,5,3,0,4.9929,1.0,leg_raise_lower,UNKNOWN,UNKNOWN,0.2367,0,72.2
1852,56.741,,0,5.0,0.55,5,3,0,4.9882,1.0,leg_raise_lower,UNKNOWN,UNKNOWN,0.2033,1,66.681
1853,56.8002,,0,5.0,0.55,5,3,0,4.983,1.0,leg_raise_lower,UNKNOWN,UNKNOWN,0.2033,0,64.849
1854,56.8204,,0,5.0,0.55,5,3,0,4.9793,1.0,leg_raise_lower,UNKNOWN,UNKNOWN,0.2033,0,66.323
1855,56.8329,,0,5.0,0.55,5,3,0,4.9918,1.0,leg_raise_lower,UNKNOWN,UNKNOWN,0.2033,0,68.2
1856,56.845,,0,5.0,0.55,5,3,0,4.9922,1.0,leg_raise_lower,UNKNOWN,UNKNOWN,0.2033,0,68.898
1857,56.858,,0,5.0,0.55,5,3,0,4.9894,1.0,leg_raise_lower,UNKNOWN,UNKNOWN,0.2033,0,69.482
1858,56.8713,,0,5.0,0.55,5,3,0,4.9907,1.0,leg_raise_lower,UNKNOWN,UNKNOWN,0.2033,0,70.114
1859,56.8845,,0,5.0,0.55,5,3,0,4.9751,1.0,leg_raise_lower,UNKNOWN,UNKNOWN,0.2033,0,71.294
1860,56.8967,,0,5.0,0.55,5,3,0,4.9873,1.0,leg_raise_lower,UNKNOWN,UNKNOWN,0.2033,0,73.224
1861,56.9077,,0,5.0,0.55,5,3,0,4.9983,1.0,leg_raise_lower,UNKNOWN,UNKNOWN,0.2033,0,74.046
1862,56.92,,0,5.0,0.55,5,3,0,4.9787,1.0,leg_raise_lower,UNKNOWN,UNKNOWN,0.2033,0,74.089
1863,56.9335,,0,5.0,0.55,5,3,0,4.9921,1.0,leg_raise_lower,UNKNOWN,UNKNOWN,0.2033,0,74.941
1864,56.9456,,0,5.0,0.55,5,3,0,4.9896,1.0,leg_raise_lower,UNKNOWN,UNKNOWN,0.2033,0,72.43
1865,56.9656,,0,5.0,0.55,5,3,0,4.9976,1.0,leg_raise_lower,UNKNOWN,UNKNOWN,0.2033,0,73.803
1866,56.9808,,0,5.0,0.55,5,3,0,4.9985,1.0,leg_raise_lower,UNKNOWN,UNKNOWN,0.2033,0,72.463
1867,56.9939,,0,5.0,0.55,5,3,0,4.9852,1.0,leg_raise_lower,UNKNOWN,UNKNOWN,0.2267,1,66.858
1868,57.0552,,0,5.0,0.55,5,3,0,4.9837,1.0,leg_raise_lower,UNKNOWN,UNKNOWN,0.2267,0,67.449
1869,57.0685,,0,5.0,0.55,5,3,0,4.997,1.0,leg_raise_lower,UNKNOWN,UNKNOWN,0.2267,0,69.382
1870,57.08,,0,5.0,0.55,5,3,0,4.9757,1.0,leg_raise_lower,UNKNOWN,UNKNOWN,0.2267,0,71.215
1871,57.0913,,0,5.0,0.55,5,3,0,4.987,1.0,leg_raise_lower,UNKNOWN,UNKNOWN,0.2267,0,72.32
1872,57.1035,,0,5.0,0.55,5,3,0,4.9992,1.0,leg_raise_lower,UNKNOWN,UNKNOWN,0.2267,0,72.793
1873,57.1166,,0,5.0,0.55,5,3,0,4.9978,1.0,leg_raise_lower,UNKNOWN,UNKNOWN,0.2267,0,74.27
1874,57.1283,,0,5.0,0.55,5,3,0,4.9969,1.0,leg_raise_lower,UNKNOWN,UNKNOWN,0.2267,0,74.725
1875,57.1407,,0,5.0,0.55,5,3,0,4.9938,1.0,leg_raise_lower,UNKNOWN,UNKNOWN,0.2267,0,73.594
1876,57.1565,,0,5.0,0.55,5,3,0,4.9954,1.0,leg_raise_lower,UNKNOWN,UNKNOWN,0.2267,0,74.037
1877,57.1693,,0,5.0,0.55,5,3,0,4.9968,1.0,leg_raise_lower,UNKNOWN,UNKNOWN,0.2267,0,73.048
1878,57.1849,,0,5.0,0.55,5,3,0,4.9788,1.0,leg_raise_lower,UNKNOWN,UNKNOWN,0.2267,0,72.393
1879,57.1999,,0,5.0,0.55,5,3,0,4.9938,1.0,leg_raise_lower,UNKNOWN,UNKNOWN,0.2267,0,73.611
1880,57.2118,,0,5.0,0.55,5,3,0,4.9938,1.0,leg_raise_lower,UNKNOWN,UNKNOWN,0.2267,0,74.892
1881,57.2231,,0,5.0,0.55,5,3,0,4.9922,1.0,leg_raise_lower,UNKNOWN,UNKNOWN,0.2267,0,75.464
1882,57.2395,,0,5.0,0.55,5,3,0,4.995,1.0,leg_raise_lower,UNKNOWN,UNKNOWN,0.2267,0,73.852
1883,57.2525,,0,5.0,0.55,5,3,0,4.9971,1.0,leg_raise_lower,UNKNOWN,UNKNOWN,0.2467,1,68.351
1884,57.3061,,0,5.0,0.55,5,3,0,4.9865,1.0,leg_raise_lower,UNKNOWN,UNKNOWN,0.2467,0,68.693
1885,57.3196,,0,5.0,0.55,5,3,0,5.0,1.0,leg_raise_lower,UNKNOWN,UNKNOWN,0.2467,0,69.88
1886,57.3322,,0,5.0,0.55,5,3,0,4.9863,1.0,leg_raise_lower,UNKNOWN,UNKNOWN,0.2467,0,71.284
1887,57.3439,,0,5.0,0.55,5,3,0,4.9981,1.0,leg_raise_lower,UNKNOWN,UNKNOWN,0.2467,0,72.441
1888,57.3559,,0,5.0,0.55,5,3,0,4.9973,1.0,leg_raise_lower,UNKNOWN,UNKNOWN,0.2467,0,72.655
1889,57.3693,,0,5.0,0.55,5,3,0,4.9992,1.0,leg_raise_lower,UNKNOWN,UNKNOWN,0.2467,0,71.628
1890,57.3854,,0,5.0,0.55,5,3,0,4.9611,1.0,leg_raise_lower,UNKNOWN,UNKNOWN,0.2467,0,72.242
1891,57.3984,,0,5.0,0.55,5,3,0,4.9741,1.0,leg_raise_lower,UNKNOWN,UNKNOWN,0.2467,0,73.655
1892,57.4097,,0,5.0,0.55,5,3,0,4.9853,1.0,leg_raise_lower,UNKNOWN,UNKNOWN,0.2467,0,73.879
1893,57.423,,0,5.0,0.55,5,3,0,4.9986,1.0,leg_raise_lower,UNKNOWN,UNKNOWN,0.2467,0,74.599
1894,57.4397,,0,5.0,0.55,5,3,0,4.992,1.0,leg_raise_lower,UNKNOWN,UNKNOWN,0.2467,0,73.039
1895,57.4584,,0,5.0,0.55,5,3,0,4.9987,1.0,leg_raise_lower,UNKNOWN,UNKNOWN,0.2467,0,71.09
1896,57.471,,0,5.0,0.55,5,3,0,4.9848,1.0,leg_raise_lower,UNKNOWN,UNKNOWN,0.2467,0,71.31
1897,57.4845,,0,5.0,0.55,5,3,0,4.9983,1.0,leg_raise_lower,UNKNOWN,UNKNOWN,0.2467,0,72.048
1898,57.5037,,0,5.0,0.55,5,3,0,4.9726,1.0,leg_raise_lower,UNKNOWN,UNKNOWN,0.2433,1,66.333
1899,57.5644,,0,5.0,0.55,5,3,0,4.9917,1.0,leg_raise_lower,UNKNOWN,UNKNOWN,0.2433,0,68.048
1900,57.5765,,0,5.0,0.55,5,3,0,4.9912,1.0,leg_raise_lower,UNKNOWN,UNKNOWN,0.2433,0,69.39
1901,57.5887,,0,5.0,0.55,5,3,0,4.9896,1.0,leg_raise_lower,UNKNOWN,UNKNOWN,0.2433,0,70.64
1902,57.6009,,0,5.0,0.55,5,3,0,4.9713,1.0,leg_raise_lower,UNKNOWN,UNKNOWN,0.2433,0,71.353
1903,57.6137,,0,5.0,0.55,5,3,0,4.984,1.0,leg_raise_lower,UNKNOWN,UNKNOWN,0.2433,0,72.4
1904,57.626,,0,5.0,0.55,5,3,0,4.9964,1.0,leg_raise_lower,UNKNOWN,UNKNOWN,0.2433,0,73.461
1905,57.6379,,0,5.0,0.55,5,3,0,4.9924,1.0,leg_raise_lower,UNKNOWN,UNKNOWN,0.2433,0,74.448
1906,57.65,,0,5.0,0.55,5,3,0,4.9914,1.0,leg_raise_lower,UNKNOWN,UNKNOWN,0.2433,0,74.12
1907,57.6881,,0,5.0,0.55,5,3,0,4.9812,1.0,leg_raise_lower,UNKNOWN,UNKNOWN,0.2433,0,69.251
1908,57.7034,,0,5.0,0.55,5,3,0,4.9965,1.0,leg_raise_lower,UNKNOWN,UNKNOWN,0.2433,0,69.351
1909,57.7176,,0,5.0,0.55,5,3,0,4.9927,1.0,leg_raise_lower,UNKNOWN,UNKNOWN,0.2433,0,71.106
1910,57.7291,,0,5.0,0.55,5,3,0,4.9804,1.0,leg_raise_lower,UNKNOWN,UNKNOWN,0.2433,0,69.834
1911,57.7463,,0,5.0,0.55,5,3,0,4.9976,1.0,leg_raise_lower,UNKNOWN,UNKNOWN,0.2433,0,71.174
1912,57.7582,,0,5.0,0.55,5,3,0,4.996,1.0,leg_raise_lower,UNKNOWN,UNKNOWN,0.2567,1,66.057
1913,57.8088,,0,5.0,0.55,5,3,0,4.9927,1.0,leg_raise_lower,UNKNOWN,UNKNOWN,0.2567,0,65.291
1914,57.8254,,0,5.0,0.55,5,3,0,4.9943,1.0,leg_raise_lower,UNKNOWN,UNKNOWN,0.2567,0,67.255
1915,57.8373,,0,5.0,0.55,5,3,0,4.9877,1.0,leg_raise_lower,UNKNOWN,UNKNOWN,0.2567,0,68.232
1916,57.8502,,0,5.0,0.55,5,3,0,4.9838,1.0,leg_raise_lower,UNKNOWN,UNKNOWN,0.2567,0,68.381
1917,57.8646,,0,5.0,0.55,5,3,0,4.9982,1.0,leg_raise_lower,UNKNOWN,UNKNOWN,0.2567,0,69.815
1918,57.8766,,0,5.0,0.55,5,3,0,4.9967,1.0,leg_raise_lower,UNKNOWN,UNKNOWN,0.2567,0,70.738
1919,57.8891,,0,5.0,0.55,5,3,0,4.9884,1.0,leg_raise_lower,UNKNOWN,UNKNOWN,0.2567,0,70.606
1920,57.9036,,0,5.0,0.55,5,3,0,4.9894,1.0,leg_raise_lower,UNKNOWN,UNKNOWN,0.2567,0,71.743
1921,57.9158,,0,5.0,0.55,5,3,0,4.9856,1.0,leg_raise_lower,UNKNOWN,UNKNOWN,0.2567,0,72.815
1922,57.9279,,0,5.0,0.55,5,3,0,4.9977,1.0,leg_raise_lower,UNKNOWN,UNKNOWN,0.2567,0,73.893
1923,57.9399,,0,5.0,0.55,5,3,0,4.9914,1.0,leg_raise_lower,UNKNOWN,UNKNOWN,0.2567,0,73.605
1924,57.9539,,0,5.0,0.55,5,3,0,4.9862,1.0,leg_raise_lower,UNKNOWN,UNKNOWN,0.2567,0,74.912
1925,57.9656,,0,5.0,0.55,5,3,0,4.9979,1.0,leg_raise_lower,UNKNOWN,UNKNOWN,0.2567,0,76.007
1926,57.9771,,0,5.0,0.55,5,3,0,4.9823,0.9967,leg_raise_lower,UNKNOWN,UNKNOWN,0.2567,0,77.467
1927,58.0055,,0,5.0,0.55,5,3,0,4.9906,0.9967,leg_raise_lower,UNKNOWN,UNKNOWN,0.2567,0,73.032
1928,58.0184,,0,5.0,0.55,5,3,0,4.9841,0.9967,leg_raise_lower,UNKNOWN,UNKNOWN,0.2833,1,67.795
1929,58.0672,,0,5.0,0.55,5,3,0,4.9898,0.9966,leg_raise_lower,UNKNOWN,UNKNOWN,0.2833,0,68.755
1930,58.0798,,0,5.0,0.55,5,3,0,4.9893,0.9966,leg_raise_lower,UNKNOWN,UNKNOWN,0.2833,0,70.526
1931,58.0912,,0,5.0,0.55,5,3,0,4.9864,0.9966,leg_raise_lower,UNKNOWN,UNKNOWN,0.2833,0,70.668
1932,58.1052,,0,5.0,0.55,5,3,0,4.9886,0.9966,leg_raise_lower,UNKNOWN,UNKNOWN,0.2833,0,71.266
1933,58.1183,,0,5.0,0.55,5,3,0,4.9733,0.9966,leg_raise_lower,UNKNOWN,UNKNOWN,0.2833,0,71.546
1934,58.1318,,0,5.0,0.55,5,3,0,4.9868,0.9967,leg_raise_lower,UNKNOWN,UNKNOWN,0.2833,0,72.51
1935,58.1441,,0,5.0,0.55,5,3,0,4.9991,0.9967,leg_raise_lower,UNKNOWN,UNKNOWN,0.2833,0,74.006
1936,58.1554,,0,5.0,0.55,5,3,0,4.9986,0.9967,leg_raise_lower,UNKNOWN,UNKNOWN,0.2833,0,74.776
1937,58.1677,,0,5.0,0.55,5,3,0,4.9906,0.9967,leg_raise_lower,UNKNOWN,UNKNOWN,0.2833,0,76.171
1938,58.2049,,0,5.0,0.55,5,3,0,4.9827,0.9966,leg_raise_lower,UNKNOWN,UNKNOWN,0.2833,0,71.109
1939,58.2183,,0,5.0,0.55,5,3,0,4.9961,0.9967,leg_raise_lower,UNKNOWN,UNKNOWN,0.2833,0,72.568
1940,58.2299,,0,5.0,0.55,5,3,0,4.9933,0.9967,leg_raise_lower,UNKNOWN,UNKNOWN,0.2833,0,72.978
1941,58.243,,0,5.0,0.55,5,3,0,4.9945,0.9967,leg_raise_lower,UNKNOWN,UNKNOWN,0.2833,0,74.273
1942,58.2546,,0,5.0,0.55,5,3,0,4.9646,0.9967,leg_raise_lower,UNKNOWN,UNKNOWN,0.2833,0,74.282
1943,58.268,,0,5.0,0.55,5,3,0,4.978,0.9967,leg_raise_lower,UNKNOWN,UNKNOWN,0.2833,0,74.661
1944,58.2809,,0,5.0,0.55,5,3,0,4.9909,0.9967,leg_raise_lower,UNKNOWN,UNKNOWN,0.2867,1,69.234
1945,58.3303,,0,5.0,0.55,5,3,0,4.9889,0.9966,leg_raise_lower,UNKNOWN,UNKNOWN,0.2867,0,68.698
1946,58.3455,,0,5.0,0.55,5,3,0,4.9922,0.9966,leg_raise_lower,UNKNOWN,UNKNOWN,0.2867,0,70.093
1947,58.3576,,0,5.0,0.55,5,3,0,4.9901,0.9966,leg_raise_lower,UNKNOWN,UNKNOWN,0.2867,0,71.387
1948,58.3696,,0,5.0,0.55,5,3,0,4.9768,0.9966,leg_raise_lower,UNKNOWN,UNKNOWN,0.2867,0,70.591
1949,58.3855,,0,5.0,0.55,5,3,0,4.9927,0.9967,leg_raise_lower,UNKNOWN,UNKNOWN,0.2867,0,71.782
1950,58.3975,,0,5.0,0.55,5,3,0,4.9895,0.9967,leg_raise_lower,UNKNOWN,UNKNOWN,0.2867,0,72.409
1951,58.4103,,0,5.0,0.55,5,3,0,4.9841,0.9967,leg_raise_lower,UNKNOWN,UNKNOWN,0.2867,0,72.212
1952,58.4245,,0,5.0,0.55,5,3,0,4.9983,0.9967,leg_raise_lower,UNKNOWN,UNKNOWN,0.2867,0,73.488
1953,58.4362,,0,5.0,0.55,5,3,0,4.9939,0.9967,leg_raise_lower,UNKNOWN,UNKNOWN,0.2867,0,74.678
1954,58.448,,0,5.0,0.55,5,3,0,4.9942,0.9967,leg_raise_lower,UNKNOWN,UNKNOWN,0.2867,0,74.123
1955,58.4626,,0,5.0,0.55,5,3,0,4.9924,0.9967,leg_raise_lower,UNKNOWN,UNKNOWN,0.2867,0,74.572
1956,58.5005,,0,5.0,0.55,5,3,0,4.9898,0.9967,leg_raise_lower,UNKNOWN,UNKNOWN,0.2867,0,69.806
1957,58.5126,,0,5.0,0.55,5,3,0,4.9884,0.9967,leg_raise_lower,UNKNOWN,UNKNOWN,0.2867,0,69.094
1958,58.5283,,0,5.0,0.55,5,3,0,4.9929,0.9967,leg_raise_lower,UNKNOWN,UNKNOWN,0.2867,0,70.237
1959,58.5408,,0,5.0,0.55,5,3,0,4.9709,0.9967,leg_raise_lower,UNKNOWN,UNKNOWN,0.27,1,65.24
1960,58.5904,,0,5.0,0.55,5,3,0,4.9895,0.9966,leg_raise_lower,UNKNOWN,UNKNOWN,0.27,0,64.559
1961,58.6073,,0,5.0,0.55,5,3,0,4.9921,0.9966,leg_raise_lower,UNKNOWN,UNKNOWN,0.27,0,63.238
1962,58.6266,,0,5.0,0.55,5,3,0,4.9955,0.9966,leg_raise_lower,UNKNOWN,UNKNOWN,0.27,0,62.911
1963,58.6434,,0,5.0,0.55,5,3,0,4.9961,0.9966,leg_raise_lower,UNKNOWN,UNKNOWN,0.27,0,64.348
1964,58.6563,,0,5.0,0.55,5,3,0,4.9971,0.9966,leg_raise_lower,UNKNOWN,UNKNOWN,0.27,0,65.588
1965,58.6693,,0,5.0,0.55,5,3,0,4.9983,0.9966,leg_raise_lower,UNKNOWN,UNKNOWN,0.27,0,65.76
1966,58.6841,,0,5.0,0.55,5,3,0,4.9893,0.9966,leg_raise_lower,UNKNOWN,UNKNOWN,0.27,0,68.039
1967,58.6954,,0,5.0,0.55,5,3,0,4.9846,0.9966,leg_raise_lower,UNKNOWN,UNKNOWN,0.27,0,69.836
1968,58.707,,0,5.0,0.55,5,3,0,4.9962,0.9967,leg_raise_lower,UNKNOWN,UNKNOWN,0.27,0,70.655
1969,58.7198,,0,5.0,0.55,5,3,0,4.995,0.9967,leg_raise_lower,UNKNOWN,UNKNOWN,0.27,0,71.295
1970,58.7329,,0,5.0,0.55,5,3,0,4.9956,0.9967,leg_raise_lower,UNKNOWN,UNKNOWN,0.27,0,72.793
1971,58.7444,,0,5.0,0.55,5,3,0,4.9576,0.9967,leg_raise_lower,UNKNOWN,UNKNOWN,0.27,0,73.611
1972,58.7567,,0,5.0,0.55,5,3,0,4.9699,0.9967,leg_raise_lower,UNKNOWN,UNKNOWN,0.27,0,74.552
1973,58.7689,,0,5.0,0.55,5,3,0,4.9821,0.9967,leg_raise_lower,UNKNOWN,UNKNOWN,0.27,0,73.596
1974,58.7843,,0,5.0,0.55,5,3,0,4.9975,0.9967,leg_raise_lower,UNKNOWN,UNKNOWN,0.27,0,75.049
1975,58.7956,,0,5.0,0.55,5,3,0,4.9968,0.9967,leg_raise_lower,UNKNOWN,UNKNOWN,0.24,1,69.541
1976,58.8463,,0,5.0,0.55,5,3,0,4.9963,0.9967,leg_raise_lower,UNKNOWN,UNKNOWN,0.24,0,69.495
1977,58.8604,,0,5.0,0.55,5,3,0,4.998,0.9967,leg_raise_lower,UNKNOWN,UNKNOWN,0.24,0,71.05
1978,58.8718,,0,5.0,0.55,5,3,0,4.9801,0.9967,leg_raise_lower,UNKNOWN,UNKNOWN,0.24,0,72.08
1979,58.8841,,0,5.0,0.55,5,3,0,4.9924,0.9967,leg_raise_lower,UNKNOWN,UNKNOWN,0.24,0,73.562
1980,58.8956,,0,5.0,0.55,5,3,0,4.9898,0.9967,leg_raise_lower,UNKNOWN,UNKNOWN,0.24,0,75.004
1981,58.91,,0,5.0,0.55,5,3,0,4.9925,0.9967,leg_raise_lower,UNKNOWN,UNKNOWN,0.24,0,73.871
1982,58.9228,,0,5.0,0.55,5,3,0,4.9931,0.9967,leg_raise_lower,UNKNOWN,UNKNOWN,0.24,0,72.136
1983,58.9405,,0,5.0,0.55,5,3,0,4.9944,0.9967,leg_raise_lower,UNKNOWN,UNKNOWN,0.24,0,73.552
1984,58.952,,0,5.0,0.55,5,3,0,4.9942,0.9967,leg_raise_lower,UNKNOWN,UNKNOWN,0.24,0,74.677
1985,58.9638,,0,5.0,0.55,5,3,0,4.9676,0.9967,leg_raise_lower,UNKNOWN,UNKNOWN,0.24,0,75.539
1986,58.9759,,0,5.0,0.55,5,3,0,4.9796,0.9967,leg_raise_lower,UNKNOWN,UNKNOWN,0.24,0,76.498
1987,59.0013,,0,5.0,0.55,5,3,0,4.9915,0.9967,leg_raise_lower,UNKNOWN,UNKNOWN,0.24,0,72.69
1988,59.0175,,0,5.0,0.55,5,3,0,4.9928,0.9967,leg_raise_lower,UNKNOWN,UNKNOWN,0.24,0,71.885
1989,59.0333,,0,5.0,0.55,5,3,0,4.9968,0.9967,leg_raise_lower,UNKNOWN,UNKNOWN,0.24,0,70.96
1990,59.045,,0,5.0,0.55,5,3,0,4.9963,0.9967,leg_raise_lower,UNKNOWN,UNKNOWN,0.24,0,71.115
1991,59.0589,,0,5.0,0.55,5,3,0,4.9976,0.9967,leg_raise_lower,UNKNOWN,UNKNOWN,0.2333,1,65.993
1992,59.1095,,0,5.0,0.55,5,3,0,4.9977,0.9967,leg_raise_lower,UNKNOWN,UNKNOWN,0.2333,0,66.136
1993,59.124,,0,5.0,0.55,5,3,0,4.9884,0.9966,leg_raise_lower,UNKNOWN,UNKNOWN,0.2333,0,67.652
1994,59.1363,,0,5.0,0.55,5,3,0,4.9863,0.9966,leg_raise_lower,UNKNOWN,UNKNOWN,0.2333,0,69.135
1995,59.1482,,0,5.0,0.55,5,3,0,4.9982,0.9967,leg_raise_lower,UNKNOWN,UNKNOWN,0.2333,0,69.467
1996,59.1622,,0,5.0,0.55,5,3,0,4.9945,0.9967,leg_raise_lower,UNKNOWN,UNKNOWN,0.2333,0,68.817
1997,59.1781,,0,5.0,0.55,5,3,0,4.9708,0.9967,leg_raise_lower,UNKNOWN,UNKNOWN,0.2333,0,69.031
1998,59.1922,,0,5.0,0.55,5,3,0,4.9849,0.9967,leg_raise_lower,UNKNOWN,UNKNOWN,0.2333,0,69.252
1999,59.2061,,0,5.0,0.55,5,3,0,4.9989,0.9967,leg_raise_lower,UNKNOWN,UNKNOWN,0.2333,0,68.158
2000,59.2233,,0,5.0,0.55,5,3,0,4.9954,0.9967,leg_raise_lower,UNKNOWN,UNKNOWN,0.2333,0,69.888
2001,59.235,,0,5.0,0.55,5,3,0,4.9902,0.9967,leg_raise_lower,UNKNOWN,UNKNOWN,0.2333,0,71.574
2002,59.2468,,0,5.0,0.55,5,3,0,4.9892,0.9967,leg_raise_lower,UNKNOWN,UNKNOWN,0.2333,0,72.495
2003,59.2588,,0,5.0,0.55,5,3,0,4.9899,0.9967,leg_raise_lower,UNKNOWN,UNKNOWN,0.2333,0,73.438
2004,59.2821,,0,5.0,0.55,5,3,0,4.978,0.9967,leg_raise_lower,UNKNOWN,UNKNOWN,0.2333,0,69.326
2005,59.3021,,0,5.0,0.55,5,3,0,4.9979,0.9967,leg_raise_lower,UNKNOWN,UNKNOWN,0.2333,0,70.932
2006,59.314,,0,5.0,0.55,5,3,0,4.9978,0.9967,leg_raise_lower,UNKNOWN,UNKNOWN,0.2533,1,65.86
2007,59.3638,,0,5.0,0.55,5,3,0,4.9973,0.9966,leg_raise_lower,UNKNOWN,UNKNOWN,0.2533,0,67.261
2008,59.3758,,0,5.0,0.55,5,3,0,4.9745,0.9966,leg_raise_lower,UNKNOWN,UNKNOWN,0.2533,0,68.769
2009,59.388,,0,5.0,0.55,5,3,0,4.9867,0.9967,leg_raise_lower,UNKNOWN,UNKNOWN,0.2533,0,68.489
2010,59.4032,,0,5.0,0.55,5,3,0,4.9815,0.9967,leg_raise_lower,UNKNOWN,UNKNOWN,0.2533,0,69.598
2011,59.4156,,0,5.0,0.55,5,3,0,4.9939,0.9967,leg_raise_lower,UNKNOWN,UNKNOWN,0.2533,0,70.903
2012,59.4277,,0,5.0,0.55,5,3,0,4.9215,0.9967,leg_raise_lower,UNKNOWN,UNKNOWN,0.2533,0,69.634
2013,59.4449,,0,5.0,0.55,5,3,0,4.9387,0.9967,leg_raise_lower,UNKNOWN,UNKNOWN,0.2533,0,71.117
2014,59.4569,,0,5.0,0.55,5,3,0,4.9507,0.9967,leg_raise_lower,UNKNOWN,UNKNOWN,0.2533,0,72.099
2015,59.4692,,0,5.0,0.55,5,3,0,4.963,0.9967,leg_raise_lower,UNKNOWN,UNKNOWN,0.2533,0,73.078
2016,59.4813,,0,5.0,0.55,5,3,0,4.9751,0.9967,leg_raise_lower,UNKNOWN,UNKNOWN,0.2533,0,73.8
2017,59.4937,,0,5.0,0.55,5,3,0,4.9876,0.9967,leg_raise_lower,UNKNOWN,UNKNOWN,0.2533,0,75.097
2018,59.5053,,0,5.0,0.55,5,3,0,4.9991,0.9967,leg_raise_lower,UNKNOWN,UNKNOWN,0.2533,0,75.893
2019,59.5224,,0,5.0,0.55,5,3,0,4.992,0.9967,leg_raise_lower,UNKNOWN,UNKNOWN,0.2533,0,74.157
2020,59.5345,,0,5.0,0.55,5,3,0,4.9915,0.9967,leg_raise_lower,UNKNOWN,UNKNOWN,0.2533,0,74.972
2021,59.5633,,0,5.0,0.55,5,3,0,4.9921,0.9967,leg_raise_lower,UNKNOWN,UNKNOWN,0.2533,0,70.895
2022,59.5759,,0,5.0,0.55,5,3,0,4.9904,0.9967,leg_raise_lower,UNKNOWN,UNKNOWN,0.2233,1,65.786
2023,59.6269,,0,5.0,0.55,5,3,0,4.9911,0.9934,leg_raise_lower,UNKNOWN,UNKNOWN,0.2233,0,66.658
2024,59.6398,,0,5.0,0.55,5,3,0,4.9883,0.99,leg_raise_lower,UNKNOWN,UNKNOWN,0.2233,0,69.276
2025,59.6505,,0,5.0,0.55,5,3,0,4.999,0.9901,leg_raise_lower,UNKNOWN,UNKNOWN,0.2233,0,69.892
2026,59.6639,,0,5.0,0.55,5,3,0,4.9884,0.9867,leg_raise_lower,UNKNOWN,UNKNOWN,0.2233,0,71.644
2027,59.6751,,0,5.0,0.55,5,3,0,4.9996,0.9834,leg_raise_lower,UNKNOWN,UNKNOWN,0.2233,0,73.867
2028,59.6859,,0,5.0,0.55,5,3,0,4.9507,0.9834,leg_raise_lower,UNKNOWN,UNKNOWN,0.2233,0,74.704
2029,59.7108,,0,5.0,0.55,5,3,0,4.9756,0.9835,leg_raise_lower,UNKNOWN,UNKNOWN,0.2233,0,70.846
2030,59.7258,,0,5.0,0.55,5,3,0,4.9906,0.9803,leg_raise_lower,UNKNOWN,UNKNOWN,0.2233,0,72.033
2031,59.7378,,0,5.0,0.55,5,3,0,4.9899,0.9803,leg_raise_lower,UNKNOWN,UNKNOWN,0.2233,0,72.639
2032,59.7506,,0,5.0,0.55,5,3,0,4.9902,0.977,leg_raise_lower,UNKNOWN,UNKNOWN,0.2233,0,74.902
2033,59.7609,,0,5.0,0.55,5,3,0,4.9888,0.977,leg_raise_lower,UNKNOWN,UNKNOWN,0.2233,0,75.232
2034,59.7738,,0,5.0,0.55,5,3,0,4.9839,0.9737,leg_raise_lower,UNKNOWN,UNKNOWN,0.2233,0,77.042
2035,59.8263,,0,5.0,0.55,5,3,0,4.9949,0.9702,leg_raise_lower,UNKNOWN,UNKNOWN,0.2667,1,70.347
2036,59.8843,,0,5.0,0.55,5,3,0,4.992,0.9664,leg_raise_lower,UNKNOWN,UNKNOWN,0.2667,0,68.912
2037,59.9015,,0,5.0,0.55,5,3,0,4.9967,0.9631,leg_raise_lower,UNKNOWN,UNKNOWN,0.2667,0,67.699
2038,59.9193,,0,5.0,0.55,5,3,0,4.9897,0.9596,leg_raise_lower,UNKNOWN,UNKNOWN,0.2667,0,69.28
2039,59.9313,,0,5.0,0.55,5,3,0,4.9485,0.9562,leg_raise_lower,UNKNOWN,UNKNOWN,0.2667,0,71.259
2040,59.9423,,0,5.0,0.55,5,3,0,4.9595,0.953,leg_raise_lower,UNKNOWN,UNKNOWN,0.2667,0,70.274
2041,59.9586,,0,5.0,0.55,5,3,0,4.9759,0.9498,leg_raise_lower,UNKNOWN,UNKNOWN,0.2667,0,70.146
2042,59.973,,0,5.0,0.55,5,3,0,4.9903,0.9467,leg_raise_lower,UNKNOWN,UNKNOWN,0.2667,0,72.055
2043,59.9843,,0,5.0,0.55,5,3,0,4.9893,0.9433,leg_raise_lower,UNKNOWN,UNKNOWN,0.2667,0,72.7
2044,59.9972,,0,5.0,0.55,5,3,0,4.9896,0.94,leg_raise_lower,UNKNOWN,UNKNOWN,0.2667,0,74.701
2045,60.0077,,0,5.0,0.55,5,3,0,4.9881,0.9367,leg_raise_lower,UNKNOWN,UNKNOWN,0.2667,0,75.991
2046,60.019,,0,5.0,0.55,5,3,0,4.9994,0.9336,leg_raise_lower,UNKNOWN,UNKNOWN,0.2667,0,77.569
2047,60.0301,,0,5.0,0.55,5,3,0,4.9974,0.9302,leg_raise_lower,UNKNOWN,UNKNOWN,0.2667,0,78.792
2048,60.0413,,0,5.0,0.55,5,3,0,4.9957,0.9269,leg_raise_lower,UNKNOWN,UNKNOWN,0.2667,0,80.018
2049,60.0522,,0,5.0,0.55,5,3,0,4.995,0.9236,leg_raise_lower,UNKNOWN,UNKNOWN,0.2667,0,79.887
2050,60.0649,,0,5.0,0.55,5,3,0,4.996,0.9203,leg_raise_lower,UNKNOWN,UNKNOWN,0.2667,0,81.38
2051,60.0754,,0,5.0,0.55,5,3,0,4.9919,0.9169,leg_raise_lower,UNKNOWN,UNKNOWN,0.2667,0,82.704
2052,60.0859,,0,5.0,0.55,5,3,0,4.9888,0.9136,leg_raise_lower,UNKNOWN,UNKNOWN,0.2433,1,76.211
2053,60.1429,,0,5.0,0.55,5,3,0,4.9933,0.9094,leg_raise_lower,UNKNOWN,UNKNOWN,0.2433,0,77.144
2054,60.154,,0,5.0,0.55,5,3,0,4.9894,0.906,leg_raise_lower,UNKNOWN,UNKNOWN,0.2433,0,76.161
2055,60.1688,,0,5.0,0.55,5,3,0,4.9924,0.9027,leg_raise_lower,UNKNOWN,UNKNOWN,0.2433,0,76.068
2056,60.1823,,0,5.0,0.55,5,3,0,4.9942,0.8993,leg_raise_lower,UNKNOWN,UNKNOWN,0.2433,0,77.323
2057,60.1933,,0,5.0,0.55,5,3,0,4.9558,0.896,leg_raise_lower,UNKNOWN,UNKNOWN,0.2433,0,77.675
2058,60.2059,,0,5.0,0.55,5,3,0,4.9683,0.893,leg_raise_lower,UNKNOWN,UNKNOWN,0.2433,0,79.32
2059,60.2163,,0,5.0,0.55,5,3,0,4.9788,0.89,leg_raise_lower,UNKNOWN,UNKNOWN,0.2433,0,81.045
2060,60.2266,,0,5.0,0.55,5,3,0,4.9891,0.887,leg_raise_lower,UNKNOWN,UNKNOWN,0.2433,0,81.797
2061,60.238,,0,5.0,0.55,5,3,0,4.9868,0.8837,leg_raise_lower,UNKNOWN,UNKNOWN,0.2433,0,82.408
2062,60.2495,,0,5.0,0.55,5,3,0,4.9983,0.8808,leg_raise_lower,UNKNOWN,UNKNOWN,0.2433,0,83.775
2063,60.2598,,0,5.0,0.55,5,3,0,4.995,0.8775,leg_raise_lower,UNKNOWN,UNKNOWN,0.2433,0,83.966
2064,60.2715,,0,5.0,0.55,5,3,0,4.9949,0.8742,leg_raise_lower,UNKNOWN,UNKNOWN,0.2433,0,85.096
2065,60.282,,0,5.0,0.55,5,3,0,4.9924,0.8709,leg_raise_lower,UNKNOWN,UNKNOWN,0.2433,0,86.151
2066,60.3121,,0,5.0,0.55,5,3,0,4.995,0.8671,leg_raise_lower,UNKNOWN,UNKNOWN,0.2433,0,80.698
2067,60.342,,0,5.0,0.55,5,3,0,4.9891,0.8629,leg_raise_lower,UNKNOWN,UNKNOWN,0.24,1,74.144
2068,60.3906,,0,5.0,0.55,5,3,0,4.9961,0.8591,leg_raise_lower,UNKNOWN,UNKNOWN,0.24,0,74.673
2069,60.4027,,0,5.0,0.55,5,3,0,4.9653,0.8557,leg_raise_lower,UNKNOWN,UNKNOWN,0.24,0,76.144
2070,60.4138,,0,5.0,0.55,5,3,0,4.9764,0.8528,leg_raise_lower,UNKNOWN,UNKNOWN,0.24,0,77.274
2071,60.4252,,0,5.0,0.55,5,3,0,4.9878,0.85,leg_raise_lower,UNKNOWN,UNKNOWN,0.24,0,77.299
2072,60.4381,,0,5.0,0.55,5,3,0,4.9882,0.8467,leg_raise_lower,UNKNOWN,UNKNOWN,0.24,0,75.13
2073,60.4563,,0,5.0,0.55,5,3,0,4.9543,0.8433,leg_raise_lower,UNKNOWN,UNKNOWN,0.24,0,76.184
2074,60.4679,,0,5.0,0.55,5,3,0,4.9659,0.8405,leg_raise_lower,UNKNOWN,UNKNOWN,0.24,0,77.274
2075,60.4792,,0,5.0,0.55,5,3,0,4.9772,0.8411,leg_raise_lower,UNKNOWN,UNKNOWN,0.24,0,77.566
2076,60.4919,,0,5.0,0.55,5,3,0,4.9899,0.8383,leg_raise_lower,UNKNOWN,UNKNOWN,0.24,0,77.933
2077,60.5041,,0,5.0,0.55,5,3,0,4.9898,0.835,leg_raise_lower,UNKNOWN,UNKNOWN,0.24,0,75.858
2078,60.5216,,0,5.0,0.55,5,3,0,4.9959,0.835,leg_raise_lower,UNKNOWN,UNKNOWN,0.24,0,75.635
2079,60.5352,,0,5.0,0.55,5,3,0,4.9919,0.8317,leg_raise_lower,UNKNOWN,UNKNOWN,0.24,0,77.36
2080,60.546,,0,5.0,0.55,5,3,0,4.9913,0.8317,leg_raise_lower,UNKNOWN,UNKNOWN,0.24,0,77.287
2081,60.5589,,0,5.0,0.55,5,3,0,4.9883,0.8284,leg_raise_lower,UNKNOWN,UNKNOWN,0.24,0,77.986
2082,60.5724,,0,5.0,0.55,5,3,0,4.9873,0.8251,leg_raise_lower,UNKNOWN,UNKNOWN,0.24,0,77.326
2083,60.5877,,0,5.0,0.55,5,3,0,4.9897,0.8251,leg_raise_lower,UNKNOWN,UNKNOWN,0.24,0,75.127
2084,60.6029,,0,5.0,0.55,5,3,0,4.9934,0.8251,leg_raise_lower,UNKNOWN,UNKNOWN,0.2267,1,69.181
2085,60.6671,,0,5.0,0.55,5,3,0,4.991,0.8227,leg_raise_lower,UNKNOWN,UNKNOWN,0.2267,0,69.194
2086,60.6812,,0,5.0,0.55,5,3,0,4.9939,0.8227,leg_raise_lower,UNKNOWN,UNKNOWN,0.2267,0,67.362
2087,60.7009,,0,5.0,0.55,5,3,0,4.9895,0.8221,leg_raise_lower,UNKNOWN,UNKNOWN,0.2267,0,65.671
2088,60.7207,,0,5.0,0.55,5,3,0,4.95,0.8221,leg_raise_lower,UNKNOWN,UNKNOWN,0.2267,0,66.997
2089,60.7334,,0,5.0,0.55,5,3,0,4.9626,0.8227,leg_raise_lower,UNKNOWN,UNKNOWN,0.2267,0,67.681
2090,60.7469,,0,5.0,0.55,5,3,0,4.9761,0.8233,leg_raise_lower,UNKNOWN,UNKNOWN,0.2267,0,67.28
2091,60.7626,,0,5.0,0.55,5,3,0,4.9919,0.8239,leg_raise_lower,UNKNOWN,UNKNOWN,0.2267,0,67.603
2092,60.7768,,0,5.0,0.55,5,3,0,4.9916,0.8239,leg_raise_lower,UNKNOWN,UNKNOWN,0.2267,0,68.933
2093,60.7894,,0,5.0,0.55,5,3,0,4.9906,0.8239,leg_raise_lower,UNKNOWN,UNKNOWN,0.2267,0,69.252
2094,60.803,,0,5.0,0.55,5,3,0,4.9929,0.8239,leg_raise_lower,UNKNOWN,UNKNOWN,0.2267,0,68.772
2095,60.8185,,0,5.0,0.55,5,3,0,4.9942,0.8239,leg_raise_lower,UNKNOWN,UNKNOWN,0.2267,0,69.902
2096,60.831,,0,5.0,0.55,5,3,0,4.9943,0.8239,leg_raise_lower,UNKNOWN,UNKNOWN,0.2267,0,70.557
2097,60.8443,,0,5.0,0.55,5,3,0,4.9949,0.8239,leg_raise_lower,UNKNOWN,UNKNOWN,0.2267,0,69.405
2098,60.8612,,0,5.0,0.55,5,3,0,4.9858,0.8239,leg_raise_lower,UNKNOWN,UNKNOWN,0.2633,1,64.461
2099,60.9116,,0,5.0,0.55,5,3,0,4.9986,0.8227,leg_raise_lower,UNKNOWN,UNKNOWN,0.2633,0,65.984
2100,60.9237,,0,5.0,0.55,5,3,0,4.9902,0.8227,leg_raise_lower,UNKNOWN,UNKNOWN,0.2633,0,67.498
2101,60.936,,0,5.0,0.55,5,3,0,4.9907,0.8227,leg_raise_lower,UNKNOWN,UNKNOWN,0.2633,0,69.034
2102,60.948,,0,5.0,0.55,5,3,0,4.9912,0.8227,leg_raise_lower,UNKNOWN,UNKNOWN,0.2633,0,69.163
2103,60.9621,,0,5.0,0.55,5,3,0,4.9884,0.8227,leg_raise_lower,UNKNOWN,UNKNOWN,0.2633,0,70.209
2104,60.9748,,0,5.0,0.55,5,3,0,4.9492,0.8227,leg_raise_lower,UNKNOWN,UNKNOWN,0.2633,0,71.61
2105,60.9866,,0,5.0,0.55,5,3,0,4.961,0.8233,leg_raise_lower,UNKNOWN,UNKNOWN,0.2633,0,72.628
2106,60.9989,,0,5.0,0.55,5,3,0,4.9733,0.8239,leg_raise_lower,UNKNOWN,UNKNOWN,0.2633,0,73.457
2107,61.0112,,0,5.0,0.55,5,3,0,4.9856,0.8245,leg_raise_lower,UNKNOWN,UNKNOWN,0.2633,0,73.657
2108,61.0245,,0,5.0,0.55,5,3,0,4.9989,0.8251,leg_raise_lower,UNKNOWN,UNKNOWN,0.2633,0,74.901
