frame_id,elapsed_sec,expected_label,segment_id,window_seconds,confidence_threshold,stabilization_buffer,stabilization_min_votes,keep_buffer_on_target,buffer_duration_sec,valid_feature_ratio,raw_label,threshold_label,stable_label,confidence,prediction_updated,processing_fps
0,0.0,,0,5.0,0.55,5,3,0,0.0,1.0,WARMING_UP,WARMING_UP,WARMING_UP,0.0,0,0.0
1,3.8079,,0,5.0,0.55,5,3,0,3.8079,1.0,WARMING_UP,WARMING_UP,WARMING_UP,0.0,0,12.812
2,3.8314,,0,5.0,0.55,5,3,0,3.8314,1.0,WARMING_UP,WARMING_UP,WARMING_UP,0.0,0,16.519
3,3.8511,,0,5.0,0.55,5,3,0,3.8511,1.0,WARMING_UP,WARMING_UP,WARMING_UP,0.0,0,19.927
4,3.8708,,0,5.0,0.55,5,3,0,3.8708,1.0,WARMING_UP,WARMING_UP,WARMING_UP,0.0,0,25.789
5,3.8835,,0,5.0,0.55,5,3,0,3.8835,1.0,WARMING_UP,WARMING_UP,WARMING_UP,0.0,0,31.478
6,3.9233,,0,5.0,0.55,5,3,0,3.9233,1.0,WARMING_UP,WARMING_UP,WARMING_UP,0.0,0,30.497
7,3.9422,,0,5.0,0.55,5,3,0,3.9422,1.0,WARMING_UP,WARMING_UP,WARMING_UP,0.0,0,35.782
8,3.9537,,0,5.0,0.55,5,3,0,3.9537,1.0,WARMING_UP,WARMING_UP,WARMING_UP,0.0,0,39.964
9,3.9667,,0,5.0,0.55,5,3,0,3.9667,1.0,WARMING_UP,WARMING_UP,WARMING_UP,0.0,0,45.142
10,3.9782,,0,5.0,0.55,5,3,0,3.9782,1.0,WARMING_UP,WARMING_UP,WARMING_UP,0.0,0,48.658
11,3.9899,,0,5.0,0.55,5,3,0,3.9899,1.0,WARMING_UP,WARMING_UP,WARMING_UP,0.0,0,52.335
12,4.0017,,0,5.0,0.55,5,3,0,4.0017,1.0,leg_raise_lower,UNKNOWN,UNKNOWN,0.2267,1,48.777
13,4.0617,,0,5.0,0.55,5,3,0,4.0617,1.0,leg_raise_lower,UNKNOWN,UNKNOWN,0.2267,0,52.284
14,4.0732,,0,5.0,0.55,5,3,0,4.0732,1.0,leg_raise_lower,UNKNOWN,UNKNOWN,0.2267,0,56.089
15,4.0843,,0,5.0,0.55,5,3,0,4.0843,1.0,leg_raise_lower,UNKNOWN,UNKNOWN,0.2267,0,59.069
16,4.0963,,0,5.0,0.55,5,3,0,4.0963,1.0,leg_raise_lower,UNKNOWN,UNKNOWN,0.2267,0,61.986
17,4.1071,,0,5.0,0.55,5,3,0,4.1071,1.0,leg_raise_lower,UNKNOWN,UNKNOWN,0.2267,0,64.287
18,4.1191,,0,5.0,0.55,5,3,0,4.1191,1.0,leg_raise_lower,UNKNOWN,UNKNOWN,0.2267,0,65.685
19,4.1319,,0,5.0,0.55,5,3,0,4.1319,1.0,leg_raise_lower,UNKNOWN,UNKNOWN,0.2267,0,68.185
20,4.1431,,0,5.0,0.55,5,3,0,4.1431,1.0,leg_raise_lower,UNKNOWN,UNKNOWN,0.2267,0,69.92
21,4.1546,,0,5.0,0.55,5,3,0,4.1546,1.0,leg_raise_lower,UNKNOWN,UNKNOWN,0.2267,0,70.91
22,4.1672,,0,5.0,0.55,5,3,0,4.1672,1.0,leg_raise_lower,UNKNOWN,UNKNOWN,0.2267,0,72.48
23,4.1789,,0,5.0,0.55,5,3,0,4.1789,1.0,leg_raise_lower,UNKNOWN,UNKNOWN,0.2267,0,73.723
24,4.1903,,0,5.0,0.55,5,3,0,4.1903,1.0,leg_raise_lower,UNKNOWN,UNKNOWN,0.2267,0,75.298
25,4.2019,,0,5.0,0.55,5,3,0,4.2019,1.0,leg_raise_lower,UNKNOWN,UNKNOWN,0.2267,0,76.369
26,4.2133,,0,5.0,0.55,5,3,0,4.2133,1.0,leg_raise_lower,UNKNOWN,UNKNOWN,0.2267,0,75.414
27,4.2285,,0,5.0,0.55,5,3,0,4.2285,1.0,leg_raise_lower,UNKNOWN,UNKNOWN,0.2267,0,76.589
28,4.2396,,0,5.0,0.55,5,3,0,4.2396,1.0,leg_raise_lower,UNKNOWN,UNKNOWN,0.2267,0,76.492
29,4.253,,0,5.0,0.55,5,3,0,4.253,1.0,leg_raise_lower,UNKNOWN,UNKNOWN,0.2267,1,70.82
30,4.3038,,0,5.0,0.55,5,3,0,4.3038,1.0,leg_raise_lower,UNKNOWN,UNKNOWN,0.2267,0,71.684
31,4.3162,,0,5.0,0.55,5,3,0,4.3162,1.0,leg_raise_lower,UNKNOWN,UNKNOWN,0.2267,0,71.4
32,4.3307,,0,5.0,0.55,5,3,0,4.3307,1.0,leg_raise_lower,UNKNOWN,UNKNOWN,0.2267,0,73.195
33,4.3421,,0,5.0,0.55,5,3,0,4.3421,1.0,leg_raise_lower,UNKNOWN,UNKNOWN,0.2267,0,71.301
34,4.3605,,0,5.0,0.55,5,3,0,4.3605,1.0,leg_raise_lower,UNKNOWN,UNKNOWN,0.2267,0,72.673
35,4.372,,0,5.0,0.55,5,3,0,4.372,1.0,leg_raise_lower,UNKNOWN,UNKNOWN,0.2267,0,73.37
36,4.3846,,0,5.0,0.55,5,3,0,4.3846,1.0,leg_raise_lower,UNKNOWN,UNKNOWN,0.2267,0,74.711
37,4.3963,,0,5.0,0.55,5,3,0,4.3963,1.0,leg_raise_lower,UNKNOWN,UNKNOWN,0.2267,0,75.995
38,4.4074,,0,5.0,0.55,5,3,0,4.4074,1.0,leg_raise_lower,UNKNOWN,UNKNOWN,0.2267,0,76.178
39,4.4204,,0,5.0,0.55,5,3,0,4.4204,1.0,leg_raise_lower,UNKNOWN,UNKNOWN,0.2267,0,73.449
40,4.4409,,0,5.0,0.55,5,3,0,4.4409,1.0,leg_raise_lower,UNKNOWN,UNKNOWN,0.2267,0,73.825
41,4.4538,,0,5.0,0.55,5,3,0,4.4538,1.0,leg_raise_lower,UNKNOWN,UNKNOWN,0.2267,0,71.546
42,4.4734,,0,5.0,0.55,5,3,0,4.4734,1.0,leg_raise_lower,UNKNOWN,UNKNOWN,0.2267,0,69.5
43,4.4933,,0,5.0,0.55,5,3,0,4.4933,1.0,leg_raise_lower,UNKNOWN,UNKNOWN,0.2267,0,70.975
44,4.5048,,0,5.0,0.55,5,3,0,4.5048,1.0,leg_raise_lower,UNKNOWN,UNKNOWN,0.2267,1,65.553
45,4.5648,,0,5.0,0.55,5,3,0,4.5648,1.0,leg_raise_lower,UNKNOWN,UNKNOWN,0.2267,0,67.284
46,4.5768,,0,5.0,0.55,5,3,0,4.5768,1.0,leg_raise_lower,UNKNOWN,UNKNOWN,0.2267,0,67.482
47,4.5912,,0,5.0,0.55,5,3,0,4.5912,1.0,leg_raise_lower,UNKNOWN,UNKNOWN,0.2267,0,67.788
48,4.6052,,0,5.0,0.55,5,3,0,4.6052,1.0,leg_raise_lower,UNKNOWN,UNKNOWN,0.2267,0,69.498
49,4.6169,,0,5.0,0.55,5,3,0,4.6169,1.0,leg_raise_lower,UNKNOWN,UNKNOWN,0.2267,0,71.544
50,4.6283,,0,5.0,0.55,5,3,0,4.6283,1.0,leg_raise_lower,UNKNOWN,UNKNOWN,0.2267,0,69.216
51,4.6489,,0,5.0,0.55,5,3,0,4.6489,1.0,leg_raise_lower,UNKNOWN,UNKNOWN,0.2267,0,68.1
52,4.6661,,0,5.0,0.55,5,3,0,4.6661,1.0,leg_raise_lower,UNKNOWN,UNKNOWN,0.2267,0,70.239
53,4.6773,,0,5.0,0.55,5,3,0,4.6773,1.0,leg_raise_lower,UNKNOWN,UNKNOWN,0.2267,0,72.065
54,4.6886,,0,5.0,0.55,5,3,0,4.6886,1.0,leg_raise_lower,UNKNOWN,UNKNOWN,0.2267,0,72.823
55,4.701,,0,5.0,0.55,5,3,0,4.701,1.0,leg_raise_lower,UNKNOWN,UNKNOWN,0.2267,0,73.871
56,4.7134,,0,5.0,0.55,5,3,0,4.7134,1.0,leg_raise_lower,UNKNOWN,UNKNOWN,0.2267,0,74.988
57,4.7249,,0,5.0,0.55,5,3,0,4.7249,1.0,leg_raise_lower,UNKNOWN,UNKNOWN,0.2267,0,75.77
58,4.7371,,0,5.0,0.55,5,3,0,4.7371,1.0,leg_raise_lower,UNKNOWN,UNKNOWN,0.2267,0,76.098
59,4.7497,,0,5.0,0.55,5,3,0,4.7497,1.0,leg_raise_lower,UNKNOWN,UNKNOWN,0.2267,0,76.917
60,4.7617,,0,5.0,0.55,5,3,0,4.7617,1.0,drink_return,UNKNOWN,UNKNOWN,0.23,1,70.891
61,4.8218,,0,5.0,0.55,5,3,0,4.8218,1.0,drink_return,UNKNOWN,UNKNOWN,0.23,0,71.76
62,4.834,,0,5.0,0.55,5,3,0,4.834,1.0,drink_return,UNKNOWN,UNKNOWN,0.23,0,73.339
63,4.8462,,0,5.0,0.55,5,3,0,4.8462,1.0,drink_return,UNKNOWN,UNKNOWN,0.23,0,73.636
64,4.8586,,0,5.0,0.55,5,3,0,4.8586,1.0,drink_return,UNKNOWN,UNKNOWN,0.23,0,72.011
65,4.8762,,0,5.0,0.55,5,3,0,4.8762,1.0,drink_return,UNKNOWN,UNKNOWN,0.23,0,73.275
66,4.8877,,0,5.0,0.55,5,3,0,4.8877,1.0,drink_return,UNKNOWN,UNKNOWN,0.23,0,74.082
67,4.9,,0,5.0,0.55,5,3,0,4.9,1.0,drink_return,UNKNOWN,UNKNOWN,0.23,0,75.944
68,4.9109,,0,5.0,0.55,5,3,0,4.9109,1.0,drink_return,UNKNOWN,UNKNOWN,0.23,0,74.418
69,4.9274,,0,5.0,0.55,5,3,0,4.9274,1.0,drink_return,UNKNOWN,UNKNOWN,0.23,0,75.688
70,4.9387,,0,5.0,0.55,5,3,0,4.9387,1.0,drink_return,UNKNOWN,UNKNOWN,0.23,0,76.419
71,4.9508,,0,5.0,0.55,5,3,0,4.9508,1.0,drink_return,UNKNOWN,UNKNOWN,0.23,0,77.768
72,4.9624,,0,5.0,0.55,5,3,0,4.9624,1.0,drink_return,UNKNOWN,UNKNOWN,0.23,0,78.303
73,4.9739,,0,5.0,0.55,5,3,0,4.9739,1.0,drink_return,UNKNOWN,UNKNOWN,0.23,0,78.859
74,4.9859,,0,5.0,0.55,5,3,0,4.9859,1.0,drink_return,UNKNOWN,UNKNOWN,0.23,0,78.94
75,4.9985,,0,5.0,0.55,5,3,0,4.9985,1.0,drink_return,UNKNOWN,UNKNOWN,0.23,0,80.181
76,5.0095,,0,5.0,0.55,5,3,0,1.2016,1.0,WARMING_UP,WARMING_UP,WARMING_UP,0.0,0,80.59
77,5.0212,,0,5.0,0.55,5,3,0,1.2133,1.0,WARMING_UP,WARMING_UP,WARMING_UP,0.0,0,81.054
78,5.033,,0,5.0,0.55,5,3,0,1.2251,1.0,WARMING_UP,WARMING_UP,WARMING_UP,0.0,0,82.33
79,5.0438,,0,5.0,0.55,5,3,0,1.2358,1.0,WARMING_UP,WARMING_UP,WARMING_UP,0.0,0,82.838
80,5.0552,,0,5.0,0.55,5,3,0,1.2473,1.0,WARMING_UP,WARMING_UP,WARMING_UP,0.0,0,82.537
81,5.0676,,0,5.0,0.55,5,3,0,1.2597,1.0,WARMING_UP,WARMING_UP,WARMING_UP,0.0,0,83.232
82,5.0794,,0,5.0,0.55,5,3,0,1.2714,1.0,WARMING_UP,WARMING_UP,WARMING_UP,0.0,0,83.419
83,5.0904,,0,5.0,0.55,5,3,0,1.2824,1.0,WARMING_UP,WARMING_UP,WARMING_UP,0.0,0,83.6
84,5.1023,,0,5.0,0.55,5,3,0,1.2944,1.0,WARMING_UP,WARMING_UP,WARMING_UP,0.0,0,83.6
85,5.1144,,0,5.0,0.55,5,3,0,1.3064,1.0,WARMING_UP,WARMING_UP,WARMING_UP,0.0,0,80.737
86,5.1324,,0,5.0,0.55,5,3,0,1.3245,1.0,WARMING_UP,WARMING_UP,WARMING_UP,0.0,0,81.853
87,5.1434,,0,5.0,0.55,5,3,0,1.3354,1.0,WARMING_UP,WARMING_UP,WARMING_UP,0.0,0,82.39
88,5.1547,,0,5.0,0.55,5,3,0,1.3468,1.0,WARMING_UP,WARMING_UP,WARMING_UP,0.0,0,83.119
89,5.1659,,0,5.0,0.55,5,3,0,1.358,1.0,WARMING_UP,WARMING_UP,WARMING_UP,0.0,0,81.016
90,5.1821,,0,5.0,0.55,5,3,0,1.3741,1.0,WARMING_UP,WARMING_UP,WARMING_UP,0.0,0,79.061
91,5.1983,,0,5.0,0.55,5,3,0,1.3904,1.0,WARMING_UP,WARMING_UP,WARMING_UP,0.0,0,76.877
92,5.2159,,0,5.0,0.55,5,3,0,1.4079,1.0,WARMING_UP,WARMING_UP,WARMING_UP,0.0,0,78.377
93,5.2267,,0,5.0,0.55,5,3,0,1.4188,1.0,WARMING_UP,WARMING_UP,WARMING_UP,0.0,0,79.144
94,5.2383,,0,5.0,0.55,5,3,0,1.4304,1.0,WARMING_UP,WARMING_UP,WARMING_UP,0.0,0,76.423
95,5.2577,,0,5.0,0.55,5,3,0,1.4497,1.0,WARMING_UP,WARMING_UP,WARMING_UP,0.0,0,74.124
96,5.2763,,0,5.0,0.55,5,3,0,1.4684,1.0,WARMING_UP,WARMING_UP,WARMING_UP,0.0,0,75.475
97,5.2877,,0,5.0,0.55,5,3,0,1.4797,1.0,WARMING_UP,WARMING_UP,WARMING_UP,0.0,0,75.359
98,5.3012,,0,5.0,0.55,5,3,0,1.4933,1.0,WARMING_UP,WARMING_UP,WARMING_UP,0.0,0,73.963
99,5.3174,,0,5.0,0.55,5,3,0,1.5095,1.0,WARMING_UP,WARMING_UP,WARMING_UP,0.0,0,75.586
100,5.3289,,0,5.0,0.55,5,3,0,1.521,1.0,WARMING_UP,WARMING_UP,WARMING_UP,0.0,0,76.352
101,5.3405,,0,5.0,0.55,5,3,0,1.5326,1.0,WARMING_UP,WARMING_UP,WARMING_UP,0.0,0,76.988
102,5.3526,,0,5.0,0.55,5,3,0,1.5447,1.0,WARMING_UP,WARMING_UP,WARMING_UP,0.0,0,77.926
103,5.3642,,0,5.0,0.55,5,3,0,1.5563,1.0,WARMING_UP,WARMING_UP,WARMING_UP,0.0,0,79.061
104,5.3754,,0,5.0,0.55,5,3,0,1.5675,1.0,WARMING_UP,WARMING_UP,WARMING_UP,0.0,0,79.854
105,5.3869,,0,5.0,0.55,5,3,0,1.579,1.0,WARMING_UP,WARMING_UP,WARMING_UP,0.0,0,80.462
106,5.3985,,0,5.0,0.55,5,3,0,1.5906,1.0,WARMING_UP,WARMING_UP,WARMING_UP,0.0,0,80.881
107,5.4103,,0,5.0,0.55,5,3,0,1.6023,1.0,WARMING_UP,WARMING_UP,WARMING_UP,0.0,0,81.793
108,5.4214,,0,5.0,0.55,5,3,0,1.6134,1.0,WARMING_UP,WARMING_UP,WARMING_UP,0.0,0,82.268
109,5.4331,,0,5.0,0.55,5,3,0,1.6251,1.0,WARMING_UP,WARMING_UP,WARMING_UP,0.0,0,83.061
110,5.4441,,0,5.0,0.55,5,3,0,1.6362,1.0,WARMING_UP,WARMING_UP,WARMING_UP,0.0,0,83.31
111,5.4557,,0,5.0,0.55,5,3,0,1.6478,1.0,WARMING_UP,WARMING_UP,WARMING_UP,0.0,0,84.037
112,5.4668,,0,5.0,0.55,5,3,0,1.6589,1.0,WARMING_UP,WARMING_UP,WARMING_UP,0.0,0,83.976
113,5.4791,,0,5.0,0.55,5,3,0,1.6711,1.0,WARMING_UP,WARMING_UP,WARMING_UP,0.0,0,80.733
114,5.4984,,0,5.0,0.55,5,3,0,1.6904,1.0,WARMING_UP,WARMING_UP,WARMING_UP,0.0,0,81.614
115,5.5093,,0,5.0,0.55,5,3,0,1.7014,1.0,WARMING_UP,WARMING_UP,WARMING_UP,0.0,0,81.559
116,5.5217,,0,5.0,0.55,5,3,0,1.7138,1.0,WARMING_UP,WARMING_UP,WARMING_UP,0.0,0,79.873
117,5.5372,,0,5.0,0.55,5,3,0,1.7293,1.0,WARMING_UP,WARMING_UP,WARMING_UP,0.0,0,80.285
118,5.5492,,0,5.0,0.55,5,3,0,1.7413,1.0,WARMING_UP,WARMING_UP,WARMING_UP,0.0,0,78.98
119,5.5639,,0,5.0,0.55,5,3,0,1.756,1.0,WARMING_UP,WARMING_UP,WARMING_UP,0.0,0,76.262
120,5.5833,,0,5.0,0.55,5,3,0,1.7754,1.0,WARMING_UP,WARMING_UP,WARMING_UP,0.0,0,77.185
121,5.5951,,0,5.0,0.55,5,3,0,1.7872,1.0,WARMING_UP,WARMING_UP,WARMING_UP,0.0,0,74.493
122,5.6149,,0,5.0,0.55,5,3,0,1.807,1.0,WARMING_UP,WARMING_UP,WARMING_UP,0.0,0,75.882
123,5.6261,,0,5.0,0.55,5,3,0,1.8182,1.0,WARMING_UP,WARMING_UP,WARMING_UP,0.0,0,73.788
124,5.6444,,0,5.0,0.55,5,3,0,1.8365,1.0,WARMING_UP,WARMING_UP,WARMING_UP,0.0,0,75.246
125,5.6557,,0,5.0,0.55,5,3,0,1.8478,1.0,WARMING_UP,WARMING_UP,WARMING_UP,0.0,0,75.531
126,5.6684,,0,5.0,0.55,5,3,0,1.8605,1.0,WARMING_UP,WARMING_UP,WARMING_UP,0.0,0,77.207
127,5.6798,,0,5.0,0.55,5,3,0,1.8719,1.0,WARMING_UP,WARMING_UP,WARMING_UP,0.0,0,74.569
128,5.699,,0,5.0,0.55,5,3,0,1.891,1.0,WARMING_UP,WARMING_UP,WARMING_UP,0.0,0,76.216
129,5.7101,,0,5.0,0.55,5,3,0,1.9021,1.0,WARMING_UP,WARMING_UP,WARMING_UP,0.0,0,74.443
130,5.7272,,0,5.0,0.55,5,3,0,1.9193,1.0,WARMING_UP,WARMING_UP,WARMING_UP,0.0,0,75.629
131,5.7386,,0,5.0,0.55,5,3,0,1.9307,1.0,WARMING_UP,WARMING_UP,WARMING_UP,0.0,0,76.683
132,5.7503,,0,5.0,0.55,5,3,0,1.9424,1.0,WARMING_UP,WARMING_UP,WARMING_UP,0.0,0,74.166
133,5.7696,,0,5.0,0.55,5,3,0,1.9617,1.0,WARMING_UP,WARMING_UP,WARMING_UP,0.0,0,72.116
134,5.7883,,0,5.0,0.55,5,3,0,1.9803,1.0,WARMING_UP,WARMING_UP,WARMING_UP,0.0,0,73.76
135,5.7995,,0,5.0,0.55,5,3,0,1.9916,1.0,WARMING_UP,WARMING_UP,WARMING_UP,0.0,0,75.853
136,5.8101,,0,5.0,0.55,5,3,0,2.0021,1.0,WARMING_UP,WARMING_UP,WARMING_UP,0.0,0,77.575
137,5.8207,,0,5.0,0.55,5,3,0,2.0128,1.0,WARMING_UP,WARMING_UP,WARMING_UP,0.0,0,77.7
138,5.8337,,0,5.0,0.55,5,3,0,2.0257,1.0,WARMING_UP,WARMING_UP,WARMING_UP,0.0,0,79.09
139,5.8446,,0,5.0,0.55,5,3,0,2.0367,1.0,WARMING_UP,WARMING_UP,WARMING_UP,0.0,0,79.866
140,5.8561,,0,5.0,0.55,5,3,0,2.0482,1.0,WARMING_UP,WARMING_UP,WARMING_UP,0.0,0,77.095
141,5.8752,,0,5.0,0.55,5,3,0,2.0673,1.0,WARMING_UP,WARMING_UP,WARMING_UP,0.0,0,77.369
142,5.8878,,0,5.0,0.55,5,3,0,2.0798,1.0,WARMING_UP,WARMING_UP,WARMING_UP,0.0,0,77.26
143,5.9008,,0,5.0,0.55,5,3,0,2.0929,1.0,WARMING_UP,WARMING_UP,WARMING_UP,0.0,0,78.771
144,5.9116,,0,5.0,0.55,5,3,0,2.1037,1.0,WARMING_UP,WARMING_UP,WARMING_UP,0.0,0,76.354
145,5.9302,,0,5.0,0.55,5,3,0,2.1222,1.0,WARMING_UP,WARMING_UP,WARMING_UP,0.0,0,73.679
146,5.9501,,0,5.0,0.55,5,3,0,2.1422,1.0,WARMING_UP,WARMING_UP,WARMING_UP,0.0,0,75.465
147,5.9611,,0,5.0,0.55,5,3,0,2.1531,1.0,WARMING_UP,WARMING_UP,WARMING_UP,0.0,0,76.729
148,5.9724,,0,5.0,0.55,5,3,0,2.1645,1.0,WARMING_UP,WARMING_UP,WARMING_UP,0.0,0,76.298
149,5.9862,,0,5.0,0.55,5,3,0,2.1783,1.0,WARMING_UP,WARMING_UP,WARMING_UP,0.0,0,77.483
150,5.9976,,0,5.0,0.55,5,3,0,2.1896,1.0,WARMING_UP,WARMING_UP,WARMING_UP,0.0,0,77.556
151,6.0105,,0,5.0,0.55,5,3,0,2.2025,1.0,WARMING_UP,WARMING_UP,WARMING_UP,0.0,0,78.264
152,6.0222,,0,5.0,0.55,5,3,0,2.2142,1.0,WARMING_UP,WARMING_UP,WARMING_UP,0.0,0,79.104
153,6.0338,,0,5.0,0.55,5,3,0,2.2259,1.0,WARMING_UP,WARMING_UP,WARMING_UP,0.0,0,80.148
154,6.0449,,0,5.0,0.55,5,3,0,2.237,1.0,WARMING_UP,WARMING_UP,WARMING_UP,0.0,0,79.25
155,6.0589,,0,5.0,0.55,5,3,0,2.2509,1.0,WARMING_UP,WARMING_UP,WARMING_UP,0.0,0,80.099
156,6.0703,,0,5.0,0.55,5,3,0,2.2624,1.0,WARMING_UP,WARMING_UP,WARMING_UP,0.0,0,80.313
157,6.0825,,0,5.0,0.55,5,3,0,2.2746,1.0,WARMING_UP,WARMING_UP,WARMING_UP,0.0,0,81.461
158,6.0934,,0,5.0,0.55,5,3,0,2.2855,1.0,WARMING_UP,WARMING_UP,WARMING_UP,0.0,0,81.331
159,6.1058,,0,5.0,0.55,5,3,0,2.2979,1.0,WARMING_UP,WARMING_UP,WARMING_UP,0.0,0,82.155
160,6.1169,,0,5.0,0.55,5,3,0,2.309,1.0,WARMING_UP,WARMING_UP,WARMING_UP,0.0,0,83.046
161,6.1279,,0,5.0,0.55,5,3,0,2.32,1.0,WARMING_UP,WARMING_UP,WARMING_UP,0.0,0,83.667
162,6.1392,,0,5.0,0.55,5,3,0,2.3312,1.0,WARMING_UP,WARMING_UP,WARMING_UP,0.0,0,84.21
163,6.1507,,0,5.0,0.55,5,3,0,2.3428,1.0,WARMING_UP,WARMING_UP,WARMING_UP,0.0,0,83.933
164,6.163,,0,5.0,0.55,5,3,0,2.355,1.0,WARMING_UP,WARMING_UP,WARMING_UP,0.0,0,84.089
165,6.1743,,0,5.0,0.55,5,3,0,2.3664,1.0,WARMING_UP,WARMING_UP,WARMING_UP,0.0,0,84.424
166,6.1858,,0,5.0,0.55,5,3,0,2.3779,1.0,WARMING_UP,WARMING_UP,WARMING_UP,0.0,0,84.935
167,6.1971,,0,5.0,0.55,5,3,0,2.3891,1.0,WARMING_UP,WARMING_UP,WARMING_UP,0.0,0,84.5
168,6.2093,,0,5.0,0.55,5,3,0,2.4014,1.0,WARMING_UP,WARMING_UP,WARMING_UP,0.0,0,82.929
169,6.224,,0,5.0,0.55,5,3,0,2.4161,1.0,WARMING_UP,WARMING_UP,WARMING_UP,0.0,0,82.731
170,6.2363,,0,5.0,0.55,5,3,0,2.4283,1.0,WARMING_UP,WARMING_UP,WARMING_UP,0.0,0,83.552
171,6.2477,,0,5.0,0.55,5,3,0,2.4397,1.0,WARMING_UP,WARMING_UP,WARMING_UP,0.0,0,83.892
172,6.2587,,0,5.0,0.55,5,3,0,2.4508,1.0,WARMING_UP,WARMING_UP,WARMING_UP,0.0,0,83.848
173,6.2707,,0,5.0,0.55,5,3,0,2.4628,1.0,WARMING_UP,WARMING_UP,WARMING_UP,0.0,0,84.133
174,6.2822,,0,5.0,0.55,5,3,0,2.4743,1.0,WARMING_UP,WARMING_UP,WARMING_UP,0.0,0,84.817
175,6.2932,,0,5.0,0.55,5,3,0,2.4853,1.0,WARMING_UP,WARMING_UP,WARMING_UP,0.0,0,84.938
176,6.3049,,0,5.0,0.55,5,3,0,2.497,1.0,WARMING_UP,WARMING_UP,WARMING_UP,0.0,0,85.196
177,6.3163,,0,5.0,0.55,5,3,0,2.5084,1.0,WARMING_UP,WARMING_UP,WARMING_UP,0.0,0,85.937
178,6.3274,,0,5.0,0.55,5,3,0,2.5195,1.0,WARMING_UP,WARMING_UP,WARMING_UP,0.0,0,85.901
179,6.3387,,0,5.0,0.55,5,3,0,2.5308,1.0,WARMING_UP,WARMING_UP,WARMING_UP,0.0,0,86.02
180,6.3503,,0,5.0,0.55,5,3,0,2.5424,1.0,WARMING_UP,WARMING_UP,WARMING_UP,0.0,0,86.826
181,6.3611,,0,5.0,0.55,5,3,0,2.5532,1.0,WARMING_UP,WARMING_UP,WARMING_UP,0.0,0,86.788
182,6.3724,,0,5.0,0.55,5,3,0,2.5645,1.0,WARMING_UP,WARMING_UP,WARMING_UP,0.0,0,87.195
183,6.3834,,0,5.0,0.55,5,3,0,2.5755,1.0,WARMING_UP,WARMING_UP,WARMING_UP,0.0,0,88.06
184,6.3939,,0,5.0,0.55,5,3,0,2.5859,1.0,WARMING_UP,WARMING_UP,WARMING_UP,0.0,0,88.312
185,6.4049,,0,5.0,0.55,5,3,0,2.5969,1.0,WARMING_UP,WARMING_UP,WARMING_UP,0.0,0,84.758
186,6.424,,0,5.0,0.55,5,3,0,2.616,1.0,WARMING_UP,WARMING_UP,WARMING_UP,0.0,0,85.022
187,6.4354,,0,5.0,0.55,5,3,0,2.6275,1.0,WARMING_UP,WARMING_UP,WARMING_UP,0.0,0,85.44
188,6.4471,,0,5.0,0.55,5,3,0,2.6392,1.0,WARMING_UP,WARMING_UP,WARMING_UP,0.0,0,85.383
189,6.4583,,0,5.0,0.55,5,3,0,2.6504,1.0,WARMING_UP,WARMING_UP,WARMING_UP,0.0,0,85.563
190,6.4698,,0,5.0,0.55,5,3,0,2.6619,1.0,WARMING_UP,WARMING_UP,WARMING_UP,0.0,0,86.343
191,6.4806,,0,5.0,0.55,5,3,0,2.6727,1.0,WARMING_UP,WARMING_UP,WARMING_UP,0.0,0,86.711
192,6.4914,,0,5.0,0.55,5,3,0,2.6835,1.0,WARMING_UP,WARMING_UP,WARMING_UP,0.0,0,87.18
193,6.5026,,0,5.0,0.55,5,3,0,2.6946,1.0,WARMING_UP,WARMING_UP,WARMING_UP,0.0,0,87.042
194,6.5144,,0,5.0,0.55,5,3,0,2.7065,1.0,WARMING_UP,WARMING_UP,WARMING_UP,0.0,0,87.227
195,6.5254,,0,5.0,0.55,5,3,0,2.7174,1.0,WARMING_UP,WARMING_UP,WARMING_UP,0.0,0,87.57
196,6.5365,,0,5.0,0.55,5,3,0,2.7285,1.0,WARMING_UP,WARMING_UP,WARMING_UP,0.0,0,85.934
197,6.5506,,0,5.0,0.55,5,3,0,2.7427,1.0,WARMING_UP,WARMING_UP,WARMING_UP,0.0,0,86.479
198,6.5616,,0,5.0,0.55,5,3,0,2.7537,1.0,WARMING_UP,WARMING_UP,WARMING_UP,0.0,0,86.728
199,6.5727,,0,5.0,0.55,5,3,0,2.7648,1.0,WARMING_UP,WARMING_UP,WARMING_UP,0.0,0,87.144
200,6.5838,,0,5.0,0.55,5,3,0,2.7759,1.0,WARMING_UP,WARMING_UP,WARMING_UP,0.0,0,87.099
201,6.5954,,0,5.0,0.55,5,3,0,2.7875,1.0,WARMING_UP,WARMING_UP,WARMING_UP,0.0,0,87.007
202,6.6069,,0,5.0,0.55,5,3,0,2.799,1.0,WARMING_UP,WARMING_UP,WARMING_UP,0.0,0,86.195
203,6.6196,,0,5.0,0.55,5,3,0,2.8117,1.0,WARMING_UP,WARMING_UP,WARMING_UP,0.0,0,86.459
204,6.6311,,0,5.0,0.55,5,3,0,2.8232,1.0,WARMING_UP,WARMING_UP,WARMING_UP,0.0,0,86.268
205,6.6425,,0,5.0,0.55,5,3,0,2.8346,1.0,WARMING_UP,WARMING_UP,WARMING_UP,0.0,0,86.605
206,6.6539,,0,5.0,0.55,5,3,0,2.846,1.0,WARMING_UP,WARMING_UP,WARMING_UP,0.0,0,86.457
207,6.6656,,0,5.0,0.55,5,3,0,2.8576,1.0,WARMING_UP,WARMING_UP,WARMING_UP,0.0,0,83.779
208,6.6823,,0,5.0,0.55,5,3,0,2.8744,1.0,WARMING_UP,WARMING_UP,WARMING_UP,0.0,0,81.144
209,6.6998,,0,5.0,0.55,5,3,0,2.8919,1.0,WARMING_UP,WARMING_UP,WARMING_UP,0.0,0,82.175
210,6.7107,,0,5.0,0.55,5,3,0,2.9028,1.0,WARMING_UP,WARMING_UP,WARMING_UP,0.0,0,82.445
211,6.7224,,0,5.0,0.55,5,3,0,2.9145,1.0,WARMING_UP,WARMING_UP,WARMING_UP,0.0,0,82.925
212,6.7339,,0,5.0,0.55,5,3,0,2.9259,1.0,WARMING_UP,WARMING_UP,WARMING_UP,0.0,0,84.065
213,6.7445,,0,5.0,0.55,5,3,0,2.9366,1.0,WARMING_UP,WARMING_UP,WARMING_UP,0.0,0,84.727
214,6.7555,,0,5.0,0.55,5,3,0,2.9476,1.0,WARMING_UP,WARMING_UP,WARMING_UP,0.0,0,84.44
215,6.768,,0,5.0,0.55,5,3,0,2.96,1.0,WARMING_UP,WARMING_UP,WARMING_UP,0.0,0,84.601
216,6.7795,,0,5.0,0.55,5,3,0,2.9715,1.0,WARMING_UP,WARMING_UP,WARMING_UP,0.0,0,84.635
217,6.7911,,0,5.0,0.55,5,3,0,2.9832,1.0,WARMING_UP,WARMING_UP,WARMING_UP,0.0,0,85.046
218,6.8023,,0,5.0,0.55,5,3,0,2.9944,1.0,WARMING_UP,WARMING_UP,WARMING_UP,0.0,0,85.48
219,6.8135,,0,5.0,0.55,5,3,0,3.0056,1.0,WARMING_UP,WARMING_UP,WARMING_UP,0.0,0,85.793
220,6.8248,,0,5.0,0.55,5,3,0,3.0168,1.0,WARMING_UP,WARMING_UP,WARMING_UP,0.0,0,83.101
221,6.8419,,0,5.0,0.55,5,3,0,3.0339,1.0,WARMING_UP,WARMING_UP,WARMING_UP,0.0,0,80.675
222,6.8589,,0,5.0,0.55,5,3,0,3.051,1.0,WARMING_UP,WARMING_UP,WARMING_UP,0.0,0,78.322
223,6.8764,,0,5.0,0.55,5,3,0,3.0685,1.0,WARMING_UP,WARMING_UP,WARMING_UP,0.0,0,78.819
224,6.8884,,0,5.0,0.55,5,3,0,3.0804,1.0,WARMING_UP,WARMING_UP,WARMING_UP,0.0,0,79.456
225,6.9002,,0,5.0,0.55,5,3,0,3.0923,1.0,WARMING_UP,WARMING_UP,WARMING_UP,0.0,0,80.392
226,6.9116,,0,5.0,0.55,5,3,0,3.1037,1.0,WARMING_UP,WARMING_UP,WARMING_UP,0.0,0,80.452
227,6.9237,,0,5.0,0.55,5,3,0,3.1158,1.0,WARMING_UP,WARMING_UP,WARMING_UP,0.0,0,78.999
228,6.9389,,0,5.0,0.55,5,3,0,3.131,1.0,WARMING_UP,WARMING_UP,WARMING_UP,0.0,0,79.621
229,6.9506,,0,5.0,0.55,5,3,0,3.1427,1.0,WARMING_UP,WARMING_UP,WARMING_UP,0.0,0,81.096
230,6.9612,,0,5.0,0.55,5,3,0,3.1533,1.0,WARMING_UP,WARMING_UP,WARMING_UP,0.0,0,81.069
231,6.9738,,0,5.0,0.55,5,3,0,3.1659,1.0,WARMING_UP,WARMING_UP,WARMING_UP,0.0,0,81.047
232,6.9861,,0,5.0,0.55,5,3,0,3.1782,1.0,WARMING_UP,WARMING_UP,WARMING_UP,0.0,0,81.414
233,6.9979,,0,5.0,0.55,5,3,0,3.19,1.0,WARMING_UP,WARMING_UP,WARMING_UP,0.0,0,81.586
234,7.0099,,0,5.0,0.55,5,3,0,3.2019,1.0,WARMING_UP,WARMING_UP,WARMING_UP,0.0,0,81.726
235,7.0219,,0,5.0,0.55,5,3,0,3.2139,1.0,WARMING_UP,WARMING_UP,WARMING_UP,0.0,0,81.694
236,7.0342,,0,5.0,0.55,5,3,0,3.2263,1.0,WARMING_UP,WARMING_UP,WARMING_UP,0.0,0,82.189
237,7.0457,,0,5.0,0.55,5,3,0,3.2377,1.0,WARMING_UP,WARMING_UP,WARMING_UP,0.0,0,82.394
238,7.0577,,0,5.0,0.55,5,3,0,3.2498,1.0,WARMING_UP,WARMING_UP,WARMING_UP,0.0,0,81.934
239,7.0704,,0,5.0,0.55,5,3,0,3.2625,1.0,WARMING_UP,WARMING_UP,WARMING_UP,0.0,0,81.598
240,7.0831,,0,5.0,0.55,5,3,0,3.2752,1.0,WARMING_UP,WARMING_UP,WARMING_UP,0.0,0,82.386
241,7.0944,,0,5.0,0.55,5,3,0,3.2864,1.0,WARMING_UP,WARMING_UP,WARMING_UP,0.0,0,82.743
242,7.1059,,0,5.0,0.55,5,3,0,3.2979,1.0,WARMING_UP,WARMING_UP,WARMING_UP,0.0,0,81.276
243,7.1206,,0,5.0,0.55,5,3,0,3.3127,1.0,WARMING_UP,WARMING_UP,WARMING_UP,0.0,0,81.304
244,7.1329,,0,5.0,0.55,5,3,0,3.325,1.0,WARMING_UP,WARMING_UP,WARMING_UP,0.0,0,79.358
245,7.1492,,0,5.0,0.55,5,3,0,3.3413,1.0,WARMING_UP,WARMING_UP,WARMING_UP,0.0,0,80.073
246,7.1606,,0,5.0,0.55,5,3,0,3.3526,1.0,WARMING_UP,WARMING_UP,WARMING_UP,0.0,0,78.183
247,7.1773,,0,5.0,0.55,5,3,0,3.3693,1.0,WARMING_UP,WARMING_UP,WARMING_UP,0.0,0,78.888
248,7.1887,,0,5.0,0.55,5,3,0,3.3807,1.0,WARMING_UP,WARMING_UP,WARMING_UP,0.0,0,79.637
249,7.2003,,0,5.0,0.55,5,3,0,3.3923,1.0,WARMING_UP,WARMING_UP,WARMING_UP,0.0,0,80.414
250,7.2117,,0,5.0,0.55,5,3,0,3.4038,1.0,WARMING_UP,WARMING_UP,WARMING_UP,0.0,0,80.959
251,7.2234,,0,5.0,0.55,5,3,0,3.4154,1.0,WARMING_UP,WARMING_UP,WARMING_UP,0.0,0,81.618
252,7.2348,,0,5.0,0.55,5,3,0,3.4268,1.0,WARMING_UP,WARMING_UP,WARMING_UP,0.0,0,82.321
253,7.2461,,0,5.0,0.55,5,3,0,3.4381,1.0,WARMING_UP,WARMING_UP,WARMING_UP,0.0,0,82.448
254,7.258,,0,5.0,0.55,5,3,0,3.4501,1.0,WARMING_UP,WARMING_UP,WARMING_UP,0.0,0,82.481
255,7.2701,,0,5.0,0.55,5,3,0,3.4621,1.0,WARMING_UP,WARMING_UP,WARMING_UP,0.0,0,82.785
256,7.2818,,0,5.0,0.55,5,3,0,3.4739,1.0,WARMING_UP,WARMING_UP,WARMING_UP,0.0,0,79.983
257,7.3002,,0,5.0,0.55,5,3,0,3.4923,1.0,WARMING_UP,WARMING_UP,WARMING_UP,0.0,0,77.305
258,7.3189,,0,5.0,0.55,5,3,0,3.5109,1.0,WARMING_UP,WARMING_UP,WARMING_UP,0.0,0,78.301
259,7.3304,,0,5.0,0.55,5,3,0,3.5224,1.0,WARMING_UP,WARMING_UP,WARMING_UP,0.0,0,79.078
260,7.3418,,0,5.0,0.55,5,3,0,3.5339,1.0,WARMING_UP,WARMING_UP,WARMING_UP,0.0,0,79.681
261,7.3537,,0,5.0,0.55,5,3,0,3.5458,1.0,WARMING_UP,WARMING_UP,WARMING_UP,0.0,0,80.601
262,7.3652,,0,5.0,0.55,5,3,0,3.5573,1.0,WARMING_UP,WARMING_UP,WARMING_UP,0.0,0,81.211
263,7.3763,,0,5.0,0.55,5,3,0,3.5684,1.0,WARMING_UP,WARMING_UP,WARMING_UP,0.0,0,81.924
264,7.3878,,0,5.0,0.55,5,3,0,3.5799,1.0,WARMING_UP,WARMING_UP,WARMING_UP,0.0,0,82.262
265,7.3995,,0,5.0,0.55,5,3,0,3.5915,1.0,WARMING_UP,WARMING_UP,WARMING_UP,0.0,0,83.207
266,7.4103,,0,5.0,0.55,5,3,0,3.6024,1.0,WARMING_UP,WARMING_UP,WARMING_UP,0.0,0,80.16
267,7.4295,,0,5.0,0.55,5,3,0,3.6215,1.0,WARMING_UP,WARMING_UP,WARMING_UP,0.0,0,80.939
268,7.4407,,0,5.0,0.55,5,3,0,3.6328,1.0,WARMING_UP,WARMING_UP,WARMING_UP,0.0,0,81.84
269,7.4519,,0,5.0,0.55,5,3,0,3.6439,1.0,WARMING_UP,WARMING_UP,WARMING_UP,0.0,0,82.785
270,7.4629,,0,5.0,0.55,5,3,0,3.6549,1.0,WARMING_UP,WARMING_UP,WARMING_UP,0.0,0,83.376
271,7.4741,,0,5.0,0.55,5,3,0,3.6662,1.0,WARMING_UP,WARMING_UP,WARMING_UP,0.0,0,81.495
272,7.4896,,0,5.0,0.55,5,3,0,3.6817,1.0,WARMING_UP,WARMING_UP,WARMING_UP,0.0,0,81.225
273,7.5022,,0,5.0,0.55,5,3,0,3.6943,1.0,WARMING_UP,WARMING_UP,WARMING_UP,0.0,0,82.512
274,7.513,,0,5.0,0.55,5,3,0,3.7051,1.0,WARMING_UP,WARMING_UP,WARMING_UP,0.0,0,83.011
275,7.5243,,0,5.0,0.55,5,3,0,3.7163,1.0,WARMING_UP,WARMING_UP,WARMING_UP,0.0,0,80.551
276,7.5414,,0,5.0,0.55,5,3,0,3.7335,1.0,WARMING_UP,WARMING_UP,WARMING_UP,0.0,0,81.128
277,7.553,,0,5.0,0.55,5,3,0,3.7451,1.0,WARMING_UP,WARMING_UP,WARMING_UP,0.0,0,82.4
278,7.5643,,0,5.0,0.55,5,3,0,3.7564,1.0,WARMING_UP,WARMING_UP,WARMING_UP,0.0,0,82.305
279,7.5759,,0,5.0,0.55,5,3,0,3.7679,1.0,WARMING_UP,WARMING_UP,WARMING_UP,0.0,0,82.766
280,7.5875,,0,5.0,0.55,5,3,0,3.7796,1.0,WARMING_UP,WARMING_UP,WARMING_UP,0.0,0,81.761
281,7.6013,,0,5.0,0.55,5,3,0,3.7933,1.0,WARMING_UP,WARMING_UP,WARMING_UP,0.0,0,82.802
282,7.612,,0,5.0,0.55,5,3,0,3.8041,1.0,WARMING_UP,WARMING_UP,WARMING_UP,0.0,0,83.123
283,7.6236,,0,5.0,0.55,5,3,0,3.8157,1.0,WARMING_UP,WARMING_UP,WARMING_UP,0.0,0,83.325
284,7.6354,,0,5.0,0.55,5,3,0,3.8275,1.0,WARMING_UP,WARMING_UP,WARMING_UP,0.0,0,83.952
285,7.6466,,0,5.0,0.55,5,3,0,3.8386,1.0,WARMING_UP,WARMING_UP,WARMING_UP,0.0,0,84.514
286,7.6578,,0,5.0,0.55,5,3,0,3.8498,1.0,WARMING_UP,WARMING_UP,WARMING_UP,0.0,0,84.411
287,7.6698,,0,5.0,0.55,5,3,0,3.8619,1.0,WARMING_UP,WARMING_UP,WARMING_UP,0.0,0,84.235
288,7.6822,,0,5.0,0.55,5,3,0,3.8743,1.0,WARMING_UP,WARMING_UP,WARMING_UP,0.0,0,83.573
289,7.6948,,0,5.0,0.55,5,3,0,3.8869,1.0,WARMING_UP,WARMING_UP,WARMING_UP,0.0,0,80.817
290,7.7128,,0,5.0,0.55,5,3,0,3.9048,1.0,WARMING_UP,WARMING_UP,WARMING_UP,0.0,0,79.987
291,7.7268,,0,5.0,0.55,5,3,0,3.9189,1.0,WARMING_UP,WARMING_UP,WARMING_UP,0.0,0,80.324
292,7.7384,,0,5.0,0.55,5,3,0,3.9304,1.0,WARMING_UP,WARMING_UP,WARMING_UP,0.0,0,77.433
293,7.7578,,0,5.0,0.55,5,3,0,3.9499,1.0,WARMING_UP,WARMING_UP,WARMING_UP,0.0,0,78.354
294,7.7693,,0,5.0,0.55,5,3,0,3.9614,1.0,WARMING_UP,WARMING_UP,WARMING_UP,0.0,0,78.514
295,7.7821,,0,5.0,0.55,5,3,0,3.9741,1.0,WARMING_UP,WARMING_UP,WARMING_UP,0.0,0,78.062
296,7.7954,,0,5.0,0.55,5,3,0,3.9874,1.0,WARMING_UP,WARMING_UP,WARMING_UP,0.0,0,79.035
297,7.8068,,0,5.0,0.55,5,3,0,3.9989,1.0,WARMING_UP,WARMING_UP,WARMING_UP,0.0,0,79.142
298,7.8193,,0,5.0,0.55,5,3,0,4.0114,1.0,leg_raise_lower,UNKNOWN,UNKNOWN,0.31,1,73.273
299,7.8686,,0,5.0,0.55,5,3,0,4.0606,1.0,leg_raise_lower,UNKNOWN,UNKNOWN,0.31,0,74.376
300,7.8799,,0,5.0,0.55,5,3,0,4.0719,1.0,leg_raise_lower,UNKNOWN,UNKNOWN,0.31,0,74.323
301,7.8935,,0,5.0,0.55,5,3,0,4.0856,1.0,leg_raise_lower,UNKNOWN,UNKNOWN,0.31,0,73.441
302,7.9088,,0,5.0,0.55,5,3,0,4.1008,1.0,leg_raise_lower,UNKNOWN,UNKNOWN,0.31,0,74.731
303,7.9205,,0,5.0,0.55,5,3,0,4.1125,1.0,leg_raise_lower,UNKNOWN,UNKNOWN,0.31,0,75.759
304,7.9325,,0,5.0,0.55,5,3,0,4.1246,1.0,leg_raise_lower,UNKNOWN,UNKNOWN,0.31,0,76.719
305,7.9437,,0,5.0,0.55,5,3,0,4.1358,1.0,leg_raise_lower,UNKNOWN,UNKNOWN,0.31,0,77.97
306,7.955,,0,5.0,0.55,5,3,0,4.1471,1.0,leg_raise_lower,UNKNOWN,UNKNOWN,0.31,0,77.339
307,7.9691,,0,5.0,0.55,5,3,0,4.1611,1.0,leg_raise_lower,UNKNOWN,UNKNOWN,0.31,0,78.789
308,7.9798,,0,5.0,0.55,5,3,0,4.1719,1.0,leg_raise_lower,UNKNOWN,UNKNOWN,0.31,0,79.872
309,7.991,,0,5.0,0.55,5,3,0,4.1831,1.0,leg_raise_lower,UNKNOWN,UNKNOWN,0.31,0,80.18
310,8.0031,,0,5.0,0.55,5,3,0,4.1952,1.0,leg_raise_lower,UNKNOWN,UNKNOWN,0.31,0,81.13
311,8.0145,,0,5.0,0.55,5,3,0,4.2066,1.0,leg_raise_lower,UNKNOWN,UNKNOWN,0.31,0,81.19
312,8.0264,,0,5.0,0.55,5,3,0,4.2185,1.0,leg_raise_lower,UNKNOWN,UNKNOWN,0.31,0,81.846
313,8.038,,0,5.0,0.55,5,3,0,4.23,1.0,leg_raise_lower,UNKNOWN,UNKNOWN,0.31,0,78.874
314,8.0573,,0,5.0,0.55,5,3,0,4.2494,1.0,leg_raise_lower,UNKNOWN,UNKNOWN,0.31,0,79.319
315,8.0691,,0,5.0,0.55,5,3,0,4.2611,1.0,leg_raise_lower,UNKNOWN,UNKNOWN,0.31,0,80.204
316,8.0805,,0,5.0,0.55,5,3,0,4.2726,1.0,leg_raise_lower,UNKNOWN,UNKNOWN,0.29,1,74.235
317,8.1295,,0,5.0,0.55,5,3,0,4.3216,1.0,leg_raise_lower,UNKNOWN,UNKNOWN,0.29,0,72.609
318,8.1464,,0,5.0,0.55,5,3,0,4.3385,1.0,leg_raise_lower,UNKNOWN,UNKNOWN,0.29,0,73.86
319,8.1582,,0,5.0,0.55,5,3,0,4.3502,1.0,leg_raise_lower,UNKNOWN,UNKNOWN,0.29,0,74.917
320,8.1701,,0,5.0,0.55,5,3,0,4.3622,1.0,leg_raise_lower,UNKNOWN,UNKNOWN,0.29,0,75.864
321,8.1821,,0,5.0,0.55,5,3,0,4.3741,1.0,leg_raise_lower,UNKNOWN,UNKNOWN,0.29,0,75.973
322,8.195,,0,5.0,0.55,5,3,0,4.387,1.0,leg_raise_lower,UNKNOWN,UNKNOWN,0.29,0,74.9
323,8.2103,,0,5.0,0.55,5,3,0,4.4023,1.0,leg_raise_lower,UNKNOWN,UNKNOWN,0.29,0,72.743
324,8.2292,,0,5.0,0.55,5,3,0,4.4212,1.0,leg_raise_lower,UNKNOWN,UNKNOWN,0.29,0,73.804
325,8.2409,,0,5.0,0.55,5,3,0,4.433,1.0,leg_raise_lower,UNKNOWN,UNKNOWN,0.29,0,74.928
326,8.2528,,0,5.0,0.55,5,3,0,4.4449,1.0,leg_raise_lower,UNKNOWN,UNKNOWN,0.29,0,75.058
327,8.2658,,0,5.0,0.55,5,3,0,4.4579,1.0,leg_raise_lower,UNKNOWN,UNKNOWN,0.29,0,76.198
328,8.2773,,0,5.0,0.55,5,3,0,4.4694,1.0,leg_raise_lower,UNKNOWN,UNKNOWN,0.29,0,75.138
329,8.2926,,0,5.0,0.55,5,3,0,4.4847,1.0,leg_raise_lower,UNKNOWN,UNKNOWN,0.29,0,75.297
330,8.3057,,0,5.0,0.55,5,3,0,4.4977,1.0,leg_raise_lower,UNKNOWN,UNKNOWN,0.29,0,76.505
331,8.3172,,0,5.0,0.55,5,3,0,4.5092,1.0,leg_raise_lower,UNKNOWN,UNKNOWN,0.29,0,77.715
332,8.3286,,0,5.0,0.55,5,3,0,4.5206,1.0,leg_raise_lower,UNKNOWN,UNKNOWN,0.29,0,75.235
333,8.3475,,0,5.0,0.55,5,3,0,4.5395,1.0,leg_raise_lower,UNKNOWN,UNKNOWN,0.2833,1,69.761
334,8.3964,,0,5.0,0.55,5,3,0,4.5885,1.0,leg_raise_lower,UNKNOWN,UNKNOWN,0.2833,0,68.155
335,8.4149,,0,5.0,0.55,5,3,0,4.607,1.0,leg_raise_lower,UNKNOWN,UNKNOWN,0.2833,0,69.201
336,8.4274,,0,5.0,0.55,5,3,0,4.6195,1.0,leg_raise_lower,UNKNOWN,UNKNOWN,0.2833,0,70.372
337,8.4398,,0,5.0,0.55,5,3,0,4.6318,1.0,leg_raise_lower,UNKNOWN,UNKNOWN,0.2833,0,68.919
338,8.4579,,0,5.0,0.55,5,3,0,4.6499,1.0,leg_raise_lower,UNKNOWN,UNKNOWN,0.2833,0,67.815
339,8.4751,,0,5.0,0.55,5,3,0,4.6672,1.0,leg_raise_lower,UNKNOWN,UNKNOWN,0.2833,0,68.849
340,8.488,,0,5.0,0.55,5,3,0,4.6801,1.0,leg_raise_lower,UNKNOWN,UNKNOWN,0.2833,0,69.16
341,8.502,,0,5.0,0.55,5,3,0,4.694,1.0,leg_raise_lower,UNKNOWN,UNKNOWN,0.2833,0,67.363
342,8.5214,,0,5.0,0.55,5,3,0,4.7135,1.0,leg_raise_lower,UNKNOWN,UNKNOWN,0.2833,0,65.354
343,8.5424,,0,5.0,0.55,5,3,0,4.7345,1.0,leg_raise_lower,UNKNOWN,UNKNOWN,0.2833,0,63.724
344,8.5634,,0,5.0,0.55,5,3,0,4.7554,1.0,leg_raise_lower,UNKNOWN,UNKNOWN,0.2833,0,61.831
345,8.5858,,0,5.0,0.55,5,3,0,4.7779,1.0,leg_raise_lower,UNKNOWN,UNKNOWN,0.2833,0,60.432
346,8.606,,0,5.0,0.55,5,3,0,4.7981,1.0,leg_raise_lower,UNKNOWN,UNKNOWN,0.2767,1,56.165
347,8.6629,,0,5.0,0.55,5,3,0,4.855,1.0,leg_raise_lower,UNKNOWN,UNKNOWN,0.2767,0,58.5
348,8.6749,,0,5.0,0.55,5,3,0,4.867,1.0,leg_raise_lower,UNKNOWN,UNKNOWN,0.2767,0,60.323
349,8.6879,,0,5.0,0.55,5,3,0,4.88,1.0,leg_raise_lower,UNKNOWN,UNKNOWN,0.2767,0,62.719
350,8.7,,0,5.0,0.55,5,3,0,4.892,1.0,leg_raise_lower,UNKNOWN,UNKNOWN,0.2767,0,64.866
351,8.7118,,0,5.0,0.55,5,3,0,4.9039,1.0,leg_raise_lower,UNKNOWN,UNKNOWN,0.2767,0,66.057
352,8.7247,,0,5.0,0.55,5,3,0,4.9167,1.0,leg_raise_lower,UNKNOWN,UNKNOWN,0.2767,0,67.538
353,8.7371,,0,5.0,0.55,5,3,0,4.9291,1.0,leg_raise_lower,UNKNOWN,UNKNOWN,0.2767,0,68.721
354,8.75,,0,5.0,0.55,5,3,0,4.9421,1.0,leg_raise_lower,UNKNOWN,UNKNOWN,0.2767,0,70.063
355,8.7618,,0,5.0,0.55,5,3,0,4.9538,1.0,leg_raise_lower,UNKNOWN,UNKNOWN,0.2767,0,70.981
356,8.7744,,0,5.0,0.55,5,3,0,4.9665,1.0,leg_raise_lower,UNKNOWN,UNKNOWN,0.2767,0,70.733
357,8.7891,,0,5.0,0.55,5,3,0,4.9811,1.0,leg_raise_lower,UNKNOWN,UNKNOWN,0.2767,0,70.018
358,8.8048,,0,5.0,0.55,5,3,0,4.9969,1.0,leg_raise_lower,UNKNOWN,UNKNOWN,0.2767,0,69.498
359,8.8202,,0,5.0,0.55,5,3,0,4.9888,1.0,leg_raise_lower,UNKNOWN,UNKNOWN,0.2767,0,71.13
360,8.8325,,0,5.0,0.55,5,3,0,4.9814,1.0,leg_raise_lower,UNKNOWN,UNKNOWN,0.2767,0,71.895
361,8.8444,,0,5.0,0.55,5,3,0,4.9933,1.0,leg_raise_lower,UNKNOWN,UNKNOWN,0.2767,0,72.115
362,8.8581,,0,5.0,0.55,5,3,0,4.9873,1.0,leg_raise_lower,UNKNOWN,UNKNOWN,0.2567,1,66.526
363,8.9199,,0,5.0,0.55,5,3,0,4.9966,1.0,leg_raise_lower,UNKNOWN,UNKNOWN,0.2567,0,67.908
364,8.9326,,0,5.0,0.55,5,3,0,4.9904,1.0,leg_raise_lower,UNKNOWN,UNKNOWN,0.2567,0,69.075
365,8.9447,,0,5.0,0.55,5,3,0,4.9909,1.0,leg_raise_lower,UNKNOWN,UNKNOWN,0.2567,0,69.869
366,8.9577,,0,5.0,0.55,5,3,0,4.991,1.0,leg_raise_lower,UNKNOWN,UNKNOWN,0.2567,0,70.457
367,8.9709,,0,5.0,0.55,5,3,0,4.9927,1.0,leg_raise_lower,UNKNOWN,UNKNOWN,0.2567,0,71.72
368,8.9833,,0,5.0,0.55,5,3,0,4.9934,1.0,leg_raise_lower,UNKNOWN,UNKNOWN,0.2567,0,72.608
369,8.9955,,0,5.0,0.55,5,3,0,4.9938,1.0,leg_raise_lower,UNKNOWN,UNKNOWN,0.2567,0,72.159
370,9.01,,0,5.0,0.55,5,3,0,4.9483,1.0,leg_raise_lower,UNKNOWN,UNKNOWN,0.2567,0,71.846
371,9.0245,,0,5.0,0.55,5,3,0,4.9628,1.0,leg_raise_lower,UNKNOWN,UNKNOWN,0.2567,0,69.605
372,9.0449,,0,5.0,0.55,5,3,0,4.9832,1.0,leg_raise_lower,UNKNOWN,UNKNOWN,0.2567,0,70.215
373,9.0579,,0,5.0,0.55,5,3,0,4.9962,1.0,leg_raise_lower,UNKNOWN,UNKNOWN,0.2567,0,70.378
374,9.0718,,0,5.0,0.55,5,3,0,4.9986,1.0,leg_raise_lower,UNKNOWN,UNKNOWN,0.2567,0,70.726
375,9.0853,,0,5.0,0.55,5,3,0,4.9891,1.0,leg_raise_lower,UNKNOWN,UNKNOWN,0.2567,0,72.144
376,9.0973,,0,5.0,0.55,5,3,0,4.9902,1.0,leg_raise_lower,UNKNOWN,UNKNOWN,0.2567,0,69.424
377,9.1194,,0,5.0,0.55,5,3,0,4.9875,1.0,leg_raise_lower,UNKNOWN,UNKNOWN,0.2333,1,63.967
378,9.1871,,0,5.0,0.55,5,3,0,4.9968,1.0,leg_raise_lower,UNKNOWN,UNKNOWN,0.2333,0,65.547
379,9.1999,,0,5.0,0.55,5,3,0,4.9981,1.0,leg_raise_lower,UNKNOWN,UNKNOWN,0.2333,0,63.972
380,9.2193,,0,5.0,0.55,5,3,0,4.9909,1.0,leg_raise_lower,UNKNOWN,UNKNOWN,0.2333,0,66.381
381,9.2308,,0,5.0,0.55,5,3,0,4.9911,1.0,leg_raise_lower,UNKNOWN,UNKNOWN,0.2333,0,68.133
382,9.2426,,0,5.0,0.55,5,3,0,4.9896,1.0,leg_raise_lower,UNKNOWN,UNKNOWN,0.2333,0,69.699
383,9.2546,,0,5.0,0.55,5,3,0,4.9508,1.0,leg_raise_lower,UNKNOWN,UNKNOWN,0.2333,0,70.961
384,9.2669,,0,5.0,0.55,5,3,0,4.9631,1.0,leg_raise_lower,UNKNOWN,UNKNOWN,0.2333,0,69.972
385,9.2832,,0,5.0,0.55,5,3,0,4.9794,1.0,leg_raise_lower,UNKNOWN,UNKNOWN,0.2333,0,67.732
386,9.3041,,0,5.0,0.55,5,3,0,4.9879,1.0,leg_raise_lower,UNKNOWN,UNKNOWN,0.2333,0,66.226
387,9.323,,0,5.0,0.55,5,3,0,4.9923,1.0,leg_raise_lower,UNKNOWN,UNKNOWN,0.2333,0,67.584
388,9.3357,,0,5.0,0.55,5,3,0,4.9936,1.0,leg_raise_lower,UNKNOWN,UNKNOWN,0.2333,0,66.326
389,9.3538,,0,5.0,0.55,5,3,0,4.9933,1.0,leg_raise_lower,UNKNOWN,UNKNOWN,0.2333,0,68.505
390,9.3653,,0,5.0,0.55,5,3,0,4.9933,1.0,leg_raise_lower,UNKNOWN,UNKNOWN,0.2333,0,70.068
391,9.3769,,0,5.0,0.55,5,3,0,4.9923,1.0,leg_raise_lower,UNKNOWN,UNKNOWN,0.2467,1,65.079
392,9.4268,,0,5.0,0.55,5,3,0,4.9859,1.0,leg_raise_lower,UNKNOWN,UNKNOWN,0.2467,0,66.726
393,9.4388,,0,5.0,0.55,5,3,0,4.9979,1.0,leg_raise_lower,UNKNOWN,UNKNOWN,0.2467,0,68.421
394,9.4508,,0,5.0,0.55,5,3,0,4.997,1.0,leg_raise_lower,UNKNOWN,UNKNOWN,0.2467,0,70.095
395,9.4624,,0,5.0,0.55,5,3,0,4.989,1.0,leg_raise_lower,UNKNOWN,UNKNOWN,0.2467,0,71.04
396,9.4751,,0,5.0,0.55,5,3,0,4.9817,1.0,leg_raise_lower,UNKNOWN,UNKNOWN,0.2467,0,71.961
397,9.4877,,0,5.0,0.55,5,3,0,4.9944,1.0,leg_raise_lower,UNKNOWN,UNKNOWN,0.2467,0,73.343
398,9.4996,,0,5.0,0.55,5,3,0,4.9948,1.0,leg_raise_lower,UNKNOWN,UNKNOWN,0.2467,0,74.401
399,9.5109,,0,5.0,0.55,5,3,0,4.9461,1.0,leg_raise_lower,UNKNOWN,UNKNOWN,0.2467,0,75.425
400,9.523,,0,5.0,0.55,5,3,0,4.9582,1.0,leg_raise_lower,UNKNOWN,UNKNOWN,0.2467,0,73.37
401,9.5412,,0,5.0,0.55,5,3,0,4.9764,1.0,leg_raise_lower,UNKNOWN,UNKNOWN,0.2467,0,74.135
402,9.5537,,0,5.0,0.55,5,3,0,4.9889,1.0,leg_raise_lower,UNKNOWN,UNKNOWN,0.2467,0,75.087
403,9.5657,,0,5.0,0.55,5,3,0,4.9889,1.0,leg_raise_lower,UNKNOWN,UNKNOWN,0.2467,0,75.91
404,9.5774,,0,5.0,0.55,5,3,0,4.9862,1.0,leg_raise_lower,UNKNOWN,UNKNOWN,0.2467,0,76.859
405,9.5891,,0,5.0,0.55,5,3,0,4.9979,1.0,leg_raise_lower,UNKNOWN,UNKNOWN,0.2467,0,77.33
406,9.6014,,0,5.0,0.55,5,3,0,4.9962,1.0,leg_raise_lower,UNKNOWN,UNKNOWN,0.2467,0,78.416
407,9.6126,,0,5.0,0.55,5,3,0,4.9957,1.0,leg_raise_lower,UNKNOWN,UNKNOWN,0.2467,0,78.669
408,9.6251,,0,5.0,0.55,5,3,0,4.9968,1.0,leg_raise_lower,UNKNOWN,UNKNOWN,0.2467,0,78.843
409,9.6378,,0,5.0,0.55,5,3,0,4.9889,1.0,sit_stand,UNKNOWN,UNKNOWN,0.22,1,72.941
410,9.6885,,0,5.0,0.55,5,3,0,4.9998,1.0,sit_stand,UNKNOWN,UNKNOWN,0.22,0,73.021
411,9.7018,,0,5.0,0.55,5,3,0,4.9885,1.0,sit_stand,UNKNOWN,UNKNOWN,0.22,0,73.792
412,9.7142,,0,5.0,0.55,5,3,0,4.9893,1.0,sit_stand,UNKNOWN,UNKNOWN,0.22,0,74.356
413,9.7265,,0,5.0,0.55,5,3,0,4.9894,1.0,sit_stand,UNKNOWN,UNKNOWN,0.22,0,74.701
414,9.7398,,0,5.0,0.55,5,3,0,4.9901,1.0,sit_stand,UNKNOWN,UNKNOWN,0.22,0,73.49
415,9.7556,,0,5.0,0.55,5,3,0,4.9939,1.0,sit_stand,UNKNOWN,UNKNOWN,0.22,0,73.268
416,9.7696,,0,5.0,0.55,5,3,0,4.9479,1.0,sit_stand,UNKNOWN,UNKNOWN,0.22,0,72.663
417,9.7849,,0,5.0,0.55,5,3,0,4.9631,1.0,sit_stand,UNKNOWN,UNKNOWN,0.22,0,73.626
418,9.797,,0,5.0,0.55,5,3,0,4.9752,1.0,sit_stand,UNKNOWN,UNKNOWN,0.22,0,74.284
419,9.8089,,0,5.0,0.55,5,3,0,4.9872,1.0,sit_stand,UNKNOWN,UNKNOWN,0.22,0,75.135
420,9.8211,,0,5.0,0.55,5,3,0,4.9993,1.0,sit_stand,UNKNOWN,UNKNOWN,0.22,0,76.08
421,9.8332,,0,5.0,0.55,5,3,0,4.9992,1.0,sit_stand,UNKNOWN,UNKNOWN,0.22,0,77.057
422,9.8444,,0,5.0,0.55,5,3,0,4.9982,1.0,sit_stand,UNKNOWN,UNKNOWN,0.22,0,75.193
423,9.8621,,0,5.0,0.55,5,3,0,4.9859,1.0,sit_stand,UNKNOWN,UNKNOWN,0.22,0,75.535
424,9.8743,,0,5.0,0.55,5,3,0,4.9981,1.0,sit_stand,UNKNOWN,UNKNOWN,0.22,0,75.777
425,9.8871,,0,5.0,0.55,5,3,0,4.9994,1.0,sit_stand,UNKNOWN,UNKNOWN,0.22,0,76.434
426,9.8997,,0,5.0,0.55,5,3,0,4.9997,1.0,sit_stand,UNKNOWN,UNKNOWN,0.2133,1,70.427
427,9.961,,0,5.0,0.55,5,3,0,4.9986,1.0,sit_stand,UNKNOWN,UNKNOWN,0.2133,0,71.058
428,9.9736,,0,5.0,0.55,5,3,0,4.9997,1.0,sit_stand,UNKNOWN,UNKNOWN,0.2133,0,71.549
429,9.9866,,0,5.0,0.55,5,3,0,4.988,1.0,sit_stand,UNKNOWN,UNKNOWN,0.2133,0,69.396
430,10.0069,,0,5.0,0.55,5,3,0,4.9974,1.0,sit_stand,UNKNOWN,UNKNOWN,0.2133,0,68.731
431,10.0227,,0,5.0,0.55,5,3,0,4.9897,1.0,sit_stand,UNKNOWN,UNKNOWN,0.2133,0,69.78
432,10.0351,,0,5.0,0.55,5,3,0,4.9914,1.0,sit_stand,UNKNOWN,UNKNOWN,0.2133,0,70.63
433,10.048,,0,5.0,0.55,5,3,0,4.9928,1.0,sit_stand,UNKNOWN,UNKNOWN,0.2133,0,71.414
434,10.0606,,0,5.0,0.55,5,3,0,4.9929,1.0,sit_stand,UNKNOWN,UNKNOWN,0.2133,0,69.661
435,10.0795,,0,5.0,0.55,5,3,0,4.9891,1.0,sit_stand,UNKNOWN,UNKNOWN,0.2133,0,70.557
436,10.0922,,0,5.0,0.55,5,3,0,4.9899,1.0,sit_stand,UNKNOWN,UNKNOWN,0.2133,0,71.464
437,10.1047,,0,5.0,0.55,5,3,0,4.9904,1.0,sit_stand,UNKNOWN,UNKNOWN,0.2133,0,69.487
438,10.1241,,0,5.0,0.55,5,3,0,4.9917,1.0,sit_stand,UNKNOWN,UNKNOWN,0.2133,0,69.992
439,10.1376,,0,5.0,0.55,5,3,0,4.9942,1.0,sit_stand,UNKNOWN,UNKNOWN,0.2133,0,71.376
440,10.1496,,0,5.0,0.55,5,3,0,4.9948,1.0,sit_stand,UNKNOWN,UNKNOWN,0.2133,0,70.094
441,10.1667,,0,5.0,0.55,5,3,0,4.9846,1.0,sit_stand,UNKNOWN,UNKNOWN,0.2433,1,64.947
442,10.2205,,0,5.0,0.55,5,3,0,4.9938,1.0,sit_stand,UNKNOWN,UNKNOWN,0.2433,0,66.601
443,10.2324,,0,5.0,0.55,5,3,0,4.994,1.0,sit_stand,UNKNOWN,UNKNOWN,0.2433,0,68.217
444,10.2443,,0,5.0,0.55,5,3,0,4.9866,1.0,sit_stand,UNKNOWN,UNKNOWN,0.2433,0,69.672
445,10.2566,,0,5.0,0.55,5,3,0,4.9989,1.0,sit_stand,UNKNOWN,UNKNOWN,0.2433,0,70.669
446,10.2689,,0,5.0,0.55,5,3,0,4.9926,1.0,sit_stand,UNKNOWN,UNKNOWN,0.2433,0,72.025
447,10.281,,0,5.0,0.55,5,3,0,4.9933,1.0,sit_stand,UNKNOWN,UNKNOWN,0.2433,0,73.137
448,10.293,,0,5.0,0.55,5,3,0,4.9918,1.0,sit_stand,UNKNOWN,UNKNOWN,0.2433,0,73.871
449,10.3056,,0,5.0,0.55,5,3,0,4.9882,1.0,sit_stand,UNKNOWN,UNKNOWN,0.2433,0,73.467
450,10.3196,,0,5.0,0.55,5,3,0,4.9907,1.0,sit_stand,UNKNOWN,UNKNOWN,0.2433,0,74.339
451,10.3319,,0,5.0,0.55,5,3,0,4.9914,1.0,sit_stand,UNKNOWN,UNKNOWN,0.2433,0,71.885
452,10.352,,0,5.0,0.55,5,3,0,4.9994,1.0,sit_stand,UNKNOWN,UNKNOWN,0.2433,0,72.311
453,10.3651,,0,5.0,0.55,5,3,0,4.9897,1.0,sit_stand,UNKNOWN,UNKNOWN,0.2433,0,73.318
454,10.3772,,0,5.0,0.55,5,3,0,4.9903,1.0,sit_stand,UNKNOWN,UNKNOWN,0.2433,0,73.924
455,10.3898,,0,5.0,0.55,5,3,0,4.9913,1.0,sit_stand,UNKNOWN,UNKNOWN,0.2433,0,74.634
456,10.4021,,0,5.0,0.55,5,3,0,4.9918,1.0,sit_stand,UNKNOWN,UNKNOWN,0.2433,0,75.811
457,10.4136,,0,5.0,0.55,5,3,0,4.9922,1.0,sit_stand,UNKNOWN,UNKNOWN,0.2433,0,76.804
458,10.4254,,0,5.0,0.55,5,3,0,4.9923,1.0,sit_stand,UNKNOWN,UNKNOWN,0.2367,1,71.144
459,10.4752,,0,5.0,0.55,5,3,0,4.9961,1.0,sit_stand,UNKNOWN,UNKNOWN,0.2367,0,71.656
460,10.4879,,0,5.0,0.55,5,3,0,4.9895,1.0,sit_stand,UNKNOWN,UNKNOWN,0.2367,0,70.845
461,10.5035,,0,5.0,0.55,5,3,0,4.9942,1.0,sit_stand,UNKNOWN,UNKNOWN,0.2367,0,72.292
462,10.5153,,0,5.0,0.55,5,3,0,4.9936,1.0,sit_stand,UNKNOWN,UNKNOWN,0.2367,0,73.354
463,10.5273,,0,5.0,0.55,5,3,0,4.9901,1.0,sit_stand,UNKNOWN,UNKNOWN,0.2367,0,71.413
464,10.5459,,0,5.0,0.55,5,3,0,4.9966,1.0,sit_stand,UNKNOWN,UNKNOWN,0.2367,0,69.328
465,10.5659,,0,5.0,0.55,5,3,0,4.9826,1.0,sit_stand,UNKNOWN,UNKNOWN,0.2367,0,70.631
466,10.5777,,0,5.0,0.55,5,3,0,4.9944,1.0,sit_stand,UNKNOWN,UNKNOWN,0.2367,0,71.703
467,10.5901,,0,5.0,0.55,5,3,0,4.995,1.0,sit_stand,UNKNOWN,UNKNOWN,0.2367,0,72.143
468,10.6032,,0,5.0,0.55,5,3,0,4.9883,1.0,sit_stand,UNKNOWN,UNKNOWN,0.2367,0,70.435
469,10.6215,,0,5.0,0.55,5,3,0,4.9953,1.0,sit_stand,UNKNOWN,UNKNOWN,0.2367,0,71.362
470,10.6342,,0,5.0,0.55,5,3,0,4.9897,1.0,sit_stand,UNKNOWN,UNKNOWN,0.2367,0,71.991
471,10.647,,0,5.0,0.55,5,3,0,4.9913,1.0,sit_stand,UNKNOWN,UNKNOWN,0.2367,0,71.672
472,10.6614,,0,5.0,0.55,5,3,0,4.993,1.0,sit_stand,UNKNOWN,UNKNOWN,0.2367,0,72.599
473,10.6737,,0,5.0,0.55,5,3,0,4.9939,1.0,sit_stand,UNKNOWN,UNKNOWN,0.2367,0,73.55
474,10.686,,0,5.0,0.55,5,3,0,4.987,1.0,sit_stand,UNKNOWN,UNKNOWN,0.2433,1,68.197
475,10.7365,,0,5.0,0.55,5,3,0,4.9979,1.0,sit_stand,UNKNOWN,UNKNOWN,0.2433,0,69.42
476,10.7484,,0,5.0,0.55,5,3,0,4.9982,1.0,sit_stand,UNKNOWN,UNKNOWN,0.2433,0,70.942
477,10.7602,,0,5.0,0.55,5,3,0,4.9905,1.0,sit_stand,UNKNOWN,UNKNOWN,0.2433,0,69.452
478,10.7783,,0,5.0,0.55,5,3,0,4.99,1.0,sit_stand,UNKNOWN,UNKNOWN,0.2433,0,70.869
479,10.7899,,0,5.0,0.55,5,3,0,4.9904,1.0,sit_stand,UNKNOWN,UNKNOWN,0.2433,0,71.551
480,10.803,,0,5.0,0.55,5,3,0,4.9929,1.0,sit_stand,UNKNOWN,UNKNOWN,0.2433,0,72.632
481,10.8151,,0,5.0,0.55,5,3,0,4.9944,1.0,sit_stand,UNKNOWN,UNKNOWN,0.2433,0,74.063
482,10.8264,,0,5.0,0.55,5,3,0,4.9927,1.0,sit_stand,UNKNOWN,UNKNOWN,0.2433,0,73.726
483,10.8409,,0,5.0,0.55,5,3,0,4.9963,1.0,sit_stand,UNKNOWN,UNKNOWN,0.2433,0,73.857
484,10.8541,,0,5.0,0.55,5,3,0,4.998,1.0,sit_stand,UNKNOWN,UNKNOWN,0.2433,0,73.678
485,10.8682,,0,5.0,0.55,5,3,0,4.993,1.0,sit_stand,UNKNOWN,UNKNOWN,0.2433,0,74.667
486,10.8803,,0,5.0,0.55,5,3,0,4.9925,1.0,sit_stand,UNKNOWN,UNKNOWN,0.2433,0,74.882
487,10.8929,,0,5.0,0.55,5,3,0,4.9921,1.0,sit_stand,UNKNOWN,UNKNOWN,0.2433,0,72.265
488,10.9136,,0,5.0,0.55,5,3,0,4.9834,1.0,sit_stand,UNKNOWN,UNKNOWN,0.2433,0,72.984
489,10.9261,,0,5.0,0.55,5,3,0,4.9959,1.0,sit_stand,UNKNOWN,UNKNOWN,0.2433,0,73.266
490,10.9392,,0,5.0,0.55,5,3,0,4.989,1.0,sit_stand,UNKNOWN,UNKNOWN,0.2567,1,67.586
491,11.0009,,0,5.0,0.55,5,3,0,4.9905,1.0,sit_stand,UNKNOWN,UNKNOWN,0.2567,0,66.67
492,11.0175,,0,5.0,0.55,5,3,0,4.9954,1.0,sit_stand,UNKNOWN,UNKNOWN,0.2567,0,67.714
493,11.0301,,0,5.0,0.55,5,3,0,4.9963,1.0,sit_stand,UNKNOWN,UNKNOWN,0.2567,0,68.648
494,11.0431,,0,5.0,0.55,5,3,0,4.9982,1.0,sit_stand,UNKNOWN,UNKNOWN,0.2567,0,68.819
495,11.0573,,0,5.0,0.55,5,3,0,4.9984,1.0,sit_stand,UNKNOWN,UNKNOWN,0.2567,0,67.557
496,11.0752,,0,5.0,0.55,5,3,0,4.9927,1.0,sit_stand,UNKNOWN,UNKNOWN,0.2567,0,68.267
497,11.0883,,0,5.0,0.55,5,3,0,4.9949,1.0,sit_stand,UNKNOWN,UNKNOWN,0.2567,0,68.927
498,11.1019,,0,5.0,0.55,5,3,0,4.996,1.0,sit_stand,UNKNOWN,UNKNOWN,0.2567,0,70.295
499,11.114,,0,5.0,0.55,5,3,0,4.997,1.0,sit_stand,UNKNOWN,UNKNOWN,0.2567,0,69.613
500,11.1296,,0,5.0,0.55,5,3,0,4.9905,1.0,sit_stand,UNKNOWN,UNKNOWN,0.2567,0,70.343
501,11.1429,,0,5.0,0.55,5,3,0,4.9921,1.0,sit_stand,UNKNOWN,UNKNOWN,0.2567,0,70.679
502,11.1561,,0,5.0,0.55,5,3,0,4.9931,1.0,sit_stand,UNKNOWN,UNKNOWN,0.2567,0,72.033
503,11.1682,,0,5.0,0.55,5,3,0,4.9938,1.0,sit_stand,UNKNOWN,UNKNOWN,0.2567,0,72.709
504,11.1809,,0,5.0,0.55,5,3,0,4.9951,1.0,sit_stand,UNKNOWN,UNKNOWN,0.2567,0,72.825
505,11.1945,,0,5.0,0.55,5,3,0,4.9974,1.0,sit_stand,UNKNOWN,UNKNOWN,0.2567,1,67.432
506,11.2477,,0,5.0,0.55,5,3,0,4.989,1.0,sit_stand,UNKNOWN,UNKNOWN,0.2567,0,68.393
507,11.2601,,0,5.0,0.55,5,3,0,4.9894,1.0,sit_stand,UNKNOWN,UNKNOWN,0.2567,0,69.187
508,11.2732,,0,5.0,0.55,5,3,0,4.9909,1.0,sit_stand,UNKNOWN,UNKNOWN,0.2567,0,71.057
509,11.2846,,0,5.0,0.55,5,3,0,4.9914,1.0,sit_stand,UNKNOWN,UNKNOWN,0.2567,0,72.261
510,11.2964,,0,5.0,0.55,5,3,0,4.9915,1.0,sit_stand,UNKNOWN,UNKNOWN,0.2567,0,73.472
511,11.3083,,0,5.0,0.55,5,3,0,4.9919,1.0,sit_stand,UNKNOWN,UNKNOWN,0.2567,0,73.125
512,11.3227,,0,5.0,0.55,5,3,0,4.9953,1.0,sit_stand,UNKNOWN,UNKNOWN,0.2567,0,73.878
513,11.3351,,0,5.0,0.55,5,3,0,4.9964,1.0,sit_stand,UNKNOWN,UNKNOWN,0.2567,0,74.708
514,11.3473,,0,5.0,0.55,5,3,0,4.997,1.0,sit_stand,UNKNOWN,UNKNOWN,0.2567,0,74.78
515,11.3605,,0,5.0,0.55,5,3,0,4.9994,1.0,sit_stand,UNKNOWN,UNKNOWN,0.2567,0,75.043
516,11.3734,,0,5.0,0.55,5,3,0,4.9899,1.0,sit_stand,UNKNOWN,UNKNOWN,0.2567,0,74.855
517,11.3872,,0,5.0,0.55,5,3,0,4.9933,1.0,sit_stand,UNKNOWN,UNKNOWN,0.2567,0,72.926
518,11.4052,,0,5.0,0.55,5,3,0,4.9812,1.0,sit_stand,UNKNOWN,UNKNOWN,0.2567,0,74.495
519,11.4169,,0,5.0,0.55,5,3,0,4.9929,1.0,sit_stand,UNKNOWN,UNKNOWN,0.2567,0,75.091
520,11.4288,,0,5.0,0.55,5,3,0,4.9934,1.0,sit_stand,UNKNOWN,UNKNOWN,0.2567,0,75.782
521,11.4411,,0,5.0,0.55,5,3,0,4.9939,1.0,sit_stand,UNKNOWN,UNKNOWN,0.2567,0,75.072
522,11.4684,,0,5.0,0.55,5,3,0,4.9986,1.0,sit_stand,UNKNOWN,UNKNOWN,0.2933,1,68.767
523,11.5399,,0,5.0,0.55,5,3,0,4.9893,1.0,sit_stand,UNKNOWN,UNKNOWN,0.2933,0,67.367
524,11.5577,,0,5.0,0.55,5,3,0,4.996,1.0,sit_stand,UNKNOWN,UNKNOWN,0.2933,0,67.738
525,11.5713,,0,5.0,0.55,5,3,0,4.9986,1.0,sit_stand,UNKNOWN,UNKNOWN,0.2933,0,67.682
526,11.5861,,0,5.0,0.55,5,3,0,4.9907,1.0,sit_stand,UNKNOWN,UNKNOWN,0.2933,0,69.79
527,11.5974,,0,5.0,0.55,5,3,0,4.9905,1.0,sit_stand,UNKNOWN,UNKNOWN,0.2933,0,71.102
528,11.6093,,0,5.0,0.55,5,3,0,4.9897,1.0,sit_stand,UNKNOWN,UNKNOWN,0.2933,0,71.782
529,11.6221,,0,5.0,0.55,5,3,0,4.991,1.0,sit_stand,UNKNOWN,UNKNOWN,0.2933,0,71.603
530,11.6368,,0,5.0,0.55,5,3,0,4.9943,1.0,sit_stand,UNKNOWN,UNKNOWN,0.2933,0,72.032
531,11.6498,,0,5.0,0.55,5,3,0,4.9959,1.0,sit_stand,UNKNOWN,UNKNOWN,0.2933,0,71.89
532,11.6641,,0,5.0,0.55,5,3,0,4.9986,1.0,sit_stand,UNKNOWN,UNKNOWN,0.2933,0,68.964
533,11.6875,,0,5.0,0.55,5,3,0,4.9877,1.0,sit_stand,UNKNOWN,UNKNOWN,0.2933,0,69.931
534,11.7001,,0,5.0,0.55,5,3,0,4.9894,1.0,sit_stand,UNKNOWN,UNKNOWN,0.2933,0,70.565
535,11.7131,,0,5.0,0.55,5,3,0,4.9907,1.0,sit_stand,UNKNOWN,UNKNOWN,0.2933,0,71.708
536,11.7253,,0,5.0,0.55,5,3,0,4.9914,1.0,sit_stand,UNKNOWN,UNKNOWN,0.27,1,66.155
537,11.7876,,0,5.0,0.55,5,3,0,4.9964,1.0,sit_stand,UNKNOWN,UNKNOWN,0.27,0,67.454
538,11.8,,0,5.0,0.55,5,3,0,4.9977,1.0,sit_stand,UNKNOWN,UNKNOWN,0.27,0,68.657
539,11.8123,,0,5.0,0.55,5,3,0,4.9988,1.0,sit_stand,UNKNOWN,UNKNOWN,0.27,0,69.843
540,11.825,,0,5.0,0.55,5,3,0,4.9831,1.0,sit_stand,UNKNOWN,UNKNOWN,0.27,0,69.917
541,11.8391,,0,5.0,0.55,5,3,0,4.9973,1.0,sit_stand,UNKNOWN,UNKNOWN,0.27,0,70.552
542,11.8522,,0,5.0,0.55,5,3,0,4.9934,1.0,sit_stand,UNKNOWN,UNKNOWN,0.27,0,71.904
543,11.864,,0,5.0,0.55,5,3,0,4.9877,1.0,sit_stand,UNKNOWN,UNKNOWN,0.27,0,72.314
544,11.8771,,0,5.0,0.55,5,3,0,4.9887,1.0,sit_stand,UNKNOWN,UNKNOWN,0.27,0,72.885
545,11.89,,0,5.0,0.55,5,3,0,4.9899,1.0,sit_stand,UNKNOWN,UNKNOWN,0.27,0,73.877
546,11.9021,,0,5.0,0.55,5,3,0,4.9905,1.0,sit_stand,UNKNOWN,UNKNOWN,0.27,0,75.125
547,11.9135,,0,5.0,0.55,5,3,0,4.9898,1.0,sit_stand,UNKNOWN,UNKNOWN,0.27,0,75.909
548,11.9258,,0,5.0,0.55,5,3,0,4.9869,1.0,sit_stand,UNKNOWN,UNKNOWN,0.27,0,75.772
549,11.9391,,0,5.0,0.55,5,3,0,4.9885,1.0,sit_stand,UNKNOWN,UNKNOWN,0.27,0,75.735
550,11.9522,,0,5.0,0.55,5,3,0,4.991,1.0,sit_stand,UNKNOWN,UNKNOWN,0.27,0,76.746
551,11.9641,,0,5.0,0.55,5,3,0,4.9903,1.0,sit_stand,UNKNOWN,UNKNOWN,0.27,0,76.605
552,11.9772,,0,5.0,0.55,5,3,0,4.9911,1.0,sit_stand,UNKNOWN,UNKNOWN,0.2633,1,70.706
553,12.0343,,0,5.0,0.55,5,3,0,4.9887,1.0,sit_stand,UNKNOWN,UNKNOWN,0.2633,0,70.16
554,12.0495,,0,5.0,0.55,5,3,0,4.9918,1.0,sit_stand,UNKNOWN,UNKNOWN,0.2633,0,70.632
555,12.0627,,0,5.0,0.55,5,3,0,4.9923,1.0,sit_stand,UNKNOWN,UNKNOWN,0.2633,0,71.643
556,12.075,,0,5.0,0.55,5,3,0,4.9919,1.0,sit_stand,UNKNOWN,UNKNOWN,0.2633,0,71.472
557,12.0894,,0,5.0,0.55,5,3,0,4.995,1.0,sit_stand,UNKNOWN,UNKNOWN,0.2633,0,72.809
558,12.1014,,0,5.0,0.55,5,3,0,4.9955,1.0,sit_stand,UNKNOWN,UNKNOWN,0.2633,0,73.174
559,12.1142,,0,5.0,0.55,5,3,0,4.9936,1.0,sit_stand,UNKNOWN,UNKNOWN,0.2633,0,72.22
560,12.13,,0,5.0,0.55,5,3,0,4.9971,1.0,sit_stand,UNKNOWN,UNKNOWN,0.2633,0,72.474
561,12.1434,,0,5.0,0.55,5,3,0,4.9942,1.0,sit_stand,UNKNOWN,UNKNOWN,0.2633,0,72.648
562,12.157,,0,5.0,0.55,5,3,0,4.9964,1.0,sit_stand,UNKNOWN,UNKNOWN,0.2633,0,70.479
563,12.1763,,0,5.0,0.55,5,3,0,4.999,1.0,sit_stand,UNKNOWN,UNKNOWN,0.2633,0,71.674
564,12.1886,,0,5.0,0.55,5,3,0,4.9999,1.0,sit_stand,UNKNOWN,UNKNOWN,0.2633,0,72.891
565,12.2007,,0,5.0,0.55,5,3,0,4.989,1.0,sit_stand,UNKNOWN,UNKNOWN,0.2633,0,70.453
566,12.221,,0,5.0,0.55,5,3,0,4.9977,1.0,sit_stand,UNKNOWN,UNKNOWN,0.2633,0,72.118
567,12.2325,,0,5.0,0.55,5,3,0,4.9977,1.0,sit_stand,UNKNOWN,UNKNOWN,0.2667,1,66.776
568,12.2867,,0,5.0,0.55,5,3,0,4.9865,1.0,sit_stand,UNKNOWN,UNKNOWN,0.2667,0,68.028
569,12.2986,,0,5.0,0.55,5,3,0,4.9984,1.0,sit_stand,UNKNOWN,UNKNOWN,0.2667,0,69.221
570,12.3109,,0,5.0,0.55,5,3,0,4.992,1.0,sit_stand,UNKNOWN,UNKNOWN,0.2667,0,69.172
571,12.3256,,0,5.0,0.55,5,3,0,4.9952,1.0,sit_stand,UNKNOWN,UNKNOWN,0.2667,0,69.102
572,12.3402,,0,5.0,0.55,5,3,0,4.9984,1.0,sit_stand,UNKNOWN,UNKNOWN,0.2667,0,70.771
573,12.3521,,0,5.0,0.55,5,3,0,4.9983,1.0,sit_stand,UNKNOWN,UNKNOWN,0.2667,0,72.039
574,12.3637,,0,5.0,0.55,5,3,0,4.9985,1.0,sit_stand,UNKNOWN,UNKNOWN,0.2667,0,72.803
575,12.3764,,0,5.0,0.55,5,3,0,4.9886,1.0,sit_stand,UNKNOWN,UNKNOWN,0.2667,0,70.729
576,12.3957,,0,5.0,0.55,5,3,0,4.9962,1.0,sit_stand,UNKNOWN,UNKNOWN,0.2667,0,70.95
577,12.4096,,0,5.0,0.55,5,3,0,4.9992,1.0,sit_stand,UNKNOWN,UNKNOWN,0.2667,0,70.727
578,12.4241,,0,5.0,0.55,5,3,0,4.9947,1.0,sit_stand,UNKNOWN,UNKNOWN,0.2667,0,71.096
579,12.4375,,0,5.0,0.55,5,3,0,4.9968,1.0,sit_stand,UNKNOWN,UNKNOWN,0.2667,0,72.455
580,12.4493,,0,5.0,0.55,5,3,0,4.9974,1.0,sit_stand,UNKNOWN,UNKNOWN,0.2667,0,70.755
581,12.4673,,0,5.0,0.55,5,3,0,4.9932,1.0,sit_stand,UNKNOWN,UNKNOWN,0.2667,0,71.857
582,12.4793,,0,5.0,0.55,5,3,0,4.9897,1.0,sit_stand,UNKNOWN,UNKNOWN,0.2667,0,72.64
583,12.492,,0,5.0,0.55,5,3,0,4.9897,1.0,sit_stand,UNKNOWN,UNKNOWN,0.26,1,67.337
584,12.5433,,0,5.0,0.55,5,3,0,4.9902,1.0,sit_stand,UNKNOWN,UNKNOWN,0.26,0,67.393
585,12.5577,,0,5.0,0.55,5,3,0,4.9934,1.0,sit_stand,UNKNOWN,UNKNOWN,0.26,0,68.617
586,12.5706,,0,5.0,0.55,5,3,0,4.9947,1.0,sit_stand,UNKNOWN,UNKNOWN,0.26,0,69.54
587,12.5835,,0,5.0,0.55,5,3,0,4.9959,1.0,sit_stand,UNKNOWN,UNKNOWN,0.26,0,69.994
588,12.5968,,0,5.0,0.55,5,3,0,4.9955,1.0,sit_stand,UNKNOWN,UNKNOWN,0.26,0,70.269
589,12.6103,,0,5.0,0.55,5,3,0,4.9983,1.0,sit_stand,UNKNOWN,UNKNOWN,0.26,0,70.708
590,12.6236,,0,5.0,0.55,5,3,0,4.9882,1.0,sit_stand,UNKNOWN,UNKNOWN,0.26,0,70.636
591,12.6381,,0,5.0,0.55,5,3,0,4.9916,1.0,sit_stand,UNKNOWN,UNKNOWN,0.26,0,71.528
592,12.6513,,0,5.0,0.55,5,3,0,4.9935,1.0,sit_stand,UNKNOWN,UNKNOWN,0.26,0,72.177
593,12.6633,,0,5.0,0.55,5,3,0,4.9935,1.0,sit_stand,UNKNOWN,UNKNOWN,0.26,0,72.446
594,12.6768,,0,5.0,0.55,5,3,0,4.9946,1.0,sit_stand,UNKNOWN,UNKNOWN,0.26,0,72.429
595,12.6907,,0,5.0,0.55,5,3,0,4.9958,1.0,sit_stand,UNKNOWN,UNKNOWN,0.26,0,71.948
596,12.7057,,0,5.0,0.55,5,3,0,4.993,1.0,sit_stand,UNKNOWN,UNKNOWN,0.26,0,72.809
597,12.7184,,0,5.0,0.55,5,3,0,4.9916,1.0,sit_stand,UNKNOWN,UNKNOWN,0.26,0,73.332
598,12.7306,,0,5.0,0.55,5,3,0,4.9923,1.0,sit_stand,UNKNOWN,UNKNOWN,0.26,0,74.095
599,12.7431,,0,5.0,0.55,5,3,0,4.9853,1.0,sit_stand,UNKNOWN,UNKNOWN,0.2533,1,68.577
600,12.7962,,0,5.0,0.55,5,3,0,4.9894,1.0,sit_stand,UNKNOWN,UNKNOWN,0.2533,0,67.572
601,12.8129,,0,5.0,0.55,5,3,0,4.9936,1.0,sit_stand,UNKNOWN,UNKNOWN,0.2533,0,67.669
602,12.8274,,0,5.0,0.55,5,3,0,4.9589,1.0,sit_stand,UNKNOWN,UNKNOWN,0.2533,0,65.995
603,12.8471,,0,5.0,0.55,5,3,0,4.9786,1.0,sit_stand,UNKNOWN,UNKNOWN,0.2533,0,66.895
604,12.8604,,0,5.0,0.55,5,3,0,4.9919,1.0,sit_stand,UNKNOWN,UNKNOWN,0.2533,0,66.299
605,12.8771,,0,5.0,0.55,5,3,0,4.9972,1.0,sit_stand,UNKNOWN,UNKNOWN,0.2533,0,65.652
606,12.8939,,0,5.0,0.55,5,3,0,4.9851,1.0,sit_stand,UNKNOWN,UNKNOWN,0.2533,0,66.244
607,12.9077,,0,5.0,0.55,5,3,0,4.9989,1.0,sit_stand,UNKNOWN,UNKNOWN,0.2533,0,65.331
608,12.9253,,0,5.0,0.55,5,3,0,4.9927,1.0,sit_stand,UNKNOWN,UNKNOWN,0.2533,0,64.311
609,12.9434,,0,5.0,0.55,5,3,0,4.9997,1.0,sit_stand,UNKNOWN,UNKNOWN,0.2533,0,63.749
610,12.9605,,0,5.0,0.55,5,3,0,4.9914,1.0,sit_stand,UNKNOWN,UNKNOWN,0.2533,0,62.344
611,12.9807,,0,5.0,0.55,5,3,0,4.9897,1.0,sit_stand,UNKNOWN,UNKNOWN,0.2533,0,61.553
612,12.9992,,0,5.0,0.55,5,3,0,4.996,1.0,sit_stand,UNKNOWN,UNKNOWN,0.25,1,57.423
613,13.0487,,0,5.0,0.55,5,3,0,4.9914,1.0,sit_stand,UNKNOWN,UNKNOWN,0.25,0,58.787
614,13.0622,,0,5.0,0.55,5,3,0,4.9931,1.0,sit_stand,UNKNOWN,UNKNOWN,0.25,0,61.033
615,13.0778,,0,5.0,0.55,5,3,0,4.9973,1.0,sit_stand,UNKNOWN,UNKNOWN,0.25,0,60.935
616,13.0932,,0,5.0,0.55,5,3,0,4.9636,1.0,sit_stand,UNKNOWN,UNKNOWN,0.25,0,60.491
617,13.1113,,0,5.0,0.55,5,3,0,4.9818,1.0,sit_stand,UNKNOWN,UNKNOWN,0.25,0,60.228
618,13.1283,,0,5.0,0.55,5,3,0,4.9987,1.0,sit_stand,UNKNOWN,UNKNOWN,0.25,0,60.51
619,13.1449,,0,5.0,0.55,5,3,0,4.9985,1.0,sit_stand,UNKNOWN,UNKNOWN,0.25,0,59.911
620,13.1629,,0,5.0,0.55,5,3,0,4.9928,1.0,sit_stand,UNKNOWN,UNKNOWN,0.25,0,59.992
621,13.1798,,0,5.0,0.55,5,3,0,4.9978,1.0,sit_stand,UNKNOWN,UNKNOWN,0.25,0,59.342
622,13.201,,0,5.0,0.55,5,3,0,4.9907,1.0,sit_stand,UNKNOWN,UNKNOWN,0.25,0,58.678
623,13.2164,,0,5.0,0.55,5,3,0,4.9873,1.0,sit_stand,UNKNOWN,UNKNOWN,0.25,0,59.205
624,13.2349,,0,5.0,0.55,5,3,0,4.9939,1.0,sit_stand,UNKNOWN,UNKNOWN,0.25,0,59.037
625,13.2509,,0,5.0,0.55,5,3,0,4.9981,1.0,wave,UNKNOWN,UNKNOWN,0.2733,1,54.69
626,13.3157,,0,5.0,0.55,5,3,0,4.9985,1.0,wave,UNKNOWN,UNKNOWN,0.2733,0,54.638
627,13.3362,,0,5.0,0.55,5,3,0,4.9888,1.0,wave,UNKNOWN,UNKNOWN,0.2733,0,54.232
628,13.3542,,0,5.0,0.55,5,3,0,4.9578,1.0,wave,UNKNOWN,UNKNOWN,0.2733,0,54.408
629,13.3745,,0,5.0,0.55,5,3,0,4.978,1.0,wave,UNKNOWN,UNKNOWN,0.2733,0,53.167
630,13.3957,,0,5.0,0.55,5,3,0,4.9992,1.0,wave,UNKNOWN,UNKNOWN,0.2733,0,53.057
631,13.415,,0,5.0,0.55,5,3,0,4.9875,1.0,wave,UNKNOWN,UNKNOWN,0.2733,0,52.932
632,13.4414,,0,5.0,0.55,5,3,0,4.9835,1.0,wave,UNKNOWN,UNKNOWN,0.2733,0,51.604
633,13.4591,,0,5.0,0.55,5,3,0,4.9841,1.0,wave,UNKNOWN,UNKNOWN,0.2733,0,51.6
634,13.48,,0,5.0,0.55,5,3,0,4.992,1.0,wave,UNKNOWN,UNKNOWN,0.2733,0,51.322
635,13.5037,,0,5.0,0.55,5,3,0,4.9823,1.0,sit_stand,UNKNOWN,UNKNOWN,0.26,1,47.551
636,13.5876,,0,5.0,0.55,5,3,0,4.9816,1.0,sit_stand,UNKNOWN,UNKNOWN,0.26,0,45.557
637,13.6145,,0,5.0,0.55,5,3,0,4.9516,1.0,sit_stand,UNKNOWN,UNKNOWN,0.26,0,45.081
638,13.6427,,0,5.0,0.55,5,3,0,4.9797,1.0,sit_stand,UNKNOWN,UNKNOWN,0.26,0,43.854
639,13.6749,,0,5.0,0.55,5,3,0,4.987,1.0,sit_stand,UNKNOWN,UNKNOWN,0.26,0,42.511
640,13.699,,0,5.0,0.55,5,3,0,4.9991,1.0,sit_stand,UNKNOWN,UNKNOWN,0.26,0,42.834
641,13.7219,,0,5.0,0.55,5,3,0,4.9973,1.0,sit_stand,UNKNOWN,UNKNOWN,0.26,0,43.545
642,13.7372,,0,5.0,0.55,5,3,0,4.9872,1.0,sit_stand,UNKNOWN,UNKNOWN,0.26,0,45.577
643,13.7524,,0,5.0,0.55,5,3,0,4.9906,1.0,sit_stand,UNKNOWN,UNKNOWN,0.26,0,47.962
644,13.7666,,0,5.0,0.55,5,3,0,4.9922,1.0,wave,UNKNOWN,UNKNOWN,0.2367,1,44.955
645,13.8222,,0,5.0,0.55,5,3,0,4.9897,1.0,wave,UNKNOWN,UNKNOWN,0.2367,0,47.365
646,13.8372,,0,5.0,0.55,5,3,0,4.9928,1.0,wave,UNKNOWN,UNKNOWN,0.2367,0,49.179
647,13.8521,,0,5.0,0.55,5,3,0,4.9941,1.0,wave,UNKNOWN,UNKNOWN,0.2367,0,50.152
648,13.8693,,0,5.0,0.55,5,3,0,4.9494,1.0,wave,UNKNOWN,UNKNOWN,0.2367,0,52.211
649,13.8836,,0,5.0,0.55,5,3,0,4.9637,1.0,wave,UNKNOWN,UNKNOWN,0.2367,0,53.435
650,13.8986,,0,5.0,0.55,5,3,0,4.9787,1.0,wave,UNKNOWN,UNKNOWN,0.2367,0,54.397
651,13.9144,,0,5.0,0.55,5,3,0,4.9945,1.0,wave,UNKNOWN,UNKNOWN,0.2367,0,55.067
652,13.9309,,0,5.0,0.55,5,3,0,4.9983,1.0,wave,UNKNOWN,UNKNOWN,0.2367,0,55.76
653,13.9471,,0,5.0,0.55,5,3,0,4.9894,1.0,wave,UNKNOWN,UNKNOWN,0.2367,0,56.069
654,13.9647,,0,5.0,0.55,5,3,0,4.9938,1.0,wave,UNKNOWN,UNKNOWN,0.2367,0,56.479
655,13.9806,,0,5.0,0.55,5,3,0,4.9973,1.0,wave,UNKNOWN,UNKNOWN,0.2367,0,57.008
656,13.9967,,0,5.0,0.55,5,3,0,4.9867,1.0,wave,UNKNOWN,UNKNOWN,0.2367,0,57.626
657,14.0136,,0,5.0,0.55,5,3,0,4.9891,1.0,wave,UNKNOWN,UNKNOWN,0.2367,0,57.361
658,14.0308,,0,5.0,0.55,5,3,0,4.9859,1.0,wave,UNKNOWN,UNKNOWN,0.26,1,53.183
659,14.0966,,0,5.0,0.55,5,3,0,4.9992,1.0,wave,UNKNOWN,UNKNOWN,0.26,0,53.429
660,14.1145,,0,5.0,0.55,5,3,0,4.9952,1.0,wave,UNKNOWN,UNKNOWN,0.26,0,53.634
661,14.1329,,0,5.0,0.55,5,3,0,4.9457,1.0,wave,UNKNOWN,UNKNOWN,0.26,0,52.712
662,14.1561,,0,5.0,0.55,5,3,0,4.969,1.0,wave,UNKNOWN,UNKNOWN,0.26,0,53.36
663,14.1722,,0,5.0,0.55,5,3,0,4.985,1.0,wave,UNKNOWN,UNKNOWN,0.26,0,52.629
664,14.193,,0,5.0,0.55,5,3,0,4.9931,1.0,wave,UNKNOWN,UNKNOWN,0.26,0,52.525
665,14.2127,,0,5.0,0.55,5,3,0,4.9934,1.0,wave,UNKNOWN,UNKNOWN,0.26,0,52.447
666,14.2327,,0,5.0,0.55,5,3,0,4.9901,1.0,wave,UNKNOWN,UNKNOWN,0.26,0,52.075
667,14.2514,,0,5.0,0.55,5,3,0,4.9968,1.0,wave,UNKNOWN,UNKNOWN,0.26,0,53.859
668,14.2664,,0,5.0,0.55,5,3,0,4.9995,1.0,wave,UNKNOWN,UNKNOWN,0.26,0,54.783
669,14.2815,,0,5.0,0.55,5,3,0,4.9983,1.0,wave,UNKNOWN,UNKNOWN,0.2533,1,51.118
670,14.3371,,0,5.0,0.55,5,3,0,4.9833,1.0,wave,UNKNOWN,UNKNOWN,0.2533,0,52.843
671,14.3511,,0,5.0,0.55,5,3,0,4.9973,1.0,wave,UNKNOWN,UNKNOWN,0.2533,0,54.783
672,14.3648,,0,5.0,0.55,5,3,0,4.9995,1.0,wave,UNKNOWN,UNKNOWN,0.2533,0,54.239
673,14.3852,,0,5.0,0.55,5,3,0,4.9584,1.0,wave,UNKNOWN,UNKNOWN,0.2533,0,56.016
674,14.399,,0,5.0,0.55,5,3,0,4.9722,1.0,wave,UNKNOWN,UNKNOWN,0.2533,0,56.617
675,14.415,,0,5.0,0.55,5,3,0,4.9882,1.0,wave,UNKNOWN,UNKNOWN,0.2533,0,57.284
676,14.4309,,0,5.0,0.55,5,3,0,4.9922,1.0,wave,UNKNOWN,UNKNOWN,0.2533,0,57.6
677,14.4474,,0,5.0,0.55,5,3,0,4.9966,1.0,wave,UNKNOWN,UNKNOWN,0.2533,0,56.735
678,14.4683,,0,5.0,0.55,5,3,0,4.9932,1.0,wave,UNKNOWN,UNKNOWN,0.2533,0,57.998
679,14.4828,,0,5.0,0.55,5,3,0,4.9951,1.0,wave,UNKNOWN,UNKNOWN,0.2533,0,58.486
680,14.4984,,0,5.0,0.55,5,3,0,4.9989,1.0,wave,UNKNOWN,UNKNOWN,0.2533,0,58.979
681,14.5139,,0,5.0,0.55,5,3,0,4.991,1.0,wave,UNKNOWN,UNKNOWN,0.2533,0,59.324
682,14.5302,,0,5.0,0.55,5,3,0,4.989,1.0,wave,UNKNOWN,UNKNOWN,0.2533,0,58.014
683,14.5517,,0,5.0,0.55,5,3,0,4.998,1.0,wave,UNKNOWN,UNKNOWN,0.2733,1,54.122
684,14.6043,,0,5.0,0.55,5,3,0,4.9917,1.0,wave,UNKNOWN,UNKNOWN,0.2733,0,55.913
685,14.6183,,0,5.0,0.55,5,3,0,4.9933,1.0,wave,UNKNOWN,UNKNOWN,0.2733,0,57.1
686,14.6332,,0,5.0,0.55,5,3,0,4.9954,1.0,wave,UNKNOWN,UNKNOWN,0.2733,0,56.858
687,14.6522,,0,5.0,0.55,5,3,0,4.9637,1.0,wave,UNKNOWN,UNKNOWN,0.2733,0,58.038
688,14.6657,,0,5.0,0.55,5,3,0,4.9772,1.0,wave,UNKNOWN,UNKNOWN,0.2733,0,58.628
689,14.6813,,0,5.0,0.55,5,3,0,4.9928,1.0,wave,UNKNOWN,UNKNOWN,0.2733,0,59.119
690,14.6969,,0,5.0,0.55,5,3,0,4.995,1.0,wave,UNKNOWN,UNKNOWN,0.2733,0,59.325
691,14.7134,,0,5.0,0.55,5,3,0,4.9992,1.0,wave,UNKNOWN,UNKNOWN,0.2733,0,59.278
692,14.7311,,0,5.0,0.55,5,3,0,4.9913,1.0,wave,UNKNOWN,UNKNOWN,0.2733,0,58.309
693,14.7509,,0,5.0,0.55,5,3,0,4.9953,1.0,wave,UNKNOWN,UNKNOWN,0.2733,0,58.921
694,14.7664,,0,5.0,0.55,5,3,0,4.9967,1.0,wave,UNKNOWN,UNKNOWN,0.2733,0,59.355
695,14.7816,,0,5.0,0.55,5,3,0,4.9967,1.0,wave,UNKNOWN,UNKNOWN,0.2733,0,59.657
696,14.7977,,0,5.0,0.55,5,3,0,4.9888,1.0,wave,UNKNOWN,UNKNOWN,0.2733,0,59.845
697,14.814,,0,5.0,0.55,5,3,0,4.9929,1.0,wave,UNKNOWN,UNKNOWN,0.28,1,55.725
698,14.868,,0,5.0,0.55,5,3,0,4.9937,1.0,wave,UNKNOWN,UNKNOWN,0.28,0,57.394
699,14.8818,,0,5.0,0.55,5,3,0,4.9947,1.0,wave,UNKNOWN,UNKNOWN,0.28,0,58.349
700,14.8964,,0,5.0,0.55,5,3,0,4.9967,1.0,wave,UNKNOWN,UNKNOWN,0.28,0,58.761
701,14.9123,,0,5.0,0.55,5,3,0,4.9513,1.0,wave,UNKNOWN,UNKNOWN,0.28,0,58.187
702,14.9316,,0,5.0,0.55,5,3,0,4.9707,1.0,wave,UNKNOWN,UNKNOWN,0.28,0,58.315
703,14.9484,,0,5.0,0.55,5,3,0,4.9874,1.0,wave,UNKNOWN,UNKNOWN,0.28,0,58.468
704,14.9656,,0,5.0,0.55,5,3,0,4.992,1.0,wave,UNKNOWN,UNKNOWN,0.28,0,56.822
705,14.9893,,0,5.0,0.55,5,3,0,4.9824,1.0,wave,UNKNOWN,UNKNOWN,0.28,0,57.114
706,15.0061,,0,5.0,0.55,5,3,0,4.9992,1.0,wave,UNKNOWN,UNKNOWN,0.28,0,57.732
707,15.0222,,0,5.0,0.55,5,3,0,4.9995,1.0,wave,UNKNOWN,UNKNOWN,0.28,0,57.717
708,15.0396,,0,5.0,0.55,5,3,0,4.9917,1.0,wave,UNKNOWN,UNKNOWN,0.28,0,58.0
709,15.0561,,0,5.0,0.55,5,3,0,4.9956,1.0,wave,UNKNOWN,UNKNOWN,0.28,0,58.277
710,15.0726,,0,5.0,0.55,5,3,0,4.9932,1.0,wave,UNKNOWN,UNKNOWN,0.26,1,53.735
711,15.1516,,0,5.0,0.55,5,3,0,4.9849,1.0,wave,UNKNOWN,UNKNOWN,0.26,0,53.985
712,15.1672,,0,5.0,0.55,5,3,0,4.9467,1.0,wave,UNKNOWN,UNKNOWN,0.26,0,54.418
713,15.1844,,0,5.0,0.55,5,3,0,4.9639,1.0,wave,UNKNOWN,UNKNOWN,0.26,0,55.124
714,15.201,,0,5.0,0.55,5,3,0,4.9805,1.0,wave,UNKNOWN,UNKNOWN,0.26,0,53.27
715,15.228,,0,5.0,0.55,5,3,0,4.9956,1.0,wave,UNKNOWN,UNKNOWN,0.26,0,53.76
716,15.2453,,0,5.0,0.55,5,3,0,4.9887,1.0,wave,UNKNOWN,UNKNOWN,0.26,0,54.16
717,15.2624,,0,5.0,0.55,5,3,0,4.9935,1.0,wave,UNKNOWN,UNKNOWN,0.26,0,54.616
718,15.2796,,0,5.0,0.55,5,3,0,4.9986,1.0,wave,UNKNOWN,UNKNOWN,0.26,0,54.126
719,15.2997,,0,5.0,0.55,5,3,0,4.9941,1.0,wave,UNKNOWN,UNKNOWN,0.26,0,54.992
720,15.3155,,0,5.0,0.55,5,3,0,4.9959,1.0,wave,UNKNOWN,UNKNOWN,0.26,0,53.894
721,15.3399,,0,5.0,0.55,5,3,0,4.988,1.0,wave,UNKNOWN,UNKNOWN,0.25,1,49.908
722,15.4112,,0,5.0,0.55,5,3,0,4.9977,1.0,wave,UNKNOWN,UNKNOWN,0.25,0,49.637
723,15.4306,,0,5.0,0.55,5,3,0,4.9555,1.0,wave,UNKNOWN,UNKNOWN,0.25,0,50.623
724,15.4475,,0,5.0,0.55,5,3,0,4.9724,1.0,wave,UNKNOWN,UNKNOWN,0.25,0,51.646
725,15.4639,,0,5.0,0.55,5,3,0,4.9888,1.0,wave,UNKNOWN,UNKNOWN,0.25,0,52.379
726,15.481,,0,5.0,0.55,5,3,0,4.9931,1.0,wave,UNKNOWN,UNKNOWN,0.25,0,51.745
727,15.5028,,0,5.0,0.55,5,3,0,4.9993,1.0,wave,UNKNOWN,UNKNOWN,0.25,0,52.832
728,15.5189,,0,5.0,0.55,5,3,0,4.9916,1.0,wave,UNKNOWN,UNKNOWN,0.25,0,53.475
729,15.5356,,0,5.0,0.55,5,3,0,4.9898,1.0,wave,UNKNOWN,UNKNOWN,0.25,0,54.237
730,15.5523,,0,5.0,0.55,5,3,0,4.9863,1.0,wave,UNKNOWN,UNKNOWN,0.25,0,54.923
731,15.5685,,0,5.0,0.55,5,3,0,4.9908,1.0,wave,UNKNOWN,UNKNOWN,0.25,0,55.991
732,15.5844,,0,5.0,0.55,5,3,0,4.9944,1.0,wave,UNKNOWN,UNKNOWN,0.25,0,55.687
733,15.603,,0,5.0,0.55,5,3,0,4.9998,1.0,wave,UNKNOWN,UNKNOWN,0.2767,1,51.696
734,15.6667,,0,5.0,0.55,5,3,0,4.993,1.0,wave,UNKNOWN,UNKNOWN,0.2767,0,52.607
735,15.6825,,0,5.0,0.55,5,3,0,4.9965,1.0,wave,UNKNOWN,UNKNOWN,0.2767,0,52.369
736,15.7034,,0,5.0,0.55,5,3,0,4.9669,1.0,wave,UNKNOWN,UNKNOWN,0.2767,0,50.966
737,15.7283,,0,5.0,0.55,5,3,0,4.9918,1.0,wave,UNKNOWN,UNKNOWN,0.2767,0,52.073
738,15.7439,,0,5.0,0.55,5,3,0,4.9955,1.0,wave,UNKNOWN,UNKNOWN,0.2767,0,51.5
739,15.7661,,0,5.0,0.55,5,3,0,4.9878,1.0,wave,UNKNOWN,UNKNOWN,0.2767,0,52.291
740,15.7827,,0,5.0,0.55,5,3,0,4.9928,1.0,wave,UNKNOWN,UNKNOWN,0.2767,0,53.274
741,15.7989,,0,5.0,0.55,5,3,0,4.9959,1.0,wave,UNKNOWN,UNKNOWN,0.2767,0,52.237
742,15.8236,,0,5.0,0.55,5,3,0,4.9972,1.0,wave,UNKNOWN,UNKNOWN,0.2767,0,53.59
743,15.8377,,0,5.0,0.55,5,3,0,4.9967,1.0,wave,UNKNOWN,UNKNOWN,0.2767,0,54.489
744,15.8534,,0,5.0,0.55,5,3,0,4.9993,1.0,wave,UNKNOWN,UNKNOWN,0.2533,1,50.772
745,15.9126,,0,5.0,0.55,5,3,0,4.9989,1.0,wave,UNKNOWN,UNKNOWN,0.2533,0,50.618
746,15.9318,,0,5.0,0.55,5,3,0,4.9926,1.0,wave,UNKNOWN,UNKNOWN,0.2533,0,50.869
747,15.9502,,0,5.0,0.55,5,3,0,4.9492,1.0,wave,UNKNOWN,UNKNOWN,0.2533,0,51.874
748,15.9667,,0,5.0,0.55,5,3,0,4.9657,1.0,wave,UNKNOWN,UNKNOWN,0.2533,0,53.229
749,15.9826,,0,5.0,0.55,5,3,0,4.9817,1.0,wave,UNKNOWN,UNKNOWN,0.2533,0,53.935
750,15.9997,,0,5.0,0.55,5,3,0,4.9987,1.0,wave,UNKNOWN,UNKNOWN,0.2533,0,54.461
751,16.0157,,0,5.0,0.55,5,3,0,4.9982,1.0,wave,UNKNOWN,UNKNOWN,0.2533,0,54.996
752,16.0326,,0,5.0,0.55,5,3,0,4.9895,1.0,wave,UNKNOWN,UNKNOWN,0.2533,0,55.376
753,16.0496,,0,5.0,0.55,5,3,0,4.9923,1.0,wave,UNKNOWN,UNKNOWN,0.2533,0,54.179
754,16.0733,,0,5.0,0.55,5,3,0,4.9981,1.0,wave,UNKNOWN,UNKNOWN,0.2533,0,52.688
755,16.0981,,0,5.0,0.55,5,3,0,4.9963,1.0,wave,UNKNOWN,UNKNOWN,0.2533,0,51.606
756,16.1221,,0,5.0,0.55,5,3,0,4.9925,1.0,wave,UNKNOWN,UNKNOWN,0.2633,1,47.987
757,16.1867,,0,5.0,0.55,5,3,0,4.9922,1.0,wave,UNKNOWN,UNKNOWN,0.2633,0,50.264
758,16.2004,,0,5.0,0.55,5,3,0,4.9528,1.0,wave,UNKNOWN,UNKNOWN,0.2633,0,52.1
759,16.2148,,0,5.0,0.55,5,3,0,4.9671,1.0,wave,UNKNOWN,UNKNOWN,0.2633,0,53.412
760,16.2301,,0,5.0,0.55,5,3,0,4.9825,1.0,wave,UNKNOWN,UNKNOWN,0.2633,0,53.908
761,16.2472,,0,5.0,0.55,5,3,0,4.9996,1.0,wave,UNKNOWN,UNKNOWN,0.2633,0,54.808
762,16.2631,,0,5.0,0.55,5,3,0,4.9899,1.0,wave,UNKNOWN,UNKNOWN,0.2633,0,55.328
763,16.2797,,0,5.0,0.55,5,3,0,4.9951,1.0,wave,UNKNOWN,UNKNOWN,0.2633,0,56.03
764,16.2959,,0,5.0,0.55,5,3,0,4.9995,1.0,wave,UNKNOWN,UNKNOWN,0.2633,0,57.115
765,16.3106,,0,5.0,0.55,5,3,0,4.9879,1.0,wave,UNKNOWN,UNKNOWN,0.2633,0,55.19
766,16.3372,,0,5.0,0.55,5,3,0,4.9899,1.0,wave,UNKNOWN,UNKNOWN,0.2633,0,56.6
767,16.3528,,0,5.0,0.55,5,3,0,4.9923,1.0,wave,UNKNOWN,UNKNOWN,0.2633,0,57.329
768,16.368,,0,5.0,0.55,5,3,0,4.9946,1.0,wave,UNKNOWN,UNKNOWN,0.2633,0,57.744
769,16.3846,,0,5.0,0.55,5,3,0,4.9974,1.0,wave,UNKNOWN,UNKNOWN,0.2667,1,53.499
770,16.449,,0,5.0,0.55,5,3,0,4.9806,1.0,wave,UNKNOWN,UNKNOWN,0.2667,0,55.258
771,16.4631,,0,5.0,0.55,5,3,0,4.9948,1.0,wave,UNKNOWN,UNKNOWN,0.2667,0,54.038
772,16.4863,,0,5.0,0.55,5,3,0,4.9464,1.0,wave,UNKNOWN,UNKNOWN,0.2667,0,55.745
773,16.5006,,0,5.0,0.55,5,3,0,4.9607,1.0,wave,UNKNOWN,UNKNOWN,0.2667,0,56.302
774,16.5172,,0,5.0,0.55,5,3,0,4.9774,1.0,wave,UNKNOWN,UNKNOWN,0.2667,0,56.262
775,16.5356,,0,5.0,0.55,5,3,0,4.9958,1.0,wave,UNKNOWN,UNKNOWN,0.2667,0,56.093
776,16.5534,,0,5.0,0.55,5,3,0,4.9957,1.0,wave,UNKNOWN,UNKNOWN,0.2667,0,54.665
777,16.577,,0,5.0,0.55,5,3,0,4.9908,1.0,wave,UNKNOWN,UNKNOWN,0.2667,0,54.838
778,16.5947,,0,5.0,0.55,5,3,0,4.9973,1.0,wave,UNKNOWN,UNKNOWN,0.2667,0,54.726
779,16.6134,,0,5.0,0.55,5,3,0,4.9913,1.0,wave,UNKNOWN,UNKNOWN,0.2667,0,53.471
780,16.6387,,0,5.0,0.55,5,3,0,4.9889,1.0,wave,UNKNOWN,UNKNOWN,0.2533,1,49.884
781,16.6941,,0,5.0,0.55,5,3,0,4.9939,1.0,wave,UNKNOWN,UNKNOWN,0.2533,0,50.873
782,16.7102,,0,5.0,0.55,5,3,0,4.9971,1.0,wave,UNKNOWN,UNKNOWN,0.2533,0,50.954
783,16.7297,,0,5.0,0.55,5,3,0,4.9421,1.0,wave,UNKNOWN,UNKNOWN,0.2533,0,50.41
784,16.7518,,0,5.0,0.55,5,3,0,4.9642,1.0,wave,UNKNOWN,UNKNOWN,0.2533,0,50.267
785,16.7721,,0,5.0,0.55,5,3,0,4.9846,1.0,wave,UNKNOWN,UNKNOWN,0.2533,0,50.722
786,16.7902,,0,5.0,0.55,5,3,0,4.9902,1.0,wave,UNKNOWN,UNKNOWN,0.2533,0,51.207
787,16.8083,,0,5.0,0.55,5,3,0,4.996,1.0,wave,UNKNOWN,UNKNOWN,0.2533,0,51.126
788,16.8282,,0,5.0,0.55,5,3,0,4.989,1.0,wave,UNKNOWN,UNKNOWN,0.2533,0,51.927
789,16.8455,,0,5.0,0.55,5,3,0,4.9933,1.0,wave,UNKNOWN,UNKNOWN,0.2533,0,52.245
790,16.8636,,0,5.0,0.55,5,3,0,4.9996,1.0,wave,UNKNOWN,UNKNOWN,0.2533,0,52.883
791,16.8808,,0,5.0,0.55,5,3,0,4.9907,1.0,wave,UNKNOWN,UNKNOWN,0.2533,0,53.261
792,16.8986,,0,5.0,0.55,5,3,0,4.9964,1.0,wave,UNKNOWN,UNKNOWN,0.28,1,49.411
793,16.9666,,0,5.0,0.55,5,3,0,4.9894,1.0,wave,UNKNOWN,UNKNOWN,0.28,0,50.208
794,16.9836,,0,5.0,0.55,5,3,0,4.9493,1.0,wave,UNKNOWN,UNKNOWN,0.28,0,49.873
795,17.0049,,0,5.0,0.55,5,3,0,4.9706,1.0,wave,UNKNOWN,UNKNOWN,0.28,0,52.066
796,17.0191,,0,5.0,0.55,5,3,0,4.9848,1.0,wave,UNKNOWN,UNKNOWN,0.28,0,53.056
797,17.0345,,0,5.0,0.55,5,3,0,4.985,1.0,wave,UNKNOWN,UNKNOWN,0.28,0,54.076
798,17.0504,,0,5.0,0.55,5,3,0,4.9876,1.0,wave,UNKNOWN,UNKNOWN,0.28,0,55.048
799,17.0664,,0,5.0,0.55,5,3,0,4.9914,1.0,wave,UNKNOWN,UNKNOWN,0.28,0,55.536
800,17.0827,,0,5.0,0.55,5,3,0,4.9933,1.0,wave,UNKNOWN,UNKNOWN,0.28,0,55.998
801,17.0995,,0,5.0,0.55,5,3,0,4.9982,1.0,wave,UNKNOWN,UNKNOWN,0.28,0,56.23
802,17.1172,,0,5.0,0.55,5,3,0,4.9872,1.0,wave,UNKNOWN,UNKNOWN,0.28,0,54.435
803,17.1431,,0,5.0,0.55,5,3,0,4.9996,1.0,wave,UNKNOWN,UNKNOWN,0.28,0,53.73
804,17.164,,0,5.0,0.55,5,3,0,4.9877,1.0,wave,UNKNOWN,UNKNOWN,0.2633,1,50.21
805,17.2181,,0,5.0,0.55,5,3,0,4.9971,1.0,wave,UNKNOWN,UNKNOWN,0.2633,0,51.3
806,17.2343,,0,5.0,0.55,5,3,0,4.9476,1.0,wave,UNKNOWN,UNKNOWN,0.2633,0,52.482
807,17.2501,,0,5.0,0.55,5,3,0,4.9634,1.0,wave,UNKNOWN,UNKNOWN,0.2633,0,53.542
808,17.2656,,0,5.0,0.55,5,3,0,4.979,1.0,wave,UNKNOWN,UNKNOWN,0.2633,0,54.345
809,17.2821,,0,5.0,0.55,5,3,0,4.9955,1.0,wave,UNKNOWN,UNKNOWN,0.2633,0,54.685
810,17.2991,,0,5.0,0.55,5,3,0,4.9882,1.0,wave,UNKNOWN,UNKNOWN,0.2633,0,55.671
811,17.3149,,0,5.0,0.55,5,3,0,4.9894,1.0,wave,UNKNOWN,UNKNOWN,0.2633,0,56.335
812,17.3316,,0,5.0,0.55,5,3,0,4.9914,1.0,wave,UNKNOWN,UNKNOWN,0.2633,0,56.676
813,17.3485,,0,5.0,0.55,5,3,0,4.9965,1.0,wave,UNKNOWN,UNKNOWN,0.2633,0,56.362
814,17.3663,,0,5.0,0.55,5,3,0,4.9899,1.0,wave,UNKNOWN,UNKNOWN,0.2633,0,56.69
815,17.383,,0,5.0,0.55,5,3,0,4.9873,1.0,wave,UNKNOWN,UNKNOWN,0.2633,0,57.061
816,17.3995,,0,5.0,0.55,5,3,0,4.9899,1.0,wave,UNKNOWN,UNKNOWN,0.2633,0,57.727
817,17.416,,0,5.0,0.55,5,3,0,4.9919,1.0,wave,UNKNOWN,UNKNOWN,0.2633,1,53.747
818,17.4727,,0,5.0,0.55,5,3,0,4.9934,1.0,wave,UNKNOWN,UNKNOWN,0.2633,0,53.455
819,17.4908,,0,5.0,0.55,5,3,0,4.9988,1.0,wave,UNKNOWN,UNKNOWN,0.2633,0,53.423
820,17.5095,,0,5.0,0.55,5,3,0,4.9662,1.0,wave,UNKNOWN,UNKNOWN,0.2633,0,54.06
821,17.5261,,0,5.0,0.55,5,3,0,4.9829,1.0,wave,UNKNOWN,UNKNOWN,0.2633,0,54.579
822,17.543,,0,5.0,0.55,5,3,0,4.9998,1.0,wave,UNKNOWN,UNKNOWN,0.2633,0,55.463
823,17.5588,,0,5.0,0.55,5,3,0,4.9882,1.0,wave,UNKNOWN,UNKNOWN,0.2633,0,55.969
824,17.5753,,0,5.0,0.55,5,3,0,4.9918,1.0,wave,UNKNOWN,UNKNOWN,0.2633,0,56.71
825,17.5911,,0,5.0,0.55,5,3,0,4.9944,1.0,wave,UNKNOWN,UNKNOWN,0.2633,0,56.811
826,17.6085,,0,5.0,0.55,5,3,0,4.9981,1.0,wave,UNKNOWN,UNKNOWN,0.2633,0,57.292
827,17.6247,,0,5.0,0.55,5,3,0,4.9866,1.0,wave,UNKNOWN,UNKNOWN,0.2633,0,57.92
828,17.6406,,0,5.0,0.55,5,3,0,4.9894,1.0,wave,UNKNOWN,UNKNOWN,0.2633,0,58.61
829,17.6561,,0,5.0,0.55,5,3,0,4.9928,1.0,wave,UNKNOWN,UNKNOWN,0.2633,0,59.189
830,17.6716,,0,5.0,0.55,5,3,0,4.9947,1.0,wave,UNKNOWN,UNKNOWN,0.2733,1,55.013
831,17.7291,,0,5.0,0.55,5,3,0,4.9984,1.0,wave,UNKNOWN,UNKNOWN,0.2733,0,54.899
832,17.7473,,0,5.0,0.55,5,3,0,4.9511,1.0,wave,UNKNOWN,UNKNOWN,0.2733,0,55.257
833,17.7646,,0,5.0,0.55,5,3,0,4.9683,1.0,wave,UNKNOWN,UNKNOWN,0.2733,0,55.976
834,17.7803,,0,5.0,0.55,5,3,0,4.9841,1.0,wave,UNKNOWN,UNKNOWN,0.2733,0,57.217
835,17.7953,,0,5.0,0.55,5,3,0,4.999,1.0,wave,UNKNOWN,UNKNOWN,0.2733,0,58.273
836,17.8106,,0,5.0,0.55,5,3,0,4.9977,1.0,wave,UNKNOWN,UNKNOWN,0.2733,0,56.328
837,17.8358,,0,5.0,0.55,5,3,0,4.9887,1.0,wave,UNKNOWN,UNKNOWN,0.2733,0,57.048
838,17.8513,,0,5.0,0.55,5,3,0,4.9909,1.0,wave,UNKNOWN,UNKNOWN,0.2733,0,55.585
839,17.8749,,0,5.0,0.55,5,3,0,4.9978,1.0,wave,UNKNOWN,UNKNOWN,0.2733,0,57.524
840,17.8886,,0,5.0,0.55,5,3,0,4.9947,1.0,wave,UNKNOWN,UNKNOWN,0.2733,0,59.036
841,17.9024,,0,5.0,0.55,5,3,0,4.9947,1.0,wave,UNKNOWN,UNKNOWN,0.2733,0,59.52
842,17.9179,,0,5.0,0.55,5,3,0,4.9926,1.0,wave,UNKNOWN,UNKNOWN,0.2733,0,60.055
843,17.9332,,0,5.0,0.55,5,3,0,4.9898,1.0,wave,UNKNOWN,UNKNOWN,0.2767,1,55.805
844,17.9902,,0,5.0,0.55,5,3,0,4.9911,1.0,wave,UNKNOWN,UNKNOWN,0.2767,0,57.342
845,18.0043,,0,5.0,0.55,5,3,0,4.9556,1.0,wave,UNKNOWN,UNKNOWN,0.2767,0,58.686
846,18.0185,,0,5.0,0.55,5,3,0,4.9697,1.0,wave,UNKNOWN,UNKNOWN,0.2767,0,59.327
847,18.0337,,0,5.0,0.55,5,3,0,4.985,1.0,wave,UNKNOWN,UNKNOWN,0.2767,0,60.07
848,18.049,,0,5.0,0.55,5,3,0,4.9868,1.0,wave,UNKNOWN,UNKNOWN,0.2767,0,60.102
849,18.0654,,0,5.0,0.55,5,3,0,4.9876,1.0,wave,UNKNOWN,UNKNOWN,0.2767,0,60.25
850,18.0815,,0,5.0,0.55,5,3,0,4.9883,1.0,wave,UNKNOWN,UNKNOWN,0.2767,0,60.179
851,18.0983,,0,5.0,0.55,5,3,0,4.987,1.0,wave,UNKNOWN,UNKNOWN,0.2767,0,60.335
852,18.1143,,0,5.0,0.55,5,3,0,4.986,1.0,wave,UNKNOWN,UNKNOWN,0.2767,0,58.601
853,18.138,,0,5.0,0.55,5,3,0,4.9931,1.0,wave,UNKNOWN,UNKNOWN,0.2767,0,60.015
854,18.1512,,0,5.0,0.55,5,3,0,4.9883,1.0,wave,UNKNOWN,UNKNOWN,0.2767,0,59.897
855,18.1687,,0,5.0,0.55,5,3,0,4.9889,1.0,wave,UNKNOWN,UNKNOWN,0.2767,0,60.006
856,18.185,,0,5.0,0.55,5,3,0,4.984,1.0,wave,UNKNOWN,UNKNOWN,0.2733,1,55.891
857,18.2381,,0,5.0,0.55,5,3,0,4.9872,1.0,wave,UNKNOWN,UNKNOWN,0.2733,0,56.322
858,18.2547,,0,5.0,0.55,5,3,0,4.939,1.0,wave,UNKNOWN,UNKNOWN,0.2733,0,57.822
859,18.269,,0,5.0,0.55,5,3,0,4.9533,1.0,wave,UNKNOWN,UNKNOWN,0.2733,0,55.809
860,18.2949,,0,5.0,0.55,5,3,0,4.9792,1.0,wave,UNKNOWN,UNKNOWN,0.2733,0,56.312
861,18.3113,,0,5.0,0.55,5,3,0,4.9956,1.0,wave,UNKNOWN,UNKNOWN,0.2733,0,55.262
862,18.3333,,0,5.0,0.55,5,3,0,4.997,1.0,wave,UNKNOWN,UNKNOWN,0.2733,0,54.845
863,18.3529,,0,5.0,0.55,5,3,0,4.9987,1.0,wave,UNKNOWN,UNKNOWN,0.2733,0,54.175
864,18.3741,,0,5.0,0.55,5,3,0,4.9996,1.0,wave,UNKNOWN,UNKNOWN,0.2733,0,53.238
865,18.3958,,0,5.0,0.55,5,3,0,4.9808,1.0,wave,UNKNOWN,UNKNOWN,0.2733,0,52.551
866,18.4174,,0,5.0,0.55,5,3,0,4.976,1.0,wave,UNKNOWN,UNKNOWN,0.2733,0,53.554
867,18.4334,,0,5.0,0.55,5,3,0,4.992,1.0,wave,UNKNOWN,UNKNOWN,0.2733,0,55.054
868,18.4478,,0,5.0,0.55,5,3,0,4.9886,1.0,wave,UNKNOWN,UNKNOWN,0.2667,1,51.106
869,18.5125,,0,5.0,0.55,5,3,0,4.9249,1.0,wave,UNKNOWN,UNKNOWN,0.2667,0,51.292
870,18.5311,,0,5.0,0.55,5,3,0,4.9434,1.0,wave,UNKNOWN,UNKNOWN,0.2667,0,51.213
871,18.5508,,0,5.0,0.55,5,3,0,4.9632,1.0,wave,UNKNOWN,UNKNOWN,0.2667,0,51.846
872,18.5683,,0,5.0,0.55,5,3,0,4.9807,1.0,wave,UNKNOWN,UNKNOWN,0.2667,0,52.862
873,18.5844,,0,5.0,0.55,5,3,0,4.9968,1.0,wave,UNKNOWN,UNKNOWN,0.2667,0,53.9
874,18.6002,,0,5.0,0.55,5,3,0,4.9856,1.0,wave,UNKNOWN,UNKNOWN,0.2667,0,54.762
875,18.6162,,0,5.0,0.55,5,3,0,4.9735,1.0,wave,UNKNOWN,UNKNOWN,0.2667,0,55.542
876,18.6322,,0,5.0,0.55,5,3,0,4.9896,1.0,wave,UNKNOWN,UNKNOWN,0.2667,0,55.523
877,18.6502,,0,5.0,0.55,5,3,0,4.9753,1.0,wave,UNKNOWN,UNKNOWN,0.2667,0,55.174
878,18.6697,,0,5.0,0.55,5,3,0,4.9948,1.0,wave,UNKNOWN,UNKNOWN,0.2667,0,55.943
879,18.6854,,0,5.0,0.55,5,3,0,4.9863,1.0,wave,UNKNOWN,UNKNOWN,0.2667,0,56.667
880,18.7012,,0,5.0,0.55,5,3,0,4.9793,1.0,wave,UNKNOWN,UNKNOWN,0.2767,1,52.65
881,18.7621,,0,5.0,0.55,5,3,0,4.9956,1.0,wave,UNKNOWN,UNKNOWN,0.2767,0,51.969
882,18.7836,,0,5.0,0.55,5,3,0,4.9614,1.0,wave,UNKNOWN,UNKNOWN,0.2767,0,52.553
883,18.801,,0,5.0,0.55,5,3,0,4.9788,1.0,wave,UNKNOWN,UNKNOWN,0.2767,0,52.332
884,18.8215,,0,5.0,0.55,5,3,0,4.9993,1.0,wave,UNKNOWN,UNKNOWN,0.2767,0,52.482
885,18.8394,,0,5.0,0.55,5,3,0,4.9873,1.0,wave,UNKNOWN,UNKNOWN,0.2767,0,54.607
886,18.8533,,0,5.0,0.55,5,3,0,4.9839,1.0,wave,UNKNOWN,UNKNOWN,0.2767,0,55.658
887,18.8689,,0,5.0,0.55,5,3,0,4.9996,1.0,wave,UNKNOWN,UNKNOWN,0.2767,0,56.926
888,18.883,,0,5.0,0.55,5,3,0,4.9993,1.0,wave,UNKNOWN,UNKNOWN,0.2767,0,57.737
889,18.8985,,0,5.0,0.55,5,3,0,4.9999,1.0,wave,UNKNOWN,UNKNOWN,0.2767,0,57.676
890,18.916,,0,5.0,0.55,5,3,0,4.9851,1.0,wave,UNKNOWN,UNKNOWN,0.2767,0,58.621
891,18.9308,,0,5.0,0.55,5,3,0,4.9999,1.0,wave,UNKNOWN,UNKNOWN,0.2767,0,56.812
892,18.9556,,0,5.0,0.55,5,3,0,4.9909,1.0,wave,UNKNOWN,UNKNOWN,0.26,1,53.041
893,19.0082,,0,5.0,0.55,5,3,0,4.9946,1.0,wave,UNKNOWN,UNKNOWN,0.26,0,52.302
894,19.0298,,0,5.0,0.55,5,3,0,4.999,1.0,wave,UNKNOWN,UNKNOWN,0.26,0,52.959
895,19.0466,,0,5.0,0.55,5,3,0,4.95,1.0,wave,UNKNOWN,UNKNOWN,0.26,0,52.205
896,19.0686,,0,5.0,0.55,5,3,0,4.972,1.0,wave,UNKNOWN,UNKNOWN,0.26,0,53.713
897,19.0843,,0,5.0,0.55,5,3,0,4.9878,1.0,wave,UNKNOWN,UNKNOWN,0.26,0,52.712
898,19.1065,,0,5.0,0.55,5,3,0,4.992,1.0,wave,UNKNOWN,UNKNOWN,0.26,0,51.889
899,19.1288,,0,5.0,0.55,5,3,0,4.996,1.0,wave,UNKNOWN,UNKNOWN,0.26,0,51.617
900,19.1493,,0,5.0,0.55,5,3,0,4.9932,1.0,wave,UNKNOWN,UNKNOWN,0.26,0,52.414
901,19.1659,,0,5.0,0.55,5,3,0,4.9938,1.0,wave,UNKNOWN,UNKNOWN,0.26,0,53.346
902,19.1824,,0,5.0,0.55,5,3,0,4.9894,1.0,wave,UNKNOWN,UNKNOWN,0.26,0,54.084
903,19.1987,,0,5.0,0.55,5,3,0,4.986,1.0,wave,UNKNOWN,UNKNOWN,0.26,0,54.381
904,19.2163,,0,5.0,0.55,5,3,0,4.9836,1.0,wave,UNKNOWN,UNKNOWN,0.2733,1,50.56
905,19.2783,,0,5.0,0.55,5,3,0,4.9968,1.0,wave,UNKNOWN,UNKNOWN,0.2733,0,52.795
906,19.2923,,0,5.0,0.55,5,3,0,4.9552,1.0,wave,UNKNOWN,UNKNOWN,0.2733,0,54.463
907,19.3067,,0,5.0,0.55,5,3,0,4.9696,1.0,wave,UNKNOWN,UNKNOWN,0.2733,0,56.123
908,19.3204,,0,5.0,0.55,5,3,0,4.9833,1.0,wave,UNKNOWN,UNKNOWN,0.2733,0,56.965
909,19.3358,,0,5.0,0.55,5,3,0,4.9987,1.0,wave,UNKNOWN,UNKNOWN,0.2733,0,57.548
910,19.3517,,0,5.0,0.55,5,3,0,4.9869,1.0,wave,UNKNOWN,UNKNOWN,0.2733,0,57.651
911,19.3687,,0,5.0,0.55,5,3,0,4.9835,1.0,wave,UNKNOWN,UNKNOWN,0.2733,0,58.082
912,19.3849,,0,5.0,0.55,5,3,0,4.9997,1.0,wave,UNKNOWN,UNKNOWN,0.2733,0,58.841
913,19.4004,,0,5.0,0.55,5,3,0,4.9854,1.0,wave,UNKNOWN,UNKNOWN,0.2733,0,57.26
914,19.424,,0,5.0,0.55,5,3,0,4.9931,1.0,wave,UNKNOWN,UNKNOWN,0.2733,0,55.717
915,19.4472,,0,5.0,0.55,5,3,0,4.9997,1.0,wave,UNKNOWN,UNKNOWN,0.2733,0,55.875
916,19.4647,,0,5.0,0.55,5,3,0,4.9964,1.0,wave,UNKNOWN,UNKNOWN,0.2733,0,55.706
917,19.4831,,0,5.0,0.55,5,3,0,4.9846,1.0,wave,UNKNOWN,UNKNOWN,0.2567,1,52.024
918,19.5366,,0,5.0,0.55,5,3,0,4.9849,1.0,wave,UNKNOWN,UNKNOWN,0.2567,0,53.558
919,19.5516,,0,5.0,0.55,5,3,0,4.9998,1.0,wave,UNKNOWN,UNKNOWN,0.2567,0,54.36
920,19.5674,,0,5.0,0.55,5,3,0,4.9631,1.0,wave,UNKNOWN,UNKNOWN,0.2567,0,55.774
921,19.582,,0,5.0,0.55,5,3,0,4.9777,1.0,wave,UNKNOWN,UNKNOWN,0.2567,0,57.085
922,19.5962,,0,5.0,0.55,5,3,0,4.9919,1.0,wave,UNKNOWN,UNKNOWN,0.2567,0,58.442
923,19.6105,,0,5.0,0.55,5,3,0,4.9921,1.0,wave,UNKNOWN,UNKNOWN,0.2567,0,56.734
924,19.6348,,0,5.0,0.55,5,3,0,4.9826,1.0,wave,UNKNOWN,UNKNOWN,0.2567,0,58.2
925,19.6492,,0,5.0,0.55,5,3,0,4.997,1.0,wave,UNKNOWN,UNKNOWN,0.2567,0,59.105
926,19.6637,,0,5.0,0.55,5,3,0,4.998,1.0,wave,UNKNOWN,UNKNOWN,0.2567,0,59.114
927,19.6805,,0,5.0,0.55,5,3,0,4.9992,1.0,wave,UNKNOWN,UNKNOWN,0.2567,0,59.481
928,19.6964,,0,5.0,0.55,5,3,0,4.9995,1.0,wave,UNKNOWN,UNKNOWN,0.2567,0,60.237
929,19.7114,,0,5.0,0.55,5,3,0,4.998,1.0,wave,UNKNOWN,UNKNOWN,0.2567,0,60.187
930,19.7279,,0,5.0,0.55,5,3,0,4.9968,1.0,wave,UNKNOWN,UNKNOWN,0.2567,0,60.025
931,19.745,,0,5.0,0.55,5,3,0,4.9942,1.0,wave,UNKNOWN,UNKNOWN,0.2733,1,55.854
932,19.7999,,0,5.0,0.55,5,3,0,4.9859,1.0,wave,UNKNOWN,UNKNOWN,0.2733,0,57.287
933,19.814,,0,5.0,0.55,5,3,0,4.9461,1.0,wave,UNKNOWN,UNKNOWN,0.2733,0,56.149
934,19.8357,,0,5.0,0.55,5,3,0,4.9678,1.0,wave,UNKNOWN,UNKNOWN,0.2733,0,57.467
935,19.8501,,0,5.0,0.55,5,3,0,4.9821,1.0,wave,UNKNOWN,UNKNOWN,0.2733,0,58.364
936,19.8655,,0,5.0,0.55,5,3,0,4.9975,1.0,wave,UNKNOWN,UNKNOWN,0.2733,0,56.964
937,19.8879,,0,5.0,0.55,5,3,0,4.9915,1.0,wave,UNKNOWN,UNKNOWN,0.2733,0,55.891
938,19.9098,,0,5.0,0.55,5,3,0,4.9975,1.0,wave,UNKNOWN,UNKNOWN,0.2733,0,56.813
939,19.9256,,0,5.0,0.55,5,3,0,4.994,1.0,wave,UNKNOWN,UNKNOWN,0.2733,0,57.594
940,19.9402,,0,5.0,0.55,5,3,0,4.9918,1.0,wave,UNKNOWN,UNKNOWN,0.2733,0,58.456
941,19.9553,,0,5.0,0.55,5,3,0,4.9897,1.0,wave,UNKNOWN,UNKNOWN,0.2733,0,59.121
942,19.9708,,0,5.0,0.55,5,3,0,4.9815,1.0,wave,UNKNOWN,UNKNOWN,0.2733,0,58.499
943,19.9898,,0,5.0,0.55,5,3,0,4.9836,1.0,wave,UNKNOWN,UNKNOWN,0.2733,0,57.18
944,20.0116,,0,5.0,0.55,5,3,0,4.9895,1.0,wave,UNKNOWN,UNKNOWN,0.2833,1,53.248
945,20.0679,,0,5.0,0.55,5,3,0,4.9952,1.0,wave,UNKNOWN,UNKNOWN,0.2833,0,55.039
946,20.0819,,0,5.0,0.55,5,3,0,4.9302,1.0,wave,UNKNOWN,UNKNOWN,0.2833,0,56.476
947,20.0964,,0,5.0,0.55,5,3,0,4.9448,1.0,wave,UNKNOWN,UNKNOWN,0.2833,0,57.819
948,20.1104,,0,5.0,0.55,5,3,0,4.9588,1.0,wave,UNKNOWN,UNKNOWN,0.2833,0,57.362
949,20.1294,,0,5.0,0.55,5,3,0,4.9778,1.0,wave,UNKNOWN,UNKNOWN,0.2833,0,58.812
950,20.1433,,0,5.0,0.55,5,3,0,4.9917,1.0,wave,UNKNOWN,UNKNOWN,0.2833,0,59.728
951,20.1578,,0,5.0,0.55,5,3,0,4.9906,1.0,wave,UNKNOWN,UNKNOWN,0.2833,0,60.273
952,20.1731,,0,5.0,0.55,5,3,0,4.9886,1.0,wave,UNKNOWN,UNKNOWN,0.2833,0,60.569
953,20.1889,,0,5.0,0.55,5,3,0,4.988,1.0,wave,UNKNOWN,UNKNOWN,0.2833,0,60.921
954,20.2047,,0,5.0,0.55,5,3,0,4.9767,1.0,wave,UNKNOWN,UNKNOWN,0.2833,0,61.146
955,20.2203,,0,5.0,0.55,5,3,0,4.9924,1.0,wave,UNKNOWN,UNKNOWN,0.2833,0,60.368
956,20.2391,,0,5.0,0.55,5,3,0,4.9939,1.0,wave,UNKNOWN,UNKNOWN,0.2833,0,60.5
957,20.2556,,0,5.0,0.55,5,3,0,4.9931,1.0,wave,UNKNOWN,UNKNOWN,0.2833,0,60.642
958,20.2714,,0,5.0,0.55,5,3,0,4.9918,1.0,wave,UNKNOWN,UNKNOWN,0.27,1,56.354
959,20.3279,,0,5.0,0.55,5,3,0,4.9879,1.0,wave,UNKNOWN,UNKNOWN,0.27,0,57.824
960,20.3427,,0,5.0,0.55,5,3,0,4.9314,1.0,wave,UNKNOWN,UNKNOWN,0.27,0,58.849
961,20.3568,,0,5.0,0.55,5,3,0,4.9456,1.0,wave,UNKNOWN,UNKNOWN,0.27,0,60.151
962,20.3706,,0,5.0,0.55,5,3,0,4.9593,1.0,wave,UNKNOWN,UNKNOWN,0.27,0,58.911
963,20.3917,,0,5.0,0.55,5,3,0,4.9804,1.0,wave,UNKNOWN,UNKNOWN,0.27,0,60.433
964,20.4052,,0,5.0,0.55,5,3,0,4.994,1.0,wave,UNKNOWN,UNKNOWN,0.27,0,58.292
965,20.4304,,0,5.0,0.55,5,3,0,4.9998,1.0,wave,UNKNOWN,UNKNOWN,0.27,0,56.524
966,20.4551,,0,5.0,0.55,5,3,0,4.9912,1.0,wave,UNKNOWN,UNKNOWN,0.27,0,55.847
967,20.4753,,0,5.0,0.55,5,3,0,4.9944,1.0,wave,UNKNOWN,UNKNOWN,0.27,0,56.599
968,20.4912,,0,5.0,0.55,5,3,0,4.9883,1.0,wave,UNKNOWN,UNKNOWN,0.27,0,56.653
969,20.5087,,0,5.0,0.55,5,3,0,4.9898,1.0,wave,UNKNOWN,UNKNOWN,0.27,0,57.297
970,20.5243,,0,5.0,0.55,5,3,0,4.9887,1.0,wave,UNKNOWN,UNKNOWN,0.3067,1,53.483
971,20.5769,,0,5.0,0.55,5,3,0,4.9925,1.0,wave,UNKNOWN,UNKNOWN,0.3067,0,54.622
972,20.5926,,0,5.0,0.55,5,3,0,4.9896,1.0,wave,UNKNOWN,UNKNOWN,0.3067,0,53.354
973,20.6157,,0,5.0,0.55,5,3,0,4.949,1.0,wave,UNKNOWN,UNKNOWN,0.3067,0,52.832
974,20.6365,,0,5.0,0.55,5,3,0,4.9698,1.0,wave,UNKNOWN,UNKNOWN,0.3067,0,52.262
975,20.658,,0,5.0,0.55,5,3,0,4.9913,1.0,wave,UNKNOWN,UNKNOWN,0.3067,0,53.535
976,20.6733,,0,5.0,0.55,5,3,0,4.9908,1.0,wave,UNKNOWN,UNKNOWN,0.3067,0,54.594
977,20.6895,,0,5.0,0.55,5,3,0,4.9861,1.0,wave,UNKNOWN,UNKNOWN,0.3067,0,53.766
978,20.7105,,0,5.0,0.55,5,3,0,4.9823,1.0,wave,UNKNOWN,UNKNOWN,0.3067,0,52.661
979,20.7337,,0,5.0,0.55,5,3,0,4.9898,1.0,wave,UNKNOWN,UNKNOWN,0.3067,0,54.613
980,20.7478,,0,5.0,0.55,5,3,0,4.9817,1.0,wave,UNKNOWN,UNKNOWN,0.3067,0,53.622
981,20.7701,,0,5.0,0.55,5,3,0,4.9874,1.0,wave,UNKNOWN,UNKNOWN,0.3067,0,53.527
982,20.7893,,0,5.0,0.55,5,3,0,4.9903,1.0,wave,UNKNOWN,UNKNOWN,0.2767,1,49.773
983,20.8518,,0,5.0,0.55,5,3,0,4.9984,1.0,wave,UNKNOWN,UNKNOWN,0.2767,0,51.08
984,20.8674,,0,5.0,0.55,5,3,0,4.9548,1.0,wave,UNKNOWN,UNKNOWN,0.2767,0,52.786
985,20.8823,,0,5.0,0.55,5,3,0,4.9697,1.0,wave,UNKNOWN,UNKNOWN,0.2767,0,54.205
986,20.8976,,0,5.0,0.55,5,3,0,4.985,1.0,wave,UNKNOWN,UNKNOWN,0.2767,0,54.513
987,20.9146,,0,5.0,0.55,5,3,0,4.9828,1.0,wave,UNKNOWN,UNKNOWN,0.2767,0,55.624
988,20.9301,,0,5.0,0.55,5,3,0,4.9983,1.0,wave,UNKNOWN,UNKNOWN,0.2767,0,56.718
989,20.945,,0,5.0,0.55,5,3,0,4.9948,1.0,wave,UNKNOWN,UNKNOWN,0.2767,0,57.407
990,20.9608,,0,5.0,0.55,5,3,0,4.9942,1.0,wave,UNKNOWN,UNKNOWN,0.2767,0,55.6
991,20.9859,,0,5.0,0.55,5,3,0,4.9863,1.0,wave,UNKNOWN,UNKNOWN,0.2767,0,55.492
992,21.0046,,0,5.0,0.55,5,3,0,4.9889,1.0,wave,UNKNOWN,UNKNOWN,0.2767,0,55.563
993,21.0221,,0,5.0,0.55,5,3,0,4.9894,1.0,wave,UNKNOWN,UNKNOWN,0.2767,0,56.16
994,21.0383,,0,5.0,0.55,5,3,0,4.9887,1.0,wave,UNKNOWN,UNKNOWN,0.2767,0,56.688
995,21.0545,,0,5.0,0.55,5,3,0,4.9812,1.0,wave,UNKNOWN,UNKNOWN,0.2733,1,52.873
996,21.1089,,0,5.0,0.55,5,3,0,4.9868,1.0,wave,UNKNOWN,UNKNOWN,0.2733,0,54.644
997,21.1228,,0,5.0,0.55,5,3,0,4.9361,1.0,wave,UNKNOWN,UNKNOWN,0.2733,0,56.543
998,21.1362,,0,5.0,0.55,5,3,0,4.9495,1.0,wave,UNKNOWN,UNKNOWN,0.2733,0,57.209
999,21.1521,,0,5.0,0.55,5,3,0,4.9654,1.0,wave,UNKNOWN,UNKNOWN,0.2733,0,57.899
1000,21.1679,,0,5.0,0.55,5,3,0,4.9812,1.0,wave,UNKNOWN,UNKNOWN,0.2733,0,58.314
1001,21.1839,,0,5.0,0.55,5,3,0,4.9972,1.0,wave,UNKNOWN,UNKNOWN,0.2733,0,58.704
1002,21.1999,,0,5.0,0.55,5,3,0,4.9995,1.0,wave,UNKNOWN,UNKNOWN,0.2733,0,58.868
1003,21.2163,,0,5.0,0.55,5,3,0,4.9862,1.0,wave,UNKNOWN,UNKNOWN,0.2733,0,59.42
1004,21.232,,0,5.0,0.55,5,3,0,4.9848,1.0,wave,UNKNOWN,UNKNOWN,0.2733,0,59.463
1005,21.2486,,0,5.0,0.55,5,3,0,4.9855,1.0,wave,UNKNOWN,UNKNOWN,0.2733,0,58.769
1006,21.2678,,0,5.0,0.55,5,3,0,4.988,1.0,wave,UNKNOWN,UNKNOWN,0.2733,0,58.916
1007,21.2843,,0,5.0,0.55,5,3,0,4.9884,1.0,wave,UNKNOWN,UNKNOWN,0.2733,0,59.208
1008,21.3004,,0,5.0,0.55,5,3,0,4.9898,1.0,wave,UNKNOWN,UNKNOWN,0.2733,0,59.544
1009,21.3165,,0,5.0,0.55,5,3,0,4.9793,1.0,wave,UNKNOWN,UNKNOWN,0.2833,1,55.348
1010,21.3737,,0,5.0,0.55,5,3,0,4.9891,1.0,wave,UNKNOWN,UNKNOWN,0.2833,0,56.978
1011,21.3874,,0,5.0,0.55,5,3,0,4.9384,1.0,wave,UNKNOWN,UNKNOWN,0.2833,0,58.143
1012,21.4019,,0,5.0,0.55,5,3,0,4.9529,1.0,wave,UNKNOWN,UNKNOWN,0.2833,0,59.214
1013,21.4164,,0,5.0,0.55,5,3,0,4.9674,1.0,wave,UNKNOWN,UNKNOWN,0.2833,0,59.969
1014,21.4313,,0,5.0,0.55,5,3,0,4.9823,1.0,wave,UNKNOWN,UNKNOWN,0.2833,0,60.098
1015,21.4476,,0,5.0,0.55,5,3,0,4.9987,1.0,wave,UNKNOWN,UNKNOWN,0.2833,0,60.309
1016,21.4636,,0,5.0,0.55,5,3,0,4.9773,1.0,wave,UNKNOWN,UNKNOWN,0.2833,0,60.563
1017,21.4796,,0,5.0,0.55,5,3,0,4.9933,1.0,wave,UNKNOWN,UNKNOWN,0.2833,0,60.725
1018,21.4957,,0,5.0,0.55,5,3,0,4.9951,1.0,wave,UNKNOWN,UNKNOWN,0.2833,0,60.875
1019,21.5117,,0,5.0,0.55,5,3,0,4.9945,1.0,wave,UNKNOWN,UNKNOWN,0.2833,0,61.103
1020,21.5275,,0,5.0,0.55,5,3,0,4.9919,1.0,wave,UNKNOWN,UNKNOWN,0.2833,0,62.376
1021,21.5415,,0,5.0,0.55,5,3,0,4.9881,1.0,wave,UNKNOWN,UNKNOWN,0.2833,0,63.383
1022,21.5552,,0,5.0,0.55,5,3,0,4.9782,1.0,wave,UNKNOWN,UNKNOWN,0.2833,0,63.416
1023,21.5706,,0,5.0,0.55,5,3,0,4.9936,1.0,wave,UNKNOWN,UNKNOWN,0.2567,1,58.946
1024,21.6243,,0,5.0,0.55,5,3,0,4.9857,1.0,wave,UNKNOWN,UNKNOWN,0.2567,0,60.035
1025,21.6389,,0,5.0,0.55,5,3,0,4.9449,1.0,wave,UNKNOWN,UNKNOWN,0.2567,0,60.824
1026,21.6536,,0,5.0,0.55,5,3,0,4.9595,1.0,wave,UNKNOWN,UNKNOWN,0.2567,0,61.347
1027,21.6683,,0,5.0,0.55,5,3,0,4.9743,1.0,wave,UNKNOWN,UNKNOWN,0.2567,0,61.506
1028,21.6841,,0,5.0,0.55,5,3,0,4.9901,1.0,wave,UNKNOWN,UNKNOWN,0.2567,0,61.701
1029,21.7003,,0,5.0,0.55,5,3,0,4.9901,1.0,wave,UNKNOWN,UNKNOWN,0.2567,0,61.533
1030,21.7167,,0,5.0,0.55,5,3,0,4.987,1.0,wave,UNKNOWN,UNKNOWN,0.2567,0,61.523
1031,21.733,,0,5.0,0.55,5,3,0,4.9812,1.0,wave,UNKNOWN,UNKNOWN,0.2567,0,61.395
1032,21.7498,,0,5.0,0.55,5,3,0,4.998,1.0,wave,UNKNOWN,UNKNOWN,0.2567,0,60.661
1033,21.768,,0,5.0,0.55,5,3,0,4.9959,1.0,wave,UNKNOWN,UNKNOWN,0.2567,0,59.95
1034,21.7868,,0,5.0,0.55,5,3,0,4.9965,1.0,wave,UNKNOWN,UNKNOWN,0.2567,0,60.344
1035,21.8027,,0,5.0,0.55,5,3,0,4.9944,1.0,wave,UNKNOWN,UNKNOWN,0.2567,0,60.441
1036,21.8188,,0,5.0,0.55,5,3,0,4.9906,1.0,wave,UNKNOWN,UNKNOWN,0.2567,0,60.657
1037,21.8345,,0,5.0,0.55,5,3,0,4.989,1.0,wave,UNKNOWN,UNKNOWN,0.2567,1,56.36
1038,21.8915,,0,5.0,0.55,5,3,0,4.993,1.0,wave,UNKNOWN,UNKNOWN,0.2567,0,57.325
1039,21.9066,,0,5.0,0.55,5,3,0,4.94,1.0,wave,UNKNOWN,UNKNOWN,0.2567,0,58.601
1040,21.9204,,0,5.0,0.55,5,3,0,4.9538,1.0,wave,UNKNOWN,UNKNOWN,0.2567,0,60.275
1041,21.934,,0,5.0,0.55,5,3,0,4.9674,1.0,wave,UNKNOWN,UNKNOWN,0.2567,0,60.672
1042,21.9496,,0,5.0,0.55,5,3,0,4.983,1.0,wave,UNKNOWN,UNKNOWN,0.2567,0,59.967
1043,21.9681,,0,5.0,0.55,5,3,0,4.9845,1.0,wave,UNKNOWN,UNKNOWN,0.2567,0,60.26
1044,21.9841,,0,5.0,0.55,5,3,0,4.9792,1.0,wave,UNKNOWN,UNKNOWN,0.2567,0,60.409
1045,22.0003,,0,5.0,0.55,5,3,0,4.9954,1.0,wave,UNKNOWN,UNKNOWN,0.2567,0,60.485
1046,22.0165,,0,5.0,0.55,5,3,0,4.9974,1.0,wave,UNKNOWN,UNKNOWN,0.2567,0,60.58
1047,22.0329,,0,5.0,0.55,5,3,0,4.9984,1.0,wave,UNKNOWN,UNKNOWN,0.2567,0,59.966
1048,22.0511,,0,5.0,0.55,5,3,0,4.9847,1.0,wave,UNKNOWN,UNKNOWN,0.2567,0,59.959
1049,22.0677,,0,5.0,0.55,5,3,0,4.9851,1.0,wave,UNKNOWN,UNKNOWN,0.2567,0,60.082
1050,22.0843,,0,5.0,0.55,5,3,0,4.9848,1.0,wave,UNKNOWN,UNKNOWN,0.2567,0,60.149
1051,22.1008,,0,5.0,0.55,5,3,0,4.9836,1.0,wave,UNKNOWN,UNKNOWN,0.2633,1,55.948
1052,22.156,,0,5.0,0.55,5,3,0,4.992,1.0,wave,UNKNOWN,UNKNOWN,0.2633,0,55.108
1053,22.177,,0,5.0,0.55,5,3,0,4.9589,1.0,wave,UNKNOWN,UNKNOWN,0.2633,0,55.735
1054,22.1934,,0,5.0,0.55,5,3,0,4.9753,1.0,wave,UNKNOWN,UNKNOWN,0.2633,0,54.528
1055,22.2159,,0,5.0,0.55,5,3,0,4.9978,1.0,wave,UNKNOWN,UNKNOWN,0.2633,0,56.299
1056,22.2301,,0,5.0,0.55,5,3,0,4.9958,1.0,wave,UNKNOWN,UNKNOWN,0.2633,0,55.374
1057,22.2509,,0,5.0,0.55,5,3,0,4.9853,1.0,wave,UNKNOWN,UNKNOWN,0.2633,0,54.416
1058,22.2729,,0,5.0,0.55,5,3,0,4.9908,1.0,wave,UNKNOWN,UNKNOWN,0.2633,0,55.513
1059,22.2882,,0,5.0,0.55,5,3,0,4.989,1.0,wave,UNKNOWN,UNKNOWN,0.2633,0,56.279
1060,22.3039,,0,5.0,0.55,5,3,0,4.989,1.0,wave,UNKNOWN,UNKNOWN,0.2633,0,56.931
1061,22.3199,,0,5.0,0.55,5,3,0,4.9883,1.0,wave,UNKNOWN,UNKNOWN,0.2633,0,57.409
1062,22.3361,,0,5.0,0.55,5,3,0,4.9875,1.0,wave,UNKNOWN,UNKNOWN,0.2633,0,57.744
1063,22.3525,,0,5.0,0.55,5,3,0,4.9862,1.0,wave,UNKNOWN,UNKNOWN,0.2633,1,53.769
1064,22.4084,,0,5.0,0.55,5,3,0,4.9924,1.0,wave,UNKNOWN,UNKNOWN,0.2633,0,55.455
1065,22.4229,,0,5.0,0.55,5,3,0,4.9502,1.0,wave,UNKNOWN,UNKNOWN,0.2633,0,54.587
1066,22.4443,,0,5.0,0.55,5,3,0,4.9717,1.0,wave,UNKNOWN,UNKNOWN,0.2633,0,55.146
1067,22.4608,,0,5.0,0.55,5,3,0,4.9882,1.0,wave,UNKNOWN,UNKNOWN,0.2633,0,55.777
1068,22.4769,,0,5.0,0.55,5,3,0,4.9861,1.0,wave,UNKNOWN,UNKNOWN,0.2633,0,56.536
1069,22.4923,,0,5.0,0.55,5,3,0,4.9829,1.0,wave,UNKNOWN,UNKNOWN,0.2633,0,57.946
1070,22.5072,,0,5.0,0.55,5,3,0,4.9978,1.0,wave,UNKNOWN,UNKNOWN,0.2633,0,59.154
1071,22.5211,,0,5.0,0.55,5,3,0,4.995,1.0,wave,UNKNOWN,UNKNOWN,0.2633,0,60.146
1072,22.5353,,0,5.0,0.55,5,3,0,4.9923,1.0,wave,UNKNOWN,UNKNOWN,0.2633,0,60.865
1073,22.5502,,0,5.0,0.55,5,3,0,4.9914,1.0,wave,UNKNOWN,UNKNOWN,0.2633,0,60.604
1074,22.5673,,0,5.0,0.55,5,3,0,4.992,1.0,wave,UNKNOWN,UNKNOWN,0.2633,0,58.49
1075,22.5927,,0,5.0,0.55,5,3,0,4.9842,1.0,wave,UNKNOWN,UNKNOWN,0.2633,0,59.539
1076,22.6073,,0,5.0,0.55,5,3,0,4.9988,1.0,wave,UNKNOWN,UNKNOWN,0.2633,1,55.262
1077,22.6668,,0,5.0,0.55,5,3,0,4.9952,1.0,wave,UNKNOWN,UNKNOWN,0.2633,0,56.532
1078,22.6817,,0,5.0,0.55,5,3,0,4.9526,1.0,wave,UNKNOWN,UNKNOWN,0.2633,0,58.229
1079,22.6958,,0,5.0,0.55,5,3,0,4.9667,1.0,wave,UNKNOWN,UNKNOWN,0.2633,0,59.52
1080,22.7094,,0,5.0,0.55,5,3,0,4.9804,1.0,wave,UNKNOWN,UNKNOWN,0.2633,0,59.366
1081,22.7264,,0,5.0,0.55,5,3,0,4.9974,1.0,wave,UNKNOWN,UNKNOWN,0.2633,0,60.49
1082,22.7407,,0,5.0,0.55,5,3,0,4.9934,1.0,wave,UNKNOWN,UNKNOWN,0.2633,0,60.812
1083,22.7564,,0,5.0,0.55,5,3,0,4.9918,1.0,wave,UNKNOWN,UNKNOWN,0.2633,0,60.996
1084,22.7721,,0,5.0,0.55,5,3,0,4.9918,1.0,wave,UNKNOWN,UNKNOWN,0.2633,0,61.374
1085,22.7876,,0,5.0,0.55,5,3,0,4.9923,1.0,wave,UNKNOWN,UNKNOWN,0.2633,0,61.02
1086,22.805,,0,5.0,0.55,5,3,0,4.9945,1.0,wave,UNKNOWN,UNKNOWN,0.2633,0,61.244
1087,22.8207,,0,5.0,0.55,5,3,0,4.9849,1.0,wave,UNKNOWN,UNKNOWN,0.2633,0,62.268
1088,22.8352,,0,5.0,0.55,5,3,0,4.9994,1.0,wave,UNKNOWN,UNKNOWN,0.2633,0,62.399
1089,22.8506,,0,5.0,0.55,5,3,0,4.9993,1.0,wave,UNKNOWN,UNKNOWN,0.2633,0,62.21
1090,22.8671,,0,5.0,0.55,5,3,0,4.9922,1.0,wave,UNKNOWN,UNKNOWN,0.2567,1,57.912
1091,22.9192,,0,5.0,0.55,5,3,0,4.986,1.0,wave,UNKNOWN,UNKNOWN,0.2567,0,58.783
1092,22.9342,,0,5.0,0.55,5,3,0,4.9439,1.0,wave,UNKNOWN,UNKNOWN,0.2567,0,59.921
1093,22.9487,,0,5.0,0.55,5,3,0,4.9584,1.0,wave,UNKNOWN,UNKNOWN,0.2567,0,60.563
1094,22.9634,,0,5.0,0.55,5,3,0,4.9731,1.0,wave,UNKNOWN,UNKNOWN,0.2567,0,61.64
1095,22.9777,,0,5.0,0.55,5,3,0,4.9875,1.0,wave,UNKNOWN,UNKNOWN,0.2567,0,62.251
1096,22.9921,,0,5.0,0.55,5,3,0,4.9878,1.0,wave,UNKNOWN,UNKNOWN,0.2567,0,62.228
1097,23.0082,,0,5.0,0.55,5,3,0,4.9898,1.0,wave,UNKNOWN,UNKNOWN,0.2567,0,62.44
1098,23.0238,,0,5.0,0.55,5,3,0,4.9901,1.0,wave,UNKNOWN,UNKNOWN,0.2567,0,62.559
1099,23.0394,,0,5.0,0.55,5,3,0,4.9904,1.0,wave,UNKNOWN,UNKNOWN,0.2567,0,62.439
1100,23.0557,,0,5.0,0.55,5,3,0,4.9903,1.0,wave,UNKNOWN,UNKNOWN,0.2567,0,62.595
1101,23.0713,,0,5.0,0.55,5,3,0,4.9898,1.0,wave,UNKNOWN,UNKNOWN,0.2567,0,62.83
1102,23.0868,,0,5.0,0.55,5,3,0,4.9885,1.0,wave,UNKNOWN,UNKNOWN,0.2567,0,62.398
1103,23.1038,,0,5.0,0.55,5,3,0,4.9895,1.0,wave,UNKNOWN,UNKNOWN,0.2567,0,62.456
1104,23.1196,,0,5.0,0.55,5,3,0,4.9817,1.0,wave,UNKNOWN,UNKNOWN,0.2533,1,57.943
1105,23.178,,0,5.0,0.55,5,3,0,4.993,1.0,wave,UNKNOWN,UNKNOWN,0.2533,0,58.693
1106,23.1929,,0,5.0,0.55,5,3,0,4.9548,1.0,wave,UNKNOWN,UNKNOWN,0.2533,0,60.2
1107,23.2067,,0,5.0,0.55,5,3,0,4.9686,1.0,wave,UNKNOWN,UNKNOWN,0.2533,0,60.46
1108,23.2222,,0,5.0,0.55,5,3,0,4.9841,1.0,wave,UNKNOWN,UNKNOWN,0.2533,0,58.883
1109,23.2454,,0,5.0,0.55,5,3,0,4.9907,1.0,wave,UNKNOWN,UNKNOWN,0.2533,0,59.861
1110,23.2592,,0,5.0,0.55,5,3,0,4.9902,1.0,wave,UNKNOWN,UNKNOWN,0.2533,0,60.692
1111,23.2743,,0,5.0,0.55,5,3,0,4.9794,1.0,wave,UNKNOWN,UNKNOWN,0.2533,0,61.172
1112,23.2894,,0,5.0,0.55,5,3,0,4.9946,1.0,wave,UNKNOWN,UNKNOWN,0.2533,0,60.523
1113,23.3079,,0,5.0,0.55,5,3,0,4.9966,1.0,wave,UNKNOWN,UNKNOWN,0.2533,0,61.27
1114,23.3223,,0,5.0,0.55,5,3,0,4.989,1.0,wave,UNKNOWN,UNKNOWN,0.2533,0,61.678
1115,23.3375,,0,5.0,0.55,5,3,0,4.9846,1.0,wave,UNKNOWN,UNKNOWN,0.2533,0,62.089
1116,23.3527,,0,5.0,0.55,5,3,0,4.9998,1.0,wave,UNKNOWN,UNKNOWN,0.2533,0,62.234
1117,23.3684,,0,5.0,0.55,5,3,0,4.9944,1.0,wave,UNKNOWN,UNKNOWN,0.2533,0,61.704
1118,23.3861,,0,5.0,0.55,5,3,0,4.9903,1.0,wave,UNKNOWN,UNKNOWN,0.2533,1,57.347
1119,23.4415,,0,5.0,0.55,5,3,0,4.9937,1.0,wave,UNKNOWN,UNKNOWN,0.2533,0,58.323
1120,23.4562,,0,5.0,0.55,5,3,0,4.9437,1.0,wave,UNKNOWN,UNKNOWN,0.2533,0,59.608
1121,23.4702,,0,5.0,0.55,5,3,0,4.9577,1.0,wave,UNKNOWN,UNKNOWN,0.2533,0,60.622
1122,23.4847,,0,5.0,0.55,5,3,0,4.9722,1.0,wave,UNKNOWN,UNKNOWN,0.2533,0,60.843
1123,23.5005,,0,5.0,0.55,5,3,0,4.988,1.0,wave,UNKNOWN,UNKNOWN,0.2533,0,61.135
1124,23.5159,,0,5.0,0.55,5,3,0,4.9848,1.0,wave,UNKNOWN,UNKNOWN,0.2533,0,61.151
1125,23.5322,,0,5.0,0.55,5,3,0,4.9814,1.0,wave,UNKNOWN,UNKNOWN,0.2533,0,61.356
1126,23.548,,0,5.0,0.55,5,3,0,4.9972,1.0,wave,UNKNOWN,UNKNOWN,0.2533,0,61.027
1127,23.5653,,0,5.0,0.55,5,3,0,4.9969,1.0,wave,UNKNOWN,UNKNOWN,0.2533,0,61.216
1128,23.5812,,0,5.0,0.55,5,3,0,4.9968,1.0,wave,UNKNOWN,UNKNOWN,0.2533,0,60.699
1129,23.599,,0,5.0,0.55,5,3,0,4.9988,1.0,wave,UNKNOWN,UNKNOWN,0.2533,0,59.299
1130,23.6209,,0,5.0,0.55,5,3,0,4.9887,1.0,wave,UNKNOWN,UNKNOWN,0.2533,0,59.996
1131,23.6357,,0,5.0,0.55,5,3,0,4.9855,1.0,wave,UNKNOWN,UNKNOWN,0.2533,0,60.436
1132,23.6513,,0,5.0,0.55,5,3,0,4.9816,1.0,wave,UNKNOWN,UNKNOWN,0.2733,1,55.109
1133,23.791,,0,5.0,0.55,5,3,0,4.9901,1.0,wave,UNKNOWN,UNKNOWN,0.2733,0,53.941
1134,23.8137,,0,5.0,0.55,5,3,0,4.9922,1.0,wave,UNKNOWN,UNKNOWN,0.2733,0,55.383
1135,23.8291,,0,5.0,0.55,5,3,0,4.9897,1.0,wave,UNKNOWN,UNKNOWN,0.2733,0,55.303
1136,23.8466,,0,5.0,0.55,5,3,0,4.9933,1.0,wave,UNKNOWN,UNKNOWN,0.2733,0,55.008
1137,23.8658,,0,5.0,0.55,5,3,0,4.9969,1.0,wave,UNKNOWN,UNKNOWN,0.2733,0,55.766
1138,23.8823,,0,5.0,0.55,5,3,0,4.9993,1.0,wave,UNKNOWN,UNKNOWN,0.2733,0,57.019
1139,23.8971,,0,5.0,0.55,5,3,0,4.9985,1.0,wave,UNKNOWN,UNKNOWN,0.2733,0,58.321
1140,23.9112,,0,5.0,0.55,5,3,0,4.9952,1.0,wave,UNKNOWN,UNKNOWN,0.2667,1,54.386
1141,23.9635,,0,5.0,0.55,5,3,0,4.9552,1.0,wave,UNKNOWN,UNKNOWN,0.2667,0,56.071
1142,23.9778,,0,5.0,0.55,5,3,0,4.9695,1.0,wave,UNKNOWN,UNKNOWN,0.2667,0,57.665
1143,23.992,,0,5.0,0.55,5,3,0,4.9838,1.0,wave,UNKNOWN,UNKNOWN,0.2667,0,58.226
1144,24.007,,0,5.0,0.55,5,3,0,4.9988,1.0,wave,UNKNOWN,UNKNOWN,0.2667,0,58.502
1145,24.0235,,0,5.0,0.55,5,3,0,4.9937,1.0,wave,UNKNOWN,UNKNOWN,0.2667,0,58.974
1146,24.0393,,0,5.0,0.55,5,3,0,4.9927,1.0,wave,UNKNOWN,UNKNOWN,0.2667,0,59.753
1147,24.0543,,0,5.0,0.55,5,3,0,4.9857,1.0,wave,UNKNOWN,UNKNOWN,0.2667,0,60.145
1148,24.07,,0,5.0,0.55,5,3,0,4.9857,1.0,wave,UNKNOWN,UNKNOWN,0.2667,0,60.068
1149,24.0868,,0,5.0,0.55,5,3,0,4.9803,1.0,wave,UNKNOWN,UNKNOWN,0.2667,0,60.285
1150,24.1028,,0,5.0,0.55,5,3,0,4.9963,1.0,wave,UNKNOWN,UNKNOWN,0.2667,0,60.461
1151,24.1189,,0,5.0,0.55,5,3,0,4.9901,1.0,wave,UNKNOWN,UNKNOWN,0.2667,0,60.769
1152,24.1347,,0,5.0,0.55,5,3,0,4.9854,1.0,wave,UNKNOWN,UNKNOWN,0.2667,0,60.515
1153,24.1518,,0,5.0,0.55,5,3,0,4.9859,1.0,wave,UNKNOWN,UNKNOWN,0.2667,0,60.768
1154,24.1677,,0,5.0,0.55,5,3,0,4.9853,1.0,wave,UNKNOWN,UNKNOWN,0.2367,1,56.518
1155,24.2229,,0,5.0,0.55,5,3,0,4.9446,1.0,wave,UNKNOWN,UNKNOWN,0.2367,0,57.961
1156,24.2369,,0,5.0,0.55,5,3,0,4.9586,1.0,wave,UNKNOWN,UNKNOWN,0.2367,0,58.821
1157,24.2521,,0,5.0,0.55,5,3,0,4.9738,1.0,wave,UNKNOWN,UNKNOWN,0.2367,0,59.622
1158,24.2667,,0,5.0,0.55,5,3,0,4.9884,1.0,wave,UNKNOWN,UNKNOWN,0.2367,0,59.117
1159,24.2854,,0,5.0,0.55,5,3,0,4.9931,1.0,wave,UNKNOWN,UNKNOWN,0.2367,0,59.505
1160,24.3014,,0,5.0,0.55,5,3,0,4.9947,1.0,wave,UNKNOWN,UNKNOWN,0.2367,0,59.628
1161,24.3176,,0,5.0,0.55,5,3,0,4.9971,1.0,wave,UNKNOWN,UNKNOWN,0.2367,0,60.124
1162,24.3329,,0,5.0,0.55,5,3,0,4.9971,1.0,wave,UNKNOWN,UNKNOWN,0.2367,0,60.501
1163,24.3485,,0,5.0,0.55,5,3,0,4.9968,1.0,wave,UNKNOWN,UNKNOWN,0.2367,0,60.149
1164,24.3661,,0,5.0,0.55,5,3,0,4.9974,1.0,wave,UNKNOWN,UNKNOWN,0.2367,0,60.694
1165,24.3814,,0,5.0,0.55,5,3,0,4.9965,1.0,wave,UNKNOWN,UNKNOWN,0.2367,0,61.304
1166,24.3963,,0,5.0,0.55,5,3,0,4.9959,1.0,wave,UNKNOWN,UNKNOWN,0.2367,0,60.962
1167,24.4135,,0,5.0,0.55,5,3,0,4.9894,1.0,wave,UNKNOWN,UNKNOWN,0.2367,0,59.472
1168,24.4358,,0,5.0,0.55,5,3,0,4.9886,1.0,wave,UNKNOWN,UNKNOWN,0.23,1,55.07
1169,24.5002,,0,5.0,0.55,5,3,0,4.9636,1.0,wave,UNKNOWN,UNKNOWN,0.23,0,56.522
1170,24.5146,,0,5.0,0.55,5,3,0,4.978,1.0,wave,UNKNOWN,UNKNOWN,0.23,0,55.172
1171,24.5375,,0,5.0,0.55,5,3,0,4.9859,1.0,wave,UNKNOWN,UNKNOWN,0.23,0,55.768
1172,24.5539,,0,5.0,0.55,5,3,0,4.9865,1.0,wave,UNKNOWN,UNKNOWN,0.23,0,56.414
1173,24.5699,,0,5.0,0.55,5,3,0,4.9879,1.0,wave,UNKNOWN,UNKNOWN,0.23,0,56.372
1174,24.5878,,0,5.0,0.55,5,3,0,4.9915,1.0,wave,UNKNOWN,UNKNOWN,0.23,0,56.979
1175,24.6038,,0,5.0,0.55,5,3,0,4.9934,1.0,wave,UNKNOWN,UNKNOWN,0.23,0,57.514
1176,24.6198,,0,5.0,0.55,5,3,0,4.985,1.0,wave,UNKNOWN,UNKNOWN,0.23,0,58.041
1177,24.6357,,0,5.0,0.55,5,3,0,4.9866,1.0,wave,UNKNOWN,UNKNOWN,0.23,0,58.512
1178,24.6517,,0,5.0,0.55,5,3,0,4.988,1.0,wave,UNKNOWN,UNKNOWN,0.23,0,58.874
1179,24.6678,,0,5.0,0.55,5,3,0,4.9873,1.0,wave,UNKNOWN,UNKNOWN,0.23,0,59.119
1180,24.684,,0,5.0,0.55,5,3,0,4.9877,1.0,wave,UNKNOWN,UNKNOWN,0.23,0,59.525
1181,24.6999,,0,5.0,0.55,5,3,0,4.9885,1.0,wave,UNKNOWN,UNKNOWN,0.2233,1,55.484
1182,24.7527,,0,5.0,0.55,5,3,0,4.9528,1.0,wave,UNKNOWN,UNKNOWN,0.2233,0,54.763
1183,24.773,,0,5.0,0.55,5,3,0,4.973,1.0,wave,UNKNOWN,UNKNOWN,0.2233,0,54.308
1184,24.7931,,0,5.0,0.55,5,3,0,4.9932,1.0,wave,UNKNOWN,UNKNOWN,0.2233,0,55.603
1185,24.8078,,0,5.0,0.55,5,3,0,4.9938,1.0,wave,UNKNOWN,UNKNOWN,0.2233,0,56.143
1186,24.8241,,0,5.0,0.55,5,3,0,4.9884,1.0,wave,UNKNOWN,UNKNOWN,0.2233,0,55.01
1187,24.8468,,0,5.0,0.55,5,3,0,4.9967,1.0,wave,UNKNOWN,UNKNOWN,0.2233,0,56.398
1188,24.8617,,0,5.0,0.55,5,3,0,4.9962,1.0,wave,UNKNOWN,UNKNOWN,0.2233,0,57.574
1189,24.877,,0,5.0,0.55,5,3,0,4.9891,1.0,wave,UNKNOWN,UNKNOWN,0.2233,0,58.509
1190,24.8907,,0,5.0,0.55,5,3,0,4.9809,1.0,wave,UNKNOWN,UNKNOWN,0.2233,0,58.868
1191,24.9067,,0,5.0,0.55,5,3,0,4.9969,1.0,wave,UNKNOWN,UNKNOWN,0.2233,0,59.581
1192,24.922,,0,5.0,0.55,5,3,0,4.9964,1.0,wave,UNKNOWN,UNKNOWN,0.2233,0,60.13
1193,24.9373,,0,5.0,0.55,5,3,0,4.9971,1.0,wave,UNKNOWN,UNKNOWN,0.2233,0,60.314
1194,24.9534,,0,5.0,0.55,5,3,0,4.998,1.0,wave,UNKNOWN,UNKNOWN,0.26,1,56.11
1195,25.0085,,0,5.0,0.55,5,3,0,4.9969,1.0,wave,UNKNOWN,UNKNOWN,0.26,0,55.171
1196,25.0297,,0,5.0,0.55,5,3,0,4.9618,1.0,wave,UNKNOWN,UNKNOWN,0.26,0,54.266
1197,25.0511,,0,5.0,0.55,5,3,0,4.9832,1.0,wave,UNKNOWN,UNKNOWN,0.26,0,56.135
1198,25.0653,,0,5.0,0.55,5,3,0,4.9974,1.0,wave,UNKNOWN,UNKNOWN,0.26,0,57.754
1199,25.079,,0,5.0,0.55,5,3,0,4.9972,1.0,wave,UNKNOWN,UNKNOWN,0.26,0,58.507
1200,25.0942,,0,5.0,0.55,5,3,0,4.9978,1.0,wave,UNKNOWN,UNKNOWN,0.26,0,59.145
1201,25.1096,,0,5.0,0.55,5,3,0,4.9992,1.0,wave,UNKNOWN,UNKNOWN,0.26,0,59.841
1202,25.1246,,0,5.0,0.55,5,3,0,4.9952,1.0,wave,UNKNOWN,UNKNOWN,0.26,0,60.184
1203,25.1404,,0,5.0,0.55,5,3,0,4.9971,1.0,wave,UNKNOWN,UNKNOWN,0.26,0,60.321
1204,25.1566,,0,5.0,0.55,5,3,0,4.9988,1.0,wave,UNKNOWN,UNKNOWN,0.26,0,60.795
1205,25.1719,,0,5.0,0.55,5,3,0,4.9989,1.0,wave,UNKNOWN,UNKNOWN,0.26,0,61.925
1206,25.1859,,0,5.0,0.55,5,3,0,4.997,1.0,wave,UNKNOWN,UNKNOWN,0.26,0,62.458
1207,25.2009,,0,5.0,0.55,5,3,0,4.9963,1.0,wave,UNKNOWN,UNKNOWN,0.26,0,62.464
1208,25.2168,,0,5.0,0.55,5,3,0,4.9965,1.0,wave,UNKNOWN,UNKNOWN,0.24,1,58.101
1209,25.2701,,0,5.0,0.55,5,3,0,4.9986,1.0,wave,UNKNOWN,UNKNOWN,0.24,0,57.983
1210,25.2873,,0,5.0,0.55,5,3,0,4.9595,1.0,wave,UNKNOWN,UNKNOWN,0.24,0,59.261
1211,25.3018,,0,5.0,0.55,5,3,0,4.9739,1.0,wave,UNKNOWN,UNKNOWN,0.24,0,60.353
1212,25.3163,,0,5.0,0.55,5,3,0,4.9884,1.0,wave,UNKNOWN,UNKNOWN,0.24,0,61.546
1213,25.3301,,0,5.0,0.55,5,3,0,4.9874,1.0,wave,UNKNOWN,UNKNOWN,0.24,0,60.925
1214,25.3479,,0,5.0,0.55,5,3,0,4.9911,1.0,wave,UNKNOWN,UNKNOWN,0.24,0,62.178
1215,25.3614,,0,5.0,0.55,5,3,0,4.9908,1.0,wave,UNKNOWN,UNKNOWN,0.24,0,62.704
1216,25.3762,,0,5.0,0.55,5,3,0,4.9845,1.0,wave,UNKNOWN,UNKNOWN,0.24,0,63.007
1217,25.3913,,0,5.0,0.55,5,3,0,4.9996,1.0,wave,UNKNOWN,UNKNOWN,0.24,0,62.856
1218,25.4076,,0,5.0,0.55,5,3,0,4.9771,1.0,wave,UNKNOWN,UNKNOWN,0.24,0,62.794
1219,25.4237,,0,5.0,0.55,5,3,0,4.9932,1.0,wave,UNKNOWN,UNKNOWN,0.24,0,62.258
1220,25.4411,,0,5.0,0.55,5,3,0,4.9859,1.0,wave,UNKNOWN,UNKNOWN,0.24,0,62.278
1221,25.457,,0,5.0,0.55,5,3,0,4.9817,1.0,wave,UNKNOWN,UNKNOWN,0.24,0,62.449
1222,25.4727,,0,5.0,0.55,5,3,0,4.9973,1.0,wave,UNKNOWN,UNKNOWN,0.2833,1,58.123
1223,25.5251,,0,5.0,0.55,5,3,0,4.9482,1.0,wave,UNKNOWN,UNKNOWN,0.2833,0,59.02
1224,25.5398,,0,5.0,0.55,5,3,0,4.9629,1.0,wave,UNKNOWN,UNKNOWN,0.2833,0,60.384
1225,25.5539,,0,5.0,0.55,5,3,0,4.977,1.0,wave,UNKNOWN,UNKNOWN,0.2833,0,60.973
1226,25.5689,,0,5.0,0.55,5,3,0,4.9919,1.0,wave,UNKNOWN,UNKNOWN,0.2833,0,61.432
1227,25.5839,,0,5.0,0.55,5,3,0,4.9913,1.0,wave,UNKNOWN,UNKNOWN,0.2833,0,61.705
1228,25.5998,,0,5.0,0.55,5,3,0,4.9841,1.0,wave,UNKNOWN,UNKNOWN,0.2833,0,62.066
1229,25.6147,,0,5.0,0.55,5,3,0,4.999,1.0,wave,UNKNOWN,UNKNOWN,0.2833,0,62.385
1230,25.6303,,0,5.0,0.55,5,3,0,4.9937,1.0,wave,UNKNOWN,UNKNOWN,0.2833,0,62.523
1231,25.6459,,0,5.0,0.55,5,3,0,4.9879,1.0,wave,UNKNOWN,UNKNOWN,0.2833,0,62.583
1232,25.6616,,0,5.0,0.55,5,3,0,4.9882,1.0,wave,UNKNOWN,UNKNOWN,0.2833,0,62.815
1233,25.6771,,0,5.0,0.55,5,3,0,4.9876,1.0,wave,UNKNOWN,UNKNOWN,0.2833,0,62.877
1234,25.6929,,0,5.0,0.55,5,3,0,4.9824,1.0,wave,UNKNOWN,UNKNOWN,0.2833,0,63.731
1235,25.7071,,0,5.0,0.55,5,3,0,4.9966,1.0,wave,UNKNOWN,UNKNOWN,0.2833,0,64.634
1236,25.7211,,0,5.0,0.55,5,3,0,4.9874,1.0,wave,UNKNOWN,UNKNOWN,0.2833,0,64.993
1237,25.7352,,0,5.0,0.55,5,3,0,4.9874,1.0,wave,UNKNOWN,UNKNOWN,0.2633,1,60.362
1238,25.7889,,0,5.0,0.55,5,3,0,4.9996,1.0,wave,UNKNOWN,UNKNOWN,0.2633,0,59.205
1239,25.8095,,0,5.0,0.55,5,3,0,4.9578,1.0,wave,UNKNOWN,UNKNOWN,0.2633,0,59.112
1240,25.8264,,0,5.0,0.55,5,3,0,4.9746,1.0,wave,UNKNOWN,UNKNOWN,0.2633,0,59.577
1241,25.8422,,0,5.0,0.55,5,3,0,4.9904,1.0,wave,UNKNOWN,UNKNOWN,0.2633,0,59.196
1242,25.86,,0,5.0,0.55,5,3,0,4.9926,1.0,wave,UNKNOWN,UNKNOWN,0.2633,0,59.708
1243,25.8755,,0,5.0,0.55,5,3,0,4.9932,1.0,wave,UNKNOWN,UNKNOWN,0.2633,0,60.043
1244,25.8913,,0,5.0,0.55,5,3,0,4.9937,1.0,wave,UNKNOWN,UNKNOWN,0.2633,0,61.464
1245,25.9055,,0,5.0,0.55,5,3,0,4.9909,1.0,wave,UNKNOWN,UNKNOWN,0.2633,0,62.392
1246,25.9194,,0,5.0,0.55,5,3,0,4.9893,1.0,wave,UNKNOWN,UNKNOWN,0.2633,0,62.893
1247,25.934,,0,5.0,0.55,5,3,0,4.9891,1.0,wave,UNKNOWN,UNKNOWN,0.2633,0,63.48
1248,25.9485,,0,5.0,0.55,5,3,0,4.9877,1.0,wave,UNKNOWN,UNKNOWN,0.2633,0,63.17
1249,25.9654,,0,5.0,0.55,5,3,0,4.9795,1.0,wave,UNKNOWN,UNKNOWN,0.2633,0,63.531
1250,25.9799,,0,5.0,0.55,5,3,0,4.994,1.0,wave,UNKNOWN,UNKNOWN,0.2633,0,63.427
1251,25.9959,,0,5.0,0.55,5,3,0,4.9914,1.0,wave,UNKNOWN,UNKNOWN,0.2933,1,58.974
1252,26.0492,,0,5.0,0.55,5,3,0,4.9947,1.0,wave,UNKNOWN,UNKNOWN,0.2933,0,59.13
1253,26.0656,,0,5.0,0.55,5,3,0,4.9566,1.0,wave,UNKNOWN,UNKNOWN,0.2933,0,60.257
1254,26.0798,,0,5.0,0.55,5,3,0,4.9709,1.0,wave,UNKNOWN,UNKNOWN,0.2933,0,58.308
1255,26.104,,0,5.0,0.55,5,3,0,4.995,1.0,wave,UNKNOWN,UNKNOWN,0.2933,0,58.601
1256,26.1204,,0,5.0,0.55,5,3,0,4.9977,1.0,wave,UNKNOWN,UNKNOWN,0.2933,0,58.849
1257,26.1368,,0,5.0,0.55,5,3,0,4.9847,1.0,wave,UNKNOWN,UNKNOWN,0.2933,0,58.987
1258,26.1533,,0,5.0,0.55,5,3,0,4.9854,1.0,wave,UNKNOWN,UNKNOWN,0.2933,0,59.269
1259,26.1696,,0,5.0,0.55,5,3,0,4.9856,1.0,wave,UNKNOWN,UNKNOWN,0.2933,0,59.313
1260,26.1863,,0,5.0,0.55,5,3,0,4.9864,1.0,wave,UNKNOWN,UNKNOWN,0.2933,0,59.543
1261,26.2027,,0,5.0,0.55,5,3,0,4.9864,1.0,wave,UNKNOWN,UNKNOWN,0.2933,0,58.903
1262,26.2213,,0,5.0,0.55,5,3,0,4.9893,1.0,wave,UNKNOWN,UNKNOWN,0.2933,0,59.199
1263,26.2375,,0,5.0,0.55,5,3,0,4.9889,1.0,wave,UNKNOWN,UNKNOWN,0.2933,0,59.5
1264,26.2535,,0,5.0,0.55,5,3,0,4.9857,1.0,wave,UNKNOWN,UNKNOWN,0.28,1,55.304
1265,26.311,,0,5.0,0.55,5,3,0,4.9945,1.0,wave,UNKNOWN,UNKNOWN,0.28,0,56.874
1266,26.3249,,0,5.0,0.55,5,3,0,4.9512,1.0,wave,UNKNOWN,UNKNOWN,0.28,0,58.238
1267,26.3391,,0,5.0,0.55,5,3,0,4.9654,1.0,wave,UNKNOWN,UNKNOWN,0.28,0,59.447
1268,26.3532,,0,5.0,0.55,5,3,0,4.9795,1.0,wave,UNKNOWN,UNKNOWN,0.28,0,60.004
1269,26.3689,,0,5.0,0.55,5,3,0,4.9952,1.0,wave,UNKNOWN,UNKNOWN,0.28,0,60.004
1270,26.3853,,0,5.0,0.55,5,3,0,4.9979,1.0,wave,UNKNOWN,UNKNOWN,0.28,0,60.292
1271,26.401,,0,5.0,0.55,5,3,0,4.9991,1.0,wave,UNKNOWN,UNKNOWN,0.28,0,60.282
1272,26.4177,,0,5.0,0.55,5,3,0,4.9864,1.0,wave,UNKNOWN,UNKNOWN,0.28,0,60.621
1273,26.4333,,0,5.0,0.55,5,3,0,4.9857,1.0,wave,UNKNOWN,UNKNOWN,0.28,0,60.699
1274,26.4496,,0,5.0,0.55,5,3,0,4.9859,1.0,wave,UNKNOWN,UNKNOWN,0.28,0,60.708
1275,26.4661,,0,5.0,0.55,5,3,0,4.9865,1.0,wave,UNKNOWN,UNKNOWN,0.28,0,61.971
1276,26.4799,,0,5.0,0.55,5,3,0,4.9842,1.0,wave,UNKNOWN,UNKNOWN,0.28,0,63.068
1277,26.4943,,0,5.0,0.55,5,3,0,4.9986,1.0,wave,UNKNOWN,UNKNOWN,0.28,0,63.628
1278,26.5079,,0,5.0,0.55,5,3,0,4.9962,1.0,wave,UNKNOWN,UNKNOWN,0.2833,1,59.089
1279,26.5631,,0,5.0,0.55,5,3,0,4.9925,1.0,wave,UNKNOWN,UNKNOWN,0.2833,0,60.19
1280,26.5775,,0,5.0,0.55,5,3,0,4.9531,1.0,wave,UNKNOWN,UNKNOWN,0.2833,0,60.953
1281,26.5922,,0,5.0,0.55,5,3,0,4.9679,1.0,wave,UNKNOWN,UNKNOWN,0.2833,0,60.632
1282,26.6097,,0,5.0,0.55,5,3,0,4.9854,1.0,wave,UNKNOWN,UNKNOWN,0.2833,0,59.692
1283,26.6287,,0,5.0,0.55,5,3,0,4.9898,1.0,wave,UNKNOWN,UNKNOWN,0.2833,0,61.23
1284,26.6423,,0,5.0,0.55,5,3,0,4.9888,1.0,wave,UNKNOWN,UNKNOWN,0.2833,0,60.023
1285,26.6627,,0,5.0,0.55,5,3,0,4.9943,1.0,wave,UNKNOWN,UNKNOWN,0.2833,0,61.202
1286,26.6766,,0,5.0,0.55,5,3,0,4.9924,1.0,wave,UNKNOWN,UNKNOWN,0.2833,0,61.234
1287,26.6927,,0,5.0,0.55,5,3,0,4.9924,1.0,wave,UNKNOWN,UNKNOWN,0.2833,0,61.259
1288,26.709,,0,5.0,0.55,5,3,0,4.9923,1.0,wave,UNKNOWN,UNKNOWN,0.2833,0,61.24
1289,26.7254,,0,5.0,0.55,5,3,0,4.9924,1.0,wave,UNKNOWN,UNKNOWN,0.2833,0,61.63
1290,26.7409,,0,5.0,0.55,5,3,0,4.9912,1.0,wave,UNKNOWN,UNKNOWN,0.2833,0,61.606
1291,26.7568,,0,5.0,0.55,5,3,0,4.9888,1.0,wave,UNKNOWN,UNKNOWN,0.2833,0,61.88
1292,26.7724,,0,5.0,0.55,5,3,0,4.9856,1.0,wave,UNKNOWN,UNKNOWN,0.31,1,57.178
1293,26.8398,,0,5.0,0.55,5,3,0,4.9483,1.0,wave,UNKNOWN,UNKNOWN,0.31,0,58.008
1294,26.8552,,0,5.0,0.55,5,3,0,4.9637,1.0,wave,UNKNOWN,UNKNOWN,0.31,0,59.076
1295,26.8698,,0,5.0,0.55,5,3,0,4.9783,1.0,wave,UNKNOWN,UNKNOWN,0.31,0,60.344
1296,26.8834,,0,5.0,0.55,5,3,0,4.9919,1.0,wave,UNKNOWN,UNKNOWN,0.31,0,60.986
1297,26.8989,,0,5.0,0.55,5,3,0,4.9924,1.0,wave,UNKNOWN,UNKNOWN,0.31,0,61.296
1298,26.9141,,0,5.0,0.55,5,3,0,4.9937,1.0,wave,UNKNOWN,UNKNOWN,0.31,0,61.603
1299,26.9295,,0,5.0,0.55,5,3,0,4.9955,1.0,wave,UNKNOWN,UNKNOWN,0.31,0,59.669
1300,26.9538,,0,5.0,0.55,5,3,0,4.9857,1.0,wave,UNKNOWN,UNKNOWN,0.31,0,60.4
1301,26.9681,,0,5.0,0.55,5,3,0,4.984,1.0,wave,UNKNOWN,UNKNOWN,0.31,0,58.965
1302,26.9899,,0,5.0,0.55,5,3,0,4.9896,1.0,wave,UNKNOWN,UNKNOWN,0.31,0,59.42
1303,27.0059,,0,5.0,0.55,5,3,0,4.9894,1.0,wave,UNKNOWN,UNKNOWN,0.31,0,60.422
1304,27.0202,,0,5.0,0.55,5,3,0,4.9873,1.0,wave,UNKNOWN,UNKNOWN,0.31,0,61.36
1305,27.0343,,0,5.0,0.55,5,3,0,4.9832,1.0,wave,UNKNOWN,UNKNOWN,0.3333,1,57.173
1306,27.086,,0,5.0,0.55,5,3,0,4.9852,1.0,wave,UNKNOWN,UNKNOWN,0.3333,0,57.847
1307,27.1015,,0,5.0,0.55,5,3,0,4.9455,1.0,wave,UNKNOWN,UNKNOWN,0.3333,0,59.315
1308,27.1156,,0,5.0,0.55,5,3,0,4.9596,1.0,wave,UNKNOWN,UNKNOWN,0.3333,0,60.477
1309,27.1292,,0,5.0,0.55,5,3,0,4.9732,1.0,wave,UNKNOWN,UNKNOWN,0.3333,0,60.068
1310,27.1469,,0,5.0,0.55,5,3,0,4.9909,1.0,wave,UNKNOWN,UNKNOWN,0.3333,0,60.578
1311,27.1626,,0,5.0,0.55,5,3,0,4.9856,1.0,wave,UNKNOWN,UNKNOWN,0.3333,0,61.155
1312,27.1775,,0,5.0,0.55,5,3,0,4.9841,1.0,wave,UNKNOWN,UNKNOWN,0.3333,0,61.346
1313,27.1932,,0,5.0,0.55,5,3,0,4.9998,1.0,wave,UNKNOWN,UNKNOWN,0.3333,0,60.054
1314,27.2144,,0,5.0,0.55,5,3,0,4.9986,1.0,wave,UNKNOWN,UNKNOWN,0.3333,0,60.335
1315,27.2299,,0,5.0,0.55,5,3,0,4.9998,1.0,wave,UNKNOWN,UNKNOWN,0.3333,0,61.265
1316,27.2439,,0,5.0,0.55,5,3,0,4.993,1.0,wave,UNKNOWN,UNKNOWN,0.3333,0,61.926
1317,27.2587,,0,5.0,0.55,5,3,0,4.9857,1.0,wave,UNKNOWN,UNKNOWN,0.3333,0,61.919
1318,27.2748,,0,5.0,0.55,5,3,0,4.9867,1.0,wave,UNKNOWN,UNKNOWN,0.3333,0,61.106
1319,27.2936,,0,5.0,0.55,5,3,0,4.9897,1.0,wave,UNKNOWN,UNKNOWN,0.3333,1,56.847
1320,27.348,,0,5.0,0.55,5,3,0,4.9955,1.0,wave,UNKNOWN,UNKNOWN,0.3333,0,57.018
1321,27.3649,,0,5.0,0.55,5,3,0,4.9565,1.0,wave,UNKNOWN,UNKNOWN,0.3333,0,58.529
1322,27.3788,,0,5.0,0.55,5,3,0,4.9704,1.0,wave,UNKNOWN,UNKNOWN,0.3333,0,59.997
1323,27.392,,0,5.0,0.55,5,3,0,4.9836,1.0,wave,UNKNOWN,UNKNOWN,0.3333,0,60.447
1324,27.4076,,0,5.0,0.55,5,3,0,4.9992,1.0,wave,UNKNOWN,UNKNOWN,0.3333,0,61.116
1325,27.4226,,0,5.0,0.55,5,3,0,4.9997,1.0,wave,UNKNOWN,UNKNOWN,0.3333,0,61.072
1326,27.4392,,0,5.0,0.55,5,3,0,4.9948,1.0,wave,UNKNOWN,UNKNOWN,0.3333,0,61.018
1327,27.4556,,0,5.0,0.55,5,3,0,4.9947,1.0,wave,UNKNOWN,UNKNOWN,0.3333,0,61.023
1328,27.4719,,0,5.0,0.55,5,3,0,4.9949,1.0,wave,UNKNOWN,UNKNOWN,0.3333,0,61.16
1329,27.4879,,0,5.0,0.55,5,3,0,4.9956,1.0,wave,UNKNOWN,UNKNOWN,0.3333,0,60.576
1330,27.5062,,0,5.0,0.55,5,3,0,4.999,1.0,wave,UNKNOWN,UNKNOWN,0.3333,0,60.741
1331,27.5221,,0,5.0,0.55,5,3,0,4.9867,1.0,wave,UNKNOWN,UNKNOWN,0.3333,0,60.646
1332,27.5388,,0,5.0,0.55,5,3,0,4.9886,1.0,wave,UNKNOWN,UNKNOWN,0.3333,0,60.658
1333,27.5551,,0,5.0,0.55,5,3,0,4.9878,1.0,wave,UNKNOWN,UNKNOWN,0.3333,1,56.169
1334,27.6188,,0,5.0,0.55,5,3,0,4.9521,1.0,wave,UNKNOWN,UNKNOWN,0.3333,0,57.553
1335,27.6335,,0,5.0,0.55,5,3,0,4.9667,1.0,wave,UNKNOWN,UNKNOWN,0.3333,0,58.817
1336,27.6478,,0,5.0,0.55,5,3,0,4.981,1.0,wave,UNKNOWN,UNKNOWN,0.3333,0,60.155
1337,27.6614,,0,5.0,0.55,5,3,0,4.9946,1.0,wave,UNKNOWN,UNKNOWN,0.3333,0,59.377
1338,27.6812,,0,5.0,0.55,5,3,0,4.9995,1.0,wave,UNKNOWN,UNKNOWN,0.3333,0,60.105
1339,27.6953,,0,5.0,0.55,5,3,0,4.9995,1.0,wave,UNKNOWN,UNKNOWN,0.3333,0,60.97
1340,27.7098,,0,5.0,0.55,5,3,0,4.9834,1.0,wave,UNKNOWN,UNKNOWN,0.3333,0,61.356
1341,27.7251,,0,5.0,0.55,5,3,0,4.9987,1.0,wave,UNKNOWN,UNKNOWN,0.3333,0,61.411
1342,27.7413,,0,5.0,0.55,5,3,0,4.9849,1.0,wave,UNKNOWN,UNKNOWN,0.3333,0,61.315
1343,27.7579,,0,5.0,0.55,5,3,0,4.9857,1.0,wave,UNKNOWN,UNKNOWN,0.3333,0,61.44
1344,27.7739,,0,5.0,0.55,5,3,0,4.9863,1.0,wave,UNKNOWN,UNKNOWN,0.3333,0,61.165
1345,27.7907,,0,5.0,0.55,5,3,0,4.9857,1.0,wave,UNKNOWN,UNKNOWN,0.3333,0,61.037
1346,27.8075,,0,5.0,0.55,5,3,0,4.9868,1.0,wave,UNKNOWN,UNKNOWN,0.3433,1,56.7
1347,27.8644,,0,5.0,0.55,5,3,0,4.9973,1.0,wave,UNKNOWN,UNKNOWN,0.3433,0,58.209
1348,27.8783,,0,5.0,0.55,5,3,0,4.9591,1.0,wave,UNKNOWN,UNKNOWN,0.3433,0,59.724
1349,27.8916,,0,5.0,0.55,5,3,0,4.9724,1.0,wave,UNKNOWN,UNKNOWN,0.3433,0,60.258
1350,27.907,,0,5.0,0.55,5,3,0,4.9878,1.0,wave,UNKNOWN,UNKNOWN,0.3433,0,59.376
1351,27.9271,,0,5.0,0.55,5,3,0,4.9929,1.0,wave,UNKNOWN,UNKNOWN,0.3433,0,57.122
1352,27.9536,,0,5.0,0.55,5,3,0,4.9903,1.0,wave,UNKNOWN,UNKNOWN,0.3433,0,57.715
1353,27.9694,,0,5.0,0.55,5,3,0,4.9917,1.0,wave,UNKNOWN,UNKNOWN,0.3433,0,59.257
1354,27.9831,,0,5.0,0.55,5,3,0,4.991,1.0,wave,UNKNOWN,UNKNOWN,0.3433,0,60.442
1355,27.9973,,0,5.0,0.55,5,3,0,4.9891,1.0,wave,UNKNOWN,UNKNOWN,0.3433,0,61.504
1356,28.0122,,0,5.0,0.55,5,3,0,4.9884,1.0,wave,UNKNOWN,UNKNOWN,0.3433,0,62.025
1357,28.0262,,0,5.0,0.55,5,3,0,4.9869,1.0,wave,UNKNOWN,UNKNOWN,0.3433,0,62.443
1358,28.0416,,0,5.0,0.55,5,3,0,4.9858,1.0,wave,UNKNOWN,UNKNOWN,0.3433,0,60.64
1359,28.0642,,0,5.0,0.55,5,3,0,4.9929,1.0,wave,UNKNOWN,UNKNOWN,0.3333,1,56.204
1360,28.1255,,0,5.0,0.55,5,3,0,4.9475,1.0,wave,UNKNOWN,UNKNOWN,0.3333,0,56.976
1361,28.1413,,0,5.0,0.55,5,3,0,4.9633,1.0,wave,UNKNOWN,UNKNOWN,0.3333,0,57.255
1362,28.1577,,0,5.0,0.55,5,3,0,4.9797,1.0,wave,UNKNOWN,UNKNOWN,0.3333,0,58.014
1363,28.1734,,0,5.0,0.55,5,3,0,4.9954,1.0,wave,UNKNOWN,UNKNOWN,0.3333,0,59.328
1364,28.1873,,0,5.0,0.55,5,3,0,4.9944,1.0,wave,UNKNOWN,UNKNOWN,0.3333,0,57.55
1365,28.2118,,0,5.0,0.55,5,3,0,4.9895,1.0,wave,UNKNOWN,UNKNOWN,0.3333,0,58.998
1366,28.2253,,0,5.0,0.55,5,3,0,4.9799,1.0,wave,UNKNOWN,UNKNOWN,0.3333,0,60.377
1367,28.2391,,0,5.0,0.55,5,3,0,4.9937,1.0,wave,UNKNOWN,UNKNOWN,0.3333,0,61.298
1368,28.2532,,0,5.0,0.55,5,3,0,4.994,1.0,wave,UNKNOWN,UNKNOWN,0.3333,0,62.235
1369,28.2678,,0,5.0,0.55,5,3,0,4.9935,1.0,wave,UNKNOWN,UNKNOWN,0.3333,0,61.686
1370,28.2853,,0,5.0,0.55,5,3,0,4.9958,1.0,wave,UNKNOWN,UNKNOWN,0.3333,0,61.931
1371,28.3006,,0,5.0,0.55,5,3,0,4.9927,1.0,wave,UNKNOWN,UNKNOWN,0.3333,0,62.021
1372,28.3166,,0,5.0,0.55,5,3,0,4.9943,1.0,wave,UNKNOWN,UNKNOWN,0.34,1,57.513
1373,28.3757,,0,5.0,0.55,5,3,0,4.9896,1.0,wave,UNKNOWN,UNKNOWN,0.34,0,59.052
1374,28.3897,,0,5.0,0.55,5,3,0,4.9482,1.0,wave,UNKNOWN,UNKNOWN,0.34,0,58.162
1375,28.4092,,0,5.0,0.55,5,3,0,4.9677,1.0,wave,UNKNOWN,UNKNOWN,0.34,0,59.55
1376,28.4234,,0,5.0,0.55,5,3,0,4.9819,1.0,wave,UNKNOWN,UNKNOWN,0.34,0,58.187
1377,28.445,,0,5.0,0.55,5,3,0,4.9888,1.0,wave,UNKNOWN,UNKNOWN,0.34,0,59.347
1378,28.4592,,0,5.0,0.55,5,3,0,4.989,1.0,wave,UNKNOWN,UNKNOWN,0.34,0,60.629
1379,28.4735,,0,5.0,0.55,5,3,0,4.9888,1.0,wave,UNKNOWN,UNKNOWN,0.34,0,59.115
1380,28.4952,,0,5.0,0.55,5,3,0,4.9947,1.0,wave,UNKNOWN,UNKNOWN,0.34,0,59.953
1381,28.5098,,0,5.0,0.55,5,3,0,4.9939,1.0,wave,UNKNOWN,UNKNOWN,0.34,0,58.723
1382,28.5311,,0,5.0,0.55,5,3,0,4.9989,1.0,wave,UNKNOWN,UNKNOWN,0.34,0,59.555
1383,28.5457,,0,5.0,0.55,5,3,0,4.9977,1.0,wave,UNKNOWN,UNKNOWN,0.34,0,60.479
1384,28.5603,,0,5.0,0.55,5,3,0,4.9951,1.0,wave,UNKNOWN,UNKNOWN,0.34,0,60.369
1385,28.5772,,0,5.0,0.55,5,3,0,4.996,1.0,wave,UNKNOWN,UNKNOWN,0.33,1,56.288
1386,28.6286,,0,5.0,0.55,5,3,0,4.9929,1.0,wave,UNKNOWN,UNKNOWN,0.33,0,57.938
1387,28.6421,,0,5.0,0.55,5,3,0,4.9908,1.0,wave,UNKNOWN,UNKNOWN,0.33,0,59.642
1388,28.6553,,0,5.0,0.55,5,3,0,4.8643,1.0,wave,UNKNOWN,UNKNOWN,0.33,0,60.93
1389,28.6691,,0,5.0,0.55,5,3,0,4.878,1.0,wave,UNKNOWN,UNKNOWN,0.33,0,61.946
1390,28.6831,,0,5.0,0.55,5,3,0,4.8921,1.0,wave,UNKNOWN,UNKNOWN,0.33,0,63.197
1391,28.6967,,0,5.0,0.55,5,3,0,4.9057,1.0,wave,UNKNOWN,UNKNOWN,0.33,0,64.228
1392,28.7105,,0,5.0,0.55,5,3,0,4.9195,1.0,wave,UNKNOWN,UNKNOWN,0.33,0,65.136
1393,28.7244,,0,5.0,0.55,5,3,0,4.9334,1.0,wave,UNKNOWN,UNKNOWN,0.33,0,65.88
1394,28.7377,,0,5.0,0.55,5,3,0,4.9467,1.0,wave,UNKNOWN,UNKNOWN,0.33,0,66.276
1395,28.7519,,0,5.0,0.55,5,3,0,4.9609,1.0,wave,UNKNOWN,UNKNOWN,0.33,0,66.983
1396,28.7657,,0,5.0,0.55,5,3,0,4.9747,1.0,wave,UNKNOWN,UNKNOWN,0.33,0,67.31
1397,28.7798,,0,5.0,0.55,5,3,0,4.9888,1.0,wave,UNKNOWN,UNKNOWN,0.33,0,68.219
1398,28.7928,,0,5.0,0.55,5,3,0,4.9791,1.0,wave,UNKNOWN,UNKNOWN,0.33,0,69.153
1399,28.8061,,0,5.0,0.55,5,3,0,4.9924,1.0,wave,UNKNOWN,UNKNOWN,0.33,0,69.052
1400,28.8206,,0,5.0,0.55,5,3,0,4.9916,1.0,wave,UNKNOWN,UNKNOWN,0.33,0,68.798
1401,28.8355,,0,5.0,0.55,5,3,0,4.9889,1.0,wave,UNKNOWN,UNKNOWN,0.3233,1,63.817
1402,28.8883,,0,5.0,0.55,5,3,0,4.9913,1.0,wave,UNKNOWN,UNKNOWN,0.3233,0,64.57
1403,28.9024,,0,5.0,0.55,5,3,0,4.9913,1.0,wave,UNKNOWN,UNKNOWN,0.3233,0,65.179
1404,28.917,,0,5.0,0.55,5,3,0,4.9535,1.0,wave,UNKNOWN,UNKNOWN,0.3233,0,65.227
1405,28.9323,,0,5.0,0.55,5,3,0,4.9688,1.0,wave,UNKNOWN,UNKNOWN,0.3233,0,65.062
1406,28.9478,,0,5.0,0.55,5,3,0,4.9844,1.0,wave,UNKNOWN,UNKNOWN,0.3233,0,65.367
1407,28.9619,,0,5.0,0.55,5,3,0,4.9985,1.0,wave,UNKNOWN,UNKNOWN,0.3233,0,65.996
1408,28.9758,,0,5.0,0.55,5,3,0,4.9981,1.0,wave,UNKNOWN,UNKNOWN,0.3233,0,66.443
1409,28.9901,,0,5.0,0.55,5,3,0,4.998,1.0,wave,UNKNOWN,UNKNOWN,0.3233,0,66.782
1410,29.0045,,0,5.0,0.55,5,3,0,4.9975,1.0,wave,UNKNOWN,UNKNOWN,0.3233,0,67.159
1411,29.0194,,0,5.0,0.55,5,3,0,4.996,1.0,wave,UNKNOWN,UNKNOWN,0.3233,0,67.651
1412,29.033,,0,5.0,0.55,5,3,0,4.9937,1.0,wave,UNKNOWN,UNKNOWN,0.3233,0,67.732
1413,29.0474,,0,5.0,0.55,5,3,0,4.993,1.0,wave,UNKNOWN,UNKNOWN,0.3233,0,66.115
1414,29.0671,,0,5.0,0.55,5,3,0,4.9971,1.0,wave,UNKNOWN,UNKNOWN,0.3233,0,66.52
1415,29.081,,0,5.0,0.55,5,3,0,4.9942,1.0,wave,UNKNOWN,UNKNOWN,0.3233,0,66.949
1416,29.095,,0,5.0,0.55,5,3,0,4.9921,1.0,wave,UNKNOWN,UNKNOWN,0.34,1,61.94
1417,29.1543,,0,5.0,0.55,5,3,0,4.9866,1.0,wave,UNKNOWN,UNKNOWN,0.34,0,62.629
1418,29.1693,,0,5.0,0.55,5,3,0,4.9465,1.0,wave,UNKNOWN,UNKNOWN,0.34,0,63.712
1419,29.1826,,0,5.0,0.55,5,3,0,4.9598,1.0,wave,UNKNOWN,UNKNOWN,0.34,0,64.74
1420,29.196,,0,5.0,0.55,5,3,0,4.9731,1.0,wave,UNKNOWN,UNKNOWN,0.34,0,65.212
1421,29.2102,,0,5.0,0.55,5,3,0,4.9873,1.0,wave,UNKNOWN,UNKNOWN,0.34,0,65.611
1422,29.2248,,0,5.0,0.55,5,3,0,4.9879,1.0,wave,UNKNOWN,UNKNOWN,0.34,0,64.532
1423,29.2428,,0,5.0,0.55,5,3,0,4.9908,1.0,wave,UNKNOWN,UNKNOWN,0.34,0,65.03
1424,29.2573,,0,5.0,0.55,5,3,0,4.9906,1.0,wave,UNKNOWN,UNKNOWN,0.34,0,65.321
1425,29.2719,,0,5.0,0.55,5,3,0,4.9865,1.0,wave,UNKNOWN,UNKNOWN,0.34,0,66.156
1426,29.2861,,0,5.0,0.55,5,3,0,4.9847,1.0,wave,UNKNOWN,UNKNOWN,0.34,0,66.837
1427,29.2996,,0,5.0,0.55,5,3,0,4.9981,1.0,wave,UNKNOWN,UNKNOWN,0.34,0,65.083
1428,29.32,,0,5.0,0.55,5,3,0,4.987,1.0,wave,UNKNOWN,UNKNOWN,0.34,0,65.832
1429,29.334,,0,5.0,0.55,5,3,0,4.9854,1.0,wave,UNKNOWN,UNKNOWN,0.34,0,66.584
1430,29.3472,,0,5.0,0.55,5,3,0,4.9987,1.0,wave,UNKNOWN,UNKNOWN,0.3333,1,61.568
1431,29.4081,,0,5.0,0.55,5,3,0,4.9947,1.0,wave,UNKNOWN,UNKNOWN,0.3333,0,62.044
1432,29.4234,,0,5.0,0.55,5,3,0,4.9876,1.0,wave,UNKNOWN,UNKNOWN,0.3333,0,62.84
1433,29.4378,,0,5.0,0.55,5,3,0,4.9376,1.0,wave,UNKNOWN,UNKNOWN,0.3333,0,62.633
1434,29.4539,,0,5.0,0.55,5,3,0,4.9537,1.0,wave,UNKNOWN,UNKNOWN,0.3333,0,63.716
1435,29.4677,,0,5.0,0.55,5,3,0,4.9675,1.0,wave,UNKNOWN,UNKNOWN,0.3333,0,64.511
1436,29.4813,,0,5.0,0.55,5,3,0,4.9811,1.0,wave,UNKNOWN,UNKNOWN,0.3333,0,64.981
1437,29.4957,,0,5.0,0.55,5,3,0,4.9955,1.0,wave,UNKNOWN,UNKNOWN,0.3333,0,65.562
1438,29.5097,,0,5.0,0.55,5,3,0,4.9951,1.0,wave,UNKNOWN,UNKNOWN,0.3333,0,66.558
1439,29.5235,,0,5.0,0.55,5,3,0,4.986,1.0,wave,UNKNOWN,UNKNOWN,0.3333,0,66.837
1440,29.5376,,0,5.0,0.55,5,3,0,4.9838,1.0,wave,UNKNOWN,UNKNOWN,0.3333,0,67.508
1441,29.5515,,0,5.0,0.55,5,3,0,4.9977,1.0,wave,UNKNOWN,UNKNOWN,0.3333,0,67.78
1442,29.5654,,0,5.0,0.55,5,3,0,4.9955,1.0,wave,UNKNOWN,UNKNOWN,0.3333,0,68.321
1443,29.5791,,0,5.0,0.55,5,3,0,4.9913,1.0,wave,UNKNOWN,UNKNOWN,0.3333,0,68.437
1444,29.5934,,0,5.0,0.55,5,3,0,4.9896,1.0,wave,UNKNOWN,UNKNOWN,0.3333,0,68.707
1445,29.6078,,0,5.0,0.55,5,3,0,4.9879,1.0,wave,UNKNOWN,UNKNOWN,0.3167,1,63.451
1446,29.6696,,0,5.0,0.55,5,3,0,4.9855,1.0,wave,UNKNOWN,UNKNOWN,0.3167,0,64.278
1447,29.6839,,0,5.0,0.55,5,3,0,4.9999,1.0,wave,UNKNOWN,UNKNOWN,0.3167,0,64.872
1448,29.6982,,0,5.0,0.55,5,3,0,4.9983,1.0,wave,UNKNOWN,UNKNOWN,0.3167,0,64.284
1449,29.7149,,0,5.0,0.55,5,3,0,4.9622,1.0,wave,UNKNOWN,UNKNOWN,0.3167,0,65.153
1450,29.7283,,0,5.0,0.55,5,3,0,4.9755,1.0,wave,UNKNOWN,UNKNOWN,0.3167,0,65.843
1451,29.742,,0,5.0,0.55,5,3,0,4.9893,1.0,wave,UNKNOWN,UNKNOWN,0.3167,0,66.24
1452,29.7564,,0,5.0,0.55,5,3,0,4.9834,1.0,wave,UNKNOWN,UNKNOWN,0.3167,0,66.676
1453,29.7706,,0,5.0,0.55,5,3,0,4.9976,1.0,wave,UNKNOWN,UNKNOWN,0.3167,0,67.654
1454,29.7848,,0,5.0,0.55,5,3,0,4.9917,1.0,wave,UNKNOWN,UNKNOWN,0.3167,0,65.528
1455,29.8053,,0,5.0,0.55,5,3,0,4.9975,1.0,wave,UNKNOWN,UNKNOWN,0.3167,0,65.891
1456,29.8201,,0,5.0,0.55,5,3,0,4.996,1.0,wave,UNKNOWN,UNKNOWN,0.3167,0,66.802
1457,29.8339,,0,5.0,0.55,5,3,0,4.9872,1.0,wave,UNKNOWN,UNKNOWN,0.3167,0,67.307
1458,29.847,,0,5.0,0.55,5,3,0,4.9853,1.0,wave,UNKNOWN,UNKNOWN,0.3167,0,67.519
1459,29.8613,,0,5.0,0.55,5,3,0,4.9995,1.0,wave,UNKNOWN,UNKNOWN,0.3033,1,62.707
1460,29.9132,,0,5.0,0.55,5,3,0,4.9911,1.0,wave,UNKNOWN,UNKNOWN,0.3033,0,63.62
1461,29.9272,,0,5.0,0.55,5,3,0,4.9899,1.0,wave,UNKNOWN,UNKNOWN,0.3033,0,64.681
1462,29.9404,,0,5.0,0.55,5,3,0,4.987,1.0,wave,UNKNOWN,UNKNOWN,0.3033,0,65.408
1463,29.9542,,0,5.0,0.55,5,3,0,4.9457,1.0,wave,UNKNOWN,UNKNOWN,0.3033,0,64.024
1464,29.9738,,0,5.0,0.55,5,3,0,4.9653,1.0,wave,UNKNOWN,UNKNOWN,0.3033,0,64.885
1465,29.9875,,0,5.0,0.55,5,3,0,4.979,1.0,wave,UNKNOWN,UNKNOWN,0.3033,0,65.581
1466,30.0013,,0,5.0,0.55,5,3,0,4.9928,1.0,wave,UNKNOWN,UNKNOWN,0.3033,0,66.283
1467,30.015,,0,5.0,0.55,5,3,0,4.9853,1.0,wave,UNKNOWN,UNKNOWN,0.3033,0,66.484
1468,30.0296,,0,5.0,0.55,5,3,0,4.9999,1.0,wave,UNKNOWN,UNKNOWN,0.3033,0,67.325
1469,30.0433,,0,5.0,0.55,5,3,0,4.9922,1.0,wave,UNKNOWN,UNKNOWN,0.3033,0,65.249
1470,30.0649,,0,5.0,0.55,5,3,0,4.9995,1.0,wave,UNKNOWN,UNKNOWN,0.3033,0,65.756
1471,30.0795,,0,5.0,0.55,5,3,0,4.9853,1.0,wave,UNKNOWN,UNKNOWN,0.3033,0,66.42
1472,30.0929,,0,5.0,0.55,5,3,0,4.9987,1.0,wave,UNKNOWN,UNKNOWN,0.3033,0,66.448
1473,30.1077,,0,5.0,0.55,5,3,0,4.998,1.0,wave,UNKNOWN,UNKNOWN,0.3033,0,67.248
1474,30.1209,,0,5.0,0.55,5,3,0,4.9963,1.0,wave,UNKNOWN,UNKNOWN,0.3267,1,62.384
1475,30.1747,,0,5.0,0.55,5,3,0,4.9888,1.0,wave,UNKNOWN,UNKNOWN,0.3267,0,63.107
1476,30.1895,,0,5.0,0.55,5,3,0,4.9885,1.0,wave,UNKNOWN,UNKNOWN,0.3267,0,63.816
1477,30.2037,,0,5.0,0.55,5,3,0,4.9869,1.0,wave,UNKNOWN,UNKNOWN,0.3267,0,64.669
1478,30.2175,,0,5.0,0.55,5,3,0,4.9475,1.0,wave,UNKNOWN,UNKNOWN,0.3267,0,64.402
1479,30.2336,,0,5.0,0.55,5,3,0,4.9636,1.0,wave,UNKNOWN,UNKNOWN,0.3267,0,64.846
1480,30.2478,,0,5.0,0.55,5,3,0,4.9777,1.0,wave,UNKNOWN,UNKNOWN,0.3267,0,64.535
1481,30.2641,,0,5.0,0.55,5,3,0,4.994,1.0,wave,UNKNOWN,UNKNOWN,0.3267,0,64.159
1482,30.2806,,0,5.0,0.55,5,3,0,4.9933,1.0,wave,UNKNOWN,UNKNOWN,0.3267,0,64.073
1483,30.2964,,0,5.0,0.55,5,3,0,4.9946,1.0,wave,UNKNOWN,UNKNOWN,0.3267,0,62.373
1484,30.318,,0,5.0,0.55,5,3,0,4.9879,1.0,wave,UNKNOWN,UNKNOWN,0.3267,0,62.913
1485,30.3322,,0,5.0,0.55,5,3,0,4.9843,1.0,wave,UNKNOWN,UNKNOWN,0.3267,0,63.049
1486,30.3479,,0,5.0,0.55,5,3,0,5.0,1.0,wave,UNKNOWN,UNKNOWN,0.3267,0,62.041
1487,30.3675,,0,5.0,0.55,5,3,0,4.9913,1.0,wave,UNKNOWN,UNKNOWN,0.3267,0,62.219
1488,30.3823,,0,5.0,0.55,5,3,0,4.991,1.0,wave,UNKNOWN,UNKNOWN,0.3267,1,57.469
1489,30.4507,,0,5.0,0.55,5,3,0,4.9937,1.0,wave,UNKNOWN,UNKNOWN,0.3267,0,58.839
1490,30.465,,0,5.0,0.55,5,3,0,4.9923,1.0,wave,UNKNOWN,UNKNOWN,0.3267,0,60.014
1491,30.4788,,0,5.0,0.55,5,3,0,4.9537,1.0,wave,UNKNOWN,UNKNOWN,0.3267,0,60.21
1492,30.4946,,0,5.0,0.55,5,3,0,4.9695,1.0,wave,UNKNOWN,UNKNOWN,0.3267,0,60.85
1493,30.5097,,0,5.0,0.55,5,3,0,4.9846,1.0,wave,UNKNOWN,UNKNOWN,0.3267,0,61.134
1494,30.5256,,0,5.0,0.55,5,3,0,4.9858,1.0,wave,UNKNOWN,UNKNOWN,0.3267,0,61.254
1495,30.5416,,0,5.0,0.55,5,3,0,4.9877,1.0,wave,UNKNOWN,UNKNOWN,0.3267,0,61.243
1496,30.5578,,0,5.0,0.55,5,3,0,4.9889,1.0,wave,UNKNOWN,UNKNOWN,0.3267,0,61.09
1497,30.5747,,0,5.0,0.55,5,3,0,4.9908,1.0,wave,UNKNOWN,UNKNOWN,0.3267,0,61.039
1498,30.591,,0,5.0,0.55,5,3,0,4.9912,1.0,wave,UNKNOWN,UNKNOWN,0.3267,0,61.091
1499,30.6072,,0,5.0,0.55,5,3,0,4.9925,1.0,wave,UNKNOWN,UNKNOWN,0.3267,0,61.268
1500,30.6233,,0,5.0,0.55,5,3,0,4.993,1.0,wave,UNKNOWN,UNKNOWN,0.3267,0,60.913
1501,30.6405,,0,5.0,0.55,5,3,0,4.9946,1.0,wave,UNKNOWN,UNKNOWN,0.32,1,56.539
1502,30.699,,0,5.0,0.55,5,3,0,4.9919,1.0,wave,UNKNOWN,UNKNOWN,0.32,0,58.103
1503,30.7129,,0,5.0,0.55,5,3,0,4.9918,1.0,wave,UNKNOWN,UNKNOWN,0.32,0,59.224
1504,30.7272,,0,5.0,0.55,5,3,0,4.9919,1.0,wave,UNKNOWN,UNKNOWN,0.32,0,60.569
1505,30.7409,,0,5.0,0.55,5,3,0,4.952,1.0,wave,UNKNOWN,UNKNOWN,0.32,0,60.937
1506,30.7564,,0,5.0,0.55,5,3,0,4.9675,1.0,wave,UNKNOWN,UNKNOWN,0.32,0,61.348
1507,30.7717,,0,5.0,0.55,5,3,0,4.9828,1.0,wave,UNKNOWN,UNKNOWN,0.32,0,61.446
1508,30.7879,,0,5.0,0.55,5,3,0,4.999,1.0,wave,UNKNOWN,UNKNOWN,0.32,0,61.595
1509,30.8036,,0,5.0,0.55,5,3,0,4.9941,1.0,wave,UNKNOWN,UNKNOWN,0.32,0,61.648
1510,30.8199,,0,5.0,0.55,5,3,0,4.9935,1.0,wave,UNKNOWN,UNKNOWN,0.32,0,61.646
1511,30.836,,0,5.0,0.55,5,3,0,4.9938,1.0,wave,UNKNOWN,UNKNOWN,0.32,0,61.717
1512,30.8521,,0,5.0,0.55,5,3,0,4.9921,1.0,wave,UNKNOWN,UNKNOWN,0.32,0,61.59
1513,30.8686,,0,5.0,0.55,5,3,0,4.9931,1.0,wave,UNKNOWN,UNKNOWN,0.32,0,62.59
1514,30.8829,,0,5.0,0.55,5,3,0,4.9917,1.0,wave,UNKNOWN,UNKNOWN,0.32,0,63.207
1515,30.8974,,0,5.0,0.55,5,3,0,4.9919,1.0,wave,UNKNOWN,UNKNOWN,0.3067,1,58.732
1516,30.9516,,0,5.0,0.55,5,3,0,4.9862,1.0,wave,UNKNOWN,UNKNOWN,0.3067,0,59.798
1517,30.9661,,0,5.0,0.55,5,3,0,4.9862,1.0,wave,UNKNOWN,UNKNOWN,0.3067,0,60.619
1518,30.9812,,0,5.0,0.55,5,3,0,4.9853,1.0,wave,UNKNOWN,UNKNOWN,0.3067,0,61.063
1519,30.9958,,0,5.0,0.55,5,3,0,4.9999,1.0,wave,UNKNOWN,UNKNOWN,0.3067,0,61.36
1520,31.0114,,0,5.0,0.55,5,3,0,4.9622,1.0,wave,UNKNOWN,UNKNOWN,0.3067,0,60.83
1521,31.0294,,0,5.0,0.55,5,3,0,4.9802,1.0,wave,UNKNOWN,UNKNOWN,0.3067,0,61.064
1522,31.0451,,0,5.0,0.55,5,3,0,4.9959,1.0,wave,UNKNOWN,UNKNOWN,0.3067,0,59.599
1523,31.0666,,0,5.0,0.55,5,3,0,4.9868,1.0,wave,UNKNOWN,UNKNOWN,0.3067,0,59.553
1524,31.0837,,0,5.0,0.55,5,3,0,4.9797,1.0,wave,UNKNOWN,UNKNOWN,0.3067,0,59.928
1525,31.0998,,0,5.0,0.55,5,3,0,4.9958,1.0,wave,UNKNOWN,UNKNOWN,0.3067,0,60.907
1526,31.1138,,0,5.0,0.55,5,3,0,4.9933,1.0,wave,UNKNOWN,UNKNOWN,0.3067,0,61.345
1527,31.129,,0,5.0,0.55,5,3,0,4.9922,1.0,wave,UNKNOWN,UNKNOWN,0.3067,0,61.637
1528,31.1447,,0,5.0,0.55,5,3,0,4.9914,1.0,wave,UNKNOWN,UNKNOWN,0.3067,0,61.742
1529,31.1605,,0,5.0,0.55,5,3,0,4.991,1.0,wave,UNKNOWN,UNKNOWN,0.3267,1,57.155
1530,31.2236,,0,5.0,0.55,5,3,0,4.9861,1.0,wave,UNKNOWN,UNKNOWN,0.3267,0,58.031
1531,31.239,,0,5.0,0.55,5,3,0,4.9855,1.0,wave,UNKNOWN,UNKNOWN,0.3267,0,59.461
1532,31.253,,0,5.0,0.55,5,3,0,4.9995,1.0,wave,UNKNOWN,UNKNOWN,0.3267,0,60.295
1533,31.2677,,0,5.0,0.55,5,3,0,4.9567,1.0,wave,UNKNOWN,UNKNOWN,0.3267,0,60.745
1534,31.283,,0,5.0,0.55,5,3,0,4.972,1.0,wave,UNKNOWN,UNKNOWN,0.3267,0,58.665
1535,31.3076,,0,5.0,0.55,5,3,0,4.9966,1.0,wave,UNKNOWN,UNKNOWN,0.3267,0,58.525
1536,31.3253,,0,5.0,0.55,5,3,0,4.9863,1.0,wave,UNKNOWN,UNKNOWN,0.3267,0,59.309
1537,31.3402,,0,5.0,0.55,5,3,0,4.987,1.0,wave,UNKNOWN,UNKNOWN,0.3267,0,60.556
1538,31.3544,,0,5.0,0.55,5,3,0,4.9855,1.0,wave,UNKNOWN,UNKNOWN,0.3267,0,61.59
1539,31.3684,,0,5.0,0.55,5,3,0,4.9995,1.0,wave,UNKNOWN,UNKNOWN,0.3267,0,61.594
1540,31.385,,0,5.0,0.55,5,3,0,4.9997,1.0,wave,UNKNOWN,UNKNOWN,0.3267,0,62.218
1541,31.3995,,0,5.0,0.55,5,3,0,4.9985,1.0,wave,UNKNOWN,UNKNOWN,0.3267,0,62.582
1542,31.4146,,0,5.0,0.55,5,3,0,4.9969,1.0,wave,UNKNOWN,UNKNOWN,0.3367,1,58.133
1543,31.4701,,0,5.0,0.55,5,3,0,4.9902,1.0,wave,UNKNOWN,UNKNOWN,0.3367,0,56.922
1544,31.4914,,0,5.0,0.55,5,3,0,4.9971,1.0,wave,UNKNOWN,UNKNOWN,0.3367,0,56.934
1545,31.5089,,0,5.0,0.55,5,3,0,4.9458,1.0,wave,UNKNOWN,UNKNOWN,0.3367,0,56.402
1546,31.5284,,0,5.0,0.55,5,3,0,4.9653,1.0,wave,UNKNOWN,UNKNOWN,0.3367,0,55.093
1547,31.5514,,0,5.0,0.55,5,3,0,4.9883,1.0,wave,UNKNOWN,UNKNOWN,0.3367,0,56.8
1548,31.5654,,0,5.0,0.55,5,3,0,4.9879,1.0,wave,UNKNOWN,UNKNOWN,0.3367,0,58.126
1549,31.5795,,0,5.0,0.55,5,3,0,4.9873,1.0,wave,UNKNOWN,UNKNOWN,0.3367,0,59.061
1550,31.5943,,0,5.0,0.55,5,3,0,4.9846,1.0,wave,UNKNOWN,UNKNOWN,0.3367,0,59.164
1551,31.611,,0,5.0,0.55,5,3,0,4.9823,1.0,wave,UNKNOWN,UNKNOWN,0.3367,0,59.71
1552,31.6267,,0,5.0,0.55,5,3,0,4.998,1.0,wave,UNKNOWN,UNKNOWN,0.3367,0,59.438
1553,31.6441,,0,5.0,0.55,5,3,0,4.9814,1.0,wave,UNKNOWN,UNKNOWN,0.3367,0,58.017
1554,31.6664,,0,5.0,0.55,5,3,0,4.9898,1.0,wave,UNKNOWN,UNKNOWN,0.3433,1,53.875
1555,31.7267,,0,5.0,0.55,5,3,0,4.9858,1.0,wave,UNKNOWN,UNKNOWN,0.3433,0,53.579
1556,31.746,,0,5.0,0.55,5,3,0,4.9893,1.0,wave,UNKNOWN,UNKNOWN,0.3433,0,52.816
1557,31.7684,,0,5.0,0.55,5,3,0,4.996,1.0,wave,UNKNOWN,UNKNOWN,0.3433,0,53.59
1558,31.7847,,0,5.0,0.55,5,3,0,4.9448,1.0,wave,UNKNOWN,UNKNOWN,0.3433,0,54.929
1559,31.7992,,0,5.0,0.55,5,3,0,4.9594,1.0,wave,UNKNOWN,UNKNOWN,0.3433,0,54.182
1560,31.8204,,0,5.0,0.55,5,3,0,4.9806,1.0,wave,UNKNOWN,UNKNOWN,0.3433,0,55.561
1561,31.8362,,0,5.0,0.55,5,3,0,4.9964,1.0,wave,UNKNOWN,UNKNOWN,0.3433,0,56.143
1562,31.8519,,0,5.0,0.55,5,3,0,4.9968,1.0,wave,UNKNOWN,UNKNOWN,0.3433,0,57.556
1563,31.8663,,0,5.0,0.55,5,3,0,4.9965,1.0,wave,UNKNOWN,UNKNOWN,0.3433,0,58.455
1564,31.881,,0,5.0,0.55,5,3,0,4.9976,1.0,wave,UNKNOWN,UNKNOWN,0.3433,0,58.395
1565,31.8986,,0,5.0,0.55,5,3,0,4.9996,1.0,wave,UNKNOWN,UNKNOWN,0.3433,0,59.329
1566,31.9126,,0,5.0,0.55,5,3,0,4.9985,1.0,wave,UNKNOWN,UNKNOWN,0.3433,0,59.968
1567,31.9281,,0,5.0,0.55,5,3,0,4.9986,1.0,wave,UNKNOWN,UNKNOWN,0.32,1,55.741
1568,31.9847,,0,5.0,0.55,5,3,0,4.9948,1.0,wave,UNKNOWN,UNKNOWN,0.32,0,56.965
1569,31.9995,,0,5.0,0.55,5,3,0,4.9935,1.0,wave,UNKNOWN,UNKNOWN,0.32,0,58.393
1570,32.0134,,0,5.0,0.55,5,3,0,4.9932,1.0,wave,UNKNOWN,UNKNOWN,0.32,0,58.588
1571,32.03,,0,5.0,0.55,5,3,0,4.9957,1.0,wave,UNKNOWN,UNKNOWN,0.32,0,58.615
1572,32.0477,,0,5.0,0.55,5,3,0,4.9617,1.0,wave,UNKNOWN,UNKNOWN,0.32,0,58.319
1573,32.0653,,0,5.0,0.55,5,3,0,4.9794,1.0,wave,UNKNOWN,UNKNOWN,0.32,0,58.88
1574,32.0813,,0,5.0,0.55,5,3,0,4.9953,1.0,wave,UNKNOWN,UNKNOWN,0.32,0,59.113
1575,32.0972,,0,5.0,0.55,5,3,0,4.9958,1.0,wave,UNKNOWN,UNKNOWN,0.32,0,56.929
1576,32.1233,,0,5.0,0.55,5,3,0,4.9941,1.0,wave,UNKNOWN,UNKNOWN,0.32,0,56.446
1577,32.1426,,0,5.0,0.55,5,3,0,4.9958,1.0,wave,UNKNOWN,UNKNOWN,0.32,0,56.931
1578,32.1589,,0,5.0,0.55,5,3,0,4.9963,1.0,wave,UNKNOWN,UNKNOWN,0.32,0,57.401
1579,32.1751,,0,5.0,0.55,5,3,0,4.9976,1.0,wave,UNKNOWN,UNKNOWN,0.32,0,57.733
1580,32.1919,,0,5.0,0.55,5,3,0,4.9988,1.0,wave,UNKNOWN,UNKNOWN,0.3,1,53.668
1581,32.2505,,0,5.0,0.55,5,3,0,4.9918,1.0,wave,UNKNOWN,UNKNOWN,0.3,0,55.1
1582,32.2653,,0,5.0,0.55,5,3,0,4.9904,1.0,wave,UNKNOWN,UNKNOWN,0.3,0,54.096
1583,32.2872,,0,5.0,0.55,5,3,0,4.9936,1.0,wave,UNKNOWN,UNKNOWN,0.3,0,54.422
1584,32.3045,,0,5.0,0.55,5,3,0,4.9565,1.0,wave,UNKNOWN,UNKNOWN,0.3,0,55.432
1585,32.32,,0,5.0,0.55,5,3,0,4.9721,1.0,wave,UNKNOWN,UNKNOWN,0.3,0,56.161
1586,32.3363,,0,5.0,0.55,5,3,0,4.9883,1.0,wave,UNKNOWN,UNKNOWN,0.3,0,56.705
1587,32.3525,,0,5.0,0.55,5,3,0,4.9875,1.0,wave,UNKNOWN,UNKNOWN,0.3,0,56.2
1588,32.3715,,0,5.0,0.55,5,3,0,4.9927,1.0,wave,UNKNOWN,UNKNOWN,0.3,0,56.646
1589,32.3879,,0,5.0,0.55,5,3,0,4.9959,1.0,wave,UNKNOWN,UNKNOWN,0.3,0,57.392
1590,32.4036,,0,5.0,0.55,5,3,0,4.996,1.0,wave,UNKNOWN,UNKNOWN,0.3,0,57.933
1591,32.4195,,0,5.0,0.55,5,3,0,4.9969,1.0,wave,UNKNOWN,UNKNOWN,0.3,0,58.389
1592,32.4358,,0,5.0,0.55,5,3,0,4.9967,1.0,wave,UNKNOWN,UNKNOWN,0.3,0,58.779
1593,32.452,,0,5.0,0.55,5,3,0,4.9964,1.0,wave,UNKNOWN,UNKNOWN,0.2967,1,54.753
1594,32.5059,,0,5.0,0.55,5,3,0,4.9997,1.0,wave,UNKNOWN,UNKNOWN,0.2967,0,54.015
1595,32.5266,,0,5.0,0.55,5,3,0,4.9878,1.0,wave,UNKNOWN,UNKNOWN,0.2967,0,54.092
1596,32.5449,,0,5.0,0.55,5,3,0,4.9897,1.0,wave,UNKNOWN,UNKNOWN,0.2967,0,55.084
1597,32.5605,,0,5.0,0.55,5,3,0,4.9416,1.0,wave,UNKNOWN,UNKNOWN,0.2967,0,55.77
1598,32.5767,,0,5.0,0.55,5,3,0,4.9579,1.0,wave,UNKNOWN,UNKNOWN,0.2967,0,56.364
1599,32.5928,,0,5.0,0.55,5,3,0,4.974,1.0,wave,UNKNOWN,UNKNOWN,0.2967,0,57.222
1600,32.6082,,0,5.0,0.55,5,3,0,4.9894,1.0,wave,UNKNOWN,UNKNOWN,0.2967,0,57.635
1601,32.6247,,0,5.0,0.55,5,3,0,4.9913,1.0,wave,UNKNOWN,UNKNOWN,0.2967,0,57.62
1602,32.6419,,0,5.0,0.55,5,3,0,4.9941,1.0,wave,UNKNOWN,UNKNOWN,0.2967,0,58.021
1603,32.6581,,0,5.0,0.55,5,3,0,4.9967,1.0,wave,UNKNOWN,UNKNOWN,0.2967,0,58.156
1604,32.675,,0,5.0,0.55,5,3,0,4.9938,1.0,wave,UNKNOWN,UNKNOWN,0.2967,0,58.489
1605,32.6913,,0,5.0,0.55,5,3,0,4.996,1.0,wave,UNKNOWN,UNKNOWN,0.2967,0,59.006
1606,32.707,,0,5.0,0.55,5,3,0,4.9971,1.0,wave,UNKNOWN,UNKNOWN,0.31,1,54.892
1607,32.7632,,0,5.0,0.55,5,3,0,4.9893,1.0,wave,UNKNOWN,UNKNOWN,0.31,0,53.983
1608,32.785,,0,5.0,0.55,5,3,0,4.9943,1.0,wave,UNKNOWN,UNKNOWN,0.31,0,53.405
1609,32.8056,,0,5.0,0.55,5,3,0,4.9981,1.0,wave,UNKNOWN,UNKNOWN,0.31,0,53.288
1610,32.8248,,0,5.0,0.55,5,3,0,4.9604,1.0,wave,UNKNOWN,UNKNOWN,0.31,0,53.934
1611,32.8416,,0,5.0,0.55,5,3,0,4.9772,1.0,wave,UNKNOWN,UNKNOWN,0.31,0,54.303
1612,32.8588,,0,5.0,0.55,5,3,0,4.9944,1.0,wave,UNKNOWN,UNKNOWN,0.31,0,54.827
1613,32.8756,,0,5.0,0.55,5,3,0,4.9973,1.0,wave,UNKNOWN,UNKNOWN,0.31,0,55.434
1614,32.8922,,0,5.0,0.55,5,3,0,4.9852,1.0,wave,UNKNOWN,UNKNOWN,0.31,0,55.716
1615,32.9092,,0,5.0,0.55,5,3,0,4.9821,1.0,wave,UNKNOWN,UNKNOWN,0.31,0,56.035
1616,32.9261,,0,5.0,0.55,5,3,0,4.9991,1.0,wave,UNKNOWN,UNKNOWN,0.31,0,56.649
1617,32.9422,,0,5.0,0.55,5,3,0,4.9886,1.0,wave,UNKNOWN,UNKNOWN,0.31,0,56.894
1618,32.9591,,0,5.0,0.55,5,3,0,4.9897,1.0,wave,UNKNOWN,UNKNOWN,0.3133,1,52.99
1619,33.0155,,0,5.0,0.55,5,3,0,4.9892,1.0,wave,UNKNOWN,UNKNOWN,0.3133,0,54.258
1620,33.0307,,0,5.0,0.55,5,3,0,4.9891,1.0,wave,UNKNOWN,UNKNOWN,0.3133,0,55.755
1621,33.0453,,0,5.0,0.55,5,3,0,4.9811,1.0,wave,UNKNOWN,UNKNOWN,0.3133,0,56.621
1622,33.0608,,0,5.0,0.55,5,3,0,4.9966,1.0,wave,UNKNOWN,UNKNOWN,0.3133,0,57.903
1623,33.0748,,0,5.0,0.55,5,3,0,4.9493,1.0,wave,UNKNOWN,UNKNOWN,0.3133,0,58.167
1624,33.0913,,0,5.0,0.55,5,3,0,4.9658,1.0,wave,UNKNOWN,UNKNOWN,0.3133,0,58.727
1625,33.1071,,0,5.0,0.55,5,3,0,4.9816,1.0,wave,UNKNOWN,UNKNOWN,0.3133,0,57.205
1626,33.13,,0,5.0,0.55,5,3,0,4.9886,1.0,wave,UNKNOWN,UNKNOWN,0.3133,0,58.953
1627,33.1436,,0,5.0,0.55,5,3,0,4.9859,1.0,wave,UNKNOWN,UNKNOWN,0.3133,0,59.792
1628,33.1583,,0,5.0,0.55,5,3,0,4.9848,1.0,wave,UNKNOWN,UNKNOWN,0.3133,0,60.1
1629,33.1742,,0,5.0,0.55,5,3,0,4.9868,1.0,wave,UNKNOWN,UNKNOWN,0.3133,0,60.652
1630,33.1895,,0,5.0,0.55,5,3,0,4.9778,1.0,wave,UNKNOWN,UNKNOWN,0.3133,0,59.373
1631,33.2109,,0,5.0,0.55,5,3,0,4.9991,1.0,wave,UNKNOWN,UNKNOWN,0.36,1,55.339
1632,33.2629,,0,5.0,0.55,5,3,0,4.9951,1.0,wave,UNKNOWN,UNKNOWN,0.36,0,56.695
1633,33.2775,,0,5.0,0.55,5,3,0,4.9923,1.0,wave,UNKNOWN,UNKNOWN,0.36,0,57.718
1634,33.2924,,0,5.0,0.55,5,3,0,4.9918,1.0,wave,UNKNOWN,UNKNOWN,0.36,0,58.292
1635,33.3089,,0,5.0,0.55,5,3,0,4.9923,1.0,wave,UNKNOWN,UNKNOWN,0.36,0,58.818
1636,33.3239,,0,5.0,0.55,5,3,0,4.9481,1.0,wave,UNKNOWN,UNKNOWN,0.36,0,59.532
1637,33.3393,,0,5.0,0.55,5,3,0,4.9636,1.0,wave,UNKNOWN,UNKNOWN,0.36,0,60.383
1638,33.3538,,0,5.0,0.55,5,3,0,4.9781,1.0,wave,UNKNOWN,UNKNOWN,0.36,0,60.45
1639,33.3706,,0,5.0,0.55,5,3,0,4.9949,1.0,wave,UNKNOWN,UNKNOWN,0.36,0,60.569
1640,33.3865,,0,5.0,0.55,5,3,0,4.9969,1.0,wave,UNKNOWN,UNKNOWN,0.36,0,60.497
1641,33.4031,,0,5.0,0.55,5,3,0,4.9938,1.0,wave,UNKNOWN,UNKNOWN,0.36,0,60.94
1642,33.4185,,0,5.0,0.55,5,3,0,4.995,1.0,wave,UNKNOWN,UNKNOWN,0.36,0,61.069
1643,33.4344,,0,5.0,0.55,5,3,0,4.9894,1.0,wave,UNKNOWN,UNKNOWN,0.36,0,61.261
1644,33.4502,,0,5.0,0.55,5,3,0,4.9911,1.0,wave,UNKNOWN,UNKNOWN,0.36,0,61.305
1645,33.4664,,0,5.0,0.55,5,3,0,4.9929,1.0,wave,UNKNOWN,UNKNOWN,0.36,1,56.957
1646,33.5227,,0,5.0,0.55,5,3,0,4.9917,1.0,wave,UNKNOWN,UNKNOWN,0.36,0,57.847
1647,33.5384,,0,5.0,0.55,5,3,0,4.9927,1.0,wave,UNKNOWN,UNKNOWN,0.36,0,58.921
1648,33.5529,,0,5.0,0.55,5,3,0,4.9925,1.0,wave,UNKNOWN,UNKNOWN,0.36,0,60.207
1649,33.5663,,0,5.0,0.55,5,3,0,4.9892,1.0,wave,UNKNOWN,UNKNOWN,0.36,0,60.145
1650,33.5833,,0,5.0,0.55,5,3,0,4.9546,1.0,wave,UNKNOWN,UNKNOWN,0.36,0,60.985
1651,33.5978,,0,5.0,0.55,5,3,0,4.9692,1.0,wave,UNKNOWN,UNKNOWN,0.36,0,61.38
1652,33.6131,,0,5.0,0.55,5,3,0,4.9844,1.0,wave,UNKNOWN,UNKNOWN,0.36,0,61.501
1653,33.6289,,0,5.0,0.55,5,3,0,4.9868,1.0,wave,UNKNOWN,UNKNOWN,0.36,0,61.633
1654,33.6449,,0,5.0,0.55,5,3,0,4.9896,1.0,wave,UNKNOWN,UNKNOWN,0.36,0,61.655
1655,33.661,,0,5.0,0.55,5,3,0,4.992,1.0,wave,UNKNOWN,UNKNOWN,0.36,0,61.726
1656,33.6773,,0,5.0,0.55,5,3,0,4.9942,1.0,wave,UNKNOWN,UNKNOWN,0.36,0,61.53
1657,33.6938,,0,5.0,0.55,5,3,0,4.9972,1.0,wave,UNKNOWN,UNKNOWN,0.36,0,61.526
1658,33.71,,0,5.0,0.55,5,3,0,4.9996,1.0,wave,UNKNOWN,UNKNOWN,0.36,0,61.76
1659,33.7258,,0,5.0,0.55,5,3,0,4.9881,1.0,wave,UNKNOWN,UNKNOWN,0.3467,1,57.456
1660,33.7795,,0,5.0,0.55,5,3,0,4.9997,1.0,wave,UNKNOWN,UNKNOWN,0.3467,0,57.912
1661,33.7954,,0,5.0,0.55,5,3,0,4.9893,1.0,wave,UNKNOWN,UNKNOWN,0.3467,0,58.857
1662,33.8108,,0,5.0,0.55,5,3,0,4.9902,1.0,wave,UNKNOWN,UNKNOWN,0.3467,0,59.226
1663,33.8265,,0,5.0,0.55,5,3,0,4.9909,1.0,wave,UNKNOWN,UNKNOWN,0.3467,0,59.032
1664,33.8438,,0,5.0,0.55,5,3,0,4.9555,1.0,wave,UNKNOWN,UNKNOWN,0.3467,0,59.639
1665,33.8593,,0,5.0,0.55,5,3,0,4.971,1.0,wave,UNKNOWN,UNKNOWN,0.3467,0,60.093
1666,33.875,,0,5.0,0.55,5,3,0,4.9866,1.0,wave,UNKNOWN,UNKNOWN,0.3467,0,60.769
1667,33.8897,,0,5.0,0.55,5,3,0,4.9873,1.0,wave,UNKNOWN,UNKNOWN,0.3467,0,60.779
1668,33.906,,0,5.0,0.55,5,3,0,4.989,1.0,wave,UNKNOWN,UNKNOWN,0.3467,0,60.139
1669,33.9244,,0,5.0,0.55,5,3,0,4.9921,1.0,wave,UNKNOWN,UNKNOWN,0.3467,0,60.82
1670,33.9395,,0,5.0,0.55,5,3,0,4.9917,1.0,wave,UNKNOWN,UNKNOWN,0.3467,0,60.895
1671,33.9555,,0,5.0,0.55,5,3,0,4.9936,1.0,wave,UNKNOWN,UNKNOWN,0.3467,0,61.806
1672,33.9703,,0,5.0,0.55,5,3,0,4.9945,1.0,wave,UNKNOWN,UNKNOWN,0.3467,0,61.905
1673,33.9858,,0,5.0,0.55,5,3,0,4.9957,1.0,wave,UNKNOWN,UNKNOWN,0.3133,1,57.418
1674,34.0447,,0,5.0,0.55,5,3,0,4.9974,1.0,wave,UNKNOWN,UNKNOWN,0.3133,0,56.709
1675,34.0643,,0,5.0,0.55,5,3,0,4.9971,1.0,wave,UNKNOWN,UNKNOWN,0.3133,0,57.151
1676,34.0806,,0,5.0,0.55,5,3,0,4.9996,1.0,wave,UNKNOWN,UNKNOWN,0.3133,0,57.734
1677,34.0965,,0,5.0,0.55,5,3,0,4.9421,1.0,wave,UNKNOWN,UNKNOWN,0.3133,0,57.556
1678,34.1144,,0,5.0,0.55,5,3,0,4.9601,1.0,wave,UNKNOWN,UNKNOWN,0.3133,0,57.9
1679,34.1308,,0,5.0,0.55,5,3,0,4.9764,1.0,wave,UNKNOWN,UNKNOWN,0.3133,0,58.158
1680,34.1475,,0,5.0,0.55,5,3,0,4.9932,1.0,wave,UNKNOWN,UNKNOWN,0.3133,0,58.258
1681,34.1642,,0,5.0,0.55,5,3,0,4.9949,1.0,wave,UNKNOWN,UNKNOWN,0.3133,0,58.448
1682,34.1809,,0,5.0,0.55,5,3,0,4.9983,1.0,wave,UNKNOWN,UNKNOWN,0.3133,0,58.927
1683,34.1966,,0,5.0,0.55,5,3,0,4.9865,1.0,wave,UNKNOWN,UNKNOWN,0.3133,0,59.133
1684,34.213,,0,5.0,0.55,5,3,0,4.9882,1.0,wave,UNKNOWN,UNKNOWN,0.3133,0,59.429
1685,34.2293,,0,5.0,0.55,5,3,0,4.9865,1.0,wave,UNKNOWN,UNKNOWN,0.3133,0,59.355
1686,34.2461,,0,5.0,0.55,5,3,0,4.9888,1.0,wave,UNKNOWN,UNKNOWN,0.3167,1,55.113
1687,34.3042,,0,5.0,0.55,5,3,0,4.9842,1.0,wave,UNKNOWN,UNKNOWN,0.3167,0,57.393
1688,34.3185,,0,5.0,0.55,5,3,0,4.9985,1.0,wave,UNKNOWN,UNKNOWN,0.3167,0,58.571
1689,34.3328,,0,5.0,0.55,5,3,0,4.9988,1.0,wave,UNKNOWN,UNKNOWN,0.3167,0,59.223
1690,34.3479,,0,5.0,0.55,5,3,0,4.9398,1.0,wave,UNKNOWN,UNKNOWN,0.3167,0,59.925
1691,34.3633,,0,5.0,0.55,5,3,0,4.9551,1.0,wave,UNKNOWN,UNKNOWN,0.3167,0,60.195
1692,34.3789,,0,5.0,0.55,5,3,0,4.9708,1.0,wave,UNKNOWN,UNKNOWN,0.3167,0,60.327
1693,34.3952,,0,5.0,0.55,5,3,0,4.987,1.0,wave,UNKNOWN,UNKNOWN,0.3167,0,60.593
1694,34.4111,,0,5.0,0.55,5,3,0,4.9877,1.0,wave,UNKNOWN,UNKNOWN,0.3167,0,60.305
1695,34.4284,,0,5.0,0.55,5,3,0,4.9906,1.0,wave,UNKNOWN,UNKNOWN,0.3167,0,59.666
1696,34.4471,,0,5.0,0.55,5,3,0,4.9932,1.0,wave,UNKNOWN,UNKNOWN,0.3167,0,58.204
1697,34.4695,,0,5.0,0.55,5,3,0,4.9882,1.0,wave,UNKNOWN,UNKNOWN,0.3167,0,58.978
1698,34.485,,0,5.0,0.55,5,3,0,4.9893,1.0,wave,UNKNOWN,UNKNOWN,0.3167,0,59.758
1699,34.4998,,0,5.0,0.55,5,3,0,4.9901,1.0,wave,UNKNOWN,UNKNOWN,0.3267,1,55.675
1700,34.5524,,0,5.0,0.55,5,3,0,4.987,1.0,wave,UNKNOWN,UNKNOWN,0.3267,0,57.096
1701,34.567,,0,5.0,0.55,5,3,0,4.9879,1.0,wave,UNKNOWN,UNKNOWN,0.3267,0,57.661
1702,34.5827,,0,5.0,0.55,5,3,0,4.9894,1.0,wave,UNKNOWN,UNKNOWN,0.3267,0,58.664
1703,34.5975,,0,5.0,0.55,5,3,0,4.9898,1.0,wave,UNKNOWN,UNKNOWN,0.3267,0,59.901
1704,34.6113,,0,5.0,0.55,5,3,0,4.9417,1.0,wave,UNKNOWN,UNKNOWN,0.3267,0,60.955
1705,34.6254,,0,5.0,0.55,5,3,0,4.9558,1.0,wave,UNKNOWN,UNKNOWN,0.3267,0,60.796
1706,34.6422,,0,5.0,0.55,5,3,0,4.9726,1.0,wave,UNKNOWN,UNKNOWN,0.3267,0,60.88
1707,34.6585,,0,5.0,0.55,5,3,0,4.989,1.0,wave,UNKNOWN,UNKNOWN,0.3267,0,61.154
1708,34.6742,,0,5.0,0.55,5,3,0,4.9902,1.0,wave,UNKNOWN,UNKNOWN,0.3267,0,61.317
1709,34.6901,,0,5.0,0.55,5,3,0,4.9919,1.0,wave,UNKNOWN,UNKNOWN,0.3267,0,61.469
1710,34.706,,0,5.0,0.55,5,3,0,4.9911,1.0,wave,UNKNOWN,UNKNOWN,0.3267,0,60.329
1711,34.726,,0,5.0,0.55,5,3,0,4.9977,1.0,wave,UNKNOWN,UNKNOWN,0.3267,0,59.583
1712,34.7454,,0,5.0,0.55,5,3,0,4.989,1.0,wave,UNKNOWN,UNKNOWN,0.3267,0,59.149
1713,34.7631,,0,5.0,0.55,5,3,0,4.9925,1.0,wave,UNKNOWN,UNKNOWN,0.3333,1,55.051
1714,34.8184,,0,5.0,0.55,5,3,0,4.9983,1.0,wave,UNKNOWN,UNKNOWN,0.3333,0,56.193
1715,34.8335,,0,5.0,0.55,5,3,0,4.9996,1.0,wave,UNKNOWN,UNKNOWN,0.3333,0,57.588
1716,34.8477,,0,5.0,0.55,5,3,0,4.9864,1.0,wave,UNKNOWN,UNKNOWN,0.3333,0,58.742
1717,34.862,,0,5.0,0.55,5,3,0,4.9488,1.0,wave,UNKNOWN,UNKNOWN,0.3333,0,59.289
1718,34.8776,,0,5.0,0.55,5,3,0,4.9644,1.0,wave,UNKNOWN,UNKNOWN,0.3333,0,59.667
1719,34.8936,,0,5.0,0.55,5,3,0,4.9804,1.0,wave,UNKNOWN,UNKNOWN,0.3333,0,60.214
1720,34.909,,0,5.0,0.55,5,3,0,4.9958,1.0,wave,UNKNOWN,UNKNOWN,0.3333,0,60.358
1721,34.9249,,0,5.0,0.55,5,3,0,4.9977,1.0,wave,UNKNOWN,UNKNOWN,0.3333,0,59.46
1722,34.9445,,0,5.0,0.55,5,3,0,4.9902,1.0,wave,UNKNOWN,UNKNOWN,0.3333,0,60.091
1723,34.9597,,0,5.0,0.55,5,3,0,4.9859,1.0,wave,UNKNOWN,UNKNOWN,0.3333,0,60.394
1724,34.9753,,0,5.0,0.55,5,3,0,4.9878,1.0,wave,UNKNOWN,UNKNOWN,0.3333,0,60.744
1725,34.9909,,0,5.0,0.55,5,3,0,4.9896,1.0,wave,UNKNOWN,UNKNOWN,0.3333,0,60.16
1726,35.0094,,0,5.0,0.55,5,3,0,4.9943,1.0,wave,UNKNOWN,UNKNOWN,0.3333,0,60.332
1727,35.0257,,0,5.0,0.55,5,3,0,4.996,1.0,wave,UNKNOWN,UNKNOWN,0.32,1,55.724
1728,35.0957,,0,5.0,0.55,5,3,0,4.988,1.0,wave,UNKNOWN,UNKNOWN,0.32,0,56.996
1729,35.111,,0,5.0,0.55,5,3,0,4.9901,1.0,wave,UNKNOWN,UNKNOWN,0.32,0,57.582
1730,35.1262,,0,5.0,0.55,5,3,0,4.9515,1.0,wave,UNKNOWN,UNKNOWN,0.32,0,57.615
1731,35.1435,,0,5.0,0.55,5,3,0,4.9688,1.0,wave,UNKNOWN,UNKNOWN,0.32,0,58.259
1732,35.1592,,0,5.0,0.55,5,3,0,4.9845,1.0,wave,UNKNOWN,UNKNOWN,0.32,0,59.499
1733,35.1733,,0,5.0,0.55,5,3,0,4.9986,1.0,wave,UNKNOWN,UNKNOWN,0.32,0,60.249
1734,35.1884,,0,5.0,0.55,5,3,0,4.999,1.0,wave,UNKNOWN,UNKNOWN,0.32,0,60.456
1735,35.2044,,0,5.0,0.55,5,3,0,4.9869,1.0,wave,UNKNOWN,UNKNOWN,0.32,0,59.815
1736,35.2228,,0,5.0,0.55,5,3,0,4.9892,1.0,wave,UNKNOWN,UNKNOWN,0.32,0,60.731
1737,35.2376,,0,5.0,0.55,5,3,0,4.9898,1.0,wave,UNKNOWN,UNKNOWN,0.32,0,60.773
1738,35.254,,0,5.0,0.55,5,3,0,4.9899,1.0,wave,UNKNOWN,UNKNOWN,0.32,0,61.245
1739,35.2687,,0,5.0,0.55,5,3,0,4.9881,1.0,wave,UNKNOWN,UNKNOWN,0.32,0,61.642
1740,35.2842,,0,5.0,0.55,5,3,0,4.9878,1.0,wave,UNKNOWN,UNKNOWN,0.32,1,57.294
1741,35.3392,,0,5.0,0.55,5,3,0,4.9913,1.0,wave,UNKNOWN,UNKNOWN,0.32,0,58.072
1742,35.355,,0,5.0,0.55,5,3,0,4.9875,1.0,wave,UNKNOWN,UNKNOWN,0.32,0,58.917
1743,35.3701,,0,5.0,0.55,5,3,0,4.9878,1.0,wave,UNKNOWN,UNKNOWN,0.32,0,59.12
1744,35.3862,,0,5.0,0.55,5,3,0,4.9355,1.0,wave,UNKNOWN,UNKNOWN,0.32,0,59.723
1745,35.4024,,0,5.0,0.55,5,3,0,4.9517,1.0,wave,UNKNOWN,UNKNOWN,0.32,0,60.645
1746,35.416,,0,5.0,0.55,5,3,0,4.9653,1.0,wave,UNKNOWN,UNKNOWN,0.32,0,61.135
1747,35.4312,,0,5.0,0.55,5,3,0,4.9805,1.0,wave,UNKNOWN,UNKNOWN,0.32,0,61.44
1748,35.4466,,0,5.0,0.55,5,3,0,4.9959,1.0,wave,UNKNOWN,UNKNOWN,0.32,0,61.284
1749,35.4633,,0,5.0,0.55,5,3,0,4.9983,1.0,wave,UNKNOWN,UNKNOWN,0.32,0,61.538
1750,35.4789,,0,5.0,0.55,5,3,0,4.9843,1.0,wave,UNKNOWN,UNKNOWN,0.32,0,61.467
1751,35.4954,,0,5.0,0.55,5,3,0,4.9856,1.0,wave,UNKNOWN,UNKNOWN,0.32,0,60.681
1752,35.5143,,0,5.0,0.55,5,3,0,4.9886,1.0,wave,UNKNOWN,UNKNOWN,0.32,0,60.574
1753,35.531,,0,5.0,0.55,5,3,0,4.9894,1.0,wave,UNKNOWN,UNKNOWN,0.32,0,60.832
1754,35.5466,,0,5.0,0.55,5,3,0,4.9888,1.0,wave,UNKNOWN,UNKNOWN,0.2933,1,56.631
1755,35.6,,0,5.0,0.55,5,3,0,4.9928,1.0,wave,UNKNOWN,UNKNOWN,0.2933,0,57.902
1756,35.6145,,0,5.0,0.55,5,3,0,4.9912,1.0,wave,UNKNOWN,UNKNOWN,0.2933,0,59.263
1757,35.6285,,0,5.0,0.55,5,3,0,4.988,1.0,wave,UNKNOWN,UNKNOWN,0.2933,0,59.804
1758,35.6438,,0,5.0,0.55,5,3,0,4.9448,1.0,wave,UNKNOWN,UNKNOWN,0.2933,0,59.891
1759,35.6602,,0,5.0,0.55,5,3,0,4.9613,1.0,wave,UNKNOWN,UNKNOWN,0.2933,0,60.521
1760,35.6755,,0,5.0,0.55,5,3,0,4.9765,1.0,wave,UNKNOWN,UNKNOWN,0.2933,0,61.099
1761,35.6904,,0,5.0,0.55,5,3,0,4.9914,1.0,wave,UNKNOWN,UNKNOWN,0.2933,0,61.587
1762,35.7058,,0,5.0,0.55,5,3,0,4.9929,1.0,wave,UNKNOWN,UNKNOWN,0.2933,0,61.087
1763,35.7231,,0,5.0,0.55,5,3,0,4.9959,1.0,wave,UNKNOWN,UNKNOWN,0.2933,0,61.409
1764,35.7389,,0,5.0,0.55,5,3,0,4.998,1.0,wave,UNKNOWN,UNKNOWN,0.2933,0,61.616
1765,35.7546,,0,5.0,0.55,5,3,0,4.9982,1.0,wave,UNKNOWN,UNKNOWN,0.2933,0,61.766
1766,35.7704,,0,5.0,0.55,5,3,0,4.9987,1.0,wave,UNKNOWN,UNKNOWN,0.2933,0,60.063
1767,35.7929,,0,5.0,0.55,5,3,0,4.9892,1.0,wave,UNKNOWN,UNKNOWN,0.2933,0,60.12
1768,35.8094,,0,5.0,0.55,5,3,0,4.9895,1.0,wave,UNKNOWN,UNKNOWN,0.3033,1,55.998
1769,35.8623,,0,5.0,0.55,5,3,0,4.9937,1.0,wave,UNKNOWN,UNKNOWN,0.3033,0,56.023
1770,35.8798,,0,5.0,0.55,5,3,0,4.9968,1.0,wave,UNKNOWN,UNKNOWN,0.3033,0,56.105
1771,35.8975,,0,5.0,0.55,5,3,0,4.9459,1.0,wave,UNKNOWN,UNKNOWN,0.3033,0,57.479
1772,35.9117,,0,5.0,0.55,5,3,0,4.96,1.0,wave,UNKNOWN,UNKNOWN,0.3033,0,58.767
1773,35.9265,,0,5.0,0.55,5,3,0,4.9748,1.0,wave,UNKNOWN,UNKNOWN,0.3033,0,59.809
1774,35.9409,,0,5.0,0.55,5,3,0,4.9893,1.0,wave,UNKNOWN,UNKNOWN,0.3033,0,60.603
1775,35.9555,,0,5.0,0.55,5,3,0,4.9894,1.0,wave,UNKNOWN,UNKNOWN,0.3033,0,61.286
1776,35.9704,,0,5.0,0.55,5,3,0,4.9891,1.0,wave,UNKNOWN,UNKNOWN,0.3033,0,61.524
1777,35.9857,,0,5.0,0.55,5,3,0,4.9899,1.0,wave,UNKNOWN,UNKNOWN,0.3033,0,61.289
1778,36.0026,,0,5.0,0.55,5,3,0,4.9913,1.0,wave,UNKNOWN,UNKNOWN,0.3033,0,59.655
1779,36.0253,,0,5.0,0.55,5,3,0,4.9959,1.0,wave,UNKNOWN,UNKNOWN,0.3033,0,59.26
1780,36.0429,,0,5.0,0.55,5,3,0,4.9978,1.0,wave,UNKNOWN,UNKNOWN,0.3033,0,59.702
1781,36.0592,,0,5.0,0.55,5,3,0,4.9926,1.0,wave,UNKNOWN,UNKNOWN,0.3033,0,60.224
1782,36.074,,0,5.0,0.55,5,3,0,4.9903,1.0,wave,UNKNOWN,UNKNOWN,0.31,1,56.082
1783,36.1273,,0,5.0,0.55,5,3,0,4.9983,1.0,wave,UNKNOWN,UNKNOWN,0.31,0,56.543
1784,36.1435,,0,5.0,0.55,5,3,0,4.9988,1.0,wave,UNKNOWN,UNKNOWN,0.31,0,57.393
1785,36.159,,0,5.0,0.55,5,3,0,4.9985,1.0,wave,UNKNOWN,UNKNOWN,0.31,0,58.899
1786,36.1734,,0,5.0,0.55,5,3,0,4.9498,1.0,wave,UNKNOWN,UNKNOWN,0.31,0,59.862
1787,36.1872,,0,5.0,0.55,5,3,0,4.9636,1.0,wave,UNKNOWN,UNKNOWN,0.31,0,59.751
1788,36.2049,,0,5.0,0.55,5,3,0,4.9812,1.0,wave,UNKNOWN,UNKNOWN,0.31,0,60.069
1789,36.2207,,0,5.0,0.55,5,3,0,4.9971,1.0,wave,UNKNOWN,UNKNOWN,0.31,0,59.919
1790,36.2376,,0,5.0,0.55,5,3,0,4.9986,1.0,wave,UNKNOWN,UNKNOWN,0.31,0,57.969
1791,36.262,,0,5.0,0.55,5,3,0,4.9943,1.0,wave,UNKNOWN,UNKNOWN,0.31,0,59.096
1792,36.2767,,0,5.0,0.55,5,3,0,4.9937,1.0,wave,UNKNOWN,UNKNOWN,0.31,0,59.652
1793,36.2922,,0,5.0,0.55,5,3,0,4.9846,1.0,wave,UNKNOWN,UNKNOWN,0.31,0,60.02
1794,36.3081,,0,5.0,0.55,5,3,0,4.9828,1.0,wave,UNKNOWN,UNKNOWN,0.31,0,60.36
1795,36.324,,0,5.0,0.55,5,3,0,4.9986,1.0,wave,UNKNOWN,UNKNOWN,0.31,0,61.109
1796,36.3389,,0,5.0,0.55,5,3,0,4.9987,1.0,wave,UNKNOWN,UNKNOWN,0.35,1,56.88
1797,36.3916,,0,5.0,0.55,5,3,0,4.9921,1.0,wave,UNKNOWN,UNKNOWN,0.35,0,57.612
1798,36.4074,,0,5.0,0.55,5,3,0,4.9929,1.0,wave,UNKNOWN,UNKNOWN,0.35,0,58.674
1799,36.4222,,0,5.0,0.55,5,3,0,4.9522,1.0,wave,UNKNOWN,UNKNOWN,0.35,0,57.262
1800,36.444,,0,5.0,0.55,5,3,0,4.9739,1.0,wave,UNKNOWN,UNKNOWN,0.35,0,57.449
1801,36.4609,,0,5.0,0.55,5,3,0,4.9908,1.0,wave,UNKNOWN,UNKNOWN,0.35,0,57.624
1802,36.4778,,0,5.0,0.55,5,3,0,4.9864,1.0,wave,UNKNOWN,UNKNOWN,0.35,0,57.788
1803,36.4947,,0,5.0,0.55,5,3,0,4.9857,1.0,wave,UNKNOWN,UNKNOWN,0.35,0,57.74
1804,36.5121,,0,5.0,0.55,5,3,0,4.9837,1.0,wave,UNKNOWN,UNKNOWN,0.35,0,57.929
1805,36.5289,,0,5.0,0.55,5,3,0,4.9776,1.0,wave,UNKNOWN,UNKNOWN,0.35,0,58.161
1806,36.5455,,0,5.0,0.55,5,3,0,4.9941,1.0,wave,UNKNOWN,UNKNOWN,0.35,0,58.088
1807,36.5629,,0,5.0,0.55,5,3,0,4.9974,1.0,wave,UNKNOWN,UNKNOWN,0.35,0,58.489
1808,36.5791,,0,5.0,0.55,5,3,0,4.9997,1.0,wave,UNKNOWN,UNKNOWN,0.35,0,58.518
1809,36.5962,,0,5.0,0.55,5,3,0,4.9852,1.0,wave,UNKNOWN,UNKNOWN,0.33,1,54.506
1810,36.6508,,0,5.0,0.55,5,3,0,4.9844,1.0,wave,UNKNOWN,UNKNOWN,0.33,0,56.094
1811,36.6652,,0,5.0,0.55,5,3,0,4.9988,1.0,wave,UNKNOWN,UNKNOWN,0.33,0,56.352
1812,36.6817,,0,5.0,0.55,5,3,0,4.9551,1.0,wave,UNKNOWN,UNKNOWN,0.33,0,57.854
1813,36.6962,,0,5.0,0.55,5,3,0,4.9695,1.0,wave,UNKNOWN,UNKNOWN,0.33,0,58.641
1814,36.711,,0,5.0,0.55,5,3,0,4.9844,1.0,wave,UNKNOWN,UNKNOWN,0.33,0,59.359
1815,36.7265,,0,5.0,0.55,5,3,0,4.9998,1.0,wave,UNKNOWN,UNKNOWN,0.33,0,58.976
1816,36.7443,,0,5.0,0.55,5,3,0,4.9983,1.0,wave,UNKNOWN,UNKNOWN,0.33,0,60.043
1817,36.7586,,0,5.0,0.55,5,3,0,4.9902,1.0,wave,UNKNOWN,UNKNOWN,0.33,0,60.715
1818,36.7736,,0,5.0,0.55,5,3,0,4.9889,1.0,wave,UNKNOWN,UNKNOWN,0.33,0,59.304
1819,36.7952,,0,5.0,0.55,5,3,0,4.996,1.0,wave,UNKNOWN,UNKNOWN,0.33,0,60.206
1820,36.8096,,0,5.0,0.55,5,3,0,4.9891,1.0,wave,UNKNOWN,UNKNOWN,0.33,0,60.944
1821,36.8244,,0,5.0,0.55,5,3,0,4.9882,1.0,wave,UNKNOWN,UNKNOWN,0.33,0,60.143
1822,36.8434,,0,5.0,0.55,5,3,0,4.9915,1.0,wave,UNKNOWN,UNKNOWN,0.33,0,60.59
1823,36.8589,,0,5.0,0.55,5,3,0,4.9926,1.0,wave,UNKNOWN,UNKNOWN,0.31,1,56.4
1824,36.9125,,0,5.0,0.55,5,3,0,4.9999,1.0,wave,UNKNOWN,UNKNOWN,0.31,0,57.193
1825,36.9277,,0,5.0,0.55,5,3,0,4.9996,1.0,wave,UNKNOWN,UNKNOWN,0.31,0,56.495
1826,36.9475,,0,5.0,0.55,5,3,0,4.9628,1.0,wave,UNKNOWN,UNKNOWN,0.31,0,57.028
1827,36.9638,,0,5.0,0.55,5,3,0,4.9791,1.0,wave,UNKNOWN,UNKNOWN,0.31,0,57.689
1828,36.9795,,0,5.0,0.55,5,3,0,4.9947,1.0,wave,UNKNOWN,UNKNOWN,0.31,0,58.73
1829,36.9942,,0,5.0,0.55,5,3,0,4.9948,1.0,wave,UNKNOWN,UNKNOWN,0.31,0,60.358
1830,37.008,,0,5.0,0.55,5,3,0,4.9946,1.0,wave,UNKNOWN,UNKNOWN,0.31,0,61.127
1831,37.0225,,0,5.0,0.55,5,3,0,4.9925,1.0,wave,UNKNOWN,UNKNOWN,0.31,0,61.703
1832,37.0375,,0,5.0,0.55,5,3,0,4.9898,1.0,wave,UNKNOWN,UNKNOWN,0.31,0,59.783
1833,37.0614,,0,5.0,0.55,5,3,0,4.9961,1.0,wave,UNKNOWN,UNKNOWN,0.31,0,60.231
1834,37.0767,,0,5.0,0.55,5,3,0,4.9955,1.0,wave,UNKNOWN,UNKNOWN,0.31,0,58.739
1835,37.0984,,0,5.0,0.55,5,3,0,4.9751,1.0,wave,UNKNOWN,UNKNOWN,0.31,0,59.009
1836,37.1145,,0,5.0,0.55,5,3,0,4.9912,1.0,wave,UNKNOWN,UNKNOWN,0.34,1,54.846
1837,37.1726,,0,5.0,0.55,5,3,0,4.9975,1.0,wave,UNKNOWN,UNKNOWN,0.34,0,55.947
1838,37.1876,,0,5.0,0.55,5,3,0,4.9956,1.0,wave,UNKNOWN,UNKNOWN,0.34,0,57.261
1839,37.2028,,0,5.0,0.55,5,3,0,4.9523,1.0,wave,UNKNOWN,UNKNOWN,0.34,0,58.287
1840,37.2167,,0,5.0,0.55,5,3,0,4.9662,1.0,wave,UNKNOWN,UNKNOWN,0.34,0,59.091
1841,37.2318,,0,5.0,0.55,5,3,0,4.9814,1.0,wave,UNKNOWN,UNKNOWN,0.34,0,59.454
1842,37.2478,,0,5.0,0.55,5,3,0,4.9973,1.0,wave,UNKNOWN,UNKNOWN,0.34,0,59.52
1843,37.2647,,0,5.0,0.55,5,3,0,4.9994,1.0,wave,UNKNOWN,UNKNOWN,0.34,0,59.912
1844,37.2801,,0,5.0,0.55,5,3,0,4.9929,1.0,wave,UNKNOWN,UNKNOWN,0.34,0,60.11
1845,37.2964,,0,5.0,0.55,5,3,0,4.9919,1.0,wave,UNKNOWN,UNKNOWN,0.34,0,58.926
1846,37.3171,,0,5.0,0.55,5,3,0,4.997,1.0,wave,UNKNOWN,UNKNOWN,0.34,0,59.025
1847,37.3339,,0,5.0,0.55,5,3,0,4.9976,1.0,wave,UNKNOWN,UNKNOWN,0.34,0,59.699
1848,37.3488,,0,5.0,0.55,5,3,0,4.9964,1.0,wave,UNKNOWN,UNKNOWN,0.34,0,60.116
1849,37.3646,,0,5.0,0.55,5,3,0,4.9931,1.0,wave,UNKNOWN,UNKNOWN,0.3133,1,55.942
1850,37.4195,,0,5.0,0.55,5,3,0,4.9999,1.0,wave,UNKNOWN,UNKNOWN,0.3133,0,57.278
1851,37.4336,,0,5.0,0.55,5,3,0,4.9977,1.0,wave,UNKNOWN,UNKNOWN,0.3133,0,57.817
1852,37.4498,,0,5.0,0.55,5,3,0,4.9979,1.0,wave,UNKNOWN,UNKNOWN,0.3133,0,58.782
1853,37.4645,,0,5.0,0.55,5,3,0,4.9586,1.0,wave,UNKNOWN,UNKNOWN,0.3133,0,59.266
1854,37.4799,,0,5.0,0.55,5,3,0,4.974,1.0,wave,UNKNOWN,UNKNOWN,0.3133,0,58.983
1855,37.4979,,0,5.0,0.55,5,3,0,4.992,1.0,wave,UNKNOWN,UNKNOWN,0.3133,0,59.806
1856,37.5125,,0,5.0,0.55,5,3,0,4.9859,1.0,wave,UNKNOWN,UNKNOWN,0.3133,0,60.121
1857,37.5287,,0,5.0,0.55,5,3,0,4.9838,1.0,wave,UNKNOWN,UNKNOWN,0.3133,0,60.035
1858,37.5453,,0,5.0,0.55,5,3,0,4.9848,1.0,wave,UNKNOWN,UNKNOWN,0.3133,0,60.178
1859,37.5617,,0,5.0,0.55,5,3,0,4.985,1.0,wave,UNKNOWN,UNKNOWN,0.3133,0,60.165
1860,37.5783,,0,5.0,0.55,5,3,0,4.9854,1.0,wave,UNKNOWN,UNKNOWN,0.3133,0,60.343
1861,37.5944,,0,5.0,0.55,5,3,0,4.9862,1.0,wave,UNKNOWN,UNKNOWN,0.3133,0,60.962
1862,37.6092,,0,5.0,0.55,5,3,0,4.9845,1.0,wave,UNKNOWN,UNKNOWN,0.3133,0,61.522
1863,37.6244,,0,5.0,0.55,5,3,0,4.9996,1.0,wave,UNKNOWN,UNKNOWN,0.35,1,57.178
1864,37.6798,,0,5.0,0.55,5,3,0,4.9885,1.0,wave,UNKNOWN,UNKNOWN,0.35,0,56.007
1865,37.7019,,0,5.0,0.55,5,3,0,4.995,1.0,wave,UNKNOWN,UNKNOWN,0.35,0,56.648
1866,37.7177,,0,5.0,0.55,5,3,0,4.9545,1.0,wave,UNKNOWN,UNKNOWN,0.35,0,55.485
1867,37.74,,0,5.0,0.55,5,3,0,4.9768,1.0,wave,UNKNOWN,UNKNOWN,0.35,0,57.208
1868,37.7537,,0,5.0,0.55,5,3,0,4.9905,1.0,wave,UNKNOWN,UNKNOWN,0.35,0,58.554
1869,37.7677,,0,5.0,0.55,5,3,0,4.9826,1.0,wave,UNKNOWN,UNKNOWN,0.35,0,59.465
1870,37.7826,,0,5.0,0.55,5,3,0,4.9976,1.0,wave,UNKNOWN,UNKNOWN,0.35,0,59.883
1871,37.7984,,0,5.0,0.55,5,3,0,4.9928,1.0,wave,UNKNOWN,UNKNOWN,0.35,0,60.179
1872,37.8142,,0,5.0,0.55,5,3,0,4.9894,1.0,wave,UNKNOWN,UNKNOWN,0.35,0,60.135
1873,37.831,,0,5.0,0.55,5,3,0,4.9894,1.0,wave,UNKNOWN,UNKNOWN,0.35,0,60.109
1874,37.8476,,0,5.0,0.55,5,3,0,4.9888,1.0,wave,UNKNOWN,UNKNOWN,0.35,0,60.353
1875,37.8635,,0,5.0,0.55,5,3,0,4.9879,1.0,wave,UNKNOWN,UNKNOWN,0.35,0,60.597
1876,37.8796,,0,5.0,0.55,5,3,0,4.9874,1.0,wave,UNKNOWN,UNKNOWN,0.3667,1,56.369
1877,37.9342,,0,5.0,0.55,5,3,0,4.992,1.0,wave,UNKNOWN,UNKNOWN,0.3667,0,57.887
1878,37.9482,,0,5.0,0.55,5,3,0,4.9891,1.0,wave,UNKNOWN,UNKNOWN,0.3667,0,58.978
1879,37.9631,,0,5.0,0.55,5,3,0,4.9476,1.0,wave,UNKNOWN,UNKNOWN,0.3667,0,59.767
1880,37.9778,,0,5.0,0.55,5,3,0,4.9623,1.0,wave,UNKNOWN,UNKNOWN,0.3667,0,60.205
1881,37.9935,,0,5.0,0.55,5,3,0,4.978,1.0,wave,UNKNOWN,UNKNOWN,0.3667,0,61.102
1882,38.0076,,0,5.0,0.55,5,3,0,4.9921,1.0,wave,UNKNOWN,UNKNOWN,0.3667,0,61.421
1883,38.0235,,0,5.0,0.55,5,3,0,4.9929,1.0,wave,UNKNOWN,UNKNOWN,0.3667,0,61.743
1884,38.0386,,0,5.0,0.55,5,3,0,4.9933,1.0,wave,UNKNOWN,UNKNOWN,0.3667,0,61.936
1885,38.0544,,0,5.0,0.55,5,3,0,4.9937,1.0,wave,UNKNOWN,UNKNOWN,0.3667,0,60.879
1886,38.0741,,0,5.0,0.55,5,3,0,4.9993,1.0,wave,UNKNOWN,UNKNOWN,0.3667,0,61.293
1887,38.0892,,0,5.0,0.55,5,3,0,4.9979,1.0,wave,UNKNOWN,UNKNOWN,0.3667,0,61.535
1888,38.105,,0,5.0,0.55,5,3,0,4.9979,1.0,wave,UNKNOWN,UNKNOWN,0.3667,0,61.023
1889,38.1229,,0,5.0,0.55,5,3,0,4.9929,1.0,wave,UNKNOWN,UNKNOWN,0.3667,0,61.085
1890,38.1388,,0,5.0,0.55,5,3,0,4.9952,1.0,wave,UNKNOWN,UNKNOWN,0.34,1,56.57
1891,38.2021,,0,5.0,0.55,5,3,0,4.9912,1.0,wave,UNKNOWN,UNKNOWN,0.34,0,55.499
1892,38.2237,,0,5.0,0.55,5,3,0,4.9607,1.0,wave,UNKNOWN,UNKNOWN,0.34,0,56.446
1893,38.2389,,0,5.0,0.55,5,3,0,4.976,1.0,wave,UNKNOWN,UNKNOWN,0.34,0,57.24
1894,38.2547,,0,5.0,0.55,5,3,0,4.9918,1.0,wave,UNKNOWN,UNKNOWN,0.34,0,57.588
1895,38.2708,,0,5.0,0.55,5,3,0,4.9933,1.0,wave,UNKNOWN,UNKNOWN,0.34,0,59.103
1896,38.285,,0,5.0,0.55,5,3,0,4.9926,1.0,wave,UNKNOWN,UNKNOWN,0.34,0,59.086
1897,38.3015,,0,5.0,0.55,5,3,0,4.9926,1.0,wave,UNKNOWN,UNKNOWN,0.34,0,57.663
1898,38.3242,,0,5.0,0.55,5,3,0,4.9849,1.0,wave,UNKNOWN,UNKNOWN,0.34,0,58.086
1899,38.3401,,0,5.0,0.55,5,3,0,4.9863,1.0,wave,UNKNOWN,UNKNOWN,0.34,0,58.487
1900,38.3562,,0,5.0,0.55,5,3,0,4.9856,1.0,wave,UNKNOWN,UNKNOWN,0.34,0,58.98
1901,38.3718,,0,5.0,0.55,5,3,0,4.9853,1.0,wave,UNKNOWN,UNKNOWN,0.34,0,60.161
1902,38.3864,,0,5.0,0.55,5,3,0,4.9998,1.0,wave,UNKNOWN,UNKNOWN,0.34,0,60.48
1903,38.4017,,0,5.0,0.55,5,3,0,4.9986,1.0,wave,UNKNOWN,UNKNOWN,0.3267,1,56.34
1904,38.4544,,0,5.0,0.55,5,3,0,4.9879,1.0,wave,UNKNOWN,UNKNOWN,0.3267,0,57.724
1905,38.4687,,0,5.0,0.55,5,3,0,4.946,1.0,wave,UNKNOWN,UNKNOWN,0.3267,0,58.562
1906,38.4839,,0,5.0,0.55,5,3,0,4.9611,1.0,wave,UNKNOWN,UNKNOWN,0.3267,0,58.27
1907,38.502,,0,5.0,0.55,5,3,0,4.9793,1.0,wave,UNKNOWN,UNKNOWN,0.3267,0,58.314
1908,38.5186,,0,5.0,0.55,5,3,0,4.9958,1.0,wave,UNKNOWN,UNKNOWN,0.3267,0,58.414
1909,38.5358,,0,5.0,0.55,5,3,0,4.9974,1.0,wave,UNKNOWN,UNKNOWN,0.3267,0,56.352
1910,38.5618,,0,5.0,0.55,5,3,0,4.9955,1.0,wave,UNKNOWN,UNKNOWN,0.3267,0,56.776
1911,38.5784,,0,5.0,0.55,5,3,0,4.9951,1.0,wave,UNKNOWN,UNKNOWN,0.3267,0,56.988
1912,38.5955,,0,5.0,0.55,5,3,0,4.9977,1.0,wave,UNKNOWN,UNKNOWN,0.3267,0,57.021
1913,38.6129,,0,5.0,0.55,5,3,0,4.9998,1.0,wave,UNKNOWN,UNKNOWN,0.3267,0,55.807
1914,38.6351,,0,5.0,0.55,5,3,0,4.9902,1.0,wave,UNKNOWN,UNKNOWN,0.3267,0,57.169
1915,38.6498,,0,5.0,0.55,5,3,0,4.9888,1.0,wave,UNKNOWN,UNKNOWN,0.3267,0,58.237
1916,38.6645,,0,5.0,0.55,5,3,0,4.9872,1.0,wave,UNKNOWN,UNKNOWN,0.33,1,53.996
1917,38.7277,,0,5.0,0.55,5,3,0,4.9482,1.0,wave,UNKNOWN,UNKNOWN,0.33,0,54.654
1918,38.7441,,0,5.0,0.55,5,3,0,4.9646,1.0,wave,UNKNOWN,UNKNOWN,0.33,0,56.043
1919,38.7591,,0,5.0,0.55,5,3,0,4.9796,1.0,wave,UNKNOWN,UNKNOWN,0.33,0,55.311
1920,38.7789,,0,5.0,0.55,5,3,0,4.9994,1.0,wave,UNKNOWN,UNKNOWN,0.33,0,55.657
1921,38.796,,0,5.0,0.55,5,3,0,4.9851,1.0,wave,UNKNOWN,UNKNOWN,0.33,0,56.219
1922,38.8126,,0,5.0,0.55,5,3,0,4.9861,1.0,wave,UNKNOWN,UNKNOWN,0.33,0,56.431
1923,38.8294,,0,5.0,0.55,5,3,0,4.9856,1.0,wave,UNKNOWN,UNKNOWN,0.33,0,56.712
1924,38.8464,,0,5.0,0.55,5,3,0,4.9871,1.0,wave,UNKNOWN,UNKNOWN,0.33,0,57.022
1925,38.863,,0,5.0,0.55,5,3,0,4.988,1.0,wave,UNKNOWN,UNKNOWN,0.33,0,58.173
1926,38.8777,,0,5.0,0.55,5,3,0,4.988,1.0,wave,UNKNOWN,UNKNOWN,0.33,0,59.08
1927,38.8928,,0,5.0,0.55,5,3,0,4.9868,1.0,wave,UNKNOWN,UNKNOWN,0.33,0,59.993
1928,38.9083,,0,5.0,0.55,5,3,0,4.9839,1.0,wave,UNKNOWN,UNKNOWN,0.33,0,60.87
1929,38.9223,,0,5.0,0.55,5,3,0,4.9979,1.0,wave,UNKNOWN,UNKNOWN,0.3033,1,56.39
1930,38.9843,,0,5.0,0.55,5,3,0,4.9985,1.0,wave,UNKNOWN,UNKNOWN,0.3033,0,56.179
1931,39.0025,,0,5.0,0.55,5,3,0,4.9578,1.0,wave,UNKNOWN,UNKNOWN,0.3033,0,56.626
1932,39.0188,,0,5.0,0.55,5,3,0,4.9741,1.0,wave,UNKNOWN,UNKNOWN,0.3033,0,57.202
1933,39.035,,0,5.0,0.55,5,3,0,4.9903,1.0,wave,UNKNOWN,UNKNOWN,0.3033,0,57.61
1934,39.0513,,0,5.0,0.55,5,3,0,4.987,1.0,wave,UNKNOWN,UNKNOWN,0.3033,0,57.836
1935,39.0679,,0,5.0,0.55,5,3,0,4.9873,1.0,wave,UNKNOWN,UNKNOWN,0.3033,0,57.641
1936,39.0861,,0,5.0,0.55,5,3,0,4.9897,1.0,wave,UNKNOWN,UNKNOWN,0.3033,0,57.676
1937,39.1032,,0,5.0,0.55,5,3,0,4.9888,1.0,wave,UNKNOWN,UNKNOWN,0.3033,0,57.676
1938,39.1208,,0,5.0,0.55,5,3,0,4.99,1.0,wave,UNKNOWN,UNKNOWN,0.3033,0,58.109
1939,39.1369,,0,5.0,0.55,5,3,0,4.9893,1.0,wave,UNKNOWN,UNKNOWN,0.3033,0,58.643
1940,39.1523,,0,5.0,0.55,5,3,0,4.9881,1.0,wave,UNKNOWN,UNKNOWN,0.3033,0,59.855
1941,39.1664,,0,5.0,0.55,5,3,0,4.9856,1.0,wave,UNKNOWN,UNKNOWN,0.3033,0,58.826
1942,39.1866,,0,5.0,0.55,5,3,0,4.9899,1.0,wave,UNKNOWN,UNKNOWN,0.3167,1,54.615
1943,39.2467,,0,5.0,0.55,5,3,0,4.9426,1.0,wave,UNKNOWN,UNKNOWN,0.3167,0,54.399
1944,39.2654,,0,5.0,0.55,5,3,0,4.9613,1.0,wave,UNKNOWN,UNKNOWN,0.3167,0,54.459
1945,39.2836,,0,5.0,0.55,5,3,0,4.9794,1.0,wave,UNKNOWN,UNKNOWN,0.3167,0,54.143
1946,39.3032,,0,5.0,0.55,5,3,0,4.999,1.0,wave,UNKNOWN,UNKNOWN,0.3167,0,55.022
1947,39.319,,0,5.0,0.55,5,3,0,4.9862,1.0,wave,UNKNOWN,UNKNOWN,0.3167,0,55.858
1948,39.3348,,0,5.0,0.55,5,3,0,4.9869,1.0,wave,UNKNOWN,UNKNOWN,0.3167,0,54.818
1949,39.3573,,0,5.0,0.55,5,3,0,4.994,1.0,wave,UNKNOWN,UNKNOWN,0.3167,0,53.878
1950,39.3789,,0,5.0,0.55,5,3,0,5.0,1.0,wave,UNKNOWN,UNKNOWN,0.3167,0,54.696
1951,39.3949,,0,5.0,0.55,5,3,0,4.9998,1.0,wave,UNKNOWN,UNKNOWN,0.3167,0,55.237
1952,39.4115,,0,5.0,0.55,5,3,0,4.9831,1.0,wave,UNKNOWN,UNKNOWN,0.3167,0,56.768
1953,39.426,,0,5.0,0.55,5,3,0,4.9976,1.0,wave,UNKNOWN,UNKNOWN,0.3167,0,55.753
1954,39.4472,,0,5.0,0.55,5,3,0,4.9777,1.0,wave,UNKNOWN,UNKNOWN,0.3167,1,51.988
1955,39.5028,,0,5.0,0.55,5,3,0,4.9504,1.0,wave,UNKNOWN,UNKNOWN,0.3167,0,53.142
1956,39.5184,,0,5.0,0.55,5,3,0,4.966,1.0,wave,UNKNOWN,UNKNOWN,0.3167,0,54.567
1957,39.5337,,0,5.0,0.55,5,3,0,4.9813,1.0,wave,UNKNOWN,UNKNOWN,0.3167,0,56.009
1958,39.548,,0,5.0,0.55,5,3,0,4.9956,1.0,wave,UNKNOWN,UNKNOWN,0.3167,0,57.166
1959,39.5625,,0,5.0,0.55,5,3,0,4.9956,1.0,wave,UNKNOWN,UNKNOWN,0.3167,0,57.959
1960,39.578,,0,5.0,0.55,5,3,0,4.9952,1.0,wave,UNKNOWN,UNKNOWN,0.3167,0,58.722
1961,39.5929,,0,5.0,0.55,5,3,0,4.9954,1.0,wave,UNKNOWN,UNKNOWN,0.3167,0,59.142
1962,39.609,,0,5.0,0.55,5,3,0,4.9977,1.0,wave,UNKNOWN,UNKNOWN,0.3167,0,58.046
1963,39.6298,,0,5.0,0.55,5,3,0,4.9876,1.0,wave,UNKNOWN,UNKNOWN,0.3167,0,58.041
1964,39.6469,,0,5.0,0.55,5,3,0,4.9884,1.0,wave,UNKNOWN,UNKNOWN,0.3167,0,58.755
1965,39.6622,,0,5.0,0.55,5,3,0,4.988,1.0,wave,UNKNOWN,UNKNOWN,0.3167,0,59.513
1966,39.6774,,0,5.0,0.55,5,3,0,4.9873,1.0,wave,UNKNOWN,UNKNOWN,0.3167,0,60.278
1967,39.6922,,0,5.0,0.55,5,3,0,4.9861,1.0,wave,UNKNOWN,UNKNOWN,0.3167,0,59.614
1968,39.7107,,0,5.0,0.55,5,3,0,4.9847,1.0,wave,UNKNOWN,UNKNOWN,0.3067,1,55.422
1969,39.7676,,0,5.0,0.55,5,3,0,4.9492,1.0,wave,UNKNOWN,UNKNOWN,0.3067,0,56.687
1970,39.7822,,0,5.0,0.55,5,3,0,4.9638,1.0,wave,UNKNOWN,UNKNOWN,0.3067,0,57.537
1971,39.7975,,0,5.0,0.55,5,3,0,4.9791,1.0,wave,UNKNOWN,UNKNOWN,0.3067,0,58.521
1972,39.8126,,0,5.0,0.55,5,3,0,4.9943,1.0,wave,UNKNOWN,UNKNOWN,0.3067,0,59.442
1973,39.8269,,0,5.0,0.55,5,3,0,4.9934,1.0,wave,UNKNOWN,UNKNOWN,0.3067,0,60.493
1974,39.8416,,0,5.0,0.55,5,3,0,4.9939,1.0,wave,UNKNOWN,UNKNOWN,0.3067,0,60.918
1975,39.8569,,0,5.0,0.55,5,3,0,4.9949,1.0,wave,UNKNOWN,UNKNOWN,0.3067,0,59.391
1976,39.879,,0,5.0,0.55,5,3,0,4.9854,1.0,wave,UNKNOWN,UNKNOWN,0.3067,0,60.538
1977,39.8929,,0,5.0,0.55,5,3,0,4.9994,1.0,wave,UNKNOWN,UNKNOWN,0.3067,0,61.357
1978,39.9076,,0,5.0,0.55,5,3,0,4.9986,1.0,wave,UNKNOWN,UNKNOWN,0.3067,0,59.605
1979,39.9303,,0,5.0,0.55,5,3,0,4.9859,1.0,wave,UNKNOWN,UNKNOWN,0.3067,0,57.88
1980,39.9538,,0,5.0,0.55,5,3,0,4.9941,1.0,wave,UNKNOWN,UNKNOWN,0.3067,0,56.783
1981,39.9757,,0,5.0,0.55,5,3,0,4.9847,1.0,wave,UNKNOWN,UNKNOWN,0.31,1,52.758
1982,40.0359,,0,5.0,0.55,5,3,0,4.9402,1.0,wave,UNKNOWN,UNKNOWN,0.31,0,52.792
1983,40.0544,,0,5.0,0.55,5,3,0,4.9588,1.0,wave,UNKNOWN,UNKNOWN,0.31,0,54.547
1984,40.0685,,0,5.0,0.55,5,3,0,4.9729,1.0,wave,UNKNOWN,UNKNOWN,0.31,0,56.333
1985,40.0826,,0,5.0,0.55,5,3,0,4.9869,1.0,wave,UNKNOWN,UNKNOWN,0.31,0,57.312
1986,40.0979,,0,5.0,0.55,5,3,0,4.9869,1.0,wave,UNKNOWN,UNKNOWN,0.31,0,58.233
1987,40.1126,,0,5.0,0.55,5,3,0,4.9864,1.0,wave,UNKNOWN,UNKNOWN,0.31,0,56.761
1988,40.1355,,0,5.0,0.55,5,3,0,4.992,1.0,wave,UNKNOWN,UNKNOWN,0.31,0,58.37
1989,40.1496,,0,5.0,0.55,5,3,0,4.9904,1.0,wave,UNKNOWN,UNKNOWN,0.31,0,58.659
1990,40.1657,,0,5.0,0.55,5,3,0,4.9924,1.0,wave,UNKNOWN,UNKNOWN,0.31,0,59.567
1991,40.1808,,0,5.0,0.55,5,3,0,4.9923,1.0,wave,UNKNOWN,UNKNOWN,0.31,0,60.203
1992,40.196,,0,5.0,0.55,5,3,0,4.9915,1.0,wave,UNKNOWN,UNKNOWN,0.31,0,60.763
1993,40.2107,,0,5.0,0.55,5,3,0,4.9879,1.0,wave,UNKNOWN,UNKNOWN,0.31,0,58.74
1994,40.2354,,0,5.0,0.55,5,3,0,4.9978,1.0,wave,UNKNOWN,UNKNOWN,0.31,1,54.793
1995,40.2875,,0,5.0,0.55,5,3,0,4.9484,1.0,wave,UNKNOWN,UNKNOWN,0.31,0,54.108
1996,40.3084,,0,5.0,0.55,5,3,0,4.9692,1.0,wave,UNKNOWN,UNKNOWN,0.31,0,55.061
1997,40.3239,,0,5.0,0.55,5,3,0,4.9847,1.0,wave,UNKNOWN,UNKNOWN,0.31,0,55.962
1998,40.3395,,0,5.0,0.55,5,3,0,4.9845,1.0,wave,UNKNOWN,UNKNOWN,0.31,0,57.312
1999,40.3542,,0,5.0,0.55,5,3,0,4.9992,1.0,wave,UNKNOWN,UNKNOWN,0.31,0,56.833
2000,40.3729,,0,5.0,0.55,5,3,0,4.9867,1.0,wave,UNKNOWN,UNKNOWN,0.31,0,58.448
2001,40.3868,,0,5.0,0.55,5,3,0,4.9844,1.0,wave,UNKNOWN,UNKNOWN,0.31,0,59.355
2002,40.4018,,0,5.0,0.55,5,3,0,4.9994,1.0,wave,UNKNOWN,UNKNOWN,0.31,0,60.082
2003,40.4167,,0,5.0,0.55,5,3,0,4.9855,1.0,wave,UNKNOWN,UNKNOWN,0.31,0,59.267
2004,40.4359,,0,5.0,0.55,5,3,0,4.9893,1.0,wave,UNKNOWN,UNKNOWN,0.31,0,60.182
2005,40.4508,,0,5.0,0.55,5,3,0,4.9875,1.0,wave,UNKNOWN,UNKNOWN,0.31,0,60.309
2006,40.4669,,0,5.0,0.55,5,3,0,4.988,1.0,wave,UNKNOWN,UNKNOWN,0.31,0,60.583
2007,40.4824,,0,5.0,0.55,5,3,0,4.9871,1.0,wave,UNKNOWN,UNKNOWN,0.31,0,61.345
2008,40.4974,,0,5.0,0.55,5,3,0,4.9832,1.0,wave,UNKNOWN,UNKNOWN,0.3033,1,57.034
2009,40.5521,,0,5.0,0.55,5,3,0,4.9521,1.0,wave,UNKNOWN,UNKNOWN,0.3033,0,56.179
2010,40.5726,,0,5.0,0.55,5,3,0,4.9726,1.0,wave,UNKNOWN,UNKNOWN,0.3033,0,56.981
2011,40.5884,,0,5.0,0.55,5,3,0,4.9884,1.0,wave,UNKNOWN,UNKNOWN,0.3033,0,57.511
2012,40.6043,,0,5.0,0.55,5,3,0,4.9898,1.0,wave,UNKNOWN,UNKNOWN,0.3033,0,57.528
2013,40.6217,,0,5.0,0.55,5,3,0,4.9932,1.0,wave,UNKNOWN,UNKNOWN,0.3033,0,56.823
2014,40.6415,,0,5.0,0.55,5,3,0,4.9977,1.0,wave,UNKNOWN,UNKNOWN,0.3033,0,55.744
2015,40.663,,0,5.0,0.55,5,3,0,4.9875,1.0,wave,UNKNOWN,UNKNOWN,0.3033,0,57.292
2016,40.6774,,0,5.0,0.55,5,3,0,4.987,1.0,wave,UNKNOWN,UNKNOWN,0.3033,0,58.817
2017,40.6911,,0,5.0,0.55,5,3,0,4.9853,1.0,wave,UNKNOWN,UNKNOWN,0.3033,0,57.157
2018,40.7147,,0,5.0,0.55,5,3,0,4.9916,1.0,wave,UNKNOWN,UNKNOWN,0.3033,0,58.428
2019,40.729,,0,5.0,0.55,5,3,0,4.9901,1.0,wave,UNKNOWN,UNKNOWN,0.3033,0,59.953
2020,40.7428,,0,5.0,0.55,5,3,0,4.9882,1.0,wave,UNKNOWN,UNKNOWN,0.3033,0,61.281
2021,40.7563,,0,5.0,0.55,5,3,0,4.9859,1.0,wave,UNKNOWN,UNKNOWN,0.3067,1,56.733
2022,40.8198,,0,5.0,0.55,5,3,0,4.9575,1.0,wave,UNKNOWN,UNKNOWN,0.3067,0,56.322
2023,40.8386,,0,5.0,0.55,5,3,0,4.9763,1.0,wave,UNKNOWN,UNKNOWN,0.3067,0,56.421
2024,40.8559,,0,5.0,0.55,5,3,0,4.9936,1.0,wave,UNKNOWN,UNKNOWN,0.3067,0,58.105
2025,40.8699,,0,5.0,0.55,5,3,0,4.9901,1.0,wave,UNKNOWN,UNKNOWN,0.3067,0,59.453
2026,40.884,,0,5.0,0.55,5,3,0,4.9864,1.0,wave,UNKNOWN,UNKNOWN,0.3067,0,59.445
2027,40.9005,,0,5.0,0.55,5,3,0,4.9888,1.0,wave,UNKNOWN,UNKNOWN,0.3067,0,60.549
2028,40.9147,,0,5.0,0.55,5,3,0,4.9883,1.0,wave,UNKNOWN,UNKNOWN,0.3067,0,60.559
2029,40.931,,0,5.0,0.55,5,3,0,4.9901,1.0,wave,UNKNOWN,UNKNOWN,0.3067,0,59.664
2030,40.9508,,0,5.0,0.55,5,3,0,4.9953,1.0,wave,UNKNOWN,UNKNOWN,0.3067,0,60.237
2031,40.9658,,0,5.0,0.55,5,3,0,4.9955,1.0,wave,UNKNOWN,UNKNOWN,0.3067,0,60.501
2032,40.9819,,0,5.0,0.55,5,3,0,4.9962,1.0,wave,UNKNOWN,UNKNOWN,0.3067,0,58.536
2033,41.006,,0,5.0,0.55,5,3,0,4.9807,1.0,wave,UNKNOWN,UNKNOWN,0.3067,0,59.77
2034,41.0203,,0,5.0,0.55,5,3,0,4.995,1.0,wave,UNKNOWN,UNKNOWN,0.2867,1,55.604
2035,41.0758,,0,5.0,0.55,5,3,0,4.9485,1.0,wave,UNKNOWN,UNKNOWN,0.2867,0,57.059
2036,41.0898,,0,5.0,0.55,5,3,0,4.9625,1.0,wave,UNKNOWN,UNKNOWN,0.2867,0,58.428
2037,41.1038,,0,5.0,0.55,5,3,0,4.9765,1.0,wave,UNKNOWN,UNKNOWN,0.2867,0,57.973
2038,41.1234,,0,5.0,0.55,5,3,0,4.9961,1.0,wave,UNKNOWN,UNKNOWN,0.2867,0,57.718
2039,41.1405,,0,5.0,0.55,5,3,0,4.997,1.0,wave,UNKNOWN,UNKNOWN,0.2867,0,59.182
2040,41.1547,,0,5.0,0.55,5,3,0,4.9957,1.0,wave,UNKNOWN,UNKNOWN,0.2867,0,59.541
2041,41.1702,,0,5.0,0.55,5,3,0,4.9968,1.0,wave,UNKNOWN,UNKNOWN,0.2867,0,60.296
2042,41.1852,,0,5.0,0.55,5,3,0,4.998,1.0,wave,UNKNOWN,UNKNOWN,0.2867,0,60.636
2043,41.201,,0,5.0,0.55,5,3,0,4.9961,1.0,wave,UNKNOWN,UNKNOWN,0.2867,0,60.904
2044,41.2165,,0,5.0,0.55,5,3,0,4.9958,1.0,wave,UNKNOWN,UNKNOWN,0.2867,0,60.916
2045,41.2328,,0,5.0,0.55,5,3,0,4.9952,1.0,wave,UNKNOWN,UNKNOWN,0.2867,0,61.015
2046,41.249,,0,5.0,0.55,5,3,0,4.987,1.0,wave,UNKNOWN,UNKNOWN,0.2867,0,61.163
2047,41.265,,0,5.0,0.55,5,3,0,4.9883,1.0,wave,UNKNOWN,UNKNOWN,0.2867,0,60.535
2048,41.2832,,0,5.0,0.55,5,3,0,4.991,1.0,wave,UNKNOWN,UNKNOWN,0.3267,1,56.242
2049,41.3404,,0,5.0,0.55,5,3,0,4.9487,1.0,wave,UNKNOWN,UNKNOWN,0.3267,0,57.519
2050,41.3547,,0,5.0,0.55,5,3,0,4.9631,1.0,wave,UNKNOWN,UNKNOWN,0.3267,0,58.088
2051,41.3706,,0,5.0,0.55,5,3,0,4.979,1.0,wave,UNKNOWN,UNKNOWN,0.3267,0,59.222
2052,41.3849,,0,5.0,0.55,5,3,0,4.9933,1.0,wave,UNKNOWN,UNKNOWN,0.3267,0,59.355
2053,41.4015,,0,5.0,0.55,5,3,0,4.994,1.0,wave,UNKNOWN,UNKNOWN,0.3267,0,59.789
2054,41.4173,,0,5.0,0.55,5,3,0,4.995,1.0,wave,UNKNOWN,UNKNOWN,0.3267,0,60.18
2055,41.4328,,0,5.0,0.55,5,3,0,4.9888,1.0,wave,UNKNOWN,UNKNOWN,0.3267,0,60.145
2056,41.4495,,0,5.0,0.55,5,3,0,4.9887,1.0,wave,UNKNOWN,UNKNOWN,0.3267,0,60.365
2057,41.4657,,0,5.0,0.55,5,3,0,4.9879,1.0,wave,UNKNOWN,UNKNOWN,0.3267,0,60.194
2058,41.4826,,0,5.0,0.55,5,3,0,4.9879,1.0,wave,UNKNOWN,UNKNOWN,0.3267,0,59.724
2059,41.5007,,0,5.0,0.55,5,3,0,4.9886,1.0,wave,UNKNOWN,UNKNOWN,0.3267,0,59.048
2060,41.5197,,0,5.0,0.55,5,3,0,4.9907,1.0,wave,UNKNOWN,UNKNOWN,0.3267,0,59.56
2061,41.535,,0,5.0,0.55,5,3,0,4.9895,1.0,wave,UNKNOWN,UNKNOWN,0.36,1,55.51
2062,41.5878,,0,5.0,0.55,5,3,0,4.9916,1.0,wave,UNKNOWN,UNKNOWN,0.36,0,55.234
2063,41.6063,,0,5.0,0.55,5,3,0,4.9556,1.0,wave,UNKNOWN,UNKNOWN,0.36,0,55.993
2064,41.6224,,0,5.0,0.55,5,3,0,4.9716,1.0,wave,UNKNOWN,UNKNOWN,0.36,0,57.537
2065,41.6364,,0,5.0,0.55,5,3,0,4.9856,1.0,wave,UNKNOWN,UNKNOWN,0.36,0,58.565
2066,41.6514,,0,5.0,0.55,5,3,0,4.9862,1.0,wave,UNKNOWN,UNKNOWN,0.36,0,59.665
2067,41.6658,,0,5.0,0.55,5,3,0,4.9841,1.0,wave,UNKNOWN,UNKNOWN,0.36,0,59.779
2068,41.6823,,0,5.0,0.55,5,3,0,4.9861,1.0,wave,UNKNOWN,UNKNOWN,0.36,0,60.575
2069,41.6967,,0,5.0,0.55,5,3,0,4.9857,1.0,wave,UNKNOWN,UNKNOWN,0.36,0,61.115
2070,41.7119,,0,5.0,0.55,5,3,0,4.9855,1.0,wave,UNKNOWN,UNKNOWN,0.36,0,61.558
2071,41.7274,,0,5.0,0.55,5,3,0,4.9831,1.0,wave,UNKNOWN,UNKNOWN,0.36,0,61.897
2072,41.7428,,0,5.0,0.55,5,3,0,4.9985,1.0,wave,UNKNOWN,UNKNOWN,0.36,0,61.303
2073,41.7604,,0,5.0,0.55,5,3,0,4.9869,1.0,wave,UNKNOWN,UNKNOWN,0.36,0,61.471
2074,41.7767,,0,5.0,0.55,5,3,0,4.9814,1.0,wave,UNKNOWN,UNKNOWN,0.36,0,61.508
2075,41.7926,,0,5.0,0.55,5,3,0,4.9973,1.0,wave,UNKNOWN,UNKNOWN,0.29,1,57.242
2076,41.846,,0,5.0,0.55,5,3,0,4.9871,1.0,wave,UNKNOWN,UNKNOWN,0.29,0,58.385
2077,41.8607,,0,5.0,0.55,5,3,0,4.9482,1.0,wave,UNKNOWN,UNKNOWN,0.29,0,59.618
2078,41.8742,,0,5.0,0.55,5,3,0,4.9617,1.0,wave,UNKNOWN,UNKNOWN,0.29,0,60.276
2079,41.8896,,0,5.0,0.55,5,3,0,4.977,1.0,wave,UNKNOWN,UNKNOWN,0.29,0,60.246
2080,41.9062,,0,5.0,0.55,5,3,0,4.9937,1.0,wave,UNKNOWN,UNKNOWN,0.29,0,60.303
2081,41.9229,,0,5.0,0.55,5,3,0,4.9951,1.0,wave,UNKNOWN,UNKNOWN,0.29,0,60.49
2082,41.9385,,0,5.0,0.55,5,3,0,4.991,1.0,wave,UNKNOWN,UNKNOWN,0.29,0,61.023
2083,41.9538,,0,5.0,0.55,5,3,0,4.99,1.0,wave,UNKNOWN,UNKNOWN,0.29,0,61.325
2084,41.9692,,0,5.0,0.55,5,3,0,4.9898,1.0,wave,UNKNOWN,UNKNOWN,0.29,0,61.493
2085,41.985,,0,5.0,0.55,5,3,0,4.9908,1.0,wave,UNKNOWN,UNKNOWN,0.29,0,61.476
2086,42.0014,,0,5.0,0.55,5,3,0,4.9934,1.0,wave,UNKNOWN,UNKNOWN,0.29,0,61.735
2087,42.017,,0,5.0,0.55,5,3,0,4.9945,1.0,wave,UNKNOWN,UNKNOWN,0.29,0,62.03
2088,42.0324,,0,5.0,0.55,5,3,0,4.9948,1.0,wave,UNKNOWN,UNKNOWN,0.29,0,62.247
2089,42.048,,0,5.0,0.55,5,3,0,4.9866,1.0,wave,UNKNOWN,UNKNOWN,0.3033,1,57.861
2090,42.1027,,0,5.0,0.55,5,3,0,4.9881,1.0,wave,UNKNOWN,UNKNOWN,0.3033,0,59.107
2091,42.1169,,0,5.0,0.55,5,3,0,4.9443,1.0,wave,UNKNOWN,UNKNOWN,0.3033,0,60.213
2092,42.1311,,0,5.0,0.55,5,3,0,4.9585,1.0,wave,UNKNOWN,UNKNOWN,0.3033,0,61.568
2093,42.1445,,0,5.0,0.55,5,3,0,4.9719,1.0,wave,UNKNOWN,UNKNOWN,0.3033,0,62.201
2094,42.1592,,0,5.0,0.55,5,3,0,4.9866,1.0,wave,UNKNOWN,UNKNOWN,0.3033,0,60.439
2095,42.1822,,0,5.0,0.55,5,3,0,4.9946,1.0,wave,UNKNOWN,UNKNOWN,0.3033,0,61.284
2096,42.1965,,0,5.0,0.55,5,3,0,4.9937,1.0,wave,UNKNOWN,UNKNOWN,0.3033,0,62.03
2097,42.2107,,0,5.0,0.55,5,3,0,4.994,1.0,wave,UNKNOWN,UNKNOWN,0.3033,0,62.46
2098,42.2258,,0,5.0,0.55,5,3,0,4.9939,1.0,wave,UNKNOWN,UNKNOWN,0.3033,0,62.844
2099,42.2409,,0,5.0,0.55,5,3,0,4.9931,1.0,wave,UNKNOWN,UNKNOWN,0.3033,0,63.504
2100,42.2555,,0,5.0,0.55,5,3,0,4.9908,1.0,wave,UNKNOWN,UNKNOWN,0.3033,0,62.532
2101,42.2739,,0,5.0,0.55,5,3,0,4.9938,1.0,wave,UNKNOWN,UNKNOWN,0.3033,0,63.38
2102,42.288,,0,5.0,0.55,5,3,0,4.9917,1.0,wave,UNKNOWN,UNKNOWN,0.3033,0,64.142
2103,42.3021,,0,5.0,0.55,5,3,0,4.9851,1.0,wave,UNKNOWN,UNKNOWN,0.2533,1,59.567
2104,42.3568,,0,5.0,0.55,5,3,0,4.9922,1.0,wave,UNKNOWN,UNKNOWN,0.2533,0,60.041
2105,42.3723,,0,5.0,0.55,5,3,0,4.9528,1.0,wave,UNKNOWN,UNKNOWN,0.2533,0,60.715
2106,42.3871,,0,5.0,0.55,5,3,0,4.9676,1.0,wave,UNKNOWN,UNKNOWN,0.2533,0,61.588
2107,42.4017,,0,5.0,0.55,5,3,0,4.9823,1.0,wave,UNKNOWN,UNKNOWN,0.2533,0,62.085
2108,42.4164,,0,5.0,0.55,5,3,0,4.9969,1.0,wave,UNKNOWN,UNKNOWN,0.2533,0,62.119
2109,42.4326,,0,5.0,0.55,5,3,0,4.999,1.0,wave,UNKNOWN,UNKNOWN,0.2533,0,62.2
2110,42.4485,,0,5.0,0.55,5,3,0,4.9987,1.0,wave,UNKNOWN,UNKNOWN,0.2533,0,60.472
2111,42.4707,,0,5.0,0.55,5,3,0,4.9908,1.0,wave,UNKNOWN,UNKNOWN,0.2533,0,61.719
2112,42.4844,,0,5.0,0.55,5,3,0,4.9864,1.0,wave,UNKNOWN,UNKNOWN,0.2533,0,61.621
2113,42.5009,,0,5.0,0.55,5,3,0,4.9884,1.0,wave,UNKNOWN,UNKNOWN,0.2533,0,61.014
2114,42.5193,,0,5.0,0.55,5,3,0,4.9906,1.0,wave,UNKNOWN,UNKNOWN,0.2533,0,61.866
2115,42.5332,,0,5.0,0.55,5,3,0,4.9879,1.0,wave,UNKNOWN,UNKNOWN,0.2533,0,59.878
2116,42.5569,,0,5.0,0.55,5,3,0,4.9952,1.0,wave,UNKNOWN,UNKNOWN,0.2867,1,55.826
2117,42.609,,0,5.0,0.55,5,3,0,4.9998,1.0,wave,UNKNOWN,UNKNOWN,0.2867,0,57.059
2118,42.6237,,0,5.0,0.55,5,3,0,4.9994,1.0,wave,UNKNOWN,UNKNOWN,0.2867,0,58.593
2119,42.6373,,0,5.0,0.55,5,3,0,4.9575,1.0,wave,UNKNOWN,UNKNOWN,0.2867,0,59.555
2120,42.6518,,0,5.0,0.55,5,3,0,4.972,1.0,wave,UNKNOWN,UNKNOWN,0.2867,0,60.121
2121,42.6671,,0,5.0,0.55,5,3,0,4.9874,1.0,wave,UNKNOWN,UNKNOWN,0.2867,0,60.696
2122,42.6825,,0,5.0,0.55,5,3,0,4.9805,1.0,wave,UNKNOWN,UNKNOWN,0.2867,0,60.279
2123,42.7,,0,5.0,0.55,5,3,0,4.998,1.0,wave,UNKNOWN,UNKNOWN,0.2867,0,60.539
2124,42.7158,,0,5.0,0.55,5,3,0,4.9981,1.0,wave,UNKNOWN,UNKNOWN,0.2867,0,60.305
2125,42.7329,,0,5.0,0.55,5,3,0,4.9929,1.0,wave,UNKNOWN,UNKNOWN,0.2867,0,60.243
2126,42.7497,,0,5.0,0.55,5,3,0,4.996,1.0,wave,UNKNOWN,UNKNOWN,0.2867,0,60.062
2127,42.7668,,0,5.0,0.55,5,3,0,4.9992,1.0,wave,UNKNOWN,UNKNOWN,0.2867,0,60.184
2128,42.7831,,0,5.0,0.55,5,3,0,4.9847,1.0,wave,UNKNOWN,UNKNOWN,0.2867,0,59.662
2129,42.8017,,0,5.0,0.55,5,3,0,4.9876,1.0,wave,UNKNOWN,UNKNOWN,0.2867,0,59.611
2130,42.8186,,0,5.0,0.55,5,3,0,4.9876,1.0,wave,UNKNOWN,UNKNOWN,0.31,1,55.417
2131,42.8751,,0,5.0,0.55,5,3,0,4.9955,1.0,wave,UNKNOWN,UNKNOWN,0.31,0,56.583
2132,42.8901,,0,5.0,0.55,5,3,0,4.9559,1.0,wave,UNKNOWN,UNKNOWN,0.31,0,56.905
2133,42.9069,,0,5.0,0.55,5,3,0,4.9727,1.0,wave,UNKNOWN,UNKNOWN,0.31,0,57.689
2134,42.9222,,0,5.0,0.55,5,3,0,4.988,1.0,wave,UNKNOWN,UNKNOWN,0.31,0,58.919
2135,42.9367,,0,5.0,0.55,5,3,0,4.9885,1.0,wave,UNKNOWN,UNKNOWN,0.31,0,60.193
2136,42.9502,,0,5.0,0.55,5,3,0,4.9871,1.0,wave,UNKNOWN,UNKNOWN,0.31,0,60.682
2137,42.9659,,0,5.0,0.55,5,3,0,4.9881,1.0,wave,UNKNOWN,UNKNOWN,0.31,0,60.782
2138,42.9818,,0,5.0,0.55,5,3,0,4.9884,1.0,wave,UNKNOWN,UNKNOWN,0.31,0,60.194
2139,43.0002,,0,5.0,0.55,5,3,0,4.9926,1.0,wave,UNKNOWN,UNKNOWN,0.31,0,60.511
2140,43.0165,,0,5.0,0.55,5,3,0,4.993,1.0,wave,UNKNOWN,UNKNOWN,0.31,0,60.377
2141,43.033,,0,5.0,0.55,5,3,0,4.9944,1.0,wave,UNKNOWN,UNKNOWN,0.31,0,60.468
2142,43.049,,0,5.0,0.55,5,3,0,4.9946,1.0,wave,UNKNOWN,UNKNOWN,0.31,0,60.561
2143,43.0653,,0,5.0,0.55,5,3,0,4.9912,1.0,wave,UNKNOWN,UNKNOWN,0.31,0,60.547
2144,43.082,,0,5.0,0.55,5,3,0,4.9928,1.0,wave,UNKNOWN,UNKNOWN,0.31,1,56.035
2145,43.1468,,0,5.0,0.55,5,3,0,4.9447,1.0,wave,UNKNOWN,UNKNOWN,0.31,0,56.374
2146,43.1639,,0,5.0,0.55,5,3,0,4.9618,1.0,wave,UNKNOWN,UNKNOWN,0.31,0,56.085
2147,43.1834,,0,5.0,0.55,5,3,0,4.9813,1.0,wave,UNKNOWN,UNKNOWN,0.31,0,56.136
2148,43.1999,,0,5.0,0.55,5,3,0,4.9978,1.0,wave,UNKNOWN,UNKNOWN,0.31,0,57.154
2149,43.2151,,0,5.0,0.55,5,3,0,4.9914,1.0,wave,UNKNOWN,UNKNOWN,0.31,0,58.092
2150,43.2315,,0,5.0,0.55,5,3,0,4.9926,1.0,wave,UNKNOWN,UNKNOWN,0.31,0,58.069
2151,43.2472,,0,5.0,0.55,5,3,0,4.9925,1.0,wave,UNKNOWN,UNKNOWN,0.31,0,58.921
2152,43.2623,,0,5.0,0.55,5,3,0,4.9914,1.0,wave,UNKNOWN,UNKNOWN,0.31,0,57.956
2153,43.2826,,0,5.0,0.55,5,3,0,4.9976,1.0,wave,UNKNOWN,UNKNOWN,0.31,0,58.295
2154,43.2992,,0,5.0,0.55,5,3,0,4.9978,1.0,wave,UNKNOWN,UNKNOWN,0.31,0,58.51
2155,43.3154,,0,5.0,0.55,5,3,0,4.9913,1.0,wave,UNKNOWN,UNKNOWN,0.31,0,59.159
2156,43.3312,,0,5.0,0.55,5,3,0,4.991,1.0,wave,UNKNOWN,UNKNOWN,0.31,0,59.5
2157,43.347,,0,5.0,0.55,5,3,0,4.9908,1.0,wave,UNKNOWN,UNKNOWN,0.3133,1,55.371
2158,43.402,,0,5.0,0.55,5,3,0,4.9476,1.0,wave,UNKNOWN,UNKNOWN,0.3133,0,56.299
2159,43.4194,,0,5.0,0.55,5,3,0,4.9651,1.0,wave,UNKNOWN,UNKNOWN,0.3133,0,56.848
2160,43.4356,,0,5.0,0.55,5,3,0,4.9813,1.0,wave,UNKNOWN,UNKNOWN,0.3133,0,56.98
2161,43.4527,,0,5.0,0.55,5,3,0,4.9984,1.0,wave,UNKNOWN,UNKNOWN,0.3133,0,57.421
2162,43.4686,,0,5.0,0.55,5,3,0,4.9999,1.0,wave,UNKNOWN,UNKNOWN,0.3133,0,58.07
2163,43.4845,,0,5.0,0.55,5,3,0,4.9825,1.0,wave,UNKNOWN,UNKNOWN,0.3133,0,57.859
2164,43.5021,,0,5.0,0.55,5,3,0,4.9835,1.0,wave,UNKNOWN,UNKNOWN,0.3133,0,58.392
2165,43.5177,,0,5.0,0.55,5,3,0,4.9991,1.0,wave,UNKNOWN,UNKNOWN,0.3133,0,59.137
2166,43.5328,,0,5.0,0.55,5,3,0,4.997,1.0,wave,UNKNOWN,UNKNOWN,0.3133,0,59.045
2167,43.5502,,0,5.0,0.55,5,3,0,4.9884,1.0,wave,UNKNOWN,UNKNOWN,0.3133,0,57.445
2168,43.5733,,0,5.0,0.55,5,3,0,4.9949,1.0,wave,UNKNOWN,UNKNOWN,0.3133,0,58.048
2169,43.5893,,0,5.0,0.55,5,3,0,4.9937,1.0,wave,UNKNOWN,UNKNOWN,0.3133,0,56.781
2170,43.611,,0,5.0,0.55,5,3,0,4.9981,1.0,wave,UNKNOWN,UNKNOWN,0.3,1,52.791
2171,43.6706,,0,5.0,0.55,5,3,0,4.9429,1.0,wave,UNKNOWN,UNKNOWN,0.3,0,53.406
2172,43.6877,,0,5.0,0.55,5,3,0,4.96,1.0,wave,UNKNOWN,UNKNOWN,0.3,0,54.183
2173,43.7039,,0,5.0,0.55,5,3,0,4.9761,1.0,wave,UNKNOWN,UNKNOWN,0.3,0,52.631
2174,43.7304,,0,5.0,0.55,5,3,0,4.9863,1.0,wave,UNKNOWN,UNKNOWN,0.3,0,53.178
2175,43.7471,,0,5.0,0.55,5,3,0,4.988,1.0,wave,UNKNOWN,UNKNOWN,0.3,0,53.717
2176,43.7628,,0,5.0,0.55,5,3,0,4.9838,1.0,wave,UNKNOWN,UNKNOWN,0.3,0,53.977
2177,43.7805,,0,5.0,0.55,5,3,0,4.9845,1.0,wave,UNKNOWN,UNKNOWN,0.3,0,55.081
2178,43.7957,,0,5.0,0.55,5,3,0,4.9997,1.0,wave,UNKNOWN,UNKNOWN,0.3,0,55.801
2179,43.812,,0,5.0,0.55,5,3,0,4.9994,1.0,wave,UNKNOWN,UNKNOWN,0.3,0,56.086
2180,43.8288,,0,5.0,0.55,5,3,0,4.9994,1.0,wave,UNKNOWN,UNKNOWN,0.3,0,56.898
2181,43.8446,,0,5.0,0.55,5,3,0,4.9982,1.0,wave,UNKNOWN,UNKNOWN,0.3,0,57.135
2182,43.8619,,0,5.0,0.55,5,3,0,4.9989,1.0,wave,UNKNOWN,UNKNOWN,0.2967,1,53.094
2183,43.921,,0,5.0,0.55,5,3,0,4.9987,1.0,wave,UNKNOWN,UNKNOWN,0.2967,0,53.554
2184,43.938,,0,5.0,0.55,5,3,0,4.9537,1.0,wave,UNKNOWN,UNKNOWN,0.2967,0,55.13
2185,43.9525,,0,5.0,0.55,5,3,0,4.9682,1.0,wave,UNKNOWN,UNKNOWN,0.2967,0,55.801
2186,43.9692,,0,5.0,0.55,5,3,0,4.9849,1.0,wave,UNKNOWN,UNKNOWN,0.2967,0,56.445
2187,43.9848,,0,5.0,0.55,5,3,0,4.9823,1.0,wave,UNKNOWN,UNKNOWN,0.2967,0,56.509
2188,44.0022,,0,5.0,0.55,5,3,0,4.9997,1.0,wave,UNKNOWN,UNKNOWN,0.2967,0,55.124
2189,44.0264,,0,5.0,0.55,5,3,0,4.9914,1.0,wave,UNKNOWN,UNKNOWN,0.2967,0,56.092
2190,44.042,,0,5.0,0.55,5,3,0,4.9907,1.0,wave,UNKNOWN,UNKNOWN,0.2967,0,56.502
2191,44.0584,,0,5.0,0.55,5,3,0,4.9905,1.0,wave,UNKNOWN,UNKNOWN,0.2967,0,56.857
2192,44.0753,,0,5.0,0.55,5,3,0,4.9891,1.0,wave,UNKNOWN,UNKNOWN,0.2967,0,57.42
2193,44.0905,,0,5.0,0.55,5,3,0,4.9873,1.0,wave,UNKNOWN,UNKNOWN,0.2967,0,58.304
2194,44.1055,,0,5.0,0.55,5,3,0,4.9847,1.0,wave,UNKNOWN,UNKNOWN,0.2967,0,58.494
2195,44.1221,,0,5.0,0.55,5,3,0,4.9853,1.0,wave,UNKNOWN,UNKNOWN,0.3067,1,54.465
2196,44.1779,,0,5.0,0.55,5,3,0,4.9913,1.0,wave,UNKNOWN,UNKNOWN,0.3067,0,55.53
2197,44.193,,0,5.0,0.55,5,3,0,4.9463,1.0,wave,UNKNOWN,UNKNOWN,0.3067,0,53.923
2198,44.2178,,0,5.0,0.55,5,3,0,4.971,1.0,wave,UNKNOWN,UNKNOWN,0.3067,0,54.632
2199,44.234,,0,5.0,0.55,5,3,0,4.9873,1.0,wave,UNKNOWN,UNKNOWN,0.3067,0,55.313
2200,44.2504,,0,5.0,0.55,5,3,0,4.985,1.0,wave,UNKNOWN,UNKNOWN,0.3067,0,56.001
2201,44.2664,,0,5.0,0.55,5,3,0,4.9828,1.0,wave,UNKNOWN,UNKNOWN,0.3067,0,57.597
2202,44.2811,,0,5.0,0.55,5,3,0,4.9975,1.0,wave,UNKNOWN,UNKNOWN,0.3067,0,57.902
2203,44.2972,,0,5.0,0.55,5,3,0,4.994,1.0,wave,UNKNOWN,UNKNOWN,0.3067,0,56.476
2204,44.3199,,0,5.0,0.55,5,3,0,4.9851,1.0,wave,UNKNOWN,UNKNOWN,0.3067,0,56.802
2205,44.3368,,0,5.0,0.55,5,3,0,4.9795,1.0,wave,UNKNOWN,UNKNOWN,0.3067,0,57.21
2206,44.3531,,0,5.0,0.55,5,3,0,4.9958,1.0,wave,UNKNOWN,UNKNOWN,0.3067,0,57.821
2207,44.3689,,0,5.0,0.55,5,3,0,4.99,1.0,wave,UNKNOWN,UNKNOWN,0.3067,0,57.828
2208,44.3861,,0,5.0,0.55,5,3,0,4.9912,1.0,wave,UNKNOWN,UNKNOWN,0.3533,1,53.673
2209,44.4475,,0,5.0,0.55,5,3,0,4.9447,1.0,wave,UNKNOWN,UNKNOWN,0.3533,0,54.529
2210,44.4648,,0,5.0,0.55,5,3,0,4.962,1.0,wave,UNKNOWN,UNKNOWN,0.3533,0,55.139
2211,44.4806,,0,5.0,0.55,5,3,0,4.9777,1.0,wave,UNKNOWN,UNKNOWN,0.3533,0,55.639
2212,44.4971,,0,5.0,0.55,5,3,0,4.9942,1.0,wave,UNKNOWN,UNKNOWN,0.3533,0,55.932
2213,44.5139,,0,5.0,0.55,5,3,0,4.9955,1.0,wave,UNKNOWN,UNKNOWN,0.3533,0,57.206
2214,44.5292,,0,5.0,0.55,5,3,0,4.9955,1.0,wave,UNKNOWN,UNKNOWN,0.3533,0,58.314
2215,44.5436,,0,5.0,0.55,5,3,0,4.9956,1.0,wave,UNKNOWN,UNKNOWN,0.3533,0,59.172
2216,44.5585,,0,5.0,0.55,5,3,0,4.9959,1.0,wave,UNKNOWN,UNKNOWN,0.3533,0,59.815
2217,44.5737,,0,5.0,0.55,5,3,0,4.9957,1.0,wave,UNKNOWN,UNKNOWN,0.3533,0,59.996
2218,44.59,,0,5.0,0.55,5,3,0,4.9971,1.0,wave,UNKNOWN,UNKNOWN,0.3533,0,59.946
2219,44.6062,,0,5.0,0.55,5,3,0,4.9972,1.0,wave,UNKNOWN,UNKNOWN,0.3533,0,60.122
2220,44.6224,,0,5.0,0.55,5,3,0,4.9926,1.0,wave,UNKNOWN,UNKNOWN,0.3533,0,59.578
2221,44.6417,,0,5.0,0.55,5,3,0,4.9948,1.0,wave,UNKNOWN,UNKNOWN,0.34,1,55.439
2222,44.6965,,0,5.0,0.55,5,3,0,4.9858,1.0,wave,UNKNOWN,UNKNOWN,0.34,0,56.474
2223,44.7114,,0,5.0,0.55,5,3,0,4.9438,1.0,wave,UNKNOWN,UNKNOWN,0.34,0,55.342
2224,44.7329,,0,5.0,0.55,5,3,0,4.9653,1.0,wave,UNKNOWN,UNKNOWN,0.34,0,55.412
2225,44.7508,,0,5.0,0.55,5,3,0,4.9832,1.0,wave,UNKNOWN,UNKNOWN,0.34,0,55.374
2226,44.7692,,0,5.0,0.55,5,3,0,4.987,1.0,wave,UNKNOWN,UNKNOWN,0.34,0,55.61
2227,44.7867,,0,5.0,0.55,5,3,0,4.9892,1.0,wave,UNKNOWN,UNKNOWN,0.34,0,55.581
2228,44.8046,,0,5.0,0.55,5,3,0,4.992,1.0,wave,UNKNOWN,UNKNOWN,0.34,0,56.125
2229,44.821,,0,5.0,0.55,5,3,0,4.9941,1.0,wave,UNKNOWN,UNKNOWN,0.34,0,56.37
2230,44.838,,0,5.0,0.55,5,3,0,4.9964,1.0,wave,UNKNOWN,UNKNOWN,0.34,0,56.935
2231,44.8544,,0,5.0,0.55,5,3,0,4.9975,1.0,wave,UNKNOWN,UNKNOWN,0.34,0,57.654
2232,44.8696,,0,5.0,0.55,5,3,0,4.9906,1.0,wave,UNKNOWN,UNKNOWN,0.34,0,57.792
2233,44.8866,,0,5.0,0.55,5,3,0,4.9937,1.0,wave,UNKNOWN,UNKNOWN,0.34,0,57.537
2234,44.905,,0,5.0,0.55,5,3,0,4.9974,1.0,wave,UNKNOWN,UNKNOWN,0.3,1,53.35
2235,44.9688,,0,5.0,0.55,5,3,0,4.9931,1.0,wave,UNKNOWN,UNKNOWN,0.3,0,54.657
2236,44.9836,,0,5.0,0.55,5,3,0,4.9477,1.0,wave,UNKNOWN,UNKNOWN,0.3,0,55.212
2237,45.0005,,0,5.0,0.55,5,3,0,4.9646,1.0,wave,UNKNOWN,UNKNOWN,0.3,0,56.158
2238,45.0162,,0,5.0,0.55,5,3,0,4.9803,1.0,wave,UNKNOWN,UNKNOWN,0.3,0,57.377
2239,45.0307,,0,5.0,0.55,5,3,0,4.9948,1.0,wave,UNKNOWN,UNKNOWN,0.3,0,58.864
2240,45.044,,0,5.0,0.55,5,3,0,4.9896,1.0,wave,UNKNOWN,UNKNOWN,0.3,0,59.494
2241,45.0597,,0,5.0,0.55,5,3,0,4.9912,1.0,wave,UNKNOWN,UNKNOWN,0.3,0,59.042
2242,45.0782,,0,5.0,0.55,5,3,0,4.9956,1.0,wave,UNKNOWN,UNKNOWN,0.3,0,59.389
2243,45.094,,0,5.0,0.55,5,3,0,4.9961,1.0,wave,UNKNOWN,UNKNOWN,0.3,0,59.976
2244,45.1092,,0,5.0,0.55,5,3,0,4.9966,1.0,wave,UNKNOWN,UNKNOWN,0.3,0,60.345
2245,45.1247,,0,5.0,0.55,5,3,0,4.9892,1.0,wave,UNKNOWN,UNKNOWN,0.3,0,60.337
2246,45.1412,,0,5.0,0.55,5,3,0,4.9917,1.0,wave,UNKNOWN,UNKNOWN,0.3,0,60.537
2247,45.1575,,0,5.0,0.55,5,3,0,4.9917,1.0,wave,UNKNOWN,UNKNOWN,0.3133,1,56.33
2248,45.2115,,0,5.0,0.55,5,3,0,4.9761,1.0,wave,UNKNOWN,UNKNOWN,0.3133,0,57.514
2249,45.2263,,0,5.0,0.55,5,3,0,4.991,1.0,wave,UNKNOWN,UNKNOWN,0.3133,0,59.008
2250,45.2406,,0,5.0,0.55,5,3,0,4.953,1.0,wave,UNKNOWN,UNKNOWN,0.3133,0,59.125
2251,45.2567,,0,5.0,0.55,5,3,0,4.9692,1.0,wave,UNKNOWN,UNKNOWN,0.3133,0,60.276
2252,45.2706,,0,5.0,0.55,5,3,0,4.983,1.0,wave,UNKNOWN,UNKNOWN,0.3133,0,60.962
2253,45.2856,,0,5.0,0.55,5,3,0,4.998,1.0,wave,UNKNOWN,UNKNOWN,0.3133,0,61.229
2254,45.3012,,0,5.0,0.55,5,3,0,4.9928,1.0,wave,UNKNOWN,UNKNOWN,0.3133,0,61.307
2255,45.3175,,0,5.0,0.55,5,3,0,4.9937,1.0,wave,UNKNOWN,UNKNOWN,0.3133,0,61.12
2256,45.3343,,0,5.0,0.55,5,3,0,4.9948,1.0,wave,UNKNOWN,UNKNOWN,0.3133,0,61.136
2257,45.3505,,0,5.0,0.55,5,3,0,4.9963,1.0,wave,UNKNOWN,UNKNOWN,0.3133,0,59.429
2258,45.3748,,0,5.0,0.55,5,3,0,4.9879,1.0,wave,UNKNOWN,UNKNOWN,0.3133,0,59.23
2259,45.3921,,0,5.0,0.55,5,3,0,4.9903,1.0,wave,UNKNOWN,UNKNOWN,0.3133,0,58.776
2260,45.4096,,0,5.0,0.55,5,3,0,4.9929,1.0,wave,UNKNOWN,UNKNOWN,0.31,1,54.69
2261,45.4647,,0,5.0,0.55,5,3,0,4.9978,1.0,wave,UNKNOWN,UNKNOWN,0.31,0,55.992
2262,45.4805,,0,5.0,0.55,5,3,0,4.9981,1.0,wave,UNKNOWN,UNKNOWN,0.31,0,56.921
2263,45.4951,,0,5.0,0.55,5,3,0,4.9976,1.0,wave,UNKNOWN,UNKNOWN,0.31,0,58.011
2264,45.5104,,0,5.0,0.55,5,3,0,4.9583,1.0,wave,UNKNOWN,UNKNOWN,0.31,0,55.729
2265,45.538,,0,5.0,0.55,5,3,0,4.9859,1.0,wave,UNKNOWN,UNKNOWN,0.31,0,55.841
2266,45.5557,,0,5.0,0.55,5,3,0,4.9831,1.0,wave,UNKNOWN,UNKNOWN,0.31,0,55.934
2267,45.5735,,0,5.0,0.55,5,3,0,4.9851,1.0,wave,UNKNOWN,UNKNOWN,0.31,0,55.9
2268,45.5915,,0,5.0,0.55,5,3,0,4.9872,1.0,wave,UNKNOWN,UNKNOWN,0.31,0,55.712
2269,45.6107,,0,5.0,0.55,5,3,0,4.989,1.0,wave,UNKNOWN,UNKNOWN,0.31,0,53.568
2270,45.639,,0,5.0,0.55,5,3,0,4.9975,1.0,wave,UNKNOWN,UNKNOWN,0.31,0,54.442
2271,45.6549,,0,5.0,0.55,5,3,0,4.992,1.0,wave,UNKNOWN,UNKNOWN,0.31,0,54.404
2272,45.6739,,0,5.0,0.55,5,3,0,4.9965,1.0,wave,UNKNOWN,UNKNOWN,0.31,1,50.399
2273,45.7453,,0,5.0,0.55,5,3,0,4.9891,1.0,wave,UNKNOWN,UNKNOWN,0.31,0,51.594
2274,45.7608,,0,5.0,0.55,5,3,0,4.941,1.0,wave,UNKNOWN,UNKNOWN,0.31,0,52.346
2275,45.7779,,0,5.0,0.55,5,3,0,4.9581,1.0,wave,UNKNOWN,UNKNOWN,0.31,0,53.277
2276,45.794,,0,5.0,0.55,5,3,0,4.9742,1.0,wave,UNKNOWN,UNKNOWN,0.31,0,54.009
2277,45.8109,,0,5.0,0.55,5,3,0,4.9911,1.0,wave,UNKNOWN,UNKNOWN,0.31,0,54.753
2278,45.827,,0,5.0,0.55,5,3,0,4.9885,1.0,wave,UNKNOWN,UNKNOWN,0.31,0,55.076
2279,45.8443,,0,5.0,0.55,5,3,0,4.9884,1.0,wave,UNKNOWN,UNKNOWN,0.31,0,54.976
2280,45.8629,,0,5.0,0.55,5,3,0,4.993,1.0,wave,UNKNOWN,UNKNOWN,0.31,0,53.245
2281,45.889,,0,5.0,0.55,5,3,0,4.9885,1.0,wave,UNKNOWN,UNKNOWN,0.31,0,53.61
2282,45.9066,,0,5.0,0.55,5,3,0,4.9918,1.0,wave,UNKNOWN,UNKNOWN,0.31,0,53.024
2283,45.9293,,0,5.0,0.55,5,3,0,4.9984,1.0,wave,UNKNOWN,UNKNOWN,0.3233,1,49.474
2284,45.9849,,0,5.0,0.55,5,3,0,4.9789,1.0,wave,UNKNOWN,UNKNOWN,0.3233,0,49.851
2285,46.0033,,0,5.0,0.55,5,3,0,4.9972,1.0,wave,UNKNOWN,UNKNOWN,0.3233,0,50.423
2286,46.0216,,0,5.0,0.55,5,3,0,4.9458,1.0,wave,UNKNOWN,UNKNOWN,0.3233,0,48.501
2287,46.0537,,0,5.0,0.55,5,3,0,4.9779,1.0,wave,UNKNOWN,UNKNOWN,0.3233,0,48.567
2288,46.0747,,0,5.0,0.55,5,3,0,4.9989,1.0,wave,UNKNOWN,UNKNOWN,0.3233,0,48.927
2289,46.0922,,0,5.0,0.55,5,3,0,4.9884,1.0,wave,UNKNOWN,UNKNOWN,0.3233,0,49.157
2290,46.1117,,0,5.0,0.55,5,3,0,4.9883,1.0,wave,UNKNOWN,UNKNOWN,0.3233,0,47.636
2291,46.1403,,0,5.0,0.55,5,3,0,4.9998,1.0,wave,UNKNOWN,UNKNOWN,0.3233,0,48.72
2292,46.1578,,0,5.0,0.55,5,3,0,4.9876,1.0,wave,UNKNOWN,UNKNOWN,0.3233,0,47.633
2293,46.1847,,0,5.0,0.55,5,3,0,4.9995,1.0,wave,UNKNOWN,UNKNOWN,0.2733,1,44.391
2294,46.2514,,0,5.0,0.55,5,3,0,4.9864,1.0,wave,UNKNOWN,UNKNOWN,0.2733,0,45.591
2295,46.2676,,0,5.0,0.55,5,3,0,4.9845,1.0,wave,UNKNOWN,UNKNOWN,0.2733,0,44.816
2296,46.2945,,0,5.0,0.55,5,3,0,4.9542,1.0,wave,UNKNOWN,UNKNOWN,0.2733,0,42.53
2297,46.3407,,0,5.0,0.55,5,3,0,4.986,1.0,wave,UNKNOWN,UNKNOWN,0.2733,0,42.638
2298,46.3628,,0,5.0,0.55,5,3,0,4.9922,1.0,wave,UNKNOWN,UNKNOWN,0.2733,0,42.858
2299,46.3861,,0,5.0,0.55,5,3,0,4.9847,1.0,wave,UNKNOWN,UNKNOWN,0.2733,0,42.929
2300,46.4082,,0,5.0,0.55,5,3,0,4.991,1.0,wave,UNKNOWN,UNKNOWN,0.2733,0,42.738
2301,46.4323,,0,5.0,0.55,5,3,0,4.9995,1.0,wave,UNKNOWN,UNKNOWN,0.2733,0,43.24
2302,46.4537,,0,5.0,0.55,5,3,0,4.988,1.0,wave,UNKNOWN,UNKNOWN,0.26,1,40.583
2303,46.5138,,0,5.0,0.55,5,3,0,4.9942,1.0,wave,UNKNOWN,UNKNOWN,0.26,0,40.962
2304,46.5372,,0,5.0,0.55,5,3,0,4.9493,1.0,wave,UNKNOWN,UNKNOWN,0.26,0,41.972
2305,46.5567,,0,5.0,0.55,5,3,0,4.9689,1.0,wave,UNKNOWN,UNKNOWN,0.26,0,42.507
2306,46.5772,,0,5.0,0.55,5,3,0,4.9894,1.0,wave,UNKNOWN,UNKNOWN,0.26,0,43.454
2307,46.5969,,0,5.0,0.55,5,3,0,4.9906,1.0,wave,UNKNOWN,UNKNOWN,0.26,0,43.37
2308,46.6193,,0,5.0,0.55,5,3,0,4.9969,1.0,wave,UNKNOWN,UNKNOWN,0.26,0,43.877
2309,46.6405,,0,5.0,0.55,5,3,0,4.9891,1.0,wave,UNKNOWN,UNKNOWN,0.26,0,44.085
2310,46.6629,,0,5.0,0.55,5,3,0,4.9971,1.0,wave,UNKNOWN,UNKNOWN,0.26,0,44.454
2311,46.6827,,0,5.0,0.55,5,3,0,4.9859,1.0,wave,UNKNOWN,UNKNOWN,0.26,0,46.59
2312,46.699,,0,5.0,0.55,5,3,0,4.9871,1.0,wave,UNKNOWN,UNKNOWN,0.26,0,45.861
2313,46.7229,,0,5.0,0.55,5,3,0,4.9956,1.0,wave,UNKNOWN,UNKNOWN,0.2767,1,42.699
2314,46.7945,,0,5.0,0.55,5,3,0,4.9486,1.0,wave,UNKNOWN,UNKNOWN,0.2767,0,43.469
2315,46.814,,0,5.0,0.55,5,3,0,4.968,1.0,wave,UNKNOWN,UNKNOWN,0.2767,0,43.922
2316,46.834,,0,5.0,0.55,5,3,0,4.9881,1.0,wave,UNKNOWN,UNKNOWN,0.2767,0,43.064
2317,46.8626,,0,5.0,0.55,5,3,0,4.9884,1.0,wave,UNKNOWN,UNKNOWN,0.2767,0,44.627
2318,46.8796,,0,5.0,0.55,5,3,0,4.99,1.0,wave,UNKNOWN,UNKNOWN,0.2767,0,45.957
2319,46.8972,,0,5.0,0.55,5,3,0,4.991,1.0,wave,UNKNOWN,UNKNOWN,0.2767,0,45.81
2320,46.9197,,0,5.0,0.55,5,3,0,4.9968,1.0,wave,UNKNOWN,UNKNOWN,0.2767,0,46.282
2321,46.9399,,0,5.0,0.55,5,3,0,4.986,1.0,wave,UNKNOWN,UNKNOWN,0.2767,0,46.876
2322,46.9591,,0,5.0,0.55,5,3,0,4.9898,1.0,wave,UNKNOWN,UNKNOWN,0.2767,0,47.664
2323,46.9777,,0,5.0,0.55,5,3,0,4.9927,1.0,wave,UNKNOWN,UNKNOWN,0.24,1,44.297
2324,47.0473,,0,5.0,0.55,5,3,0,4.9993,1.0,wave,UNKNOWN,UNKNOWN,0.24,0,45.487
2325,47.0654,,0,5.0,0.55,5,3,0,4.9627,1.0,wave,UNKNOWN,UNKNOWN,0.24,0,48.405
2326,47.0791,,0,5.0,0.55,5,3,0,4.9764,1.0,wave,UNKNOWN,UNKNOWN,0.24,0,50.661
2327,47.0927,,0,5.0,0.55,5,3,0,4.99,1.0,wave,UNKNOWN,UNKNOWN,0.24,0,49.305
2328,47.1193,,0,5.0,0.55,5,3,0,4.9882,1.0,wave,UNKNOWN,UNKNOWN,0.24,0,51.231
2329,47.134,,0,5.0,0.55,5,3,0,4.9895,1.0,wave,UNKNOWN,UNKNOWN,0.24,0,53.14
2330,47.1489,,0,5.0,0.55,5,3,0,4.9897,1.0,wave,UNKNOWN,UNKNOWN,0.24,0,54.511
2331,47.164,,0,5.0,0.55,5,3,0,4.9818,1.0,wave,UNKNOWN,UNKNOWN,0.24,0,56.314
2332,47.1776,,0,5.0,0.55,5,3,0,4.9955,1.0,wave,UNKNOWN,UNKNOWN,0.24,0,56.609
2333,47.1957,,0,5.0,0.55,5,3,0,4.9993,1.0,wave,UNKNOWN,UNKNOWN,0.24,0,54.581
2334,47.223,,0,5.0,0.55,5,3,0,4.9972,1.0,wave,UNKNOWN,UNKNOWN,0.24,0,53.793
2335,47.2435,,0,5.0,0.55,5,3,0,4.988,1.0,wave,UNKNOWN,UNKNOWN,0.27,1,50.123
2336,47.3015,,0,5.0,0.55,5,3,0,4.9993,1.0,wave,UNKNOWN,UNKNOWN,0.27,0,52.237
2337,47.3163,,0,5.0,0.55,5,3,0,4.9594,1.0,wave,UNKNOWN,UNKNOWN,0.27,0,54.232
2338,47.3292,,0,5.0,0.55,5,3,0,4.9724,1.0,wave,UNKNOWN,UNKNOWN,0.27,0,56.262
2339,47.3426,,0,5.0,0.55,5,3,0,4.9858,1.0,wave,UNKNOWN,UNKNOWN,0.27,0,57.476
2340,47.3572,,0,5.0,0.55,5,3,0,4.9849,1.0,wave,UNKNOWN,UNKNOWN,0.27,0,59.454
2341,47.37,,0,5.0,0.55,5,3,0,4.9978,1.0,wave,UNKNOWN,UNKNOWN,0.27,0,61.001
2342,47.384,,0,5.0,0.55,5,3,0,4.9969,1.0,wave,UNKNOWN,UNKNOWN,0.27,0,62.12
2343,47.3985,,0,5.0,0.55,5,3,0,4.9968,1.0,wave,UNKNOWN,UNKNOWN,0.27,0,63.132
2344,47.4111,,0,5.0,0.55,5,3,0,4.9947,1.0,wave,UNKNOWN,UNKNOWN,0.27,0,64.553
2345,47.4242,,0,5.0,0.55,5,3,0,4.9916,1.0,wave,UNKNOWN,UNKNOWN,0.27,0,64.869
2346,47.4389,,0,5.0,0.55,5,3,0,4.9903,1.0,wave,UNKNOWN,UNKNOWN,0.27,0,65.409
2347,47.4531,,0,5.0,0.55,5,3,0,4.9824,1.0,wave,UNKNOWN,UNKNOWN,0.27,0,66.294
2348,47.4668,,0,5.0,0.55,5,3,0,4.9961,1.0,wave,UNKNOWN,UNKNOWN,0.27,0,67.128
2349,47.4805,,0,5.0,0.55,5,3,0,4.9961,1.0,wave,UNKNOWN,UNKNOWN,0.27,0,67.814
2350,47.4937,,0,5.0,0.55,5,3,0,4.9928,1.0,wave,UNKNOWN,UNKNOWN,0.2733,1,62.878
2351,47.5483,,0,5.0,0.55,5,3,0,4.9914,1.0,wave,UNKNOWN,UNKNOWN,0.2733,0,61.011
2352,47.5702,,0,5.0,0.55,5,3,0,4.9613,1.0,wave,UNKNOWN,UNKNOWN,0.2733,0,62.437
2353,47.5835,,0,5.0,0.55,5,3,0,4.9746,1.0,wave,UNKNOWN,UNKNOWN,0.2733,0,63.85
2354,47.5967,,0,5.0,0.55,5,3,0,4.9878,1.0,wave,UNKNOWN,UNKNOWN,0.2733,0,65.224
2355,47.61,,0,5.0,0.55,5,3,0,4.9863,1.0,wave,UNKNOWN,UNKNOWN,0.2733,0,65.577
2356,47.624,,0,5.0,0.55,5,3,0,4.9868,1.0,wave,UNKNOWN,UNKNOWN,0.2733,0,64.971
2357,47.6418,,0,5.0,0.55,5,3,0,4.99,1.0,wave,UNKNOWN,UNKNOWN,0.2733,0,65.296
2358,47.6558,,0,5.0,0.55,5,3,0,4.9887,1.0,wave,UNKNOWN,UNKNOWN,0.2733,0,65.966
2359,47.6694,,0,5.0,0.55,5,3,0,4.987,1.0,wave,UNKNOWN,UNKNOWN,0.2733,0,66.61
2360,47.6832,,0,5.0,0.55,5,3,0,4.9832,1.0,wave,UNKNOWN,UNKNOWN,0.2733,0,67.581
2361,47.6964,,0,5.0,0.55,5,3,0,4.9964,1.0,wave,UNKNOWN,UNKNOWN,0.2733,0,68.578
2362,47.7092,,0,5.0,0.55,5,3,0,4.9934,1.0,wave,UNKNOWN,UNKNOWN,0.2733,0,69.27
2363,47.7225,,0,5.0,0.55,5,3,0,4.9896,1.0,wave,UNKNOWN,UNKNOWN,0.2733,0,69.621
2364,47.7363,,0,5.0,0.55,5,3,0,4.9866,1.0,wave,UNKNOWN,UNKNOWN,0.2733,0,68.949
2365,47.7524,,0,5.0,0.55,5,3,0,4.9856,1.0,wave,UNKNOWN,UNKNOWN,0.2633,1,63.793
2366,47.81,,0,5.0,0.55,5,3,0,4.9914,1.0,wave,UNKNOWN,UNKNOWN,0.2633,0,64.451
2367,47.8237,,0,5.0,0.55,5,3,0,4.9486,1.0,wave,UNKNOWN,UNKNOWN,0.2633,0,65.696
2368,47.837,,0,5.0,0.55,5,3,0,4.9619,1.0,wave,UNKNOWN,UNKNOWN,0.2633,0,66.325
2369,47.8509,,0,5.0,0.55,5,3,0,4.9758,1.0,wave,UNKNOWN,UNKNOWN,0.2633,0,66.489
2370,47.8655,,0,5.0,0.55,5,3,0,4.9904,1.0,wave,UNKNOWN,UNKNOWN,0.2633,0,67.382
2371,47.8787,,0,5.0,0.55,5,3,0,4.9885,1.0,wave,UNKNOWN,UNKNOWN,0.2633,0,65.757
2372,47.8985,,0,5.0,0.55,5,3,0,4.9916,1.0,wave,UNKNOWN,UNKNOWN,0.2633,0,66.669
2373,47.9115,,0,5.0,0.55,5,3,0,4.9893,1.0,wave,UNKNOWN,UNKNOWN,0.2633,0,67.57
2374,47.9248,,0,5.0,0.55,5,3,0,4.9881,1.0,wave,UNKNOWN,UNKNOWN,0.2633,0,68.619
2375,47.9376,,0,5.0,0.55,5,3,0,4.9873,1.0,wave,UNKNOWN,UNKNOWN,0.2633,0,69.126
2376,47.9515,,0,5.0,0.55,5,3,0,4.9856,1.0,wave,UNKNOWN,UNKNOWN,0.2633,0,69.496
2377,47.966,,0,5.0,0.55,5,3,0,4.9842,1.0,wave,UNKNOWN,UNKNOWN,0.2633,0,69.23
2378,47.9801,,0,5.0,0.55,5,3,0,4.9982,1.0,wave,UNKNOWN,UNKNOWN,0.2633,0,68.922
2379,47.995,,0,5.0,0.55,5,3,0,4.9948,1.0,wave,UNKNOWN,UNKNOWN,0.2633,0,66.491
2380,48.0177,,0,5.0,0.55,5,3,0,4.9847,1.0,wave,UNKNOWN,UNKNOWN,0.2667,1,61.504
2381,48.0778,,0,5.0,0.55,5,3,0,4.9958,1.0,wave,UNKNOWN,UNKNOWN,0.2667,0,62.082
2382,48.0925,,0,5.0,0.55,5,3,0,4.9457,1.0,wave,UNKNOWN,UNKNOWN,0.2667,0,63.022
2383,48.1078,,0,5.0,0.55,5,3,0,4.961,1.0,wave,UNKNOWN,UNKNOWN,0.2667,0,63.309
2384,48.122,,0,5.0,0.55,5,3,0,4.9752,1.0,wave,UNKNOWN,UNKNOWN,0.2667,0,62.048
2385,48.1415,,0,5.0,0.55,5,3,0,4.9946,1.0,wave,UNKNOWN,UNKNOWN,0.2667,0,63.237
2386,48.1548,,0,5.0,0.55,5,3,0,4.9909,1.0,wave,UNKNOWN,UNKNOWN,0.2667,0,63.938
2387,48.1694,,0,5.0,0.55,5,3,0,4.986,1.0,wave,UNKNOWN,UNKNOWN,0.2667,0,64.534
2388,48.1835,,0,5.0,0.55,5,3,0,4.9836,1.0,wave,UNKNOWN,UNKNOWN,0.2667,0,65.436
2389,48.197,,0,5.0,0.55,5,3,0,4.9972,1.0,wave,UNKNOWN,UNKNOWN,0.2667,0,66.098
2390,48.2111,,0,5.0,0.55,5,3,0,4.996,1.0,wave,UNKNOWN,UNKNOWN,0.2667,0,64.814
2391,48.2298,,0,5.0,0.55,5,3,0,4.9983,1.0,wave,UNKNOWN,UNKNOWN,0.2667,0,65.199
2392,48.2444,,0,5.0,0.55,5,3,0,4.9972,1.0,wave,UNKNOWN,UNKNOWN,0.2667,0,64.073
2393,48.263,,0,5.0,0.55,5,3,0,4.9804,1.0,wave,UNKNOWN,UNKNOWN,0.2667,0,63.582
2394,48.2801,,0,5.0,0.55,5,3,0,4.9976,1.0,wave,UNKNOWN,UNKNOWN,0.2833,1,59.138
2395,48.3322,,0,5.0,0.55,5,3,0,4.9852,1.0,wave,UNKNOWN,UNKNOWN,0.2833,0,60.187
2396,48.3464,,0,5.0,0.55,5,3,0,4.9994,1.0,wave,UNKNOWN,UNKNOWN,0.2833,0,60.531
2397,48.3623,,0,5.0,0.55,5,3,0,4.9603,1.0,wave,UNKNOWN,UNKNOWN,0.2833,0,61.733
2398,48.3757,,0,5.0,0.55,5,3,0,4.9737,1.0,wave,UNKNOWN,UNKNOWN,0.2833,0,63.139
2399,48.389,,0,5.0,0.55,5,3,0,4.987,1.0,wave,UNKNOWN,UNKNOWN,0.2833,0,62.41
2400,48.4071,,0,5.0,0.55,5,3,0,4.9877,1.0,wave,UNKNOWN,UNKNOWN,0.2833,0,63.129
2401,48.4212,,0,5.0,0.55,5,3,0,4.9856,1.0,wave,UNKNOWN,UNKNOWN,0.2833,0,63.925
2402,48.4353,,0,5.0,0.55,5,3,0,4.9997,1.0,wave,UNKNOWN,UNKNOWN,0.2833,0,64.879
2403,48.4493,,0,5.0,0.55,5,3,0,4.9966,1.0,wave,UNKNOWN,UNKNOWN,0.2833,0,65.622
2404,48.4633,,0,5.0,0.55,5,3,0,4.9946,1.0,wave,UNKNOWN,UNKNOWN,0.2833,0,66.277
2405,48.4766,,0,5.0,0.55,5,3,0,4.9921,1.0,wave,UNKNOWN,UNKNOWN,0.2833,0,66.657
2406,48.4909,,0,5.0,0.55,5,3,0,4.9889,1.0,wave,UNKNOWN,UNKNOWN,0.2833,0,67.181
2407,48.5049,,0,5.0,0.55,5,3,0,4.9871,1.0,wave,UNKNOWN,UNKNOWN,0.2833,0,67.854
2408,48.5183,,0,5.0,0.55,5,3,0,4.9855,1.0,wave,UNKNOWN,UNKNOWN,0.2833,0,67.798
2409,48.5332,,0,5.0,0.55,5,3,0,4.983,1.0,wave,UNKNOWN,UNKNOWN,0.2867,1,62.884
2410,48.5873,,0,5.0,0.55,5,3,0,4.998,1.0,wave,UNKNOWN,UNKNOWN,0.2867,0,63.463
2411,48.6014,,0,5.0,0.55,5,3,0,4.9903,1.0,wave,UNKNOWN,UNKNOWN,0.2867,0,64.89
2412,48.6143,,0,5.0,0.55,5,3,0,4.9436,1.0,wave,UNKNOWN,UNKNOWN,0.2867,0,65.334
2413,48.6289,,0,5.0,0.55,5,3,0,4.9582,1.0,wave,UNKNOWN,UNKNOWN,0.2867,0,65.775
2414,48.6429,,0,5.0,0.55,5,3,0,4.9722,1.0,wave,UNKNOWN,UNKNOWN,0.2867,0,66.058
2415,48.6577,,0,5.0,0.55,5,3,0,4.987,1.0,wave,UNKNOWN,UNKNOWN,0.2867,0,64.491
2416,48.6796,,0,5.0,0.55,5,3,0,4.9919,1.0,wave,UNKNOWN,UNKNOWN,0.2867,0,63.716
2417,48.6963,,0,5.0,0.55,5,3,0,4.9925,1.0,wave,UNKNOWN,UNKNOWN,0.2867,0,62.356
2418,48.7169,,0,5.0,0.55,5,3,0,4.9865,1.0,wave,UNKNOWN,UNKNOWN,0.2867,0,62.223
2419,48.7325,,0,5.0,0.55,5,3,0,4.9853,1.0,wave,UNKNOWN,UNKNOWN,0.2867,0,61.168
2420,48.7524,,0,5.0,0.55,5,3,0,4.9896,1.0,wave,UNKNOWN,UNKNOWN,0.2867,0,59.597
2421,48.7749,,0,5.0,0.55,5,3,0,4.9943,1.0,wave,UNKNOWN,UNKNOWN,0.2867,0,58.847
2422,48.7937,,0,5.0,0.55,5,3,0,4.998,1.0,wave,UNKNOWN,UNKNOWN,0.27,1,54.365
2423,48.8644,,0,5.0,0.55,5,3,0,4.9434,1.0,wave,UNKNOWN,UNKNOWN,0.27,0,54.105
2424,48.884,,0,5.0,0.55,5,3,0,4.9629,1.0,wave,UNKNOWN,UNKNOWN,0.27,0,54.386
2425,48.9013,,0,5.0,0.55,5,3,0,4.9802,1.0,wave,UNKNOWN,UNKNOWN,0.27,0,54.031
2426,48.921,,0,5.0,0.55,5,3,0,4.9999,1.0,wave,UNKNOWN,UNKNOWN,0.27,0,53.795
2427,48.941,,0,5.0,0.55,5,3,0,4.9885,1.0,wave,UNKNOWN,UNKNOWN,0.27,0,53.754
2428,48.9591,,0,5.0,0.55,5,3,0,4.99,1.0,wave,UNKNOWN,UNKNOWN,0.27,0,54.602
2429,48.9748,,0,5.0,0.55,5,3,0,4.9899,1.0,wave,UNKNOWN,UNKNOWN,0.27,0,55.171
2430,48.9913,,0,5.0,0.55,5,3,0,4.9891,1.0,wave,UNKNOWN,UNKNOWN,0.27,0,55.385
2431,49.0087,,0,5.0,0.55,5,3,0,4.9824,1.0,wave,UNKNOWN,UNKNOWN,0.27,0,55.928
2432,49.0253,,0,5.0,0.55,5,3,0,4.999,1.0,wave,UNKNOWN,UNKNOWN,0.27,0,54.126
2433,49.0516,,0,5.0,0.55,5,3,0,4.9932,1.0,wave,UNKNOWN,UNKNOWN,0.2667,1,50.159
2434,49.1205,,0,5.0,0.55,5,3,0,4.9984,1.0,wave,UNKNOWN,UNKNOWN,0.2667,0,49.683
2435,49.1424,,0,5.0,0.55,5,3,0,4.9645,1.0,wave,UNKNOWN,UNKNOWN,0.2667,0,49.825
2436,49.1621,,0,5.0,0.55,5,3,0,4.9842,1.0,wave,UNKNOWN,UNKNOWN,0.2667,0,50.71
2437,49.1793,,0,5.0,0.55,5,3,0,4.9863,1.0,wave,UNKNOWN,UNKNOWN,0.2667,0,51.764
2438,49.1968,,0,5.0,0.55,5,3,0,4.979,1.0,wave,UNKNOWN,UNKNOWN,0.2667,0,52.941
2439,49.212,,0,5.0,0.55,5,3,0,4.9942,1.0,wave,UNKNOWN,UNKNOWN,0.2667,0,53.957
2440,49.2274,,0,5.0,0.55,5,3,0,4.9934,1.0,wave,UNKNOWN,UNKNOWN,0.2667,0,53.671
2441,49.2467,,0,5.0,0.55,5,3,0,4.9962,1.0,wave,UNKNOWN,UNKNOWN,0.2667,0,54.692
2442,49.2625,,0,5.0,0.55,5,3,0,4.9961,1.0,wave,UNKNOWN,UNKNOWN,0.2667,0,53.107
2443,49.2879,,0,5.0,0.55,5,3,0,4.9907,1.0,wave,UNKNOWN,UNKNOWN,0.2667,0,52.801
2444,49.308,,0,5.0,0.55,5,3,0,4.9881,1.0,wave,UNKNOWN,UNKNOWN,0.2667,1,49.028
2445,49.374,,0,5.0,0.55,5,3,0,4.9879,1.0,wave,UNKNOWN,UNKNOWN,0.2667,0,50.108
2446,49.3906,,0,5.0,0.55,5,3,0,4.9431,1.0,wave,UNKNOWN,UNKNOWN,0.2667,0,51.252
2447,49.4077,,0,5.0,0.55,5,3,0,4.9601,1.0,wave,UNKNOWN,UNKNOWN,0.2667,0,52.014
2448,49.4244,,0,5.0,0.55,5,3,0,4.9768,1.0,wave,UNKNOWN,UNKNOWN,0.2667,0,52.535
2449,49.4414,,0,5.0,0.55,5,3,0,4.9938,1.0,wave,UNKNOWN,UNKNOWN,0.2667,0,53.366
2450,49.458,,0,5.0,0.55,5,3,0,4.9932,1.0,wave,UNKNOWN,UNKNOWN,0.2667,0,54.14
2451,49.4742,,0,5.0,0.55,5,3,0,4.9937,1.0,wave,UNKNOWN,UNKNOWN,0.2667,0,54.85
2452,49.4906,,0,5.0,0.55,5,3,0,4.9935,1.0,wave,UNKNOWN,UNKNOWN,0.2667,0,55.226
2453,49.5076,,0,5.0,0.55,5,3,0,4.9936,1.0,wave,UNKNOWN,UNKNOWN,0.2667,0,55.5
2454,49.5258,,0,5.0,0.55,5,3,0,4.9966,1.0,wave,UNKNOWN,UNKNOWN,0.2667,0,56.218
2455,49.5413,,0,5.0,0.55,5,3,0,4.9977,1.0,wave,UNKNOWN,UNKNOWN,0.2667,0,56.633
2456,49.5581,,0,5.0,0.55,5,3,0,4.9996,1.0,wave,UNKNOWN,UNKNOWN,0.2567,1,52.597
2457,49.619,,0,5.0,0.55,5,3,0,4.9966,1.0,wave,UNKNOWN,UNKNOWN,0.2567,0,52.003
2458,49.6403,,0,5.0,0.55,5,3,0,4.9986,1.0,wave,UNKNOWN,UNKNOWN,0.2567,0,52.679
2459,49.6573,,0,5.0,0.55,5,3,0,4.9608,1.0,wave,UNKNOWN,UNKNOWN,0.2567,0,52.565
2460,49.6781,,0,5.0,0.55,5,3,0,4.9816,1.0,wave,UNKNOWN,UNKNOWN,0.2567,0,52.732
2461,49.6961,,0,5.0,0.55,5,3,0,4.9996,1.0,wave,UNKNOWN,UNKNOWN,0.2567,0,53.252
2462,49.7129,,0,5.0,0.55,5,3,0,4.98,1.0,wave,UNKNOWN,UNKNOWN,0.2567,0,53.885
2463,49.7298,,0,5.0,0.55,5,3,0,4.9969,1.0,wave,UNKNOWN,UNKNOWN,0.2567,0,54.554
2464,49.7463,,0,5.0,0.55,5,3,0,4.9955,1.0,wave,UNKNOWN,UNKNOWN,0.2567,0,52.772
2465,49.7734,,0,5.0,0.55,5,3,0,4.9867,1.0,wave,UNKNOWN,UNKNOWN,0.2567,0,53.04
2466,49.7912,,0,5.0,0.55,5,3,0,4.9866,1.0,wave,UNKNOWN,UNKNOWN,0.2567,0,53.741
2467,49.8081,,0,5.0,0.55,5,3,0,4.9871,1.0,wave,UNKNOWN,UNKNOWN,0.2767,1,49.873
2468,49.8753,,0,5.0,0.55,5,3,0,4.9888,1.0,wave,UNKNOWN,UNKNOWN,0.2767,0,50.379
2469,49.8925,,0,5.0,0.55,5,3,0,4.9875,1.0,wave,UNKNOWN,UNKNOWN,0.2767,0,51.37
2470,49.9087,,0,5.0,0.55,5,3,0,4.9399,1.0,wave,UNKNOWN,UNKNOWN,0.2767,0,52.181
2471,49.9259,,0,5.0,0.55,5,3,0,4.9572,1.0,wave,UNKNOWN,UNKNOWN,0.2767,0,52.683
2472,49.9441,,0,5.0,0.55,5,3,0,4.9753,1.0,wave,UNKNOWN,UNKNOWN,0.2767,0,52.605
2473,49.9634,,0,5.0,0.55,5,3,0,4.9946,1.0,wave,UNKNOWN,UNKNOWN,0.2767,0,53.268
2474,49.9799,,0,5.0,0.55,5,3,0,4.9963,1.0,wave,UNKNOWN,UNKNOWN,0.2767,0,54.163
2475,49.9962,,0,5.0,0.55,5,3,0,4.9957,1.0,wave,UNKNOWN,UNKNOWN,0.2767,0,54.459
2476,50.0132,,0,5.0,0.55,5,3,0,4.997,1.0,wave,UNKNOWN,UNKNOWN,0.2767,0,54.803
2477,50.0306,,0,5.0,0.55,5,3,0,4.9999,1.0,wave,UNKNOWN,UNKNOWN,0.2767,0,53.147
2478,50.0564,,0,5.0,0.55,5,3,0,4.9967,1.0,wave,UNKNOWN,UNKNOWN,0.2767,0,53.774
2479,50.0733,,0,5.0,0.55,5,3,0,4.9952,1.0,wave,UNKNOWN,UNKNOWN,0.27,1,50.271
2480,50.1265,,0,5.0,0.55,5,3,0,4.9853,1.0,wave,UNKNOWN,UNKNOWN,0.27,0,52.389
2481,50.1401,,0,5.0,0.55,5,3,0,4.9989,1.0,wave,UNKNOWN,UNKNOWN,0.27,0,54.341
2482,50.1541,,0,5.0,0.55,5,3,0,4.9966,1.0,wave,UNKNOWN,UNKNOWN,0.27,0,56.45
2483,50.1675,,0,5.0,0.55,5,3,0,4.956,1.0,wave,UNKNOWN,UNKNOWN,0.27,0,57.731
2484,50.1818,,0,5.0,0.55,5,3,0,4.9703,1.0,wave,UNKNOWN,UNKNOWN,0.27,0,58.108
2485,50.1984,,0,5.0,0.55,5,3,0,4.9869,1.0,wave,UNKNOWN,UNKNOWN,0.27,0,58.625
2486,50.2142,,0,5.0,0.55,5,3,0,4.9879,1.0,wave,UNKNOWN,UNKNOWN,0.27,0,59.182
2487,50.23,,0,5.0,0.55,5,3,0,4.9894,1.0,wave,UNKNOWN,UNKNOWN,0.27,0,57.735
2488,50.2521,,0,5.0,0.55,5,3,0,4.9954,1.0,wave,UNKNOWN,UNKNOWN,0.27,0,58.958
2489,50.2666,,0,5.0,0.55,5,3,0,4.996,1.0,wave,UNKNOWN,UNKNOWN,0.27,0,60.071
2490,50.2805,,0,5.0,0.55,5,3,0,4.995,1.0,wave,UNKNOWN,UNKNOWN,0.27,0,60.883
2491,50.295,,0,5.0,0.55,5,3,0,4.9938,1.0,wave,UNKNOWN,UNKNOWN,0.27,0,61.813
2492,50.3093,,0,5.0,0.55,5,3,0,4.9917,1.0,wave,UNKNOWN,UNKNOWN,0.27,0,62.991
2493,50.3237,,0,5.0,0.55,5,3,0,4.9895,1.0,wave,UNKNOWN,UNKNOWN,0.2633,1,58.586
2494,50.3758,,0,5.0,0.55,5,3,0,4.9837,1.0,wave,UNKNOWN,UNKNOWN,0.2633,0,60.16
2495,50.3891,,0,5.0,0.55,5,3,0,4.9969,1.0,wave,UNKNOWN,UNKNOWN,0.2633,0,59.843
2496,50.4067,,0,5.0,0.55,5,3,0,4.9971,1.0,wave,UNKNOWN,UNKNOWN,0.2633,0,61.148
2497,50.4206,,0,5.0,0.55,5,3,0,4.9559,1.0,wave,UNKNOWN,UNKNOWN,0.2633,0,62.467
2498,50.4345,,0,5.0,0.55,5,3,0,4.9698,1.0,wave,UNKNOWN,UNKNOWN,0.2633,0,61.059
2499,50.4549,,0,5.0,0.55,5,3,0,4.9902,1.0,wave,UNKNOWN,UNKNOWN,0.2633,0,62.179
2500,50.4683,,0,5.0,0.55,5,3,0,4.9878,1.0,wave,UNKNOWN,UNKNOWN,0.2633,0,63.596
2501,50.4814,,0,5.0,0.55,5,3,0,4.9863,1.0,wave,UNKNOWN,UNKNOWN,0.2633,0,64.522
2502,50.4955,,0,5.0,0.55,5,3,0,4.9851,1.0,wave,UNKNOWN,UNKNOWN,0.2633,0,64.257
2503,50.5119,,0,5.0,0.55,5,3,0,4.9739,1.0,wave,UNKNOWN,UNKNOWN,0.2633,0,64.027
2504,50.5285,,0,5.0,0.55,5,3,0,4.9905,1.0,wave,UNKNOWN,UNKNOWN,0.2633,0,63.687
2505,50.545,,0,5.0,0.55,5,3,0,4.9892,1.0,wave,UNKNOWN,UNKNOWN,0.2633,0,63.217
2506,50.5618,,0,5.0,0.55,5,3,0,4.9882,1.0,wave,UNKNOWN,UNKNOWN,0.2633,0,61.876
2507,50.5812,,0,5.0,0.55,5,3,0,4.9897,1.0,wave,UNKNOWN,UNKNOWN,0.2633,1,57.638
2508,50.6327,,0,5.0,0.55,5,3,0,4.9937,1.0,wave,UNKNOWN,UNKNOWN,0.2633,0,59.004
2509,50.6465,,0,5.0,0.55,5,3,0,4.9915,1.0,wave,UNKNOWN,UNKNOWN,0.2633,0,60.497
2510,50.6597,,0,5.0,0.55,5,3,0,4.9858,1.0,wave,UNKNOWN,UNKNOWN,0.2633,0,61.966
2511,50.6732,,0,5.0,0.55,5,3,0,4.9993,1.0,wave,UNKNOWN,UNKNOWN,0.2633,0,60.29
2512,50.6953,,0,5.0,0.55,5,3,0,4.9499,1.0,wave,UNKNOWN,UNKNOWN,0.2633,0,61.493
2513,50.709,,0,5.0,0.55,5,3,0,4.9637,1.0,wave,UNKNOWN,UNKNOWN,0.2633,0,62.754
2514,50.7226,,0,5.0,0.55,5,3,0,4.9773,1.0,wave,UNKNOWN,UNKNOWN,0.2633,0,62.111
2515,50.7404,,0,5.0,0.55,5,3,0,4.995,1.0,wave,UNKNOWN,UNKNOWN,0.2633,0,63.149
2516,50.7541,,0,5.0,0.55,5,3,0,4.9933,1.0,wave,UNKNOWN,UNKNOWN,0.2633,0,64.026
2517,50.7685,,0,5.0,0.55,5,3,0,4.9906,1.0,wave,UNKNOWN,UNKNOWN,0.2633,0,64.976
2518,50.7815,,0,5.0,0.55,5,3,0,4.9875,1.0,wave,UNKNOWN,UNKNOWN,0.2633,0,66.502
2519,50.7948,,0,5.0,0.55,5,3,0,4.9839,1.0,wave,UNKNOWN,UNKNOWN,0.2633,0,66.653
2520,50.8087,,0,5.0,0.55,5,3,0,4.9978,1.0,wave,UNKNOWN,UNKNOWN,0.2633,0,67.357
2521,50.8222,,0,5.0,0.55,5,3,0,4.9952,1.0,wave,UNKNOWN,UNKNOWN,0.2633,0,67.71
2522,50.8364,,0,5.0,0.55,5,3,0,4.9921,1.0,wave,UNKNOWN,UNKNOWN,0.2867,1,62.805
2523,50.8901,,0,5.0,0.55,5,3,0,4.9835,1.0,wave,UNKNOWN,UNKNOWN,0.2867,0,63.489
2524,50.9043,,0,5.0,0.55,5,3,0,4.9977,1.0,wave,UNKNOWN,UNKNOWN,0.2867,0,65.076
2525,50.9173,,0,5.0,0.55,5,3,0,4.988,1.0,wave,UNKNOWN,UNKNOWN,0.2867,0,63.889
2526,50.9361,,0,5.0,0.55,5,3,0,4.9512,1.0,wave,UNKNOWN,UNKNOWN,0.2867,0,64.14
2527,50.9511,,0,5.0,0.55,5,3,0,4.9662,1.0,wave,UNKNOWN,UNKNOWN,0.2867,0,65.211
2528,50.9643,,0,5.0,0.55,5,3,0,4.9793,1.0,wave,UNKNOWN,UNKNOWN,0.2867,0,63.218
2529,50.9864,,0,5.0,0.55,5,3,0,4.9831,1.0,wave,UNKNOWN,UNKNOWN,0.2867,0,61.355
2530,51.0087,,0,5.0,0.55,5,3,0,4.9871,1.0,wave,UNKNOWN,UNKNOWN,0.2867,0,62.41
2531,51.0233,,0,5.0,0.55,5,3,0,4.9696,1.0,wave,UNKNOWN,UNKNOWN,0.2867,0,61.337
2532,51.0433,,0,5.0,0.55,5,3,0,4.9896,1.0,wave,UNKNOWN,UNKNOWN,0.2867,0,61.18
2533,51.0594,,0,5.0,0.55,5,3,0,4.9847,1.0,wave,UNKNOWN,UNKNOWN,0.2867,0,61.704
2534,51.074,,0,5.0,0.55,5,3,0,4.9993,1.0,wave,UNKNOWN,UNKNOWN,0.2867,0,62.203
2535,51.0893,,0,5.0,0.55,5,3,0,4.9971,1.0,wave,UNKNOWN,UNKNOWN,0.3133,1,57.77
2536,51.1453,,0,5.0,0.55,5,3,0,4.9875,1.0,wave,UNKNOWN,UNKNOWN,0.3133,0,58.326
2537,51.1608,,0,5.0,0.55,5,3,0,4.976,1.0,wave,UNKNOWN,UNKNOWN,0.3133,0,58.777
2538,51.1773,,0,5.0,0.55,5,3,0,4.9925,1.0,wave,UNKNOWN,UNKNOWN,0.3133,0,59.229
2539,51.1926,,0,5.0,0.55,5,3,0,4.9412,1.0,wave,UNKNOWN,UNKNOWN,0.3133,0,57.588
2540,51.2164,,0,5.0,0.55,5,3,0,4.965,1.0,wave,UNKNOWN,UNKNOWN,0.3133,0,58.7
2541,51.2322,,0,5.0,0.55,5,3,0,4.9808,1.0,wave,UNKNOWN,UNKNOWN,0.3133,0,58.193
2542,51.2499,,0,5.0,0.55,5,3,0,4.9985,1.0,wave,UNKNOWN,UNKNOWN,0.3133,0,58.527
2543,51.2652,,0,5.0,0.55,5,3,0,4.9976,1.0,wave,UNKNOWN,UNKNOWN,0.3133,0,59.944
2544,51.279,,0,5.0,0.55,5,3,0,4.9845,1.0,wave,UNKNOWN,UNKNOWN,0.3133,0,60.878
2545,51.2934,,0,5.0,0.55,5,3,0,4.9988,1.0,wave,UNKNOWN,UNKNOWN,0.3133,0,61.578
2546,51.3091,,0,5.0,0.55,5,3,0,4.9684,1.0,wave,UNKNOWN,UNKNOWN,0.3133,0,61.833
2547,51.3247,,0,5.0,0.55,5,3,0,4.984,1.0,wave,UNKNOWN,UNKNOWN,0.3133,0,60.53
2548,51.3454,,0,5.0,0.55,5,3,0,4.9825,1.0,wave,UNKNOWN,UNKNOWN,0.33,1,55.966
2549,51.412,,0,5.0,0.55,5,3,0,4.9797,1.0,wave,UNKNOWN,UNKNOWN,0.33,0,55.634
2550,51.4315,,0,5.0,0.55,5,3,0,4.9992,1.0,wave,UNKNOWN,UNKNOWN,0.33,0,56.148
2551,51.447,,0,5.0,0.55,5,3,0,4.9933,1.0,wave,UNKNOWN,UNKNOWN,0.33,0,55.183
2552,51.4684,,0,5.0,0.55,5,3,0,4.9545,1.0,wave,UNKNOWN,UNKNOWN,0.33,0,56.638
2553,51.4827,,0,5.0,0.55,5,3,0,4.9689,1.0,wave,UNKNOWN,UNKNOWN,0.33,0,57.547
2554,51.4978,,0,5.0,0.55,5,3,0,4.9839,1.0,wave,UNKNOWN,UNKNOWN,0.33,0,56.717
2555,51.5187,,0,5.0,0.55,5,3,0,4.9815,1.0,wave,UNKNOWN,UNKNOWN,0.33,0,57.769
2556,51.5336,,0,5.0,0.55,5,3,0,4.9964,1.0,wave,UNKNOWN,UNKNOWN,0.33,0,58.868
2557,51.5479,,0,5.0,0.55,5,3,0,4.9912,1.0,wave,UNKNOWN,UNKNOWN,0.33,0,60.156
2558,51.5614,,0,5.0,0.55,5,3,0,4.9841,1.0,wave,UNKNOWN,UNKNOWN,0.33,0,61.572
2559,51.5747,,0,5.0,0.55,5,3,0,4.9975,1.0,wave,UNKNOWN,UNKNOWN,0.33,0,62.824
2560,51.5884,,0,5.0,0.55,5,3,0,4.9915,1.0,wave,UNKNOWN,UNKNOWN,0.33,0,63.851
2561,51.6022,,0,5.0,0.55,5,3,0,4.9829,1.0,wave,UNKNOWN,UNKNOWN,0.3,1,59.392
2562,51.654,,0,5.0,0.55,5,3,0,4.991,1.0,wave,UNKNOWN,UNKNOWN,0.3,0,60.144
2563,51.6695,,0,5.0,0.55,5,3,0,4.9868,1.0,wave,UNKNOWN,UNKNOWN,0.3,0,61.299
2564,51.6833,,0,5.0,0.55,5,3,0,4.9842,1.0,wave,UNKNOWN,UNKNOWN,0.3,0,62.408
2565,51.6974,,0,5.0,0.55,5,3,0,4.9984,1.0,wave,UNKNOWN,UNKNOWN,0.3,0,62.723
2566,51.7117,,0,5.0,0.55,5,3,0,4.9887,1.0,wave,UNKNOWN,UNKNOWN,0.3,0,63.213
2567,51.7266,,0,5.0,0.55,5,3,0,4.932,1.0,wave,UNKNOWN,UNKNOWN,0.3,0,64.005
2568,51.7406,,0,5.0,0.55,5,3,0,4.9461,1.0,wave,UNKNOWN,UNKNOWN,0.3,0,64.707
2569,51.7549,,0,5.0,0.55,5,3,0,4.9604,1.0,wave,UNKNOWN,UNKNOWN,0.3,0,64.972
2570,51.7696,,0,5.0,0.55,5,3,0,4.9751,1.0,wave,UNKNOWN,UNKNOWN,0.3,0,66.059
2571,51.7828,,0,5.0,0.55,5,3,0,4.9883,1.0,wave,UNKNOWN,UNKNOWN,0.3,0,66.957
2572,51.7965,,0,5.0,0.55,5,3,0,4.9825,1.0,wave,UNKNOWN,UNKNOWN,0.3,0,67.161
2573,51.8105,,0,5.0,0.55,5,3,0,4.9965,1.0,wave,UNKNOWN,UNKNOWN,0.3,0,65.955
2574,51.8292,,0,5.0,0.55,5,3,0,4.9952,1.0,wave,UNKNOWN,UNKNOWN,0.3,0,64.169
2575,51.8507,,0,5.0,0.55,5,3,0,4.9881,1.0,wave,UNKNOWN,UNKNOWN,0.3,0,64.054
2576,51.8664,,0,5.0,0.55,5,3,0,4.9869,1.0,wave,UNKNOWN,UNKNOWN,0.26,1,58.927
2577,51.9446,,0,5.0,0.55,5,3,0,4.9855,1.0,wave,UNKNOWN,UNKNOWN,0.26,0,58.671
2578,51.9621,,0,5.0,0.55,5,3,0,4.9844,1.0,wave,UNKNOWN,UNKNOWN,0.26,0,56.759
2579,51.9867,,0,5.0,0.55,5,3,0,4.9394,1.0,wave,UNKNOWN,UNKNOWN,0.26,0,58.33
2580,52.0006,,0,5.0,0.55,5,3,0,4.9533,1.0,wave,UNKNOWN,UNKNOWN,0.26,0,59.88
2581,52.0143,,0,5.0,0.55,5,3,0,4.967,1.0,wave,UNKNOWN,UNKNOWN,0.26,0,60.661
2582,52.0288,,0,5.0,0.55,5,3,0,4.9815,1.0,wave,UNKNOWN,UNKNOWN,0.26,0,61.616
2583,52.043,,0,5.0,0.55,5,3,0,4.9957,1.0,wave,UNKNOWN,UNKNOWN,0.26,0,62.606
2584,52.0577,,0,5.0,0.55,5,3,0,4.9923,1.0,wave,UNKNOWN,UNKNOWN,0.26,0,63.063
2585,52.0719,,0,5.0,0.55,5,3,0,4.9928,1.0,wave,UNKNOWN,UNKNOWN,0.26,0,64.304
2586,52.086,,0,5.0,0.55,5,3,0,4.9933,1.0,wave,UNKNOWN,UNKNOWN,0.26,0,64.695
2587,52.0999,,0,5.0,0.55,5,3,0,4.9806,1.0,wave,UNKNOWN,UNKNOWN,0.26,0,65.502
2588,52.1136,,0,5.0,0.55,5,3,0,4.9942,1.0,wave,UNKNOWN,UNKNOWN,0.26,0,65.833
2589,52.1279,,0,5.0,0.55,5,3,0,4.9939,1.0,wave,UNKNOWN,UNKNOWN,0.3033,1,60.826
2590,52.1917,,0,5.0,0.55,5,3,0,4.9959,1.0,wave,UNKNOWN,UNKNOWN,0.3033,0,61.777
2591,52.2059,,0,5.0,0.55,5,3,0,4.9829,1.0,wave,UNKNOWN,UNKNOWN,0.3033,0,61.639
2592,52.2228,,0,5.0,0.55,5,3,0,4.9998,1.0,wave,UNKNOWN,UNKNOWN,0.3033,0,60.969
2593,52.2409,,0,5.0,0.55,5,3,0,4.9974,1.0,wave,UNKNOWN,UNKNOWN,0.3033,0,60.689
2594,52.2581,,0,5.0,0.55,5,3,0,4.9566,1.0,wave,UNKNOWN,UNKNOWN,0.3033,0,60.852
2595,52.2743,,0,5.0,0.55,5,3,0,4.9728,1.0,wave,UNKNOWN,UNKNOWN,0.3033,0,60.991
2596,52.2905,,0,5.0,0.55,5,3,0,4.9891,1.0,wave,UNKNOWN,UNKNOWN,0.3033,0,61.139
2597,52.3067,,0,5.0,0.55,5,3,0,4.9905,1.0,wave,UNKNOWN,UNKNOWN,0.3033,0,61.714
2598,52.3209,,0,5.0,0.55,5,3,0,4.9917,1.0,wave,UNKNOWN,UNKNOWN,0.3033,0,62.909
2599,52.335,,0,5.0,0.55,5,3,0,4.9924,1.0,wave,UNKNOWN,UNKNOWN,0.3033,0,63.473
2600,52.3489,,0,5.0,0.55,5,3,0,4.9918,1.0,wave,UNKNOWN,UNKNOWN,0.3033,0,63.996
2601,52.3637,,0,5.0,0.55,5,3,0,4.9936,1.0,wave,UNKNOWN,UNKNOWN,0.3033,0,61.978
2602,52.3866,,0,5.0,0.55,5,3,0,4.9881,1.0,wave,UNKNOWN,UNKNOWN,0.3267,1,57.375
2603,52.4502,,0,5.0,0.55,5,3,0,4.9971,1.0,wave,UNKNOWN,UNKNOWN,0.3267,0,57.868
2604,52.4656,,0,5.0,0.55,5,3,0,4.9988,1.0,wave,UNKNOWN,UNKNOWN,0.3267,0,59.421
2605,52.4789,,0,5.0,0.55,5,3,0,4.9984,1.0,wave,UNKNOWN,UNKNOWN,0.3267,0,60.883
2606,52.4925,,0,5.0,0.55,5,3,0,4.9988,1.0,wave,UNKNOWN,UNKNOWN,0.3267,0,61.201
2607,52.508,,0,5.0,0.55,5,3,0,4.9597,1.0,wave,UNKNOWN,UNKNOWN,0.3267,0,61.705
2608,52.5228,,0,5.0,0.55,5,3,0,4.9745,1.0,wave,UNKNOWN,UNKNOWN,0.3267,0,62.708
2609,52.5373,,0,5.0,0.55,5,3,0,4.9891,1.0,wave,UNKNOWN,UNKNOWN,0.3267,0,62.355
2610,52.5543,,0,5.0,0.55,5,3,0,4.9841,1.0,wave,UNKNOWN,UNKNOWN,0.3267,0,63.064
2611,52.5687,,0,5.0,0.55,5,3,0,4.9985,1.0,wave,UNKNOWN,UNKNOWN,0.3267,0,63.825
2612,52.5823,,0,5.0,0.55,5,3,0,4.9987,1.0,wave,UNKNOWN,UNKNOWN,0.3267,0,65.232
2613,52.5952,,0,5.0,0.55,5,3,0,4.9985,1.0,wave,UNKNOWN,UNKNOWN,0.3267,0,65.611
2614,52.6099,,0,5.0,0.55,5,3,0,4.9998,1.0,wave,UNKNOWN,UNKNOWN,0.3267,0,66.067
2615,52.6241,,0,5.0,0.55,5,3,0,4.9823,1.0,wave,UNKNOWN,UNKNOWN,0.3267,0,65.452
2616,52.6406,,0,5.0,0.55,5,3,0,4.9988,1.0,wave,UNKNOWN,UNKNOWN,0.37,1,60.842
2617,52.6926,,0,5.0,0.55,5,3,0,4.9962,1.0,wave,UNKNOWN,UNKNOWN,0.37,0,61.87
2618,52.7063,,0,5.0,0.55,5,3,0,4.997,1.0,wave,UNKNOWN,UNKNOWN,0.37,0,62.856
2619,52.7214,,0,5.0,0.55,5,3,0,4.999,1.0,wave,UNKNOWN,UNKNOWN,0.37,0,62.308
2620,52.7386,,0,5.0,0.55,5,3,0,4.9862,1.0,wave,UNKNOWN,UNKNOWN,0.37,0,61.362
2621,52.7574,,0,5.0,0.55,5,3,0,4.9474,1.0,wave,UNKNOWN,UNKNOWN,0.37,0,60.445
2622,52.7782,,0,5.0,0.55,5,3,0,4.9682,1.0,wave,UNKNOWN,UNKNOWN,0.37,0,59.747
2623,52.795,,0,5.0,0.55,5,3,0,4.985,1.0,wave,UNKNOWN,UNKNOWN,0.37,0,60.097
2624,52.8107,,0,5.0,0.55,5,3,0,4.987,1.0,wave,UNKNOWN,UNKNOWN,0.37,0,60.044
2625,52.8272,,0,5.0,0.55,5,3,0,4.9902,1.0,wave,UNKNOWN,UNKNOWN,0.37,0,60.451
2626,52.8426,,0,5.0,0.55,5,3,0,4.9917,1.0,wave,UNKNOWN,UNKNOWN,0.37,0,62.064
2627,52.8562,,0,5.0,0.55,5,3,0,4.9907,1.0,wave,UNKNOWN,UNKNOWN,0.37,0,63.0
2628,52.8702,,0,5.0,0.55,5,3,0,4.9916,1.0,wave,UNKNOWN,UNKNOWN,0.37,0,63.511
2629,52.8849,,0,5.0,0.55,5,3,0,4.9864,1.0,wave,UNKNOWN,UNKNOWN,0.37,0,63.507
2630,52.901,,0,5.0,0.55,5,3,0,4.9894,1.0,wave,UNKNOWN,UNKNOWN,0.32,1,58.568
2631,52.972,,0,5.0,0.55,5,3,0,4.9919,1.0,wave,UNKNOWN,UNKNOWN,0.32,0,59.526
2632,52.9866,,0,5.0,0.55,5,3,0,4.9916,1.0,wave,UNKNOWN,UNKNOWN,0.32,0,60.791
2633,52.9998,,0,5.0,0.55,5,3,0,4.9821,1.0,wave,UNKNOWN,UNKNOWN,0.32,0,61.99
2634,53.0134,,0,5.0,0.55,5,3,0,4.9957,1.0,wave,UNKNOWN,UNKNOWN,0.32,0,61.817
2635,53.0299,,0,5.0,0.55,5,3,0,4.9521,1.0,wave,UNKNOWN,UNKNOWN,0.32,0,62.272
2636,53.0449,,0,5.0,0.55,5,3,0,4.9671,1.0,wave,UNKNOWN,UNKNOWN,0.32,0,62.065
2637,53.0615,,0,5.0,0.55,5,3,0,4.9837,1.0,wave,UNKNOWN,UNKNOWN,0.32,0,62.556
2638,53.0764,,0,5.0,0.55,5,3,0,4.9986,1.0,wave,UNKNOWN,UNKNOWN,0.32,0,62.748
2639,53.0919,,0,5.0,0.55,5,3,0,4.9994,1.0,wave,UNKNOWN,UNKNOWN,0.32,0,62.79
2640,53.1079,,0,5.0,0.55,5,3,0,4.9859,1.0,wave,UNKNOWN,UNKNOWN,0.32,0,62.325
2641,53.1253,,0,5.0,0.55,5,3,0,4.9839,1.0,wave,UNKNOWN,UNKNOWN,0.32,0,62.19
2642,53.1417,,0,5.0,0.55,5,3,0,4.9869,1.0,wave,UNKNOWN,UNKNOWN,0.32,0,61.8
2643,53.1587,,0,5.0,0.55,5,3,0,4.9893,1.0,wave,UNKNOWN,UNKNOWN,0.2933,1,57.216
2644,53.2215,,0,5.0,0.55,5,3,0,4.9917,1.0,wave,UNKNOWN,UNKNOWN,0.2933,0,58.68
2645,53.2363,,0,5.0,0.55,5,3,0,4.992,1.0,wave,UNKNOWN,UNKNOWN,0.2933,0,59.784
2646,53.2501,,0,5.0,0.55,5,3,0,4.9871,1.0,wave,UNKNOWN,UNKNOWN,0.2933,0,60.834
2647,53.2638,,0,5.0,0.55,5,3,0,4.9837,1.0,wave,UNKNOWN,UNKNOWN,0.2933,0,61.613
2648,53.2782,,0,5.0,0.55,5,3,0,4.998,1.0,wave,UNKNOWN,UNKNOWN,0.2933,0,62.34
2649,53.2928,,0,5.0,0.55,5,3,0,4.9605,1.0,wave,UNKNOWN,UNKNOWN,0.2933,0,62.934
2650,53.3073,,0,5.0,0.55,5,3,0,4.9751,1.0,wave,UNKNOWN,UNKNOWN,0.2933,0,63.447
2651,53.322,,0,5.0,0.55,5,3,0,4.9898,1.0,wave,UNKNOWN,UNKNOWN,0.2933,0,64.618
2652,53.3363,,0,5.0,0.55,5,3,0,4.9899,1.0,wave,UNKNOWN,UNKNOWN,0.2933,0,65.079
2653,53.3506,,0,5.0,0.55,5,3,0,4.9884,1.0,wave,UNKNOWN,UNKNOWN,0.2933,0,65.61
2654,53.3643,,0,5.0,0.55,5,3,0,4.9886,1.0,wave,UNKNOWN,UNKNOWN,0.2933,0,65.364
2655,53.3801,,0,5.0,0.55,5,3,0,4.9911,1.0,wave,UNKNOWN,UNKNOWN,0.2933,0,65.439
2656,53.395,,0,5.0,0.55,5,3,0,4.9879,1.0,wave,UNKNOWN,UNKNOWN,0.2933,0,65.712
2657,53.4096,,0,5.0,0.55,5,3,0,4.9884,1.0,wave,UNKNOWN,UNKNOWN,0.32,1,61.033
2658,53.4626,,0,5.0,0.55,5,3,0,4.9993,1.0,wave,UNKNOWN,UNKNOWN,0.32,0,61.865
2659,53.477,,0,5.0,0.55,5,3,0,4.986,1.0,wave,UNKNOWN,UNKNOWN,0.32,0,61.614
2660,53.4939,,0,5.0,0.55,5,3,0,4.9891,1.0,wave,UNKNOWN,UNKNOWN,0.32,0,59.837
2661,53.517,,0,5.0,0.55,5,3,0,4.9986,1.0,wave,UNKNOWN,UNKNOWN,0.32,0,60.868
2662,53.5308,,0,5.0,0.55,5,3,0,4.9976,1.0,wave,UNKNOWN,UNKNOWN,0.32,0,61.476
2663,53.5458,,0,5.0,0.55,5,3,0,4.9584,1.0,wave,UNKNOWN,UNKNOWN,0.32,0,62.243
2664,53.5603,,0,5.0,0.55,5,3,0,4.9729,1.0,wave,UNKNOWN,UNKNOWN,0.32,0,63.34
2665,53.5745,,0,5.0,0.55,5,3,0,4.9872,1.0,wave,UNKNOWN,UNKNOWN,0.32,0,63.583
2666,53.5893,,0,5.0,0.55,5,3,0,4.9879,1.0,wave,UNKNOWN,UNKNOWN,0.32,0,64.782
2667,53.6028,,0,5.0,0.55,5,3,0,4.9885,1.0,wave,UNKNOWN,UNKNOWN,0.32,0,65.129
2668,53.6175,,0,5.0,0.55,5,3,0,4.9886,1.0,wave,UNKNOWN,UNKNOWN,0.32,0,65.611
2669,53.6315,,0,5.0,0.55,5,3,0,4.9886,1.0,wave,UNKNOWN,UNKNOWN,0.32,0,65.853
2670,53.6461,,0,5.0,0.55,5,3,0,4.9884,1.0,wave,UNKNOWN,UNKNOWN,0.32,0,66.085
2671,53.6606,,0,5.0,0.55,5,3,0,4.981,1.0,wave,UNKNOWN,UNKNOWN,0.3133,1,61.108
2672,53.7223,,0,5.0,0.55,5,3,0,4.9898,1.0,wave,UNKNOWN,UNKNOWN,0.3133,0,62.409
2673,53.736,,0,5.0,0.55,5,3,0,4.9836,1.0,wave,UNKNOWN,UNKNOWN,0.3133,0,63.539
2674,53.7497,,0,5.0,0.55,5,3,0,4.9973,1.0,wave,UNKNOWN,UNKNOWN,0.3133,0,63.992
2675,53.7641,,0,5.0,0.55,5,3,0,4.9893,1.0,wave,UNKNOWN,UNKNOWN,0.3133,0,64.293
2676,53.7786,,0,5.0,0.55,5,3,0,4.9849,1.0,wave,UNKNOWN,UNKNOWN,0.3133,0,65.281
2677,53.7923,,0,5.0,0.55,5,3,0,4.9986,1.0,wave,UNKNOWN,UNKNOWN,0.3133,0,65.725
2678,53.8064,,0,5.0,0.55,5,3,0,4.942,1.0,wave,UNKNOWN,UNKNOWN,0.3133,0,67.006
2679,53.8195,,0,5.0,0.55,5,3,0,4.955,1.0,wave,UNKNOWN,UNKNOWN,0.3133,0,67.703
2680,53.833,,0,5.0,0.55,5,3,0,4.9686,1.0,wave,UNKNOWN,UNKNOWN,0.3133,0,67.694
2681,53.8476,,0,5.0,0.55,5,3,0,4.9832,1.0,wave,UNKNOWN,UNKNOWN,0.3133,0,67.855
2682,53.8618,,0,5.0,0.55,5,3,0,4.9974,1.0,wave,UNKNOWN,UNKNOWN,0.3133,0,68.111
2683,53.8761,,0,5.0,0.55,5,3,0,4.9921,1.0,wave,UNKNOWN,UNKNOWN,0.3133,0,68.606
2684,53.8902,,0,5.0,0.55,5,3,0,4.9889,1.0,wave,UNKNOWN,UNKNOWN,0.3133,0,69.066
2685,53.9035,,0,5.0,0.55,5,3,0,4.9826,1.0,wave,UNKNOWN,UNKNOWN,0.3133,0,69.816
2686,53.9165,,0,5.0,0.55,5,3,0,4.9955,1.0,wave,UNKNOWN,UNKNOWN,0.3133,1,64.483
2687,53.9775,,0,5.0,0.55,5,3,0,4.9862,1.0,wave,UNKNOWN,UNKNOWN,0.3133,0,65.177
2688,53.9915,,0,5.0,0.55,5,3,0,4.9827,1.0,wave,UNKNOWN,UNKNOWN,0.3133,0,66.054
2689,54.0049,,0,5.0,0.55,5,3,0,4.9962,1.0,wave,UNKNOWN,UNKNOWN,0.3133,0,66.802
2690,54.0184,,0,5.0,0.55,5,3,0,4.993,1.0,wave,UNKNOWN,UNKNOWN,0.3133,0,67.256
2691,54.0323,,0,5.0,0.55,5,3,0,4.9807,1.0,wave,UNKNOWN,UNKNOWN,0.3133,0,67.566
2692,54.0464,,0,5.0,0.55,5,3,0,4.9949,1.0,wave,UNKNOWN,UNKNOWN,0.3133,0,67.147
2693,54.0624,,0,5.0,0.55,5,3,0,4.9418,1.0,wave,UNKNOWN,UNKNOWN,0.3133,0,66.65
2694,54.0782,,0,5.0,0.55,5,3,0,4.9577,1.0,wave,UNKNOWN,UNKNOWN,0.3133,0,67.693
2695,54.0916,,0,5.0,0.55,5,3,0,4.9711,1.0,wave,UNKNOWN,UNKNOWN,0.3133,0,68.413
2696,54.1048,,0,5.0,0.55,5,3,0,4.9842,1.0,wave,UNKNOWN,UNKNOWN,0.3133,0,69.271
2697,54.1177,,0,5.0,0.55,5,3,0,4.9971,1.0,wave,UNKNOWN,UNKNOWN,0.3133,0,69.749
2698,54.1311,,0,5.0,0.55,5,3,0,4.9887,1.0,wave,UNKNOWN,UNKNOWN,0.3133,0,69.003
2699,54.1473,,0,5.0,0.55,5,3,0,4.9852,1.0,wave,UNKNOWN,UNKNOWN,0.3133,0,69.036
2700,54.1618,,0,5.0,0.55,5,3,0,4.9997,1.0,wave,UNKNOWN,UNKNOWN,0.3133,0,66.866
2701,54.183,,0,5.0,0.55,5,3,0,4.9862,1.0,wave,UNKNOWN,UNKNOWN,0.32,1,62.094
2702,54.2353,,0,5.0,0.55,5,3,0,4.9886,1.0,wave,UNKNOWN,UNKNOWN,0.32,0,63.287
2703,54.249,,0,5.0,0.55,5,3,0,4.9865,1.0,wave,UNKNOWN,UNKNOWN,0.32,0,64.073
2704,54.2626,,0,5.0,0.55,5,3,0,4.9748,1.0,wave,UNKNOWN,UNKNOWN,0.32,0,65.183
2705,54.2759,,0,5.0,0.55,5,3,0,4.9881,1.0,wave,UNKNOWN,UNKNOWN,0.32,0,65.849
2706,54.2898,,0,5.0,0.55,5,3,0,4.9818,1.0,wave,UNKNOWN,UNKNOWN,0.32,0,66.662
2707,54.3035,,0,5.0,0.55,5,3,0,4.9955,1.0,wave,UNKNOWN,UNKNOWN,0.32,0,67.183
2708,54.3175,,0,5.0,0.55,5,3,0,4.9435,1.0,wave,UNKNOWN,UNKNOWN,0.32,0,68.131
2709,54.3308,,0,5.0,0.55,5,3,0,4.9568,1.0,wave,UNKNOWN,UNKNOWN,0.32,0,67.403
2710,54.3473,,0,5.0,0.55,5,3,0,4.9733,1.0,wave,UNKNOWN,UNKNOWN,0.32,0,67.615
2711,54.3612,,0,5.0,0.55,5,3,0,4.9872,1.0,wave,UNKNOWN,UNKNOWN,0.32,0,68.177
2712,54.3746,,0,5.0,0.55,5,3,0,4.984,1.0,wave,UNKNOWN,UNKNOWN,0.32,0,66.304
2713,54.3951,,0,5.0,0.55,5,3,0,4.9875,1.0,wave,UNKNOWN,UNKNOWN,0.32,0,66.897
2714,54.4087,,0,5.0,0.55,5,3,0,4.9844,1.0,wave,UNKNOWN,UNKNOWN,0.32,0,66.814
2715,54.4239,,0,5.0,0.55,5,3,0,4.9995,1.0,wave,UNKNOWN,UNKNOWN,0.32,0,67.286
2716,54.4383,,0,5.0,0.55,5,3,0,4.9969,1.0,wave,UNKNOWN,UNKNOWN,0.33,1,62.449
2717,54.4907,,0,5.0,0.55,5,3,0,4.9832,1.0,wave,UNKNOWN,UNKNOWN,0.33,0,63.527
2718,54.5058,,0,5.0,0.55,5,3,0,4.9983,1.0,wave,UNKNOWN,UNKNOWN,0.33,0,61.529
2719,54.5273,,0,5.0,0.55,5,3,0,4.986,1.0,wave,UNKNOWN,UNKNOWN,0.33,0,62.438
2720,54.5416,,0,5.0,0.55,5,3,0,4.9836,1.0,wave,UNKNOWN,UNKNOWN,0.33,0,62.393
2721,54.5578,,0,5.0,0.55,5,3,0,4.9997,1.0,wave,UNKNOWN,UNKNOWN,0.33,0,60.852
2722,54.5792,,0,5.0,0.55,5,3,0,4.9602,1.0,wave,UNKNOWN,UNKNOWN,0.33,0,59.363
2723,54.6007,,0,5.0,0.55,5,3,0,4.9817,1.0,wave,UNKNOWN,UNKNOWN,0.33,0,61.145
2724,54.614,,0,5.0,0.55,5,3,0,4.995,1.0,wave,UNKNOWN,UNKNOWN,0.33,0,61.965
2725,54.6284,,0,5.0,0.55,5,3,0,4.9881,1.0,wave,UNKNOWN,UNKNOWN,0.33,0,62.694
2726,54.6427,,0,5.0,0.55,5,3,0,4.9854,1.0,wave,UNKNOWN,UNKNOWN,0.33,0,63.156
2727,54.6574,,0,5.0,0.55,5,3,0,4.9793,1.0,wave,UNKNOWN,UNKNOWN,0.33,0,63.873
2728,54.6715,,0,5.0,0.55,5,3,0,4.9934,1.0,wave,UNKNOWN,UNKNOWN,0.33,0,64.628
2729,54.6858,,0,5.0,0.55,5,3,0,4.9896,1.0,wave,UNKNOWN,UNKNOWN,0.33,0,62.792
2730,54.7072,,0,5.0,0.55,5,3,0,4.9943,1.0,wave,UNKNOWN,UNKNOWN,0.3133,1,58.234
2731,54.7658,,0,5.0,0.55,5,3,0,4.9924,1.0,wave,UNKNOWN,UNKNOWN,0.3133,0,59.54
2732,54.7799,,0,5.0,0.55,5,3,0,4.9887,1.0,wave,UNKNOWN,UNKNOWN,0.3133,0,60.637
2733,54.7938,,0,5.0,0.55,5,3,0,4.9857,1.0,wave,UNKNOWN,UNKNOWN,0.3133,0,60.242
2734,54.8117,,0,5.0,0.55,5,3,0,4.9364,1.0,wave,UNKNOWN,UNKNOWN,0.3133,0,59.765
2735,54.8298,,0,5.0,0.55,5,3,0,4.9544,1.0,wave,UNKNOWN,UNKNOWN,0.3133,0,60.257
2736,54.8452,,0,5.0,0.55,5,3,0,4.9698,1.0,wave,UNKNOWN,UNKNOWN,0.3133,0,61.274
2737,54.8591,,0,5.0,0.55,5,3,0,4.9838,1.0,wave,UNKNOWN,UNKNOWN,0.3133,0,59.561
2738,54.8815,,0,5.0,0.55,5,3,0,4.9891,1.0,wave,UNKNOWN,UNKNOWN,0.3133,0,60.788
2739,54.8959,,0,5.0,0.55,5,3,0,4.9872,1.0,wave,UNKNOWN,UNKNOWN,0.3133,0,61.45
2740,54.9107,,0,5.0,0.55,5,3,0,4.9848,1.0,wave,UNKNOWN,UNKNOWN,0.3133,0,62.098
2741,54.9252,,0,5.0,0.55,5,3,0,4.9993,1.0,wave,UNKNOWN,UNKNOWN,0.3133,0,62.505
2742,54.9403,,0,5.0,0.55,5,3,0,4.9962,1.0,wave,UNKNOWN,UNKNOWN,0.3133,0,63.537
2743,54.9541,,0,5.0,0.55,5,3,0,4.9906,1.0,wave,UNKNOWN,UNKNOWN,0.3133,0,64.358
2744,54.9679,,0,5.0,0.55,5,3,0,4.988,1.0,wave,UNKNOWN,UNKNOWN,0.3233,1,59.844
2745,55.0204,,0,5.0,0.55,5,3,0,4.9898,1.0,wave,UNKNOWN,UNKNOWN,0.3233,0,61.031
2746,55.0342,,0,5.0,0.55,5,3,0,4.9778,1.0,wave,UNKNOWN,UNKNOWN,0.3233,0,61.999
2747,55.048,,0,5.0,0.55,5,3,0,4.9916,1.0,wave,UNKNOWN,UNKNOWN,0.3233,0,60.44
2748,55.0696,,0,5.0,0.55,5,3,0,4.9962,1.0,wave,UNKNOWN,UNKNOWN,0.3233,0,58.953
2749,55.0914,,0,5.0,0.55,5,3,0,4.9649,1.0,wave,UNKNOWN,UNKNOWN,0.3233,0,60.579
2750,55.1047,,0,5.0,0.55,5,3,0,4.9782,1.0,wave,UNKNOWN,UNKNOWN,0.3233,0,61.188
2751,55.1199,,0,5.0,0.55,5,3,0,4.9934,1.0,wave,UNKNOWN,UNKNOWN,0.3233,0,62.307
2752,55.1339,,0,5.0,0.55,5,3,0,4.9938,1.0,wave,UNKNOWN,UNKNOWN,0.3233,0,63.117
2753,55.1485,,0,5.0,0.55,5,3,0,4.9944,1.0,wave,UNKNOWN,UNKNOWN,0.3233,0,63.459
2754,55.163,,0,5.0,0.55,5,3,0,4.9955,1.0,wave,UNKNOWN,UNKNOWN,0.3233,0,63.944
2755,55.1777,,0,5.0,0.55,5,3,0,4.9958,1.0,wave,UNKNOWN,UNKNOWN,0.3233,0,63.682
2756,55.1939,,0,5.0,0.55,5,3,0,4.9955,1.0,wave,UNKNOWN,UNKNOWN,0.3233,0,63.706
2757,55.2094,,0,5.0,0.55,5,3,0,4.9952,1.0,wave,UNKNOWN,UNKNOWN,0.3233,0,63.984
2758,55.2245,,0,5.0,0.55,5,3,0,4.9945,1.0,wave,UNKNOWN,UNKNOWN,0.3033,1,59.461
2759,55.278,,0,5.0,0.55,5,3,0,4.9975,1.0,wave,UNKNOWN,UNKNOWN,0.3033,0,60.21
2760,55.2927,,0,5.0,0.55,5,3,0,4.9977,1.0,wave,UNKNOWN,UNKNOWN,0.3033,0,61.288
2761,55.3071,,0,5.0,0.55,5,3,0,4.9978,1.0,wave,UNKNOWN,UNKNOWN,0.3033,0,62.331
2762,55.321,,0,5.0,0.55,5,3,0,4.9972,1.0,wave,UNKNOWN,UNKNOWN,0.3033,0,62.953
2763,55.3356,,0,5.0,0.55,5,3,0,4.9598,1.0,wave,UNKNOWN,UNKNOWN,0.3033,0,63.243
2764,55.3507,,0,5.0,0.55,5,3,0,4.975,1.0,wave,UNKNOWN,UNKNOWN,0.3033,0,63.267
2765,55.3663,,0,5.0,0.55,5,3,0,4.9905,1.0,wave,UNKNOWN,UNKNOWN,0.3033,0,63.351
2766,55.3818,,0,5.0,0.55,5,3,0,4.9927,1.0,wave,UNKNOWN,UNKNOWN,0.3033,0,63.426
2767,55.3976,,0,5.0,0.55,5,3,0,4.9909,1.0,wave,UNKNOWN,UNKNOWN,0.3033,0,61.581
2768,55.4206,,0,5.0,0.55,5,3,0,5.0,1.0,wave,UNKNOWN,UNKNOWN,0.3033,0,61.663
2769,55.4362,,0,5.0,0.55,5,3,0,4.9813,1.0,wave,UNKNOWN,UNKNOWN,0.3033,0,62.027
2770,55.4511,,0,5.0,0.55,5,3,0,4.9962,1.0,wave,UNKNOWN,UNKNOWN,0.3033,0,62.317
2771,55.4664,,0,5.0,0.55,5,3,0,4.9981,1.0,wave,UNKNOWN,UNKNOWN,0.3033,0,62.454
2772,55.482,,0,5.0,0.55,5,3,0,4.9865,1.0,wave,UNKNOWN,UNKNOWN,0.3033,1,58.11
2773,55.5352,,0,5.0,0.55,5,3,0,4.9902,1.0,wave,UNKNOWN,UNKNOWN,0.3033,0,59.397
2774,55.5493,,0,5.0,0.55,5,3,0,4.9875,1.0,wave,UNKNOWN,UNKNOWN,0.3033,0,60.457
2775,55.5633,,0,5.0,0.55,5,3,0,4.9821,1.0,wave,UNKNOWN,UNKNOWN,0.3033,0,61.005
2776,55.5783,,0,5.0,0.55,5,3,0,4.9971,1.0,wave,UNKNOWN,UNKNOWN,0.3033,0,61.756
2777,55.593,,0,5.0,0.55,5,3,0,4.9603,1.0,wave,UNKNOWN,UNKNOWN,0.3033,0,61.908
2778,55.6086,,0,5.0,0.55,5,3,0,4.9759,1.0,wave,UNKNOWN,UNKNOWN,0.3033,0,61.515
2779,55.6259,,0,5.0,0.55,5,3,0,4.9932,1.0,wave,UNKNOWN,UNKNOWN,0.3033,0,61.5
2780,55.6421,,0,5.0,0.55,5,3,0,4.9956,1.0,wave,UNKNOWN,UNKNOWN,0.3033,0,61.143
2781,55.6594,,0,5.0,0.55,5,3,0,4.9997,1.0,wave,UNKNOWN,UNKNOWN,0.3033,0,60.806
2782,55.6767,,0,5.0,0.55,5,3,0,4.9814,1.0,wave,UNKNOWN,UNKNOWN,0.3033,0,60.923
2783,55.6929,,0,5.0,0.55,5,3,0,4.9976,1.0,wave,UNKNOWN,UNKNOWN,0.3033,0,61.058
2784,55.7089,,0,5.0,0.55,5,3,0,4.9998,1.0,wave,UNKNOWN,UNKNOWN,0.3033,0,62.341
2785,55.7225,,0,5.0,0.55,5,3,0,4.9999,1.0,wave,UNKNOWN,UNKNOWN,0.3033,0,63.48
2786,55.736,,0,5.0,0.55,5,3,0,4.9956,1.0,wave,UNKNOWN,UNKNOWN,0.2967,1,59.082
2787,55.7878,,0,5.0,0.55,5,3,0,4.9931,1.0,wave,UNKNOWN,UNKNOWN,0.2967,0,58.598
2788,55.8059,,0,5.0,0.55,5,3,0,4.9972,1.0,wave,UNKNOWN,UNKNOWN,0.2967,0,59.173
2789,55.8218,,0,5.0,0.55,5,3,0,4.9996,1.0,wave,UNKNOWN,UNKNOWN,0.2967,0,60.308
2790,55.8356,,0,5.0,0.55,5,3,0,4.9992,1.0,wave,UNKNOWN,UNKNOWN,0.2967,0,60.306
2791,55.8522,,0,5.0,0.55,5,3,0,4.9622,1.0,wave,UNKNOWN,UNKNOWN,0.2967,0,61.86
2792,55.8656,,0,5.0,0.55,5,3,0,4.9755,1.0,wave,UNKNOWN,UNKNOWN,0.2967,0,62.785
2793,55.8795,,0,5.0,0.55,5,3,0,4.9894,1.0,wave,UNKNOWN,UNKNOWN,0.2967,0,63.006
2794,55.8948,,0,5.0,0.55,5,3,0,4.9905,1.0,wave,UNKNOWN,UNKNOWN,0.2967,0,63.145
2795,55.9102,,0,5.0,0.55,5,3,0,4.9929,1.0,wave,UNKNOWN,UNKNOWN,0.2967,0,63.263
2796,55.9257,,0,5.0,0.55,5,3,0,4.9895,1.0,wave,UNKNOWN,UNKNOWN,0.2967,0,63.358
2797,55.9414,,0,5.0,0.55,5,3,0,4.9902,1.0,wave,UNKNOWN,UNKNOWN,0.2967,0,63.238
2798,55.9574,,0,5.0,0.55,5,3,0,4.9932,1.0,wave,UNKNOWN,UNKNOWN,0.2967,0,62.992
2799,55.9739,,0,5.0,0.55,5,3,0,4.9875,1.0,wave,UNKNOWN,UNKNOWN,0.2967,0,62.946
2800,55.9898,,0,5.0,0.55,5,3,0,4.9811,1.0,wave,UNKNOWN,UNKNOWN,0.31,1,58.445
2801,56.0459,,0,5.0,0.55,5,3,0,4.9865,1.0,wave,UNKNOWN,UNKNOWN,0.31,0,58.192
2802,56.0634,,0,5.0,0.55,5,3,0,4.9895,1.0,wave,UNKNOWN,UNKNOWN,0.31,0,59.421
2803,56.0779,,0,5.0,0.55,5,3,0,4.9886,1.0,wave,UNKNOWN,UNKNOWN,0.31,0,60.362
2804,56.0926,,0,5.0,0.55,5,3,0,4.9473,1.0,wave,UNKNOWN,UNKNOWN,0.31,0,61.033
2805,56.1073,,0,5.0,0.55,5,3,0,4.962,1.0,wave,UNKNOWN,UNKNOWN,0.31,0,62.392
2806,56.1206,,0,5.0,0.55,5,3,0,4.9753,1.0,wave,UNKNOWN,UNKNOWN,0.31,0,63.055
2807,56.1351,,0,5.0,0.55,5,3,0,4.9898,1.0,wave,UNKNOWN,UNKNOWN,0.31,0,63.271
2808,56.1504,,0,5.0,0.55,5,3,0,4.9897,1.0,wave,UNKNOWN,UNKNOWN,0.31,0,63.195
2809,56.1663,,0,5.0,0.55,5,3,0,4.9891,1.0,wave,UNKNOWN,UNKNOWN,0.31,0,63.125
2810,56.1823,,0,5.0,0.55,5,3,0,4.9897,1.0,wave,UNKNOWN,UNKNOWN,0.31,0,61.857
2811,56.2022,,0,5.0,0.55,5,3,0,4.9858,1.0,wave,UNKNOWN,UNKNOWN,0.31,0,62.039
2812,56.218,,0,5.0,0.55,5,3,0,4.9859,1.0,wave,UNKNOWN,UNKNOWN,0.31,0,62.16
2813,56.2339,,0,5.0,0.55,5,3,0,4.984,1.0,wave,UNKNOWN,UNKNOWN,0.31,0,62.233
2814,56.2495,,0,5.0,0.55,5,3,0,4.9996,1.0,wave,UNKNOWN,UNKNOWN,0.2967,1,57.896
2815,56.3028,,0,5.0,0.55,5,3,0,4.9937,1.0,wave,UNKNOWN,UNKNOWN,0.2967,0,59.319
2816,56.3169,,0,5.0,0.55,5,3,0,4.9922,1.0,wave,UNKNOWN,UNKNOWN,0.2967,0,60.505
2817,56.3305,,0,5.0,0.55,5,3,0,4.9851,1.0,wave,UNKNOWN,UNKNOWN,0.2967,0,61.557
2818,56.3448,,0,5.0,0.55,5,3,0,4.9994,1.0,wave,UNKNOWN,UNKNOWN,0.2967,0,61.422
2819,56.3615,,0,5.0,0.55,5,3,0,4.9495,1.0,wave,UNKNOWN,UNKNOWN,0.2967,0,61.397
2820,56.3778,,0,5.0,0.55,5,3,0,4.9658,1.0,wave,UNKNOWN,UNKNOWN,0.2967,0,61.887
2821,56.3926,,0,5.0,0.55,5,3,0,4.9806,1.0,wave,UNKNOWN,UNKNOWN,0.2967,0,62.241
2822,56.4082,,0,5.0,0.55,5,3,0,4.9962,1.0,wave,UNKNOWN,UNKNOWN,0.2967,0,60.482
2823,56.4303,,0,5.0,0.55,5,3,0,4.9989,1.0,wave,UNKNOWN,UNKNOWN,0.2967,0,61.56
2824,56.4445,,0,5.0,0.55,5,3,0,4.9975,1.0,wave,UNKNOWN,UNKNOWN,0.2967,0,62.071
2825,56.4593,,0,5.0,0.55,5,3,0,4.9909,1.0,wave,UNKNOWN,UNKNOWN,0.2967,0,61.853
2826,56.476,,0,5.0,0.55,5,3,0,4.9932,1.0,wave,UNKNOWN,UNKNOWN,0.2967,0,62.12
2827,56.4915,,0,5.0,0.55,5,3,0,4.9937,1.0,wave,UNKNOWN,UNKNOWN,0.2967,0,62.148
2828,56.5075,,0,5.0,0.55,5,3,0,4.9887,1.0,wave,UNKNOWN,UNKNOWN,0.2933,1,57.816
2829,56.5609,,0,5.0,0.55,5,3,0,4.9996,1.0,wave,UNKNOWN,UNKNOWN,0.2933,0,58.67
2830,56.5759,,0,5.0,0.55,5,3,0,4.9875,1.0,wave,UNKNOWN,UNKNOWN,0.2933,0,60.14
2831,56.5899,,0,5.0,0.55,5,3,0,4.9877,1.0,wave,UNKNOWN,UNKNOWN,0.2933,0,61.199
2832,56.6036,,0,5.0,0.55,5,3,0,4.9497,1.0,wave,UNKNOWN,UNKNOWN,0.2933,0,62.105
2833,56.618,,0,5.0,0.55,5,3,0,4.964,1.0,wave,UNKNOWN,UNKNOWN,0.2933,0,61.928
2834,56.6344,,0,5.0,0.55,5,3,0,4.9804,1.0,wave,UNKNOWN,UNKNOWN,0.2933,0,62.218
2835,56.6498,,0,5.0,0.55,5,3,0,4.9958,1.0,wave,UNKNOWN,UNKNOWN,0.2933,0,62.441
2836,56.6653,,0,5.0,0.55,5,3,0,4.9958,1.0,wave,UNKNOWN,UNKNOWN,0.2933,0,62.548
2837,56.6811,,0,5.0,0.55,5,3,0,4.9978,1.0,wave,UNKNOWN,UNKNOWN,0.2933,0,62.491
2838,56.6972,,0,5.0,0.55,5,3,0,4.9998,1.0,wave,UNKNOWN,UNKNOWN,0.2933,0,62.44
2839,56.7133,,0,5.0,0.55,5,3,0,4.9867,1.0,wave,UNKNOWN,UNKNOWN,0.2933,0,63.074
2840,56.728,,0,5.0,0.55,5,3,0,4.9874,1.0,wave,UNKNOWN,UNKNOWN,0.2933,0,63.577
2841,56.7429,,0,5.0,0.55,5,3,0,4.988,1.0,wave,UNKNOWN,UNKNOWN,0.2933,0,64.363
2842,56.7566,,0,5.0,0.55,5,3,0,4.987,1.0,wave,UNKNOWN,UNKNOWN,0.2933,0,64.896
2843,56.7714,,0,5.0,0.55,5,3,0,4.9886,1.0,wave,UNKNOWN,UNKNOWN,0.2967,1,60.203
2844,56.8268,,0,5.0,0.55,5,3,0,4.9976,1.0,wave,UNKNOWN,UNKNOWN,0.2967,0,61.431
2845,56.8407,,0,5.0,0.55,5,3,0,4.99,1.0,wave,UNKNOWN,UNKNOWN,0.2967,0,62.618
2846,56.8542,,0,5.0,0.55,5,3,0,4.9878,1.0,wave,UNKNOWN,UNKNOWN,0.2967,0,63.126
2847,56.8694,,0,5.0,0.55,5,3,0,4.9248,1.0,wave,UNKNOWN,UNKNOWN,0.2967,0,63.556
2848,56.8835,,0,5.0,0.55,5,3,0,4.939,1.0,wave,UNKNOWN,UNKNOWN,0.2967,0,61.864
2849,56.9056,,0,5.0,0.55,5,3,0,4.9611,1.0,wave,UNKNOWN,UNKNOWN,0.2967,0,60.785
2850,56.9251,,0,5.0,0.55,5,3,0,4.9805,1.0,wave,UNKNOWN,UNKNOWN,0.2967,0,62.006
2851,56.9385,,0,5.0,0.55,5,3,0,4.9939,1.0,wave,UNKNOWN,UNKNOWN,0.2967,0,62.577
2852,56.9534,,0,5.0,0.55,5,3,0,4.9913,1.0,wave,UNKNOWN,UNKNOWN,0.2967,0,62.718
2853,56.9689,,0,5.0,0.55,5,3,0,4.9822,1.0,wave,UNKNOWN,UNKNOWN,0.2967,0,62.963
2854,56.9842,,0,5.0,0.55,5,3,0,4.9975,1.0,wave,UNKNOWN,UNKNOWN,0.2967,0,63.067
2855,56.9996,,0,5.0,0.55,5,3,0,4.999,1.0,wave,UNKNOWN,UNKNOWN,0.2967,0,62.964
2856,57.0158,,0,5.0,0.55,5,3,0,4.987,1.0,wave,UNKNOWN,UNKNOWN,0.2967,0,62.756
2857,57.0322,,0,5.0,0.55,5,3,0,4.9892,1.0,wave,UNKNOWN,UNKNOWN,0.2867,1,58.365
2858,57.086,,0,5.0,0.55,5,3,0,4.9861,1.0,wave,UNKNOWN,UNKNOWN,0.2867,0,59.482
2859,57.1005,,0,5.0,0.55,5,3,0,4.987,1.0,wave,UNKNOWN,UNKNOWN,0.2867,0,60.011
2860,57.1155,,0,5.0,0.55,5,3,0,4.9875,1.0,wave,UNKNOWN,UNKNOWN,0.2867,0,61.203
2861,57.1293,,0,5.0,0.55,5,3,0,4.9376,1.0,wave,UNKNOWN,UNKNOWN,0.2867,0,62.015
2862,57.1435,,0,5.0,0.55,5,3,0,4.9518,1.0,wave,UNKNOWN,UNKNOWN,0.2867,0,62.134
2863,57.1593,,0,5.0,0.55,5,3,0,4.9676,1.0,wave,UNKNOWN,UNKNOWN,0.2867,0,60.23
2864,57.1831,,0,5.0,0.55,5,3,0,4.9914,1.0,wave,UNKNOWN,UNKNOWN,0.2867,0,61.227
2865,57.1972,,0,5.0,0.55,5,3,0,4.9913,1.0,wave,UNKNOWN,UNKNOWN,0.2867,0,62.02
2866,57.2114,,0,5.0,0.55,5,3,0,4.9886,1.0,wave,UNKNOWN,UNKNOWN,0.2867,0,62.202
2867,57.2271,,0,5.0,0.55,5,3,0,4.9863,1.0,wave,UNKNOWN,UNKNOWN,0.2867,0,61.963
2868,57.2438,,0,5.0,0.55,5,3,0,4.9857,1.0,wave,UNKNOWN,UNKNOWN,0.2867,0,62.328
2869,57.2589,,0,5.0,0.55,5,3,0,4.9846,1.0,wave,UNKNOWN,UNKNOWN,0.2867,0,62.132
2870,57.2753,,0,5.0,0.55,5,3,0,4.9848,1.0,wave,UNKNOWN,UNKNOWN,0.2867,0,61.919
2871,57.2921,,0,5.0,0.55,5,3,0,4.9853,1.0,wave,UNKNOWN,UNKNOWN,0.3067,1,57.401
2872,57.352,,0,5.0,0.55,5,3,0,4.9883,1.0,wave,UNKNOWN,UNKNOWN,0.3067,0,58.345
2873,57.3669,,0,5.0,0.55,5,3,0,4.9802,1.0,wave,UNKNOWN,UNKNOWN,0.3067,0,57.039
2874,57.3892,,0,5.0,0.55,5,3,0,4.939,1.0,wave,UNKNOWN,UNKNOWN,0.3067,0,57.504
2875,57.4054,,0,5.0,0.55,5,3,0,4.9552,1.0,wave,UNKNOWN,UNKNOWN,0.3067,0,58.068
2876,57.421,,0,5.0,0.55,5,3,0,4.9707,1.0,wave,UNKNOWN,UNKNOWN,0.3067,0,58.376
2877,57.4375,,0,5.0,0.55,5,3,0,4.9873,1.0,wave,UNKNOWN,UNKNOWN,0.3067,0,58.836
2878,57.4535,,0,5.0,0.55,5,3,0,4.988,1.0,wave,UNKNOWN,UNKNOWN,0.3067,0,59.057
2879,57.4699,,0,5.0,0.55,5,3,0,4.991,1.0,wave,UNKNOWN,UNKNOWN,0.3067,0,59.348
2880,57.4857,,0,5.0,0.55,5,3,0,4.9932,1.0,wave,UNKNOWN,UNKNOWN,0.3067,0,59.367
2881,57.5025,,0,5.0,0.55,5,3,0,4.9946,1.0,wave,UNKNOWN,UNKNOWN,0.3067,0,59.854
2882,57.5182,,0,5.0,0.55,5,3,0,4.9954,1.0,wave,UNKNOWN,UNKNOWN,0.3067,0,59.372
2883,57.5366,,0,5.0,0.55,5,3,0,4.9993,1.0,wave,UNKNOWN,UNKNOWN,0.3067,0,60.421
2884,57.5505,,0,5.0,0.55,5,3,0,4.9962,1.0,wave,UNKNOWN,UNKNOWN,0.2933,1,56.272
2885,57.6037,,0,5.0,0.55,5,3,0,4.9938,1.0,wave,UNKNOWN,UNKNOWN,0.2933,0,57.24
2886,57.619,,0,5.0,0.55,5,3,0,4.9949,1.0,wave,UNKNOWN,UNKNOWN,0.2933,0,57.534
2887,57.6355,,0,5.0,0.55,5,3,0,4.9949,1.0,wave,UNKNOWN,UNKNOWN,0.2933,0,58.85
2888,57.6493,,0,5.0,0.55,5,3,0,4.9567,1.0,wave,UNKNOWN,UNKNOWN,0.2933,0,60.25
2889,57.6629,,0,5.0,0.55,5,3,0,4.9704,1.0,wave,UNKNOWN,UNKNOWN,0.2933,0,60.379
2890,57.6794,,0,5.0,0.55,5,3,0,4.9868,1.0,wave,UNKNOWN,UNKNOWN,0.2933,0,60.598
2891,57.6951,,0,5.0,0.55,5,3,0,4.9888,1.0,wave,UNKNOWN,UNKNOWN,0.2933,0,60.739
2892,57.7113,,0,5.0,0.55,5,3,0,4.9898,1.0,wave,UNKNOWN,UNKNOWN,0.2933,0,60.815
2893,57.7275,,0,5.0,0.55,5,3,0,4.9889,1.0,wave,UNKNOWN,UNKNOWN,0.2933,0,60.95
2894,57.7436,,0,5.0,0.55,5,3,0,4.9861,1.0,wave,UNKNOWN,UNKNOWN,0.2933,0,60.913
2895,57.7602,,0,5.0,0.55,5,3,0,4.982,1.0,wave,UNKNOWN,UNKNOWN,0.2933,0,60.815
2896,57.7769,,0,5.0,0.55,5,3,0,4.9987,1.0,wave,UNKNOWN,UNKNOWN,0.2933,0,61.822
2897,57.7911,,0,5.0,0.55,5,3,0,4.9962,1.0,wave,UNKNOWN,UNKNOWN,0.2933,0,61.753
2898,57.8076,,0,5.0,0.55,5,3,0,4.997,1.0,wave,UNKNOWN,UNKNOWN,0.3033,1,57.221
2899,57.8685,,0,5.0,0.55,5,3,0,4.9983,1.0,wave,UNKNOWN,UNKNOWN,0.3033,0,56.001
2900,57.8905,,0,5.0,0.55,5,3,0,4.9896,1.0,wave,UNKNOWN,UNKNOWN,0.3033,0,57.019
2901,57.9057,,0,5.0,0.55,5,3,0,4.9338,1.0,wave,UNKNOWN,UNKNOWN,0.3033,0,55.871
2902,57.9274,,0,5.0,0.55,5,3,0,4.9554,1.0,wave,UNKNOWN,UNKNOWN,0.3033,0,57.441
2903,57.942,,0,5.0,0.55,5,3,0,4.97,1.0,wave,UNKNOWN,UNKNOWN,0.3033,0,58.968
2904,57.9553,,0,5.0,0.55,5,3,0,4.9834,1.0,wave,UNKNOWN,UNKNOWN,0.3033,0,58.375
2905,57.9743,,0,5.0,0.55,5,3,0,4.9877,1.0,wave,UNKNOWN,UNKNOWN,0.3033,0,59.808
2906,57.9878,,0,5.0,0.55,5,3,0,4.9881,1.0,wave,UNKNOWN,UNKNOWN,0.3033,0,60.409
2907,58.0036,,0,5.0,0.55,5,3,0,4.9902,1.0,wave,UNKNOWN,UNKNOWN,0.3033,0,61.157
2908,58.0177,,0,5.0,0.55,5,3,0,4.9878,1.0,wave,UNKNOWN,UNKNOWN,0.3033,0,60.864
2909,58.0351,,0,5.0,0.55,5,3,0,4.9902,1.0,wave,UNKNOWN,UNKNOWN,0.3033,0,61.235
2910,58.0504,,0,5.0,0.55,5,3,0,4.9889,1.0,wave,UNKNOWN,UNKNOWN,0.3033,0,61.122
2911,58.0669,,0,5.0,0.55,5,3,0,4.9905,1.0,wave,UNKNOWN,UNKNOWN,0.2967,1,56.783
2912,58.1237,,0,5.0,0.55,5,3,0,4.9983,1.0,wave,UNKNOWN,UNKNOWN,0.2967,0,58.094
2913,58.1381,,0,5.0,0.55,5,3,0,4.9964,1.0,wave,UNKNOWN,UNKNOWN,0.2967,0,58.127
2914,58.1551,,0,5.0,0.55,5,3,0,4.9964,1.0,wave,UNKNOWN,UNKNOWN,0.2967,0,59.332
2915,58.17,,0,5.0,0.55,5,3,0,4.9485,1.0,wave,UNKNOWN,UNKNOWN,0.2967,0,59.109
2916,58.187,,0,5.0,0.55,5,3,0,4.9655,1.0,wave,UNKNOWN,UNKNOWN,0.2967,0,60.385
2917,58.2004,,0,5.0,0.55,5,3,0,4.9789,1.0,wave,UNKNOWN,UNKNOWN,0.2967,0,60.981
2918,58.2157,,0,5.0,0.55,5,3,0,4.9941,1.0,wave,UNKNOWN,UNKNOWN,0.2967,0,61.114
2919,58.2318,,0,5.0,0.55,5,3,0,4.9954,1.0,wave,UNKNOWN,UNKNOWN,0.2967,0,61.4
2920,58.2473,,0,5.0,0.55,5,3,0,4.9973,1.0,wave,UNKNOWN,UNKNOWN,0.2967,0,61.48
2921,58.2634,,0,5.0,0.55,5,3,0,4.9995,1.0,wave,UNKNOWN,UNKNOWN,0.2967,0,61.384
2922,58.2798,,0,5.0,0.55,5,3,0,4.987,1.0,wave,UNKNOWN,UNKNOWN,0.2967,0,61.234
2923,58.2966,,0,5.0,0.55,5,3,0,4.9893,1.0,wave,UNKNOWN,UNKNOWN,0.2967,0,59.47
2924,58.3201,,0,5.0,0.55,5,3,0,4.998,1.0,wave,UNKNOWN,UNKNOWN,0.29,1,55.395
2925,58.3733,,0,5.0,0.55,5,3,0,4.9933,1.0,wave,UNKNOWN,UNKNOWN,0.29,0,57.015
2926,58.3873,,0,5.0,0.55,5,3,0,4.9923,1.0,wave,UNKNOWN,UNKNOWN,0.29,0,58.589
2927,58.4006,,0,5.0,0.55,5,3,0,4.991,1.0,wave,UNKNOWN,UNKNOWN,0.29,0,59.381
2928,58.4158,,0,5.0,0.55,5,3,0,4.9532,1.0,wave,UNKNOWN,UNKNOWN,0.29,0,59.483
2929,58.4325,,0,5.0,0.55,5,3,0,4.9699,1.0,wave,UNKNOWN,UNKNOWN,0.29,0,59.895
2930,58.4481,,0,5.0,0.55,5,3,0,4.9855,1.0,wave,UNKNOWN,UNKNOWN,0.29,0,60.13
2931,58.4642,,0,5.0,0.55,5,3,0,4.9873,1.0,wave,UNKNOWN,UNKNOWN,0.29,0,59.996
2932,58.4815,,0,5.0,0.55,5,3,0,4.9875,1.0,wave,UNKNOWN,UNKNOWN,0.29,0,59.541
2933,58.4994,,0,5.0,0.55,5,3,0,4.9824,1.0,wave,UNKNOWN,UNKNOWN,0.29,0,59.733
2934,58.5154,,0,5.0,0.55,5,3,0,4.9985,1.0,wave,UNKNOWN,UNKNOWN,0.29,0,60.095
2935,58.5312,,0,5.0,0.55,5,3,0,4.9855,1.0,wave,UNKNOWN,UNKNOWN,0.29,0,60.247
2936,58.5474,,0,5.0,0.55,5,3,0,4.9871,1.0,wave,UNKNOWN,UNKNOWN,0.29,0,60.283
2937,58.5637,,0,5.0,0.55,5,3,0,4.9892,1.0,wave,UNKNOWN,UNKNOWN,0.29,0,60.672
2938,58.5792,,0,5.0,0.55,5,3,0,4.9899,1.0,wave,UNKNOWN,UNKNOWN,0.31,1,56.191
2939,58.6427,,0,5.0,0.55,5,3,0,4.9966,1.0,wave,UNKNOWN,UNKNOWN,0.31,0,57.675
2940,58.6573,,0,5.0,0.55,5,3,0,4.9967,1.0,wave,UNKNOWN,UNKNOWN,0.31,0,58.996
2941,58.6708,,0,5.0,0.55,5,3,0,4.9485,1.0,wave,UNKNOWN,UNKNOWN,0.31,0,60.08
2942,58.685,,0,5.0,0.55,5,3,0,4.9627,1.0,wave,UNKNOWN,UNKNOWN,0.31,0,60.629
2943,58.7003,,0,5.0,0.55,5,3,0,4.978,1.0,wave,UNKNOWN,UNKNOWN,0.31,0,60.883
2944,58.716,,0,5.0,0.55,5,3,0,4.9937,1.0,wave,UNKNOWN,UNKNOWN,0.31,0,61.106
2945,58.7318,,0,5.0,0.55,5,3,0,4.9958,1.0,wave,UNKNOWN,UNKNOWN,0.31,0,61.19
2946,58.7479,,0,5.0,0.55,5,3,0,4.9983,1.0,wave,UNKNOWN,UNKNOWN,0.31,0,61.298
2947,58.7641,,0,5.0,0.55,5,3,0,4.9999,1.0,wave,UNKNOWN,UNKNOWN,0.31,0,61.386
2948,58.7801,,0,5.0,0.55,5,3,0,4.9878,1.0,wave,UNKNOWN,UNKNOWN,0.31,0,61.581
2949,58.7959,,0,5.0,0.55,5,3,0,4.9895,1.0,wave,UNKNOWN,UNKNOWN,0.31,0,61.502
2950,58.8124,,0,5.0,0.55,5,3,0,4.993,1.0,wave,UNKNOWN,UNKNOWN,0.31,0,61.376
2951,58.8289,,0,5.0,0.55,5,3,0,4.996,1.0,wave,UNKNOWN,UNKNOWN,0.31,0,61.309
2952,58.8456,,0,5.0,0.55,5,3,0,4.998,1.0,wave,UNKNOWN,UNKNOWN,0.3133,1,57.1
2953,58.8982,,0,5.0,0.55,5,3,0,4.9946,1.0,wave,UNKNOWN,UNKNOWN,0.3133,0,58.05
2954,58.913,,0,5.0,0.55,5,3,0,4.9965,1.0,wave,UNKNOWN,UNKNOWN,0.3133,0,58.721
2955,58.9284,,0,5.0,0.55,5,3,0,4.9509,1.0,wave,UNKNOWN,UNKNOWN,0.3133,0,59.391
2956,58.9432,,0,5.0,0.55,5,3,0,4.9657,1.0,wave,UNKNOWN,UNKNOWN,0.3133,0,61.007
2957,58.9571,,0,5.0,0.55,5,3,0,4.9796,1.0,wave,UNKNOWN,UNKNOWN,0.3133,0,60.565
2958,58.9743,,0,5.0,0.55,5,3,0,4.9968,1.0,wave,UNKNOWN,UNKNOWN,0.3133,0,60.817
2959,58.9905,,0,5.0,0.55,5,3,0,4.999,1.0,wave,UNKNOWN,UNKNOWN,0.3133,0,61.484
2960,59.0051,,0,5.0,0.55,5,3,0,4.9867,1.0,wave,UNKNOWN,UNKNOWN,0.3133,0,59.716
2961,59.028,,0,5.0,0.55,5,3,0,4.9957,1.0,wave,UNKNOWN,UNKNOWN,0.3133,0,59.612
2962,59.0451,,0,5.0,0.55,5,3,0,4.9987,1.0,wave,UNKNOWN,UNKNOWN,0.3133,0,60.577
2963,59.0593,,0,5.0,0.55,5,3,0,4.9969,1.0,wave,UNKNOWN,UNKNOWN,0.3133,0,59.466
2964,59.0798,,0,5.0,0.55,5,3,0,4.9882,1.0,wave,UNKNOWN,UNKNOWN,0.3133,0,57.952
2965,59.1021,,0,5.0,0.55,5,3,0,4.9973,1.0,wave,UNKNOWN,UNKNOWN,0.3067,1,53.761
2966,59.1643,,0,5.0,0.55,5,3,0,4.9813,1.0,wave,UNKNOWN,UNKNOWN,0.3067,0,52.9
2967,59.1865,,0,5.0,0.55,5,3,0,4.9512,1.0,wave,UNKNOWN,UNKNOWN,0.3067,0,53.767
2968,59.2026,,0,5.0,0.55,5,3,0,4.9673,1.0,wave,UNKNOWN,UNKNOWN,0.3067,0,54.803
2969,59.2182,,0,5.0,0.55,5,3,0,4.9829,1.0,wave,UNKNOWN,UNKNOWN,0.3067,0,53.462
2970,59.2424,,0,5.0,0.55,5,3,0,4.9934,1.0,wave,UNKNOWN,UNKNOWN,0.3067,0,55.57
2971,59.2561,,0,5.0,0.55,5,3,0,4.9935,1.0,wave,UNKNOWN,UNKNOWN,0.3067,0,57.283
2972,59.2697,,0,5.0,0.55,5,3,0,4.9938,1.0,wave,UNKNOWN,UNKNOWN,0.3067,0,58.203
2973,59.2851,,0,5.0,0.55,5,3,0,4.9953,1.0,wave,UNKNOWN,UNKNOWN,0.3067,0,58.551
2974,59.3009,,0,5.0,0.55,5,3,0,4.9973,1.0,wave,UNKNOWN,UNKNOWN,0.3067,0,59.265
2975,59.3161,,0,5.0,0.55,5,3,0,4.9986,1.0,wave,UNKNOWN,UNKNOWN,0.3067,0,57.782
2976,59.3388,,0,5.0,0.55,5,3,0,4.9915,1.0,wave,UNKNOWN,UNKNOWN,0.3067,0,59.327
2977,59.3522,,0,5.0,0.55,5,3,0,4.9909,1.0,wave,UNKNOWN,UNKNOWN,0.2967,1,54.934
2978,59.4173,,0,5.0,0.55,5,3,0,4.9934,1.0,wave,UNKNOWN,UNKNOWN,0.2967,0,54.785
2979,59.4358,,0,5.0,0.55,5,3,0,4.9975,1.0,wave,UNKNOWN,UNKNOWN,0.2967,0,55.596
2980,59.4516,,0,5.0,0.55,5,3,0,4.9609,1.0,wave,UNKNOWN,UNKNOWN,0.2967,0,56.273
2981,59.468,,0,5.0,0.55,5,3,0,4.9772,1.0,wave,UNKNOWN,UNKNOWN,0.2967,0,56.543
2982,59.4849,,0,5.0,0.55,5,3,0,4.9942,1.0,wave,UNKNOWN,UNKNOWN,0.2967,0,56.729
2983,59.5018,,0,5.0,0.55,5,3,0,4.996,1.0,wave,UNKNOWN,UNKNOWN,0.2967,0,58.391
2984,59.5157,,0,5.0,0.55,5,3,0,4.9883,1.0,wave,UNKNOWN,UNKNOWN,0.2967,0,59.742
2985,59.5299,,0,5.0,0.55,5,3,0,4.9883,1.0,wave,UNKNOWN,UNKNOWN,0.2967,0,60.464
2986,59.5444,,0,5.0,0.55,5,3,0,4.9866,1.0,wave,UNKNOWN,UNKNOWN,0.2967,0,61.076
2987,59.5595,,0,5.0,0.55,5,3,0,4.9803,1.0,wave,UNKNOWN,UNKNOWN,0.2967,0,61.818
2988,59.5742,,0,5.0,0.55,5,3,0,4.995,1.0,wave,UNKNOWN,UNKNOWN,0.2967,0,62.105
2989,59.5896,,0,5.0,0.55,5,3,0,4.9888,1.0,wave,UNKNOWN,UNKNOWN,0.2967,0,62.369
2990,59.6048,,0,5.0,0.55,5,3,0,4.9908,1.0,wave,UNKNOWN,UNKNOWN,0.2967,1,58.058
2991,59.6573,,0,5.0,0.55,5,3,0,4.9999,1.0,wave,UNKNOWN,UNKNOWN,0.2967,0,56.498
2992,59.6803,,0,5.0,0.55,5,3,0,4.9945,1.0,wave,UNKNOWN,UNKNOWN,0.2967,0,56.878
2993,59.6969,,0,5.0,0.55,5,3,0,4.9897,1.0,wave,UNKNOWN,UNKNOWN,0.2967,0,57.007
2994,59.7141,,0,5.0,0.55,5,3,0,4.9483,1.0,wave,UNKNOWN,UNKNOWN,0.2967,0,55.878
2995,59.736,,0,5.0,0.55,5,3,0,4.9702,1.0,wave,UNKNOWN,UNKNOWN,0.2967,0,57.572
2996,59.7503,,0,5.0,0.55,5,3,0,4.9845,1.0,wave,UNKNOWN,UNKNOWN,0.2967,0,58.574
2997,59.765,,0,5.0,0.55,5,3,0,4.9992,1.0,wave,UNKNOWN,UNKNOWN,0.2967,0,59.614
2998,59.7791,,0,5.0,0.55,5,3,0,4.9992,1.0,wave,UNKNOWN,UNKNOWN,0.2967,0,57.496
2999,59.8052,,0,5.0,0.55,5,3,0,4.9936,1.0,wave,UNKNOWN,UNKNOWN,0.2967,0,58.148
3000,59.8208,,0,5.0,0.55,5,3,0,4.9911,1.0,wave,UNKNOWN,UNKNOWN,0.2967,0,58.747
3001,59.8364,,0,5.0,0.55,5,3,0,4.9912,1.0,wave,UNKNOWN,UNKNOWN,0.2967,0,59.712
3002,59.8509,,0,5.0,0.55,5,3,0,4.9918,1.0,wave,UNKNOWN,UNKNOWN,0.2967,0,58.33
3003,59.8727,,0,5.0,0.55,5,3,0,4.9911,1.0,wave,UNKNOWN,UNKNOWN,0.29,1,54.317
3004,59.9278,,0,5.0,0.55,5,3,0,4.9875,1.0,wave,UNKNOWN,UNKNOWN,0.29,0,55.758
3005,59.9426,,0,5.0,0.55,5,3,0,4.9886,1.0,wave,UNKNOWN,UNKNOWN,0.29,0,56.625
3006,59.9584,,0,5.0,0.55,5,3,0,4.9905,1.0,wave,UNKNOWN,UNKNOWN,0.29,0,57.354
3007,59.9742,,0,5.0,0.55,5,3,0,4.9538,1.0,wave,UNKNOWN,UNKNOWN,0.29,0,58.492
3008,59.9883,,0,5.0,0.55,5,3,0,4.9678,1.0,wave,UNKNOWN,UNKNOWN,0.29,0,57.235
3009,60.0097,,0,5.0,0.55,5,3,0,4.9893,1.0,wave,UNKNOWN,UNKNOWN,0.29,0,58.375
3010,60.025,,0,5.0,0.55,5,3,0,4.9908,1.0,wave,UNKNOWN,UNKNOWN,0.29,0,59.605
3011,60.0386,,0,5.0,0.55,5,3,0,4.9906,1.0,wave,UNKNOWN,UNKNOWN,0.29,0,60.345
3012,60.0539,,0,5.0,0.55,5,3,0,4.9844,1.0,wave,UNKNOWN,UNKNOWN,0.29,0,60.697
3013,60.0691,,0,5.0,0.55,5,3,0,4.9995,1.0,wave,UNKNOWN,UNKNOWN,0.29,0,61.142
3014,60.0843,,0,5.0,0.55,5,3,0,4.9928,1.0,wave,UNKNOWN,UNKNOWN,0.29,0,61.069
3015,60.1008,,0,5.0,0.55,5,3,0,4.9961,1.0,wave,UNKNOWN,UNKNOWN,0.29,0,61.245
3016,60.1166,,0,5.0,0.55,5,3,0,4.9968,1.0,wave,UNKNOWN,UNKNOWN,0.29,0,61.251
3017,60.133,,0,5.0,0.55,5,3,0,4.9991,1.0,wave,UNKNOWN,UNKNOWN,0.2733,1,56.899
3018,60.1899,,0,5.0,0.55,5,3,0,4.996,1.0,wave,UNKNOWN,UNKNOWN,0.2733,0,58.025
3019,60.2045,,0,5.0,0.55,5,3,0,4.9952,1.0,wave,UNKNOWN,UNKNOWN,0.2733,0,59.427
3020,60.2182,,0,5.0,0.55,5,3,0,4.9936,1.0,wave,UNKNOWN,UNKNOWN,0.2733,0,60.105
3021,60.2333,,0,5.0,0.55,5,3,0,4.9553,1.0,wave,UNKNOWN,UNKNOWN,0.2733,0,59.784
3022,60.2507,,0,5.0,0.55,5,3,0,4.9727,1.0,wave,UNKNOWN,UNKNOWN,0.2733,0,61.011
3023,60.2646,,0,5.0,0.55,5,3,0,4.9865,1.0,wave,UNKNOWN,UNKNOWN,0.2733,0,61.161
3024,60.2805,,0,5.0,0.55,5,3,0,4.9879,1.0,wave,UNKNOWN,UNKNOWN,0.2733,0,61.215
3025,60.2967,,0,5.0,0.55,5,3,0,4.9896,1.0,wave,UNKNOWN,UNKNOWN,0.2733,0,61.366
3026,60.3126,,0,5.0,0.55,5,3,0,4.9917,1.0,wave,UNKNOWN,UNKNOWN,0.2733,0,61.253
3027,60.3293,,0,5.0,0.55,5,3,0,4.9937,1.0,wave,UNKNOWN,UNKNOWN,0.2733,0,60.975
3028,60.3463,,0,5.0,0.55,5,3,0,4.9955,1.0,wave,UNKNOWN,UNKNOWN,0.2733,0,60.822
3029,60.3632,,0,5.0,0.55,5,3,0,4.9969,1.0,wave,UNKNOWN,UNKNOWN,0.2733,0,60.887
3030,60.3794,,0,5.0,0.55,5,3,0,4.9976,1.0,wave,UNKNOWN,UNKNOWN,0.2733,0,60.733
3031,60.3963,,0,5.0,0.55,5,3,0,4.9986,1.0,wave,UNKNOWN,UNKNOWN,0.26,1,56.504
3032,60.4507,,0,5.0,0.55,5,3,0,4.9996,1.0,wave,UNKNOWN,UNKNOWN,0.26,0,57.676
3033,60.4656,,0,5.0,0.55,5,3,0,4.9991,1.0,wave,UNKNOWN,UNKNOWN,0.26,0,58.634
3034,60.4805,,0,5.0,0.55,5,3,0,4.9985,1.0,wave,UNKNOWN,UNKNOWN,0.26,0,59.599
3035,60.4947,,0,5.0,0.55,5,3,0,4.9596,1.0,wave,UNKNOWN,UNKNOWN,0.26,0,60.858
3036,60.5089,,0,5.0,0.55,5,3,0,4.9737,1.0,wave,UNKNOWN,UNKNOWN,0.26,0,61.499
3037,60.5234,,0,5.0,0.55,5,3,0,4.9882,1.0,wave,UNKNOWN,UNKNOWN,0.26,0,61.863
3038,60.5388,,0,5.0,0.55,5,3,0,4.9896,1.0,wave,UNKNOWN,UNKNOWN,0.26,0,61.703
3039,60.5553,,0,5.0,0.55,5,3,0,4.992,1.0,wave,UNKNOWN,UNKNOWN,0.26,0,60.926
3040,60.5739,,0,5.0,0.55,5,3,0,4.9956,1.0,wave,UNKNOWN,UNKNOWN,0.26,0,60.935
3041,60.5902,,0,5.0,0.55,5,3,0,4.9972,1.0,wave,UNKNOWN,UNKNOWN,0.26,0,61.461
3042,60.6057,,0,5.0,0.55,5,3,0,4.9971,1.0,wave,UNKNOWN,UNKNOWN,0.26,0,60.548
3043,60.6249,,0,5.0,0.55,5,3,0,4.9989,1.0,wave,UNKNOWN,UNKNOWN,0.26,0,60.714
3044,60.6405,,0,5.0,0.55,5,3,0,4.9984,1.0,wave,UNKNOWN,UNKNOWN,0.26,0,59.633
3045,60.6608,,0,5.0,0.55,5,3,0,4.9841,1.0,wave,UNKNOWN,UNKNOWN,0.2633,1,55.509
3046,60.7152,,0,5.0,0.55,5,3,0,4.9927,1.0,wave,UNKNOWN,UNKNOWN,0.2633,0,55.817
3047,60.7319,,0,5.0,0.55,5,3,0,4.9959,1.0,wave,UNKNOWN,UNKNOWN,0.2633,0,56.201
3048,60.7488,,0,5.0,0.55,5,3,0,4.9609,1.0,wave,UNKNOWN,UNKNOWN,0.2633,0,57.233
3049,60.7638,,0,5.0,0.55,5,3,0,4.976,1.0,wave,UNKNOWN,UNKNOWN,0.2633,0,58.451
3050,60.7786,,0,5.0,0.55,5,3,0,4.9907,1.0,wave,UNKNOWN,UNKNOWN,0.2633,0,58.648
3051,60.7951,,0,5.0,0.55,5,3,0,4.9892,1.0,wave,UNKNOWN,UNKNOWN,0.2633,0,59.888
3052,60.8093,,0,5.0,0.55,5,3,0,4.9875,1.0,wave,UNKNOWN,UNKNOWN,0.2633,0,61.164
3053,60.8229,,0,5.0,0.55,5,3,0,4.9873,1.0,wave,UNKNOWN,UNKNOWN,0.2633,0,61.746
3054,60.8378,,0,5.0,0.55,5,3,0,4.9855,1.0,wave,UNKNOWN,UNKNOWN,0.2633,0,61.573
3055,60.8543,,0,5.0,0.55,5,3,0,4.9888,1.0,wave,UNKNOWN,UNKNOWN,0.2633,0,61.879
3056,60.8697,,0,5.0,0.55,5,3,0,4.9902,1.0,wave,UNKNOWN,UNKNOWN,0.2633,0,61.852
3057,60.8859,,0,5.0,0.55,5,3,0,4.991,1.0,wave,UNKNOWN,UNKNOWN,0.2633,0,62.089
3058,60.9016,,0,5.0,0.55,5,3,0,4.9913,1.0,wave,UNKNOWN,UNKNOWN,0.2633,0,62.947
3059,60.9157,,0,5.0,0.55,5,3,0,4.99,1.0,wave,UNKNOWN,UNKNOWN,0.2433,1,58.547
3060,60.9687,,0,5.0,0.55,5,3,0,4.9948,1.0,wave,UNKNOWN,UNKNOWN,0.2433,0,59.626
3061,60.9831,,0,5.0,0.55,5,3,0,4.9933,1.0,wave,UNKNOWN,UNKNOWN,0.2433,0,60.8
3062,60.9973,,0,5.0,0.55,5,3,0,4.9514,1.0,wave,UNKNOWN,UNKNOWN,0.2433,0,61.529
3063,61.0117,,0,5.0,0.55,5,3,0,4.9658,1.0,wave,UNKNOWN,UNKNOWN,0.2433,0,61.98
3064,61.027,,0,5.0,0.55,5,3,0,4.9812,1.0,wave,UNKNOWN,UNKNOWN,0.2433,0,62.604
3065,61.0415,,0,5.0,0.55,5,3,0,4.9956,1.0,wave,UNKNOWN,UNKNOWN,0.2433,0,63.117
3066,61.0562,,0,5.0,0.55,5,3,0,4.9928,1.0,wave,UNKNOWN,UNKNOWN,0.2433,0,63.273
3067,61.0717,,0,5.0,0.55,5,3,0,4.9938,1.0,wave,UNKNOWN,UNKNOWN,0.2433,0,62.621
3068,61.0893,,0,5.0,0.55,5,3,0,4.9967,1.0,wave,UNKNOWN,UNKNOWN,0.2433,0,62.83
3069,61.1048,,0,5.0,0.55,5,3,0,4.9975,1.0,wave,UNKNOWN,UNKNOWN,0.2433,0,62.946
3070,61.1203,,0,5.0,0.55,5,3,0,4.9997,1.0,wave,UNKNOWN,UNKNOWN,0.2433,0,63.575
3071,61.1349,,0,5.0,0.55,5,3,0,4.9999,1.0,wave,UNKNOWN,UNKNOWN,0.2433,0,64.243
3072,61.1496,,0,5.0,0.55,5,3,0,4.9992,1.0,wave,UNKNOWN,UNKNOWN,0.2433,0,64.503
3073,61.164,,0,5.0,0.55,5,3,0,4.9977,1.0,wave,UNKNOWN,UNKNOWN,0.2433,0,64.656
3074,61.1793,,0,5.0,0.55,5,3,0,4.997,1.0,wave,UNKNOWN,UNKNOWN,0.2533,1,60.081
3075,61.2322,,0,5.0,0.55,5,3,0,4.9983,1.0,wave,UNKNOWN,UNKNOWN,0.2533,0,60.503
3076,61.2476,,0,5.0,0.55,5,3,0,4.9981,1.0,wave,UNKNOWN,UNKNOWN,0.2533,0,61.59
3077,61.2619,,0,5.0,0.55,5,3,0,4.9591,1.0,wave,UNKNOWN,UNKNOWN,0.2533,0,59.938
3078,61.2836,,0,5.0,0.55,5,3,0,4.9808,1.0,wave,UNKNOWN,UNKNOWN,0.2533,0,58.591
3079,61.3054,,0,5.0,0.55,5,3,0,4.9885,1.0,wave,UNKNOWN,UNKNOWN,0.2533,0,59.539
3080,61.3199,,0,5.0,0.55,5,3,0,4.9894,1.0,wave,UNKNOWN,UNKNOWN,0.2533,0,58.066
3081,61.3431,,0,5.0,0.55,5,3,0,4.9983,1.0,wave,UNKNOWN,UNKNOWN,0.2533,0,59.24
3082,61.3569,,0,5.0,0.55,5,3,0,4.9954,1.0,wave,UNKNOWN,UNKNOWN,0.2533,0,60.713
3083,61.3701,,0,5.0,0.55,5,3,0,4.9923,1.0,wave,UNKNOWN,UNKNOWN,0.2533,0,61.441
3084,61.3851,,0,5.0,0.55,5,3,0,4.9925,1.0,wave,UNKNOWN,UNKNOWN,0.2533,0,61.727
3085,61.4004,,0,5.0,0.55,5,3,0,4.9922,1.0,wave,UNKNOWN,UNKNOWN,0.2533,0,61.744
3086,61.4166,,0,5.0,0.55,5,3,0,4.9863,1.0,wave,UNKNOWN,UNKNOWN,0.2533,0,61.04
3087,61.4349,,0,5.0,0.55,5,3,0,4.9905,1.0,wave,UNKNOWN,UNKNOWN,0.25,1,56.77
3088,61.4898,,0,5.0,0.55,5,3,0,4.9983,1.0,wave,UNKNOWN,UNKNOWN,0.25,0,57.974
3089,61.5046,,0,5.0,0.55,5,3,0,4.9971,1.0,wave,UNKNOWN,UNKNOWN,0.25,0,59.165
3090,61.5186,,0,5.0,0.55,5,3,0,4.9577,1.0,wave,UNKNOWN,UNKNOWN,0.25,0,60.109
3091,61.533,,0,5.0,0.55,5,3,0,4.972,1.0,wave,UNKNOWN,UNKNOWN,0.25,0,60.49
3092,61.5486,,0,5.0,0.55,5,3,0,4.9876,1.0,wave,UNKNOWN,UNKNOWN,0.25,0,60.924
3093,61.5637,,0,5.0,0.55,5,3,0,4.9879,1.0,wave,UNKNOWN,UNKNOWN,0.25,0,61.291
3094,61.5793,,0,5.0,0.55,5,3,0,4.9894,1.0,wave,UNKNOWN,UNKNOWN,0.25,0,61.286
3095,61.5956,,0,5.0,0.55,5,3,0,4.9919,1.0,wave,UNKNOWN,UNKNOWN,0.25,0,61.352
3096,61.6117,,0,5.0,0.55,5,3,0,4.9937,1.0,wave,UNKNOWN,UNKNOWN,0.25,0,61.342
3097,61.6281,,0,5.0,0.55,5,3,0,4.9937,1.0,wave,UNKNOWN,UNKNOWN,0.25,0,61.244
3098,61.6446,,0,5.0,0.55,5,3,0,4.9948,1.0,wave,UNKNOWN,UNKNOWN,0.25,0,61.612
3099,61.66,,0,5.0,0.55,5,3,0,4.9947,1.0,wave,UNKNOWN,UNKNOWN,0.25,0,61.912
3100,61.6757,,0,5.0,0.55,5,3,0,4.9947,1.0,wave,UNKNOWN,UNKNOWN,0.25,0,60.809
3101,61.6951,,0,5.0,0.55,5,3,0,4.9979,1.0,wave,UNKNOWN,UNKNOWN,0.2433,1,56.594
3102,61.7489,,0,5.0,0.55,5,3,0,4.9923,1.0,wave,UNKNOWN,UNKNOWN,0.2433,0,56.814
3103,61.7657,,0,5.0,0.55,5,3,0,4.9943,1.0,wave,UNKNOWN,UNKNOWN,0.2433,0,57.943
3104,61.7806,,0,5.0,0.55,5,3,0,4.9538,1.0,wave,UNKNOWN,UNKNOWN,0.2433,0,59.638
3105,61.7942,,0,5.0,0.55,5,3,0,4.9673,1.0,wave,UNKNOWN,UNKNOWN,0.2433,0,60.864
3106,61.808,,0,5.0,0.55,5,3,0,4.9812,1.0,wave,UNKNOWN,UNKNOWN,0.2433,0,61.684
3107,61.8224,,0,5.0,0.55,5,3,0,4.9956,1.0,wave,UNKNOWN,UNKNOWN,0.2433,0,62.185
3108,61.8373,,0,5.0,0.55,5,3,0,4.9966,1.0,wave,UNKNOWN,UNKNOWN,0.2433,0,62.257
3109,61.853,,0,5.0,0.55,5,3,0,4.9988,1.0,wave,UNKNOWN,UNKNOWN,0.2433,0,62.288
3110,61.8691,,0,5.0,0.55,5,3,0,4.9997,1.0,wave,UNKNOWN,UNKNOWN,0.2433,0,62.045
3111,61.8857,,0,5.0,0.55,5,3,0,4.9801,1.0,wave,UNKNOWN,UNKNOWN,0.2433,0,62.96
3112,61.9001,,0,5.0,0.55,5,3,0,4.9944,1.0,wave,UNKNOWN,UNKNOWN,0.2433,0,63.912
3113,61.9138,,0,5.0,0.55,5,3,0,4.9887,1.0,wave,UNKNOWN,UNKNOWN,0.2433,0,64.12
3114,61.929,,0,5.0,0.55,5,3,0,4.9905,1.0,wave,UNKNOWN,UNKNOWN,0.2433,0,64.71
3115,61.9435,,0,5.0,0.55,5,3,0,4.99,1.0,wave,UNKNOWN,UNKNOWN,0.2433,0,64.778
3116,61.9586,,0,5.0,0.55,5,3,0,4.9897,1.0,wave,UNKNOWN,UNKNOWN,0.25,1,59.914
3117,62.0207,,0,5.0,0.55,5,3,0,4.9885,1.0,wave,UNKNOWN,UNKNOWN,0.25,0,60.848
3118,62.0349,,0,5.0,0.55,5,3,0,4.9489,1.0,wave,UNKNOWN,UNKNOWN,0.25,0,62.12
3119,62.0487,,0,5.0,0.55,5,3,0,4.9627,1.0,wave,UNKNOWN,UNKNOWN,0.25,0,61.955
3120,62.0652,,0,5.0,0.55,5,3,0,4.9793,1.0,wave,UNKNOWN,UNKNOWN,0.25,0,62.627
3121,62.0798,,0,5.0,0.55,5,3,0,4.9938,1.0,wave,UNKNOWN,UNKNOWN,0.25,0,62.773
3122,62.0953,,0,5.0,0.55,5,3,0,4.9948,1.0,wave,UNKNOWN,UNKNOWN,0.25,0,63.241
3123,62.1099,,0,5.0,0.55,5,3,0,4.9944,1.0,wave,UNKNOWN,UNKNOWN,0.25,0,63.515
3124,62.1251,,0,5.0,0.55,5,3,0,4.9958,1.0,wave,UNKNOWN,UNKNOWN,0.25,0,63.508
3125,62.1409,,0,5.0,0.55,5,3,0,4.9974,1.0,wave,UNKNOWN,UNKNOWN,0.25,0,63.48
3126,62.1567,,0,5.0,0.55,5,3,0,4.9974,1.0,wave,UNKNOWN,UNKNOWN,0.25,0,62.617
3127,62.175,,0,5.0,0.55,5,3,0,4.9919,1.0,wave,UNKNOWN,UNKNOWN,0.25,0,62.754
3128,62.1905,,0,5.0,0.55,5,3,0,4.9933,1.0,wave,UNKNOWN,UNKNOWN,0.25,0,62.609
3129,62.2069,,0,5.0,0.55,5,3,0,4.9955,1.0,wave,UNKNOWN,UNKNOWN,0.25,0,62.617
3130,62.2228,,0,5.0,0.55,5,3,0,4.9957,1.0,wave,UNKNOWN,UNKNOWN,0.2633,1,58.166
3131,62.2781,,0,5.0,0.55,5,3,0,4.9861,1.0,wave,UNKNOWN,UNKNOWN,0.2633,0,57.788
3132,62.2963,,0,5.0,0.55,5,3,0,4.9443,1.0,wave,UNKNOWN,UNKNOWN,0.2633,0,57.184
3133,62.3156,,0,5.0,0.55,5,3,0,4.9636,1.0,wave,UNKNOWN,UNKNOWN,0.2633,0,57.711
3134,62.3317,,0,5.0,0.55,5,3,0,4.9797,1.0,wave,UNKNOWN,UNKNOWN,0.2633,0,57.933
3135,62.3484,,0,5.0,0.55,5,3,0,4.9964,1.0,wave,UNKNOWN,UNKNOWN,0.2633,0,56.705
3136,62.3702,,0,5.0,0.55,5,3,0,4.981,1.0,wave,UNKNOWN,UNKNOWN,0.2633,0,58.635
3137,62.3838,,0,5.0,0.55,5,3,0,4.9946,1.0,wave,UNKNOWN,UNKNOWN,0.2633,0,59.553
3138,62.3985,,0,5.0,0.55,5,3,0,4.993,1.0,wave,UNKNOWN,UNKNOWN,0.2633,0,60.384
3139,62.4132,,0,5.0,0.55,5,3,0,4.9922,1.0,wave,UNKNOWN,UNKNOWN,0.2633,0,60.978
3140,62.4283,,0,5.0,0.55,5,3,0,4.9908,1.0,wave,UNKNOWN,UNKNOWN,0.2633,0,61.569
3141,62.4431,,0,5.0,0.55,5,3,0,4.9895,1.0,wave,UNKNOWN,UNKNOWN,0.2633,0,61.622
3142,62.4591,,0,5.0,0.55,5,3,0,4.9892,1.0,wave,UNKNOWN,UNKNOWN,0.2633,0,61.365
3143,62.4762,,0,5.0,0.55,5,3,0,4.9905,1.0,wave,UNKNOWN,UNKNOWN,0.2467,1,56.752
3144,62.5423,,0,5.0,0.55,5,3,0,4.9918,1.0,wave,UNKNOWN,UNKNOWN,0.2467,0,58.083
3145,62.5565,,0,5.0,0.55,5,3,0,4.9529,1.0,wave,UNKNOWN,UNKNOWN,0.2467,0,57.894
3146,62.5742,,0,5.0,0.55,5,3,0,4.9705,1.0,wave,UNKNOWN,UNKNOWN,0.2467,0,56.292
3147,62.5978,,0,5.0,0.55,5,3,0,4.9941,1.0,wave,UNKNOWN,UNKNOWN,0.2467,0,56.403
3148,62.615,,0,5.0,0.55,5,3,0,4.996,1.0,wave,UNKNOWN,UNKNOWN,0.2467,0,56.918
3149,62.6313,,0,5.0,0.55,5,3,0,4.9958,1.0,wave,UNKNOWN,UNKNOWN,0.2467,0,57.289
3150,62.6478,,0,5.0,0.55,5,3,0,4.9985,1.0,wave,UNKNOWN,UNKNOWN,0.2467,0,57.623
3151,62.6642,,0,5.0,0.55,5,3,0,4.9848,1.0,wave,UNKNOWN,UNKNOWN,0.2467,0,58.882
3152,62.6786,,0,5.0,0.55,5,3,0,4.9992,1.0,wave,UNKNOWN,UNKNOWN,0.2467,0,60.353
3153,62.6923,,0,5.0,0.55,5,3,0,4.9972,1.0,wave,UNKNOWN,UNKNOWN,0.2467,0,61.545
3154,62.7064,,0,5.0,0.55,5,3,0,4.9951,1.0,wave,UNKNOWN,UNKNOWN,0.2467,0,61.968
3155,62.7216,,0,5.0,0.55,5,3,0,4.9941,1.0,wave,UNKNOWN,UNKNOWN,0.2467,0,61.786
3156,62.7383,,0,5.0,0.55,5,3,0,4.9948,1.0,wave,UNKNOWN,UNKNOWN,0.26,1,57.157
3157,62.8027,,0,5.0,0.55,5,3,0,4.995,1.0,wave,UNKNOWN,UNKNOWN,0.26,0,58.177
3158,62.8175,,0,5.0,0.55,5,3,0,4.949,1.0,wave,UNKNOWN,UNKNOWN,0.26,0,58.097
3159,62.8347,,0,5.0,0.55,5,3,0,4.9661,1.0,wave,UNKNOWN,UNKNOWN,0.26,0,58.716
3160,62.8505,,0,5.0,0.55,5,3,0,4.982,1.0,wave,UNKNOWN,UNKNOWN,0.26,0,59.127
3161,62.8665,,0,5.0,0.55,5,3,0,4.9979,1.0,wave,UNKNOWN,UNKNOWN,0.26,0,60.033
3162,62.8808,,0,5.0,0.55,5,3,0,4.9903,1.0,wave,UNKNOWN,UNKNOWN,0.26,0,61.157
3163,62.8949,,0,5.0,0.55,5,3,0,4.9891,1.0,wave,UNKNOWN,UNKNOWN,0.26,0,59.68
3164,62.9167,,0,5.0,0.55,5,3,0,4.9893,1.0,wave,UNKNOWN,UNKNOWN,0.26,0,60.522
3165,62.9311,,0,5.0,0.55,5,3,0,4.9891,1.0,wave,UNKNOWN,UNKNOWN,0.26,0,60.556
3166,62.9476,,0,5.0,0.55,5,3,0,4.9923,1.0,wave,UNKNOWN,UNKNOWN,0.26,0,61.137
3167,62.9628,,0,5.0,0.55,5,3,0,4.9885,1.0,wave,UNKNOWN,UNKNOWN,0.26,0,61.693
3168,62.9777,,0,5.0,0.55,5,3,0,4.9899,1.0,wave,UNKNOWN,UNKNOWN,0.26,0,61.797
3169,62.9942,,0,5.0,0.55,5,3,0,4.9905,1.0,wave,UNKNOWN,UNKNOWN,0.26,1,57.418
3170,63.0493,,0,5.0,0.55,5,3,0,4.9989,1.0,wave,UNKNOWN,UNKNOWN,0.26,0,58.443
3171,63.064,,0,5.0,0.55,5,3,0,4.9971,1.0,wave,UNKNOWN,UNKNOWN,0.26,0,59.989
3172,63.0777,,0,5.0,0.55,5,3,0,4.954,1.0,wave,UNKNOWN,UNKNOWN,0.26,0,61.143
3173,63.0915,,0,5.0,0.55,5,3,0,4.9678,1.0,wave,UNKNOWN,UNKNOWN,0.26,0,61.745
3174,63.1061,,0,5.0,0.55,5,3,0,4.9824,1.0,wave,UNKNOWN,UNKNOWN,0.26,0,62.269
3175,63.121,,0,5.0,0.55,5,3,0,4.9973,1.0,wave,UNKNOWN,UNKNOWN,0.26,0,62.53
3176,63.1365,,0,5.0,0.55,5,3,0,4.9983,1.0,wave,UNKNOWN,UNKNOWN,0.26,0,61.819
3177,63.1545,,0,5.0,0.55,5,3,0,4.9993,1.0,wave,UNKNOWN,UNKNOWN,0.26,0,61.588
3178,63.1713,,0,5.0,0.55,5,3,0,4.9843,1.0,wave,UNKNOWN,UNKNOWN,0.26,0,61.692
3179,63.1873,,0,5.0,0.55,5,3,0,4.9868,1.0,wave,UNKNOWN,UNKNOWN,0.26,0,61.916
3180,63.2029,,0,5.0,0.55,5,3,0,4.9872,1.0,wave,UNKNOWN,UNKNOWN,0.26,0,62.044
3181,63.2188,,0,5.0,0.55,5,3,0,4.9871,1.0,wave,UNKNOWN,UNKNOWN,0.26,0,61.911
3182,63.2351,,0,5.0,0.55,5,3,0,4.9878,1.0,wave,UNKNOWN,UNKNOWN,0.26,0,62.457
3183,63.25,,0,5.0,0.55,5,3,0,4.9866,1.0,wave,UNKNOWN,UNKNOWN,0.2567,1,57.812
3184,63.3127,,0,5.0,0.55,5,3,0,4.9927,1.0,wave,UNKNOWN,UNKNOWN,0.2567,0,58.959
3185,63.3277,,0,5.0,0.55,5,3,0,4.9543,1.0,wave,UNKNOWN,UNKNOWN,0.2567,0,60.133
3186,63.3418,,0,5.0,0.55,5,3,0,4.9685,1.0,wave,UNKNOWN,UNKNOWN,0.2567,0,61.114
3187,63.3554,,0,5.0,0.55,5,3,0,4.982,1.0,wave,UNKNOWN,UNKNOWN,0.2567,0,60.708
3188,63.3736,,0,5.0,0.55,5,3,0,4.9863,1.0,wave,UNKNOWN,UNKNOWN,0.2567,0,58.488
3189,63.3989,,0,5.0,0.55,5,3,0,4.9983,1.0,wave,UNKNOWN,UNKNOWN,0.2567,0,58.891
3190,63.4149,,0,5.0,0.55,5,3,0,4.999,1.0,wave,UNKNOWN,UNKNOWN,0.2567,0,59.921
3191,63.4301,,0,5.0,0.55,5,3,0,4.9976,1.0,wave,UNKNOWN,UNKNOWN,0.2567,0,59.303
3192,63.4481,,0,5.0,0.55,5,3,0,4.9839,1.0,wave,UNKNOWN,UNKNOWN,0.2567,0,59.461
3193,63.4644,,0,5.0,0.55,5,3,0,4.9829,1.0,wave,UNKNOWN,UNKNOWN,0.2567,0,60.411
3194,63.4791,,0,5.0,0.55,5,3,0,4.9977,1.0,wave,UNKNOWN,UNKNOWN,0.2567,0,61.482
3195,63.4942,,0,5.0,0.55,5,3,0,4.9948,1.0,wave,UNKNOWN,UNKNOWN,0.2567,0,62.079
3196,63.5084,,0,5.0,0.55,5,3,0,4.9929,1.0,wave,UNKNOWN,UNKNOWN,0.2667,1,57.707
3197,63.5626,,0,5.0,0.55,5,3,0,4.9989,1.0,wave,UNKNOWN,UNKNOWN,0.2667,0,58.984
3198,63.5774,,0,5.0,0.55,5,3,0,4.9981,1.0,wave,UNKNOWN,UNKNOWN,0.2667,0,59.08
3199,63.5934,,0,5.0,0.55,5,3,0,4.9507,1.0,wave,UNKNOWN,UNKNOWN,0.2667,0,60.365
3200,63.6076,,0,5.0,0.55,5,3,0,4.9649,1.0,wave,UNKNOWN,UNKNOWN,0.2667,0,61.194
3201,63.6215,,0,5.0,0.55,5,3,0,4.9789,1.0,wave,UNKNOWN,UNKNOWN,0.2667,0,61.726
3202,63.6367,,0,5.0,0.55,5,3,0,4.994,1.0,wave,UNKNOWN,UNKNOWN,0.2667,0,61.7
3203,63.6529,,0,5.0,0.55,5,3,0,4.9956,1.0,wave,UNKNOWN,UNKNOWN,0.2667,0,61.927
3204,63.6685,,0,5.0,0.55,5,3,0,4.9977,1.0,wave,UNKNOWN,UNKNOWN,0.2667,0,61.916
3205,63.6847,,0,5.0,0.55,5,3,0,4.9997,1.0,wave,UNKNOWN,UNKNOWN,0.2667,0,61.843
3206,63.7012,,0,5.0,0.55,5,3,0,4.9852,1.0,wave,UNKNOWN,UNKNOWN,0.2667,0,61.673
3207,63.7177,,0,5.0,0.55,5,3,0,4.9858,1.0,wave,UNKNOWN,UNKNOWN,0.2667,0,61.696
3208,63.7338,,0,5.0,0.55,5,3,0,4.9859,1.0,wave,UNKNOWN,UNKNOWN,0.2667,0,61.399
3209,63.7508,,0,5.0,0.55,5,3,0,4.9867,1.0,wave,UNKNOWN,UNKNOWN,0.2667,0,61.184
3210,63.7677,,0,5.0,0.55,5,3,0,4.9876,1.0,wave,UNKNOWN,UNKNOWN,0.2733,1,56.918
3211,63.8222,,0,5.0,0.55,5,3,0,4.9932,1.0,wave,UNKNOWN,UNKNOWN,0.2733,0,57.625
3212,63.8377,,0,5.0,0.55,5,3,0,4.992,1.0,wave,UNKNOWN,UNKNOWN,0.2733,0,57.622
3213,63.8547,,0,5.0,0.55,5,3,0,4.9565,1.0,wave,UNKNOWN,UNKNOWN,0.2733,0,58.77
3214,63.8695,,0,5.0,0.55,5,3,0,4.9714,1.0,wave,UNKNOWN,UNKNOWN,0.2733,0,59.815
3215,63.8839,,0,5.0,0.55,5,3,0,4.9857,1.0,wave,UNKNOWN,UNKNOWN,0.2733,0,60.525
3216,63.8986,,0,5.0,0.55,5,3,0,4.9856,1.0,wave,UNKNOWN,UNKNOWN,0.2733,0,60.945
3217,63.9144,,0,5.0,0.55,5,3,0,4.986,1.0,wave,UNKNOWN,UNKNOWN,0.2733,0,61.451
3218,63.9294,,0,5.0,0.55,5,3,0,4.9862,1.0,wave,UNKNOWN,UNKNOWN,0.2733,0,61.954
3219,63.9447,,0,5.0,0.55,5,3,0,4.9876,1.0,wave,UNKNOWN,UNKNOWN,0.2733,0,61.84
3220,63.9608,,0,5.0,0.55,5,3,0,4.9865,1.0,wave,UNKNOWN,UNKNOWN,0.2733,0,60.09
3221,63.9833,,0,5.0,0.55,5,3,0,4.9928,1.0,wave,UNKNOWN,UNKNOWN,0.2733,0,60.705
3222,63.9986,,0,5.0,0.55,5,3,0,4.9935,1.0,wave,UNKNOWN,UNKNOWN,0.2733,0,60.927
3223,64.0144,,0,5.0,0.55,5,3,0,4.9864,1.0,wave,UNKNOWN,UNKNOWN,0.2733,0,61.757
3224,64.029,,0,5.0,0.55,5,3,0,4.9839,1.0,wave,UNKNOWN,UNKNOWN,0.29,1,57.265
3225,64.0883,,0,5.0,0.55,5,3,0,4.9862,1.0,wave,UNKNOWN,UNKNOWN,0.29,0,58.155
3226,64.1031,,0,5.0,0.55,5,3,0,4.9388,1.0,wave,UNKNOWN,UNKNOWN,0.29,0,59.551
3227,64.1177,,0,5.0,0.55,5,3,0,4.9534,1.0,wave,UNKNOWN,UNKNOWN,0.29,0,60.332
3228,64.1318,,0,5.0,0.55,5,3,0,4.9676,1.0,wave,UNKNOWN,UNKNOWN,0.29,0,61.12
3229,64.1467,,0,5.0,0.55,5,3,0,4.9824,1.0,wave,UNKNOWN,UNKNOWN,0.29,0,61.745
3230,64.162,,0,5.0,0.55,5,3,0,4.9977,1.0,wave,UNKNOWN,UNKNOWN,0.29,0,61.99
3231,64.1769,,0,5.0,0.55,5,3,0,4.9904,1.0,wave,UNKNOWN,UNKNOWN,0.29,0,61.751
3232,64.194,,0,5.0,0.55,5,3,0,4.9913,1.0,wave,UNKNOWN,UNKNOWN,0.29,0,61.957
3233,64.2094,,0,5.0,0.55,5,3,0,4.9912,1.0,wave,UNKNOWN,UNKNOWN,0.29,0,62.247
3234,64.2248,,0,5.0,0.55,5,3,0,4.9824,1.0,wave,UNKNOWN,UNKNOWN,0.29,0,63.32
3235,64.2386,,0,5.0,0.55,5,3,0,4.9962,1.0,wave,UNKNOWN,UNKNOWN,0.29,0,64.228
3236,64.2535,,0,5.0,0.55,5,3,0,4.9973,1.0,wave,UNKNOWN,UNKNOWN,0.29,0,64.507
3237,64.2674,,0,5.0,0.55,5,3,0,4.9977,1.0,wave,UNKNOWN,UNKNOWN,0.29,0,65.171
3238,64.2816,,0,5.0,0.55,5,3,0,4.9965,1.0,wave,UNKNOWN,UNKNOWN,0.29,1,60.564
3239,64.3328,,0,5.0,0.55,5,3,0,4.994,1.0,wave,UNKNOWN,UNKNOWN,0.29,0,61.25
3240,64.3487,,0,5.0,0.55,5,3,0,4.9965,1.0,wave,UNKNOWN,UNKNOWN,0.29,0,59.523
3241,64.3712,,0,5.0,0.55,5,3,0,4.9539,1.0,wave,UNKNOWN,UNKNOWN,0.29,0,58.473
3242,64.3917,,0,5.0,0.55,5,3,0,4.9744,1.0,wave,UNKNOWN,UNKNOWN,0.29,0,59.464
3243,64.4062,,0,5.0,0.55,5,3,0,4.9889,1.0,wave,UNKNOWN,UNKNOWN,0.29,0,58.094
3244,64.4286,,0,5.0,0.55,5,3,0,4.9929,1.0,wave,UNKNOWN,UNKNOWN,0.29,0,56.844
3245,64.45,,0,5.0,0.55,5,3,0,4.9983,1.0,wave,UNKNOWN,UNKNOWN,0.29,0,57.243
3246,64.4666,,0,5.0,0.55,5,3,0,4.9987,1.0,wave,UNKNOWN,UNKNOWN,0.29,0,56.393
3247,64.4871,,0,5.0,0.55,5,3,0,4.9852,1.0,wave,UNKNOWN,UNKNOWN,0.29,0,57.093
3248,64.5029,,0,5.0,0.55,5,3,0,4.9872,1.0,wave,UNKNOWN,UNKNOWN,0.29,0,57.636
3249,64.519,,0,5.0,0.55,5,3,0,4.989,1.0,wave,UNKNOWN,UNKNOWN,0.29,0,57.984
3250,64.5352,,0,5.0,0.55,5,3,0,4.9908,1.0,wave,UNKNOWN,UNKNOWN,0.31,1,53.933
3251,64.5927,,0,5.0,0.55,5,3,0,4.9878,1.0,wave,UNKNOWN,UNKNOWN,0.31,0,55.568
3252,64.607,,0,5.0,0.55,5,3,0,4.9498,1.0,wave,UNKNOWN,UNKNOWN,0.31,0,56.874
3253,64.6213,,0,5.0,0.55,5,3,0,4.964,1.0,wave,UNKNOWN,UNKNOWN,0.31,0,57.854
3254,64.6363,,0,5.0,0.55,5,3,0,4.979,1.0,wave,UNKNOWN,UNKNOWN,0.31,0,58.441
3255,64.6521,,0,5.0,0.55,5,3,0,4.9948,1.0,wave,UNKNOWN,UNKNOWN,0.31,0,59.137
3256,64.667,,0,5.0,0.55,5,3,0,4.9868,1.0,wave,UNKNOWN,UNKNOWN,0.31,0,59.458
3257,64.6831,,0,5.0,0.55,5,3,0,4.9862,1.0,wave,UNKNOWN,UNKNOWN,0.31,0,59.71
3258,64.6993,,0,5.0,0.55,5,3,0,4.9852,1.0,wave,UNKNOWN,UNKNOWN,0.31,0,59.875
3259,64.7155,,0,5.0,0.55,5,3,0,4.9795,1.0,wave,UNKNOWN,UNKNOWN,0.31,0,60.073
3260,64.7317,,0,5.0,0.55,5,3,0,4.9957,1.0,wave,UNKNOWN,UNKNOWN,0.31,0,60.254
3261,64.7479,,0,5.0,0.55,5,3,0,4.9976,1.0,wave,UNKNOWN,UNKNOWN,0.31,0,61.627
3262,64.7623,,0,5.0,0.55,5,3,0,4.9972,1.0,wave,UNKNOWN,UNKNOWN,0.31,0,62.323
3263,64.7761,,0,5.0,0.55,5,3,0,4.997,1.0,wave,UNKNOWN,UNKNOWN,0.31,0,63.724
3264,64.7891,,0,5.0,0.55,5,3,0,4.9838,1.0,wave,UNKNOWN,UNKNOWN,0.2833,1,59.242
3265,64.8422,,0,5.0,0.55,5,3,0,4.9913,1.0,wave,UNKNOWN,UNKNOWN,0.2833,0,60.525
3266,64.8562,,0,5.0,0.55,5,3,0,4.9836,1.0,wave,UNKNOWN,UNKNOWN,0.2833,0,60.486
3267,64.8728,,0,5.0,0.55,5,3,0,4.945,1.0,wave,UNKNOWN,UNKNOWN,0.2833,0,61.5
3268,64.8867,,0,5.0,0.55,5,3,0,4.9589,1.0,wave,UNKNOWN,UNKNOWN,0.2833,0,62.375
3269,64.9012,,0,5.0,0.55,5,3,0,4.9734,1.0,wave,UNKNOWN,UNKNOWN,0.2833,0,62.638
3270,64.9162,,0,5.0,0.55,5,3,0,4.9884,1.0,wave,UNKNOWN,UNKNOWN,0.2833,0,62.219
3271,64.9335,,0,5.0,0.55,5,3,0,4.9909,1.0,wave,UNKNOWN,UNKNOWN,0.2833,0,62.204
3272,64.9496,,0,5.0,0.55,5,3,0,4.9911,1.0,wave,UNKNOWN,UNKNOWN,0.2833,0,62.442
3273,64.965,,0,5.0,0.55,5,3,0,4.9908,1.0,wave,UNKNOWN,UNKNOWN,0.2833,0,62.497
3274,64.9809,,0,5.0,0.55,5,3,0,4.9926,1.0,wave,UNKNOWN,UNKNOWN,0.2833,0,62.259
3275,64.9975,,0,5.0,0.55,5,3,0,4.9878,1.0,wave,UNKNOWN,UNKNOWN,0.2833,0,62.182
3276,65.0142,,0,5.0,0.55,5,3,0,4.9892,1.0,wave,UNKNOWN,UNKNOWN,0.2833,0,61.913
3277,65.0305,,0,5.0,0.55,5,3,0,4.9919,1.0,wave,UNKNOWN,UNKNOWN,0.2833,0,63.016
3278,65.0447,,0,5.0,0.55,5,3,0,4.9908,1.0,wave,UNKNOWN,UNKNOWN,0.3033,1,58.55
3279,65.0991,,0,5.0,0.55,5,3,0,4.9983,1.0,wave,UNKNOWN,UNKNOWN,0.3033,0,58.898
3280,65.115,,0,5.0,0.55,5,3,0,4.9983,1.0,wave,UNKNOWN,UNKNOWN,0.3033,0,60.486
3281,65.1293,,0,5.0,0.55,5,3,0,4.9963,1.0,wave,UNKNOWN,UNKNOWN,0.3033,0,61.182
3282,65.1433,,0,5.0,0.55,5,3,0,4.9534,1.0,wave,UNKNOWN,UNKNOWN,0.3033,0,62.137
3283,65.1575,,0,5.0,0.55,5,3,0,4.9676,1.0,wave,UNKNOWN,UNKNOWN,0.3033,0,62.471
3284,65.1725,,0,5.0,0.55,5,3,0,4.9826,1.0,wave,UNKNOWN,UNKNOWN,0.3033,0,62.718
3285,65.1878,,0,5.0,0.55,5,3,0,4.9979,1.0,wave,UNKNOWN,UNKNOWN,0.3033,0,62.757
3286,65.2038,,0,5.0,0.55,5,3,0,4.9993,1.0,wave,UNKNOWN,UNKNOWN,0.3033,0,62.609
3287,65.22,,0,5.0,0.55,5,3,0,4.9867,1.0,wave,UNKNOWN,UNKNOWN,0.3033,0,62.445
3288,65.2365,,0,5.0,0.55,5,3,0,4.9857,1.0,wave,UNKNOWN,UNKNOWN,0.3033,0,61.437
3289,65.2556,,0,5.0,0.55,5,3,0,4.991,1.0,wave,UNKNOWN,UNKNOWN,0.3033,0,61.323
3290,65.2721,,0,5.0,0.55,5,3,0,4.9916,1.0,wave,UNKNOWN,UNKNOWN,0.3033,0,59.542
3291,65.2966,,0,5.0,0.55,5,3,0,4.9999,1.0,wave,UNKNOWN,UNKNOWN,0.3067,1,55.362
3292,65.3517,,0,5.0,0.55,5,3,0,4.9885,1.0,wave,UNKNOWN,UNKNOWN,0.3067,0,55.567
3293,65.3689,,0,5.0,0.55,5,3,0,4.9895,1.0,wave,UNKNOWN,UNKNOWN,0.3067,0,56.237
3294,65.385,,0,5.0,0.55,5,3,0,4.9888,1.0,wave,UNKNOWN,UNKNOWN,0.3067,0,57.533
3295,65.3997,,0,5.0,0.55,5,3,0,4.9489,1.0,wave,UNKNOWN,UNKNOWN,0.3067,0,58.811
3296,65.4138,,0,5.0,0.55,5,3,0,4.9631,1.0,wave,UNKNOWN,UNKNOWN,0.3067,0,60.273
3297,65.4273,,0,5.0,0.55,5,3,0,4.9765,1.0,wave,UNKNOWN,UNKNOWN,0.3067,0,60.933
3298,65.4422,,0,5.0,0.55,5,3,0,4.9915,1.0,wave,UNKNOWN,UNKNOWN,0.3067,0,61.472
3299,65.4574,,0,5.0,0.55,5,3,0,4.9918,1.0,wave,UNKNOWN,UNKNOWN,0.3067,0,61.622
3300,65.4732,,0,5.0,0.55,5,3,0,4.9927,1.0,wave,UNKNOWN,UNKNOWN,0.3067,0,60.296
3301,65.494,,0,5.0,0.55,5,3,0,4.9992,1.0,wave,UNKNOWN,UNKNOWN,0.3067,0,60.701
3302,65.5097,,0,5.0,0.55,5,3,0,4.9863,1.0,wave,UNKNOWN,UNKNOWN,0.3067,0,59.052
3303,65.5322,,0,5.0,0.55,5,3,0,4.9933,1.0,wave,UNKNOWN,UNKNOWN,0.3067,0,59.865
3304,65.5471,,0,5.0,0.55,5,3,0,4.9918,1.0,wave,UNKNOWN,UNKNOWN,0.3233,1,55.69
3305,65.6024,,0,5.0,0.55,5,3,0,4.9967,1.0,wave,UNKNOWN,UNKNOWN,0.3233,0,56.735
3306,65.6175,,0,5.0,0.55,5,3,0,4.9927,1.0,wave,UNKNOWN,UNKNOWN,0.3233,0,57.258
3307,65.6339,,0,5.0,0.55,5,3,0,4.9934,1.0,wave,UNKNOWN,UNKNOWN,0.3233,0,58.601
3308,65.6475,,0,5.0,0.55,5,3,0,4.9867,1.0,wave,UNKNOWN,UNKNOWN,0.3233,0,59.804
3309,65.662,,0,5.0,0.55,5,3,0,4.9468,1.0,wave,UNKNOWN,UNKNOWN,0.3233,0,60.717
3310,65.6762,,0,5.0,0.55,5,3,0,4.961,1.0,wave,UNKNOWN,UNKNOWN,0.3233,0,61.13
3311,65.6917,,0,5.0,0.55,5,3,0,4.9765,1.0,wave,UNKNOWN,UNKNOWN,0.3233,0,61.384
3312,65.7073,,0,5.0,0.55,5,3,0,4.9921,1.0,wave,UNKNOWN,UNKNOWN,0.3233,0,61.7
3313,65.7227,,0,5.0,0.55,5,3,0,4.9907,1.0,wave,UNKNOWN,UNKNOWN,0.3233,0,62.099
3314,65.738,,0,5.0,0.55,5,3,0,4.9893,1.0,wave,UNKNOWN,UNKNOWN,0.3233,0,62.773
3315,65.7528,,0,5.0,0.55,5,3,0,4.989,1.0,wave,UNKNOWN,UNKNOWN,0.3233,0,63.607
3316,65.7665,,0,5.0,0.55,5,3,0,4.988,1.0,wave,UNKNOWN,UNKNOWN,0.3233,0,64.878
3317,65.7796,,0,5.0,0.55,5,3,0,4.9845,1.0,wave,UNKNOWN,UNKNOWN,0.3233,0,65.18
3318,65.7944,,0,5.0,0.55,5,3,0,4.9993,1.0,wave,UNKNOWN,UNKNOWN,0.3233,0,65.185
3319,65.8098,,0,5.0,0.55,5,3,0,4.9869,1.0,wave,UNKNOWN,UNKNOWN,0.3133,1,60.509
3320,65.8642,,0,5.0,0.55,5,3,0,4.9945,1.0,wave,UNKNOWN,UNKNOWN,0.3133,0,61.804
3321,65.8782,,0,5.0,0.55,5,3,0,4.9924,1.0,wave,UNKNOWN,UNKNOWN,0.3133,0,62.73
3322,65.8918,,0,5.0,0.55,5,3,0,4.9902,1.0,wave,UNKNOWN,UNKNOWN,0.3133,0,62.906
3323,65.9073,,0,5.0,0.55,5,3,0,4.9916,1.0,wave,UNKNOWN,UNKNOWN,0.3133,0,63.204
3324,65.9228,,0,5.0,0.55,5,3,0,4.9541,1.0,wave,UNKNOWN,UNKNOWN,0.3133,0,61.248
3325,65.9458,,0,5.0,0.55,5,3,0,4.9771,1.0,wave,UNKNOWN,UNKNOWN,0.3133,0,59.485
3326,65.9682,,0,5.0,0.55,5,3,0,4.9995,1.0,wave,UNKNOWN,UNKNOWN,0.3133,0,58.645
3327,65.9879,,0,5.0,0.55,5,3,0,4.9906,1.0,wave,UNKNOWN,UNKNOWN,0.3133,0,59.076
3328,66.0037,,0,5.0,0.55,5,3,0,4.992,1.0,wave,UNKNOWN,UNKNOWN,0.3133,0,59.323
3329,66.0199,,0,5.0,0.55,5,3,0,4.9929,1.0,wave,UNKNOWN,UNKNOWN,0.3133,0,58.216
3330,66.0406,,0,5.0,0.55,5,3,0,4.9991,1.0,wave,UNKNOWN,UNKNOWN,0.3133,0,56.899
3331,66.0631,,0,5.0,0.55,5,3,0,4.9914,1.0,wave,UNKNOWN,UNKNOWN,0.32,1,52.932
3332,66.1212,,0,5.0,0.55,5,3,0,4.9863,1.0,wave,UNKNOWN,UNKNOWN,0.32,0,54.621
3333,66.1355,,0,5.0,0.55,5,3,0,4.9858,1.0,wave,UNKNOWN,UNKNOWN,0.32,0,54.114
3334,66.1553,,0,5.0,0.55,5,3,0,4.9913,1.0,wave,UNKNOWN,UNKNOWN,0.32,0,54.311
3335,66.1732,,0,5.0,0.55,5,3,0,4.9939,1.0,wave,UNKNOWN,UNKNOWN,0.32,0,55.012
3336,66.1894,,0,5.0,0.55,5,3,0,4.9572,1.0,wave,UNKNOWN,UNKNOWN,0.32,0,56.101
3337,66.2046,,0,5.0,0.55,5,3,0,4.9724,1.0,wave,UNKNOWN,UNKNOWN,0.32,0,57.707
3338,66.2188,,0,5.0,0.55,5,3,0,4.9866,1.0,wave,UNKNOWN,UNKNOWN,0.32,0,58.267
3339,66.2346,,0,5.0,0.55,5,3,0,4.987,1.0,wave,UNKNOWN,UNKNOWN,0.32,0,58.319
3340,66.2517,,0,5.0,0.55,5,3,0,4.9898,1.0,wave,UNKNOWN,UNKNOWN,0.32,0,59.869
3341,66.2648,,0,5.0,0.55,5,3,0,4.9812,1.0,wave,UNKNOWN,UNKNOWN,0.32,0,60.598
3342,66.2806,,0,5.0,0.55,5,3,0,4.997,1.0,wave,UNKNOWN,UNKNOWN,0.32,0,59.605
3343,66.2999,,0,5.0,0.55,5,3,0,4.9946,1.0,wave,UNKNOWN,UNKNOWN,0.32,0,59.22
3344,66.3175,,0,5.0,0.55,5,3,0,4.9976,1.0,wave,UNKNOWN,UNKNOWN,0.32,1,55.091
3345,66.3736,,0,5.0,0.55,5,3,0,4.9886,1.0,wave,UNKNOWN,UNKNOWN,0.32,0,55.35
3346,66.3906,,0,5.0,0.55,5,3,0,4.9901,1.0,wave,UNKNOWN,UNKNOWN,0.32,0,56.936
3347,66.4053,,0,5.0,0.55,5,3,0,4.9887,1.0,wave,UNKNOWN,UNKNOWN,0.32,0,57.441
3348,66.421,,0,5.0,0.55,5,3,0,4.986,1.0,wave,UNKNOWN,UNKNOWN,0.32,0,58.59
3349,66.4358,,0,5.0,0.55,5,3,0,4.9461,1.0,wave,UNKNOWN,UNKNOWN,0.32,0,58.827
3350,66.452,,0,5.0,0.55,5,3,0,4.9622,1.0,wave,UNKNOWN,UNKNOWN,0.32,0,59.939
3351,66.4662,,0,5.0,0.55,5,3,0,4.9764,1.0,wave,UNKNOWN,UNKNOWN,0.32,0,60.126
3352,66.4823,,0,5.0,0.55,5,3,0,4.9925,1.0,wave,UNKNOWN,UNKNOWN,0.32,0,60.552
3353,66.498,,0,5.0,0.55,5,3,0,4.9934,1.0,wave,UNKNOWN,UNKNOWN,0.32,0,58.882
3354,66.5208,,0,5.0,0.55,5,3,0,4.9878,1.0,wave,UNKNOWN,UNKNOWN,0.32,0,60.069
3355,66.535,,0,5.0,0.55,5,3,0,4.9865,1.0,wave,UNKNOWN,UNKNOWN,0.32,0,61.279
3356,66.5488,,0,5.0,0.55,5,3,0,4.985,1.0,wave,UNKNOWN,UNKNOWN,0.32,0,61.185
3357,66.5652,,0,5.0,0.55,5,3,0,4.9859,1.0,wave,UNKNOWN,UNKNOWN,0.32,0,61.778
3358,66.5803,,0,5.0,0.55,5,3,0,4.9847,1.0,wave,UNKNOWN,UNKNOWN,0.3433,1,57.437
3359,66.6346,,0,5.0,0.55,5,3,0,4.99,1.0,wave,UNKNOWN,UNKNOWN,0.3433,0,56.628
3360,66.6547,,0,5.0,0.55,5,3,0,4.9947,1.0,wave,UNKNOWN,UNKNOWN,0.3433,0,55.07
3361,66.6792,,0,5.0,0.55,5,3,0,4.9841,1.0,wave,UNKNOWN,UNKNOWN,0.3433,0,54.086
3362,66.7011,,0,5.0,0.55,5,3,0,4.9523,1.0,wave,UNKNOWN,UNKNOWN,0.3433,0,55.031
3363,66.7168,,0,5.0,0.55,5,3,0,4.9679,1.0,wave,UNKNOWN,UNKNOWN,0.3433,0,54.121
3364,66.7386,,0,5.0,0.55,5,3,0,4.9897,1.0,wave,UNKNOWN,UNKNOWN,0.3433,0,55.892
3365,66.7528,,0,5.0,0.55,5,3,0,4.9871,1.0,wave,UNKNOWN,UNKNOWN,0.3433,0,54.731
3366,66.7751,,0,5.0,0.55,5,3,0,4.9945,1.0,wave,UNKNOWN,UNKNOWN,0.3433,0,54.924
3367,66.793,,0,5.0,0.55,5,3,0,4.9989,1.0,wave,UNKNOWN,UNKNOWN,0.3433,0,53.882
3368,66.8152,,0,5.0,0.55,5,3,0,4.9928,1.0,wave,UNKNOWN,UNKNOWN,0.3433,0,52.688
3369,66.8393,,0,5.0,0.55,5,3,0,4.9863,1.0,wave,UNKNOWN,UNKNOWN,0.3233,1,49.242
3370,66.8942,,0,5.0,0.55,5,3,0,4.9942,1.0,wave,UNKNOWN,UNKNOWN,0.3233,0,50.647
3371,66.91,,0,5.0,0.55,5,3,0,4.9962,1.0,wave,UNKNOWN,UNKNOWN,0.3233,0,52.878
3372,66.9237,,0,5.0,0.55,5,3,0,4.9947,1.0,wave,UNKNOWN,UNKNOWN,0.3233,0,54.451
3373,66.9381,,0,5.0,0.55,5,3,0,4.9946,1.0,wave,UNKNOWN,UNKNOWN,0.3233,0,55.027
3374,66.9547,,0,5.0,0.55,5,3,0,4.9961,1.0,wave,UNKNOWN,UNKNOWN,0.3233,0,55.67
3375,66.9711,,0,5.0,0.55,5,3,0,4.9504,1.0,wave,UNKNOWN,UNKNOWN,0.3233,0,56.697
3376,66.9863,,0,5.0,0.55,5,3,0,4.9656,1.0,wave,UNKNOWN,UNKNOWN,0.3233,0,57.788
3377,67.0012,,0,5.0,0.55,5,3,0,4.9805,1.0,wave,UNKNOWN,UNKNOWN,0.3233,0,58.288
3378,67.0168,,0,5.0,0.55,5,3,0,4.9961,1.0,wave,UNKNOWN,UNKNOWN,0.3233,0,58.317
3379,67.0338,,0,5.0,0.55,5,3,0,4.9989,1.0,wave,UNKNOWN,UNKNOWN,0.3233,0,58.919
3380,67.0494,,0,5.0,0.55,5,3,0,4.9842,1.0,wave,UNKNOWN,UNKNOWN,0.3233,0,59.312
3381,67.0653,,0,5.0,0.55,5,3,0,4.9856,1.0,wave,UNKNOWN,UNKNOWN,0.3233,0,59.285
3382,67.0822,,0,5.0,0.55,5,3,0,4.9869,1.0,wave,UNKNOWN,UNKNOWN,0.3233,0,59.623
3383,67.0983,,0,5.0,0.55,5,3,0,4.9884,1.0,wave,UNKNOWN,UNKNOWN,0.32,1,55.3
3384,67.1594,,0,5.0,0.55,5,3,0,4.9845,1.0,wave,UNKNOWN,UNKNOWN,0.32,0,56.567
3385,67.1742,,0,5.0,0.55,5,3,0,4.9992,1.0,wave,UNKNOWN,UNKNOWN,0.32,0,55.82
3386,67.1944,,0,5.0,0.55,5,3,0,4.9875,1.0,wave,UNKNOWN,UNKNOWN,0.32,0,56.681
3387,67.2101,,0,5.0,0.55,5,3,0,4.9873,1.0,wave,UNKNOWN,UNKNOWN,0.32,0,57.253
3388,67.226,,0,5.0,0.55,5,3,0,4.9479,1.0,wave,UNKNOWN,UNKNOWN,0.32,0,58.483
3389,67.2402,,0,5.0,0.55,5,3,0,4.9621,1.0,wave,UNKNOWN,UNKNOWN,0.32,0,59.969
3390,67.2543,,0,5.0,0.55,5,3,0,4.9761,1.0,wave,UNKNOWN,UNKNOWN,0.32,0,61.016
3391,67.2683,,0,5.0,0.55,5,3,0,4.9902,1.0,wave,UNKNOWN,UNKNOWN,0.32,0,60.992
3392,67.2847,,0,5.0,0.55,5,3,0,4.9883,1.0,wave,UNKNOWN,UNKNOWN,0.32,0,61.37
3393,67.3004,,0,5.0,0.55,5,3,0,4.9848,1.0,wave,UNKNOWN,UNKNOWN,0.32,0,61.465
3394,67.3162,,0,5.0,0.55,5,3,0,4.9845,1.0,wave,UNKNOWN,UNKNOWN,0.32,0,60.937
3395,67.3341,,0,5.0,0.55,5,3,0,4.9857,1.0,wave,UNKNOWN,UNKNOWN,0.32,0,60.081
3396,67.3531,,0,5.0,0.55,5,3,0,4.9829,1.0,wave,UNKNOWN,UNKNOWN,0.3,1,55.889
3397,67.4082,,0,5.0,0.55,5,3,0,4.995,1.0,wave,UNKNOWN,UNKNOWN,0.3,0,57.066
3398,67.4227,,0,5.0,0.55,5,3,0,4.9945,1.0,wave,UNKNOWN,UNKNOWN,0.3,0,58.355
3399,67.4375,,0,5.0,0.55,5,3,0,4.9944,1.0,wave,UNKNOWN,UNKNOWN,0.3,0,59.338
3400,67.4517,,0,5.0,0.55,5,3,0,4.9926,1.0,wave,UNKNOWN,UNKNOWN,0.3,0,57.788
3401,67.4745,,0,5.0,0.55,5,3,0,4.9982,1.0,wave,UNKNOWN,UNKNOWN,0.3,0,56.661
3402,67.4961,,0,5.0,0.55,5,3,0,4.9538,1.0,wave,UNKNOWN,UNKNOWN,0.3,0,57.02
3403,67.5131,,0,5.0,0.55,5,3,0,4.9708,1.0,wave,UNKNOWN,UNKNOWN,0.3,0,57.554
3404,67.529,,0,5.0,0.55,5,3,0,4.9867,1.0,wave,UNKNOWN,UNKNOWN,0.3,0,57.9
3405,67.5454,,0,5.0,0.55,5,3,0,4.9889,1.0,wave,UNKNOWN,UNKNOWN,0.3,0,58.324
3406,67.5612,,0,5.0,0.55,5,3,0,4.9871,1.0,wave,UNKNOWN,UNKNOWN,0.3,0,58.73
3407,67.5772,,0,5.0,0.55,5,3,0,4.9794,1.0,wave,UNKNOWN,UNKNOWN,0.3,0,59.35
3408,67.5931,,0,5.0,0.55,5,3,0,4.9953,1.0,wave,UNKNOWN,UNKNOWN,0.3,0,59.567
3409,67.609,,0,5.0,0.55,5,3,0,4.9941,1.0,wave,UNKNOWN,UNKNOWN,0.31,1,55.393
3410,67.6652,,0,5.0,0.55,5,3,0,4.9866,1.0,wave,UNKNOWN,UNKNOWN,0.31,0,54.627
3411,67.6858,,0,5.0,0.55,5,3,0,4.9935,1.0,wave,UNKNOWN,UNKNOWN,0.31,0,54.916
3412,67.7032,,0,5.0,0.55,5,3,0,4.9968,1.0,wave,UNKNOWN,UNKNOWN,0.31,0,55.356
3413,67.72,,0,5.0,0.55,5,3,0,4.9984,1.0,wave,UNKNOWN,UNKNOWN,0.31,0,56.088
3414,67.7361,,0,5.0,0.55,5,3,0,4.9977,1.0,wave,UNKNOWN,UNKNOWN,0.31,0,56.279
3415,67.7534,,0,5.0,0.55,5,3,0,4.9507,1.0,wave,UNKNOWN,UNKNOWN,0.31,0,56.541
3416,67.7702,,0,5.0,0.55,5,3,0,4.9675,1.0,wave,UNKNOWN,UNKNOWN,0.31,0,56.5
3417,67.7882,,0,5.0,0.55,5,3,0,4.9855,1.0,wave,UNKNOWN,UNKNOWN,0.31,0,56.907
3418,67.8047,,0,5.0,0.55,5,3,0,4.9872,1.0,wave,UNKNOWN,UNKNOWN,0.31,0,57.371
3419,67.821,,0,5.0,0.55,5,3,0,4.9863,1.0,wave,UNKNOWN,UNKNOWN,0.31,0,57.545
3420,67.8383,,0,5.0,0.55,5,3,0,4.9878,1.0,wave,UNKNOWN,UNKNOWN,0.31,0,57.929
3421,67.8541,,0,5.0,0.55,5,3,0,4.9876,1.0,wave,UNKNOWN,UNKNOWN,0.31,0,58.097
3422,67.871,,0,5.0,0.55,5,3,0,4.9901,1.0,wave,UNKNOWN,UNKNOWN,0.31,1,54.093
3423,67.9263,,0,5.0,0.55,5,3,0,4.9952,1.0,wave,UNKNOWN,UNKNOWN,0.31,0,55.648
3424,67.9416,,0,5.0,0.55,5,3,0,4.994,1.0,wave,UNKNOWN,UNKNOWN,0.31,0,56.786
3425,67.9561,,0,5.0,0.55,5,3,0,4.9934,1.0,wave,UNKNOWN,UNKNOWN,0.31,0,57.658
3426,67.9708,,0,5.0,0.55,5,3,0,4.9932,1.0,wave,UNKNOWN,UNKNOWN,0.31,0,58.561
3427,67.9858,,0,5.0,0.55,5,3,0,4.9916,1.0,wave,UNKNOWN,UNKNOWN,0.31,0,59.39
3428,68.0006,,0,5.0,0.55,5,3,0,4.9514,1.0,wave,UNKNOWN,UNKNOWN,0.31,0,60.03
3429,68.0158,,0,5.0,0.55,5,3,0,4.9665,1.0,wave,UNKNOWN,UNKNOWN,0.31,0,60.079
3430,68.0324,,0,5.0,0.55,5,3,0,4.9831,1.0,wave,UNKNOWN,UNKNOWN,0.31,0,60.575
3431,68.0482,,0,5.0,0.55,5,3,0,4.9989,1.0,wave,UNKNOWN,UNKNOWN,0.31,0,60.183
3432,68.0655,,0,5.0,0.55,5,3,0,4.9878,1.0,wave,UNKNOWN,UNKNOWN,0.31,0,59.976
3433,68.0827,,0,5.0,0.55,5,3,0,4.9912,1.0,wave,UNKNOWN,UNKNOWN,0.31,0,60.299
3434,68.0989,,0,5.0,0.55,5,3,0,4.9928,1.0,wave,UNKNOWN,UNKNOWN,0.31,0,60.154
3435,68.1154,,0,5.0,0.55,5,3,0,4.9944,1.0,wave,UNKNOWN,UNKNOWN,0.31,0,60.052
3436,68.1323,,0,5.0,0.55,5,3,0,4.9958,1.0,wave,UNKNOWN,UNKNOWN,0.2833,1,54.789
3437,68.2671,,0,5.0,0.55,5,3,0,4.9544,1.0,wave,UNKNOWN,UNKNOWN,0.2833,0,56.499
3438,68.2819,,0,5.0,0.55,5,3,0,4.9692,1.0,wave,UNKNOWN,UNKNOWN,0.2833,0,57.832
3439,68.2958,,0,5.0,0.55,5,3,0,4.9831,1.0,wave,UNKNOWN,UNKNOWN,0.2833,0,58.566
3440,68.311,,0,5.0,0.55,5,3,0,4.9983,1.0,wave,UNKNOWN,UNKNOWN,0.2833,0,59.225
3441,68.3261,,0,5.0,0.55,5,3,0,4.9985,1.0,wave,UNKNOWN,UNKNOWN,0.2833,0,59.945
3442,68.3412,,0,5.0,0.55,5,3,0,4.9994,1.0,wave,UNKNOWN,UNKNOWN,0.2833,0,60.302
3443,68.3567,,0,5.0,0.55,5,3,0,4.9831,1.0,wave,UNKNOWN,UNKNOWN,0.2833,0,60.511
3444,68.3728,,0,5.0,0.55,5,3,0,4.9992,1.0,wave,UNKNOWN,UNKNOWN,0.2833,0,60.754
3445,68.3887,,0,5.0,0.55,5,3,0,4.9899,1.0,wave,UNKNOWN,UNKNOWN,0.28,1,56.433
3446,68.4462,,0,5.0,0.55,5,3,0,4.9981,1.0,wave,UNKNOWN,UNKNOWN,0.28,0,57.845
3447,68.4603,,0,5.0,0.55,5,3,0,4.9959,1.0,wave,UNKNOWN,UNKNOWN,0.28,0,59.149
3448,68.4741,,0,5.0,0.55,5,3,0,4.995,1.0,wave,UNKNOWN,UNKNOWN,0.28,0,60.493
3449,68.4879,,0,5.0,0.55,5,3,0,4.9937,1.0,wave,UNKNOWN,UNKNOWN,0.28,0,60.798
3450,68.5037,,0,5.0,0.55,5,3,0,4.9953,1.0,wave,UNKNOWN,UNKNOWN,0.28,0,61.141
3451,68.5191,,0,5.0,0.55,5,3,0,4.9565,1.0,wave,UNKNOWN,UNKNOWN,0.28,0,61.473
3452,68.5345,,0,5.0,0.55,5,3,0,4.9719,1.0,wave,UNKNOWN,UNKNOWN,0.28,0,61.146
3453,68.5518,,0,5.0,0.55,5,3,0,4.9892,1.0,wave,UNKNOWN,UNKNOWN,0.28,0,60.856
3454,68.5689,,0,5.0,0.55,5,3,0,4.9916,1.0,wave,UNKNOWN,UNKNOWN,0.28,0,60.771
3455,68.5857,,0,5.0,0.55,5,3,0,4.9923,1.0,wave,UNKNOWN,UNKNOWN,0.28,0,59.219
3456,68.6083,,0,5.0,0.55,5,3,0,4.9868,1.0,wave,UNKNOWN,UNKNOWN,0.28,0,60.176
3457,68.6223,,0,5.0,0.55,5,3,0,4.9857,1.0,wave,UNKNOWN,UNKNOWN,0.28,0,60.669
3458,68.6379,,0,5.0,0.55,5,3,0,4.9849,1.0,wave,UNKNOWN,UNKNOWN,0.28,0,61.051
3459,68.6532,,0,5.0,0.55,5,3,0,4.9847,1.0,wave,UNKNOWN,UNKNOWN,0.2867,1,56.714
3460,68.71,,0,5.0,0.55,5,3,0,4.9923,1.0,wave,UNKNOWN,UNKNOWN,0.2867,0,56.116
3461,68.7296,,0,5.0,0.55,5,3,0,4.9958,1.0,wave,UNKNOWN,UNKNOWN,0.2867,0,56.896
3462,68.7454,,0,5.0,0.55,5,3,0,4.9946,1.0,wave,UNKNOWN,UNKNOWN,0.2867,0,55.745
3463,68.767,,0,5.0,0.55,5,3,0,4.9993,1.0,wave,UNKNOWN,UNKNOWN,0.2867,0,56.701
3464,68.7827,,0,5.0,0.55,5,3,0,4.9605,1.0,wave,UNKNOWN,UNKNOWN,0.2867,0,56.956
3465,68.7994,,0,5.0,0.55,5,3,0,4.9772,1.0,wave,UNKNOWN,UNKNOWN,0.2867,0,57.631
3466,68.8154,,0,5.0,0.55,5,3,0,4.9933,1.0,wave,UNKNOWN,UNKNOWN,0.2867,0,57.567
3467,68.8329,,0,5.0,0.55,5,3,0,4.9953,1.0,wave,UNKNOWN,UNKNOWN,0.2867,0,56.478
3468,68.8539,,0,5.0,0.55,5,3,0,4.9992,1.0,wave,UNKNOWN,UNKNOWN,0.2867,0,54.865
3469,68.8792,,0,5.0,0.55,5,3,0,4.9953,1.0,wave,UNKNOWN,UNKNOWN,0.2867,0,56.041
3470,68.8939,,0,5.0,0.55,5,3,0,4.9954,1.0,wave,UNKNOWN,UNKNOWN,0.2867,0,55.824
3471,68.9126,,0,5.0,0.55,5,3,0,4.9983,1.0,wave,UNKNOWN,UNKNOWN,0.2867,1,51.811
3472,68.9763,,0,5.0,0.55,5,3,0,4.993,1.0,wave,UNKNOWN,UNKNOWN,0.2867,0,51.174
3473,68.9984,,0,5.0,0.55,5,3,0,4.9998,1.0,wave,UNKNOWN,UNKNOWN,0.2867,0,50.932
3474,69.0185,,0,5.0,0.55,5,3,0,4.9895,1.0,wave,UNKNOWN,UNKNOWN,0.2867,0,50.689
3475,69.0392,,0,5.0,0.55,5,3,0,4.9509,1.0,wave,UNKNOWN,UNKNOWN,0.2867,0,51.612
3476,69.0558,,0,5.0,0.55,5,3,0,4.9675,1.0,wave,UNKNOWN,UNKNOWN,0.2867,0,53.458
3477,69.0699,,0,5.0,0.55,5,3,0,4.9816,1.0,wave,UNKNOWN,UNKNOWN,0.2867,0,55.246
3478,69.0845,,0,5.0,0.55,5,3,0,4.9962,1.0,wave,UNKNOWN,UNKNOWN,0.2867,0,56.88
3479,69.099,,0,5.0,0.55,5,3,0,4.9958,1.0,wave,UNKNOWN,UNKNOWN,0.2867,0,58.069
3480,69.1129,,0,5.0,0.55,5,3,0,4.9953,1.0,wave,UNKNOWN,UNKNOWN,0.2867,0,56.195
3481,69.1381,,0,5.0,0.55,5,3,0,4.9913,1.0,wave,UNKNOWN,UNKNOWN,0.2867,0,56.833
3482,69.154,,0,5.0,0.55,5,3,0,4.992,1.0,wave,UNKNOWN,UNKNOWN,0.2867,0,55.178
3483,69.1788,,0,5.0,0.55,5,3,0,4.9849,1.0,wave,UNKNOWN,UNKNOWN,0.2967,1,51.547
3484,69.2323,,0,5.0,0.55,5,3,0,4.9938,1.0,wave,UNKNOWN,UNKNOWN,0.2967,0,50.949
3485,69.2538,,0,5.0,0.55,5,3,0,4.9864,1.0,wave,UNKNOWN,UNKNOWN,0.2967,0,51.847
3486,69.2704,,0,5.0,0.55,5,3,0,4.9889,1.0,wave,UNKNOWN,UNKNOWN,0.2967,0,52.344
3487,69.2881,,0,5.0,0.55,5,3,0,4.9552,1.0,wave,UNKNOWN,UNKNOWN,0.2967,0,53.132
3488,69.3048,,0,5.0,0.55,5,3,0,4.972,1.0,wave,UNKNOWN,UNKNOWN,0.2967,0,53.563
3489,69.3221,,0,5.0,0.55,5,3,0,4.9893,1.0,wave,UNKNOWN,UNKNOWN,0.2967,0,53.937
3490,69.3398,,0,5.0,0.55,5,3,0,4.991,1.0,wave,UNKNOWN,UNKNOWN,0.2967,0,54.762
3491,69.3559,,0,5.0,0.55,5,3,0,4.9847,1.0,wave,UNKNOWN,UNKNOWN,0.2967,0,55.258
3492,69.3726,,0,5.0,0.55,5,3,0,4.9808,1.0,wave,UNKNOWN,UNKNOWN,0.2967,0,55.98
3493,69.3885,,0,5.0,0.55,5,3,0,4.9968,1.0,wave,UNKNOWN,UNKNOWN,0.2967,0,55.816
3494,69.4068,,0,5.0,0.55,5,3,0,4.9782,1.0,wave,UNKNOWN,UNKNOWN,0.2967,0,57.225
3495,69.4213,,0,5.0,0.55,5,3,0,4.9927,1.0,wave,UNKNOWN,UNKNOWN,0.2967,0,57.698
3496,69.4374,,0,5.0,0.55,5,3,0,4.9875,1.0,wave,UNKNOWN,UNKNOWN,0.29,1,53.683
3497,69.4948,,0,5.0,0.55,5,3,0,4.9918,1.0,wave,UNKNOWN,UNKNOWN,0.29,0,53.804
3498,69.5126,,0,5.0,0.55,5,3,0,4.9936,1.0,wave,UNKNOWN,UNKNOWN,0.29,0,55.343
3499,69.5271,,0,5.0,0.55,5,3,0,4.9919,1.0,wave,UNKNOWN,UNKNOWN,0.29,0,56.727
3500,69.5416,,0,5.0,0.55,5,3,0,4.9489,1.0,wave,UNKNOWN,UNKNOWN,0.29,0,58.146
3501,69.5554,,0,5.0,0.55,5,3,0,4.9627,1.0,wave,UNKNOWN,UNKNOWN,0.29,0,58.93
3502,69.5708,,0,5.0,0.55,5,3,0,4.9782,1.0,wave,UNKNOWN,UNKNOWN,0.29,0,58.682
3503,69.5888,,0,5.0,0.55,5,3,0,4.9962,1.0,wave,UNKNOWN,UNKNOWN,0.29,0,59.689
3504,69.6032,,0,5.0,0.55,5,3,0,4.9962,1.0,wave,UNKNOWN,UNKNOWN,0.29,0,59.932
3505,69.6192,,0,5.0,0.55,5,3,0,4.998,1.0,wave,UNKNOWN,UNKNOWN,0.29,0,60.506
3506,69.6343,,0,5.0,0.55,5,3,0,4.9981,1.0,wave,UNKNOWN,UNKNOWN,0.29,0,60.411
3507,69.651,,0,5.0,0.55,5,3,0,4.9989,1.0,wave,UNKNOWN,UNKNOWN,0.29,0,60.774
3508,69.6666,,0,5.0,0.55,5,3,0,4.9996,1.0,wave,UNKNOWN,UNKNOWN,0.29,0,61.265
3509,69.6823,,0,5.0,0.55,5,3,0,4.9991,1.0,wave,UNKNOWN,UNKNOWN,0.29,0,61.979
3510,69.6965,,0,5.0,0.55,5,3,0,4.9972,1.0,wave,UNKNOWN,UNKNOWN,0.3,1,57.585
3511,69.7521,,0,5.0,0.55,5,3,0,4.9899,1.0,wave,UNKNOWN,UNKNOWN,0.3,0,56.4
3512,69.7737,,0,5.0,0.55,5,3,0,4.9976,1.0,wave,UNKNOWN,UNKNOWN,0.3,0,56.063
3513,69.7927,,0,5.0,0.55,5,3,0,4.9505,1.0,wave,UNKNOWN,UNKNOWN,0.3,0,56.33
3514,69.81,,0,5.0,0.55,5,3,0,4.9678,1.0,wave,UNKNOWN,UNKNOWN,0.3,0,55.156
3515,69.8328,,0,5.0,0.55,5,3,0,4.9905,1.0,wave,UNKNOWN,UNKNOWN,0.3,0,56.365
3516,69.8474,,0,5.0,0.55,5,3,0,4.9912,1.0,wave,UNKNOWN,UNKNOWN,0.3,0,57.886
3517,69.8607,,0,5.0,0.55,5,3,0,4.9879,1.0,wave,UNKNOWN,UNKNOWN,0.3,0,55.918
3518,69.8872,,0,5.0,0.55,5,3,0,4.986,1.0,wave,UNKNOWN,UNKNOWN,0.3,0,54.867
3519,69.9092,,0,5.0,0.55,5,3,0,4.993,1.0,wave,UNKNOWN,UNKNOWN,0.3,0,56.708
3520,69.923,,0,5.0,0.55,5,3,0,4.9895,1.0,wave,UNKNOWN,UNKNOWN,0.3,0,58.077
3521,69.9372,,0,5.0,0.55,5,3,0,4.9877,1.0,wave,UNKNOWN,UNKNOWN,0.3,0,58.408
3522,69.9534,,0,5.0,0.55,5,3,0,4.9884,1.0,wave,UNKNOWN,UNKNOWN,0.2867,1,54.478
3523,70.0059,,0,5.0,0.55,5,3,0,4.9917,1.0,wave,UNKNOWN,UNKNOWN,0.2867,0,55.314
3524,70.022,,0,5.0,0.55,5,3,0,4.9914,1.0,wave,UNKNOWN,UNKNOWN,0.2867,0,56.52
3525,70.037,,0,5.0,0.55,5,3,0,4.9923,1.0,wave,UNKNOWN,UNKNOWN,0.2867,0,57.613
3526,70.0512,,0,5.0,0.55,5,3,0,4.9521,1.0,wave,UNKNOWN,UNKNOWN,0.2867,0,58.706
3527,70.0661,,0,5.0,0.55,5,3,0,4.967,1.0,wave,UNKNOWN,UNKNOWN,0.2867,0,59.483
3528,70.0807,,0,5.0,0.55,5,3,0,4.9816,1.0,wave,UNKNOWN,UNKNOWN,0.2867,0,59.907
3529,70.0967,,0,5.0,0.55,5,3,0,4.9976,1.0,wave,UNKNOWN,UNKNOWN,0.2867,0,59.796
3530,70.1135,,0,5.0,0.55,5,3,0,4.9985,1.0,wave,UNKNOWN,UNKNOWN,0.2867,0,60.25
3531,70.1292,,0,5.0,0.55,5,3,0,4.9999,1.0,wave,UNKNOWN,UNKNOWN,0.2867,0,61.47
3532,70.1429,,0,5.0,0.55,5,3,0,4.9996,1.0,wave,UNKNOWN,UNKNOWN,0.2867,0,62.281
3533,70.1582,,0,5.0,0.55,5,3,0,4.9857,1.0,wave,UNKNOWN,UNKNOWN,0.2867,0,62.695
3534,70.1723,,0,5.0,0.55,5,3,0,4.9998,1.0,wave,UNKNOWN,UNKNOWN,0.2867,0,63.43
3535,70.1869,,0,5.0,0.55,5,3,0,4.9991,1.0,wave,UNKNOWN,UNKNOWN,0.2867,0,60.917
3536,70.2129,,0,5.0,0.55,5,3,0,4.9928,1.0,wave,UNKNOWN,UNKNOWN,0.2967,1,56.741
3537,70.2652,,0,5.0,0.55,5,3,0,4.9931,1.0,wave,UNKNOWN,UNKNOWN,0.2967,0,55.653
3538,70.2866,,0,5.0,0.55,5,3,0,4.9901,1.0,wave,UNKNOWN,UNKNOWN,0.2967,0,56.016
3539,70.3034,,0,5.0,0.55,5,3,0,4.9518,1.0,wave,UNKNOWN,UNKNOWN,0.2967,0,55.487
3540,70.3233,,0,5.0,0.55,5,3,0,4.9716,1.0,wave,UNKNOWN,UNKNOWN,0.2967,0,56.432
3541,70.3386,,0,5.0,0.55,5,3,0,4.9869,1.0,wave,UNKNOWN,UNKNOWN,0.2967,0,56.181
3542,70.3573,,0,5.0,0.55,5,3,0,4.9885,1.0,wave,UNKNOWN,UNKNOWN,0.2967,0,57.106
3543,70.3726,,0,5.0,0.55,5,3,0,4.9875,1.0,wave,UNKNOWN,UNKNOWN,0.2967,0,57.955
3544,70.3877,,0,5.0,0.55,5,3,0,4.988,1.0,wave,UNKNOWN,UNKNOWN,0.2967,0,57.099
3545,70.4079,,0,5.0,0.55,5,3,0,4.9941,1.0,wave,UNKNOWN,UNKNOWN,0.2967,0,58.64
3546,70.4222,,0,5.0,0.55,5,3,0,4.9949,1.0,wave,UNKNOWN,UNKNOWN,0.2967,0,57.057
3547,70.4453,,0,5.0,0.55,5,3,0,4.9879,1.0,wave,UNKNOWN,UNKNOWN,0.2967,0,57.714
3548,70.4609,,0,5.0,0.55,5,3,0,4.9877,1.0,wave,UNKNOWN,UNKNOWN,0.2967,0,59.295
3549,70.4752,,0,5.0,0.55,5,3,0,4.9812,1.0,wave,UNKNOWN,UNKNOWN,0.3,1,55.227
3550,70.5285,,0,5.0,0.55,5,3,0,4.9963,1.0,wave,UNKNOWN,UNKNOWN,0.3,0,56.522
3551,70.543,,0,5.0,0.55,5,3,0,4.996,1.0,wave,UNKNOWN,UNKNOWN,0.3,0,58.158
3552,70.5565,,0,5.0,0.55,5,3,0,4.9541,1.0,wave,UNKNOWN,UNKNOWN,0.3,0,58.713
3553,70.5723,,0,5.0,0.55,5,3,0,4.9699,1.0,wave,UNKNOWN,UNKNOWN,0.3,0,59.145
3554,70.5883,,0,5.0,0.55,5,3,0,4.9859,1.0,wave,UNKNOWN,UNKNOWN,0.3,0,57.228
3555,70.6132,,0,5.0,0.55,5,3,0,4.9957,1.0,wave,UNKNOWN,UNKNOWN,0.3,0,57.624
3556,70.6298,,0,5.0,0.55,5,3,0,4.9959,1.0,wave,UNKNOWN,UNKNOWN,0.3,0,56.299
3557,70.652,,0,5.0,0.55,5,3,0,4.99,1.0,wave,UNKNOWN,UNKNOWN,0.3,0,57.368
3558,70.6671,,0,5.0,0.55,5,3,0,4.9909,1.0,wave,UNKNOWN,UNKNOWN,0.3,0,58.081
3559,70.6826,,0,5.0,0.55,5,3,0,4.9909,1.0,wave,UNKNOWN,UNKNOWN,0.3,0,58.567
3560,70.6983,,0,5.0,0.55,5,3,0,4.9911,1.0,wave,UNKNOWN,UNKNOWN,0.3,0,59.123
3561,70.714,,0,5.0,0.55,5,3,0,4.9914,1.0,wave,UNKNOWN,UNKNOWN,0.3,0,60.491
3562,70.7279,,0,5.0,0.55,5,3,0,4.9898,1.0,wave,UNKNOWN,UNKNOWN,0.2933,1,56.384
3563,70.7795,,0,5.0,0.55,5,3,0,4.9999,1.0,wave,UNKNOWN,UNKNOWN,0.2933,0,57.601
3564,70.7941,,0,5.0,0.55,5,3,0,4.9997,1.0,wave,UNKNOWN,UNKNOWN,0.2933,0,57.219
3565,70.8128,,0,5.0,0.55,5,3,0,4.9486,1.0,wave,UNKNOWN,UNKNOWN,0.2933,0,56.928
3566,70.831,,0,5.0,0.55,5,3,0,4.9668,1.0,wave,UNKNOWN,UNKNOWN,0.2933,0,55.94
3567,70.852,,0,5.0,0.55,5,3,0,4.9878,1.0,wave,UNKNOWN,UNKNOWN,0.2933,0,56.822
3568,70.8678,,0,5.0,0.55,5,3,0,4.9896,1.0,wave,UNKNOWN,UNKNOWN,0.2933,0,56.17
3569,70.8873,,0,5.0,0.55,5,3,0,4.9955,1.0,wave,UNKNOWN,UNKNOWN,0.2933,0,56.65
3570,70.9039,,0,5.0,0.55,5,3,0,4.9967,1.0,wave,UNKNOWN,UNKNOWN,0.2933,0,56.95
3571,70.9205,,0,5.0,0.55,5,3,0,4.9977,1.0,wave,UNKNOWN,UNKNOWN,0.2933,0,58.577
3572,70.9349,,0,5.0,0.55,5,3,0,4.9891,1.0,wave,UNKNOWN,UNKNOWN,0.2933,0,57.156
3573,70.9567,,0,5.0,0.55,5,3,0,4.9885,1.0,wave,UNKNOWN,UNKNOWN,0.2933,0,55.825
3574,70.9798,,0,5.0,0.55,5,3,0,4.9919,1.0,wave,UNKNOWN,UNKNOWN,0.29,1,51.927
3575,71.0391,,0,5.0,0.55,5,3,0,4.9985,1.0,wave,UNKNOWN,UNKNOWN,0.29,0,52.411
3576,71.0566,,0,5.0,0.55,5,3,0,4.9935,1.0,wave,UNKNOWN,UNKNOWN,0.29,0,53.13
3577,71.0733,,0,5.0,0.55,5,3,0,4.9521,1.0,wave,UNKNOWN,UNKNOWN,0.29,0,53.688
3578,71.0902,,0,5.0,0.55,5,3,0,4.969,1.0,wave,UNKNOWN,UNKNOWN,0.29,0,55.107
3579,71.1054,,0,5.0,0.55,5,3,0,4.9842,1.0,wave,UNKNOWN,UNKNOWN,0.29,0,53.993
3580,71.1278,,0,5.0,0.55,5,3,0,4.9923,1.0,wave,UNKNOWN,UNKNOWN,0.29,0,55.01
3581,71.1432,,0,5.0,0.55,5,3,0,4.9879,1.0,wave,UNKNOWN,UNKNOWN,0.29,0,55.683
3582,71.1595,,0,5.0,0.55,5,3,0,4.9863,1.0,wave,UNKNOWN,UNKNOWN,0.29,0,56.993
3583,71.174,,0,5.0,0.55,5,3,0,4.9846,1.0,wave,UNKNOWN,UNKNOWN,0.29,0,57.714
3584,71.1901,,0,5.0,0.55,5,3,0,4.9855,1.0,wave,UNKNOWN,UNKNOWN,0.29,0,58.591
3585,71.2052,,0,5.0,0.55,5,3,0,4.9864,1.0,wave,UNKNOWN,UNKNOWN,0.29,0,59.55
3586,71.2195,,0,5.0,0.55,5,3,0,4.9849,1.0,wave,UNKNOWN,UNKNOWN,0.29,0,60.12
3587,71.2352,,0,5.0,0.55,5,3,0,4.9835,1.0,wave,UNKNOWN,UNKNOWN,0.3033,1,55.925
3588,71.2898,,0,5.0,0.55,5,3,0,4.9898,1.0,wave,UNKNOWN,UNKNOWN,0.3033,0,55.44
3589,71.3093,,0,5.0,0.55,5,3,0,4.9918,1.0,wave,UNKNOWN,UNKNOWN,0.3033,0,55.538
3590,71.327,,0,5.0,0.55,5,3,0,4.9534,1.0,wave,UNKNOWN,UNKNOWN,0.3033,0,54.463
3591,71.3497,,0,5.0,0.55,5,3,0,4.9761,1.0,wave,UNKNOWN,UNKNOWN,0.3033,0,56.033
3592,71.3643,,0,5.0,0.55,5,3,0,4.9907,1.0,wave,UNKNOWN,UNKNOWN,0.3033,0,57.573
3593,71.3778,,0,5.0,0.55,5,3,0,4.9873,1.0,wave,UNKNOWN,UNKNOWN,0.3033,0,58.716
3594,71.3921,,0,5.0,0.55,5,3,0,4.9868,1.0,wave,UNKNOWN,UNKNOWN,0.3033,0,57.564
3595,71.4137,,0,5.0,0.55,5,3,0,4.9928,1.0,wave,UNKNOWN,UNKNOWN,0.3033,0,57.687
3596,71.4308,,0,5.0,0.55,5,3,0,4.9949,1.0,wave,UNKNOWN,UNKNOWN,0.3033,0,58.654
3597,71.4455,,0,5.0,0.55,5,3,0,4.9935,1.0,wave,UNKNOWN,UNKNOWN,0.3033,0,59.647
3598,71.4596,,0,5.0,0.55,5,3,0,4.9934,1.0,wave,UNKNOWN,UNKNOWN,0.3033,0,59.05
3599,71.4786,,0,5.0,0.55,5,3,0,4.9963,1.0,wave,UNKNOWN,UNKNOWN,0.3033,0,57.908
3600,71.4997,,0,5.0,0.55,5,3,0,4.9789,1.0,wave,UNKNOWN,UNKNOWN,0.3033,1,53.548
3601,71.5695,,0,5.0,0.55,5,3,0,4.9892,1.0,wave,UNKNOWN,UNKNOWN,0.3033,0,55.309
3602,71.5836,,0,5.0,0.55,5,3,0,4.949,1.0,wave,UNKNOWN,UNKNOWN,0.3033,0,57.01
3603,71.5975,,0,5.0,0.55,5,3,0,4.9629,1.0,wave,UNKNOWN,UNKNOWN,0.3033,0,58.188
3604,71.6116,,0,5.0,0.55,5,3,0,4.977,1.0,wave,UNKNOWN,UNKNOWN,0.3033,0,58.922
3605,71.6269,,0,5.0,0.55,5,3,0,4.9923,1.0,wave,UNKNOWN,UNKNOWN,0.3033,0,59.369
3606,71.6426,,0,5.0,0.55,5,3,0,4.9879,1.0,wave,UNKNOWN,UNKNOWN,0.3033,0,59.464
3607,71.6592,,0,5.0,0.55,5,3,0,4.98,1.0,wave,UNKNOWN,UNKNOWN,0.3033,0,58.146
3608,71.682,,0,5.0,0.55,5,3,0,4.9809,1.0,wave,UNKNOWN,UNKNOWN,0.3033,0,56.187
3609,71.7067,,0,5.0,0.55,5,3,0,4.9899,1.0,wave,UNKNOWN,UNKNOWN,0.3033,0,56.748
3610,71.7229,,0,5.0,0.55,5,3,0,4.9844,1.0,wave,UNKNOWN,UNKNOWN,0.3033,0,57.337
3611,71.7389,,0,5.0,0.55,5,3,0,4.9861,1.0,wave,UNKNOWN,UNKNOWN,0.3033,0,57.801
3612,71.755,,0,5.0,0.55,5,3,0,4.9799,1.0,wave,UNKNOWN,UNKNOWN,0.3067,1,53.925
3613,71.8078,,0,5.0,0.55,5,3,0,4.9926,1.0,wave,UNKNOWN,UNKNOWN,0.3067,0,55.471
3614,71.8222,,0,5.0,0.55,5,3,0,4.983,1.0,wave,UNKNOWN,UNKNOWN,0.3067,0,56.571
3615,71.8377,,0,5.0,0.55,5,3,0,4.9984,1.0,wave,UNKNOWN,UNKNOWN,0.3067,0,57.955
3616,71.8515,,0,5.0,0.55,5,3,0,4.9572,1.0,wave,UNKNOWN,UNKNOWN,0.3067,0,57.703
3617,71.8712,,0,5.0,0.55,5,3,0,4.977,1.0,wave,UNKNOWN,UNKNOWN,0.3067,0,57.518
3618,71.8884,,0,5.0,0.55,5,3,0,4.9941,1.0,wave,UNKNOWN,UNKNOWN,0.3067,0,55.373
3619,71.9154,,0,5.0,0.55,5,3,0,4.9917,1.0,wave,UNKNOWN,UNKNOWN,0.3067,0,55.018
3620,71.9342,,0,5.0,0.55,5,3,0,4.9962,1.0,wave,UNKNOWN,UNKNOWN,0.3067,0,55.778
3621,71.9504,,0,5.0,0.55,5,3,0,4.9957,1.0,wave,UNKNOWN,UNKNOWN,0.3067,0,56.835
3622,71.9652,,0,5.0,0.55,5,3,0,4.9941,1.0,wave,UNKNOWN,UNKNOWN,0.3067,0,57.596
3623,71.981,,0,5.0,0.55,5,3,0,4.9947,1.0,wave,UNKNOWN,UNKNOWN,0.3067,0,58.274
3624,71.9964,,0,5.0,0.55,5,3,0,4.9953,1.0,wave,UNKNOWN,UNKNOWN,0.3067,0,58.025
3625,72.0144,,0,5.0,0.55,5,3,0,4.9976,1.0,wave,UNKNOWN,UNKNOWN,0.3,1,54.092
3626,72.0684,,0,5.0,0.55,5,3,0,4.9862,1.0,wave,UNKNOWN,UNKNOWN,0.3,0,55.374
3627,72.0831,,0,5.0,0.55,5,3,0,4.9848,1.0,wave,UNKNOWN,UNKNOWN,0.3,0,56.951
3628,72.0978,,0,5.0,0.55,5,3,0,4.9995,1.0,wave,UNKNOWN,UNKNOWN,0.3,0,57.359
3629,72.1138,,0,5.0,0.55,5,3,0,4.9544,1.0,wave,UNKNOWN,UNKNOWN,0.3,0,57.906
3630,72.1291,,0,5.0,0.55,5,3,0,4.9696,1.0,wave,UNKNOWN,UNKNOWN,0.3,0,58.684
3631,72.1443,,0,5.0,0.55,5,3,0,4.9848,1.0,wave,UNKNOWN,UNKNOWN,0.3,0,59.344
3632,72.1598,,0,5.0,0.55,5,3,0,4.9857,1.0,wave,UNKNOWN,UNKNOWN,0.3,0,59.568
3633,72.1759,,0,5.0,0.55,5,3,0,4.9815,1.0,wave,UNKNOWN,UNKNOWN,0.3,0,59.683
3634,72.1924,,0,5.0,0.55,5,3,0,4.998,1.0,wave,UNKNOWN,UNKNOWN,0.3,0,59.841
3635,72.2085,,0,5.0,0.55,5,3,0,4.9984,1.0,wave,UNKNOWN,UNKNOWN,0.3,0,60.011
3636,72.2248,,0,5.0,0.55,5,3,0,4.9988,1.0,wave,UNKNOWN,UNKNOWN,0.3,0,58.474
3637,72.248,,0,5.0,0.55,5,3,0,4.9937,1.0,wave,UNKNOWN,UNKNOWN,0.3,0,59.616
3638,72.2615,,0,5.0,0.55,5,3,0,4.9932,1.0,wave,UNKNOWN,UNKNOWN,0.3,0,60.212
3639,72.2769,,0,5.0,0.55,5,3,0,4.9923,1.0,wave,UNKNOWN,UNKNOWN,0.3233,1,55.795
3640,72.3395,,0,5.0,0.55,5,3,0,4.9863,1.0,wave,UNKNOWN,UNKNOWN,0.3233,0,56.731
3641,72.3551,,0,5.0,0.55,5,3,0,4.9469,1.0,wave,UNKNOWN,UNKNOWN,0.3233,0,57.132
3642,72.3713,,0,5.0,0.55,5,3,0,4.9631,1.0,wave,UNKNOWN,UNKNOWN,0.3233,0,58.721
3643,72.3853,,0,5.0,0.55,5,3,0,4.9771,1.0,wave,UNKNOWN,UNKNOWN,0.3233,0,59.632
3644,72.3997,,0,5.0,0.55,5,3,0,4.9915,1.0,wave,UNKNOWN,UNKNOWN,0.3233,0,60.32
3645,72.4146,,0,5.0,0.55,5,3,0,4.9919,1.0,wave,UNKNOWN,UNKNOWN,0.3233,0,60.039
3646,72.4321,,0,5.0,0.55,5,3,0,4.9946,1.0,wave,UNKNOWN,UNKNOWN,0.3233,0,60.773
3647,72.4467,,0,5.0,0.55,5,3,0,4.995,1.0,wave,UNKNOWN,UNKNOWN,0.3233,0,61.182
3648,72.4619,,0,5.0,0.55,5,3,0,4.9875,1.0,wave,UNKNOWN,UNKNOWN,0.3233,0,61.244
3649,72.4781,,0,5.0,0.55,5,3,0,4.982,1.0,wave,UNKNOWN,UNKNOWN,0.3233,0,61.477
3650,72.4939,,0,5.0,0.55,5,3,0,4.9978,1.0,wave,UNKNOWN,UNKNOWN,0.3233,0,60.872
3651,72.512,,0,5.0,0.55,5,3,0,4.9989,1.0,wave,UNKNOWN,UNKNOWN,0.3233,0,60.845
3652,72.5285,,0,5.0,0.55,5,3,0,4.9995,1.0,wave,UNKNOWN,UNKNOWN,0.31,1,56.516
3653,72.5858,,0,5.0,0.55,5,3,0,4.9927,1.0,wave,UNKNOWN,UNKNOWN,0.31,0,58.138
3654,72.5996,,0,5.0,0.55,5,3,0,4.9905,1.0,wave,UNKNOWN,UNKNOWN,0.31,0,59.441
3655,72.6135,,0,5.0,0.55,5,3,0,4.9483,1.0,wave,UNKNOWN,UNKNOWN,0.31,0,58.834
3656,72.6327,,0,5.0,0.55,5,3,0,4.9675,1.0,wave,UNKNOWN,UNKNOWN,0.31,0,59.964
3657,72.6462,,0,5.0,0.55,5,3,0,4.981,1.0,wave,UNKNOWN,UNKNOWN,0.31,0,60.683
3658,72.6613,,0,5.0,0.55,5,3,0,4.9961,1.0,wave,UNKNOWN,UNKNOWN,0.31,0,61.086
3659,72.6766,,0,5.0,0.55,5,3,0,4.9908,1.0,wave,UNKNOWN,UNKNOWN,0.31,0,59.238
3660,72.7005,,0,5.0,0.55,5,3,0,4.9973,1.0,wave,UNKNOWN,UNKNOWN,0.31,0,60.485
3661,72.7143,,0,5.0,0.55,5,3,0,4.9943,1.0,wave,UNKNOWN,UNKNOWN,0.31,0,59.953
3662,72.7327,,0,5.0,0.55,5,3,0,4.9966,1.0,wave,UNKNOWN,UNKNOWN,0.31,0,61.089
3663,72.7461,,0,5.0,0.55,5,3,0,4.9927,1.0,wave,UNKNOWN,UNKNOWN,0.31,0,59.239
3664,72.7699,,0,5.0,0.55,5,3,0,4.9997,1.0,wave,UNKNOWN,UNKNOWN,0.31,0,60.37
3665,72.784,,0,5.0,0.55,5,3,0,4.9958,1.0,wave,UNKNOWN,UNKNOWN,0.3167,1,55.968
3666,72.8452,,0,5.0,0.55,5,3,0,4.9911,1.0,wave,UNKNOWN,UNKNOWN,0.3167,0,57.422
3667,72.8594,,0,5.0,0.55,5,3,0,4.9884,1.0,wave,UNKNOWN,UNKNOWN,0.3167,0,56.929
3668,72.8785,,0,5.0,0.55,5,3,0,4.9522,1.0,wave,UNKNOWN,UNKNOWN,0.3167,0,55.98
3669,72.8993,,0,5.0,0.55,5,3,0,4.973,1.0,wave,UNKNOWN,UNKNOWN,0.3167,0,57.554
3670,72.9138,,0,5.0,0.55,5,3,0,4.9874,1.0,wave,UNKNOWN,UNKNOWN,0.3167,0,58.741
3671,72.9283,,0,5.0,0.55,5,3,0,4.9867,1.0,wave,UNKNOWN,UNKNOWN,0.3167,0,57.183
3672,72.9509,,0,5.0,0.55,5,3,0,4.9948,1.0,wave,UNKNOWN,UNKNOWN,0.3167,0,56.127
3673,72.9724,,0,5.0,0.55,5,3,0,4.9866,1.0,wave,UNKNOWN,UNKNOWN,0.3167,0,56.108
3674,72.9902,,0,5.0,0.55,5,3,0,4.9895,1.0,wave,UNKNOWN,UNKNOWN,0.3167,0,55.601
3675,73.0097,,0,5.0,0.55,5,3,0,4.9939,1.0,wave,UNKNOWN,UNKNOWN,0.3167,0,55.086
3676,73.0295,,0,5.0,0.55,5,3,0,4.9971,1.0,wave,UNKNOWN,UNKNOWN,0.3167,0,54.066
3677,73.0521,,0,5.0,0.55,5,3,0,4.9866,1.0,wave,UNKNOWN,UNKNOWN,0.3233,1,50.575
3678,73.1046,,0,5.0,0.55,5,3,0,4.9892,1.0,wave,UNKNOWN,UNKNOWN,0.3233,0,52.523
3679,73.119,,0,5.0,0.55,5,3,0,4.9868,1.0,wave,UNKNOWN,UNKNOWN,0.3233,0,54.315
3680,73.1329,,0,5.0,0.55,5,3,0,4.8658,1.0,wave,UNKNOWN,UNKNOWN,0.3233,0,53.95
3681,73.1529,,0,5.0,0.55,5,3,0,4.8857,1.0,wave,UNKNOWN,UNKNOWN,0.3233,0,54.122
3682,73.1705,,0,5.0,0.55,5,3,0,4.9034,1.0,wave,UNKNOWN,UNKNOWN,0.3233,0,55.141
3683,73.1865,,0,5.0,0.55,5,3,0,4.9194,1.0,wave,UNKNOWN,UNKNOWN,0.3233,0,56.719
3684,73.2001,,0,5.0,0.55,5,3,0,4.933,1.0,wave,UNKNOWN,UNKNOWN,0.3233,0,58.215
3685,73.214,,0,5.0,0.55,5,3,0,4.9469,1.0,wave,UNKNOWN,UNKNOWN,0.3233,0,58.478
3686,73.231,,0,5.0,0.55,5,3,0,4.9639,1.0,wave,UNKNOWN,UNKNOWN,0.3233,0,58.897
3687,73.2461,,0,5.0,0.55,5,3,0,4.979,1.0,wave,UNKNOWN,UNKNOWN,0.3233,0,59.607
3688,73.2613,,0,5.0,0.55,5,3,0,4.9942,1.0,wave,UNKNOWN,UNKNOWN,0.3233,0,60.028
3689,73.2769,,0,5.0,0.55,5,3,0,4.995,1.0,wave,UNKNOWN,UNKNOWN,0.3233,0,60.224
3690,73.2931,,0,5.0,0.55,5,3,0,4.9973,1.0,wave,UNKNOWN,UNKNOWN,0.3233,0,59.852
3691,73.3107,,0,5.0,0.55,5,3,0,4.9997,1.0,wave,UNKNOWN,UNKNOWN,0.33,1,55.757
3692,73.3642,,0,5.0,0.55,5,3,0,4.9913,1.0,wave,UNKNOWN,UNKNOWN,0.33,0,57.073
3693,73.3788,,0,5.0,0.55,5,3,0,4.99,1.0,wave,UNKNOWN,UNKNOWN,0.33,0,58.403
3694,73.3927,,0,5.0,0.55,5,3,0,4.9465,1.0,wave,UNKNOWN,UNKNOWN,0.33,0,57.888
3695,73.4116,,0,5.0,0.55,5,3,0,4.9654,1.0,wave,UNKNOWN,UNKNOWN,0.33,0,58.973
3696,73.4259,,0,5.0,0.55,5,3,0,4.9797,1.0,wave,UNKNOWN,UNKNOWN,0.33,0,59.903
3697,73.4405,,0,5.0,0.55,5,3,0,4.9943,1.0,wave,UNKNOWN,UNKNOWN,0.33,0,60.335
3698,73.4563,,0,5.0,0.55,5,3,0,4.996,1.0,wave,UNKNOWN,UNKNOWN,0.33,0,61.12
3699,73.4707,,0,5.0,0.55,5,3,0,4.9966,1.0,wave,UNKNOWN,UNKNOWN,0.33,0,61.463
3700,73.4865,,0,5.0,0.55,5,3,0,4.9987,1.0,wave,UNKNOWN,UNKNOWN,0.33,0,62.523
3701,73.5004,,0,5.0,0.55,5,3,0,4.9967,1.0,wave,UNKNOWN,UNKNOWN,0.33,0,63.487
3702,73.5149,,0,5.0,0.55,5,3,0,4.9958,1.0,wave,UNKNOWN,UNKNOWN,0.33,0,61.429
3703,73.5373,,0,5.0,0.55,5,3,0,4.9856,1.0,wave,UNKNOWN,UNKNOWN,0.33,0,61.575
3704,73.5533,,0,5.0,0.55,5,3,0,4.9843,1.0,wave,UNKNOWN,UNKNOWN,0.33,0,59.573
3705,73.5774,,0,5.0,0.55,5,3,0,4.9917,1.0,wave,UNKNOWN,UNKNOWN,0.3167,1,55.252
3706,73.6384,,0,5.0,0.55,5,3,0,4.9852,1.0,wave,UNKNOWN,UNKNOWN,0.3167,0,56.939
3707,73.6529,,0,5.0,0.55,5,3,0,4.9997,1.0,wave,UNKNOWN,UNKNOWN,0.3167,0,56.971
3708,73.6698,,0,5.0,0.55,5,3,0,4.9599,1.0,wave,UNKNOWN,UNKNOWN,0.3167,0,58.555
3709,73.6835,,0,5.0,0.55,5,3,0,4.9736,1.0,wave,UNKNOWN,UNKNOWN,0.3167,0,56.691
3710,73.7086,,0,5.0,0.55,5,3,0,4.9986,1.0,wave,UNKNOWN,UNKNOWN,0.3167,0,56.885
3711,73.7255,,0,5.0,0.55,5,3,0,4.9958,1.0,wave,UNKNOWN,UNKNOWN,0.3167,0,57.405
3712,73.7416,,0,5.0,0.55,5,3,0,4.9961,1.0,wave,UNKNOWN,UNKNOWN,0.3167,0,57.624
3713,73.7583,,0,5.0,0.55,5,3,0,4.9913,1.0,wave,UNKNOWN,UNKNOWN,0.3167,0,58.118
3714,73.7743,,0,5.0,0.55,5,3,0,4.9916,1.0,wave,UNKNOWN,UNKNOWN,0.3167,0,58.25
3715,73.7912,,0,5.0,0.55,5,3,0,4.9917,1.0,wave,UNKNOWN,UNKNOWN,0.3167,0,58.535
3716,73.8076,,0,5.0,0.55,5,3,0,4.9921,1.0,wave,UNKNOWN,UNKNOWN,0.3167,0,58.891
3717,73.824,,0,5.0,0.55,5,3,0,4.9911,1.0,wave,UNKNOWN,UNKNOWN,0.3167,0,59.743
3718,73.8385,,0,5.0,0.55,5,3,0,4.9846,1.0,wave,UNKNOWN,UNKNOWN,0.2933,1,55.693
3719,73.8906,,0,5.0,0.55,5,3,0,4.9967,1.0,wave,UNKNOWN,UNKNOWN,0.2933,0,55.888
3720,73.9078,,0,5.0,0.55,5,3,0,4.9952,1.0,wave,UNKNOWN,UNKNOWN,0.2933,0,57.286
3721,73.9222,,0,5.0,0.55,5,3,0,4.9459,1.0,wave,UNKNOWN,UNKNOWN,0.2933,0,57.835
3722,73.9383,,0,5.0,0.55,5,3,0,4.962,1.0,wave,UNKNOWN,UNKNOWN,0.2933,0,58.781
3723,73.9538,,0,5.0,0.55,5,3,0,4.9775,1.0,wave,UNKNOWN,UNKNOWN,0.2933,0,59.0
3724,73.9703,,0,5.0,0.55,5,3,0,4.994,1.0,wave,UNKNOWN,UNKNOWN,0.2933,0,60.043
3725,73.9838,,0,5.0,0.55,5,3,0,4.9854,1.0,wave,UNKNOWN,UNKNOWN,0.2933,0,60.577
3726,73.9993,,0,5.0,0.55,5,3,0,4.9808,1.0,wave,UNKNOWN,UNKNOWN,0.2933,0,61.047
3727,74.0142,,0,5.0,0.55,5,3,0,4.9957,1.0,wave,UNKNOWN,UNKNOWN,0.2933,0,59.194
3728,74.0381,,0,5.0,0.55,5,3,0,4.9988,1.0,wave,UNKNOWN,UNKNOWN,0.2933,0,57.823
3729,74.0598,,0,5.0,0.55,5,3,0,4.9899,1.0,wave,UNKNOWN,UNKNOWN,0.2933,0,58.398
3730,74.0755,,0,5.0,0.55,5,3,0,4.991,1.0,wave,UNKNOWN,UNKNOWN,0.2933,0,59.22
3731,74.0905,,0,5.0,0.55,5,3,0,4.9916,1.0,wave,UNKNOWN,UNKNOWN,0.31,1,55.17
3732,74.1442,,0,5.0,0.55,5,3,0,4.9902,1.0,wave,UNKNOWN,UNKNOWN,0.31,0,54.534
3733,74.1644,,0,5.0,0.55,5,3,0,4.9856,1.0,wave,UNKNOWN,UNKNOWN,0.31,0,55.275
3734,74.1806,,0,5.0,0.55,5,3,0,4.9482,1.0,wave,UNKNOWN,UNKNOWN,0.31,0,56.315
3735,74.1958,,0,5.0,0.55,5,3,0,4.9634,1.0,wave,UNKNOWN,UNKNOWN,0.31,0,57.029
3736,74.2115,,0,5.0,0.55,5,3,0,4.9792,1.0,wave,UNKNOWN,UNKNOWN,0.31,0,56.704
3737,74.2302,,0,5.0,0.55,5,3,0,4.9979,1.0,wave,UNKNOWN,UNKNOWN,0.31,0,55.523
3738,74.2525,,0,5.0,0.55,5,3,0,4.9987,1.0,wave,UNKNOWN,UNKNOWN,0.31,0,54.498
3739,74.2745,,0,5.0,0.55,5,3,0,4.9864,1.0,wave,UNKNOWN,UNKNOWN,0.31,0,55.045
3740,74.2901,,0,5.0,0.55,5,3,0,4.9853,1.0,wave,UNKNOWN,UNKNOWN,0.31,0,55.861
3741,74.3071,,0,5.0,0.55,5,3,0,4.985,1.0,wave,UNKNOWN,UNKNOWN,0.31,0,56.239
3742,74.3238,,0,5.0,0.55,5,3,0,4.984,1.0,wave,UNKNOWN,UNKNOWN,0.31,0,57.001
3743,74.3394,,0,5.0,0.55,5,3,0,4.9996,1.0,wave,UNKNOWN,UNKNOWN,0.31,0,57.506
3744,74.3555,,0,5.0,0.55,5,3,0,4.9997,1.0,wave,UNKNOWN,UNKNOWN,0.3033,1,53.347
3745,74.4191,,0,5.0,0.55,5,3,0,4.9978,1.0,wave,UNKNOWN,UNKNOWN,0.3033,0,54.876
3746,74.4337,,0,5.0,0.55,5,3,0,4.9962,1.0,wave,UNKNOWN,UNKNOWN,0.3033,0,56.429
3747,74.4475,,0,5.0,0.55,5,3,0,4.9528,1.0,wave,UNKNOWN,UNKNOWN,0.3033,0,57.853
3748,74.4617,,0,5.0,0.55,5,3,0,4.967,1.0,wave,UNKNOWN,UNKNOWN,0.3033,0,57.699
3749,74.4792,,0,5.0,0.55,5,3,0,4.9844,1.0,wave,UNKNOWN,UNKNOWN,0.3033,0,58.632
3750,74.4941,,0,5.0,0.55,5,3,0,4.9994,1.0,wave,UNKNOWN,UNKNOWN,0.3033,0,57.25
3751,74.5169,,0,5.0,0.55,5,3,0,4.9899,1.0,wave,UNKNOWN,UNKNOWN,0.3033,0,58.672
3752,74.5303,,0,5.0,0.55,5,3,0,4.9886,1.0,wave,UNKNOWN,UNKNOWN,0.3033,0,60.015
3753,74.5446,,0,5.0,0.55,5,3,0,4.9892,1.0,wave,UNKNOWN,UNKNOWN,0.3033,0,60.327
3754,74.5601,,0,5.0,0.55,5,3,0,4.9893,1.0,wave,UNKNOWN,UNKNOWN,0.3033,0,60.744
3755,74.5754,,0,5.0,0.55,5,3,0,4.9866,1.0,wave,UNKNOWN,UNKNOWN,0.3033,0,60.809
3756,74.5918,,0,5.0,0.55,5,3,0,4.9886,1.0,wave,UNKNOWN,UNKNOWN,0.3033,0,59.984
3757,74.611,,0,5.0,0.55,5,3,0,4.9918,1.0,wave,UNKNOWN,UNKNOWN,0.31,1,55.781
3758,74.6667,,0,5.0,0.55,5,3,0,4.9844,1.0,wave,UNKNOWN,UNKNOWN,0.31,0,57.411
3759,74.6807,,0,5.0,0.55,5,3,0,4.9985,1.0,wave,UNKNOWN,UNKNOWN,0.31,0,58.534
3760,74.695,,0,5.0,0.55,5,3,0,4.9985,1.0,wave,UNKNOWN,UNKNOWN,0.31,0,58.677
3761,74.7118,,0,5.0,0.55,5,3,0,4.9596,1.0,wave,UNKNOWN,UNKNOWN,0.31,0,59.665
3762,74.7266,,0,5.0,0.55,5,3,0,4.9744,1.0,wave,UNKNOWN,UNKNOWN,0.31,0,60.089
3763,74.7421,,0,5.0,0.55,5,3,0,4.9899,1.0,wave,UNKNOWN,UNKNOWN,0.31,0,60.603
3764,74.7572,,0,5.0,0.55,5,3,0,4.9835,1.0,wave,UNKNOWN,UNKNOWN,0.31,0,60.681
3765,74.7734,,0,5.0,0.55,5,3,0,4.9997,1.0,wave,UNKNOWN,UNKNOWN,0.31,0,60.939
3766,74.7893,,0,5.0,0.55,5,3,0,4.9966,1.0,wave,UNKNOWN,UNKNOWN,0.31,0,61.222
3767,74.805,,0,5.0,0.55,5,3,0,4.995,1.0,wave,UNKNOWN,UNKNOWN,0.31,0,61.611
3768,74.8209,,0,5.0,0.55,5,3,0,4.9881,1.0,wave,UNKNOWN,UNKNOWN,0.31,0,62.341
3769,74.835,,0,5.0,0.55,5,3,0,4.9876,1.0,wave,UNKNOWN,UNKNOWN,0.31,0,62.289
3770,74.8514,,0,5.0,0.55,5,3,0,4.9906,1.0,wave,UNKNOWN,UNKNOWN,0.31,0,63.261
3771,74.8648,,0,5.0,0.55,5,3,0,4.9776,1.0,wave,UNKNOWN,UNKNOWN,0.3033,1,58.728
3772,74.9209,,0,5.0,0.55,5,3,0,4.9979,1.0,wave,UNKNOWN,UNKNOWN,0.3033,0,60.025
3773,74.9348,,0,5.0,0.55,5,3,0,4.9976,1.0,wave,UNKNOWN,UNKNOWN,0.3033,0,61.272
3774,74.9485,,0,5.0,0.55,5,3,0,4.9951,1.0,wave,UNKNOWN,UNKNOWN,0.3033,0,61.381
3775,74.9645,,0,5.0,0.55,5,3,0,4.9587,1.0,wave,UNKNOWN,UNKNOWN,0.3033,0,61.762
3776,74.9799,,0,5.0,0.55,5,3,0,4.974,1.0,wave,UNKNOWN,UNKNOWN,0.3033,0,62.372
3777,74.9946,,0,5.0,0.55,5,3,0,4.9888,1.0,wave,UNKNOWN,UNKNOWN,0.3033,0,62.075
3778,75.0114,,0,5.0,0.55,5,3,0,4.9894,1.0,wave,UNKNOWN,UNKNOWN,0.3033,0,62.184
3779,75.0271,,0,5.0,0.55,5,3,0,4.9901,1.0,wave,UNKNOWN,UNKNOWN,0.3033,0,62.283
3780,75.043,,0,5.0,0.55,5,3,0,4.9918,1.0,wave,UNKNOWN,UNKNOWN,0.3033,0,62.222
3781,75.0593,,0,5.0,0.55,5,3,0,4.9932,1.0,wave,UNKNOWN,UNKNOWN,0.3033,0,62.913
3782,75.0738,,0,5.0,0.55,5,3,0,4.993,1.0,wave,UNKNOWN,UNKNOWN,0.3033,0,62.898
3783,75.0899,,0,5.0,0.55,5,3,0,4.9932,1.0,wave,UNKNOWN,UNKNOWN,0.3033,0,61.079
3784,75.1119,,0,5.0,0.55,5,3,0,4.9984,1.0,wave,UNKNOWN,UNKNOWN,0.3033,0,60.926
3785,75.1289,,0,5.0,0.55,5,3,0,4.9997,1.0,wave,UNKNOWN,UNKNOWN,0.3033,1,56.782
3786,75.1803,,0,5.0,0.55,5,3,0,4.9934,1.0,wave,UNKNOWN,UNKNOWN,0.3033,0,58.239
3787,75.1943,,0,5.0,0.55,5,3,0,4.9815,1.0,wave,UNKNOWN,UNKNOWN,0.3033,0,59.123
3788,75.2094,,0,5.0,0.55,5,3,0,4.9966,1.0,wave,UNKNOWN,UNKNOWN,0.3033,0,59.897
3789,75.2241,,0,5.0,0.55,5,3,0,4.9589,1.0,wave,UNKNOWN,UNKNOWN,0.3033,0,61.11
3790,75.2383,,0,5.0,0.55,5,3,0,4.9731,1.0,wave,UNKNOWN,UNKNOWN,0.3033,0,61.688
3791,75.2529,,0,5.0,0.55,5,3,0,4.9877,1.0,wave,UNKNOWN,UNKNOWN,0.3033,0,61.614
3792,75.2693,,0,5.0,0.55,5,3,0,4.9827,1.0,wave,UNKNOWN,UNKNOWN,0.3033,0,61.965
3793,75.2847,,0,5.0,0.55,5,3,0,4.9981,1.0,wave,UNKNOWN,UNKNOWN,0.3033,0,62.164
3794,75.3005,,0,5.0,0.55,5,3,0,4.9971,1.0,wave,UNKNOWN,UNKNOWN,0.3033,0,61.821
3795,75.3174,,0,5.0,0.55,5,3,0,4.9941,1.0,wave,UNKNOWN,UNKNOWN,0.3033,0,62.145
3796,75.333,,0,5.0,0.55,5,3,0,4.9944,1.0,wave,UNKNOWN,UNKNOWN,0.3033,0,61.651
3797,75.3504,,0,5.0,0.55,5,3,0,4.9931,1.0,wave,UNKNOWN,UNKNOWN,0.3033,0,61.524
3798,75.3667,,0,5.0,0.55,5,3,0,4.9942,1.0,wave,UNKNOWN,UNKNOWN,0.3033,0,60.999
3799,75.3845,,0,5.0,0.55,5,3,0,4.9968,1.0,wave,UNKNOWN,UNKNOWN,0.2967,1,56.51
3800,75.4467,,0,5.0,0.55,5,3,0,4.9858,1.0,wave,UNKNOWN,UNKNOWN,0.2967,0,57.884
3801,75.461,,0,5.0,0.55,5,3,0,4.9859,1.0,wave,UNKNOWN,UNKNOWN,0.2967,0,56.759
3802,75.4822,,0,5.0,0.55,5,3,0,4.9537,1.0,wave,UNKNOWN,UNKNOWN,0.2967,0,58.13
3803,75.4966,,0,5.0,0.55,5,3,0,4.9682,1.0,wave,UNKNOWN,UNKNOWN,0.2967,0,59.239
3804,75.5112,,0,5.0,0.55,5,3,0,4.9827,1.0,wave,UNKNOWN,UNKNOWN,0.2967,0,60.246
3805,75.5253,,0,5.0,0.55,5,3,0,4.9968,1.0,wave,UNKNOWN,UNKNOWN,0.2967,0,61.698
3806,75.5386,,0,5.0,0.55,5,3,0,4.9956,1.0,wave,UNKNOWN,UNKNOWN,0.2967,0,62.237
3807,75.5539,,0,5.0,0.55,5,3,0,4.9974,1.0,wave,UNKNOWN,UNKNOWN,0.2967,0,62.154
3808,75.5699,,0,5.0,0.55,5,3,0,4.9976,1.0,wave,UNKNOWN,UNKNOWN,0.2967,0,62.402
3809,75.5853,,0,5.0,0.55,5,3,0,4.997,1.0,wave,UNKNOWN,UNKNOWN,0.2967,0,62.477
3810,75.6013,,0,5.0,0.55,5,3,0,4.9881,1.0,wave,UNKNOWN,UNKNOWN,0.2967,0,62.574
3811,75.6172,,0,5.0,0.55,5,3,0,4.9874,1.0,wave,UNKNOWN,UNKNOWN,0.2967,0,63.393
3812,75.6312,,0,5.0,0.55,5,3,0,4.9792,1.0,wave,UNKNOWN,UNKNOWN,0.2967,0,63.979
3813,75.646,,0,5.0,0.55,5,3,0,4.9941,1.0,wave,UNKNOWN,UNKNOWN,0.2767,1,59.159
3814,75.7091,,0,5.0,0.55,5,3,0,4.9951,1.0,wave,UNKNOWN,UNKNOWN,0.2767,0,59.9
3815,75.7243,,0,5.0,0.55,5,3,0,4.9964,1.0,wave,UNKNOWN,UNKNOWN,0.2767,0,60.995
3816,75.7388,,0,5.0,0.55,5,3,0,4.9593,1.0,wave,UNKNOWN,UNKNOWN,0.2767,0,60.52
3817,75.7567,,0,5.0,0.55,5,3,0,4.9772,1.0,wave,UNKNOWN,UNKNOWN,0.2767,0,61.022
3818,75.7717,,0,5.0,0.55,5,3,0,4.9922,1.0,wave,UNKNOWN,UNKNOWN,0.2767,0,61.959
3819,75.7855,,0,5.0,0.55,5,3,0,4.9915,1.0,wave,UNKNOWN,UNKNOWN,0.2767,0,62.619
3820,75.7999,,0,5.0,0.55,5,3,0,4.9871,1.0,wave,UNKNOWN,UNKNOWN,0.2767,0,62.807
3821,75.8153,,0,5.0,0.55,5,3,0,4.9843,1.0,wave,UNKNOWN,UNKNOWN,0.2767,0,63.019
3822,75.8307,,0,5.0,0.55,5,3,0,4.9997,1.0,wave,UNKNOWN,UNKNOWN,0.2767,0,63.874
3823,75.8451,,0,5.0,0.55,5,3,0,4.9931,1.0,wave,UNKNOWN,UNKNOWN,0.2767,0,64.629
3824,75.8587,,0,5.0,0.55,5,3,0,4.9909,1.0,wave,UNKNOWN,UNKNOWN,0.2767,0,65.569
3825,75.8723,,0,5.0,0.55,5,3,0,4.985,1.0,wave,UNKNOWN,UNKNOWN,0.2767,0,65.15
3826,75.8889,,0,5.0,0.55,5,3,0,4.985,1.0,wave,UNKNOWN,UNKNOWN,0.2767,0,65.199
3827,75.9042,,0,5.0,0.55,5,3,0,4.9837,1.0,wave,UNKNOWN,UNKNOWN,0.2733,1,60.559
3828,75.9571,,0,5.0,0.55,5,3,0,4.9773,1.0,wave,UNKNOWN,UNKNOWN,0.2733,0,61.897
3829,75.9713,,0,5.0,0.55,5,3,0,4.9915,1.0,wave,UNKNOWN,UNKNOWN,0.2733,0,62.672
3830,75.9852,,0,5.0,0.55,5,3,0,4.9461,1.0,wave,UNKNOWN,UNKNOWN,0.2733,0,63.218
3831,75.9998,,0,5.0,0.55,5,3,0,4.9607,1.0,wave,UNKNOWN,UNKNOWN,0.2733,0,63.165
3832,76.0153,,0,5.0,0.55,5,3,0,4.9762,1.0,wave,UNKNOWN,UNKNOWN,0.2733,0,64.526
3833,76.0284,,0,5.0,0.55,5,3,0,4.9893,1.0,wave,UNKNOWN,UNKNOWN,0.2733,0,64.186
3834,76.0447,,0,5.0,0.55,5,3,0,4.9881,1.0,wave,UNKNOWN,UNKNOWN,0.2733,0,63.996
3835,76.0608,,0,5.0,0.55,5,3,0,4.9876,1.0,wave,UNKNOWN,UNKNOWN,0.2733,0,64.513
3836,76.0753,,0,5.0,0.55,5,3,0,4.9852,1.0,wave,UNKNOWN,UNKNOWN,0.2733,0,65.607
3837,76.0895,,0,5.0,0.55,5,3,0,4.9993,1.0,wave,UNKNOWN,UNKNOWN,0.2733,0,66.003
3838,76.103,,0,5.0,0.55,5,3,0,4.9977,1.0,wave,UNKNOWN,UNKNOWN,0.2733,0,65.941
3839,76.1186,,0,5.0,0.55,5,3,0,4.9908,1.0,wave,UNKNOWN,UNKNOWN,0.2733,0,65.908
3840,76.1337,,0,5.0,0.55,5,3,0,4.9905,1.0,wave,UNKNOWN,UNKNOWN,0.2733,0,65.522
3841,76.1497,,0,5.0,0.55,5,3,0,4.9903,1.0,wave,UNKNOWN,UNKNOWN,0.2733,0,65.16
3842,76.1657,,0,5.0,0.55,5,3,0,4.9917,1.0,wave,UNKNOWN,UNKNOWN,0.2667,1,60.554
3843,76.2183,,0,5.0,0.55,5,3,0,4.9989,1.0,wave,UNKNOWN,UNKNOWN,0.2667,0,61.754
3844,76.2322,,0,5.0,0.55,5,3,0,4.997,1.0,wave,UNKNOWN,UNKNOWN,0.2667,0,59.784
3845,76.2557,,0,5.0,0.55,5,3,0,4.9659,1.0,wave,UNKNOWN,UNKNOWN,0.2667,0,60.261
3846,76.2713,,0,5.0,0.55,5,3,0,4.9816,1.0,wave,UNKNOWN,UNKNOWN,0.2667,0,61.328
3847,76.2854,,0,5.0,0.55,5,3,0,4.9956,1.0,wave,UNKNOWN,UNKNOWN,0.2667,0,62.334
3848,76.2996,,0,5.0,0.55,5,3,0,4.9903,1.0,wave,UNKNOWN,UNKNOWN,0.2667,0,63.027
3849,76.3136,,0,5.0,0.55,5,3,0,4.9867,1.0,wave,UNKNOWN,UNKNOWN,0.2667,0,62.629
3850,76.3308,,0,5.0,0.55,5,3,0,4.981,1.0,wave,UNKNOWN,UNKNOWN,0.2667,0,62.484
3851,76.347,,0,5.0,0.55,5,3,0,4.9973,1.0,wave,UNKNOWN,UNKNOWN,0.2667,0,62.585
3852,76.3628,,0,5.0,0.55,5,3,0,4.9985,1.0,wave,UNKNOWN,UNKNOWN,0.2667,0,62.222
3853,76.3797,,0,5.0,0.55,5,3,0,4.9875,1.0,wave,UNKNOWN,UNKNOWN,0.2667,0,62.385
3854,76.3955,,0,5.0,0.55,5,3,0,4.9817,1.0,wave,UNKNOWN,UNKNOWN,0.2667,0,62.39
3855,76.4116,,0,5.0,0.55,5,3,0,4.9979,1.0,wave,UNKNOWN,UNKNOWN,0.2667,0,61.789
3856,76.4292,,0,5.0,0.55,5,3,0,4.9984,1.0,wave,UNKNOWN,UNKNOWN,0.2767,1,57.406
3857,76.4851,,0,5.0,0.55,5,3,0,4.9854,1.0,wave,UNKNOWN,UNKNOWN,0.2767,0,58.8
3858,76.499,,0,5.0,0.55,5,3,0,4.9994,1.0,wave,UNKNOWN,UNKNOWN,0.2767,0,59.712
3859,76.514,,0,5.0,0.55,5,3,0,4.9445,1.0,wave,UNKNOWN,UNKNOWN,0.2767,0,60.277
3860,76.5289,,0,5.0,0.55,5,3,0,4.9594,1.0,wave,UNKNOWN,UNKNOWN,0.2767,0,61.003
3861,76.5437,,0,5.0,0.55,5,3,0,4.9742,1.0,wave,UNKNOWN,UNKNOWN,0.2767,0,61.353
3862,76.559,,0,5.0,0.55,5,3,0,4.9896,1.0,wave,UNKNOWN,UNKNOWN,0.2767,0,61.569
3863,76.5748,,0,5.0,0.55,5,3,0,4.9912,1.0,wave,UNKNOWN,UNKNOWN,0.2767,0,61.538
3864,76.5911,,0,5.0,0.55,5,3,0,4.9936,1.0,wave,UNKNOWN,UNKNOWN,0.2767,0,61.63
3865,76.6072,,0,5.0,0.55,5,3,0,4.9956,1.0,wave,UNKNOWN,UNKNOWN,0.2767,0,61.853
3866,76.6229,,0,5.0,0.55,5,3,0,4.996,1.0,wave,UNKNOWN,UNKNOWN,0.2767,0,60.273
3867,76.6448,,0,5.0,0.55,5,3,0,4.9856,1.0,wave,UNKNOWN,UNKNOWN,0.2767,0,60.46
3868,76.6609,,0,5.0,0.55,5,3,0,4.9789,1.0,wave,UNKNOWN,UNKNOWN,0.2767,0,60.982
3869,76.6759,,0,5.0,0.55,5,3,0,4.9938,1.0,wave,UNKNOWN,UNKNOWN,0.2767,0,61.27
3870,76.6916,,0,5.0,0.55,5,3,0,4.9848,1.0,wave,UNKNOWN,UNKNOWN,0.27,1,56.961
3871,76.7467,,0,5.0,0.55,5,3,0,4.9917,1.0,wave,UNKNOWN,UNKNOWN,0.27,0,58.393
3872,76.7609,,0,5.0,0.55,5,3,0,4.9531,1.0,wave,UNKNOWN,UNKNOWN,0.27,0,59.317
3873,76.7756,,0,5.0,0.55,5,3,0,4.9678,1.0,wave,UNKNOWN,UNKNOWN,0.27,0,59.797
3874,76.791,,0,5.0,0.55,5,3,0,4.9832,1.0,wave,UNKNOWN,UNKNOWN,0.27,0,60.713
3875,76.806,,0,5.0,0.55,5,3,0,4.9982,1.0,wave,UNKNOWN,UNKNOWN,0.27,0,61.354
3876,76.8206,,0,5.0,0.55,5,3,0,4.9984,1.0,wave,UNKNOWN,UNKNOWN,0.27,0,61.582
3877,76.8363,,0,5.0,0.55,5,3,0,4.9986,1.0,wave,UNKNOWN,UNKNOWN,0.27,0,61.881
3878,76.8516,,0,5.0,0.55,5,3,0,4.9803,1.0,wave,UNKNOWN,UNKNOWN,0.27,0,62.29
3879,76.8666,,0,5.0,0.55,5,3,0,4.9954,1.0,wave,UNKNOWN,UNKNOWN,0.27,0,62.489
3880,76.8825,,0,5.0,0.55,5,3,0,4.9941,1.0,wave,UNKNOWN,UNKNOWN,0.27,0,62.187
3881,76.8991,,0,5.0,0.55,5,3,0,4.9837,1.0,wave,UNKNOWN,UNKNOWN,0.27,0,62.223
3882,76.915,,0,5.0,0.55,5,3,0,4.9996,1.0,wave,UNKNOWN,UNKNOWN,0.27,0,62.922
3883,76.9295,,0,5.0,0.55,5,3,0,4.9953,1.0,wave,UNKNOWN,UNKNOWN,0.27,0,63.666
3884,76.9442,,0,5.0,0.55,5,3,0,4.9938,1.0,wave,UNKNOWN,UNKNOWN,0.26,1,59.158
3885,76.9979,,0,5.0,0.55,5,3,0,4.9835,1.0,wave,UNKNOWN,UNKNOWN,0.26,0,60.128
3886,77.0123,,0,5.0,0.55,5,3,0,4.9979,1.0,wave,UNKNOWN,UNKNOWN,0.26,0,58.133
3887,77.037,,0,5.0,0.55,5,3,0,4.9686,1.0,wave,UNKNOWN,UNKNOWN,0.26,0,59.15
3888,77.0516,,0,5.0,0.55,5,3,0,4.9833,1.0,wave,UNKNOWN,UNKNOWN,0.26,0,58.885
3889,77.0694,,0,5.0,0.55,5,3,0,4.9863,1.0,wave,UNKNOWN,UNKNOWN,0.26,0,59.708
3890,77.0842,,0,5.0,0.55,5,3,0,4.9864,1.0,wave,UNKNOWN,UNKNOWN,0.26,0,61.236
3891,77.0974,,0,5.0,0.55,5,3,0,4.9996,1.0,wave,UNKNOWN,UNKNOWN,0.26,0,61.327
3892,77.1136,,0,5.0,0.55,5,3,0,4.9998,1.0,wave,UNKNOWN,UNKNOWN,0.26,0,61.95
3893,77.1285,,0,5.0,0.55,5,3,0,4.9994,1.0,wave,UNKNOWN,UNKNOWN,0.26,0,62.801
3894,77.1433,,0,5.0,0.55,5,3,0,4.999,1.0,wave,UNKNOWN,UNKNOWN,0.26,0,62.919
3895,77.1587,,0,5.0,0.55,5,3,0,4.9989,1.0,wave,UNKNOWN,UNKNOWN,0.26,0,63.612
3896,77.173,,0,5.0,0.55,5,3,0,4.9971,1.0,wave,UNKNOWN,UNKNOWN,0.26,0,62.931
3897,77.1903,,0,5.0,0.55,5,3,0,4.9979,1.0,wave,UNKNOWN,UNKNOWN,0.26,0,63.39
3898,77.2057,,0,5.0,0.55,5,3,0,4.9972,1.0,wave,UNKNOWN,UNKNOWN,0.2467,1,58.951
3899,77.258,,0,5.0,0.55,5,3,0,4.9965,1.0,wave,UNKNOWN,UNKNOWN,0.2467,0,59.875
3900,77.2732,,0,5.0,0.55,5,3,0,4.9963,1.0,wave,UNKNOWN,UNKNOWN,0.2467,0,57.975
3901,77.2967,,0,5.0,0.55,5,3,0,4.9572,1.0,wave,UNKNOWN,UNKNOWN,0.2467,0,58.556
3902,77.3126,,0,5.0,0.55,5,3,0,4.9731,1.0,wave,UNKNOWN,UNKNOWN,0.2467,0,58.345
3903,77.3301,,0,5.0,0.55,5,3,0,4.9906,1.0,wave,UNKNOWN,UNKNOWN,0.2467,0,59.005
3904,77.3455,,0,5.0,0.55,5,3,0,4.9904,1.0,wave,UNKNOWN,UNKNOWN,0.2467,0,59.088
3905,77.3622,,0,5.0,0.55,5,3,0,4.9909,1.0,wave,UNKNOWN,UNKNOWN,0.2467,0,59.389
3906,77.3785,,0,5.0,0.55,5,3,0,4.9932,1.0,wave,UNKNOWN,UNKNOWN,0.2467,0,60.396
3907,77.3928,,0,5.0,0.55,5,3,0,4.9931,1.0,wave,UNKNOWN,UNKNOWN,0.2467,0,60.549
3908,77.4093,,0,5.0,0.55,5,3,0,4.9947,1.0,wave,UNKNOWN,UNKNOWN,0.2467,0,61.596
3909,77.4238,,0,5.0,0.55,5,3,0,4.9918,1.0,wave,UNKNOWN,UNKNOWN,0.2467,0,62.496
3910,77.4372,,0,5.0,0.55,5,3,0,4.9905,1.0,wave,UNKNOWN,UNKNOWN,0.2467,0,62.932
3911,77.4526,,0,5.0,0.55,5,3,0,4.9906,1.0,wave,UNKNOWN,UNKNOWN,0.2467,0,62.688
3912,77.4692,,0,5.0,0.55,5,3,0,4.9911,1.0,wave,UNKNOWN,UNKNOWN,0.2633,1,58.003
3913,77.532,,0,5.0,0.55,5,3,0,4.9462,1.0,wave,UNKNOWN,UNKNOWN,0.2633,0,58.571
3914,77.5477,,0,5.0,0.55,5,3,0,4.9619,1.0,wave,UNKNOWN,UNKNOWN,0.2633,0,59.443
3915,77.5628,,0,5.0,0.55,5,3,0,4.977,1.0,wave,UNKNOWN,UNKNOWN,0.2633,0,60.234
3916,77.5773,,0,5.0,0.55,5,3,0,4.9916,1.0,wave,UNKNOWN,UNKNOWN,0.2633,0,61.432
3917,77.5912,,0,5.0,0.55,5,3,0,4.9917,1.0,wave,UNKNOWN,UNKNOWN,0.2633,0,61.315
3918,77.6078,,0,5.0,0.55,5,3,0,4.9943,1.0,wave,UNKNOWN,UNKNOWN,0.2633,0,62.01
3919,77.6227,,0,5.0,0.55,5,3,0,4.9901,1.0,wave,UNKNOWN,UNKNOWN,0.2633,0,62.332
3920,77.6377,,0,5.0,0.55,5,3,0,4.9915,1.0,wave,UNKNOWN,UNKNOWN,0.2633,0,62.376
3921,77.6535,,0,5.0,0.55,5,3,0,4.9922,1.0,wave,UNKNOWN,UNKNOWN,0.2633,0,60.605
3922,77.6761,,0,5.0,0.55,5,3,0,4.9995,1.0,wave,UNKNOWN,UNKNOWN,0.2633,0,60.721
3923,77.6925,,0,5.0,0.55,5,3,0,4.9919,1.0,wave,UNKNOWN,UNKNOWN,0.2633,0,58.323
3924,77.7194,,0,5.0,0.55,5,3,0,4.9867,1.0,wave,UNKNOWN,UNKNOWN,0.26,1,54.162
3925,77.7795,,0,5.0,0.55,5,3,0,4.9955,1.0,wave,UNKNOWN,UNKNOWN,0.26,0,54.272
3926,77.7974,,0,5.0,0.55,5,3,0,4.9522,1.0,wave,UNKNOWN,UNKNOWN,0.26,0,55.19
3927,77.813,,0,5.0,0.55,5,3,0,4.9678,1.0,wave,UNKNOWN,UNKNOWN,0.26,0,55.526
3928,77.8301,,0,5.0,0.55,5,3,0,4.9849,1.0,wave,UNKNOWN,UNKNOWN,0.26,0,56.826
3929,77.8448,,0,5.0,0.55,5,3,0,4.9996,1.0,wave,UNKNOWN,UNKNOWN,0.26,0,57.626
3930,77.8604,,0,5.0,0.55,5,3,0,4.9819,1.0,wave,UNKNOWN,UNKNOWN,0.26,0,58.926
3931,77.8743,,0,5.0,0.55,5,3,0,4.9958,1.0,wave,UNKNOWN,UNKNOWN,0.26,0,59.505
3932,77.8904,,0,5.0,0.55,5,3,0,4.9911,1.0,wave,UNKNOWN,UNKNOWN,0.26,0,57.87
3933,77.913,,0,5.0,0.55,5,3,0,4.9992,1.0,wave,UNKNOWN,UNKNOWN,0.26,0,58.282
3934,77.9291,,0,5.0,0.55,5,3,0,4.9781,1.0,wave,UNKNOWN,UNKNOWN,0.26,0,59.17
3935,77.9441,,0,5.0,0.55,5,3,0,4.9931,1.0,wave,UNKNOWN,UNKNOWN,0.26,0,60.581
3936,77.9581,,0,5.0,0.55,5,3,0,4.9857,1.0,wave,UNKNOWN,UNKNOWN,0.26,0,61.626
3937,77.9719,,0,5.0,0.55,5,3,0,4.9995,1.0,wave,UNKNOWN,UNKNOWN,0.27,1,57.147
3938,78.0313,,0,5.0,0.55,5,3,0,4.9792,1.0,wave,UNKNOWN,UNKNOWN,0.27,0,56.708
3939,78.05,,0,5.0,0.55,5,3,0,4.9979,1.0,wave,UNKNOWN,UNKNOWN,0.27,0,58.053
3940,78.0645,,0,5.0,0.55,5,3,0,4.9598,1.0,wave,UNKNOWN,UNKNOWN,0.27,0,59.438
3941,78.0787,,0,5.0,0.55,5,3,0,4.974,1.0,wave,UNKNOWN,UNKNOWN,0.27,0,59.77
3942,78.0944,,0,5.0,0.55,5,3,0,4.9898,1.0,wave,UNKNOWN,UNKNOWN,0.27,0,59.972
3943,78.1104,,0,5.0,0.55,5,3,0,4.9914,1.0,wave,UNKNOWN,UNKNOWN,0.27,0,61.335
3944,78.1241,,0,5.0,0.55,5,3,0,4.9912,1.0,wave,UNKNOWN,UNKNOWN,0.27,0,62.04
3945,78.1385,,0,5.0,0.55,5,3,0,4.9857,1.0,wave,UNKNOWN,UNKNOWN,0.27,0,62.369
3946,78.1538,,0,5.0,0.55,5,3,0,4.9832,1.0,wave,UNKNOWN,UNKNOWN,0.27,0,62.398
3947,78.1698,,0,5.0,0.55,5,3,0,4.9993,1.0,wave,UNKNOWN,UNKNOWN,0.27,0,62.554
3948,78.1856,,0,5.0,0.55,5,3,0,4.999,1.0,wave,UNKNOWN,UNKNOWN,0.27,0,62.639
3949,78.2012,,0,5.0,0.55,5,3,0,4.9871,1.0,wave,UNKNOWN,UNKNOWN,0.27,0,62.561
3950,78.2174,,0,5.0,0.55,5,3,0,4.9863,1.0,wave,UNKNOWN,UNKNOWN,0.27,0,62.504
3951,78.2335,,0,5.0,0.55,5,3,0,4.9874,1.0,wave,UNKNOWN,UNKNOWN,0.2633,1,58.08
3952,78.2887,,0,5.0,0.55,5,3,0,4.9956,1.0,wave,UNKNOWN,UNKNOWN,0.2633,0,59.39
3953,78.3028,,0,5.0,0.55,5,3,0,4.992,1.0,wave,UNKNOWN,UNKNOWN,0.2633,0,60.48
3954,78.3166,,0,5.0,0.55,5,3,0,4.9524,1.0,wave,UNKNOWN,UNKNOWN,0.2633,0,61.454
3955,78.3308,,0,5.0,0.55,5,3,0,4.9666,1.0,wave,UNKNOWN,UNKNOWN,0.2633,0,61.158
3956,78.348,,0,5.0,0.55,5,3,0,4.9839,1.0,wave,UNKNOWN,UNKNOWN,0.2633,0,61.154
3957,78.3644,,0,5.0,0.55,5,3,0,4.9857,1.0,wave,UNKNOWN,UNKNOWN,0.2633,0,61.076
3958,78.3812,,0,5.0,0.55,5,3,0,4.9886,1.0,wave,UNKNOWN,UNKNOWN,0.2633,0,61.175
3959,78.3973,,0,5.0,0.55,5,3,0,4.9858,1.0,wave,UNKNOWN,UNKNOWN,0.2633,0,61.168
3960,78.4136,,0,5.0,0.55,5,3,0,4.9877,1.0,wave,UNKNOWN,UNKNOWN,0.2633,0,61.153
3961,78.43,,0,5.0,0.55,5,3,0,4.9895,1.0,wave,UNKNOWN,UNKNOWN,0.2633,0,61.113
3962,78.4463,,0,5.0,0.55,5,3,0,4.99,1.0,wave,UNKNOWN,UNKNOWN,0.2633,0,61.106
3963,78.4624,,0,5.0,0.55,5,3,0,4.9916,1.0,wave,UNKNOWN,UNKNOWN,0.2633,0,61.375
3964,78.478,,0,5.0,0.55,5,3,0,4.9915,1.0,wave,UNKNOWN,UNKNOWN,0.2633,0,61.522
3965,78.494,,0,5.0,0.55,5,3,0,4.9936,1.0,wave,UNKNOWN,UNKNOWN,0.2767,1,57.202
3966,78.5489,,0,5.0,0.55,5,3,0,4.9957,1.0,wave,UNKNOWN,UNKNOWN,0.2767,0,56.416
3967,78.569,,0,5.0,0.55,5,3,0,4.9916,1.0,wave,UNKNOWN,UNKNOWN,0.2767,0,56.953
3968,78.5853,,0,5.0,0.55,5,3,0,4.9469,1.0,wave,UNKNOWN,UNKNOWN,0.2767,0,55.666
3969,78.6081,,0,5.0,0.55,5,3,0,4.9697,1.0,wave,UNKNOWN,UNKNOWN,0.2767,0,56.671
3970,78.6236,,0,5.0,0.55,5,3,0,4.9852,1.0,wave,UNKNOWN,UNKNOWN,0.2767,0,57.597
3971,78.6384,,0,5.0,0.55,5,3,0,4.9999,1.0,wave,UNKNOWN,UNKNOWN,0.2767,0,58.308
3972,78.6536,,0,5.0,0.55,5,3,0,4.9838,1.0,wave,UNKNOWN,UNKNOWN,0.2767,0,58.66
3973,78.6699,,0,5.0,0.55,5,3,0,4.9864,1.0,wave,UNKNOWN,UNKNOWN,0.2767,0,59.335
3974,78.6853,,0,5.0,0.55,5,3,0,4.9767,1.0,wave,UNKNOWN,UNKNOWN,0.2767,0,59.753
3975,78.7008,,0,5.0,0.55,5,3,0,4.9922,1.0,wave,UNKNOWN,UNKNOWN,0.2767,0,60.088
3976,78.7167,,0,5.0,0.55,5,3,0,4.9912,1.0,wave,UNKNOWN,UNKNOWN,0.2767,0,59.693
3977,78.7345,,0,5.0,0.55,5,3,0,4.9929,1.0,wave,UNKNOWN,UNKNOWN,0.2767,0,60.145
3978,78.75,,0,5.0,0.55,5,3,0,4.9917,1.0,wave,UNKNOWN,UNKNOWN,0.28,1,55.922
3979,78.8061,,0,5.0,0.55,5,3,0,4.9986,1.0,wave,UNKNOWN,UNKNOWN,0.28,0,57.389
3980,78.8206,,0,5.0,0.55,5,3,0,4.9966,1.0,wave,UNKNOWN,UNKNOWN,0.28,0,58.766
3981,78.8344,,0,5.0,0.55,5,3,0,4.9959,1.0,wave,UNKNOWN,UNKNOWN,0.28,0,59.193
3982,78.8501,,0,5.0,0.55,5,3,0,4.9595,1.0,wave,UNKNOWN,UNKNOWN,0.28,0,59.847
3983,78.8654,,0,5.0,0.55,5,3,0,4.9748,1.0,wave,UNKNOWN,UNKNOWN,0.28,0,60.203
3984,78.8813,,0,5.0,0.55,5,3,0,4.9906,1.0,wave,UNKNOWN,UNKNOWN,0.28,0,60.346
3985,78.8975,,0,5.0,0.55,5,3,0,4.9897,1.0,wave,UNKNOWN,UNKNOWN,0.28,0,60.518
3986,78.9134,,0,5.0,0.55,5,3,0,4.9912,1.0,wave,UNKNOWN,UNKNOWN,0.28,0,60.607
3987,78.9298,,0,5.0,0.55,5,3,0,4.9916,1.0,wave,UNKNOWN,UNKNOWN,0.28,0,58.537
3988,78.9549,,0,5.0,0.55,5,3,0,4.9846,1.0,wave,UNKNOWN,UNKNOWN,0.28,0,59.139
3989,78.9706,,0,5.0,0.55,5,3,0,4.9868,1.0,wave,UNKNOWN,UNKNOWN,0.28,0,60.397
3990,78.9845,,0,5.0,0.55,5,3,0,4.9853,1.0,wave,UNKNOWN,UNKNOWN,0.28,0,60.876
3991,78.9994,,0,5.0,0.55,5,3,0,4.9852,1.0,wave,UNKNOWN,UNKNOWN,0.28,0,61.37
3992,79.0146,,0,5.0,0.55,5,3,0,4.9766,1.0,wave,UNKNOWN,UNKNOWN,0.2733,1,57.047
3993,79.0701,,0,5.0,0.55,5,3,0,4.9946,1.0,wave,UNKNOWN,UNKNOWN,0.2733,0,56.355
3994,79.0899,,0,5.0,0.55,5,3,0,4.9993,1.0,wave,UNKNOWN,UNKNOWN,0.2733,0,56.862
3995,79.1063,,0,5.0,0.55,5,3,0,4.9622,1.0,wave,UNKNOWN,UNKNOWN,0.2733,0,57.512
3996,79.1218,,0,5.0,0.55,5,3,0,4.9776,1.0,wave,UNKNOWN,UNKNOWN,0.2733,0,56.264
3997,79.144,,0,5.0,0.55,5,3,0,4.9999,1.0,wave,UNKNOWN,UNKNOWN,0.2733,0,56.534
3998,79.1612,,0,5.0,0.55,5,3,0,4.9968,1.0,wave,UNKNOWN,UNKNOWN,0.2733,0,57.133
3999,79.177,,0,5.0,0.55,5,3,0,4.9965,1.0,wave,UNKNOWN,UNKNOWN,0.2733,0,55.601
4000,79.2009,,0,5.0,0.55,5,3,0,4.9894,1.0,wave,UNKNOWN,UNKNOWN,0.2733,0,57.084
4001,79.2152,,0,5.0,0.55,5,3,0,4.9849,1.0,wave,UNKNOWN,UNKNOWN,0.2733,0,55.936
4002,79.237,,0,5.0,0.55,5,3,0,4.9845,1.0,wave,UNKNOWN,UNKNOWN,0.2733,0,56.803
4003,79.2526,,0,5.0,0.55,5,3,0,4.9781,1.0,wave,UNKNOWN,UNKNOWN,0.2733,0,56.88
4004,79.27,,0,5.0,0.55,5,3,0,4.9955,1.0,wave,UNKNOWN,UNKNOWN,0.2733,1,53.101
4005,79.3225,,0,5.0,0.55,5,3,0,4.9987,1.0,wave,UNKNOWN,UNKNOWN,0.2733,0,54.975
4006,79.3364,,0,5.0,0.55,5,3,0,4.997,1.0,wave,UNKNOWN,UNKNOWN,0.2733,0,56.862
4007,79.3497,,0,5.0,0.55,5,3,0,4.9942,1.0,wave,UNKNOWN,UNKNOWN,0.2733,0,58.026
4008,79.3643,,0,5.0,0.55,5,3,0,4.9452,1.0,wave,UNKNOWN,UNKNOWN,0.2733,0,58.565
4009,79.38,,0,5.0,0.55,5,3,0,4.9609,1.0,wave,UNKNOWN,UNKNOWN,0.2733,0,58.712
4010,79.3967,,0,5.0,0.55,5,3,0,4.9776,1.0,wave,UNKNOWN,UNKNOWN,0.2733,0,59.024
4011,79.4128,,0,5.0,0.55,5,3,0,4.9937,1.0,wave,UNKNOWN,UNKNOWN,0.2733,0,59.043
4012,79.4298,,0,5.0,0.55,5,3,0,4.9961,1.0,wave,UNKNOWN,UNKNOWN,0.2733,0,59.255
4013,79.446,,0,5.0,0.55,5,3,0,4.9985,1.0,wave,UNKNOWN,UNKNOWN,0.2733,0,59.525
4014,79.4621,,0,5.0,0.55,5,3,0,4.983,1.0,wave,UNKNOWN,UNKNOWN,0.2733,0,59.754
4015,79.4785,,0,5.0,0.55,5,3,0,4.9993,1.0,wave,UNKNOWN,UNKNOWN,0.2733,0,59.786
4016,79.495,,0,5.0,0.55,5,3,0,4.978,1.0,wave,UNKNOWN,UNKNOWN,0.2733,0,59.59
4017,79.5123,,0,5.0,0.55,5,3,0,4.9954,1.0,wave,UNKNOWN,UNKNOWN,0.2733,0,59.047
4018,79.531,,0,5.0,0.55,5,3,0,4.9864,1.0,wave,UNKNOWN,UNKNOWN,0.2833,1,54.931
4019,79.5871,,0,5.0,0.55,5,3,0,4.9953,1.0,wave,UNKNOWN,UNKNOWN,0.2833,0,56.501
4020,79.6013,,0,5.0,0.55,5,3,0,4.9903,1.0,wave,UNKNOWN,UNKNOWN,0.2833,0,57.938
4021,79.6152,,0,5.0,0.55,5,3,0,4.9485,1.0,wave,UNKNOWN,UNKNOWN,0.2833,0,58.733
4022,79.6302,,0,5.0,0.55,5,3,0,4.9635,1.0,wave,UNKNOWN,UNKNOWN,0.2833,0,59.356
4023,79.6457,,0,5.0,0.55,5,3,0,4.979,1.0,wave,UNKNOWN,UNKNOWN,0.2833,0,60.059
4024,79.6606,,0,5.0,0.55,5,3,0,4.9939,1.0,wave,UNKNOWN,UNKNOWN,0.2833,0,60.335
4025,79.6765,,0,5.0,0.55,5,3,0,4.9958,1.0,wave,UNKNOWN,UNKNOWN,0.2833,0,61.955
4026,79.6894,,0,5.0,0.55,5,3,0,4.9944,1.0,wave,UNKNOWN,UNKNOWN,0.2833,0,63.124
4027,79.7034,,0,5.0,0.55,5,3,0,4.9916,1.0,wave,UNKNOWN,UNKNOWN,0.2833,0,63.856
4028,79.7177,,0,5.0,0.55,5,3,0,4.9912,1.0,wave,UNKNOWN,UNKNOWN,0.2833,0,64.523
4029,79.7315,,0,5.0,0.55,5,3,0,4.9895,1.0,wave,UNKNOWN,UNKNOWN,0.2833,0,65.275
4030,79.7455,,0,5.0,0.55,5,3,0,4.9883,1.0,wave,UNKNOWN,UNKNOWN,0.2833,0,65.458
4031,79.7604,,0,5.0,0.55,5,3,0,4.987,1.0,wave,UNKNOWN,UNKNOWN,0.2833,0,64.947
4032,79.7769,,0,5.0,0.55,5,3,0,4.9876,1.0,wave,UNKNOWN,UNKNOWN,0.2833,0,64.726
4033,79.7928,,0,5.0,0.55,5,3,0,4.9879,1.0,wave,UNKNOWN,UNKNOWN,0.26,1,60.02
4034,79.8497,,0,5.0,0.55,5,3,0,4.9983,1.0,wave,UNKNOWN,UNKNOWN,0.26,0,60.914
4035,79.8642,,0,5.0,0.55,5,3,0,4.9994,1.0,wave,UNKNOWN,UNKNOWN,0.26,0,61.764
4036,79.8788,,0,5.0,0.55,5,3,0,4.9578,1.0,wave,UNKNOWN,UNKNOWN,0.26,0,62.581
4037,79.8928,,0,5.0,0.55,5,3,0,4.9719,1.0,wave,UNKNOWN,UNKNOWN,0.26,0,63.036
4038,79.9083,,0,5.0,0.55,5,3,0,4.9874,1.0,wave,UNKNOWN,UNKNOWN,0.26,0,61.041
4039,79.9308,,0,5.0,0.55,5,3,0,4.996,1.0,wave,UNKNOWN,UNKNOWN,0.26,0,61.035
4040,79.9477,,0,5.0,0.55,5,3,0,4.9992,1.0,wave,UNKNOWN,UNKNOWN,0.26,0,61.553
4041,79.9626,,0,5.0,0.55,5,3,0,4.998,1.0,wave,UNKNOWN,UNKNOWN,0.26,0,62.226
4042,79.9773,,0,5.0,0.55,5,3,0,4.9975,1.0,wave,UNKNOWN,UNKNOWN,0.26,0,63.098
4043,79.9914,,0,5.0,0.55,5,3,0,4.9968,1.0,wave,UNKNOWN,UNKNOWN,0.26,0,60.763
4044,80.0161,,0,5.0,0.55,5,3,0,4.989,1.0,wave,UNKNOWN,UNKNOWN,0.26,0,61.634
4045,80.0305,,0,5.0,0.55,5,3,0,4.9875,1.0,wave,UNKNOWN,UNKNOWN,0.26,0,61.609
4046,80.047,,0,5.0,0.55,5,3,0,4.9877,1.0,wave,UNKNOWN,UNKNOWN,0.2667,1,57.349
4047,80.0995,,0,5.0,0.55,5,3,0,4.9876,1.0,wave,UNKNOWN,UNKNOWN,0.2667,0,57.157
4048,80.1175,,0,5.0,0.55,5,3,0,4.9886,1.0,wave,UNKNOWN,UNKNOWN,0.2667,0,58.626
4049,80.1314,,0,5.0,0.55,5,3,0,4.9512,1.0,wave,UNKNOWN,UNKNOWN,0.2667,0,59.003
4050,80.1474,,0,5.0,0.55,5,3,0,4.9671,1.0,wave,UNKNOWN,UNKNOWN,0.2667,0,59.687
4051,80.1629,,0,5.0,0.55,5,3,0,4.9826,1.0,wave,UNKNOWN,UNKNOWN,0.2667,0,60.031
4052,80.1789,,0,5.0,0.55,5,3,0,4.9986,1.0,wave,UNKNOWN,UNKNOWN,0.2667,0,61.27
4053,80.1924,,0,5.0,0.55,5,3,0,4.998,1.0,wave,UNKNOWN,UNKNOWN,0.2667,0,61.36
4054,80.2084,,0,5.0,0.55,5,3,0,4.999,1.0,wave,UNKNOWN,UNKNOWN,0.2667,0,62.051
4055,80.223,,0,5.0,0.55,5,3,0,4.9989,1.0,wave,UNKNOWN,UNKNOWN,0.2667,0,62.463
4056,80.2382,,0,5.0,0.55,5,3,0,4.9999,1.0,wave,UNKNOWN,UNKNOWN,0.2667,0,62.832
4057,80.2535,,0,5.0,0.55,5,3,0,4.9842,1.0,wave,UNKNOWN,UNKNOWN,0.2667,0,62.662
4058,80.2695,,0,5.0,0.55,5,3,0,4.9848,1.0,wave,UNKNOWN,UNKNOWN,0.2667,0,62.963
4059,80.2849,,0,5.0,0.55,5,3,0,4.9844,1.0,wave,UNKNOWN,UNKNOWN,0.2667,0,62.753
4060,80.3013,,0,5.0,0.55,5,3,0,4.9839,1.0,wave,UNKNOWN,UNKNOWN,0.2833,1,58.214
4061,80.3592,,0,5.0,0.55,5,3,0,4.9925,1.0,wave,UNKNOWN,UNKNOWN,0.2833,0,59.581
4062,80.3732,,0,5.0,0.55,5,3,0,4.9887,1.0,wave,UNKNOWN,UNKNOWN,0.2833,0,60.913
4063,80.3864,,0,5.0,0.55,5,3,0,4.9398,1.0,wave,UNKNOWN,UNKNOWN,0.2833,0,61.378
4064,80.4018,,0,5.0,0.55,5,3,0,4.9551,1.0,wave,UNKNOWN,UNKNOWN,0.2833,0,62.097
4065,80.4163,,0,5.0,0.55,5,3,0,4.9697,1.0,wave,UNKNOWN,UNKNOWN,0.2833,0,62.051
4066,80.4325,,0,5.0,0.55,5,3,0,4.9858,1.0,wave,UNKNOWN,UNKNOWN,0.2833,0,62.132
4067,80.4484,,0,5.0,0.55,5,3,0,4.9874,1.0,wave,UNKNOWN,UNKNOWN,0.2833,0,61.821
4068,80.4653,,0,5.0,0.55,5,3,0,4.9832,1.0,wave,UNKNOWN,UNKNOWN,0.2833,0,61.906
4069,80.4813,,0,5.0,0.55,5,3,0,4.9991,1.0,wave,UNKNOWN,UNKNOWN,0.2833,0,61.907
4070,80.4974,,0,5.0,0.55,5,3,0,4.9863,1.0,wave,UNKNOWN,UNKNOWN,0.2833,0,62.075
4071,80.5132,,0,5.0,0.55,5,3,0,4.9879,1.0,wave,UNKNOWN,UNKNOWN,0.2833,0,61.82
4072,80.5299,,0,5.0,0.55,5,3,0,4.9913,1.0,wave,UNKNOWN,UNKNOWN,0.2833,0,61.083
4073,80.5483,,0,5.0,0.55,5,3,0,4.9944,1.0,wave,UNKNOWN,UNKNOWN,0.2833,0,61.196
4074,80.5644,,0,5.0,0.55,5,3,0,4.9945,1.0,wave,UNKNOWN,UNKNOWN,0.2833,1,56.916
4075,80.6192,,0,5.0,0.55,5,3,0,4.988,1.0,wave,UNKNOWN,UNKNOWN,0.2833,0,58.018
4076,80.6338,,0,5.0,0.55,5,3,0,4.9877,1.0,wave,UNKNOWN,UNKNOWN,0.2833,0,59.488
4077,80.6476,,0,5.0,0.55,5,3,0,4.9385,1.0,wave,UNKNOWN,UNKNOWN,0.2833,0,60.557
4078,80.6616,,0,5.0,0.55,5,3,0,4.9524,1.0,wave,UNKNOWN,UNKNOWN,0.2833,0,60.751
4079,80.6777,,0,5.0,0.55,5,3,0,4.9686,1.0,wave,UNKNOWN,UNKNOWN,0.2833,0,61.674
4080,80.6921,,0,5.0,0.55,5,3,0,4.983,1.0,wave,UNKNOWN,UNKNOWN,0.2833,0,61.778
4081,80.7081,,0,5.0,0.55,5,3,0,4.9989,1.0,wave,UNKNOWN,UNKNOWN,0.2833,0,61.475
4082,80.7248,,0,5.0,0.55,5,3,0,4.986,1.0,wave,UNKNOWN,UNKNOWN,0.2833,0,61.726
4083,80.7405,,0,5.0,0.55,5,3,0,4.9838,1.0,wave,UNKNOWN,UNKNOWN,0.2833,0,62.123
4084,80.7559,,0,5.0,0.55,5,3,0,4.9992,1.0,wave,UNKNOWN,UNKNOWN,0.2833,0,62.08
4085,80.7719,,0,5.0,0.55,5,3,0,4.9864,1.0,wave,UNKNOWN,UNKNOWN,0.2833,0,61.789
4086,80.7888,,0,5.0,0.55,5,3,0,4.9889,1.0,wave,UNKNOWN,UNKNOWN,0.2833,0,62.734
4087,80.8029,,0,5.0,0.55,5,3,0,4.9877,1.0,wave,UNKNOWN,UNKNOWN,0.2833,0,61.068
4088,80.8254,,0,5.0,0.55,5,3,0,4.9947,1.0,wave,UNKNOWN,UNKNOWN,0.3,1,56.785
4089,80.8795,,0,5.0,0.55,5,3,0,4.9906,1.0,wave,UNKNOWN,UNKNOWN,0.3,0,57.466
4090,80.895,,0,5.0,0.55,5,3,0,4.9908,1.0,wave,UNKNOWN,UNKNOWN,0.3,0,58.58
4091,80.9102,,0,5.0,0.55,5,3,0,4.9531,1.0,wave,UNKNOWN,UNKNOWN,0.3,0,57.032
4092,80.9328,,0,5.0,0.55,5,3,0,4.9757,1.0,wave,UNKNOWN,UNKNOWN,0.3,0,57.618
4093,80.9488,,0,5.0,0.55,5,3,0,4.9917,1.0,wave,UNKNOWN,UNKNOWN,0.3,0,57.776
4094,80.9656,,0,5.0,0.55,5,3,0,4.9943,1.0,wave,UNKNOWN,UNKNOWN,0.3,0,58.208
4095,80.9817,,0,5.0,0.55,5,3,0,4.9965,1.0,wave,UNKNOWN,UNKNOWN,0.3,0,57.706
4096,81.0005,,0,5.0,0.55,5,3,0,4.9852,1.0,wave,UNKNOWN,UNKNOWN,0.3,0,58.191
4097,81.0167,,0,5.0,0.55,5,3,0,4.9883,1.0,wave,UNKNOWN,UNKNOWN,0.3,0,58.294
4098,81.0334,,0,5.0,0.55,5,3,0,4.9887,1.0,wave,UNKNOWN,UNKNOWN,0.3,0,58.237
4099,81.0507,,0,5.0,0.55,5,3,0,4.9898,1.0,wave,UNKNOWN,UNKNOWN,0.3,0,58.271
4100,81.0681,,0,5.0,0.55,5,3,0,4.9928,1.0,wave,UNKNOWN,UNKNOWN,0.3,0,58.666
4101,81.0838,,0,5.0,0.55,5,3,0,4.9943,1.0,wave,UNKNOWN,UNKNOWN,0.3267,1,54.604
4102,81.1395,,0,5.0,0.55,5,3,0,4.9898,1.0,wave,UNKNOWN,UNKNOWN,0.3267,0,56.308
4103,81.1536,,0,5.0,0.55,5,3,0,4.9879,1.0,wave,UNKNOWN,UNKNOWN,0.3267,0,57.722
4104,81.1676,,0,5.0,0.55,5,3,0,4.9492,1.0,wave,UNKNOWN,UNKNOWN,0.3267,0,58.583
4105,81.1826,,0,5.0,0.55,5,3,0,4.9642,1.0,wave,UNKNOWN,UNKNOWN,0.3267,0,59.523
4106,81.1972,,0,5.0,0.55,5,3,0,4.9789,1.0,wave,UNKNOWN,UNKNOWN,0.3267,0,60.507
4107,81.2115,,0,5.0,0.55,5,3,0,4.9931,1.0,wave,UNKNOWN,UNKNOWN,0.3267,0,60.314
4108,81.2286,,0,5.0,0.55,5,3,0,4.9964,1.0,wave,UNKNOWN,UNKNOWN,0.3267,0,60.369
4109,81.2451,,0,5.0,0.55,5,3,0,4.9895,1.0,wave,UNKNOWN,UNKNOWN,0.3267,0,60.84
4110,81.2604,,0,5.0,0.55,5,3,0,4.9891,1.0,wave,UNKNOWN,UNKNOWN,0.3267,0,61.322
4111,81.2759,,0,5.0,0.55,5,3,0,4.9905,1.0,wave,UNKNOWN,UNKNOWN,0.3267,0,62.418
4112,81.2896,,0,5.0,0.55,5,3,0,4.99,1.0,wave,UNKNOWN,UNKNOWN,0.3267,0,63.333
4113,81.304,,0,5.0,0.55,5,3,0,4.9903,1.0,wave,UNKNOWN,UNKNOWN,0.3267,0,64.034
4114,81.3183,,0,5.0,0.55,5,3,0,4.9876,1.0,wave,UNKNOWN,UNKNOWN,0.3267,0,64.582
4115,81.3321,,0,5.0,0.55,5,3,0,4.9851,1.0,wave,UNKNOWN,UNKNOWN,0.3267,0,64.375
4116,81.3483,,0,5.0,0.55,5,3,0,4.9856,1.0,wave,UNKNOWN,UNKNOWN,0.3,1,59.827
4117,81.4013,,0,5.0,0.55,5,3,0,4.9896,1.0,wave,UNKNOWN,UNKNOWN,0.3,0,60.791
4118,81.4155,,0,5.0,0.55,5,3,0,4.9863,1.0,wave,UNKNOWN,UNKNOWN,0.3,0,61.729
4119,81.4303,,0,5.0,0.55,5,3,0,4.9452,1.0,wave,UNKNOWN,UNKNOWN,0.3,0,61.204
4120,81.4477,,0,5.0,0.55,5,3,0,4.9627,1.0,wave,UNKNOWN,UNKNOWN,0.3,0,61.972
4121,81.462,,0,5.0,0.55,5,3,0,4.9769,1.0,wave,UNKNOWN,UNKNOWN,0.3,0,63.33
4122,81.4756,,0,5.0,0.55,5,3,0,4.9906,1.0,wave,UNKNOWN,UNKNOWN,0.3,0,63.613
4123,81.4903,,0,5.0,0.55,5,3,0,4.9912,1.0,wave,UNKNOWN,UNKNOWN,0.3,0,63.28
4124,81.5068,,0,5.0,0.55,5,3,0,4.9928,1.0,wave,UNKNOWN,UNKNOWN,0.3,0,63.401
4125,81.5224,,0,5.0,0.55,5,3,0,4.9935,1.0,wave,UNKNOWN,UNKNOWN,0.3,0,63.567
4126,81.5378,,0,5.0,0.55,5,3,0,4.9941,1.0,wave,UNKNOWN,UNKNOWN,0.3,0,63.008
4127,81.5552,,0,5.0,0.55,5,3,0,4.9962,1.0,wave,UNKNOWN,UNKNOWN,0.3,0,62.925
4128,81.5714,,0,5.0,0.55,5,3,0,4.9966,1.0,wave,UNKNOWN,UNKNOWN,0.3,0,61.811
4129,81.5905,,0,5.0,0.55,5,3,0,4.9994,1.0,wave,UNKNOWN,UNKNOWN,0.3,0,61.53
4130,81.6074,,0,5.0,0.55,5,3,0,4.9845,1.0,wave,UNKNOWN,UNKNOWN,0.2967,1,57.257
4131,81.6609,,0,5.0,0.55,5,3,0,4.9999,1.0,wave,UNKNOWN,UNKNOWN,0.2967,0,58.6
4132,81.6755,,0,5.0,0.55,5,3,0,4.9996,1.0,wave,UNKNOWN,UNKNOWN,0.2967,0,59.836
4133,81.6896,,0,5.0,0.55,5,3,0,4.998,1.0,wave,UNKNOWN,UNKNOWN,0.2967,0,58.317
4134,81.7113,,0,5.0,0.55,5,3,0,4.9646,1.0,wave,UNKNOWN,UNKNOWN,0.2967,0,57.865
4135,81.7297,,0,5.0,0.55,5,3,0,4.983,1.0,wave,UNKNOWN,UNKNOWN,0.2967,0,57.239
4136,81.7491,,0,5.0,0.55,5,3,0,4.9882,1.0,wave,UNKNOWN,UNKNOWN,0.2967,0,57.561
4137,81.7656,,0,5.0,0.55,5,3,0,4.99,1.0,wave,UNKNOWN,UNKNOWN,0.2967,0,57.607
4138,81.7828,,0,5.0,0.55,5,3,0,4.9918,1.0,wave,UNKNOWN,UNKNOWN,0.2967,0,58.241
4139,81.7985,,0,5.0,0.55,5,3,0,4.9924,1.0,wave,UNKNOWN,UNKNOWN,0.2967,0,58.697
4140,81.8144,,0,5.0,0.55,5,3,0,4.9938,1.0,wave,UNKNOWN,UNKNOWN,0.2967,0,58.89
4141,81.831,,0,5.0,0.55,5,3,0,4.9947,1.0,wave,UNKNOWN,UNKNOWN,0.2967,0,58.38
4142,81.8497,,0,5.0,0.55,5,3,0,4.9981,1.0,wave,UNKNOWN,UNKNOWN,0.2967,0,58.67
4143,81.8659,,0,5.0,0.55,5,3,0,4.9992,1.0,wave,UNKNOWN,UNKNOWN,0.29,1,54.7
4144,81.9189,,0,5.0,0.55,5,3,0,4.9894,1.0,wave,UNKNOWN,UNKNOWN,0.29,0,56.08
4145,81.9333,,0,5.0,0.55,5,3,0,4.9892,1.0,wave,UNKNOWN,UNKNOWN,0.29,0,57.452
4146,81.9479,,0,5.0,0.55,5,3,0,4.9501,1.0,wave,UNKNOWN,UNKNOWN,0.29,0,57.595
4147,81.965,,0,5.0,0.55,5,3,0,4.9671,1.0,wave,UNKNOWN,UNKNOWN,0.29,0,58.533
4148,81.9794,,0,5.0,0.55,5,3,0,4.9816,1.0,wave,UNKNOWN,UNKNOWN,0.29,0,60.11
4149,81.9929,,0,5.0,0.55,5,3,0,4.995,1.0,wave,UNKNOWN,UNKNOWN,0.29,0,60.967
4150,82.0074,,0,5.0,0.55,5,3,0,4.9952,1.0,wave,UNKNOWN,UNKNOWN,0.29,0,61.348
4151,82.023,,0,5.0,0.55,5,3,0,4.986,1.0,wave,UNKNOWN,UNKNOWN,0.29,0,61.681
4152,82.0387,,0,5.0,0.55,5,3,0,4.987,1.0,wave,UNKNOWN,UNKNOWN,0.29,0,61.39
4153,82.0555,,0,5.0,0.55,5,3,0,4.986,1.0,wave,UNKNOWN,UNKNOWN,0.29,0,61.521
4154,82.0712,,0,5.0,0.55,5,3,0,4.9871,1.0,wave,UNKNOWN,UNKNOWN,0.29,0,61.182
4155,82.0887,,0,5.0,0.55,5,3,0,4.9913,1.0,wave,UNKNOWN,UNKNOWN,0.29,0,61.444
4156,82.1042,,0,5.0,0.55,5,3,0,4.9906,1.0,wave,UNKNOWN,UNKNOWN,0.29,0,61.324
4157,82.1209,,0,5.0,0.55,5,3,0,4.9924,1.0,wave,UNKNOWN,UNKNOWN,0.2867,1,57.034
4158,82.1754,,0,5.0,0.55,5,3,0,4.9851,1.0,wave,UNKNOWN,UNKNOWN,0.2867,0,58.523
4159,82.1895,,0,5.0,0.55,5,3,0,4.9992,1.0,wave,UNKNOWN,UNKNOWN,0.2867,0,59.879
4160,82.2027,,0,5.0,0.55,5,3,0,4.9971,1.0,wave,UNKNOWN,UNKNOWN,0.2867,0,60.21
4161,82.2187,,0,5.0,0.55,5,3,0,4.9607,1.0,wave,UNKNOWN,UNKNOWN,0.2867,0,61.152
4162,82.2332,,0,5.0,0.55,5,3,0,4.9752,1.0,wave,UNKNOWN,UNKNOWN,0.2867,0,61.536
4163,82.2483,,0,5.0,0.55,5,3,0,4.9904,1.0,wave,UNKNOWN,UNKNOWN,0.2867,0,61.871
4164,82.2637,,0,5.0,0.55,5,3,0,4.9905,1.0,wave,UNKNOWN,UNKNOWN,0.2867,0,61.81
4165,82.2801,,0,5.0,0.55,5,3,0,4.9833,1.0,wave,UNKNOWN,UNKNOWN,0.2867,0,61.767
4166,82.2963,,0,5.0,0.55,5,3,0,4.9996,1.0,wave,UNKNOWN,UNKNOWN,0.2867,0,62.754
4167,82.3107,,0,5.0,0.55,5,3,0,4.9981,1.0,wave,UNKNOWN,UNKNOWN,0.2867,0,63.484
4168,82.3246,,0,5.0,0.55,5,3,0,4.9945,1.0,wave,UNKNOWN,UNKNOWN,0.2867,0,64.802
4169,82.3386,,0,5.0,0.55,5,3,0,4.9931,1.0,wave,UNKNOWN,UNKNOWN,0.2867,0,64.59
4170,82.354,,0,5.0,0.55,5,3,0,4.9918,1.0,wave,UNKNOWN,UNKNOWN,0.2867,0,64.695
4171,82.3689,,0,5.0,0.55,5,3,0,4.9905,1.0,wave,UNKNOWN,UNKNOWN,0.2867,0,64.52
4172,82.385,,0,5.0,0.55,5,3,0,4.9922,1.0,wave,UNKNOWN,UNKNOWN,0.2933,1,59.848
4173,82.4412,,0,5.0,0.55,5,3,0,4.9887,1.0,wave,UNKNOWN,UNKNOWN,0.2933,0,60.856
4174,82.4556,,0,5.0,0.55,5,3,0,4.9865,1.0,wave,UNKNOWN,UNKNOWN,0.2933,0,61.926
4175,82.4693,,0,5.0,0.55,5,3,0,4.9373,1.0,wave,UNKNOWN,UNKNOWN,0.2933,0,62.412
4176,82.4845,,0,5.0,0.55,5,3,0,4.9525,1.0,wave,UNKNOWN,UNKNOWN,0.2933,0,62.717
4177,82.4996,,0,5.0,0.55,5,3,0,4.9676,1.0,wave,UNKNOWN,UNKNOWN,0.2933,0,62.951
4178,82.5148,,0,5.0,0.55,5,3,0,4.9828,1.0,wave,UNKNOWN,UNKNOWN,0.2933,0,62.666
4179,82.5314,,0,5.0,0.55,5,3,0,4.9994,1.0,wave,UNKNOWN,UNKNOWN,0.2933,0,62.13
4180,82.549,,0,5.0,0.55,5,3,0,4.9863,1.0,wave,UNKNOWN,UNKNOWN,0.2933,0,60.195
4181,82.5728,,0,5.0,0.55,5,3,0,4.9955,1.0,wave,UNKNOWN,UNKNOWN,0.2933,0,61.416
4182,82.5867,,0,5.0,0.55,5,3,0,4.9955,1.0,wave,UNKNOWN,UNKNOWN,0.2933,0,59.598
4183,82.6097,,0,5.0,0.55,5,3,0,4.987,1.0,wave,UNKNOWN,UNKNOWN,0.2933,0,58.989
4184,82.6282,,0,5.0,0.55,5,3,0,4.9905,1.0,wave,UNKNOWN,UNKNOWN,0.2933,0,59.327
4185,82.6443,,0,5.0,0.55,5,3,0,4.9908,1.0,wave,UNKNOWN,UNKNOWN,0.3133,1,55.247
4186,82.6982,,0,5.0,0.55,5,3,0,4.9788,1.0,wave,UNKNOWN,UNKNOWN,0.3133,0,55.362
4187,82.7156,,0,5.0,0.55,5,3,0,4.9962,1.0,wave,UNKNOWN,UNKNOWN,0.3133,0,56.654
4188,82.7302,,0,5.0,0.55,5,3,0,4.9507,1.0,wave,UNKNOWN,UNKNOWN,0.3133,0,58.364
4189,82.7442,,0,5.0,0.55,5,3,0,4.9647,1.0,wave,UNKNOWN,UNKNOWN,0.3133,0,59.758
4190,82.758,,0,5.0,0.55,5,3,0,4.9785,1.0,wave,UNKNOWN,UNKNOWN,0.3133,0,58.229
4191,82.7802,,0,5.0,0.55,5,3,0,4.9829,1.0,wave,UNKNOWN,UNKNOWN,0.3133,0,59.009
4192,82.7958,,0,5.0,0.55,5,3,0,4.9984,1.0,wave,UNKNOWN,UNKNOWN,0.3133,0,60.334
4193,82.8094,,0,5.0,0.55,5,3,0,4.9965,1.0,wave,UNKNOWN,UNKNOWN,0.3133,0,61.303
4194,82.8238,,0,5.0,0.55,5,3,0,4.9937,1.0,wave,UNKNOWN,UNKNOWN,0.3133,0,61.605
4195,82.8391,,0,5.0,0.55,5,3,0,4.9943,1.0,wave,UNKNOWN,UNKNOWN,0.3133,0,61.724
4196,82.8548,,0,5.0,0.55,5,3,0,4.9944,1.0,wave,UNKNOWN,UNKNOWN,0.3133,0,62.3
4197,82.8696,,0,5.0,0.55,5,3,0,4.9953,1.0,wave,UNKNOWN,UNKNOWN,0.3133,0,61.884
4198,82.8869,,0,5.0,0.55,5,3,0,4.9964,1.0,wave,UNKNOWN,UNKNOWN,0.3133,0,62.006
4199,82.9027,,0,5.0,0.55,5,3,0,4.9897,1.0,wave,UNKNOWN,UNKNOWN,0.32,1,57.658
4200,82.9568,,0,5.0,0.55,5,3,0,4.9987,1.0,wave,UNKNOWN,UNKNOWN,0.32,0,59.186
4201,82.9707,,0,5.0,0.55,5,3,0,4.9987,1.0,wave,UNKNOWN,UNKNOWN,0.32,0,59.631
4202,82.9865,,0,5.0,0.55,5,3,0,4.9552,1.0,wave,UNKNOWN,UNKNOWN,0.32,0,58.045
4203,83.0091,,0,5.0,0.55,5,3,0,4.9778,1.0,wave,UNKNOWN,UNKNOWN,0.32,0,58.727
4204,83.0245,,0,5.0,0.55,5,3,0,4.9931,1.0,wave,UNKNOWN,UNKNOWN,0.32,0,60.1
4205,83.0384,,0,5.0,0.55,5,3,0,4.9884,1.0,wave,UNKNOWN,UNKNOWN,0.32,0,61.209
4206,83.0527,,0,5.0,0.55,5,3,0,4.9883,1.0,wave,UNKNOWN,UNKNOWN,0.32,0,61.989
4207,83.0669,,0,5.0,0.55,5,3,0,4.9882,1.0,wave,UNKNOWN,UNKNOWN,0.32,0,62.755
4208,83.0812,,0,5.0,0.55,5,3,0,4.9868,1.0,wave,UNKNOWN,UNKNOWN,0.32,0,62.923
4209,83.0966,,0,5.0,0.55,5,3,0,4.9862,1.0,wave,UNKNOWN,UNKNOWN,0.32,0,62.859
4210,83.1127,,0,5.0,0.55,5,3,0,4.9886,1.0,wave,UNKNOWN,UNKNOWN,0.32,0,62.79
4211,83.1287,,0,5.0,0.55,5,3,0,4.9902,1.0,wave,UNKNOWN,UNKNOWN,0.32,0,63.082
4212,83.1442,,0,5.0,0.55,5,3,0,4.9905,1.0,wave,UNKNOWN,UNKNOWN,0.32,0,63.214
4213,83.1597,,0,5.0,0.55,5,3,0,4.9899,1.0,wave,UNKNOWN,UNKNOWN,0.2933,1,58.76
4214,83.2134,,0,5.0,0.55,5,3,0,4.996,1.0,wave,UNKNOWN,UNKNOWN,0.2933,0,58.508
4215,83.2309,,0,5.0,0.55,5,3,0,4.9974,1.0,wave,UNKNOWN,UNKNOWN,0.2933,0,58.169
4216,83.249,,0,5.0,0.55,5,3,0,4.9603,1.0,wave,UNKNOWN,UNKNOWN,0.2933,0,58.444
4217,83.2654,,0,5.0,0.55,5,3,0,4.9767,1.0,wave,UNKNOWN,UNKNOWN,0.2933,0,58.634
4218,83.2819,,0,5.0,0.55,5,3,0,4.9932,1.0,wave,UNKNOWN,UNKNOWN,0.2933,0,58.561
4219,83.2992,,0,5.0,0.55,5,3,0,4.9965,1.0,wave,UNKNOWN,UNKNOWN,0.2933,0,58.611
4220,83.3162,,0,5.0,0.55,5,3,0,4.9996,1.0,wave,UNKNOWN,UNKNOWN,0.2933,0,58.729
4221,83.333,,0,5.0,0.55,5,3,0,4.985,1.0,wave,UNKNOWN,UNKNOWN,0.2933,0,59.529
4222,83.3481,,0,5.0,0.55,5,3,0,4.9837,1.0,wave,UNKNOWN,UNKNOWN,0.2933,0,59.097
4223,83.3659,,0,5.0,0.55,5,3,0,4.9847,1.0,wave,UNKNOWN,UNKNOWN,0.2933,0,58.973
4224,83.3834,,0,5.0,0.55,5,3,0,4.986,1.0,wave,UNKNOWN,UNKNOWN,0.2933,0,58.929
4225,83.4004,,0,5.0,0.55,5,3,0,4.9868,1.0,wave,UNKNOWN,UNKNOWN,0.2933,0,58.378
4226,83.4192,,0,5.0,0.55,5,3,0,4.9892,1.0,wave,UNKNOWN,UNKNOWN,0.29,1,54.335
4227,83.4753,,0,5.0,0.55,5,3,0,4.9972,1.0,wave,UNKNOWN,UNKNOWN,0.29,0,55.514
4228,83.4903,,0,5.0,0.55,5,3,0,4.9962,1.0,wave,UNKNOWN,UNKNOWN,0.29,0,55.92
4229,83.5073,,0,5.0,0.55,5,3,0,4.9584,1.0,wave,UNKNOWN,UNKNOWN,0.29,0,57.502
4230,83.521,,0,5.0,0.55,5,3,0,4.9721,1.0,wave,UNKNOWN,UNKNOWN,0.29,0,58.696
4231,83.5352,,0,5.0,0.55,5,3,0,4.9862,1.0,wave,UNKNOWN,UNKNOWN,0.29,0,58.301
4232,83.5539,,0,5.0,0.55,5,3,0,4.9849,1.0,wave,UNKNOWN,UNKNOWN,0.29,0,59.036
4233,83.5689,,0,5.0,0.55,5,3,0,4.9999,1.0,wave,UNKNOWN,UNKNOWN,0.29,0,57.17
4234,83.5941,,0,5.0,0.55,5,3,0,4.986,1.0,wave,UNKNOWN,UNKNOWN,0.29,0,57.299
4235,83.6107,,0,5.0,0.55,5,3,0,4.9871,1.0,wave,UNKNOWN,UNKNOWN,0.29,0,57.035
4236,83.6288,,0,5.0,0.55,5,3,0,4.9904,1.0,wave,UNKNOWN,UNKNOWN,0.29,0,57.62
4237,83.6451,,0,5.0,0.55,5,3,0,4.9914,1.0,wave,UNKNOWN,UNKNOWN,0.29,0,58.005
4238,83.6612,,0,5.0,0.55,5,3,0,4.9914,1.0,wave,UNKNOWN,UNKNOWN,0.29,0,57.832
4239,83.6788,,0,5.0,0.55,5,3,0,4.9935,1.0,wave,UNKNOWN,UNKNOWN,0.2967,1,53.92
4240,83.7325,,0,5.0,0.55,5,3,0,4.998,1.0,wave,UNKNOWN,UNKNOWN,0.2967,0,54.12
4241,83.75,,0,5.0,0.55,5,3,0,4.9439,1.0,wave,UNKNOWN,UNKNOWN,0.2967,0,55.464
4242,83.7649,,0,5.0,0.55,5,3,0,4.9588,1.0,wave,UNKNOWN,UNKNOWN,0.2967,0,56.998
4243,83.7794,,0,5.0,0.55,5,3,0,4.9733,1.0,wave,UNKNOWN,UNKNOWN,0.2967,0,56.651
4244,83.7981,,0,5.0,0.55,5,3,0,4.9919,1.0,wave,UNKNOWN,UNKNOWN,0.2967,0,57.196
4245,83.814,,0,5.0,0.55,5,3,0,4.9934,1.0,wave,UNKNOWN,UNKNOWN,0.2967,0,58.134
4246,83.8297,,0,5.0,0.55,5,3,0,4.9953,1.0,wave,UNKNOWN,UNKNOWN,0.2967,0,58.21
4247,83.8463,,0,5.0,0.55,5,3,0,4.9962,1.0,wave,UNKNOWN,UNKNOWN,0.2967,0,58.986
4248,83.8617,,0,5.0,0.55,5,3,0,4.9963,1.0,wave,UNKNOWN,UNKNOWN,0.2967,0,58.138
4249,83.8811,,0,5.0,0.55,5,3,0,4.9998,1.0,wave,UNKNOWN,UNKNOWN,0.2967,0,59.36
4250,83.8957,,0,5.0,0.55,5,3,0,4.9982,1.0,wave,UNKNOWN,UNKNOWN,0.2967,0,60.064
4251,83.9101,,0,5.0,0.55,5,3,0,4.9967,1.0,wave,UNKNOWN,UNKNOWN,0.2967,0,60.456
4252,83.9261,,0,5.0,0.55,5,3,0,4.9963,1.0,wave,UNKNOWN,UNKNOWN,0.2967,0,60.246
4253,83.9429,,0,5.0,0.55,5,3,0,4.988,1.0,wave,UNKNOWN,UNKNOWN,0.2833,1,56.055
4254,83.9976,,0,5.0,0.55,5,3,0,4.9982,1.0,wave,UNKNOWN,UNKNOWN,0.2833,0,56.972
4255,84.0129,,0,5.0,0.55,5,3,0,4.9983,1.0,wave,UNKNOWN,UNKNOWN,0.2833,0,56.251
4256,84.0327,,0,5.0,0.55,5,3,0,4.9626,1.0,wave,UNKNOWN,UNKNOWN,0.2833,0,56.456
4257,84.0499,,0,5.0,0.55,5,3,0,4.9798,1.0,wave,UNKNOWN,UNKNOWN,0.2833,0,55.295
4258,84.0724,,0,5.0,0.55,5,3,0,4.9825,1.0,wave,UNKNOWN,UNKNOWN,0.2833,0,56.256
4259,84.0876,,0,5.0,0.55,5,3,0,4.9977,1.0,wave,UNKNOWN,UNKNOWN,0.2833,0,57.052
4260,84.1031,,0,5.0,0.55,5,3,0,4.9968,1.0,wave,UNKNOWN,UNKNOWN,0.2833,0,57.592
4261,84.1191,,0,5.0,0.55,5,3,0,4.9973,1.0,wave,UNKNOWN,UNKNOWN,0.2833,0,58.258
4262,84.1347,,0,5.0,0.55,5,3,0,4.9906,1.0,wave,UNKNOWN,UNKNOWN,0.2833,0,58.5
4263,84.1512,,0,5.0,0.55,5,3,0,4.99,1.0,wave,UNKNOWN,UNKNOWN,0.2833,0,57.778
4264,84.1707,,0,5.0,0.55,5,3,0,4.9936,1.0,wave,UNKNOWN,UNKNOWN,0.2833,0,57.967
4265,84.1874,,0,5.0,0.55,5,3,0,4.9865,1.0,wave,UNKNOWN,UNKNOWN,0.2833,0,58.637
4266,84.2029,,0,5.0,0.55,5,3,0,4.9878,1.0,wave,UNKNOWN,UNKNOWN,0.2867,1,54.367
4267,84.2661,,0,5.0,0.55,5,3,0,4.9961,1.0,wave,UNKNOWN,UNKNOWN,0.2867,0,54.434
4268,84.2838,,0,5.0,0.55,5,3,0,4.9613,1.0,wave,UNKNOWN,UNKNOWN,0.2867,0,54.659
4269,84.3015,,0,5.0,0.55,5,3,0,4.9791,1.0,wave,UNKNOWN,UNKNOWN,0.2867,0,55.116
4270,84.3184,,0,5.0,0.55,5,3,0,4.9959,1.0,wave,UNKNOWN,UNKNOWN,0.2867,0,55.609
4271,84.335,,0,5.0,0.55,5,3,0,4.9986,1.0,wave,UNKNOWN,UNKNOWN,0.2867,0,56.203
4272,84.3512,,0,5.0,0.55,5,3,0,4.9869,1.0,wave,UNKNOWN,UNKNOWN,0.2867,0,56.656
4273,84.3678,,0,5.0,0.55,5,3,0,4.9878,1.0,wave,UNKNOWN,UNKNOWN,0.2867,0,56.889
4274,84.3847,,0,5.0,0.55,5,3,0,4.988,1.0,wave,UNKNOWN,UNKNOWN,0.2867,0,57.333
4275,84.401,,0,5.0,0.55,5,3,0,4.9882,1.0,wave,UNKNOWN,UNKNOWN,0.2867,0,58.478
4276,84.4155,,0,5.0,0.55,5,3,0,4.9858,1.0,wave,UNKNOWN,UNKNOWN,0.2867,0,59.749
4277,84.4302,,0,5.0,0.55,5,3,0,4.9842,1.0,wave,UNKNOWN,UNKNOWN,0.2867,0,60.769
4278,84.4443,,0,5.0,0.55,5,3,0,4.9983,1.0,wave,UNKNOWN,UNKNOWN,0.2867,0,60.12
4279,84.4628,,0,5.0,0.55,5,3,0,4.9844,1.0,wave,UNKNOWN,UNKNOWN,0.2833,1,55.872
4280,84.5193,,0,5.0,0.55,5,3,0,4.9882,1.0,wave,UNKNOWN,UNKNOWN,0.2833,0,56.949
4281,84.5341,,0,5.0,0.55,5,3,0,4.947,1.0,wave,UNKNOWN,UNKNOWN,0.2833,0,58.433
4282,84.5485,,0,5.0,0.55,5,3,0,4.9614,1.0,wave,UNKNOWN,UNKNOWN,0.2833,0,58.428
4283,84.5655,,0,5.0,0.55,5,3,0,4.9785,1.0,wave,UNKNOWN,UNKNOWN,0.2833,0,59.557
4284,84.5797,,0,5.0,0.55,5,3,0,4.9927,1.0,wave,UNKNOWN,UNKNOWN,0.2833,0,60.815
4285,84.5936,,0,5.0,0.55,5,3,0,4.9923,1.0,wave,UNKNOWN,UNKNOWN,0.2833,0,60.998
4286,84.6094,,0,5.0,0.55,5,3,0,4.9943,1.0,wave,UNKNOWN,UNKNOWN,0.2833,0,60.785
4287,84.6262,,0,5.0,0.55,5,3,0,4.996,1.0,wave,UNKNOWN,UNKNOWN,0.2833,0,61.298
4288,84.6415,,0,5.0,0.55,5,3,0,4.9958,1.0,wave,UNKNOWN,UNKNOWN,0.2833,0,61.643
4289,84.6573,,0,5.0,0.55,5,3,0,4.9967,1.0,wave,UNKNOWN,UNKNOWN,0.2833,0,61.723
4290,84.6728,,0,5.0,0.55,5,3,0,4.9963,1.0,wave,UNKNOWN,UNKNOWN,0.2833,0,62.032
4291,84.6882,,0,5.0,0.55,5,3,0,4.9988,1.0,wave,UNKNOWN,UNKNOWN,0.2833,0,62.946
4292,84.7025,,0,5.0,0.55,5,3,0,4.9991,1.0,wave,UNKNOWN,UNKNOWN,0.2833,0,63.569
4293,84.717,,0,5.0,0.55,5,3,0,4.9992,1.0,wave,UNKNOWN,UNKNOWN,0.2733,1,58.811
4294,84.7796,,0,5.0,0.55,5,3,0,4.9868,1.0,wave,UNKNOWN,UNKNOWN,0.2733,0,58.182
4295,84.7984,,0,5.0,0.55,5,3,0,4.9487,1.0,wave,UNKNOWN,UNKNOWN,0.2733,0,57.994
4296,84.8161,,0,5.0,0.55,5,3,0,4.9664,1.0,wave,UNKNOWN,UNKNOWN,0.2733,0,57.909
4297,84.8336,,0,5.0,0.55,5,3,0,4.984,1.0,wave,UNKNOWN,UNKNOWN,0.2733,0,57.92
4298,84.851,,0,5.0,0.55,5,3,0,4.9868,1.0,wave,UNKNOWN,UNKNOWN,0.2733,0,57.975
4299,84.8681,,0,5.0,0.55,5,3,0,4.9893,1.0,wave,UNKNOWN,UNKNOWN,0.2733,0,58.177
4300,84.8846,,0,5.0,0.55,5,3,0,4.9918,1.0,wave,UNKNOWN,UNKNOWN,0.2733,0,58.439
4301,84.901,,0,5.0,0.55,5,3,0,4.9927,1.0,wave,UNKNOWN,UNKNOWN,0.2733,0,58.837
4302,84.9171,,0,5.0,0.55,5,3,0,4.9862,1.0,wave,UNKNOWN,UNKNOWN,0.2733,0,59.476
4303,84.9324,,0,5.0,0.55,5,3,0,4.9847,1.0,wave,UNKNOWN,UNKNOWN,0.2733,0,59.414
4304,84.9495,,0,5.0,0.55,5,3,0,4.9869,1.0,wave,UNKNOWN,UNKNOWN,0.2733,0,58.642
4305,84.9689,,0,5.0,0.55,5,3,0,4.9915,1.0,wave,UNKNOWN,UNKNOWN,0.2867,1,54.374
4306,85.0317,,0,5.0,0.55,5,3,0,4.9847,1.0,wave,UNKNOWN,UNKNOWN,0.2867,0,55.262
4307,85.0472,,0,5.0,0.55,5,3,0,4.9477,1.0,wave,UNKNOWN,UNKNOWN,0.2867,0,56.226
4308,85.0632,,0,5.0,0.55,5,3,0,4.9637,1.0,wave,UNKNOWN,UNKNOWN,0.2867,0,57.729
4309,85.077,,0,5.0,0.55,5,3,0,4.9774,1.0,wave,UNKNOWN,UNKNOWN,0.2867,0,58.794
4310,85.0916,,0,5.0,0.55,5,3,0,4.9921,1.0,wave,UNKNOWN,UNKNOWN,0.2867,0,58.812
4311,85.1086,,0,5.0,0.55,5,3,0,4.9911,1.0,wave,UNKNOWN,UNKNOWN,0.2867,0,59.265
4312,85.1244,,0,5.0,0.55,5,3,0,4.9929,1.0,wave,UNKNOWN,UNKNOWN,0.2867,0,59.88
4313,85.1394,,0,5.0,0.55,5,3,0,4.992,1.0,wave,UNKNOWN,UNKNOWN,0.2867,0,60.649
4314,85.1541,,0,5.0,0.55,5,3,0,4.9912,1.0,wave,UNKNOWN,UNKNOWN,0.2867,0,59.145
4315,85.1764,,0,5.0,0.55,5,3,0,4.9976,1.0,wave,UNKNOWN,UNKNOWN,0.2867,0,60.181
4316,85.1908,,0,5.0,0.55,5,3,0,4.9984,1.0,wave,UNKNOWN,UNKNOWN,0.2867,0,59.812
4317,85.2087,,0,5.0,0.55,5,3,0,4.9856,1.0,wave,UNKNOWN,UNKNOWN,0.2867,0,60.13
4318,85.2244,,0,5.0,0.55,5,3,0,4.9862,1.0,wave,UNKNOWN,UNKNOWN,0.28,1,55.698
4319,85.2875,,0,5.0,0.55,5,3,0,4.9862,1.0,wave,UNKNOWN,UNKNOWN,0.28,0,56.69
4320,85.3025,,0,5.0,0.55,5,3,0,4.9433,1.0,wave,UNKNOWN,UNKNOWN,0.28,0,56.032
4321,85.3223,,0,5.0,0.55,5,3,0,4.9631,1.0,wave,UNKNOWN,UNKNOWN,0.28,0,56.368
4322,85.3393,,0,5.0,0.55,5,3,0,4.9801,1.0,wave,UNKNOWN,UNKNOWN,0.28,0,56.728
4323,85.356,,0,5.0,0.55,5,3,0,4.9968,1.0,wave,UNKNOWN,UNKNOWN,0.28,0,57.312
4324,85.3719,,0,5.0,0.55,5,3,0,4.9987,1.0,wave,UNKNOWN,UNKNOWN,0.28,0,57.688
4325,85.3883,,0,5.0,0.55,5,3,0,4.9865,1.0,wave,UNKNOWN,UNKNOWN,0.28,0,57.853
4326,85.4052,,0,5.0,0.55,5,3,0,4.9889,1.0,wave,UNKNOWN,UNKNOWN,0.28,0,59.394
4327,85.419,,0,5.0,0.55,5,3,0,4.9865,1.0,wave,UNKNOWN,UNKNOWN,0.28,0,60.323
4328,85.4338,,0,5.0,0.55,5,3,0,4.9854,1.0,wave,UNKNOWN,UNKNOWN,0.28,0,60.815
4329,85.4495,,0,5.0,0.55,5,3,0,4.9842,1.0,wave,UNKNOWN,UNKNOWN,0.28,0,60.42
4330,85.4669,,0,5.0,0.55,5,3,0,4.9856,1.0,wave,UNKNOWN,UNKNOWN,0.28,0,60.716
4331,85.4824,,0,5.0,0.55,5,3,0,4.985,1.0,wave,UNKNOWN,UNKNOWN,0.2667,1,56.404
4332,85.5391,,0,5.0,0.55,5,3,0,4.9908,1.0,wave,UNKNOWN,UNKNOWN,0.2667,0,57.766
4333,85.5534,,0,5.0,0.55,5,3,0,4.989,1.0,wave,UNKNOWN,UNKNOWN,0.2667,0,58.83
4334,85.5686,,0,5.0,0.55,5,3,0,4.9494,1.0,wave,UNKNOWN,UNKNOWN,0.2667,0,58.395
4335,85.5864,,0,5.0,0.55,5,3,0,4.9672,1.0,wave,UNKNOWN,UNKNOWN,0.2667,0,59.373
4336,85.6013,,0,5.0,0.55,5,3,0,4.9822,1.0,wave,UNKNOWN,UNKNOWN,0.2667,0,60.169
4337,85.6157,,0,5.0,0.55,5,3,0,4.9965,1.0,wave,UNKNOWN,UNKNOWN,0.2667,0,61.093
4338,85.6303,,0,5.0,0.55,5,3,0,4.9965,1.0,wave,UNKNOWN,UNKNOWN,0.2667,0,61.787
4339,85.6449,,0,5.0,0.55,5,3,0,4.9973,1.0,wave,UNKNOWN,UNKNOWN,0.2667,0,62.218
4340,85.6598,,0,5.0,0.55,5,3,0,4.9982,1.0,wave,UNKNOWN,UNKNOWN,0.2667,0,62.148
4341,85.6761,,0,5.0,0.55,5,3,0,4.9984,1.0,wave,UNKNOWN,UNKNOWN,0.2667,0,62.448
4342,85.6916,,0,5.0,0.55,5,3,0,4.9994,1.0,wave,UNKNOWN,UNKNOWN,0.2667,0,62.524
4343,85.7072,,0,5.0,0.55,5,3,0,4.9992,1.0,wave,UNKNOWN,UNKNOWN,0.2667,0,63.093
4344,85.7219,,0,5.0,0.55,5,3,0,4.9971,1.0,wave,UNKNOWN,UNKNOWN,0.2667,0,64.115
4345,85.7366,,0,5.0,0.55,5,3,0,4.9961,1.0,wave,UNKNOWN,UNKNOWN,0.2633,1,59.293
4346,85.7989,,0,5.0,0.55,5,3,0,4.9959,1.0,wave,UNKNOWN,UNKNOWN,0.2633,0,60.045
4347,85.8138,,0,5.0,0.55,5,3,0,4.9884,1.0,wave,UNKNOWN,UNKNOWN,0.2633,0,61.396
4348,85.8278,,0,5.0,0.55,5,3,0,4.9483,1.0,wave,UNKNOWN,UNKNOWN,0.2633,0,61.653
4349,85.843,,0,5.0,0.55,5,3,0,4.9634,1.0,wave,UNKNOWN,UNKNOWN,0.2633,0,62.217
4350,85.8577,,0,5.0,0.55,5,3,0,4.9782,1.0,wave,UNKNOWN,UNKNOWN,0.2633,0,62.278
4351,85.8739,,0,5.0,0.55,5,3,0,4.9944,1.0,wave,UNKNOWN,UNKNOWN,0.2633,0,62.58
4352,85.8887,,0,5.0,0.55,5,3,0,4.9937,1.0,wave,UNKNOWN,UNKNOWN,0.2633,0,62.123
4353,85.9059,,0,5.0,0.55,5,3,0,4.9957,1.0,wave,UNKNOWN,UNKNOWN,0.2633,0,61.843
4354,85.9229,,0,5.0,0.55,5,3,0,4.9902,1.0,wave,UNKNOWN,UNKNOWN,0.2633,0,62.035
4355,85.9385,,0,5.0,0.55,5,3,0,4.9897,1.0,wave,UNKNOWN,UNKNOWN,0.2633,0,62.125
4356,85.9546,,0,5.0,0.55,5,3,0,4.989,1.0,wave,UNKNOWN,UNKNOWN,0.2633,0,62.091
4357,85.9705,,0,5.0,0.55,5,3,0,4.9889,1.0,wave,UNKNOWN,UNKNOWN,0.2633,0,61.811
4358,85.9875,,0,5.0,0.55,5,3,0,4.987,1.0,wave,UNKNOWN,UNKNOWN,0.2733,1,57.478
4359,86.0422,,0,5.0,0.55,5,3,0,4.9915,1.0,wave,UNKNOWN,UNKNOWN,0.2733,0,58.462
4360,86.0566,,0,5.0,0.55,5,3,0,4.9885,1.0,wave,UNKNOWN,UNKNOWN,0.2733,0,59.919
4361,86.0704,,0,5.0,0.55,5,3,0,4.9867,1.0,wave,UNKNOWN,UNKNOWN,0.2733,0,60.834
4362,86.0848,,0,5.0,0.55,5,3,0,4.9452,1.0,wave,UNKNOWN,UNKNOWN,0.2733,0,61.142
4363,86.1006,,0,5.0,0.55,5,3,0,4.961,1.0,wave,UNKNOWN,UNKNOWN,0.2733,0,61.538
4364,86.1156,,0,5.0,0.55,5,3,0,4.976,1.0,wave,UNKNOWN,UNKNOWN,0.2733,0,61.753
4365,86.1313,,0,5.0,0.55,5,3,0,4.9917,1.0,wave,UNKNOWN,UNKNOWN,0.2733,0,62.024
4366,86.1469,,0,5.0,0.55,5,3,0,4.9933,1.0,wave,UNKNOWN,UNKNOWN,0.2733,0,62.235
4367,86.1629,,0,5.0,0.55,5,3,0,4.9953,1.0,wave,UNKNOWN,UNKNOWN,0.2733,0,62.292
4368,86.1786,,0,5.0,0.55,5,3,0,4.996,1.0,wave,UNKNOWN,UNKNOWN,0.2733,0,63.164
4369,86.1926,,0,5.0,0.55,5,3,0,4.9953,1.0,wave,UNKNOWN,UNKNOWN,0.2733,0,63.844
4370,86.2068,,0,5.0,0.55,5,3,0,4.9953,1.0,wave,UNKNOWN,UNKNOWN,0.2733,0,64.962
4371,86.2205,,0,5.0,0.55,5,3,0,4.9919,1.0,wave,UNKNOWN,UNKNOWN,0.2733,0,65.168
4372,86.2351,,0,5.0,0.55,5,3,0,4.9899,1.0,wave,UNKNOWN,UNKNOWN,0.2733,0,65.097
4373,86.2509,,0,5.0,0.55,5,3,0,4.9905,1.0,wave,UNKNOWN,UNKNOWN,0.2767,1,60.401
4374,86.3058,,0,5.0,0.55,5,3,0,4.9875,1.0,wave,UNKNOWN,UNKNOWN,0.2767,0,60.088
4375,86.3231,,0,5.0,0.55,5,3,0,4.9909,1.0,wave,UNKNOWN,UNKNOWN,0.2767,0,61.099
4376,86.3379,,0,5.0,0.55,5,3,0,4.9896,1.0,wave,UNKNOWN,UNKNOWN,0.2767,0,61.816
4377,86.3523,,0,5.0,0.55,5,3,0,4.951,1.0,wave,UNKNOWN,UNKNOWN,0.2767,0,62.249
4378,86.3676,,0,5.0,0.55,5,3,0,4.9663,1.0,wave,UNKNOWN,UNKNOWN,0.2767,0,62.134
4379,86.3837,,0,5.0,0.55,5,3,0,4.9824,1.0,wave,UNKNOWN,UNKNOWN,0.2767,0,60.011
4380,86.4082,,0,5.0,0.55,5,3,0,4.9927,1.0,wave,UNKNOWN,UNKNOWN,0.2767,0,60.007
4381,86.4247,,0,5.0,0.55,5,3,0,4.9945,1.0,wave,UNKNOWN,UNKNOWN,0.2767,0,61.129
4382,86.4388,,0,5.0,0.55,5,3,0,4.9911,1.0,wave,UNKNOWN,UNKNOWN,0.2767,0,61.641
4383,86.4541,,0,5.0,0.55,5,3,0,4.9921,1.0,wave,UNKNOWN,UNKNOWN,0.2767,0,62.3
4384,86.4688,,0,5.0,0.55,5,3,0,4.9932,1.0,wave,UNKNOWN,UNKNOWN,0.2767,0,61.533
4385,86.487,,0,5.0,0.55,5,3,0,4.9968,1.0,wave,UNKNOWN,UNKNOWN,0.2767,0,62.171
4386,86.5021,,0,5.0,0.55,5,3,0,4.9953,1.0,wave,UNKNOWN,UNKNOWN,0.2767,1,57.849
4387,86.5545,,0,5.0,0.55,5,3,0,4.9993,1.0,wave,UNKNOWN,UNKNOWN,0.2767,0,57.369
4388,86.5732,,0,5.0,0.55,5,3,0,4.9827,1.0,wave,UNKNOWN,UNKNOWN,0.2767,0,56.18
4389,86.5952,,0,5.0,0.55,5,3,0,4.9878,1.0,wave,UNKNOWN,UNKNOWN,0.2767,0,57.229
4390,86.6101,,0,5.0,0.55,5,3,0,4.9493,1.0,wave,UNKNOWN,UNKNOWN,0.2767,0,56.421
4391,86.6306,,0,5.0,0.55,5,3,0,4.9697,1.0,wave,UNKNOWN,UNKNOWN,0.2767,0,56.603
4392,86.6476,,0,5.0,0.55,5,3,0,4.9867,1.0,wave,UNKNOWN,UNKNOWN,0.2767,0,58.287
4393,86.6613,,0,5.0,0.55,5,3,0,4.9859,1.0,wave,UNKNOWN,UNKNOWN,0.2767,0,58.524
4394,86.6782,,0,5.0,0.55,5,3,0,4.9887,1.0,wave,UNKNOWN,UNKNOWN,0.2767,0,56.671
4395,86.7026,,0,5.0,0.55,5,3,0,4.9913,1.0,wave,UNKNOWN,UNKNOWN,0.2767,0,57.055
4396,86.7192,,0,5.0,0.55,5,3,0,4.9894,1.0,wave,UNKNOWN,UNKNOWN,0.2767,0,57.836
4397,86.7346,,0,5.0,0.55,5,3,0,4.9855,1.0,wave,UNKNOWN,UNKNOWN,0.2767,0,58.367
4398,86.7504,,0,5.0,0.55,5,3,0,4.9848,1.0,wave,UNKNOWN,UNKNOWN,0.2767,0,58.535
4399,86.7673,,0,5.0,0.55,5,3,0,4.9844,1.0,wave,UNKNOWN,UNKNOWN,0.27,1,54.657
4400,86.8181,,0,5.0,0.55,5,3,0,4.9871,1.0,wave,UNKNOWN,UNKNOWN,0.27,0,54.648
4401,86.836,,0,5.0,0.55,5,3,0,4.9863,1.0,wave,UNKNOWN,UNKNOWN,0.27,0,55.278
4402,86.8527,,0,5.0,0.55,5,3,0,4.9868,1.0,wave,UNKNOWN,UNKNOWN,0.27,0,55.76
4403,86.8691,,0,5.0,0.55,5,3,0,4.9502,1.0,wave,UNKNOWN,UNKNOWN,0.27,0,55.78
4404,86.8869,,0,5.0,0.55,5,3,0,4.968,1.0,wave,UNKNOWN,UNKNOWN,0.27,0,56.18
4405,86.9037,,0,5.0,0.55,5,3,0,4.9848,1.0,wave,UNKNOWN,UNKNOWN,0.27,0,56.501
4406,86.9207,,0,5.0,0.55,5,3,0,4.9874,1.0,wave,UNKNOWN,UNKNOWN,0.27,0,57.092
4407,86.9365,,0,5.0,0.55,5,3,0,4.9886,1.0,wave,UNKNOWN,UNKNOWN,0.27,0,57.432
4408,86.9531,,0,5.0,0.55,5,3,0,4.9882,1.0,wave,UNKNOWN,UNKNOWN,0.27,0,57.748
4409,86.9696,,0,5.0,0.55,5,3,0,4.9902,1.0,wave,UNKNOWN,UNKNOWN,0.27,0,57.598
4410,86.9873,,0,5.0,0.55,5,3,0,4.9944,1.0,wave,UNKNOWN,UNKNOWN,0.27,0,58.066
4411,87.0034,,0,5.0,0.55,5,3,0,4.9959,1.0,wave,UNKNOWN,UNKNOWN,0.27,0,58.476
4412,87.0194,,0,5.0,0.55,5,3,0,4.9965,1.0,wave,UNKNOWN,UNKNOWN,0.27,1,54.528
4413,87.0726,,0,5.0,0.55,5,3,0,4.9839,1.0,wave,UNKNOWN,UNKNOWN,0.27,0,55.69
4414,87.0874,,0,5.0,0.55,5,3,0,4.9987,1.0,wave,UNKNOWN,UNKNOWN,0.27,0,56.53
4415,87.1032,,0,5.0,0.55,5,3,0,4.9989,1.0,wave,UNKNOWN,UNKNOWN,0.27,0,57.343
4416,87.1187,,0,5.0,0.55,5,3,0,4.9979,1.0,wave,UNKNOWN,UNKNOWN,0.27,0,58.162
4417,87.1343,,0,5.0,0.55,5,3,0,4.9588,1.0,wave,UNKNOWN,UNKNOWN,0.27,0,58.744
4418,87.1495,,0,5.0,0.55,5,3,0,4.9741,1.0,wave,UNKNOWN,UNKNOWN,0.27,0,58.635
4419,87.1667,,0,5.0,0.55,5,3,0,4.9913,1.0,wave,UNKNOWN,UNKNOWN,0.27,0,57.049
4420,87.1899,,0,5.0,0.55,5,3,0,4.9872,1.0,wave,UNKNOWN,UNKNOWN,0.27,0,57.189
4421,87.207,,0,5.0,0.55,5,3,0,4.9883,1.0,wave,UNKNOWN,UNKNOWN,0.27,0,57.447
4422,87.2238,,0,5.0,0.55,5,3,0,4.9906,1.0,wave,UNKNOWN,UNKNOWN,0.27,0,56.303
4423,87.2456,,0,5.0,0.55,5,3,0,4.9973,1.0,wave,UNKNOWN,UNKNOWN,0.27,0,57.305
4424,87.2607,,0,5.0,0.55,5,3,0,4.9969,1.0,wave,UNKNOWN,UNKNOWN,0.27,0,56.25
4425,87.282,,0,5.0,0.55,5,3,0,4.9857,1.0,wave,UNKNOWN,UNKNOWN,0.2833,1,52.495
4426,87.3355,,0,5.0,0.55,5,3,0,4.9969,1.0,wave,UNKNOWN,UNKNOWN,0.2833,0,54.015
4427,87.3503,,0,5.0,0.55,5,3,0,4.9964,1.0,wave,UNKNOWN,UNKNOWN,0.2833,0,54.925
4428,87.3665,,0,5.0,0.55,5,3,0,4.9975,1.0,wave,UNKNOWN,UNKNOWN,0.2833,0,56.109
4429,87.3818,,0,5.0,0.55,5,3,0,4.9968,1.0,wave,UNKNOWN,UNKNOWN,0.2833,0,55.568
4430,87.4009,,0,5.0,0.55,5,3,0,4.9596,1.0,wave,UNKNOWN,UNKNOWN,0.2833,0,57.496
4431,87.4147,,0,5.0,0.55,5,3,0,4.9734,1.0,wave,UNKNOWN,UNKNOWN,0.2833,0,58.802
4432,87.4286,,0,5.0,0.55,5,3,0,4.9874,1.0,wave,UNKNOWN,UNKNOWN,0.2833,0,58.447
4433,87.4472,,0,5.0,0.55,5,3,0,4.9915,1.0,wave,UNKNOWN,UNKNOWN,0.2833,0,59.392
4434,87.4614,,0,5.0,0.55,5,3,0,4.9921,1.0,wave,UNKNOWN,UNKNOWN,0.2833,0,60.161
4435,87.476,,0,5.0,0.55,5,3,0,4.9915,1.0,wave,UNKNOWN,UNKNOWN,0.2833,0,60.609
4436,87.4916,,0,5.0,0.55,5,3,0,4.992,1.0,wave,UNKNOWN,UNKNOWN,0.2833,0,60.948
4437,87.5071,,0,5.0,0.55,5,3,0,4.9923,1.0,wave,UNKNOWN,UNKNOWN,0.2833,0,61.238
4438,87.5228,,0,5.0,0.55,5,3,0,4.9914,1.0,wave,UNKNOWN,UNKNOWN,0.2833,0,62.178
4439,87.5367,,0,5.0,0.55,5,3,0,4.9877,1.0,wave,UNKNOWN,UNKNOWN,0.2867,1,57.73
4440,87.5936,,0,5.0,0.55,5,3,0,4.9839,1.0,wave,UNKNOWN,UNKNOWN,0.2867,0,56.711
4441,87.6149,,0,5.0,0.55,5,3,0,4.9867,1.0,wave,UNKNOWN,UNKNOWN,0.2867,0,57.27
4442,87.631,,0,5.0,0.55,5,3,0,4.9868,1.0,wave,UNKNOWN,UNKNOWN,0.2867,0,57.731
4443,87.6471,,0,5.0,0.55,5,3,0,4.9489,1.0,wave,UNKNOWN,UNKNOWN,0.2867,0,58.108
4444,87.663,,0,5.0,0.55,5,3,0,4.9648,1.0,wave,UNKNOWN,UNKNOWN,0.2867,0,58.78
4445,87.6784,,0,5.0,0.55,5,3,0,4.9803,1.0,wave,UNKNOWN,UNKNOWN,0.2867,0,59.058
4446,87.695,,0,5.0,0.55,5,3,0,4.9968,1.0,wave,UNKNOWN,UNKNOWN,0.2867,0,58.575
4447,87.7135,,0,5.0,0.55,5,3,0,4.9979,1.0,wave,UNKNOWN,UNKNOWN,0.2867,0,58.826
4448,87.7295,,0,5.0,0.55,5,3,0,4.9993,1.0,wave,UNKNOWN,UNKNOWN,0.2867,0,58.834
4449,87.7466,,0,5.0,0.55,5,3,0,4.9886,1.0,wave,UNKNOWN,UNKNOWN,0.2867,0,58.964
4450,87.7632,,0,5.0,0.55,5,3,0,4.983,1.0,wave,UNKNOWN,UNKNOWN,0.2867,0,59.101
4451,87.7799,,0,5.0,0.55,5,3,0,4.9997,1.0,wave,UNKNOWN,UNKNOWN,0.2867,0,59.403
4452,87.7959,,0,5.0,0.55,5,3,0,4.9865,1.0,wave,UNKNOWN,UNKNOWN,0.2867,1,55.27
4453,87.8517,,0,5.0,0.55,5,3,0,4.9969,1.0,wave,UNKNOWN,UNKNOWN,0.2867,0,56.028
4454,87.8678,,0,5.0,0.55,5,3,0,4.9981,1.0,wave,UNKNOWN,UNKNOWN,0.2867,0,56.902
4455,87.883,,0,5.0,0.55,5,3,0,4.9961,1.0,wave,UNKNOWN,UNKNOWN,0.2867,0,58.145
4456,87.8979,,0,5.0,0.55,5,3,0,4.9952,1.0,wave,UNKNOWN,UNKNOWN,0.2867,0,57.636
4457,87.9166,,0,5.0,0.55,5,3,0,4.9598,1.0,wave,UNKNOWN,UNKNOWN,0.2867,0,58.275
4458,87.932,,0,5.0,0.55,5,3,0,4.9752,1.0,wave,UNKNOWN,UNKNOWN,0.2867,0,58.967
4459,87.9474,,0,5.0,0.55,5,3,0,4.9905,1.0,wave,UNKNOWN,UNKNOWN,0.2867,0,59.437
4460,87.9627,,0,5.0,0.55,5,3,0,4.992,1.0,wave,UNKNOWN,UNKNOWN,0.2867,0,60.352
4461,87.9772,,0,5.0,0.55,5,3,0,4.9906,1.0,wave,UNKNOWN,UNKNOWN,0.2867,0,60.889
4462,87.9922,,0,5.0,0.55,5,3,0,4.9832,1.0,wave,UNKNOWN,UNKNOWN,0.2867,0,60.983
4463,88.0084,,0,5.0,0.55,5,3,0,4.9993,1.0,wave,UNKNOWN,UNKNOWN,0.2867,0,60.417
4464,88.0264,,0,5.0,0.55,5,3,0,4.9881,1.0,wave,UNKNOWN,UNKNOWN,0.2867,0,60.547
4465,88.0427,,0,5.0,0.55,5,3,0,4.99,1.0,wave,UNKNOWN,UNKNOWN,0.2867,0,60.8
4466,88.0585,,0,5.0,0.55,5,3,0,4.9916,1.0,wave,UNKNOWN,UNKNOWN,0.2633,1,56.297
4467,88.1223,,0,5.0,0.55,5,3,0,4.9935,1.0,wave,UNKNOWN,UNKNOWN,0.2633,0,57.077
4468,88.1378,,0,5.0,0.55,5,3,0,4.9936,1.0,wave,UNKNOWN,UNKNOWN,0.2633,0,57.905
4469,88.1535,,0,5.0,0.55,5,3,0,4.9938,1.0,wave,UNKNOWN,UNKNOWN,0.2633,0,56.378
4470,88.1765,,0,5.0,0.55,5,3,0,4.9632,1.0,wave,UNKNOWN,UNKNOWN,0.2633,0,56.609
4471,88.1935,,0,5.0,0.55,5,3,0,4.9802,1.0,wave,UNKNOWN,UNKNOWN,0.2633,0,56.115
4472,88.2138,,0,5.0,0.55,5,3,0,4.9829,1.0,wave,UNKNOWN,UNKNOWN,0.2633,0,56.7
4473,88.2288,,0,5.0,0.55,5,3,0,4.9979,1.0,wave,UNKNOWN,UNKNOWN,0.2633,0,57.154
4474,88.2452,,0,5.0,0.55,5,3,0,4.9962,1.0,wave,UNKNOWN,UNKNOWN,0.2633,0,57.816
4475,88.2609,,0,5.0,0.55,5,3,0,4.9955,1.0,wave,UNKNOWN,UNKNOWN,0.2633,0,58.623
4476,88.2759,,0,5.0,0.55,5,3,0,4.994,1.0,wave,UNKNOWN,UNKNOWN,0.2633,0,59.338
4477,88.2913,,0,5.0,0.55,5,3,0,4.9921,1.0,wave,UNKNOWN,UNKNOWN,0.2633,0,58.849
4478,88.3096,,0,5.0,0.55,5,3,0,4.9934,1.0,wave,UNKNOWN,UNKNOWN,0.2667,1,54.867
4479,88.3624,,0,5.0,0.55,5,3,0,4.9965,1.0,wave,UNKNOWN,UNKNOWN,0.2667,0,56.709
4480,88.3763,,0,5.0,0.55,5,3,0,4.9929,1.0,wave,UNKNOWN,UNKNOWN,0.2667,0,55.207
4481,88.3997,,0,5.0,0.55,5,3,0,4.9993,1.0,wave,UNKNOWN,UNKNOWN,0.2667,0,56.105
4482,88.4154,,0,5.0,0.55,5,3,0,4.9962,1.0,wave,UNKNOWN,UNKNOWN,0.2667,0,56.963
4483,88.4309,,0,5.0,0.55,5,3,0,4.9557,1.0,wave,UNKNOWN,UNKNOWN,0.2667,0,56.902
4484,88.4487,,0,5.0,0.55,5,3,0,4.9735,1.0,wave,UNKNOWN,UNKNOWN,0.2667,0,56.796
4485,88.4664,,0,5.0,0.55,5,3,0,4.9912,1.0,wave,UNKNOWN,UNKNOWN,0.2667,0,57.065
4486,88.4832,,0,5.0,0.55,5,3,0,4.993,1.0,wave,UNKNOWN,UNKNOWN,0.2667,0,57.554
4487,88.4994,,0,5.0,0.55,5,3,0,4.9921,1.0,wave,UNKNOWN,UNKNOWN,0.2667,0,58.159
4488,88.5155,,0,5.0,0.55,5,3,0,4.9945,1.0,wave,UNKNOWN,UNKNOWN,0.2667,0,58.051
4489,88.5326,,0,5.0,0.55,5,3,0,4.9974,1.0,wave,UNKNOWN,UNKNOWN,0.2667,0,58.054
4490,88.5498,,0,5.0,0.55,5,3,0,4.9958,1.0,wave,UNKNOWN,UNKNOWN,0.2667,0,58.152
4491,88.5668,,0,5.0,0.55,5,3,0,4.9979,1.0,wave,UNKNOWN,UNKNOWN,0.26,1,53.952
4492,88.6292,,0,5.0,0.55,5,3,0,4.9842,1.0,wave,UNKNOWN,UNKNOWN,0.26,0,55.482
4493,88.6434,,0,5.0,0.55,5,3,0,4.9984,1.0,wave,UNKNOWN,UNKNOWN,0.26,0,56.965
4494,88.6578,,0,5.0,0.55,5,3,0,4.9965,1.0,wave,UNKNOWN,UNKNOWN,0.26,0,58.151
4495,88.6721,,0,5.0,0.55,5,3,0,4.9933,1.0,wave,UNKNOWN,UNKNOWN,0.26,0,58.978
4496,88.687,,0,5.0,0.55,5,3,0,4.9545,1.0,wave,UNKNOWN,UNKNOWN,0.26,0,58.699
4497,88.705,,0,5.0,0.55,5,3,0,4.9725,1.0,wave,UNKNOWN,UNKNOWN,0.26,0,59.048
4498,88.7213,,0,5.0,0.55,5,3,0,4.9888,1.0,wave,UNKNOWN,UNKNOWN,0.26,0,59.598
4499,88.7363,,0,5.0,0.55,5,3,0,4.9862,1.0,wave,UNKNOWN,UNKNOWN,0.26,0,59.902
4500,88.7524,,0,5.0,0.55,5,3,0,4.9875,1.0,wave,UNKNOWN,UNKNOWN,0.26,0,60.118
4501,88.7683,,0,5.0,0.55,5,3,0,4.9889,1.0,wave,UNKNOWN,UNKNOWN,0.26,0,59.749
4502,88.7861,,0,5.0,0.55,5,3,0,4.988,1.0,wave,UNKNOWN,UNKNOWN,0.26,0,60.279
4503,88.8015,,0,5.0,0.55,5,3,0,4.9875,1.0,wave,UNKNOWN,UNKNOWN,0.26,0,60.38
4504,88.8179,,0,5.0,0.55,5,3,0,4.9883,1.0,wave,UNKNOWN,UNKNOWN,0.27,1,56.053
4505,88.8768,,0,5.0,0.55,5,3,0,4.9957,1.0,wave,UNKNOWN,UNKNOWN,0.27,0,57.305
4506,88.8914,,0,5.0,0.55,5,3,0,4.9956,1.0,wave,UNKNOWN,UNKNOWN,0.27,0,58.654
4507,88.9054,,0,5.0,0.55,5,3,0,4.9953,1.0,wave,UNKNOWN,UNKNOWN,0.27,0,59.163
4508,88.9207,,0,5.0,0.55,5,3,0,4.9946,1.0,wave,UNKNOWN,UNKNOWN,0.27,0,59.223
4509,88.9375,,0,5.0,0.55,5,3,0,4.9946,1.0,wave,UNKNOWN,UNKNOWN,0.27,0,57.29
4510,88.9625,,0,5.0,0.55,5,3,0,4.9649,1.0,wave,UNKNOWN,UNKNOWN,0.27,0,57.559
4511,88.979,,0,5.0,0.55,5,3,0,4.9814,1.0,wave,UNKNOWN,UNKNOWN,0.27,0,57.54
4512,88.9966,,0,5.0,0.55,5,3,0,4.999,1.0,wave,UNKNOWN,UNKNOWN,0.27,0,58.2
4513,89.0121,,0,5.0,0.55,5,3,0,4.9992,1.0,wave,UNKNOWN,UNKNOWN,0.27,0,58.179
4514,89.0294,,0,5.0,0.55,5,3,0,4.9967,1.0,wave,UNKNOWN,UNKNOWN,0.27,0,58.395
4515,89.046,,0,5.0,0.55,5,3,0,4.9961,1.0,wave,UNKNOWN,UNKNOWN,0.27,0,58.756
4516,89.0621,,0,5.0,0.55,5,3,0,4.9897,1.0,wave,UNKNOWN,UNKNOWN,0.27,0,59.045
4517,89.0784,,0,5.0,0.55,5,3,0,4.9908,1.0,wave,UNKNOWN,UNKNOWN,0.2533,1,54.99
4518,89.1327,,0,5.0,0.55,5,3,0,4.998,1.0,wave,UNKNOWN,UNKNOWN,0.2533,0,55.967
4519,89.1481,,0,5.0,0.55,5,3,0,4.9969,1.0,wave,UNKNOWN,UNKNOWN,0.2533,0,56.219
4520,89.1658,,0,5.0,0.55,5,3,0,4.9952,1.0,wave,UNKNOWN,UNKNOWN,0.2533,0,57.117
4521,89.1805,,0,5.0,0.55,5,3,0,4.9931,1.0,wave,UNKNOWN,UNKNOWN,0.2533,0,58.301
4522,89.1955,,0,5.0,0.55,5,3,0,4.9926,1.0,wave,UNKNOWN,UNKNOWN,0.2533,0,59.018
4523,89.21,,0,5.0,0.55,5,3,0,4.9439,1.0,wave,UNKNOWN,UNKNOWN,0.2533,0,59.233
4524,89.2264,,0,5.0,0.55,5,3,0,4.9603,1.0,wave,UNKNOWN,UNKNOWN,0.2533,0,59.972
4525,89.2417,,0,5.0,0.55,5,3,0,4.9756,1.0,wave,UNKNOWN,UNKNOWN,0.2533,0,60.514
4526,89.2568,,0,5.0,0.55,5,3,0,4.9907,1.0,wave,UNKNOWN,UNKNOWN,0.2533,0,60.59
4527,89.273,,0,5.0,0.55,5,3,0,4.9892,1.0,wave,UNKNOWN,UNKNOWN,0.2533,0,60.733
4528,89.2891,,0,5.0,0.55,5,3,0,4.9875,1.0,wave,UNKNOWN,UNKNOWN,0.2533,0,60.482
4529,89.3063,,0,5.0,0.55,5,3,0,4.9879,1.0,wave,UNKNOWN,UNKNOWN,0.2533,0,60.235
4530,89.3235,,0,5.0,0.55,5,3,0,4.9885,1.0,wave,UNKNOWN,UNKNOWN,0.2533,0,60.441
4531,89.3395,,0,5.0,0.55,5,3,0,4.9882,1.0,wave,UNKNOWN,UNKNOWN,0.2433,1,56.205
4532,89.3953,,0,5.0,0.55,5,3,0,4.9943,1.0,wave,UNKNOWN,UNKNOWN,0.2433,0,57.183
4533,89.41,,0,5.0,0.55,5,3,0,4.9945,1.0,wave,UNKNOWN,UNKNOWN,0.2433,0,57.997
4534,89.4259,,0,5.0,0.55,5,3,0,4.9956,1.0,wave,UNKNOWN,UNKNOWN,0.2433,0,58.91
4535,89.4408,,0,5.0,0.55,5,3,0,4.9965,1.0,wave,UNKNOWN,UNKNOWN,0.2433,0,59.335
4536,89.4561,,0,5.0,0.55,5,3,0,4.9933,1.0,wave,UNKNOWN,UNKNOWN,0.2433,0,60.472
4537,89.4703,,0,5.0,0.55,5,3,0,4.951,1.0,wave,UNKNOWN,UNKNOWN,0.2433,0,60.468
4538,89.487,,0,5.0,0.55,5,3,0,4.9677,1.0,wave,UNKNOWN,UNKNOWN,0.2433,0,60.0
4539,89.5048,,0,5.0,0.55,5,3,0,4.9855,1.0,wave,UNKNOWN,UNKNOWN,0.2433,0,60.538
4540,89.5201,,0,5.0,0.55,5,3,0,4.986,1.0,wave,UNKNOWN,UNKNOWN,0.2433,0,61.079
4541,89.5352,,0,5.0,0.55,5,3,0,4.9867,1.0,wave,UNKNOWN,UNKNOWN,0.2433,0,61.288
4542,89.5511,,0,5.0,0.55,5,3,0,4.9856,1.0,wave,UNKNOWN,UNKNOWN,0.2433,0,61.477
4543,89.5669,,0,5.0,0.55,5,3,0,4.9871,1.0,wave,UNKNOWN,UNKNOWN,0.2433,0,61.324
4544,89.5834,,0,5.0,0.55,5,3,0,4.9899,1.0,wave,UNKNOWN,UNKNOWN,0.2433,0,61.223
4545,89.5999,,0,5.0,0.55,5,3,0,4.9905,1.0,wave,UNKNOWN,UNKNOWN,0.2633,1,56.916
4546,89.6554,,0,5.0,0.55,5,3,0,4.9981,1.0,wave,UNKNOWN,UNKNOWN,0.2633,0,58.465
4547,89.6694,,0,5.0,0.55,5,3,0,4.9966,1.0,wave,UNKNOWN,UNKNOWN,0.2633,0,59.124
4548,89.6848,,0,5.0,0.55,5,3,0,4.9966,1.0,wave,UNKNOWN,UNKNOWN,0.2633,0,60.259
4549,89.6989,,0,5.0,0.55,5,3,0,4.9964,1.0,wave,UNKNOWN,UNKNOWN,0.2633,0,60.967
4550,89.7137,,0,5.0,0.55,5,3,0,4.9967,1.0,wave,UNKNOWN,UNKNOWN,0.2633,0,61.394
4551,89.7286,,0,5.0,0.55,5,3,0,4.9489,1.0,wave,UNKNOWN,UNKNOWN,0.2633,0,61.56
4552,89.7447,,0,5.0,0.55,5,3,0,4.965,1.0,wave,UNKNOWN,UNKNOWN,0.2633,0,61.902
4553,89.7599,,0,5.0,0.55,5,3,0,4.9802,1.0,wave,UNKNOWN,UNKNOWN,0.2633,0,62.083
4554,89.7755,,0,5.0,0.55,5,3,0,4.9959,1.0,wave,UNKNOWN,UNKNOWN,0.2633,0,62.153
4555,89.7916,,0,5.0,0.55,5,3,0,4.9932,1.0,wave,UNKNOWN,UNKNOWN,0.2633,0,62.915
4556,89.806,,0,5.0,0.55,5,3,0,4.9899,1.0,wave,UNKNOWN,UNKNOWN,0.2633,0,63.476
4557,89.8205,,0,5.0,0.55,5,3,0,4.9869,1.0,wave,UNKNOWN,UNKNOWN,0.2633,0,63.851
4558,89.836,,0,5.0,0.55,5,3,0,4.985,1.0,wave,UNKNOWN,UNKNOWN,0.2633,0,64.594
4559,89.8497,,0,5.0,0.55,5,3,0,4.9987,1.0,wave,UNKNOWN,UNKNOWN,0.2633,0,64.129
4560,89.8665,,0,5.0,0.55,5,3,0,4.9984,1.0,wave,UNKNOWN,UNKNOWN,0.27,1,59.538
4561,89.9213,,0,5.0,0.55,5,3,0,4.9889,1.0,wave,UNKNOWN,UNKNOWN,0.27,0,59.103
4562,89.939,,0,5.0,0.55,5,3,0,4.9895,1.0,wave,UNKNOWN,UNKNOWN,0.27,0,59.479
4563,89.9551,,0,5.0,0.55,5,3,0,4.9862,1.0,wave,UNKNOWN,UNKNOWN,0.27,0,59.177
4564,89.9728,,0,5.0,0.55,5,3,0,4.9411,1.0,wave,UNKNOWN,UNKNOWN,0.27,0,57.687
4565,89.9953,,0,5.0,0.55,5,3,0,4.9636,1.0,wave,UNKNOWN,UNKNOWN,0.27,0,58.49
4566,90.0105,,0,5.0,0.55,5,3,0,4.9788,1.0,wave,UNKNOWN,UNKNOWN,0.27,0,58.828
4567,90.0266,,0,5.0,0.55,5,3,0,4.9949,1.0,wave,UNKNOWN,UNKNOWN,0.27,0,59.194
4568,90.0428,,0,5.0,0.55,5,3,0,4.9956,1.0,wave,UNKNOWN,UNKNOWN,0.27,0,59.495
4569,90.0587,,0,5.0,0.55,5,3,0,4.9955,1.0,wave,UNKNOWN,UNKNOWN,0.27,0,59.935
4570,90.0744,,0,5.0,0.55,5,3,0,4.9974,1.0,wave,UNKNOWN,UNKNOWN,0.27,0,60.209
4571,90.0903,,0,5.0,0.55,5,3,0,4.9987,1.0,wave,UNKNOWN,UNKNOWN,0.27,0,60.167
4572,90.1069,,0,5.0,0.55,5,3,0,4.9983,1.0,wave,UNKNOWN,UNKNOWN,0.27,0,60.449
4573,90.1229,,0,5.0,0.55,5,3,0,4.9986,1.0,wave,UNKNOWN,UNKNOWN,0.27,1,56.137
4574,90.1811,,0,5.0,0.55,5,3,0,4.9904,1.0,wave,UNKNOWN,UNKNOWN,0.27,0,57.242
4575,90.1959,,0,5.0,0.55,5,3,0,4.9872,1.0,wave,UNKNOWN,UNKNOWN,0.27,0,58.855
4576,90.2093,,0,5.0,0.55,5,3,0,4.9849,1.0,wave,UNKNOWN,UNKNOWN,0.27,0,58.832
4577,90.2262,,0,5.0,0.55,5,3,0,4.9387,1.0,wave,UNKNOWN,UNKNOWN,0.27,0,59.267
4578,90.2421,,0,5.0,0.55,5,3,0,4.9545,1.0,wave,UNKNOWN,UNKNOWN,0.27,0,59.622
4579,90.258,,0,5.0,0.55,5,3,0,4.9705,1.0,wave,UNKNOWN,UNKNOWN,0.27,0,60.275
4580,90.2733,,0,5.0,0.55,5,3,0,4.9858,1.0,wave,UNKNOWN,UNKNOWN,0.27,0,60.326
4581,90.2899,,0,5.0,0.55,5,3,0,4.9873,1.0,wave,UNKNOWN,UNKNOWN,0.27,0,60.081
4582,90.307,,0,5.0,0.55,5,3,0,4.9847,1.0,wave,UNKNOWN,UNKNOWN,0.27,0,60.193
4583,90.3234,,0,5.0,0.55,5,3,0,4.9842,1.0,wave,UNKNOWN,UNKNOWN,0.27,0,58.701
4584,90.3457,,0,5.0,0.55,5,3,0,4.9897,1.0,wave,UNKNOWN,UNKNOWN,0.27,0,58.988
4585,90.3619,,0,5.0,0.55,5,3,0,4.99,1.0,wave,UNKNOWN,UNKNOWN,0.27,0,57.045
4586,90.3867,,0,5.0,0.55,5,3,0,4.9984,1.0,wave,UNKNOWN,UNKNOWN,0.27,1,53.144
4587,90.4425,,0,5.0,0.55,5,3,0,4.993,1.0,wave,UNKNOWN,UNKNOWN,0.27,0,54.502
4588,90.4573,,0,5.0,0.55,5,3,0,4.9904,1.0,wave,UNKNOWN,UNKNOWN,0.27,0,55.22
4589,90.4736,,0,5.0,0.55,5,3,0,4.9911,1.0,wave,UNKNOWN,UNKNOWN,0.27,0,56.573
4590,90.4884,,0,5.0,0.55,5,3,0,4.9493,1.0,wave,UNKNOWN,UNKNOWN,0.27,0,57.107
4591,90.5047,,0,5.0,0.55,5,3,0,4.9656,1.0,wave,UNKNOWN,UNKNOWN,0.27,0,57.353
4592,90.5215,,0,5.0,0.55,5,3,0,4.9824,1.0,wave,UNKNOWN,UNKNOWN,0.27,0,58.222
4593,90.5361,,0,5.0,0.55,5,3,0,4.997,1.0,wave,UNKNOWN,UNKNOWN,0.27,0,59.074
4594,90.5512,,0,5.0,0.55,5,3,0,4.9978,1.0,wave,UNKNOWN,UNKNOWN,0.27,0,57.134
4595,90.5763,,0,5.0,0.55,5,3,0,4.9899,1.0,wave,UNKNOWN,UNKNOWN,0.27,0,56.033
4596,90.5981,,0,5.0,0.55,5,3,0,4.9967,1.0,wave,UNKNOWN,UNKNOWN,0.27,0,57.045
4597,90.6131,,0,5.0,0.55,5,3,0,4.9974,1.0,wave,UNKNOWN,UNKNOWN,0.27,0,57.822
4598,90.6287,,0,5.0,0.55,5,3,0,4.9984,1.0,wave,UNKNOWN,UNKNOWN,0.27,0,58.099
4599,90.6452,,0,5.0,0.55,5,3,0,4.9854,1.0,wave,UNKNOWN,UNKNOWN,0.2733,1,53.921
4600,90.7064,,0,5.0,0.55,5,3,0,4.9991,1.0,wave,UNKNOWN,UNKNOWN,0.2733,0,53.927
4601,90.7247,,0,5.0,0.55,5,3,0,4.9881,1.0,wave,UNKNOWN,UNKNOWN,0.2733,0,54.425
4602,90.7418,,0,5.0,0.55,5,3,0,4.943,1.0,wave,UNKNOWN,UNKNOWN,0.2733,0,54.797
4603,90.759,,0,5.0,0.55,5,3,0,4.9602,1.0,wave,UNKNOWN,UNKNOWN,0.2733,0,56.127
4604,90.7738,,0,5.0,0.55,5,3,0,4.9749,1.0,wave,UNKNOWN,UNKNOWN,0.2733,0,55.067
4605,90.7958,,0,5.0,0.55,5,3,0,4.9969,1.0,wave,UNKNOWN,UNKNOWN,0.2733,0,55.844
4606,90.8116,,0,5.0,0.55,5,3,0,4.9979,1.0,wave,UNKNOWN,UNKNOWN,0.2733,0,56.529
4607,90.8274,,0,5.0,0.55,5,3,0,4.9996,1.0,wave,UNKNOWN,UNKNOWN,0.2733,0,56.332
4608,90.8461,,0,5.0,0.55,5,3,0,4.9883,1.0,wave,UNKNOWN,UNKNOWN,0.2733,0,57.067
4609,90.8617,,0,5.0,0.55,5,3,0,4.9878,1.0,wave,UNKNOWN,UNKNOWN,0.2733,0,57.819
4610,90.877,,0,5.0,0.55,5,3,0,4.9882,1.0,wave,UNKNOWN,UNKNOWN,0.2733,0,58.22
4611,90.8932,,0,5.0,0.55,5,3,0,4.9874,1.0,wave,UNKNOWN,UNKNOWN,0.2733,0,59.304
4612,90.9076,,0,5.0,0.55,5,3,0,4.9847,1.0,wave,UNKNOWN,UNKNOWN,0.28,1,55.194
4613,90.9632,,0,5.0,0.55,5,3,0,4.9926,1.0,wave,UNKNOWN,UNKNOWN,0.28,0,56.444
4614,90.9775,,0,5.0,0.55,5,3,0,4.9901,1.0,wave,UNKNOWN,UNKNOWN,0.28,0,57.187
4615,90.9935,,0,5.0,0.55,5,3,0,4.9514,1.0,wave,UNKNOWN,UNKNOWN,0.28,0,58.398
4616,91.0075,,0,5.0,0.55,5,3,0,4.9654,1.0,wave,UNKNOWN,UNKNOWN,0.28,0,59.738
4617,91.0217,,0,5.0,0.55,5,3,0,4.9796,1.0,wave,UNKNOWN,UNKNOWN,0.28,0,60.29
4618,91.037,,0,5.0,0.55,5,3,0,4.9948,1.0,wave,UNKNOWN,UNKNOWN,0.28,0,60.347
4619,91.0532,,0,5.0,0.55,5,3,0,4.9966,1.0,wave,UNKNOWN,UNKNOWN,0.28,0,58.904
4620,91.0755,,0,5.0,0.55,5,3,0,4.9907,1.0,wave,UNKNOWN,UNKNOWN,0.28,0,59.548
4621,91.0904,,0,5.0,0.55,5,3,0,4.9898,1.0,wave,UNKNOWN,UNKNOWN,0.28,0,60.463
4622,91.1049,,0,5.0,0.55,5,3,0,4.9893,1.0,wave,UNKNOWN,UNKNOWN,0.28,0,60.471
4623,91.1215,,0,5.0,0.55,5,3,0,4.9902,1.0,wave,UNKNOWN,UNKNOWN,0.28,0,60.695
4624,91.1375,,0,5.0,0.55,5,3,0,4.9905,1.0,wave,UNKNOWN,UNKNOWN,0.28,0,60.958
4625,91.1532,,0,5.0,0.55,5,3,0,4.9902,1.0,wave,UNKNOWN,UNKNOWN,0.28,0,60.927
4626,91.1695,,0,5.0,0.55,5,3,0,4.9909,1.0,wave,UNKNOWN,UNKNOWN,0.29,1,56.622
4627,91.2256,,0,5.0,0.55,5,3,0,4.9905,1.0,wave,UNKNOWN,UNKNOWN,0.29,0,56.843
4628,91.2423,,0,5.0,0.55,5,3,0,4.9915,1.0,wave,UNKNOWN,UNKNOWN,0.29,0,57.763
4629,91.2578,,0,5.0,0.55,5,3,0,4.952,1.0,wave,UNKNOWN,UNKNOWN,0.29,0,58.385
4630,91.2734,,0,5.0,0.55,5,3,0,4.9676,1.0,wave,UNKNOWN,UNKNOWN,0.29,0,59.013
4631,91.289,,0,5.0,0.55,5,3,0,4.9832,1.0,wave,UNKNOWN,UNKNOWN,0.29,0,59.364
4632,91.3054,,0,5.0,0.55,5,3,0,4.9996,1.0,wave,UNKNOWN,UNKNOWN,0.29,0,59.535
4633,91.3215,,0,5.0,0.55,5,3,0,4.9984,1.0,wave,UNKNOWN,UNKNOWN,0.29,0,60.175
4634,91.3364,,0,5.0,0.55,5,3,0,4.9985,1.0,wave,UNKNOWN,UNKNOWN,0.29,0,61.599
4635,91.3502,,0,5.0,0.55,5,3,0,4.9979,1.0,wave,UNKNOWN,UNKNOWN,0.29,0,61.891
4636,91.3654,,0,5.0,0.55,5,3,0,4.9978,1.0,wave,UNKNOWN,UNKNOWN,0.29,0,62.183
4637,91.3807,,0,5.0,0.55,5,3,0,4.997,1.0,wave,UNKNOWN,UNKNOWN,0.29,0,62.263
4638,91.3966,,0,5.0,0.55,5,3,0,4.9884,1.0,wave,UNKNOWN,UNKNOWN,0.29,0,62.378
4639,91.4123,,0,5.0,0.55,5,3,0,4.9876,1.0,wave,UNKNOWN,UNKNOWN,0.29,0,61.529
4640,91.4308,,0,5.0,0.55,5,3,0,4.992,1.0,wave,UNKNOWN,UNKNOWN,0.3133,1,57.097
4641,91.4893,,0,5.0,0.55,5,3,0,4.9872,1.0,wave,UNKNOWN,UNKNOWN,0.3133,0,57.793
4642,91.5045,,0,5.0,0.55,5,3,0,4.95,1.0,wave,UNKNOWN,UNKNOWN,0.3133,0,59.05
4643,91.519,,0,5.0,0.55,5,3,0,4.9645,1.0,wave,UNKNOWN,UNKNOWN,0.3133,0,60.151
4644,91.5333,,0,5.0,0.55,5,3,0,4.9788,1.0,wave,UNKNOWN,UNKNOWN,0.3133,0,60.675
4645,91.5488,,0,5.0,0.55,5,3,0,4.9943,1.0,wave,UNKNOWN,UNKNOWN,0.3133,0,58.367
4646,91.5749,,0,5.0,0.55,5,3,0,4.9797,1.0,wave,UNKNOWN,UNKNOWN,0.3133,0,59.027
4647,91.5902,,0,5.0,0.55,5,3,0,4.995,1.0,wave,UNKNOWN,UNKNOWN,0.3133,0,59.938
4648,91.6052,,0,5.0,0.55,5,3,0,4.9951,1.0,wave,UNKNOWN,UNKNOWN,0.3133,0,59.072
4649,91.6244,,0,5.0,0.55,5,3,0,4.9938,1.0,wave,UNKNOWN,UNKNOWN,0.3133,0,59.238
4650,91.641,,0,5.0,0.55,5,3,0,4.9934,1.0,wave,UNKNOWN,UNKNOWN,0.3133,0,59.547
4651,91.6569,,0,5.0,0.55,5,3,0,4.9956,1.0,wave,UNKNOWN,UNKNOWN,0.3133,0,59.797
4652,91.6732,,0,5.0,0.55,5,3,0,4.9949,1.0,wave,UNKNOWN,UNKNOWN,0.3133,0,59.913
4653,91.6896,,0,5.0,0.55,5,3,0,4.987,1.0,wave,UNKNOWN,UNKNOWN,0.32,1,55.725
4654,91.7452,,0,5.0,0.55,5,3,0,4.9948,1.0,wave,UNKNOWN,UNKNOWN,0.32,0,56.656
4655,91.7604,,0,5.0,0.55,5,3,0,4.9932,1.0,wave,UNKNOWN,UNKNOWN,0.32,0,58.096
4656,91.7748,,0,5.0,0.55,5,3,0,4.9568,1.0,wave,UNKNOWN,UNKNOWN,0.32,0,58.427
4657,91.7911,,0,5.0,0.55,5,3,0,4.973,1.0,wave,UNKNOWN,UNKNOWN,0.32,0,59.271
4658,91.8057,,0,5.0,0.55,5,3,0,4.9877,1.0,wave,UNKNOWN,UNKNOWN,0.32,0,59.98
4659,91.8212,,0,5.0,0.55,5,3,0,4.9852,1.0,wave,UNKNOWN,UNKNOWN,0.32,0,60.123
4660,91.8372,,0,5.0,0.55,5,3,0,4.9845,1.0,wave,UNKNOWN,UNKNOWN,0.32,0,60.381
4661,91.8532,,0,5.0,0.55,5,3,0,4.9842,1.0,wave,UNKNOWN,UNKNOWN,0.32,0,61.126
4662,91.8678,,0,5.0,0.55,5,3,0,4.9987,1.0,wave,UNKNOWN,UNKNOWN,0.32,0,61.253
4663,91.8841,,0,5.0,0.55,5,3,0,4.9972,1.0,wave,UNKNOWN,UNKNOWN,0.32,0,61.513
4664,91.8995,,0,5.0,0.55,5,3,0,4.9958,1.0,wave,UNKNOWN,UNKNOWN,0.32,0,61.645
4665,91.9153,,0,5.0,0.55,5,3,0,4.9946,1.0,wave,UNKNOWN,UNKNOWN,0.32,0,61.51
4666,91.9318,,0,5.0,0.55,5,3,0,4.9953,1.0,wave,UNKNOWN,UNKNOWN,0.32,0,61.77
4667,91.9474,,0,5.0,0.55,5,3,0,4.9943,1.0,wave,UNKNOWN,UNKNOWN,0.2867,1,57.361
4668,92.0043,,0,5.0,0.55,5,3,0,4.9848,1.0,wave,UNKNOWN,UNKNOWN,0.2867,0,56.961
4669,92.0228,,0,5.0,0.55,5,3,0,4.9502,1.0,wave,UNKNOWN,UNKNOWN,0.2867,0,57.233
4670,92.0394,,0,5.0,0.55,5,3,0,4.9668,1.0,wave,UNKNOWN,UNKNOWN,0.2867,0,57.449
4671,92.0563,,0,5.0,0.55,5,3,0,4.9837,1.0,wave,UNKNOWN,UNKNOWN,0.2867,0,57.901
4672,92.0724,,0,5.0,0.55,5,3,0,4.9998,1.0,wave,UNKNOWN,UNKNOWN,0.2867,0,57.906
4673,92.0897,,0,5.0,0.55,5,3,0,4.9866,1.0,wave,UNKNOWN,UNKNOWN,0.2867,0,57.722
4674,92.1075,,0,5.0,0.55,5,3,0,4.9888,1.0,wave,UNKNOWN,UNKNOWN,0.2867,0,57.415
4675,92.1258,,0,5.0,0.55,5,3,0,4.9916,1.0,wave,UNKNOWN,UNKNOWN,0.2867,0,57.875
4676,92.1419,,0,5.0,0.55,5,3,0,4.9924,1.0,wave,UNKNOWN,UNKNOWN,0.2867,0,58.529
4677,92.1574,,0,5.0,0.55,5,3,0,4.9907,1.0,wave,UNKNOWN,UNKNOWN,0.2867,0,58.551
4678,92.1745,,0,5.0,0.55,5,3,0,4.9846,1.0,wave,UNKNOWN,UNKNOWN,0.2867,0,58.769
4679,92.191,,0,5.0,0.55,5,3,0,4.9841,1.0,wave,UNKNOWN,UNKNOWN,0.2867,0,58.86
4680,92.2077,,0,5.0,0.55,5,3,0,4.9839,1.0,wave,UNKNOWN,UNKNOWN,0.2767,1,54.825
4681,92.262,,0,5.0,0.55,5,3,0,4.98,1.0,wave,UNKNOWN,UNKNOWN,0.2767,0,56.478
4682,92.276,,0,5.0,0.55,5,3,0,4.994,1.0,wave,UNKNOWN,UNKNOWN,0.2767,0,57.836
4683,92.2903,,0,5.0,0.55,5,3,0,4.9548,1.0,wave,UNKNOWN,UNKNOWN,0.2767,0,57.772
4684,92.3079,,0,5.0,0.55,5,3,0,4.9724,1.0,wave,UNKNOWN,UNKNOWN,0.2767,0,58.069
4685,92.3244,,0,5.0,0.55,5,3,0,4.9889,1.0,wave,UNKNOWN,UNKNOWN,0.2767,0,59.052
4686,92.3388,,0,5.0,0.55,5,3,0,4.9885,1.0,wave,UNKNOWN,UNKNOWN,0.2767,0,59.793
4687,92.354,,0,5.0,0.55,5,3,0,4.9875,1.0,wave,UNKNOWN,UNKNOWN,0.2767,0,59.875
4688,92.3704,,0,5.0,0.55,5,3,0,4.9886,1.0,wave,UNKNOWN,UNKNOWN,0.2767,0,60.52
4689,92.3854,,0,5.0,0.55,5,3,0,4.9845,1.0,wave,UNKNOWN,UNKNOWN,0.2767,0,61.08
4690,92.4007,,0,5.0,0.55,5,3,0,4.9999,1.0,wave,UNKNOWN,UNKNOWN,0.2767,0,61.301
4691,92.4163,,0,5.0,0.55,5,3,0,4.9876,1.0,wave,UNKNOWN,UNKNOWN,0.2767,0,61.551
4692,92.432,,0,5.0,0.55,5,3,0,4.9848,1.0,wave,UNKNOWN,UNKNOWN,0.2767,0,62.528
4693,92.4459,,0,5.0,0.55,5,3,0,4.9987,1.0,wave,UNKNOWN,UNKNOWN,0.2767,0,61.511
4694,92.4651,,0,5.0,0.55,5,3,0,4.9891,1.0,wave,UNKNOWN,UNKNOWN,0.29,1,56.871
4695,92.5315,,0,5.0,0.55,5,3,0,4.9948,1.0,wave,UNKNOWN,UNKNOWN,0.29,0,57.977
4696,92.5462,,0,5.0,0.55,5,3,0,4.9526,1.0,wave,UNKNOWN,UNKNOWN,0.29,0,57.764
4697,92.5645,,0,5.0,0.55,5,3,0,4.9709,1.0,wave,UNKNOWN,UNKNOWN,0.29,0,59.201
4698,92.5784,,0,5.0,0.55,5,3,0,4.9848,1.0,wave,UNKNOWN,UNKNOWN,0.29,0,60.184
4699,92.5923,,0,5.0,0.55,5,3,0,4.9988,1.0,wave,UNKNOWN,UNKNOWN,0.29,0,60.671
4700,92.6078,,0,5.0,0.55,5,3,0,4.9929,1.0,wave,UNKNOWN,UNKNOWN,0.29,0,60.909
4701,92.6234,,0,5.0,0.55,5,3,0,4.9924,1.0,wave,UNKNOWN,UNKNOWN,0.29,0,61.239
4702,92.639,,0,5.0,0.55,5,3,0,4.9919,1.0,wave,UNKNOWN,UNKNOWN,0.29,0,61.088
4703,92.6557,,0,5.0,0.55,5,3,0,4.9927,1.0,wave,UNKNOWN,UNKNOWN,0.29,0,60.83
4704,92.6728,,0,5.0,0.55,5,3,0,4.9944,1.0,wave,UNKNOWN,UNKNOWN,0.29,0,60.55
4705,92.6901,,0,5.0,0.55,5,3,0,4.9951,1.0,wave,UNKNOWN,UNKNOWN,0.29,0,59.867
4706,92.7087,,0,5.0,0.55,5,3,0,4.9952,1.0,wave,UNKNOWN,UNKNOWN,0.29,0,59.744
4707,92.726,,0,5.0,0.55,5,3,0,4.9965,1.0,wave,UNKNOWN,UNKNOWN,0.2833,1,55.556
4708,92.7819,,0,5.0,0.55,5,3,0,4.986,1.0,wave,UNKNOWN,UNKNOWN,0.2833,0,56.677
4709,92.797,,0,5.0,0.55,5,3,0,4.9453,1.0,wave,UNKNOWN,UNKNOWN,0.2833,0,56.648
4710,92.8146,,0,5.0,0.55,5,3,0,4.963,1.0,wave,UNKNOWN,UNKNOWN,0.2833,0,57.786
4711,92.8295,,0,5.0,0.55,5,3,0,4.9778,1.0,wave,UNKNOWN,UNKNOWN,0.2833,0,59.128
4712,92.8434,,0,5.0,0.55,5,3,0,4.9917,1.0,wave,UNKNOWN,UNKNOWN,0.2833,0,57.459
4713,92.8668,,0,5.0,0.55,5,3,0,4.999,1.0,wave,UNKNOWN,UNKNOWN,0.2833,0,57.235
4714,92.885,,0,5.0,0.55,5,3,0,4.987,1.0,wave,UNKNOWN,UNKNOWN,0.2833,0,57.998
4715,92.9003,,0,5.0,0.55,5,3,0,4.9837,1.0,wave,UNKNOWN,UNKNOWN,0.2833,0,58.683
4716,92.916,,0,5.0,0.55,5,3,0,4.9994,1.0,wave,UNKNOWN,UNKNOWN,0.2833,0,60.007
4717,92.9298,,0,5.0,0.55,5,3,0,4.9978,1.0,wave,UNKNOWN,UNKNOWN,0.2833,0,61.36
4718,92.9431,,0,5.0,0.55,5,3,0,4.9957,1.0,wave,UNKNOWN,UNKNOWN,0.2833,0,61.964
4719,92.9583,,0,5.0,0.55,5,3,0,4.9956,1.0,wave,UNKNOWN,UNKNOWN,0.2833,0,62.287
4720,92.9736,,0,5.0,0.55,5,3,0,4.9964,1.0,wave,UNKNOWN,UNKNOWN,0.2833,0,62.464
4721,92.9891,,0,5.0,0.55,5,3,0,4.9968,1.0,wave,UNKNOWN,UNKNOWN,0.2967,1,57.833
4722,93.0514,,0,5.0,0.55,5,3,0,4.9929,1.0,wave,UNKNOWN,UNKNOWN,0.2967,0,59.017
4723,93.0657,,0,5.0,0.55,5,3,0,4.9434,1.0,wave,UNKNOWN,UNKNOWN,0.2967,0,57.596
4724,93.0876,,0,5.0,0.55,5,3,0,4.9654,1.0,wave,UNKNOWN,UNKNOWN,0.2967,0,56.947
4725,93.107,,0,5.0,0.55,5,3,0,4.9848,1.0,wave,UNKNOWN,UNKNOWN,0.2967,0,55.4
4726,93.1313,,0,5.0,0.55,5,3,0,4.9935,1.0,wave,UNKNOWN,UNKNOWN,0.2967,0,55.841
4727,93.1481,,0,5.0,0.55,5,3,0,4.9946,1.0,wave,UNKNOWN,UNKNOWN,0.2967,0,54.828
4728,93.1699,,0,5.0,0.55,5,3,0,4.9933,1.0,wave,UNKNOWN,UNKNOWN,0.2967,0,56.03
4729,93.1853,,0,5.0,0.55,5,3,0,4.9918,1.0,wave,UNKNOWN,UNKNOWN,0.2967,0,56.676
4730,93.2009,,0,5.0,0.55,5,3,0,4.9871,1.0,wave,UNKNOWN,UNKNOWN,0.2967,0,57.311
4731,93.2168,,0,5.0,0.55,5,3,0,4.9881,1.0,wave,UNKNOWN,UNKNOWN,0.2967,0,56.178
4732,93.2386,,0,5.0,0.55,5,3,0,4.9934,1.0,wave,UNKNOWN,UNKNOWN,0.2967,0,55.688
4733,93.2579,,0,5.0,0.55,5,3,0,4.997,1.0,wave,UNKNOWN,UNKNOWN,0.31,1,51.752
4734,93.3195,,0,5.0,0.55,5,3,0,4.957,1.0,wave,UNKNOWN,UNKNOWN,0.31,0,51.2
4735,93.3407,,0,5.0,0.55,5,3,0,4.9783,1.0,wave,UNKNOWN,UNKNOWN,0.31,0,52.147
4736,93.3573,,0,5.0,0.55,5,3,0,4.9948,1.0,wave,UNKNOWN,UNKNOWN,0.31,0,52.99
4737,93.3737,,0,5.0,0.55,5,3,0,4.9974,1.0,wave,UNKNOWN,UNKNOWN,0.31,0,53.601
4738,93.3907,,0,5.0,0.55,5,3,0,4.9909,1.0,wave,UNKNOWN,UNKNOWN,0.31,0,54.244
4739,93.4073,,0,5.0,0.55,5,3,0,4.9919,1.0,wave,UNKNOWN,UNKNOWN,0.31,0,54.6
4740,93.4246,,0,5.0,0.55,5,3,0,4.9937,1.0,wave,UNKNOWN,UNKNOWN,0.31,0,54.705
4741,93.4428,,0,5.0,0.55,5,3,0,4.9941,1.0,wave,UNKNOWN,UNKNOWN,0.31,0,55.17
4742,93.4595,,0,5.0,0.55,5,3,0,4.9931,1.0,wave,UNKNOWN,UNKNOWN,0.31,0,55.904
4743,93.4755,,0,5.0,0.55,5,3,0,4.9923,1.0,wave,UNKNOWN,UNKNOWN,0.31,0,56.428
4744,93.492,,0,5.0,0.55,5,3,0,4.9925,1.0,wave,UNKNOWN,UNKNOWN,0.31,0,56.575
4745,93.5092,,0,5.0,0.55,5,3,0,4.9937,1.0,wave,UNKNOWN,UNKNOWN,0.3167,1,52.687
4746,93.5659,,0,5.0,0.55,5,3,0,4.9992,1.0,wave,UNKNOWN,UNKNOWN,0.3167,0,54.406
4747,93.5806,,0,5.0,0.55,5,3,0,4.9513,1.0,wave,UNKNOWN,UNKNOWN,0.3167,0,55.602
4748,93.5954,,0,5.0,0.55,5,3,0,4.9661,1.0,wave,UNKNOWN,UNKNOWN,0.3167,0,56.608
4749,93.6101,,0,5.0,0.55,5,3,0,4.9809,1.0,wave,UNKNOWN,UNKNOWN,0.3167,0,57.435
4750,93.6259,,0,5.0,0.55,5,3,0,4.9967,1.0,wave,UNKNOWN,UNKNOWN,0.3167,0,57.626
4751,93.6426,,0,5.0,0.55,5,3,0,4.9992,1.0,wave,UNKNOWN,UNKNOWN,0.3167,0,58.347
4752,93.6581,,0,5.0,0.55,5,3,0,4.986,1.0,wave,UNKNOWN,UNKNOWN,0.3167,0,59.036
4753,93.6733,,0,5.0,0.55,5,3,0,4.9862,1.0,wave,UNKNOWN,UNKNOWN,0.3167,0,59.616
4754,93.6886,,0,5.0,0.55,5,3,0,4.9836,1.0,wave,UNKNOWN,UNKNOWN,0.3167,0,59.836
4755,93.7048,,0,5.0,0.55,5,3,0,4.9998,1.0,wave,UNKNOWN,UNKNOWN,0.3167,0,60.222
4756,93.7206,,0,5.0,0.55,5,3,0,4.9993,1.0,wave,UNKNOWN,UNKNOWN,0.3167,0,58.717
4757,93.7428,,0,5.0,0.55,5,3,0,4.9905,1.0,wave,UNKNOWN,UNKNOWN,0.3167,0,56.889
4758,93.7675,,0,5.0,0.55,5,3,0,4.9992,1.0,wave,UNKNOWN,UNKNOWN,0.31,1,52.939
4759,93.8251,,0,5.0,0.55,5,3,0,4.9483,1.0,wave,UNKNOWN,UNKNOWN,0.31,0,53.385
4760,93.8422,,0,5.0,0.55,5,3,0,4.9654,1.0,wave,UNKNOWN,UNKNOWN,0.31,0,53.652
4761,93.8601,,0,5.0,0.55,5,3,0,4.9834,1.0,wave,UNKNOWN,UNKNOWN,0.31,0,54.611
4762,93.8761,,0,5.0,0.55,5,3,0,4.9994,1.0,wave,UNKNOWN,UNKNOWN,0.31,0,55.891
4763,93.8909,,0,5.0,0.55,5,3,0,4.9995,1.0,wave,UNKNOWN,UNKNOWN,0.31,0,56.608
4764,93.9067,,0,5.0,0.55,5,3,0,4.9861,1.0,wave,UNKNOWN,UNKNOWN,0.31,0,57.401
4765,93.9224,,0,5.0,0.55,5,3,0,4.985,1.0,wave,UNKNOWN,UNKNOWN,0.31,0,58.529
4766,93.9366,,0,5.0,0.55,5,3,0,4.9991,1.0,wave,UNKNOWN,UNKNOWN,0.31,0,59.782
4767,93.9508,,0,5.0,0.55,5,3,0,4.9883,1.0,wave,UNKNOWN,UNKNOWN,0.31,0,58.19
4768,93.9737,,0,5.0,0.55,5,3,0,4.9947,1.0,wave,UNKNOWN,UNKNOWN,0.31,0,56.786
4769,93.9963,,0,5.0,0.55,5,3,0,4.9998,1.0,wave,UNKNOWN,UNKNOWN,0.31,0,57.465
4770,94.0121,,0,5.0,0.55,5,3,0,5.0,1.0,wave,UNKNOWN,UNKNOWN,0.31,0,57.589
4771,94.0292,,0,5.0,0.55,5,3,0,4.9998,1.0,wave,UNKNOWN,UNKNOWN,0.3133,1,53.646
4772,94.0843,,0,5.0,0.55,5,3,0,4.9516,1.0,wave,UNKNOWN,UNKNOWN,0.3133,0,53.046
4773,94.1051,,0,5.0,0.55,5,3,0,4.9724,1.0,wave,UNKNOWN,UNKNOWN,0.3133,0,53.993
4774,94.1211,,0,5.0,0.55,5,3,0,4.9884,1.0,wave,UNKNOWN,UNKNOWN,0.3133,0,54.851
4775,94.1372,,0,5.0,0.55,5,3,0,4.9891,1.0,wave,UNKNOWN,UNKNOWN,0.3133,0,55.616
4776,94.153,,0,5.0,0.55,5,3,0,4.9872,1.0,wave,UNKNOWN,UNKNOWN,0.3133,0,56.257
4777,94.1695,,0,5.0,0.55,5,3,0,4.989,1.0,wave,UNKNOWN,UNKNOWN,0.3133,0,56.182
4778,94.1872,,0,5.0,0.55,5,3,0,4.9917,1.0,wave,UNKNOWN,UNKNOWN,0.3133,0,56.465
4779,94.2041,,0,5.0,0.55,5,3,0,4.9941,1.0,wave,UNKNOWN,UNKNOWN,0.3133,0,57.982
4780,94.218,,0,5.0,0.55,5,3,0,4.9916,1.0,wave,UNKNOWN,UNKNOWN,0.3133,0,58.961
4781,94.2329,,0,5.0,0.55,5,3,0,4.9912,1.0,wave,UNKNOWN,UNKNOWN,0.3133,0,59.847
4782,94.2483,,0,5.0,0.55,5,3,0,4.9915,1.0,wave,UNKNOWN,UNKNOWN,0.3133,0,59.787
4783,94.2652,,0,5.0,0.55,5,3,0,4.9922,1.0,wave,UNKNOWN,UNKNOWN,0.3133,0,59.69
4784,94.2817,,0,5.0,0.55,5,3,0,4.9927,1.0,wave,UNKNOWN,UNKNOWN,0.3033,1,55.579
4785,94.3346,,0,5.0,0.55,5,3,0,4.9951,1.0,wave,UNKNOWN,UNKNOWN,0.3033,0,57.803
4786,94.3488,,0,5.0,0.55,5,3,0,4.9535,1.0,wave,UNKNOWN,UNKNOWN,0.3033,0,58.459
4787,94.364,,0,5.0,0.55,5,3,0,4.9688,1.0,wave,UNKNOWN,UNKNOWN,0.3033,0,59.53
4788,94.3782,,0,5.0,0.55,5,3,0,4.9829,1.0,wave,UNKNOWN,UNKNOWN,0.3033,0,59.748
4789,94.3945,,0,5.0,0.55,5,3,0,4.9993,1.0,wave,UNKNOWN,UNKNOWN,0.3033,0,60.158
4790,94.41,,0,5.0,0.55,5,3,0,5.0,1.0,wave,UNKNOWN,UNKNOWN,0.3033,0,60.673
4791,94.4252,,0,5.0,0.55,5,3,0,4.9994,1.0,wave,UNKNOWN,UNKNOWN,0.3033,0,61.106
4792,94.4406,,0,5.0,0.55,5,3,0,4.9998,1.0,wave,UNKNOWN,UNKNOWN,0.3033,0,60.736
4793,94.458,,0,5.0,0.55,5,3,0,4.9878,1.0,wave,UNKNOWN,UNKNOWN,0.3033,0,59.706
4794,94.478,,0,5.0,0.55,5,3,0,4.991,1.0,wave,UNKNOWN,UNKNOWN,0.3033,0,59.973
4795,94.4941,,0,5.0,0.55,5,3,0,4.9893,1.0,wave,UNKNOWN,UNKNOWN,0.3033,0,59.964
4796,94.5108,,0,5.0,0.55,5,3,0,4.9907,1.0,wave,UNKNOWN,UNKNOWN,0.3033,0,60.099
4797,94.5271,,0,5.0,0.55,5,3,0,4.9919,1.0,wave,UNKNOWN,UNKNOWN,0.3033,0,60.07
4798,94.544,,0,5.0,0.55,5,3,0,4.9929,1.0,wave,UNKNOWN,UNKNOWN,0.29,1,55.801
4799,94.6015,,0,5.0,0.55,5,3,0,4.9461,1.0,wave,UNKNOWN,UNKNOWN,0.29,0,56.641
4800,94.6169,,0,5.0,0.55,5,3,0,4.9615,1.0,wave,UNKNOWN,UNKNOWN,0.29,0,58.528
4801,94.6304,,0,5.0,0.55,5,3,0,4.9751,1.0,wave,UNKNOWN,UNKNOWN,0.29,0,59.4
4802,94.645,,0,5.0,0.55,5,3,0,4.9896,1.0,wave,UNKNOWN,UNKNOWN,0.29,0,58.786
4803,94.6641,,0,5.0,0.55,5,3,0,4.9946,1.0,wave,UNKNOWN,UNKNOWN,0.29,0,59.805
4804,94.6783,,0,5.0,0.55,5,3,0,4.9935,1.0,wave,UNKNOWN,UNKNOWN,0.29,0,60.723
4805,94.6927,,0,5.0,0.55,5,3,0,4.9938,1.0,wave,UNKNOWN,UNKNOWN,0.29,0,60.968
4806,94.7084,,0,5.0,0.55,5,3,0,4.9948,1.0,wave,UNKNOWN,UNKNOWN,0.29,0,61.235
4807,94.7242,,0,5.0,0.55,5,3,0,4.9956,1.0,wave,UNKNOWN,UNKNOWN,0.29,0,61.392
4808,94.7403,,0,5.0,0.55,5,3,0,4.9956,1.0,wave,UNKNOWN,UNKNOWN,0.29,0,61.289
4809,94.7566,,0,5.0,0.55,5,3,0,4.9968,1.0,wave,UNKNOWN,UNKNOWN,0.29,0,62.126
4810,94.7712,,0,5.0,0.55,5,3,0,4.9957,1.0,wave,UNKNOWN,UNKNOWN,0.29,0,63.026
4811,94.7853,,0,5.0,0.55,5,3,0,4.9937,1.0,wave,UNKNOWN,UNKNOWN,0.29,0,62.556
4812,94.8026,,0,5.0,0.55,5,3,0,4.9966,1.0,wave,UNKNOWN,UNKNOWN,0.29,1,57.91
4813,94.8649,,0,5.0,0.55,5,3,0,4.9985,1.0,wave,UNKNOWN,UNKNOWN,0.29,0,58.811
4814,94.8796,,0,5.0,0.55,5,3,0,4.9584,1.0,wave,UNKNOWN,UNKNOWN,0.29,0,57.722
4815,94.9003,,0,5.0,0.55,5,3,0,4.9791,1.0,wave,UNKNOWN,UNKNOWN,0.29,0,57.65
4816,94.918,,0,5.0,0.55,5,3,0,4.9967,1.0,wave,UNKNOWN,UNKNOWN,0.29,0,58.025
4817,94.9342,,0,5.0,0.55,5,3,0,4.9952,1.0,wave,UNKNOWN,UNKNOWN,0.29,0,58.631
4818,94.9496,,0,5.0,0.55,5,3,0,4.9945,1.0,wave,UNKNOWN,UNKNOWN,0.29,0,58.835
4819,94.9664,,0,5.0,0.55,5,3,0,4.9937,1.0,wave,UNKNOWN,UNKNOWN,0.29,0,60.167
4820,94.98,,0,5.0,0.55,5,3,0,4.9847,1.0,wave,UNKNOWN,UNKNOWN,0.29,0,60.808
4821,94.9953,,0,5.0,0.55,5,3,0,4.9849,1.0,wave,UNKNOWN,UNKNOWN,0.29,0,61.811
4822,95.0092,,0,5.0,0.55,5,3,0,4.9987,1.0,wave,UNKNOWN,UNKNOWN,0.29,0,62.11
4823,95.0249,,0,5.0,0.55,5,3,0,4.9983,1.0,wave,UNKNOWN,UNKNOWN,0.29,0,62.596
4824,95.0395,,0,5.0,0.55,5,3,0,4.9967,1.0,wave,UNKNOWN,UNKNOWN,0.29,0,60.753
4825,95.0622,,0,5.0,0.55,5,3,0,4.9878,1.0,wave,UNKNOWN,UNKNOWN,0.2967,1,56.59
4826,95.1147,,0,5.0,0.55,5,3,0,4.9918,1.0,wave,UNKNOWN,UNKNOWN,0.2967,0,57.483
4827,95.1297,,0,5.0,0.55,5,3,0,4.9485,1.0,wave,UNKNOWN,UNKNOWN,0.2967,0,59.107
4828,95.1436,,0,5.0,0.55,5,3,0,4.9625,1.0,wave,UNKNOWN,UNKNOWN,0.2967,0,60.112
4829,95.1578,,0,5.0,0.55,5,3,0,4.9766,1.0,wave,UNKNOWN,UNKNOWN,0.2967,0,60.633
4830,95.1732,,0,5.0,0.55,5,3,0,4.9921,1.0,wave,UNKNOWN,UNKNOWN,0.2967,0,60.999
4831,95.1887,,0,5.0,0.55,5,3,0,4.9928,1.0,wave,UNKNOWN,UNKNOWN,0.2967,0,61.248
4832,95.2043,,0,5.0,0.55,5,3,0,4.995,1.0,wave,UNKNOWN,UNKNOWN,0.2967,0,61.657
4833,95.2199,,0,5.0,0.55,5,3,0,4.9937,1.0,wave,UNKNOWN,UNKNOWN,0.2967,0,61.684
4834,95.2359,,0,5.0,0.55,5,3,0,4.9938,1.0,wave,UNKNOWN,UNKNOWN,0.2967,0,61.739
4835,95.2518,,0,5.0,0.55,5,3,0,4.9938,1.0,wave,UNKNOWN,UNKNOWN,0.2967,0,61.867
4836,95.2677,,0,5.0,0.55,5,3,0,4.9944,1.0,wave,UNKNOWN,UNKNOWN,0.2967,0,62.08
4837,95.2834,,0,5.0,0.55,5,3,0,4.9935,1.0,wave,UNKNOWN,UNKNOWN,0.2967,0,63.041
4838,95.2975,,0,5.0,0.55,5,3,0,4.9905,1.0,wave,UNKNOWN,UNKNOWN,0.2967,0,64.126
4839,95.3107,,0,5.0,0.55,5,3,0,4.9873,1.0,wave,UNKNOWN,UNKNOWN,0.2967,0,64.843
4840,95.325,,0,5.0,0.55,5,3,0,4.9793,1.0,wave,UNKNOWN,UNKNOWN,0.3,1,59.783
4841,95.3955,,0,5.0,0.55,5,3,0,4.953,1.0,wave,UNKNOWN,UNKNOWN,0.3,0,60.532
4842,95.41,,0,5.0,0.55,5,3,0,4.9675,1.0,wave,UNKNOWN,UNKNOWN,0.3,0,59.141
4843,95.4313,,0,5.0,0.55,5,3,0,4.9888,1.0,wave,UNKNOWN,UNKNOWN,0.3,0,59.541
4844,95.4472,,0,5.0,0.55,5,3,0,4.9899,1.0,wave,UNKNOWN,UNKNOWN,0.3,0,59.492
4845,95.4641,,0,5.0,0.55,5,3,0,4.9905,1.0,wave,UNKNOWN,UNKNOWN,0.3,0,59.854
4846,95.4802,,0,5.0,0.55,5,3,0,4.9918,1.0,wave,UNKNOWN,UNKNOWN,0.3,0,59.022
4847,95.4999,,0,5.0,0.55,5,3,0,4.9952,1.0,wave,UNKNOWN,UNKNOWN,0.3,0,59.549
4848,95.5149,,0,5.0,0.55,5,3,0,4.9934,1.0,wave,UNKNOWN,UNKNOWN,0.3,0,59.956
4849,95.5306,,0,5.0,0.55,5,3,0,4.9945,1.0,wave,UNKNOWN,UNKNOWN,0.3,0,60.522
4850,95.5459,,0,5.0,0.55,5,3,0,4.9947,1.0,wave,UNKNOWN,UNKNOWN,0.3,0,58.66
4851,95.57,,0,5.0,0.55,5,3,0,4.9937,1.0,wave,UNKNOWN,UNKNOWN,0.3,0,60.153
4852,95.5837,,0,5.0,0.55,5,3,0,4.9857,1.0,wave,UNKNOWN,UNKNOWN,0.2767,1,56.096
4853,95.6349,,0,5.0,0.55,5,3,0,4.9897,1.0,wave,UNKNOWN,UNKNOWN,0.2767,0,57.693
4854,95.6489,,0,5.0,0.55,5,3,0,4.9426,1.0,wave,UNKNOWN,UNKNOWN,0.2767,0,58.514
4855,95.6635,,0,5.0,0.55,5,3,0,4.9572,1.0,wave,UNKNOWN,UNKNOWN,0.2767,0,59.889
4856,95.6777,,0,5.0,0.55,5,3,0,4.9714,1.0,wave,UNKNOWN,UNKNOWN,0.2767,0,60.121
4857,95.6936,,0,5.0,0.55,5,3,0,4.9873,1.0,wave,UNKNOWN,UNKNOWN,0.2767,0,60.791
4858,95.7084,,0,5.0,0.55,5,3,0,4.9836,1.0,wave,UNKNOWN,UNKNOWN,0.2767,0,60.734
4859,95.725,,0,5.0,0.55,5,3,0,4.9831,1.0,wave,UNKNOWN,UNKNOWN,0.2767,0,60.418
4860,95.7423,,0,5.0,0.55,5,3,0,4.9832,1.0,wave,UNKNOWN,UNKNOWN,0.2767,0,60.678
4861,95.7581,,0,5.0,0.55,5,3,0,4.9991,1.0,wave,UNKNOWN,UNKNOWN,0.2767,0,60.97
4862,95.7739,,0,5.0,0.55,5,3,0,4.9782,1.0,wave,UNKNOWN,UNKNOWN,0.2767,0,60.031
4863,95.7935,,0,5.0,0.55,5,3,0,4.9978,1.0,wave,UNKNOWN,UNKNOWN,0.2767,0,59.715
4864,95.8111,,0,5.0,0.55,5,3,0,4.9994,1.0,wave,UNKNOWN,UNKNOWN,0.2767,0,60.237
4865,95.8264,,0,5.0,0.55,5,3,0,4.999,1.0,wave,UNKNOWN,UNKNOWN,0.2767,0,60.318
4866,95.8431,,0,5.0,0.55,5,3,0,4.9971,1.0,wave,UNKNOWN,UNKNOWN,0.27,1,56.163
4867,95.8963,,0,5.0,0.55,5,3,0,4.9887,1.0,wave,UNKNOWN,UNKNOWN,0.27,0,57.503
4868,95.9105,,0,5.0,0.55,5,3,0,4.9473,1.0,wave,UNKNOWN,UNKNOWN,0.27,0,58.84
4869,95.9249,,0,5.0,0.55,5,3,0,4.9617,1.0,wave,UNKNOWN,UNKNOWN,0.27,0,59.78
4870,95.9392,,0,5.0,0.55,5,3,0,4.976,1.0,wave,UNKNOWN,UNKNOWN,0.27,0,60.392
4871,95.9547,,0,5.0,0.55,5,3,0,4.9915,1.0,wave,UNKNOWN,UNKNOWN,0.27,0,61.255
4872,95.9689,,0,5.0,0.55,5,3,0,4.9914,1.0,wave,UNKNOWN,UNKNOWN,0.27,0,61.476
4873,95.9847,,0,5.0,0.55,5,3,0,4.9912,1.0,wave,UNKNOWN,UNKNOWN,0.27,0,61.733
4874,96.0004,,0,5.0,0.55,5,3,0,4.9929,1.0,wave,UNKNOWN,UNKNOWN,0.27,0,61.833
4875,96.0163,,0,5.0,0.55,5,3,0,4.9945,1.0,wave,UNKNOWN,UNKNOWN,0.27,0,61.976
4876,96.0318,,0,5.0,0.55,5,3,0,4.9949,1.0,wave,UNKNOWN,UNKNOWN,0.27,0,62.64
4877,96.0464,,0,5.0,0.55,5,3,0,4.9932,1.0,wave,UNKNOWN,UNKNOWN,0.27,0,61.775
4878,96.065,,0,5.0,0.55,5,3,0,4.9895,1.0,wave,UNKNOWN,UNKNOWN,0.27,0,60.765
4879,96.0844,,0,5.0,0.55,5,3,0,4.994,1.0,wave,UNKNOWN,UNKNOWN,0.27,0,61.015
4880,96.1006,,0,5.0,0.55,5,3,0,4.9956,1.0,leg_raise_lower,UNKNOWN,UNKNOWN,0.2567,1,56.726
4881,96.1555,,0,5.0,0.55,5,3,0,4.986,1.0,leg_raise_lower,UNKNOWN,UNKNOWN,0.2567,0,58.257
4882,96.1698,,0,5.0,0.55,5,3,0,4.9443,1.0,leg_raise_lower,UNKNOWN,UNKNOWN,0.2567,0,59.484
4883,96.184,,0,5.0,0.55,5,3,0,4.9584,1.0,leg_raise_lower,UNKNOWN,UNKNOWN,0.2567,0,60.285
4884,96.1982,,0,5.0,0.55,5,3,0,4.9727,1.0,leg_raise_lower,UNKNOWN,UNKNOWN,0.2567,0,60.839
4885,96.2137,,0,5.0,0.55,5,3,0,4.9881,1.0,leg_raise_lower,UNKNOWN,UNKNOWN,0.2567,0,61.043
4886,96.2294,,0,5.0,0.55,5,3,0,4.987,1.0,leg_raise_lower,UNKNOWN,UNKNOWN,0.2567,0,61.122
4887,96.2455,,0,5.0,0.55,5,3,0,4.9877,1.0,leg_raise_lower,UNKNOWN,UNKNOWN,0.2567,0,60.914
4888,96.2624,,0,5.0,0.55,5,3,0,4.9889,1.0,leg_raise_lower,UNKNOWN,UNKNOWN,0.2567,0,61.115
4889,96.2783,,0,5.0,0.55,5,3,0,4.9893,1.0,leg_raise_lower,UNKNOWN,UNKNOWN,0.2567,0,59.591
4890,96.3009,,0,5.0,0.55,5,3,0,4.9955,1.0,leg_raise_lower,UNKNOWN,UNKNOWN,0.2567,0,60.177
4891,96.3156,,0,5.0,0.55,5,3,0,4.9941,1.0,leg_raise_lower,UNKNOWN,UNKNOWN,0.2567,0,57.761
4892,96.3431,,0,5.0,0.55,5,3,0,4.9929,1.0,leg_raise_lower,UNKNOWN,UNKNOWN,0.2567,0,58.158
4893,96.3593,,0,5.0,0.55,5,3,0,4.9939,1.0,wave,UNKNOWN,UNKNOWN,0.2433,1,53.862
4894,96.4255,,0,5.0,0.55,5,3,0,4.9947,1.0,wave,UNKNOWN,UNKNOWN,0.2433,0,53.683
4895,96.4444,,0,5.0,0.55,5,3,0,4.9551,1.0,wave,UNKNOWN,UNKNOWN,0.2433,0,55.104
4896,96.4591,,0,5.0,0.55,5,3,0,4.9699,1.0,wave,UNKNOWN,UNKNOWN,0.2433,0,56.457
4897,96.4736,,0,5.0,0.55,5,3,0,4.9844,1.0,wave,UNKNOWN,UNKNOWN,0.2433,0,58.334
4898,96.4874,,0,5.0,0.55,5,3,0,4.9981,1.0,wave,UNKNOWN,UNKNOWN,0.2433,0,59.731
4899,96.5013,,0,5.0,0.55,5,3,0,4.9967,1.0,wave,UNKNOWN,UNKNOWN,0.2433,0,60.503
4900,96.5156,,0,5.0,0.55,5,3,0,4.9966,1.0,wave,UNKNOWN,UNKNOWN,0.2433,0,60.835
4901,96.5312,,0,5.0,0.55,5,3,0,4.998,1.0,wave,UNKNOWN,UNKNOWN,0.2433,0,61.12
4902,96.5469,,0,5.0,0.55,5,3,0,4.9982,1.0,wave,UNKNOWN,UNKNOWN,0.2433,0,61.161
4903,96.5631,,0,5.0,0.55,5,3,0,4.9883,1.0,wave,UNKNOWN,UNKNOWN,0.2433,0,61.496
4904,96.5788,,0,5.0,0.55,5,3,0,4.9886,1.0,wave,UNKNOWN,UNKNOWN,0.2433,0,61.665
4905,96.5946,,0,5.0,0.55,5,3,0,4.9894,1.0,wave,UNKNOWN,UNKNOWN,0.2433,0,62.306
4906,96.6093,,0,5.0,0.55,5,3,0,4.9849,1.0,wave,UNKNOWN,UNKNOWN,0.2367,1,58.014
4907,96.6612,,0,5.0,0.55,5,3,0,4.9881,1.0,wave,UNKNOWN,UNKNOWN,0.2367,0,58.721
4908,96.6762,,0,5.0,0.55,5,3,0,4.9865,1.0,wave,UNKNOWN,UNKNOWN,0.2367,0,60.485
4909,96.6896,,0,5.0,0.55,5,3,0,5.0,1.0,wave,UNKNOWN,UNKNOWN,0.2367,0,60.939
4910,96.7053,,0,5.0,0.55,5,3,0,4.96,1.0,wave,UNKNOWN,UNKNOWN,0.2367,0,61.926
4911,96.7191,,0,5.0,0.55,5,3,0,4.9739,1.0,wave,UNKNOWN,UNKNOWN,0.2367,0,60.014
4912,96.7422,,0,5.0,0.55,5,3,0,4.997,1.0,wave,UNKNOWN,UNKNOWN,0.2367,0,61.46
4913,96.7558,,0,5.0,0.55,5,3,0,4.9954,1.0,wave,UNKNOWN,UNKNOWN,0.2367,0,59.607
4914,96.7788,,0,5.0,0.55,5,3,0,4.9878,1.0,wave,UNKNOWN,UNKNOWN,0.2367,0,60.457
4915,96.7937,,0,5.0,0.55,5,3,0,4.9879,1.0,wave,UNKNOWN,UNKNOWN,0.2367,0,61.182
4916,96.8085,,0,5.0,0.55,5,3,0,4.9874,1.0,wave,UNKNOWN,UNKNOWN,0.2367,0,62.29
4917,96.8226,,0,5.0,0.55,5,3,0,4.9854,1.0,wave,UNKNOWN,UNKNOWN,0.2367,0,63.278
4918,96.8363,,0,5.0,0.55,5,3,0,4.9991,1.0,wave,UNKNOWN,UNKNOWN,0.2367,0,63.641
4919,96.8512,,0,5.0,0.55,5,3,0,4.998,1.0,wave,UNKNOWN,UNKNOWN,0.2367,0,63.79
4920,96.8664,,0,5.0,0.55,5,3,0,4.9986,1.0,wave,UNKNOWN,UNKNOWN,0.2533,1,59.239
4921,96.9216,,0,5.0,0.55,5,3,0,4.9898,1.0,wave,UNKNOWN,UNKNOWN,0.2533,0,60.147
4922,96.936,,0,5.0,0.55,5,3,0,4.9886,1.0,wave,UNKNOWN,UNKNOWN,0.2533,0,61.469
4923,96.9495,,0,5.0,0.55,5,3,0,4.9452,1.0,wave,UNKNOWN,UNKNOWN,0.2533,0,60.14
4924,96.9701,,0,5.0,0.55,5,3,0,4.9659,1.0,wave,UNKNOWN,UNKNOWN,0.2533,0,61.429
4925,96.9847,,0,5.0,0.55,5,3,0,4.9804,1.0,wave,UNKNOWN,UNKNOWN,0.2533,0,61.103
4926,97.0017,,0,5.0,0.55,5,3,0,4.9974,1.0,wave,UNKNOWN,UNKNOWN,0.2533,0,61.952
4927,97.0154,,0,5.0,0.55,5,3,0,4.9926,1.0,wave,UNKNOWN,UNKNOWN,0.2533,0,62.161
4928,97.031,,0,5.0,0.55,5,3,0,4.9916,1.0,wave,UNKNOWN,UNKNOWN,0.2533,0,61.1
4929,97.0512,,0,5.0,0.55,5,3,0,4.9949,1.0,wave,UNKNOWN,UNKNOWN,0.2533,0,58.767
4930,97.0768,,0,5.0,0.55,5,3,0,4.9871,1.0,wave,UNKNOWN,UNKNOWN,0.2533,0,58.901
4931,97.0936,,0,5.0,0.55,5,3,0,4.9861,1.0,wave,UNKNOWN,UNKNOWN,0.2533,0,59.149
4932,97.1098,,0,5.0,0.55,5,3,0,4.9839,1.0,wave,UNKNOWN,UNKNOWN,0.2533,0,58.683
4933,97.1281,,0,5.0,0.55,5,3,0,4.9862,1.0,wave,UNKNOWN,UNKNOWN,0.2267,1,54.672
4934,97.1822,,0,5.0,0.55,5,3,0,4.9912,1.0,wave,UNKNOWN,UNKNOWN,0.2267,0,56.218
4935,97.1965,,0,5.0,0.55,5,3,0,4.9888,1.0,wave,UNKNOWN,UNKNOWN,0.2267,0,57.103
4936,97.2119,,0,5.0,0.55,5,3,0,4.9498,1.0,wave,UNKNOWN,UNKNOWN,0.2267,0,58.203
4937,97.2262,,0,5.0,0.55,5,3,0,4.9642,1.0,wave,UNKNOWN,UNKNOWN,0.2267,0,58.133
4938,97.2442,,0,5.0,0.55,5,3,0,4.9822,1.0,wave,UNKNOWN,UNKNOWN,0.2267,0,59.124
4939,97.2584,,0,5.0,0.55,5,3,0,4.9964,1.0,wave,UNKNOWN,UNKNOWN,0.2267,0,59.584
4940,97.2741,,0,5.0,0.55,5,3,0,4.9981,1.0,wave,UNKNOWN,UNKNOWN,0.2267,0,60.704
4941,97.2883,,0,5.0,0.55,5,3,0,4.998,1.0,wave,UNKNOWN,UNKNOWN,0.2267,0,61.254
4942,97.3035,,0,5.0,0.55,5,3,0,4.9956,1.0,wave,UNKNOWN,UNKNOWN,0.2267,0,61.28
4943,97.3195,,0,5.0,0.55,5,3,0,4.995,1.0,wave,UNKNOWN,UNKNOWN,0.2267,0,62.386
4944,97.3334,,0,5.0,0.55,5,3,0,4.9946,1.0,wave,UNKNOWN,UNKNOWN,0.2267,0,63.116
4945,97.3479,,0,5.0,0.55,5,3,0,4.9939,1.0,wave,UNKNOWN,UNKNOWN,0.2267,0,61.284
4946,97.3699,,0,5.0,0.55,5,3,0,4.9995,1.0,wave,UNKNOWN,UNKNOWN,0.2267,0,60.989
4947,97.3872,,0,5.0,0.55,5,3,0,4.9865,1.0,wave,UNKNOWN,UNKNOWN,0.2467,1,56.682
4948,97.4433,,0,5.0,0.55,5,3,0,4.9974,1.0,wave,UNKNOWN,UNKNOWN,0.2467,0,57.458
4949,97.4588,,0,5.0,0.55,5,3,0,4.9937,1.0,wave,UNKNOWN,UNKNOWN,0.2467,0,56.212
4950,97.4807,,0,5.0,0.55,5,3,0,4.9492,1.0,wave,UNKNOWN,UNKNOWN,0.2467,0,56.966
4951,97.4963,,0,5.0,0.55,5,3,0,4.9648,1.0,wave,UNKNOWN,UNKNOWN,0.2467,0,57.6
4952,97.5121,,0,5.0,0.55,5,3,0,4.9806,1.0,wave,UNKNOWN,UNKNOWN,0.2467,0,57.969
4953,97.5284,,0,5.0,0.55,5,3,0,4.9969,1.0,wave,UNKNOWN,UNKNOWN,0.2467,0,59.011
4954,97.5432,,0,5.0,0.55,5,3,0,4.997,1.0,wave,UNKNOWN,UNKNOWN,0.2467,0,59.96
4955,97.5582,,0,5.0,0.55,5,3,0,4.9937,1.0,wave,UNKNOWN,UNKNOWN,0.2467,0,60.844
4956,97.5727,,0,5.0,0.55,5,3,0,4.9943,1.0,wave,UNKNOWN,UNKNOWN,0.2467,0,61.892
4957,97.587,,0,5.0,0.55,5,3,0,4.9947,1.0,wave,UNKNOWN,UNKNOWN,0.2467,0,61.992
4958,97.6021,,0,5.0,0.55,5,3,0,4.9943,1.0,wave,UNKNOWN,UNKNOWN,0.2467,0,62.236
4959,97.6178,,0,5.0,0.55,5,3,0,4.9944,1.0,wave,UNKNOWN,UNKNOWN,0.2467,0,62.655
4960,97.6327,,0,5.0,0.55,5,3,0,4.9937,1.0,wave,UNKNOWN,UNKNOWN,0.2467,0,62.625
4961,97.649,,0,5.0,0.55,5,3,0,4.9932,1.0,wave,UNKNOWN,UNKNOWN,0.2567,1,58.226
4962,97.7028,,0,5.0,0.55,5,3,0,4.9941,1.0,wave,UNKNOWN,UNKNOWN,0.2567,0,59.276
4963,97.7173,,0,5.0,0.55,5,3,0,4.9913,1.0,wave,UNKNOWN,UNKNOWN,0.2567,0,60.394
4964,97.7315,,0,5.0,0.55,5,3,0,4.9495,1.0,wave,UNKNOWN,UNKNOWN,0.2567,0,58.862
4965,97.7537,,0,5.0,0.55,5,3,0,4.9718,1.0,wave,UNKNOWN,UNKNOWN,0.2567,0,59.24
4966,97.7694,,0,5.0,0.55,5,3,0,4.9875,1.0,wave,UNKNOWN,UNKNOWN,0.2567,0,60.192
4967,97.784,,0,5.0,0.55,5,3,0,4.987,1.0,wave,UNKNOWN,UNKNOWN,0.2567,0,61.37
4968,97.7982,,0,5.0,0.55,5,3,0,4.9836,1.0,wave,UNKNOWN,UNKNOWN,0.2567,0,61.395
4969,97.8144,,0,5.0,0.55,5,3,0,4.9998,1.0,wave,UNKNOWN,UNKNOWN,0.2567,0,62.342
4970,97.8282,,0,5.0,0.55,5,3,0,4.9987,1.0,wave,UNKNOWN,UNKNOWN,0.2567,0,62.6
4971,97.8437,,0,5.0,0.55,5,3,0,4.9769,1.0,wave,UNKNOWN,UNKNOWN,0.2567,0,62.702
4972,97.8594,,0,5.0,0.55,5,3,0,4.9926,1.0,wave,UNKNOWN,UNKNOWN,0.2567,0,62.502
4973,97.8757,,0,5.0,0.55,5,3,0,4.9907,1.0,wave,UNKNOWN,UNKNOWN,0.2567,0,62.777
4974,97.8911,,0,5.0,0.55,5,3,0,4.9908,1.0,wave,UNKNOWN,UNKNOWN,0.2567,0,63.062
4975,97.9063,,0,5.0,0.55,5,3,0,4.9903,1.0,wave,UNKNOWN,UNKNOWN,0.2367,1,58.644
4976,97.9596,,0,5.0,0.55,5,3,0,4.986,1.0,wave,UNKNOWN,UNKNOWN,0.2367,0,59.779
4977,97.9741,,0,5.0,0.55,5,3,0,4.985,1.0,wave,UNKNOWN,UNKNOWN,0.2367,0,61.036
4978,97.9875,,0,5.0,0.55,5,3,0,4.9984,1.0,wave,UNKNOWN,UNKNOWN,0.2367,0,60.51
4979,98.0059,,0,5.0,0.55,5,3,0,4.9546,1.0,wave,UNKNOWN,UNKNOWN,0.2367,0,60.537
4980,98.0225,,0,5.0,0.55,5,3,0,4.9711,1.0,wave,UNKNOWN,UNKNOWN,0.2367,0,61.492
4981,98.0367,,0,5.0,0.55,5,3,0,4.9853,1.0,wave,UNKNOWN,UNKNOWN,0.2367,0,61.966
4982,98.0513,,0,5.0,0.55,5,3,0,4.9999,1.0,wave,UNKNOWN,UNKNOWN,0.2367,0,62.309
4983,98.0663,,0,5.0,0.55,5,3,0,4.9787,1.0,wave,UNKNOWN,UNKNOWN,0.2367,0,62.179
4984,98.0828,,0,5.0,0.55,5,3,0,4.9952,1.0,wave,UNKNOWN,UNKNOWN,0.2367,0,61.973
4985,98.0995,,0,5.0,0.55,5,3,0,4.9924,1.0,wave,UNKNOWN,UNKNOWN,0.2367,0,62.006
4986,98.1153,,0,5.0,0.55,5,3,0,4.984,1.0,wave,UNKNOWN,UNKNOWN,0.2367,0,62.077
4987,98.1313,,0,5.0,0.55,5,3,0,5.0,1.0,wave,UNKNOWN,UNKNOWN,0.2367,0,62.544
4988,98.1463,,0,5.0,0.55,5,3,0,4.9982,1.0,wave,UNKNOWN,UNKNOWN,0.2367,0,62.157
4989,98.1634,,0,5.0,0.55,5,3,0,4.9935,1.0,wave,UNKNOWN,UNKNOWN,0.2367,1,57.528
4990,98.2267,,0,5.0,0.55,5,3,0,4.9881,1.0,wave,UNKNOWN,UNKNOWN,0.2367,0,58.807
4991,98.2412,,0,5.0,0.55,5,3,0,4.9833,1.0,wave,UNKNOWN,UNKNOWN,0.2367,0,60.15
4992,98.2547,,0,5.0,0.55,5,3,0,4.9968,1.0,wave,UNKNOWN,UNKNOWN,0.2367,0,61.226
4993,98.2687,,0,5.0,0.55,5,3,0,4.9492,1.0,wave,UNKNOWN,UNKNOWN,0.2367,0,61.796
4994,98.2835,,0,5.0,0.55,5,3,0,4.964,1.0,wave,UNKNOWN,UNKNOWN,0.2367,0,61.856
4995,98.2995,,0,5.0,0.55,5,3,0,4.98,1.0,wave,UNKNOWN,UNKNOWN,0.2367,0,62.017
4996,98.3152,,0,5.0,0.55,5,3,0,4.9958,1.0,wave,UNKNOWN,UNKNOWN,0.2367,0,61.908
4997,98.3317,,0,5.0,0.55,5,3,0,4.991,1.0,wave,UNKNOWN,UNKNOWN,0.2367,0,62.187
4998,98.3472,,0,5.0,0.55,5,3,0,4.9899,1.0,wave,UNKNOWN,UNKNOWN,0.2367,0,62.335
4999,98.3628,,0,5.0,0.55,5,3,0,4.9891,1.0,wave,UNKNOWN,UNKNOWN,0.2367,0,62.909
5000,98.3778,,0,5.0,0.55,5,3,0,4.9872,1.0,wave,UNKNOWN,UNKNOWN,0.2367,0,63.881
5001,98.3921,,0,5.0,0.55,5,3,0,4.9848,1.0,wave,UNKNOWN,UNKNOWN,0.2367,0,64.684
5002,98.4056,,0,5.0,0.55,5,3,0,4.9983,1.0,wave,UNKNOWN,UNKNOWN,0.2367,0,64.092
5003,98.4228,,0,5.0,0.55,5,3,0,4.9981,1.0,wave,UNKNOWN,UNKNOWN,0.2533,1,59.318
5004,98.4837,,0,5.0,0.55,5,3,0,4.9917,1.0,wave,UNKNOWN,UNKNOWN,0.2533,0,60.106
5005,98.4986,,0,5.0,0.55,5,3,0,4.9894,1.0,wave,UNKNOWN,UNKNOWN,0.2533,0,61.338
5006,98.5126,,0,5.0,0.55,5,3,0,4.9467,1.0,wave,UNKNOWN,UNKNOWN,0.2533,0,62.004
5007,98.5268,,0,5.0,0.55,5,3,0,4.9609,1.0,wave,UNKNOWN,UNKNOWN,0.2533,0,61.926
5008,98.5433,,0,5.0,0.55,5,3,0,4.9774,1.0,wave,UNKNOWN,UNKNOWN,0.2533,0,62.12
5009,98.5591,,0,5.0,0.55,5,3,0,4.9932,1.0,wave,UNKNOWN,UNKNOWN,0.2533,0,62.771
5010,98.5735,,0,5.0,0.55,5,3,0,4.993,1.0,wave,UNKNOWN,UNKNOWN,0.2533,0,63.188
5011,98.5884,,0,5.0,0.55,5,3,0,4.9931,1.0,wave,UNKNOWN,UNKNOWN,0.2533,0,63.153
5012,98.6044,,0,5.0,0.55,5,3,0,4.9943,1.0,wave,UNKNOWN,UNKNOWN,0.2533,0,63.213
5013,98.6198,,0,5.0,0.55,5,3,0,4.9939,1.0,wave,UNKNOWN,UNKNOWN,0.2533,0,63.06
5014,98.6363,,0,5.0,0.55,5,3,0,4.9937,1.0,wave,UNKNOWN,UNKNOWN,0.2533,0,63.831
5015,98.6505,,0,5.0,0.55,5,3,0,4.9924,1.0,wave,UNKNOWN,UNKNOWN,0.2533,0,64.145
5016,98.6655,,0,5.0,0.55,5,3,0,4.9922,1.0,wave,UNKNOWN,UNKNOWN,0.2533,0,63.791
5017,98.6821,,0,5.0,0.55,5,3,0,4.9936,1.0,wave,UNKNOWN,UNKNOWN,0.2667,1,59.01
5018,98.7446,,0,5.0,0.55,5,3,0,4.9771,1.0,wave,UNKNOWN,UNKNOWN,0.2667,0,58.302
5019,98.7634,,0,5.0,0.55,5,3,0,4.996,1.0,wave,UNKNOWN,UNKNOWN,0.2667,0,58.415
5020,98.7803,,0,5.0,0.55,5,3,0,4.9552,1.0,wave,UNKNOWN,UNKNOWN,0.2667,0,59.59
5021,98.7946,,0,5.0,0.55,5,3,0,4.9695,1.0,wave,UNKNOWN,UNKNOWN,0.2667,0,60.181
5022,98.81,,0,5.0,0.55,5,3,0,4.9849,1.0,wave,UNKNOWN,UNKNOWN,0.2667,0,61.425
5023,98.824,,0,5.0,0.55,5,3,0,4.9989,1.0,wave,UNKNOWN,UNKNOWN,0.2667,0,62.218
5024,98.8385,,0,5.0,0.55,5,3,0,4.9963,1.0,wave,UNKNOWN,UNKNOWN,0.2667,0,62.317
5025,98.8542,,0,5.0,0.55,5,3,0,4.9941,1.0,wave,UNKNOWN,UNKNOWN,0.2667,0,62.913
5026,98.8687,,0,5.0,0.55,5,3,0,4.9926,1.0,wave,UNKNOWN,UNKNOWN,0.2667,0,63.169
5027,98.8838,,0,5.0,0.55,5,3,0,4.9928,1.0,wave,UNKNOWN,UNKNOWN,0.2667,0,63.196
5028,98.8995,,0,5.0,0.55,5,3,0,4.9928,1.0,wave,UNKNOWN,UNKNOWN,0.2667,0,62.964
5029,98.9159,,0,5.0,0.55,5,3,0,4.9935,1.0,wave,UNKNOWN,UNKNOWN,0.2667,0,62.692
5030,98.9325,,0,5.0,0.55,5,3,0,4.9959,1.0,wave,UNKNOWN,UNKNOWN,0.2533,1,58.18
5031,98.99,,0,5.0,0.55,5,3,0,4.9936,1.0,wave,UNKNOWN,UNKNOWN,0.2533,0,57.791
5032,99.008,,0,5.0,0.55,5,3,0,4.9959,1.0,wave,UNKNOWN,UNKNOWN,0.2533,0,58.198
5033,99.0241,,0,5.0,0.55,5,3,0,4.995,1.0,wave,UNKNOWN,UNKNOWN,0.2533,0,57.3
5034,99.0444,,0,5.0,0.55,5,3,0,4.9601,1.0,wave,UNKNOWN,UNKNOWN,0.2533,0,57.308
5035,99.0619,,0,5.0,0.55,5,3,0,4.9776,1.0,wave,UNKNOWN,UNKNOWN,0.2533,0,58.027
5036,99.0773,,0,5.0,0.55,5,3,0,4.993,1.0,wave,UNKNOWN,UNKNOWN,0.2533,0,58.64
5037,99.0929,,0,5.0,0.55,5,3,0,4.9878,1.0,wave,UNKNOWN,UNKNOWN,0.2533,0,59.303
5038,99.1083,,0,5.0,0.55,5,3,0,4.9872,1.0,wave,UNKNOWN,UNKNOWN,0.2533,0,59.737
5039,99.1241,,0,5.0,0.55,5,3,0,4.9869,1.0,wave,UNKNOWN,UNKNOWN,0.2533,0,59.145
5040,99.1425,,0,5.0,0.55,5,3,0,4.9895,1.0,wave,UNKNOWN,UNKNOWN,0.2533,0,59.304
5041,99.159,,0,5.0,0.55,5,3,0,4.9895,1.0,wave,UNKNOWN,UNKNOWN,0.2533,0,59.047
5042,99.1768,,0,5.0,0.55,5,3,0,4.9896,1.0,wave,UNKNOWN,UNKNOWN,0.2533,0,59.162
5043,99.1933,,0,5.0,0.55,5,3,0,4.9892,1.0,wave,UNKNOWN,UNKNOWN,0.2467,1,55.151
5044,99.246,,0,5.0,0.55,5,3,0,4.9978,1.0,wave,UNKNOWN,UNKNOWN,0.2467,0,54.976
5045,99.2644,,0,5.0,0.55,5,3,0,4.9992,1.0,wave,UNKNOWN,UNKNOWN,0.2467,0,54.357
5046,99.2853,,0,5.0,0.55,5,3,0,4.9507,1.0,wave,UNKNOWN,UNKNOWN,0.2467,0,55.147
5047,99.301,,0,5.0,0.55,5,3,0,4.9665,1.0,wave,UNKNOWN,UNKNOWN,0.2467,0,55.745
5048,99.3174,,0,5.0,0.55,5,3,0,4.9829,1.0,wave,UNKNOWN,UNKNOWN,0.2467,0,56.432
5049,99.3334,,0,5.0,0.55,5,3,0,4.9988,1.0,wave,UNKNOWN,UNKNOWN,0.2467,0,57.772
5050,99.3481,,0,5.0,0.55,5,3,0,4.9993,1.0,wave,UNKNOWN,UNKNOWN,0.2467,0,56.535
5051,99.3698,,0,5.0,0.55,5,3,0,4.9917,1.0,wave,UNKNOWN,UNKNOWN,0.2467,0,57.452
5052,99.3849,,0,5.0,0.55,5,3,0,4.9904,1.0,wave,UNKNOWN,UNKNOWN,0.2467,0,55.979
5053,99.4083,,0,5.0,0.55,5,3,0,4.9983,1.0,wave,UNKNOWN,UNKNOWN,0.2467,0,58.032
5054,99.4216,,0,5.0,0.55,5,3,0,4.9964,1.0,wave,UNKNOWN,UNKNOWN,0.2467,0,59.228
5055,99.4361,,0,5.0,0.55,5,3,0,4.9954,1.0,wave,UNKNOWN,UNKNOWN,0.2467,0,59.914
5056,99.4508,,0,5.0,0.55,5,3,0,4.9928,1.0,wave,UNKNOWN,UNKNOWN,0.23,1,55.844
5057,99.5032,,0,5.0,0.55,5,3,0,4.9924,1.0,wave,UNKNOWN,UNKNOWN,0.23,0,57.424
5058,99.5171,,0,5.0,0.55,5,3,0,4.99,1.0,wave,UNKNOWN,UNKNOWN,0.23,0,58.907
5059,99.5306,,0,5.0,0.55,5,3,0,4.9866,1.0,wave,UNKNOWN,UNKNOWN,0.23,0,60.352
5060,99.5445,,0,5.0,0.55,5,3,0,4.943,1.0,wave,UNKNOWN,UNKNOWN,0.23,0,60.57
5061,99.5602,,0,5.0,0.55,5,3,0,4.9588,1.0,wave,UNKNOWN,UNKNOWN,0.23,0,61.323
5062,99.5749,,0,5.0,0.55,5,3,0,4.9735,1.0,wave,UNKNOWN,UNKNOWN,0.23,0,61.318
5063,99.5912,,0,5.0,0.55,5,3,0,4.9897,1.0,wave,UNKNOWN,UNKNOWN,0.23,0,61.552
5064,99.6069,,0,5.0,0.55,5,3,0,4.99,1.0,wave,UNKNOWN,UNKNOWN,0.23,0,60.743
5065,99.6256,,0,5.0,0.55,5,3,0,4.9952,1.0,wave,UNKNOWN,UNKNOWN,0.23,0,60.5
5066,99.6428,,0,5.0,0.55,5,3,0,4.9978,1.0,wave,UNKNOWN,UNKNOWN,0.23,0,60.204
5067,99.6603,,0,5.0,0.55,5,3,0,4.9962,1.0,wave,UNKNOWN,UNKNOWN,0.23,0,60.108
5068,99.6772,,0,5.0,0.55,5,3,0,4.9989,1.0,wave,UNKNOWN,UNKNOWN,0.23,0,60.968
5069,99.6915,,0,5.0,0.55,5,3,0,4.9988,1.0,wave,UNKNOWN,UNKNOWN,0.23,0,61.546
5070,99.7067,,0,5.0,0.55,5,3,0,4.9983,1.0,wave,UNKNOWN,UNKNOWN,0.2467,1,57.189
5071,99.763,,0,5.0,0.55,5,3,0,4.9917,1.0,wave,UNKNOWN,UNKNOWN,0.2467,0,56.398
5072,99.7827,,0,5.0,0.55,5,3,0,4.9975,1.0,wave,UNKNOWN,UNKNOWN,0.2467,0,55.846
5073,99.8027,,0,5.0,0.55,5,3,0,4.9378,1.0,wave,UNKNOWN,UNKNOWN,0.2467,0,56.743
5074,99.8177,,0,5.0,0.55,5,3,0,4.9527,1.0,wave,UNKNOWN,UNKNOWN,0.2467,0,57.8
5075,99.8324,,0,5.0,0.55,5,3,0,4.9675,1.0,wave,UNKNOWN,UNKNOWN,0.2467,0,58.453
5076,99.848,,0,5.0,0.55,5,3,0,4.9831,1.0,wave,UNKNOWN,UNKNOWN,0.2467,0,59.684
5077,99.8622,,0,5.0,0.55,5,3,0,4.9972,1.0,wave,UNKNOWN,UNKNOWN,0.2467,0,61.313
5078,99.8752,,0,5.0,0.55,5,3,0,4.9956,1.0,wave,UNKNOWN,UNKNOWN,0.2467,0,62.172
5079,99.8898,,0,5.0,0.55,5,3,0,4.9895,1.0,wave,UNKNOWN,UNKNOWN,0.2467,0,62.525
5080,99.905,,0,5.0,0.55,5,3,0,4.987,1.0,wave,UNKNOWN,UNKNOWN,0.2467,0,62.943
5081,99.9199,,0,5.0,0.55,5,3,0,4.9857,1.0,wave,UNKNOWN,UNKNOWN,0.2467,0,61.335
5082,99.9413,,0,5.0,0.55,5,3,0,4.9918,1.0,wave,UNKNOWN,UNKNOWN,0.2467,0,62.607
5083,99.9547,,0,5.0,0.55,5,3,0,4.9883,1.0,wave,UNKNOWN,UNKNOWN,0.2467,0,62.899
5084,99.97,,0,5.0,0.55,5,3,0,4.99,1.0,wave,UNKNOWN,UNKNOWN,0.2533,1,58.499
5085,100.0231,,0,5.0,0.55,5,3,0,4.9982,1.0,wave,UNKNOWN,UNKNOWN,0.2533,0,59.742
5086,100.0374,,0,5.0,0.55,5,3,0,4.9978,1.0,wave,UNKNOWN,UNKNOWN,0.2533,0,58.095
5087,100.06,,0,5.0,0.55,5,3,0,4.9978,1.0,wave,UNKNOWN,UNKNOWN,0.2533,0,58.847
5088,100.0752,,0,5.0,0.55,5,3,0,4.9605,1.0,wave,UNKNOWN,UNKNOWN,0.2533,0,60.413
5089,100.0893,,0,5.0,0.55,5,3,0,4.9746,1.0,wave,UNKNOWN,UNKNOWN,0.2533,0,58.928
5090,100.1108,,0,5.0,0.55,5,3,0,4.9961,1.0,wave,UNKNOWN,UNKNOWN,0.2533,0,58.969
5091,100.1276,,0,5.0,0.55,5,3,0,4.9979,1.0,wave,UNKNOWN,UNKNOWN,0.2533,0,59.857
5092,100.1423,,0,5.0,0.55,5,3,0,4.9987,1.0,wave,UNKNOWN,UNKNOWN,0.2533,0,61.091
5093,100.1561,,0,5.0,0.55,5,3,0,4.9984,1.0,wave,UNKNOWN,UNKNOWN,0.2533,0,62.621
5094,100.1694,,0,5.0,0.55,5,3,0,4.9962,1.0,wave,UNKNOWN,UNKNOWN,0.2533,0,62.221
5095,100.1868,,0,5.0,0.55,5,3,0,4.9982,1.0,wave,UNKNOWN,UNKNOWN,0.2533,0,62.42
5096,100.2018,,0,5.0,0.55,5,3,0,4.9975,1.0,wave,UNKNOWN,UNKNOWN,0.2533,0,62.993
5097,100.2165,,0,5.0,0.55,5,3,0,4.9966,1.0,wave,UNKNOWN,UNKNOWN,0.2533,0,63.026
5098,100.2322,,0,5.0,0.55,5,3,0,4.9963,1.0,wave,UNKNOWN,UNKNOWN,0.2633,1,58.603
5099,100.2858,,0,5.0,0.55,5,3,0,4.9882,1.0,wave,UNKNOWN,UNKNOWN,0.2633,0,58.576
5100,100.3027,,0,5.0,0.55,5,3,0,4.992,1.0,wave,UNKNOWN,UNKNOWN,0.2633,0,58.582
5101,100.3199,,0,5.0,0.55,5,3,0,4.9949,1.0,wave,UNKNOWN,UNKNOWN,0.2633,0,58.983
5102,100.3356,,0,5.0,0.55,5,3,0,4.9401,1.0,wave,UNKNOWN,UNKNOWN,0.2633,0,60.089
5103,100.35,,0,5.0,0.55,5,3,0,4.9545,1.0,wave,UNKNOWN,UNKNOWN,0.2633,0,61.17
5104,100.3644,,0,5.0,0.55,5,3,0,4.9689,1.0,wave,UNKNOWN,UNKNOWN,0.2633,0,59.303
5105,100.3878,,0,5.0,0.55,5,3,0,4.9923,1.0,wave,UNKNOWN,UNKNOWN,0.2633,0,59.688
5106,100.4035,,0,5.0,0.55,5,3,0,4.9935,1.0,wave,UNKNOWN,UNKNOWN,0.2633,0,59.928
5107,100.4197,,0,5.0,0.55,5,3,0,4.9884,1.0,wave,UNKNOWN,UNKNOWN,0.2633,0,60.007
5108,100.4359,,0,5.0,0.55,5,3,0,4.9887,1.0,wave,UNKNOWN,UNKNOWN,0.2633,0,61.059
5109,100.4502,,0,5.0,0.55,5,3,0,4.9861,1.0,wave,UNKNOWN,UNKNOWN,0.2633,0,62.007
5110,100.4648,,0,5.0,0.55,5,3,0,4.9846,1.0,wave,UNKNOWN,UNKNOWN,0.2633,0,61.384
5111,100.4825,,0,5.0,0.55,5,3,0,4.9826,1.0,wave,UNKNOWN,UNKNOWN,0.29,1,57.104
5112,100.5365,,0,5.0,0.55,5,3,0,4.9906,1.0,wave,UNKNOWN,UNKNOWN,0.29,0,57.92
5113,100.5515,,0,5.0,0.55,5,3,0,4.9814,1.0,wave,UNKNOWN,UNKNOWN,0.29,0,59.666
5114,100.5649,,0,5.0,0.55,5,3,0,4.9948,1.0,wave,UNKNOWN,UNKNOWN,0.29,0,60.476
5115,100.5795,,0,5.0,0.55,5,3,0,4.9958,1.0,wave,UNKNOWN,UNKNOWN,0.29,0,59.935
5116,100.5982,,0,5.0,0.55,5,3,0,4.9633,1.0,wave,UNKNOWN,UNKNOWN,0.29,0,59.689
5117,100.6155,,0,5.0,0.55,5,3,0,4.9806,1.0,wave,UNKNOWN,UNKNOWN,0.29,0,60.599
5118,100.6298,,0,5.0,0.55,5,3,0,4.9949,1.0,wave,UNKNOWN,UNKNOWN,0.29,0,61.089
5119,100.645,,0,5.0,0.55,5,3,0,4.9961,1.0,wave,UNKNOWN,UNKNOWN,0.29,0,61.078
5120,100.6615,,0,5.0,0.55,5,3,0,4.9979,1.0,wave,UNKNOWN,UNKNOWN,0.29,0,61.727
5121,100.676,,0,5.0,0.55,5,3,0,4.9983,1.0,wave,UNKNOWN,UNKNOWN,0.29,0,61.94
5122,100.6919,,0,5.0,0.55,5,3,0,4.9982,1.0,wave,UNKNOWN,UNKNOWN,0.29,0,62.127
5123,100.7076,,0,5.0,0.55,5,3,0,4.9992,1.0,wave,UNKNOWN,UNKNOWN,0.29,0,62.209
5124,100.7235,,0,5.0,0.55,5,3,0,4.9985,1.0,wave,UNKNOWN,UNKNOWN,0.29,0,62.055
5125,100.7397,,0,5.0,0.55,5,3,0,4.9975,1.0,wave,UNKNOWN,UNKNOWN,0.2867,1,57.508
5126,100.8003,,0,5.0,0.55,5,3,0,4.9892,1.0,wave,UNKNOWN,UNKNOWN,0.2867,0,57.456
5127,100.8177,,0,5.0,0.55,5,3,0,4.9913,1.0,wave,UNKNOWN,UNKNOWN,0.2867,0,57.755
5128,100.8341,,0,5.0,0.55,5,3,0,4.9909,1.0,wave,UNKNOWN,UNKNOWN,0.2867,0,56.65
5129,100.8555,,0,5.0,0.55,5,3,0,4.9592,1.0,wave,UNKNOWN,UNKNOWN,0.2867,0,57.454
5130,100.871,,0,5.0,0.55,5,3,0,4.9747,1.0,wave,UNKNOWN,UNKNOWN,0.2867,0,58.038
5131,100.8869,,0,5.0,0.55,5,3,0,4.9906,1.0,wave,UNKNOWN,UNKNOWN,0.2867,0,58.637
5132,100.9024,,0,5.0,0.55,5,3,0,4.9919,1.0,wave,UNKNOWN,UNKNOWN,0.2867,0,58.434
5133,100.9206,,0,5.0,0.55,5,3,0,4.9957,1.0,wave,UNKNOWN,UNKNOWN,0.2867,0,58.585
5134,100.937,,0,5.0,0.55,5,3,0,4.9979,1.0,wave,UNKNOWN,UNKNOWN,0.2867,0,58.886
5135,100.953,,0,5.0,0.55,5,3,0,4.9983,1.0,wave,UNKNOWN,UNKNOWN,0.2867,0,59.145
5136,100.9693,,0,5.0,0.55,5,3,0,4.9845,1.0,wave,UNKNOWN,UNKNOWN,0.2867,0,59.447
5137,100.9853,,0,5.0,0.55,5,3,0,4.9849,1.0,wave,UNKNOWN,UNKNOWN,0.2867,0,59.417
5138,101.0022,,0,5.0,0.55,5,3,0,4.986,1.0,wave,UNKNOWN,UNKNOWN,0.26,1,55.243
5139,101.0594,,0,5.0,0.55,5,3,0,4.9944,1.0,wave,UNKNOWN,UNKNOWN,0.26,0,56.549
5140,101.0747,,0,5.0,0.55,5,3,0,4.9903,1.0,wave,UNKNOWN,UNKNOWN,0.26,0,57.699
5141,101.089,,0,5.0,0.55,5,3,0,4.9884,1.0,wave,UNKNOWN,UNKNOWN,0.26,0,58.915
5142,101.1025,,0,5.0,0.55,5,3,0,4.947,1.0,wave,UNKNOWN,UNKNOWN,0.26,0,59.704
5143,101.1176,,0,5.0,0.55,5,3,0,4.9622,1.0,wave,UNKNOWN,UNKNOWN,0.26,0,59.819
5144,101.134,,0,5.0,0.55,5,3,0,4.9785,1.0,wave,UNKNOWN,UNKNOWN,0.26,0,59.891
5145,101.1505,,0,5.0,0.55,5,3,0,4.9951,1.0,wave,UNKNOWN,UNKNOWN,0.26,0,59.619
5146,101.1682,,0,5.0,0.55,5,3,0,4.9983,1.0,wave,UNKNOWN,UNKNOWN,0.26,0,59.346
5147,101.1855,,0,5.0,0.55,5,3,0,4.9873,1.0,wave,UNKNOWN,UNKNOWN,0.26,0,59.274
5148,101.2026,,0,5.0,0.55,5,3,0,4.9889,1.0,wave,UNKNOWN,UNKNOWN,0.26,0,58.694
5149,101.223,,0,5.0,0.55,5,3,0,4.9936,1.0,wave,UNKNOWN,UNKNOWN,0.26,0,56.432
5150,101.2489,,0,5.0,0.55,5,3,0,4.9866,1.0,wave,UNKNOWN,UNKNOWN,0.26,0,56.311
5151,101.2671,,0,5.0,0.55,5,3,0,4.9888,1.0,wave,UNKNOWN,UNKNOWN,0.28,1,52.342
5152,101.3276,,0,5.0,0.55,5,3,0,4.9845,1.0,wave,UNKNOWN,UNKNOWN,0.28,0,54.227
5153,101.3423,,0,5.0,0.55,5,3,0,4.9992,1.0,wave,UNKNOWN,UNKNOWN,0.28,0,55.833
5154,101.3561,,0,5.0,0.55,5,3,0,4.9968,1.0,wave,UNKNOWN,UNKNOWN,0.28,0,57.362
5155,101.3697,,0,5.0,0.55,5,3,0,4.9442,1.0,wave,UNKNOWN,UNKNOWN,0.28,0,58.541
5156,101.3839,,0,5.0,0.55,5,3,0,4.9583,1.0,wave,UNKNOWN,UNKNOWN,0.28,0,59.652
5157,101.3983,,0,5.0,0.55,5,3,0,4.9727,1.0,wave,UNKNOWN,UNKNOWN,0.28,0,60.338
5158,101.4134,,0,5.0,0.55,5,3,0,4.9878,1.0,wave,UNKNOWN,UNKNOWN,0.28,0,60.916
5159,101.4285,,0,5.0,0.55,5,3,0,4.9842,1.0,wave,UNKNOWN,UNKNOWN,0.28,0,62.174
5160,101.4433,,0,5.0,0.55,5,3,0,4.9989,1.0,wave,UNKNOWN,UNKNOWN,0.28,0,62.738
5161,101.4573,,0,5.0,0.55,5,3,0,4.9982,1.0,wave,UNKNOWN,UNKNOWN,0.28,0,61.601
5162,101.4765,,0,5.0,0.55,5,3,0,4.9891,1.0,wave,UNKNOWN,UNKNOWN,0.28,0,63.107
5163,101.4903,,0,5.0,0.55,5,3,0,4.989,1.0,wave,UNKNOWN,UNKNOWN,0.28,0,63.721
5164,101.5038,,0,5.0,0.55,5,3,0,4.9883,1.0,wave,UNKNOWN,UNKNOWN,0.28,0,64.069
5165,101.5188,,0,5.0,0.55,5,3,0,4.9875,1.0,wave,UNKNOWN,UNKNOWN,0.2667,1,59.276
5166,101.5811,,0,5.0,0.55,5,3,0,4.9865,1.0,wave,UNKNOWN,UNKNOWN,0.2667,0,59.78
5167,101.5962,,0,5.0,0.55,5,3,0,4.9869,1.0,wave,UNKNOWN,UNKNOWN,0.2667,0,60.619
5168,101.6115,,0,5.0,0.55,5,3,0,4.9503,1.0,wave,UNKNOWN,UNKNOWN,0.2667,0,61.747
5169,101.6256,,0,5.0,0.55,5,3,0,4.9644,1.0,wave,UNKNOWN,UNKNOWN,0.2667,0,62.572
5170,101.6396,,0,5.0,0.55,5,3,0,4.9783,1.0,wave,UNKNOWN,UNKNOWN,0.2667,0,62.956
5171,101.6551,,0,5.0,0.55,5,3,0,4.9939,1.0,wave,UNKNOWN,UNKNOWN,0.2667,0,62.746
5172,101.6707,,0,5.0,0.55,5,3,0,4.9946,1.0,wave,UNKNOWN,UNKNOWN,0.2667,0,60.526
5173,101.696,,0,5.0,0.55,5,3,0,4.9907,1.0,wave,UNKNOWN,UNKNOWN,0.2667,0,60.565
5174,101.7122,,0,5.0,0.55,5,3,0,4.9931,1.0,wave,UNKNOWN,UNKNOWN,0.2667,0,61.672
5175,101.7271,,0,5.0,0.55,5,3,0,4.9849,1.0,wave,UNKNOWN,UNKNOWN,0.2667,0,62.312
5176,101.7406,,0,5.0,0.55,5,3,0,4.9985,1.0,wave,UNKNOWN,UNKNOWN,0.2667,0,63.03
5177,101.7551,,0,5.0,0.55,5,3,0,4.9994,1.0,wave,UNKNOWN,UNKNOWN,0.2667,0,63.325
5178,101.7698,,0,5.0,0.55,5,3,0,4.991,1.0,wave,UNKNOWN,UNKNOWN,0.2733,1,58.583
5179,101.833,,0,5.0,0.55,5,3,0,4.9967,1.0,wave,UNKNOWN,UNKNOWN,0.2733,0,59.401
5180,101.8476,,0,5.0,0.55,5,3,0,4.9964,1.0,wave,UNKNOWN,UNKNOWN,0.2733,0,59.811
5181,101.8634,,0,5.0,0.55,5,3,0,4.997,1.0,wave,UNKNOWN,UNKNOWN,0.2733,0,61.159
5182,101.8777,,0,5.0,0.55,5,3,0,4.956,1.0,wave,UNKNOWN,UNKNOWN,0.2733,0,62.17
5183,101.8916,,0,5.0,0.55,5,3,0,4.97,1.0,wave,UNKNOWN,UNKNOWN,0.2733,0,62.768
5184,101.9062,,0,5.0,0.55,5,3,0,4.9846,1.0,wave,UNKNOWN,UNKNOWN,0.2733,0,63.262
5185,101.9207,,0,5.0,0.55,5,3,0,4.999,1.0,wave,UNKNOWN,UNKNOWN,0.2733,0,61.66
5186,101.9429,,0,5.0,0.55,5,3,0,4.9934,1.0,wave,UNKNOWN,UNKNOWN,0.2733,0,62.33
5187,101.9566,,0,5.0,0.55,5,3,0,4.9864,1.0,wave,UNKNOWN,UNKNOWN,0.2733,0,62.871
5188,101.9711,,0,5.0,0.55,5,3,0,4.9864,1.0,wave,UNKNOWN,UNKNOWN,0.2733,0,63.146
5189,101.9863,,0,5.0,0.55,5,3,0,4.9847,1.0,wave,UNKNOWN,UNKNOWN,0.2733,0,63.75
5190,102.0007,,0,5.0,0.55,5,3,0,4.999,1.0,wave,UNKNOWN,UNKNOWN,0.2733,0,64.122
5191,102.0155,,0,5.0,0.55,5,3,0,4.9845,1.0,wave,UNKNOWN,UNKNOWN,0.2733,0,64.045
5192,102.0315,,0,5.0,0.55,5,3,0,4.9803,1.0,wave,UNKNOWN,UNKNOWN,0.3233,1,59.406
5193,102.0886,,0,5.0,0.55,5,3,0,4.995,1.0,wave,UNKNOWN,UNKNOWN,0.3233,0,60.283
5194,102.1026,,0,5.0,0.55,5,3,0,4.9929,1.0,wave,UNKNOWN,UNKNOWN,0.3233,0,61.181
5195,102.1177,,0,5.0,0.55,5,3,0,4.9896,1.0,wave,UNKNOWN,UNKNOWN,0.3233,0,61.514
5196,102.1328,,0,5.0,0.55,5,3,0,4.9506,1.0,wave,UNKNOWN,UNKNOWN,0.3233,0,61.926
5197,102.1484,,0,5.0,0.55,5,3,0,4.9661,1.0,wave,UNKNOWN,UNKNOWN,0.3233,0,62.222
5198,102.1634,,0,5.0,0.55,5,3,0,4.9811,1.0,wave,UNKNOWN,UNKNOWN,0.3233,0,62.466
5199,102.1786,,0,5.0,0.55,5,3,0,4.9964,1.0,wave,UNKNOWN,UNKNOWN,0.3233,0,63.631
5200,102.1934,,0,5.0,0.55,5,3,0,4.9969,1.0,wave,UNKNOWN,UNKNOWN,0.3233,0,63.777
5201,102.2078,,0,5.0,0.55,5,3,0,4.9959,1.0,wave,UNKNOWN,UNKNOWN,0.3233,0,64.516
5202,102.222,,0,5.0,0.55,5,3,0,4.9958,1.0,wave,UNKNOWN,UNKNOWN,0.3233,0,64.168
5203,102.2381,,0,5.0,0.55,5,3,0,4.9939,1.0,wave,UNKNOWN,UNKNOWN,0.3233,0,64.209
5204,102.2535,,0,5.0,0.55,5,3,0,4.9951,1.0,wave,UNKNOWN,UNKNOWN,0.3233,0,64.765
5205,102.2688,,0,5.0,0.55,5,3,0,4.9946,1.0,wave,UNKNOWN,UNKNOWN,0.3233,0,65.001
5206,102.2827,,0,5.0,0.55,5,3,0,4.9945,1.0,wave,UNKNOWN,UNKNOWN,0.3133,1,60.07
5207,102.3464,,0,5.0,0.55,5,3,0,4.9985,1.0,wave,UNKNOWN,UNKNOWN,0.3133,0,60.673
5208,102.3616,,0,5.0,0.55,5,3,0,4.9916,1.0,wave,UNKNOWN,UNKNOWN,0.3133,0,60.131
5209,102.3797,,0,5.0,0.55,5,3,0,4.9925,1.0,wave,UNKNOWN,UNKNOWN,0.3133,0,61.337
5210,102.3944,,0,5.0,0.55,5,3,0,4.9511,1.0,wave,UNKNOWN,UNKNOWN,0.3133,0,62.225
5211,102.4083,,0,5.0,0.55,5,3,0,4.965,1.0,wave,UNKNOWN,UNKNOWN,0.3133,0,63.324
5212,102.4218,,0,5.0,0.55,5,3,0,4.9785,1.0,wave,UNKNOWN,UNKNOWN,0.3133,0,63.613
5213,102.4366,,0,5.0,0.55,5,3,0,4.9933,1.0,wave,UNKNOWN,UNKNOWN,0.3133,0,64.011
5214,102.4514,,0,5.0,0.55,5,3,0,4.9926,1.0,wave,UNKNOWN,UNKNOWN,0.3133,0,63.509
5215,102.4682,,0,5.0,0.55,5,3,0,4.9876,1.0,wave,UNKNOWN,UNKNOWN,0.3133,0,63.696
5216,102.4835,,0,5.0,0.55,5,3,0,4.9872,1.0,wave,UNKNOWN,UNKNOWN,0.3133,0,63.778
5217,102.499,,0,5.0,0.55,5,3,0,4.9869,1.0,wave,UNKNOWN,UNKNOWN,0.3133,0,63.979
5218,102.5142,,0,5.0,0.55,5,3,0,4.9858,1.0,wave,UNKNOWN,UNKNOWN,0.3133,0,64.185
5219,102.5295,,0,5.0,0.55,5,3,0,4.9863,1.0,wave,UNKNOWN,UNKNOWN,0.3133,0,63.382
5220,102.5475,,0,5.0,0.55,5,3,0,4.9892,1.0,wave,UNKNOWN,UNKNOWN,0.2967,1,58.572
5221,102.6118,,0,5.0,0.55,5,3,0,4.994,1.0,wave,UNKNOWN,UNKNOWN,0.2967,0,60.95
5222,102.6259,,0,5.0,0.55,5,3,0,4.9933,1.0,wave,UNKNOWN,UNKNOWN,0.2967,0,61.77
5223,102.6398,,0,5.0,0.55,5,3,0,4.9908,1.0,wave,UNKNOWN,UNKNOWN,0.2967,0,61.434
5224,102.6572,,0,5.0,0.55,5,3,0,4.9544,1.0,wave,UNKNOWN,UNKNOWN,0.2967,0,61.793
5225,102.6723,,0,5.0,0.55,5,3,0,4.9695,1.0,wave,UNKNOWN,UNKNOWN,0.2967,0,61.225
5226,102.6903,,0,5.0,0.55,5,3,0,4.9875,1.0,wave,UNKNOWN,UNKNOWN,0.2967,0,61.608
5227,102.7052,,0,5.0,0.55,5,3,0,4.9879,1.0,wave,UNKNOWN,UNKNOWN,0.2967,0,61.931
5228,102.7205,,0,5.0,0.55,5,3,0,4.989,1.0,wave,UNKNOWN,UNKNOWN,0.2967,0,62.444
5229,102.7359,,0,5.0,0.55,5,3,0,4.9822,1.0,wave,UNKNOWN,UNKNOWN,0.2967,0,62.194
5230,102.7521,,0,5.0,0.55,5,3,0,4.9984,1.0,wave,UNKNOWN,UNKNOWN,0.2967,0,60.964
5231,102.7745,,0,5.0,0.55,5,3,0,4.9906,1.0,wave,UNKNOWN,UNKNOWN,0.2967,0,59.852
5232,102.7937,,0,5.0,0.55,5,3,0,4.9956,1.0,wave,UNKNOWN,UNKNOWN,0.2967,0,59.697
5233,102.8101,,0,5.0,0.55,5,3,0,4.9957,1.0,wave,UNKNOWN,UNKNOWN,0.2733,1,55.295
5234,102.8743,,0,5.0,0.55,5,3,0,4.9986,1.0,wave,UNKNOWN,UNKNOWN,0.2733,0,56.143
5235,102.8902,,0,5.0,0.55,5,3,0,4.9991,1.0,wave,UNKNOWN,UNKNOWN,0.2733,0,56.203
5236,102.9082,,0,5.0,0.55,5,3,0,4.9486,1.0,wave,UNKNOWN,UNKNOWN,0.2733,0,55.863
5237,102.927,,0,5.0,0.55,5,3,0,4.9674,1.0,wave,UNKNOWN,UNKNOWN,0.2733,0,54.681
5238,102.9485,,0,5.0,0.55,5,3,0,4.9889,1.0,wave,UNKNOWN,UNKNOWN,0.2733,0,55.296
5239,102.965,,0,5.0,0.55,5,3,0,4.9909,1.0,wave,UNKNOWN,UNKNOWN,0.2733,0,55.4
5240,102.983,,0,5.0,0.55,5,3,0,4.9955,1.0,wave,UNKNOWN,UNKNOWN,0.2733,0,55.069
5241,103.0028,,0,5.0,0.55,5,3,0,4.9968,1.0,wave,UNKNOWN,UNKNOWN,0.2733,0,55.899
5242,103.0172,,0,5.0,0.55,5,3,0,4.9947,1.0,wave,UNKNOWN,UNKNOWN,0.2733,0,57.385
5243,103.0313,,0,5.0,0.55,5,3,0,4.9946,1.0,wave,UNKNOWN,UNKNOWN,0.2733,0,58.039
5244,103.0474,,0,5.0,0.55,5,3,0,4.9961,1.0,wave,UNKNOWN,UNKNOWN,0.2733,0,58.533
5245,103.0629,,0,5.0,0.55,5,3,0,4.9966,1.0,wave,UNKNOWN,UNKNOWN,0.2867,1,54.557
5246,103.1163,,0,5.0,0.55,5,3,0,4.985,1.0,wave,UNKNOWN,UNKNOWN,0.2867,0,55.795
5247,103.131,,0,5.0,0.55,5,3,0,4.9998,1.0,wave,UNKNOWN,UNKNOWN,0.2867,0,57.583
5248,103.1453,,0,5.0,0.55,5,3,0,4.9989,1.0,wave,UNKNOWN,UNKNOWN,0.2867,0,58.863
5249,103.1592,,0,5.0,0.55,5,3,0,4.9959,1.0,wave,UNKNOWN,UNKNOWN,0.2867,0,60.013
5250,103.1733,,0,5.0,0.55,5,3,0,4.9466,1.0,wave,UNKNOWN,UNKNOWN,0.2867,0,60.818
5251,103.1879,,0,5.0,0.55,5,3,0,4.9612,1.0,wave,UNKNOWN,UNKNOWN,0.2867,0,61.395
5252,103.2028,,0,5.0,0.55,5,3,0,4.9761,1.0,wave,UNKNOWN,UNKNOWN,0.2867,0,62.384
5253,103.2168,,0,5.0,0.55,5,3,0,4.9901,1.0,wave,UNKNOWN,UNKNOWN,0.2867,0,63.379
5254,103.2308,,0,5.0,0.55,5,3,0,4.9896,1.0,wave,UNKNOWN,UNKNOWN,0.2867,0,63.76
5255,103.2465,,0,5.0,0.55,5,3,0,4.9918,1.0,wave,UNKNOWN,UNKNOWN,0.2867,0,63.754
5256,103.2617,,0,5.0,0.55,5,3,0,4.993,1.0,wave,UNKNOWN,UNKNOWN,0.2867,0,61.259
5257,103.2872,,0,5.0,0.55,5,3,0,4.9877,1.0,wave,UNKNOWN,UNKNOWN,0.2867,0,60.484
5258,103.3062,,0,5.0,0.55,5,3,0,4.9909,1.0,wave,UNKNOWN,UNKNOWN,0.2867,0,61.044
5259,103.3209,,0,5.0,0.55,5,3,0,4.9892,1.0,wave,UNKNOWN,UNKNOWN,0.2967,1,56.674
5260,103.379,,0,5.0,0.55,5,3,0,4.9868,1.0,wave,UNKNOWN,UNKNOWN,0.2967,0,57.386
5261,103.3952,,0,5.0,0.55,5,3,0,4.9896,1.0,wave,UNKNOWN,UNKNOWN,0.2967,0,57.493
5262,103.412,,0,5.0,0.55,5,3,0,4.9893,1.0,wave,UNKNOWN,UNKNOWN,0.2967,0,58.343
5263,103.427,,0,5.0,0.55,5,3,0,4.9433,1.0,wave,UNKNOWN,UNKNOWN,0.2967,0,59.782
5264,103.4407,,0,5.0,0.55,5,3,0,4.957,1.0,wave,UNKNOWN,UNKNOWN,0.2967,0,61.027
5265,103.4542,,0,5.0,0.55,5,3,0,4.9705,1.0,wave,UNKNOWN,UNKNOWN,0.2967,0,61.958
5266,103.4683,,0,5.0,0.55,5,3,0,4.9846,1.0,wave,UNKNOWN,UNKNOWN,0.2967,0,62.064
5267,103.4841,,0,5.0,0.55,5,3,0,4.9855,1.0,wave,UNKNOWN,UNKNOWN,0.2967,0,62.48
5268,103.4994,,0,5.0,0.55,5,3,0,4.9868,1.0,wave,UNKNOWN,UNKNOWN,0.2967,0,61.032
5269,103.5201,,0,5.0,0.55,5,3,0,4.9932,1.0,wave,UNKNOWN,UNKNOWN,0.2967,0,61.584
5270,103.535,,0,5.0,0.55,5,3,0,4.9917,1.0,wave,UNKNOWN,UNKNOWN,0.2967,0,62.307
5271,103.5496,,0,5.0,0.55,5,3,0,4.9905,1.0,wave,UNKNOWN,UNKNOWN,0.2967,0,63.106
5272,103.5638,,0,5.0,0.55,5,3,0,4.9903,1.0,wave,UNKNOWN,UNKNOWN,0.2967,0,63.932
5273,103.5782,,0,5.0,0.55,5,3,0,4.9897,1.0,wave,UNKNOWN,UNKNOWN,0.2933,1,59.106
5274,103.642,,0,5.0,0.55,5,3,0,4.9915,1.0,wave,UNKNOWN,UNKNOWN,0.2933,0,59.586
5275,103.6574,,0,5.0,0.55,5,3,0,4.9919,1.0,wave,UNKNOWN,UNKNOWN,0.2933,0,60.2
5276,103.6731,,0,5.0,0.55,5,3,0,4.9909,1.0,wave,UNKNOWN,UNKNOWN,0.2933,0,61.284
5277,103.6873,,0,5.0,0.55,5,3,0,4.9428,1.0,wave,UNKNOWN,UNKNOWN,0.2933,0,61.715
5278,103.702,,0,5.0,0.55,5,3,0,4.9574,1.0,wave,UNKNOWN,UNKNOWN,0.2933,0,62.917
5279,103.7153,,0,5.0,0.55,5,3,0,4.9708,1.0,wave,UNKNOWN,UNKNOWN,0.2933,0,63.525
5280,103.73,,0,5.0,0.55,5,3,0,4.9854,1.0,wave,UNKNOWN,UNKNOWN,0.2933,0,63.801
5281,103.7453,,0,5.0,0.55,5,3,0,4.9818,1.0,wave,UNKNOWN,UNKNOWN,0.2933,0,63.668
5282,103.7613,,0,5.0,0.55,5,3,0,4.9979,1.0,wave,UNKNOWN,UNKNOWN,0.2933,0,64.413
5283,103.7751,,0,5.0,0.55,5,3,0,4.9947,1.0,wave,UNKNOWN,UNKNOWN,0.2933,0,65.433
5284,103.7901,,0,5.0,0.55,5,3,0,4.9955,1.0,wave,UNKNOWN,UNKNOWN,0.2933,0,64.4
5285,103.8073,,0,5.0,0.55,5,3,0,4.9973,1.0,wave,UNKNOWN,UNKNOWN,0.2933,0,65.086
5286,103.8207,,0,5.0,0.55,5,3,0,4.9967,1.0,wave,UNKNOWN,UNKNOWN,0.2933,0,65.806
5287,103.8349,,0,5.0,0.55,5,3,0,4.9964,1.0,wave,UNKNOWN,UNKNOWN,0.29,1,60.637
5288,103.9061,,0,5.0,0.55,5,3,0,4.9902,1.0,wave,UNKNOWN,UNKNOWN,0.29,0,60.822
5289,103.9214,,0,5.0,0.55,5,3,0,4.9889,0.9962,wave,UNKNOWN,UNKNOWN,0.29,0,62.283
5290,103.9351,,0,5.0,0.55,5,3,0,4.9451,0.9923,wave,UNKNOWN,UNKNOWN,0.29,0,63.446
5291,103.9486,,0,5.0,0.55,5,3,0,4.9586,0.9885,wave,UNKNOWN,UNKNOWN,0.29,0,64.072
5292,103.9626,,0,5.0,0.55,5,3,0,4.9726,0.9847,wave,UNKNOWN,UNKNOWN,0.29,0,65.199
5293,103.9757,,0,5.0,0.55,5,3,0,4.9858,0.981,wave,UNKNOWN,UNKNOWN,0.29,0,66.383
5294,103.9887,,0,5.0,0.55,5,3,0,4.9987,0.9773,wave,UNKNOWN,UNKNOWN,0.29,0,67.76
5295,104.0013,,0,5.0,0.55,5,3,0,4.9933,0.9735,wave,UNKNOWN,UNKNOWN,0.29,0,68.963
5296,104.0136,,0,5.0,0.55,5,3,0,4.9895,0.9697,wave,UNKNOWN,UNKNOWN,0.29,0,69.833
5297,104.0272,,0,5.0,0.55,5,3,0,4.9828,0.9659,wave,UNKNOWN,UNKNOWN,0.29,0,70.554
5298,104.0398,,0,5.0,0.55,5,3,0,4.9954,0.9623,wave,UNKNOWN,UNKNOWN,0.29,0,71.258
5299,104.0536,,0,5.0,0.55,5,3,0,4.9917,0.9585,wave,UNKNOWN,UNKNOWN,0.29,0,71.117
5300,104.0667,,0,5.0,0.55,5,3,0,4.9894,0.9547,wave,UNKNOWN,UNKNOWN,0.29,0,72.162
5301,104.0793,,0,5.0,0.55,5,3,0,4.9864,0.9509,wave,UNKNOWN,UNKNOWN,0.29,0,71.086
5302,104.0956,,0,5.0,0.55,5,3,0,4.9873,0.9472,wave,UNKNOWN,UNKNOWN,0.28,1,65.628
5303,104.1566,,0,5.0,0.55,5,3,0,4.9977,0.943,wave,UNKNOWN,UNKNOWN,0.28,0,65.763
5304,104.1711,,0,5.0,0.55,5,3,0,4.9944,0.9392,wave,UNKNOWN,UNKNOWN,0.28,0,65.604
5305,104.1866,,0,5.0,0.55,5,3,0,4.9933,0.9354,wave,UNKNOWN,UNKNOWN,0.28,0,66.048
5306,104.2013,,0,5.0,0.55,5,3,0,4.9553,0.9316,wave,UNKNOWN,UNKNOWN,0.28,0,66.736
5307,104.2145,,0,5.0,0.55,5,3,0,4.9685,0.928,wave,UNKNOWN,UNKNOWN,0.28,0,67.277
5308,104.2284,,0,5.0,0.55,5,3,0,4.9824,0.9245,wave,UNKNOWN,UNKNOWN,0.28,0,68.076
5309,104.2417,,0,5.0,0.55,5,3,0,4.9956,0.9211,wave,UNKNOWN,UNKNOWN,0.28,0,68.83
5310,104.2547,,0,5.0,0.55,5,3,0,4.9903,0.9173,wave,UNKNOWN,UNKNOWN,0.28,0,69.965
5311,104.2673,,0,5.0,0.55,5,3,0,4.9821,0.9135,wave,UNKNOWN,UNKNOWN,0.28,0,70.633
5312,104.2805,,0,5.0,0.55,5,3,0,4.9952,0.9101,wave,UNKNOWN,UNKNOWN,0.28,0,70.232
5313,104.2943,,0,5.0,0.55,5,3,0,4.9932,0.9064,wave,UNKNOWN,UNKNOWN,0.28,0,71.134
5314,104.3085,,0,5.0,0.55,5,3,0,4.991,0.9026,wave,UNKNOWN,UNKNOWN,0.28,0,70.322
5315,104.324,,0,5.0,0.55,5,3,0,4.9906,0.8989,wave,UNKNOWN,UNKNOWN,0.28,0,71.395
5316,104.3364,,0,5.0,0.55,5,3,0,4.9883,0.8951,wave,UNKNOWN,UNKNOWN,0.28,0,70.953
5317,104.351,,0,5.0,0.55,5,3,0,4.9811,0.8914,wave,UNKNOWN,UNKNOWN,0.29,1,65.653
5318,104.4086,,0,5.0,0.55,5,3,0,4.9869,0.8868,wave,UNKNOWN,UNKNOWN,0.29,0,66.218
5319,104.4216,,0,5.0,0.55,5,3,0,4.9999,0.8835,wave,UNKNOWN,UNKNOWN,0.29,0,65.571
5320,104.4387,,0,5.0,0.55,5,3,0,4.9878,0.8792,wave,UNKNOWN,UNKNOWN,0.29,0,62.965
5321,104.4632,,0,5.0,0.55,5,3,0,4.96,0.8755,wave,UNKNOWN,UNKNOWN,0.29,0,61.22
5322,104.4859,,0,5.0,0.55,5,3,0,4.9827,0.8722,wave,UNKNOWN,UNKNOWN,0.29,0,61.268
5323,104.5021,,0,5.0,0.55,5,3,0,4.9989,0.8689,wave,UNKNOWN,UNKNOWN,0.29,0,60.203
5324,104.521,,0,5.0,0.55,5,3,0,4.9904,0.8647,wave,UNKNOWN,UNKNOWN,0.29,0,60.046
5325,104.5386,,0,5.0,0.55,5,3,0,4.9941,0.8609,wave,UNKNOWN,UNKNOWN,0.29,0,59.791
5326,104.5565,,0,5.0,0.55,5,3,0,4.9962,0.8571,wave,UNKNOWN,UNKNOWN,0.29,0,57.712
5327,104.5819,,0,5.0,0.55,5,3,0,4.9907,0.8528,wave,UNKNOWN,UNKNOWN,0.29,0,56.878
5328,104.6021,,0,5.0,0.55,5,3,0,4.9952,0.8491,wave,UNKNOWN,UNKNOWN,0.2867,1,52.756
5329,104.6654,,0,5.0,0.55,5,3,0,4.9882,0.8435,wave,UNKNOWN,UNKNOWN,0.2867,0,55.399
5330,104.6788,,0,5.0,0.55,5,3,0,4.9873,0.8397,wave,UNKNOWN,UNKNOWN,0.2867,0,55.951
5331,104.6947,,0,5.0,0.55,5,3,0,4.988,0.8359,wave,UNKNOWN,UNKNOWN,0.2867,0,57.846
5332,104.7085,,0,5.0,0.55,5,3,0,4.9455,0.8321,wave,UNKNOWN,UNKNOWN,0.2867,0,58.59
5333,104.7228,,0,5.0,0.55,5,3,0,4.9598,0.8289,wave,UNKNOWN,UNKNOWN,0.2867,0,59.739
5334,104.737,,0,5.0,0.55,5,3,0,4.974,0.8258,wave,UNKNOWN,UNKNOWN,0.2867,0,61.373
5335,104.75,,0,5.0,0.55,5,3,0,4.987,0.8226,wave,UNKNOWN,UNKNOWN,0.2867,0,62.985
5336,104.7633,,0,5.0,0.55,5,3,0,4.9806,0.8189,wave,UNKNOWN,UNKNOWN,0.2867,0,64.12
5337,104.7768,,0,5.0,0.55,5,3,0,4.994,0.8158,wave,UNKNOWN,UNKNOWN,0.2867,0,64.969
5338,104.7904,,0,5.0,0.55,5,3,0,4.9877,0.812,wave,UNKNOWN,UNKNOWN,0.2867,0,65.745
5339,104.804,,0,5.0,0.55,5,3,0,4.9863,0.8083,wave,UNKNOWN,UNKNOWN,0.2867,0,66.236
5340,104.8179,,0,5.0,0.55,5,3,0,4.9855,0.8045,wave,UNKNOWN,UNKNOWN,0.2867,0,67.729
5341,104.8309,,0,5.0,0.55,5,3,0,4.9986,0.8015,wave,UNKNOWN,UNKNOWN,0.2867,0,68.792
5342,104.8437,,0,5.0,0.55,5,3,0,4.9957,0.7978,wave,UNKNOWN,UNKNOWN,0.2867,0,69.341
5343,104.857,,0,5.0,0.55,5,3,0,4.9948,0.794,wave,UNKNOWN,UNKNOWN,0.2833,1,64.162
5344,104.9141,,0,5.0,0.55,5,3,0,4.9942,0.7879,wave,UNKNOWN,UNKNOWN,0.2833,0,65.323
5345,104.929,,0,5.0,0.55,5,3,0,4.9877,0.7841,wave,UNKNOWN,UNKNOWN,0.2833,0,64.546
5346,104.9452,,0,5.0,0.55,5,3,0,4.9905,0.7803,wave,UNKNOWN,UNKNOWN,0.2833,0,65.083
5347,104.9594,,0,5.0,0.55,5,3,0,4.9894,0.7765,wave,UNKNOWN,UNKNOWN,0.2833,0,65.862
5348,104.9723,,0,5.0,0.55,5,3,0,4.9492,0.7765,wave,UNKNOWN,UNKNOWN,0.2833,0,65.678
5349,104.9876,,0,5.0,0.55,5,3,0,4.9645,0.7774,wave,UNKNOWN,UNKNOWN,0.2833,0,65.669
5350,105.0033,,0,5.0,0.55,5,3,0,4.9801,0.7744,wave,UNKNOWN,UNKNOWN,0.2833,0,65.916
5351,105.0176,,0,5.0,0.55,5,3,0,4.9945,0.7715,wave,UNKNOWN,UNKNOWN,0.2833,0,66.953
5352,105.0308,,0,5.0,0.55,5,3,0,4.9934,0.7678,wave,UNKNOWN,UNKNOWN,0.2833,0,68.771
5353,105.0428,,0,5.0,0.55,5,3,0,4.9828,0.764,wave,UNKNOWN,UNKNOWN,0.2833,0,69.761
5354,105.0551,,0,5.0,0.55,5,3,0,4.9951,0.7612,wave,UNKNOWN,UNKNOWN,0.2833,0,69.959
5355,105.0691,,0,5.0,0.55,5,3,0,4.9939,0.7575,wave,UNKNOWN,UNKNOWN,0.2833,0,70.717
5356,105.082,,0,5.0,0.55,5,3,0,4.9927,0.7537,wave,UNKNOWN,UNKNOWN,0.2833,0,72.059
5357,105.0946,,0,5.0,0.55,5,3,0,4.9838,0.75,wave,UNKNOWN,UNKNOWN,0.2833,0,72.874
5358,105.1063,,0,5.0,0.55,5,3,0,4.9955,0.7472,wave,UNKNOWN,UNKNOWN,0.2833,0,73.05
5359,105.1198,,0,5.0,0.55,5,3,0,4.9922,0.7435,wave,UNKNOWN,UNKNOWN,0.3,1,67.411
5360,105.1804,,0,5.0,0.55,5,3,0,4.9935,0.7368,wave,UNKNOWN,UNKNOWN,0.3,0,68.611
5361,105.1928,,0,5.0,0.55,5,3,0,4.991,0.7331,wave,UNKNOWN,UNKNOWN,0.3,0,69.921
5362,105.2046,,0,5.0,0.55,5,3,0,4.9881,0.7293,wave,UNKNOWN,UNKNOWN,0.3,0,70.362
5363,105.2181,,0,5.0,0.55,5,3,0,4.9858,0.7256,wave,UNKNOWN,UNKNOWN,0.3,0,70.888
5364,105.2313,,0,5.0,0.55,5,3,0,4.999,0.7228,wave,UNKNOWN,UNKNOWN,0.3,0,72.116
5365,105.2438,,0,5.0,0.55,5,3,0,4.958,0.7191,wave,UNKNOWN,UNKNOWN,0.3,0,73.018
5366,105.2557,,0,5.0,0.55,5,3,0,4.9699,0.7164,wave,UNKNOWN,UNKNOWN,0.3,0,73.314
5367,105.2688,,0,5.0,0.55,5,3,0,4.983,0.7175,wave,UNKNOWN,UNKNOWN,0.3,0,73.178
5368,105.2827,,0,5.0,0.55,5,3,0,4.9969,0.7148,wave,UNKNOWN,UNKNOWN,0.3,0,73.764
5369,105.2962,,0,5.0,0.55,5,3,0,4.9935,0.7111,wave,UNKNOWN,UNKNOWN,0.3,0,74.426
5370,105.3082,,0,5.0,0.55,5,3,0,4.9883,0.7074,wave,UNKNOWN,UNKNOWN,0.3,0,74.687
5371,105.3208,,0,5.0,0.55,5,3,0,4.9852,0.7037,wave,UNKNOWN,UNKNOWN,0.3,0,74.657
5372,105.3342,,0,5.0,0.55,5,3,0,4.9986,0.7011,wave,UNKNOWN,UNKNOWN,0.3,0,73.939
5373,105.349,,0,5.0,0.55,5,3,0,4.9991,0.6974,wave,UNKNOWN,UNKNOWN,0.3,0,74.873
5374,105.3618,,0,5.0,0.55,5,3,0,4.9974,0.6937,wave,UNKNOWN,UNKNOWN,0.3,0,75.3
5375,105.3739,,0,5.0,0.55,5,3,0,4.9862,0.69,wave,UNKNOWN,UNKNOWN,0.2933,1,69.629
5376,105.4286,,0,5.0,0.55,5,3,0,4.9927,0.684,wave,UNKNOWN,UNKNOWN,0.2933,0,70.03
5377,105.4418,,0,5.0,0.55,5,3,0,4.9917,0.6803,wave,UNKNOWN,UNKNOWN,0.2933,0,70.681
5378,105.4544,,0,5.0,0.55,5,3,0,4.9896,0.6766,wave,UNKNOWN,UNKNOWN,0.2933,0,70.94
5379,105.4678,,0,5.0,0.55,5,3,0,4.9854,0.6729,wave,UNKNOWN,UNKNOWN,0.2933,0,68.811
5380,105.4888,,0,5.0,0.55,5,3,0,4.9523,0.6691,wave,UNKNOWN,UNKNOWN,0.2933,0,68.181
5381,105.5043,,0,5.0,0.55,5,3,0,4.9677,0.6667,wave,UNKNOWN,UNKNOWN,0.2933,0,68.565
5382,105.518,,0,5.0,0.55,5,3,0,4.9815,0.6642,wave,UNKNOWN,UNKNOWN,0.2933,0,68.809
5383,105.5327,,0,5.0,0.55,5,3,0,4.9962,0.6618,wave,UNKNOWN,UNKNOWN,0.2933,0,69.385
5384,105.5461,,0,5.0,0.55,5,3,0,4.9947,0.6618,wave,UNKNOWN,UNKNOWN,0.2933,0,69.443
5385,105.56,,0,5.0,0.55,5,3,0,4.9951,0.6581,wave,UNKNOWN,UNKNOWN,0.2933,0,66.906
5386,105.5823,,0,5.0,0.55,5,3,0,4.9841,0.6531,wave,UNKNOWN,UNKNOWN,0.2933,0,67.809
5387,105.5965,,0,5.0,0.55,5,3,0,4.9983,0.6507,wave,UNKNOWN,UNKNOWN,0.2933,0,68.18
5388,105.6101,,0,5.0,0.55,5,3,0,4.9946,0.6471,wave,UNKNOWN,UNKNOWN,0.2933,0,69.271
5389,105.6224,,0,5.0,0.55,5,3,0,4.9926,0.6434,wave,UNKNOWN,UNKNOWN,0.2933,0,69.554
5390,105.6359,,0,5.0,0.55,5,3,0,4.9909,0.6397,wave,UNKNOWN,UNKNOWN,0.2767,1,64.591
5391,105.6866,,0,5.0,0.55,5,3,0,4.9947,0.6333,wave,UNKNOWN,UNKNOWN,0.2767,0,65.476
5392,105.7,,0,5.0,0.55,5,3,0,4.9924,0.6296,wave,UNKNOWN,UNKNOWN,0.2767,0,67.106
5393,105.713,,0,5.0,0.55,5,3,0,4.9895,0.6259,wave,UNKNOWN,UNKNOWN,0.2767,0,68.108
5394,105.7252,,0,5.0,0.55,5,3,0,4.9855,0.6222,wave,UNKNOWN,UNKNOWN,0.2767,0,68.932
5395,105.7379,,0,5.0,0.55,5,3,0,4.9982,0.6236,wave,UNKNOWN,UNKNOWN,0.2767,0,69.226
5396,105.7519,,0,5.0,0.55,5,3,0,4.9517,0.6236,wave,UNKNOWN,UNKNOWN,0.2767,0,69.571
5397,105.7668,,0,5.0,0.55,5,3,0,4.9666,0.6213,wave,UNKNOWN,UNKNOWN,0.2767,0,69.697
5398,105.7802,,0,5.0,0.55,5,3,0,4.9799,0.619,wave,UNKNOWN,UNKNOWN,0.2767,0,70.854
5399,105.7926,,0,5.0,0.55,5,3,0,4.9923,0.6168,wave,UNKNOWN,UNKNOWN,0.2767,0,71.46
5400,105.8052,,0,5.0,0.55,5,3,0,4.9875,0.6168,wave,UNKNOWN,UNKNOWN,0.2767,0,70.989
5401,105.82,,0,5.0,0.55,5,3,0,4.9859,0.6131,wave,UNKNOWN,UNKNOWN,0.2767,0,71.566
5402,105.8338,,0,5.0,0.55,5,3,0,4.9997,0.6109,wave,UNKNOWN,UNKNOWN,0.2767,0,71.701
5403,105.8475,,0,5.0,0.55,5,3,0,4.9921,0.6073,wave,UNKNOWN,UNKNOWN,0.2767,0,72.199
5404,105.8599,,0,5.0,0.55,5,3,0,4.9889,0.6036,wave,UNKNOWN,UNKNOWN,0.2767,0,73.157
5405,105.8722,,0,5.0,0.55,5,3,0,4.9852,0.6036,wave,UNKNOWN,UNKNOWN,0.2767,0,73.134
5406,105.8858,,0,5.0,0.55,5,3,0,4.9989,0.6051,wave,UNKNOWN,UNKNOWN,0.2767,0,71.846
5407,105.9024,,0,5.0,0.55,5,3,0,4.9819,0.6036,wave,UNKNOWN,UNKNOWN,0.26,1,66.387
5408,105.9608,,0,5.0,0.55,5,3,0,4.9916,0.5971,WARMING_UP,WARMING_UP,WARMING_UP,0.0,0,67.865
5409,105.9732,,0,5.0,0.55,5,3,0,4.9879,0.5934,WARMING_UP,WARMING_UP,WARMING_UP,0.0,0,68.306
5410,105.9867,,0,5.0,0.55,5,3,0,4.9845,0.5934,WARMING_UP,WARMING_UP,WARMING_UP,0.0,0,68.179
5411,106.0014,,0,5.0,0.55,5,3,0,4.9992,0.5949,WARMING_UP,WARMING_UP,WARMING_UP,0.0,0,68.222
5412,106.016,,0,5.0,0.55,5,3,0,4.9566,0.5912,WARMING_UP,WARMING_UP,WARMING_UP,0.0,0,69.62
5413,106.0289,,0,5.0,0.55,5,3,0,4.9695,0.5927,WARMING_UP,WARMING_UP,WARMING_UP,0.0,0,69.73
5414,106.0426,,0,5.0,0.55,5,3,0,4.9832,0.5942,WARMING_UP,WARMING_UP,WARMING_UP,0.0,0,70.328
5415,106.0556,,0,5.0,0.55,5,3,0,4.9961,0.5921,WARMING_UP,WARMING_UP,WARMING_UP,0.0,0,70.819
5416,106.0689,,0,5.0,0.55,5,3,0,4.9942,0.5884,WARMING_UP,WARMING_UP,WARMING_UP,0.0,0,71.056
5417,106.0824,,0,5.0,0.55,5,3,0,4.9934,0.5848,WARMING_UP,WARMING_UP,WARMING_UP,0.0,0,72.371
5418,106.0945,,0,5.0,0.55,5,3,0,4.992,0.5812,WARMING_UP,WARMING_UP,WARMING_UP,0.0,0,73.627
5419,106.1061,,0,5.0,0.55,5,3,0,4.9884,0.5776,WARMING_UP,WARMING_UP,WARMING_UP,0.0,0,74.072
5420,106.119,,0,5.0,0.55,5,3,0,4.985,0.574,WARMING_UP,WARMING_UP,WARMING_UP,0.0,0,73.58
5421,106.1334,,0,5.0,0.55,5,3,0,4.9994,0.5719,WARMING_UP,WARMING_UP,WARMING_UP,0.0,0,74.71
5422,106.1465,,0,5.0,0.55,5,3,0,4.9959,0.5719,WARMING_UP,WARMING_UP,WARMING_UP,0.0,0,74.476
5423,106.1601,,0,5.0,0.55,5,3,0,4.9919,0.5683,WARMING_UP,WARMING_UP,WARMING_UP,0.0,0,74.27
5424,106.173,,0,5.0,0.55,5,3,0,4.9875,0.5647,WARMING_UP,WARMING_UP,WARMING_UP,0.0,0,74.471
5425,106.1859,,0,5.0,0.55,5,3,0,4.9833,0.5647,WARMING_UP,WARMING_UP,WARMING_UP,0.0,0,74.228
5426,106.1997,,0,5.0,0.55,5,3,0,4.9971,0.5627,WARMING_UP,WARMING_UP,WARMING_UP,0.0,0,75.042
5427,106.2133,,0,5.0,0.55,5,3,0,4.9903,0.5591,WARMING_UP,WARMING_UP,WARMING_UP,0.0,0,75.09
5428,106.2258,,0,5.0,0.55,5,3,0,4.9769,0.5556,WARMING_UP,WARMING_UP,WARMING_UP,0.0,0,73.953
5429,106.2413,,0,5.0,0.55,5,3,0,4.9924,0.5536,WARMING_UP,WARMING_UP,WARMING_UP,0.0,0,74.07
5430,106.2542,,0,5.0,0.55,5,3,0,4.9871,0.55,WARMING_UP,WARMING_UP,WARMING_UP,0.0,0,74.502
5431,106.267,,0,5.0,0.55,5,3,0,4.9999,0.548,WARMING_UP,WARMING_UP,WARMING_UP,0.0,0,75.14
5432,106.2801,,0,5.0,0.55,5,3,0,4.9525,0.5445,WARMING_UP,WARMING_UP,WARMING_UP,0.0,0,75.621
5433,106.2924,,0,5.0,0.55,5,3,0,4.9648,0.5426,WARMING_UP,WARMING_UP,WARMING_UP,0.0,0,75.803
5434,106.3046,,0,5.0,0.55,5,3,0,4.9771,0.5406,WARMING_UP,WARMING_UP,WARMING_UP,0.0,0,75.822
5435,106.3178,,0,5.0,0.55,5,3,0,4.9903,0.5387,WARMING_UP,WARMING_UP,WARMING_UP,0.0,0,76.214
5436,106.3307,,0,5.0,0.55,5,3,0,4.9884,0.5352,WARMING_UP,WARMING_UP,WARMING_UP,0.0,0,76.989
5437,106.3425,,0,5.0,0.55,5,3,0,4.9864,0.5317,WARMING_UP,WARMING_UP,WARMING_UP,0.0,0,77.024
5438,106.3553,,0,5.0,0.55,5,3,0,4.9991,0.5298,WARMING_UP,WARMING_UP,WARMING_UP,0.0,0,76.951
5439,106.3684,,0,5.0,0.55,5,3,0,4.9987,0.5263,WARMING_UP,WARMING_UP,WARMING_UP,0.0,0,76.96
5440,106.3814,,0,5.0,0.55,5,3,0,4.9975,0.5228,WARMING_UP,WARMING_UP,WARMING_UP,0.0,0,77.724
5441,106.3938,,0,5.0,0.55,5,3,0,4.9955,0.5193,WARMING_UP,WARMING_UP,WARMING_UP,0.0,0,78.023
5442,106.4055,,0,5.0,0.55,5,3,0,4.9921,0.5158,WARMING_UP,WARMING_UP,WARMING_UP,0.0,0,77.434
5443,106.4194,,0,5.0,0.55,5,3,0,4.9909,0.5123,WARMING_UP,WARMING_UP,WARMING_UP,0.0,0,77.241
5444,106.4327,,0,5.0,0.55,5,3,0,4.9894,0.5088,WARMING_UP,WARMING_UP,WARMING_UP,0.0,0,78.088
5445,106.4456,,0,5.0,0.55,5,3,0,4.9883,0.5053,WARMING_UP,WARMING_UP,WARMING_UP,0.0,0,77.874
5446,106.4576,,0,5.0,0.55,5,3,0,4.9811,0.5018,WARMING_UP,WARMING_UP,WARMING_UP,0.0,0,77.698
5447,106.4706,,0,5.0,0.55,5,3,0,4.9942,0.5,WARMING_UP,WARMING_UP,WARMING_UP,0.0,0,77.365
5448,106.4841,,0,5.0,0.55,5,3,0,4.9939,0.4965,WARMING_UP,WARMING_UP,WARMING_UP,0.0,0,77.379
5449,106.4976,,0,5.0,0.55,5,3,0,4.9937,0.493,WARMING_UP,WARMING_UP,WARMING_UP,0.0,0,77.744
5450,106.5097,,0,5.0,0.55,5,3,0,4.9909,0.4895,WARMING_UP,WARMING_UP,WARMING_UP,0.0,0,77.777
5451,106.522,,0,5.0,0.55,5,3,0,4.941,0.486,WARMING_UP,WARMING_UP,WARMING_UP,0.0,0,77.673
5452,106.5352,,0,5.0,0.55,5,3,0,4.9541,0.4843,WARMING_UP,WARMING_UP,WARMING_UP,0.0,0,77.363
5453,106.5487,,0,5.0,0.55,5,3,0,4.9676,0.4826,WARMING_UP,WARMING_UP,WARMING_UP,0.0,0,78.101
5454,106.5614,,0,5.0,0.55,5,3,0,4.9803,0.481,WARMING_UP,WARMING_UP,WARMING_UP,0.0,0,78.09
5455,106.5733,,0,5.0,0.55,5,3,0,4.9922,0.4793,WARMING_UP,WARMING_UP,WARMING_UP,0.0,0,77.831
5456,106.5864,,0,5.0,0.55,5,3,0,4.9902,0.4759,WARMING_UP,WARMING_UP,WARMING_UP,0.0,0,78.14
5457,106.599,,0,5.0,0.55,5,3,0,4.9875,0.4724,WARMING_UP,WARMING_UP,WARMING_UP,0.0,0,78.52
5458,106.6123,,0,5.0,0.55,5,3,0,4.9867,0.469,WARMING_UP,WARMING_UP,WARMING_UP,0.0,0,78.34
5459,106.6242,,0,5.0,0.55,5,3,0,4.9986,0.4674,WARMING_UP,WARMING_UP,WARMING_UP,0.0,0,77.855
5460,106.6376,,0,5.0,0.55,5,3,0,4.998,0.4639,WARMING_UP,WARMING_UP,WARMING_UP,0.0,0,78.147
5461,106.6501,,0,5.0,0.55,5,3,0,4.995,0.4605,WARMING_UP,WARMING_UP,WARMING_UP,0.0,0,77.826
5462,106.6638,,0,5.0,0.55,5,3,0,4.9931,0.457,WARMING_UP,WARMING_UP,WARMING_UP,0.0,0,78.311
5463,106.6759,,0,5.0,0.55,5,3,0,4.9799,0.4536,WARMING_UP,WARMING_UP,WARMING_UP,0.0,0,78.084
5464,106.6888,,0,5.0,0.55,5,3,0,4.9928,0.4521,WARMING_UP,WARMING_UP,WARMING_UP,0.0,0,77.393
5465,106.7027,,0,5.0,0.55,5,3,0,4.9905,0.4486,WARMING_UP,WARMING_UP,WARMING_UP,0.0,0,77.411
5466,106.7156,,0,5.0,0.55,5,3,0,4.9885,0.4452,WARMING_UP,WARMING_UP,WARMING_UP,0.0,0,78.103
5467,106.728,,0,5.0,0.55,5,3,0,4.9874,0.4418,WARMING_UP,WARMING_UP,WARMING_UP,0.0,0,77.864
5468,106.7409,,0,5.0,0.55,5,3,0,4.9858,0.4384,WARMING_UP,WARMING_UP,WARMING_UP,0.0,0,76.992
5469,106.7551,,0,5.0,0.55,5,3,0,4.9853,0.4349,WARMING_UP,WARMING_UP,WARMING_UP,0.0,0,76.978
5470,106.7681,,0,5.0,0.55,5,3,0,4.9983,0.4334,WARMING_UP,WARMING_UP,WARMING_UP,0.0,0,77.361
5471,106.7813,,0,5.0,0.55,5,3,0,4.9483,0.43,WARMING_UP,WARMING_UP,WARMING_UP,0.0,0,76.922
5472,106.795,,0,5.0,0.55,5,3,0,4.962,0.4286,WARMING_UP,WARMING_UP,WARMING_UP,0.0,0,77.019
5473,106.8071,,0,5.0,0.55,5,3,0,4.9741,0.4271,WARMING_UP,WARMING_UP,WARMING_UP,0.0,0,76.051
5474,106.8218,,0,5.0,0.55,5,3,0,4.9888,0.4257,WARMING_UP,WARMING_UP,WARMING_UP,0.0,0,75.907
5475,106.8353,,0,5.0,0.55,5,3,0,4.9877,0.4223,WARMING_UP,WARMING_UP,WARMING_UP,0.0,0,75.797
5476,106.8487,,0,5.0,0.55,5,3,0,4.9853,0.4189,WARMING_UP,WARMING_UP,WARMING_UP,0.0,0,76.904
5477,106.8604,,0,5.0,0.55,5,3,0,4.997,0.4175,WARMING_UP,WARMING_UP,WARMING_UP,0.0,0,77.312
5478,106.8724,,0,5.0,0.55,5,3,0,4.9947,0.4141,WARMING_UP,WARMING_UP,WARMING_UP,0.0,0,77.433
5479,106.8853,,0,5.0,0.55,5,3,0,4.9937,0.4108,WARMING_UP,WARMING_UP,WARMING_UP,0.0,0,77.844
5480,106.898,,0,5.0,0.55,5,3,0,4.9918,0.4074,WARMING_UP,WARMING_UP,WARMING_UP,0.0,0,78.33
5481,106.9099,,0,5.0,0.55,5,3,0,4.9892,0.404,WARMING_UP,WARMING_UP,WARMING_UP,0.0,0,78.492
5482,106.922,,0,5.0,0.55,5,3,0,4.9791,0.4007,WARMING_UP,WARMING_UP,WARMING_UP,0.0,0,76.212
5483,106.9402,,0,5.0,0.55,5,3,0,4.9973,0.3993,WARMING_UP,WARMING_UP,WARMING_UP,0.0,0,75.73
5484,106.954,,0,5.0,0.55,5,3,0,4.9974,0.396,WARMING_UP,WARMING_UP,WARMING_UP,0.0,0,74.625
5485,106.9695,,0,5.0,0.55,5,3,0,4.9983,0.3926,WARMING_UP,WARMING_UP,WARMING_UP,0.0,0,74.826
5486,106.9825,,0,5.0,0.55,5,3,0,4.9962,0.3893,WARMING_UP,WARMING_UP,WARMING_UP,0.0,0,76.012
5487,106.9947,,0,5.0,0.55,5,3,0,4.994,0.3859,WARMING_UP,WARMING_UP,WARMING_UP,0.0,0,76.455
5488,107.0065,,0,5.0,0.55,5,3,0,4.9909,0.3826,WARMING_UP,WARMING_UP,WARMING_UP,0.0,0,76.331
5489,107.0199,,0,5.0,0.55,5,3,0,4.9884,0.3792,WARMING_UP,WARMING_UP,WARMING_UP,0.0,0,75.836
5490,107.0338,,0,5.0,0.55,5,3,0,4.9452,0.3758,WARMING_UP,WARMING_UP,WARMING_UP,0.0,0,76.841
5491,107.0468,,0,5.0,0.55,5,3,0,4.9582,0.3746,WARMING_UP,WARMING_UP,WARMING_UP,0.0,0,76.703
5492,107.0591,,0,5.0,0.55,5,3,0,4.9705,0.3733,WARMING_UP,WARMING_UP,WARMING_UP,0.0,0,76.248
5493,107.0728,,0,5.0,0.55,5,3,0,4.9842,0.3721,WARMING_UP,WARMING_UP,WARMING_UP,0.0,0,75.904
5494,107.0864,,0,5.0,0.55,5,3,0,4.9978,0.3709,WARMING_UP,WARMING_UP,WARMING_UP,0.0,0,75.858
5495,107.0996,,0,5.0,0.55,5,3,0,4.997,0.3675,WARMING_UP,WARMING_UP,WARMING_UP,0.0,0,76.762
5496,107.112,,0,5.0,0.55,5,3,0,4.9943,0.3642,WARMING_UP,WARMING_UP,WARMING_UP,0.0,0,77.087
5497,107.1238,,0,5.0,0.55,5,3,0,4.991,0.3609,WARMING_UP,WARMING_UP,WARMING_UP,0.0,0,76.494
5498,107.138,,0,5.0,0.55,5,3,0,4.9896,0.3576,WARMING_UP,WARMING_UP,WARMING_UP,0.0,0,76.72
5499,107.1507,,0,5.0,0.55,5,3,0,4.9873,0.3543,WARMING_UP,WARMING_UP,WARMING_UP,0.0,0,77.655
5500,107.1634,,0,5.0,0.55,5,3,0,5.0,0.3531,WARMING_UP,WARMING_UP,WARMING_UP,0.0,0,77.314
5501,107.1761,,0,5.0,0.55,5,3,0,4.9975,0.3498,WARMING_UP,WARMING_UP,WARMING_UP,0.0,0,76.811
5502,107.1899,,0,5.0,0.55,5,3,0,4.9965,0.3465,WARMING_UP,WARMING_UP,WARMING_UP,0.0,0,76.018
5503,107.2041,,0,5.0,0.55,5,3,0,4.9964,0.3432,WARMING_UP,WARMING_UP,WARMING_UP,0.0,0,75.938
5504,107.2174,,0,5.0,0.55,5,3,0,4.9954,0.3399,WARMING_UP,WARMING_UP,WARMING_UP,0.0,0,76.983
5505,107.2292,,0,5.0,0.55,5,3,0,4.9911,0.3366,WARMING_UP,WARMING_UP,WARMING_UP,0.0,0,77.152
5506,107.242,,0,5.0,0.55,5,3,0,4.9885,0.3333,WARMING_UP,WARMING_UP,WARMING_UP,0.0,0,76.181
5507,107.2564,,0,5.0,0.55,5,3,0,4.9877,0.33,WARMING_UP,WARMING_UP,WARMING_UP,0.0,0,76.787
5508,107.2686,,0,5.0,0.55,5,3,0,4.9998,0.3289,WARMING_UP,WARMING_UP,WARMING_UP,0.0,0,77.842
5509,107.2807,,0,5.0,0.55,5,3,0,4.9979,0.3257,WARMING_UP,WARMING_UP,WARMING_UP,0.0,0,78.175
5510,107.2927,,0,5.0,0.55,5,3,0,4.9463,0.3224,WARMING_UP,WARMING_UP,WARMING_UP,0.0,0,78.18
5511,107.3051,,0,5.0,0.55,5,3,0,4.9588,0.3213,WARMING_UP,WARMING_UP,WARMING_UP,0.0,0,76.423
5512,107.3217,,0,5.0,0.55,5,3,0,4.9753,0.3203,WARMING_UP,WARMING_UP,WARMING_UP,0.0,0,77.099
5513,107.3345,,0,5.0,0.55,5,3,0,4.9882,0.3192,WARMING_UP,WARMING_UP,WARMING_UP,0.0,0,77.226
5514,107.3473,,0,5.0,0.55,5,3,0,4.9858,0.316,WARMING_UP,WARMING_UP,WARMING_UP,0.0,0,77.302
5515,107.3597,,0,5.0,0.55,5,3,0,4.9981,0.3149,WARMING_UP,WARMING_UP,WARMING_UP,0.0,0,77.173
5516,107.3725,,0,5.0,0.55,5,3,0,4.9928,0.3117,WARMING_UP,WARMING_UP,WARMING_UP,0.0,0,76.981
5517,107.3858,,0,5.0,0.55,5,3,0,4.9913,0.3084,WARMING_UP,WARMING_UP,WARMING_UP,0.0,0,77.521
5518,107.3981,,0,5.0,0.55,5,3,0,4.9898,0.3052,WARMING_UP,WARMING_UP,WARMING_UP,0.0,0,77.95
5519,107.4102,,0,5.0,0.55,5,3,0,4.9884,0.3019,WARMING_UP,WARMING_UP,WARMING_UP,0.0,0,78.206
5520,107.4225,,0,5.0,0.55,5,3,0,4.9859,0.2987,WARMING_UP,WARMING_UP,WARMING_UP,0.0,0,77.959
5521,107.4357,,0,5.0,0.55,5,3,0,4.9991,0.2977,WARMING_UP,WARMING_UP,WARMING_UP,0.0,0,78.332
5522,107.4487,,0,5.0,0.55,5,3,0,4.9972,0.2945,WARMING_UP,WARMING_UP,WARMING_UP,0.0,0,78.436
5523,107.4609,,0,5.0,0.55,5,3,0,4.9927,0.2913,WARMING_UP,WARMING_UP,WARMING_UP,0.0,0,78.485
5524,107.4733,,0,5.0,0.55,5,3,0,4.9897,0.288,WARMING_UP,WARMING_UP,WARMING_UP,0.0,0,78.471
5525,107.486,,0,5.0,0.55,5,3,0,4.9869,0.2848,WARMING_UP,WARMING_UP,WARMING_UP,0.0,0,78.759
5526,107.4984,,0,5.0,0.55,5,3,0,4.9994,0.2839,WARMING_UP,WARMING_UP,WARMING_UP,0.0,0,79.068
5527,107.5107,,0,5.0,0.55,5,3,0,4.9965,0.2806,WARMING_UP,WARMING_UP,WARMING_UP,0.0,0,79.155
5528,107.5229,,0,5.0,0.55,5,3,0,4.9934,0.2774,WARMING_UP,WARMING_UP,WARMING_UP,0.0,0,78.974
5529,107.5365,,0,5.0,0.55,5,3,0,4.9891,0.2742,WARMING_UP,WARMING_UP,WARMING_UP,0.0,0,78.476
5530,107.5495,,0,5.0,0.55,5,3,0,4.9376,0.271,WARMING_UP,WARMING_UP,WARMING_UP,0.0,0,79.079
5531,107.5613,,0,5.0,0.55,5,3,0,4.9495,0.2701,WARMING_UP,WARMING_UP,WARMING_UP,0.0,0,79.427
5532,107.5733,,0,5.0,0.55,5,3,0,4.9615,0.2692,WARMING_UP,WARMING_UP,WARMING_UP,0.0,0,79.876
5533,107.5864,,0,5.0,0.55,5,3,0,4.9746,0.2684,WARMING_UP,WARMING_UP,WARMING_UP,0.0,0,79.414
5534,107.5989,,0,5.0,0.55,5,3,0,4.987,0.2675,WARMING_UP,WARMING_UP,WARMING_UP,0.0,0,78.852
5535,107.6125,,0,5.0,0.55,5,3,0,4.9866,0.2643,WARMING_UP,WARMING_UP,WARMING_UP,0.0,0,78.931
5536,107.6247,,0,5.0,0.55,5,3,0,4.9988,0.2635,WARMING_UP,WARMING_UP,WARMING_UP,0.0,0,78.584
5537,107.638,,0,5.0,0.55,5,3,0,4.9982,0.2603,WARMING_UP,WARMING_UP,WARMING_UP,0.0,0,78.824
5538,107.6504,,0,5.0,0.55,5,3,0,4.9932,0.2571,WARMING_UP,WARMING_UP,WARMING_UP,0.0,0,75.819
5539,107.6709,,0,5.0,0.55,5,3,0,4.9986,0.254,WARMING_UP,WARMING_UP,WARMING_UP,0.0,0,74.437
5540,107.6871,,0,5.0,0.55,5,3,0,4.9968,0.2508,WARMING_UP,WARMING_UP,WARMING_UP,0.0,0,75.1
5541,107.6998,,0,5.0,0.55,5,3,0,4.9946,0.2476,WARMING_UP,WARMING_UP,WARMING_UP,0.0,0,75.525
5542,107.712,,0,5.0,0.55,5,3,0,4.9915,0.2444,WARMING_UP,WARMING_UP,WARMING_UP,0.0,0,75.947
5543,107.7244,,0,5.0,0.55,5,3,0,4.9885,0.2413,WARMING_UP,WARMING_UP,WARMING_UP,0.0,0,76.178
5544,107.7379,,0,5.0,0.55,5,3,0,4.9859,0.2381,WARMING_UP,WARMING_UP,WARMING_UP,0.0,0,75.58
5545,107.7526,,0,5.0,0.55,5,3,0,4.978,0.2349,WARMING_UP,WARMING_UP,WARMING_UP,0.0,0,75.165
5546,107.7662,,0,5.0,0.55,5,3,0,4.9917,0.2342,WARMING_UP,WARMING_UP,WARMING_UP,0.0,0,75.179
5547,107.7789,,0,5.0,0.55,5,3,0,4.9851,0.231,WARMING_UP,WARMING_UP,WARMING_UP,0.0,0,75.663
5548,107.7913,,0,5.0,0.55,5,3,0,4.9975,0.2303,WARMING_UP,WARMING_UP,WARMING_UP,0.0,0,75.192
5549,107.8054,,0,5.0,0.55,5,3,0,4.9953,0.2271,WARMING_UP,WARMING_UP,WARMING_UP,0.0,0,75.742
5550,107.8181,,0,5.0,0.55,5,3,0,4.9438,0.224,WARMING_UP,WARMING_UP,WARMING_UP,0.0,0,75.989
5551,107.8317,,0,5.0,0.55,5,3,0,4.9574,0.2233,WARMING_UP,WARMING_UP,WARMING_UP,0.0,0,74.897
5552,107.8462,,0,5.0,0.55,5,3,0,4.9719,0.2226,WARMING_UP,WARMING_UP,WARMING_UP,0.0,0,75.245
5553,107.8586,,0,5.0,0.55,5,3,0,4.9843,0.2219,WARMING_UP,WARMING_UP,WARMING_UP,0.0,0,75.497
5554,107.8715,,0,5.0,0.55,5,3,0,4.9972,0.2212,WARMING_UP,WARMING_UP,WARMING_UP,0.0,0,75.76
5555,107.8844,,0,5.0,0.55,5,3,0,4.9941,0.2181,WARMING_UP,WARMING_UP,WARMING_UP,0.0,0,76.422
5556,107.8972,,0,5.0,0.55,5,3,0,4.989,0.215,WARMING_UP,WARMING_UP,WARMING_UP,0.0,0,75.748
5557,107.9114,,0,5.0,0.55,5,3,0,4.9844,0.2118,WARMING_UP,WARMING_UP,WARMING_UP,0.0,0,75.362
5558,107.9248,,0,5.0,0.55,5,3,0,4.9978,0.2112,WARMING_UP,WARMING_UP,WARMING_UP,0.0,0,74.966
5559,107.9388,,0,5.0,0.55,5,3,0,4.9903,0.2081,WARMING_UP,WARMING_UP,WARMING_UP,0.0,0,75.4
5560,107.9515,,0,5.0,0.55,5,3,0,4.9865,0.205,WARMING_UP,WARMING_UP,WARMING_UP,0.0,0,75.406
5561,107.9654,,0,5.0,0.55,5,3,0,4.9824,0.2019,WARMING_UP,WARMING_UP,WARMING_UP,0.0,0,75.189
5562,107.9787,,0,5.0,0.55,5,3,0,4.9957,0.2012,WARMING_UP,WARMING_UP,WARMING_UP,0.0,0,75.264
5563,107.9914,,0,5.0,0.55,5,3,0,4.9887,0.1981,WARMING_UP,WARMING_UP,WARMING_UP,0.0,0,73.484
5564,108.0091,,0,5.0,0.55,5,3,0,4.9919,0.195,WARMING_UP,WARMING_UP,WARMING_UP,0.0,0,73.101
5565,108.0233,,0,5.0,0.55,5,3,0,4.992,0.192,WARMING_UP,WARMING_UP,WARMING_UP,0.0,0,73.226
5566,108.0386,,0,5.0,0.55,5,3,0,4.9913,0.1889,WARMING_UP,WARMING_UP,WARMING_UP,0.0,0,72.144
5567,108.0536,,0,5.0,0.55,5,3,0,4.9907,0.1858,WARMING_UP,WARMING_UP,WARMING_UP,0.0,0,70.023
5568,108.0739,,0,5.0,0.55,5,3,0,4.9576,0.1827,WARMING_UP,WARMING_UP,WARMING_UP,0.0,0,69.35
5569,108.0904,,0,5.0,0.55,5,3,0,4.9741,0.1821,WARMING_UP,WARMING_UP,WARMING_UP,0.0,0,68.506
5570,108.1056,,0,5.0,0.55,5,3,0,4.9893,0.1815,WARMING_UP,WARMING_UP,WARMING_UP,0.0,0,68.875
5571,108.1189,,0,5.0,0.55,5,3,0,4.9879,0.1785,WARMING_UP,WARMING_UP,WARMING_UP,0.0,0,68.599
5572,108.1335,,0,5.0,0.55,5,3,0,4.9883,0.1754,WARMING_UP,WARMING_UP,WARMING_UP,0.0,0,69.297
5573,108.1476,,0,5.0,0.55,5,3,0,4.9883,0.1723,WARMING_UP,WARMING_UP,WARMING_UP,0.0,0,69.612
5574,108.161,,0,5.0,0.55,5,3,0,4.9877,0.1692,WARMING_UP,WARMING_UP,WARMING_UP,0.0,0,69.79
5575,108.1749,,0,5.0,0.55,5,3,0,4.9869,0.1662,WARMING_UP,WARMING_UP,WARMING_UP,0.0,0,70.136
5576,108.1886,,0,5.0,0.55,5,3,0,4.9858,0.1631,WARMING_UP,WARMING_UP,WARMING_UP,0.0,0,70.069
5577,108.2035,,0,5.0,0.55,5,3,0,4.9867,0.16,WARMING_UP,WARMING_UP,WARMING_UP,0.0,0,69.076
5578,108.2202,,0,5.0,0.55,5,3,0,4.9894,0.1569,WARMING_UP,WARMING_UP,WARMING_UP,0.0,0,67.751
5579,108.2375,,0,5.0,0.55,5,3,0,4.991,0.1538,WARMING_UP,WARMING_UP,WARMING_UP,0.0,0,65.096
5580,108.2631,,0,5.0,0.55,5,3,0,4.9759,0.1481,WARMING_UP,WARMING_UP,WARMING_UP,0.0,0,62.639
5581,108.287,,0,5.0,0.55,5,3,0,4.9998,0.1477,WARMING_UP,WARMING_UP,WARMING_UP,0.0,0,60.907
5582,108.3089,,0,5.0,0.55,5,3,0,4.988,0.142,WARMING_UP,WARMING_UP,WARMING_UP,0.0,0,60.223
5583,108.3284,,0,5.0,0.55,5,3,0,4.9494,0.1389,WARMING_UP,WARMING_UP,WARMING_UP,0.0,0,60.518
5584,108.3435,,0,5.0,0.55,5,3,0,4.9646,0.1385,WARMING_UP,WARMING_UP,WARMING_UP,0.0,0,59.986
5585,108.3624,,0,5.0,0.55,5,3,0,4.9834,0.138,WARMING_UP,WARMING_UP,WARMING_UP,0.0,0,60.027
5586,108.3785,,0,5.0,0.55,5,3,0,4.9995,0.1376,WARMING_UP,WARMING_UP,WARMING_UP,0.0,0,60.018
5587,108.3977,,0,5.0,0.55,5,3,0,4.9857,0.1319,WARMING_UP,WARMING_UP,WARMING_UP,0.0,0,59.17
5588,108.4149,,0,5.0,0.55,5,3,0,4.988,0.1288,WARMING_UP,WARMING_UP,WARMING_UP,0.0,0,60.257
5589,108.4283,,0,5.0,0.55,5,3,0,4.9876,0.1258,WARMING_UP,WARMING_UP,WARMING_UP,0.0,0,61.069
5590,108.4423,,0,5.0,0.55,5,3,0,4.9881,0.1227,WARMING_UP,WARMING_UP,WARMING_UP,0.0,0,62.043
5591,108.4571,,0,5.0,0.55,5,3,0,4.9888,0.1196,WARMING_UP,WARMING_UP,WARMING_UP,0.0,0,62.748
5592,108.4712,,0,5.0,0.55,5,3,0,4.9871,0.1166,WARMING_UP,WARMING_UP,WARMING_UP,0.0,0,63.422
5593,108.4854,,0,5.0,0.55,5,3,0,4.986,0.1135,WARMING_UP,WARMING_UP,WARMING_UP,0.0,0,64.556
5594,108.4989,,0,5.0,0.55,5,3,0,4.9995,0.1131,WARMING_UP,WARMING_UP,WARMING_UP,0.0,0,66.006
5595,108.5114,,0,5.0,0.55,5,3,0,4.9914,0.1101,WARMING_UP,WARMING_UP,WARMING_UP,0.0,0,67.49
5596,108.5235,,0,5.0,0.55,5,3,0,4.9884,0.107,WARMING_UP,WARMING_UP,WARMING_UP,0.0,0,68.91
5597,108.5356,,0,5.0,0.55,5,3,0,4.9861,0.104,WARMING_UP,WARMING_UP,WARMING_UP,0.0,0,69.782
5598,108.5492,,0,5.0,0.55,5,3,0,4.9996,0.1037,WARMING_UP,WARMING_UP,WARMING_UP,0.0,0,70.643
5599,108.5618,,0,5.0,0.55,5,3,0,4.998,0.1006,WARMING_UP,WARMING_UP,WARMING_UP,0.0,0,71.717
5600,108.5738,,0,5.0,0.55,5,3,0,4.9956,0.0976,WARMING_UP,WARMING_UP,WARMING_UP,0.0,0,72.469
5601,108.5862,,0,5.0,0.55,5,3,0,4.9441,0.0945,WARMING_UP,WARMING_UP,WARMING_UP,0.0,0,72.757
5602,108.5996,,0,5.0,0.55,5,3,0,4.9576,0.0942,WARMING_UP,WARMING_UP,WARMING_UP,0.0,0,73.735
5603,108.6118,,0,5.0,0.55,5,3,0,4.9698,0.0939,WARMING_UP,WARMING_UP,WARMING_UP,0.0,0,74.583
5604,108.6239,,0,5.0,0.55,5,3,0,4.9819,0.0937,WARMING_UP,WARMING_UP,WARMING_UP,0.0,0,74.924
5605,108.6367,,0,5.0,0.55,5,3,0,4.9947,0.0934,WARMING_UP,WARMING_UP,WARMING_UP,0.0,0,74.571
5606,108.6507,,0,5.0,0.55,5,3,0,4.9932,0.0904,WARMING_UP,WARMING_UP,WARMING_UP,0.0,0,75.457
5607,108.6629,,0,5.0,0.55,5,3,0,4.9898,0.0873,WARMING_UP,WARMING_UP,WARMING_UP,0.0,0,76.161
5608,108.6748,,0,5.0,0.55,5,3,0,4.9874,0.0843,WARMING_UP,WARMING_UP,WARMING_UP,0.0,0,75.851
5609,108.6885,,0,5.0,0.55,5,3,0,4.9865,0.0813,WARMING_UP,WARMING_UP,WARMING_UP,0.0,0,75.619
5610,108.702,,0,5.0,0.55,5,3,0,4.9867,0.0783,WARMING_UP,WARMING_UP,WARMING_UP,0.0,0,76.305
5611,108.7153,,0,5.0,0.55,5,3,0,5.0,0.0781,WARMING_UP,WARMING_UP,WARMING_UP,0.0,0,76.234
5612,108.7283,,0,5.0,0.55,5,3,0,4.9983,0.0751,WARMING_UP,WARMING_UP,WARMING_UP,0.0,0,76.311
5613,108.7406,,0,5.0,0.55,5,3,0,4.9953,0.0721,WARMING_UP,WARMING_UP,WARMING_UP,0.0,0,76.643
5614,108.7531,,0,5.0,0.55,5,3,0,4.9918,0.0691,WARMING_UP,WARMING_UP,WARMING_UP,0.0,0,76.587
5615,108.7662,,0,5.0,0.55,5,3,0,4.9911,0.0661,WARMING_UP,WARMING_UP,WARMING_UP,0.0,0,76.933
5616,108.7785,,0,5.0,0.55,5,3,0,4.9885,0.0631,WARMING_UP,WARMING_UP,WARMING_UP,0.0,0,75.761
5617,108.7947,,0,5.0,0.55,5,3,0,4.9874,0.0601,WARMING_UP,WARMING_UP,WARMING_UP,0.0,0,76.155
5618,108.8064,,0,5.0,0.55,5,3,0,4.9991,0.0599,WARMING_UP,WARMING_UP,WARMING_UP,0.0,0,75.734
5619,108.8203,,0,5.0,0.55,5,3,0,4.9996,0.0569,WARMING_UP,WARMING_UP,WARMING_UP,0.0,0,75.605
5620,108.8338,,0,5.0,0.55,5,3,0,4.999,0.0539,WARMING_UP,WARMING_UP,WARMING_UP,0.0,0,76.266
5621,108.8459,,0,5.0,0.55,5,3,0,4.9398,0.0509,WARMING_UP,WARMING_UP,WARMING_UP,0.0,0,77.016
5622,108.858,,0,5.0,0.55,5,3,0,4.9519,0.0507,WARMING_UP,WARMING_UP,WARMING_UP,0.0,0,77.349
5623,108.8703,,0,5.0,0.55,5,3,0,4.9642,0.0506,WARMING_UP,WARMING_UP,WARMING_UP,0.0,0,76.918
5624,108.8841,,0,5.0,0.55,5,3,0,4.978,0.0504,WARMING_UP,WARMING_UP,WARMING_UP,0.0,0,77.548
5625,108.8962,,0,5.0,0.55,5,3,0,4.9901,0.0503,WARMING_UP,WARMING_UP,WARMING_UP,0.0,0,78.224
5626,108.9078,,0,5.0,0.55,5,3,0,4.9864,0.0473,WARMING_UP,WARMING_UP,WARMING_UP,0.0,0,78.51
5627,108.9202,,0,5.0,0.55,5,3,0,4.9988,0.0472,WARMING_UP,WARMING_UP,WARMING_UP,0.0,0,78.635
5628,108.9329,,0,5.0,0.55,5,3,0,4.9979,0.0472,WARMING_UP,WARMING_UP,WARMING_UP,0.0,0,78.919
5629,108.9455,,0,5.0,0.55,5,3,0,4.9969,0.0472,WARMING_UP,WARMING_UP,WARMING_UP,0.0,0,79.238
5630,108.9573,,0,5.0,0.55,5,3,0,4.9948,0.0472,WARMING_UP,WARMING_UP,WARMING_UP,0.0,0,78.697
5631,108.9707,,0,5.0,0.55,5,3,0,4.9949,0.0472,WARMING_UP,WARMING_UP,WARMING_UP,0.0,0,78.599
5632,108.9837,,0,5.0,0.55,5,3,0,4.995,0.0472,WARMING_UP,WARMING_UP,WARMING_UP,0.0,0,79.002
5633,108.9957,,0,5.0,0.55,5,3,0,4.9944,0.0472,WARMING_UP,WARMING_UP,WARMING_UP,0.0,0,78.988
5634,109.0084,,0,5.0,0.55,5,3,0,4.9948,0.0472,WARMING_UP,WARMING_UP,WARMING_UP,0.0,0,79.215
5635,109.0207,,0,5.0,0.55,5,3,0,4.9934,0.0472,WARMING_UP,WARMING_UP,WARMING_UP,0.0,0,78.729
5636,109.0342,,0,5.0,0.55,5,3,0,4.9944,0.0472,WARMING_UP,WARMING_UP,WARMING_UP,0.0,0,78.945
5637,109.0469,,0,5.0,0.55,5,3,0,4.9933,0.0472,WARMING_UP,WARMING_UP,WARMING_UP,0.0,0,79.159
5638,109.0589,,0,5.0,0.55,5,3,0,4.9922,0.0472,WARMING_UP,WARMING_UP,WARMING_UP,0.0,0,78.813
5639,109.072,,0,5.0,0.55,5,3,0,4.9927,0.0472,WARMING_UP,WARMING_UP,WARMING_UP,0.0,0,76.414
5640,109.0905,,0,5.0,0.55,5,3,0,4.9949,0.0472,WARMING_UP,WARMING_UP,WARMING_UP,0.0,0,76.531
5641,109.1032,,0,5.0,0.55,5,3,0,4.9466,0.0472,WARMING_UP,WARMING_UP,WARMING_UP,0.0,0,76.791
5642,109.1163,,0,5.0,0.55,5,3,0,4.9597,0.0471,WARMING_UP,WARMING_UP,WARMING_UP,0.0,0,76.947
5643,109.1289,,0,5.0,0.55,5,3,0,4.9722,0.0469,WARMING_UP,WARMING_UP,WARMING_UP,0.0,0,77.502
5644,109.1408,,0,5.0,0.55,5,3,0,4.9842,0.0468,WARMING_UP,WARMING_UP,WARMING_UP,0.0,0,77.053
5645,109.1544,,0,5.0,0.55,5,3,0,4.9978,0.0466,WARMING_UP,WARMING_UP,WARMING_UP,0.0,0,76.817
5646,109.1678,,0,5.0,0.55,5,3,0,4.9967,0.0466,WARMING_UP,WARMING_UP,WARMING_UP,0.0,0,75.372
5647,109.1839,,0,5.0,0.55,5,3,0,4.9973,0.0466,WARMING_UP,WARMING_UP,WARMING_UP,0.0,0,75.991
5648,109.1963,,0,5.0,0.55,5,3,0,4.995,0.0466,WARMING_UP,WARMING_UP,WARMING_UP,0.0,0,76.801
5649,109.2079,,0,5.0,0.55,5,3,0,4.9934,0.0466,WARMING_UP,WARMING_UP,WARMING_UP,0.0,0,77.133
5650,109.2205,,0,5.0,0.55,5,3,0,4.992,0.0466,WARMING_UP,WARMING_UP,WARMING_UP,0.0,0,77.301
5651,109.2334,,0,5.0,0.55,5,3,0,4.9917,0.0466,WARMING_UP,WARMING_UP,WARMING_UP,0.0,0,77.338
5652,109.2461,,0,5.0,0.55,5,3,0,4.9914,0.0466,WARMING_UP,WARMING_UP,WARMING_UP,0.0,0,78.127
5653,109.2578,,0,5.0,0.55,5,3,0,4.9905,0.0466,WARMING_UP,WARMING_UP,WARMING_UP,0.0,0,78.333
5654,109.2702,,0,5.0,0.55,5,3,0,4.9898,0.0466,WARMING_UP,WARMING_UP,WARMING_UP,0.0,0,78.009
5655,109.2837,,0,5.0,0.55,5,3,0,4.9894,0.0466,WARMING_UP,WARMING_UP,WARMING_UP,0.0,0,78.575
5656,109.2963,,0,5.0,0.55,5,3,0,4.9878,0.0466,WARMING_UP,WARMING_UP,WARMING_UP,0.0,0,78.755
5657,109.308,,0,5.0,0.55,5,3,0,4.9995,0.0465,WARMING_UP,WARMING_UP,WARMING_UP,0.0,0,78.145
5658,109.3217,,0,5.0,0.55,5,3,0,4.9977,0.0465,WARMING_UP,WARMING_UP,WARMING_UP,0.0,0,78.252
5659,109.3346,,0,5.0,0.55,5,3,0,4.9982,0.0465,WARMING_UP,WARMING_UP,WARMING_UP,0.0,0,78.495
5660,109.3467,,0,5.0,0.55,5,3,0,4.9957,0.0465,WARMING_UP,WARMING_UP,WARMING_UP,0.0,0,78.999
5661,109.3586,,0,5.0,0.55,5,3,0,4.9501,0.0465,WARMING_UP,WARMING_UP,WARMING_UP,0.0,0,79.209
5662,109.371,,0,5.0,0.55,5,3,0,4.9624,0.0464,WARMING_UP,WARMING_UP,WARMING_UP,0.0,0,78.933
5663,109.3842,,0,5.0,0.55,5,3,0,4.9756,0.0462,WARMING_UP,WARMING_UP,WARMING_UP,0.0,0,79.63
5664,109.3962,,0,5.0,0.55,5,3,0,4.9877,0.0461,WARMING_UP,WARMING_UP,WARMING_UP,0.0,0,79.759
5665,109.4081,,0,5.0,0.55,5,3,0,4.9996,0.046,WARMING_UP,WARMING_UP,WARMING_UP,0.0,0,79.395
5666,109.4212,,0,5.0,0.55,5,3,0,4.9996,0.046,WARMING_UP,WARMING_UP,WARMING_UP,0.0,0,78.968
5667,109.4345,,0,5.0,0.55,5,3,0,4.9959,0.046,WARMING_UP,WARMING_UP,WARMING_UP,0.0,0,79.982
5668,109.4464,,0,5.0,0.55,5,3,0,4.9832,0.046,WARMING_UP,WARMING_UP,WARMING_UP,0.0,0,80.038
5669,109.4582,,0,5.0,0.55,5,3,0,4.995,0.0458,WARMING_UP,WARMING_UP,WARMING_UP,0.0,0,79.573
5670,109.4714,,0,5.0,0.55,5,3,0,4.9855,0.0458,WARMING_UP,WARMING_UP,WARMING_UP,0.0,0,79.438
5671,109.4843,,0,5.0,0.55,5,3,0,4.9984,0.0457,WARMING_UP,WARMING_UP,WARMING_UP,0.0,0,80.001
5672,109.4962,,0,5.0,0.55,5,3,0,4.9941,0.0457,WARMING_UP,WARMING_UP,WARMING_UP,0.0,0,80.25
5673,109.5082,,0,5.0,0.55,5,3,0,4.9872,0.0457,WARMING_UP,WARMING_UP,WARMING_UP,0.0,0,79.112
5674,109.5226,,0,5.0,0.55,5,3,0,4.984,0.0457,WARMING_UP,WARMING_UP,WARMING_UP,0.0,0,78.851
5675,109.5357,,0,5.0,0.55,5,3,0,4.9972,0.0456,WARMING_UP,WARMING_UP,WARMING_UP,0.0,0,79.442
5676,109.5477,,0,5.0,0.55,5,3,0,4.9913,0.0456,WARMING_UP,WARMING_UP,WARMING_UP,0.0,0,79.686
5677,109.5597,,0,5.0,0.55,5,3,0,4.9778,0.0456,WARMING_UP,WARMING_UP,WARMING_UP,0.0,0,79.162
5678,109.5732,,0,5.0,0.55,5,3,0,4.9913,0.0455,WARMING_UP,WARMING_UP,WARMING_UP,0.0,0,77.191
5679,109.5899,,0,5.0,0.55,5,3,0,4.9878,0.0455,WARMING_UP,WARMING_UP,WARMING_UP,0.0,0,76.962
5680,109.6033,,0,5.0,0.55,5,3,0,4.9379,0.0455,WARMING_UP,WARMING_UP,WARMING_UP,0.0,0,77.978
5681,109.6156,,0,5.0,0.55,5,3,0,4.9502,0.0453,WARMING_UP,WARMING_UP,WARMING_UP,0.0,0,78.001
5682,109.6278,,0,5.0,0.55,5,3,0,4.9625,0.0452,WARMING_UP,WARMING_UP,WARMING_UP,0.0,0,77.978
5683,109.6405,,0,5.0,0.55,5,3,0,4.9751,0.0451,WARMING_UP,WARMING_UP,WARMING_UP,0.0,0,78.023
5684,109.6532,,0,5.0,0.55,5,3,0,4.9878,0.0449,WARMING_UP,WARMING_UP,WARMING_UP,0.0,0,78.813
5685,109.6656,,0,5.0,0.55,5,3,0,4.9867,0.0449,WARMING_UP,WARMING_UP,WARMING_UP,0.0,0,78.956
5686,109.6777,,0,5.0,0.55,5,3,0,4.9988,0.0448,WARMING_UP,WARMING_UP,WARMING_UP,0.0,0,77.962
5687,109.6918,,0,5.0,0.55,5,3,0,4.9971,0.0448,WARMING_UP,WARMING_UP,WARMING_UP,0.0,0,78.203
5688,109.7043,,0,5.0,0.55,5,3,0,4.9958,0.0448,WARMING_UP,WARMING_UP,WARMING_UP,0.0,0,78.568
5689,109.7167,,0,5.0,0.55,5,3,0,4.994,0.0448,WARMING_UP,WARMING_UP,WARMING_UP,0.0,0,78.874
5690,109.7289,,0,5.0,0.55,5,3,0,4.9919,0.0448,WARMING_UP,WARMING_UP,WARMING_UP,0.0,0,78.905
5691,109.7413,,0,5.0,0.55,5,3,0,4.9913,0.0448,WARMING_UP,WARMING_UP,WARMING_UP,0.0,0,76.604
5692,109.7591,,0,5.0,0.55,5,3,0,4.9958,0.0448,WARMING_UP,WARMING_UP,WARMING_UP,0.0,0,76.708
5693,109.7721,,0,5.0,0.55,5,3,0,4.9953,0.0448,WARMING_UP,WARMING_UP,WARMING_UP,0.0,0,76.552
5694,109.7861,,0,5.0,0.55,5,3,0,4.9957,0.0448,WARMING_UP,WARMING_UP,WARMING_UP,0.0,0,76.907
5695,109.7981,,0,5.0,0.55,5,3,0,4.9941,0.0448,WARMING_UP,WARMING_UP,WARMING_UP,0.0,0,77.043
5696,109.8107,,0,5.0,0.55,5,3,0,4.9927,0.0448,WARMING_UP,WARMING_UP,WARMING_UP,0.0,0,76.974
5697,109.8237,,0,5.0,0.55,5,3,0,4.9928,0.0448,WARMING_UP,WARMING_UP,WARMING_UP,0.0,0,76.706
5698,109.8372,,0,5.0,0.55,5,3,0,4.9936,0.0448,WARMING_UP,WARMING_UP,WARMING_UP,0.0,0,76.861
5699,109.8505,,0,5.0,0.55,5,3,0,4.9935,0.0448,WARMING_UP,WARMING_UP,WARMING_UP,0.0,0,77.449
5700,109.8622,,0,5.0,0.55,5,3,0,4.9481,0.0448,WARMING_UP,WARMING_UP,WARMING_UP,0.0,0,77.815
5701,109.8743,,0,5.0,0.55,5,3,0,4.9603,0.0447,WARMING_UP,WARMING_UP,WARMING_UP,0.0,0,75.888
5702,109.8915,,0,5.0,0.55,5,3,0,4.9774,0.0446,WARMING_UP,WARMING_UP,WARMING_UP,0.0,0,75.943
5703,109.9046,,0,5.0,0.55,5,3,0,4.9905,0.0444,WARMING_UP,WARMING_UP,WARMING_UP,0.0,0,76.602
5704,109.9171,,0,5.0,0.55,5,3,0,4.9881,0.0444,WARMING_UP,WARMING_UP,WARMING_UP,0.0,0,77.162
5705,109.9291,,0,5.0,0.55,5,3,0,4.9838,0.0444,WARMING_UP,WARMING_UP,WARMING_UP,0.0,0,77.361
5706,109.9414,,0,5.0,0.55,5,3,0,4.9962,0.0443,WARMING_UP,WARMING_UP,WARMING_UP,0.0,0,77.598
5707,109.9541,,0,5.0,0.55,5,3,0,4.9946,0.0443,WARMING_UP,WARMING_UP,WARMING_UP,0.0,0,77.337
5708,109.9677,,0,5.0,0.55,5,3,0,4.9953,0.0443,WARMING_UP,WARMING_UP,WARMING_UP,0.0,0,77.876
5709,109.9795,,0,5.0,0.55,5,3,0,4.9918,0.0416,WARMING_UP,WARMING_UP,WARMING_UP,0.0,0,77.971
5710,109.9922,,0,5.0,0.55,5,3,0,4.9889,0.0388,WARMING_UP,WARMING_UP,WARMING_UP,0.0,0,77.674
5711,110.0054,,0,5.0,0.55,5,3,0,4.9878,0.0388,WARMING_UP,WARMING_UP,WARMING_UP,0.0,0,77.411
5712,110.0204,,0,5.0,0.55,5,3,0,4.9897,0.0388,WARMING_UP,WARMING_UP,WARMING_UP,0.0,0,76.954
5713,110.0333,,0,5.0,0.55,5,3,0,4.9905,0.0388,WARMING_UP,WARMING_UP,WARMING_UP,0.0,0,77.175
5714,110.0454,,0,5.0,0.55,5,3,0,4.9903,0.0388,WARMING_UP,WARMING_UP,WARMING_UP,0.0,0,77.157
5715,110.0582,,0,5.0,0.55,5,3,0,4.9891,0.0388,WARMING_UP,WARMING_UP,WARMING_UP,0.0,0,77.324
5716,110.0716,,0,5.0,0.55,5,3,0,4.9896,0.0388,WARMING_UP,WARMING_UP,WARMING_UP,0.0,0,77.075
5717,110.0843,,0,5.0,0.55,5,3,0,4.9897,0.0388,WARMING_UP,WARMING_UP,WARMING_UP,0.0,0,77.86
5718,110.096,,0,5.0,0.55,5,3,0,4.9897,0.0388,WARMING_UP,WARMING_UP,WARMING_UP,0.0,0,78.218
5719,110.1082,,0,5.0,0.55,5,3,0,4.9884,0.0388,WARMING_UP,WARMING_UP,WARMING_UP,0.0,0,78.511
5720,110.1213,,0,5.0,0.55,5,3,0,4.941,0.0388,WARMING_UP,WARMING_UP,WARMING_UP,0.0,0,78.365
5721,110.1341,,0,5.0,0.55,5,3,0,4.9537,0.0387,WARMING_UP,WARMING_UP,WARMING_UP,0.0,0,78.581
5722,110.1459,,0,5.0,0.55,5,3,0,4.9656,0.0386,WARMING_UP,WARMING_UP,WARMING_UP,0.0,0,77.705
5723,110.1616,,0,5.0,0.55,5,3,0,4.9813,0.0385,WARMING_UP,WARMING_UP,WARMING_UP,0.0,0,76.393
5724,110.176,,0,5.0,0.55,5,3,0,4.9956,0.0384,WARMING_UP,WARMING_UP,WARMING_UP,0.0,0,73.619
5725,110.1964,,0,5.0,0.55,5,3,0,4.9918,0.0385,WARMING_UP,WARMING_UP,WARMING_UP,0.0,0,74.035
5726,110.2094,,0,5.0,0.55,5,3,0,4.9913,0.0385,WARMING_UP,WARMING_UP,WARMING_UP,0.0,0,72.073
5727,110.228,,0,5.0,0.55,5,3,0,4.9968,0.0385,WARMING_UP,WARMING_UP,WARMING_UP,0.0,0,72.075
5728,110.2415,,0,5.0,0.55,5,3,0,4.9978,0.0385,WARMING_UP,WARMING_UP,WARMING_UP,0.0,0,73.213
5729,110.2536,,0,5.0,0.55,5,3,0,4.9979,0.0385,WARMING_UP,WARMING_UP,WARMING_UP,0.0,0,73.997
5730,110.2669,,0,5.0,0.55,5,3,0,4.9981,0.0385,WARMING_UP,WARMING_UP,WARMING_UP,0.0,0,73.78
5731,110.2798,,0,5.0,0.55,5,3,0,4.9971,0.0357,WARMING_UP,WARMING_UP,WARMING_UP,0.0,0,74.356
5732,110.2924,,0,5.0,0.55,5,3,0,4.9962,0.0357,WARMING_UP,WARMING_UP,WARMING_UP,0.0,0,75.077
5733,110.3054,,0,5.0,0.55,5,3,0,4.9972,0.0357,WARMING_UP,WARMING_UP,WARMING_UP,0.0,0,74.969
5734,110.3183,,0,5.0,0.55,5,3,0,4.9975,0.0357,WARMING_UP,WARMING_UP,WARMING_UP,0.0,0,75.648
5735,110.3304,,0,5.0,0.55,5,3,0,4.9962,0.0357,WARMING_UP,WARMING_UP,WARMING_UP,0.0,0,76.036
5736,110.3427,,0,5.0,0.55,5,3,0,4.9937,0.0357,WARMING_UP,WARMING_UP,WARMING_UP,0.0,0,76.0
5737,110.3563,,0,5.0,0.55,5,3,0,4.9944,0.0357,WARMING_UP,WARMING_UP,WARMING_UP,0.0,0,75.997
5738,110.3694,,0,5.0,0.55,5,3,0,4.9955,0.0357,WARMING_UP,WARMING_UP,WARMING_UP,0.0,0,76.823
5739,110.3815,,0,5.0,0.55,5,3,0,4.9528,0.0357,WARMING_UP,WARMING_UP,WARMING_UP,0.0,0,75.593
5740,110.3973,,0,5.0,0.55,5,3,0,4.9687,0.0356,WARMING_UP,WARMING_UP,WARMING_UP,0.0,0,73.661
5741,110.4163,,0,5.0,0.55,5,3,0,4.9877,0.0355,WARMING_UP,WARMING_UP,WARMING_UP,0.0,0,72.826
5742,110.4301,,0,5.0,0.55,5,3,0,4.9883,0.0355,WARMING_UP,WARMING_UP,WARMING_UP,0.0,0,72.905
5743,110.4435,,0,5.0,0.55,5,3,0,4.9891,0.0355,WARMING_UP,WARMING_UP,WARMING_UP,0.0,0,72.525
5744,110.4581,,0,5.0,0.55,5,3,0,4.9903,0.0355,WARMING_UP,WARMING_UP,WARMING_UP,0.0,0,72.967
5745,110.4714,,0,5.0,0.55,5,3,0,4.9826,0.0355,WARMING_UP,WARMING_UP,WARMING_UP,0.0,0,72.957
5746,110.4846,,0,5.0,0.55,5,3,0,4.9958,0.0354,WARMING_UP,WARMING_UP,WARMING_UP,0.0,0,70.304
5747,110.5063,,0,5.0,0.55,5,3,0,4.9883,0.0355,WARMING_UP,WARMING_UP,WARMING_UP,0.0,0,70.621
5748,110.5201,,0,5.0,0.55,5,3,0,4.9874,0.0355,WARMING_UP,WARMING_UP,WARMING_UP,0.0,0,71.558
5749,110.5332,,0,5.0,0.55,5,3,0,4.9871,0.0355,WARMING_UP,WARMING_UP,WARMING_UP,0.0,0,71.869
5750,110.5457,,0,5.0,0.55,5,3,0,4.9995,0.0354,WARMING_UP,WARMING_UP,WARMING_UP,0.0,0,72.322
5751,110.5588,,0,5.0,0.55,5,3,0,4.9988,0.0327,WARMING_UP,WARMING_UP,WARMING_UP,0.0,0,73.041
5752,110.5712,,0,5.0,0.55,5,3,0,4.9889,0.0327,WARMING_UP,WARMING_UP,WARMING_UP,0.0,0,73.45
5753,110.5849,,0,5.0,0.55,5,3,0,4.9885,0.0327,WARMING_UP,WARMING_UP,WARMING_UP,0.0,0,73.631
5754,110.5978,,0,5.0,0.55,5,3,0,4.9876,0.0327,WARMING_UP,WARMING_UP,WARMING_UP,0.0,0,74.291
5755,110.6099,,0,5.0,0.55,5,3,0,4.9997,0.0326,WARMING_UP,WARMING_UP,WARMING_UP,0.0,0,74.807
5756,110.6225,,0,5.0,0.55,5,3,0,4.9865,0.0327,WARMING_UP,WARMING_UP,WARMING_UP,0.0,0,75.052
5757,110.6354,,0,5.0,0.55,5,3,0,4.9994,0.0326,WARMING_UP,WARMING_UP,WARMING_UP,0.0,0,75.61
5758,110.648,,0,5.0,0.55,5,3,0,4.9614,0.0326,WARMING_UP,WARMING_UP,WARMING_UP,0.0,0,76.1
5759,110.6603,,0,5.0,0.55,5,3,0,4.9737,0.0325,WARMING_UP,WARMING_UP,WARMING_UP,0.0,0,76.551
5760,110.6727,,0,5.0,0.55,5,3,0,4.9861,0.0324,WARMING_UP,WARMING_UP,WARMING_UP,0.0,0,76.966
5761,110.6849,,0,5.0,0.55,5,3,0,4.9983,0.0323,WARMING_UP,WARMING_UP,WARMING_UP,0.0,0,77.557
5762,110.6974,,0,5.0,0.55,5,3,0,4.9974,0.0323,WARMING_UP,WARMING_UP,WARMING_UP,0.0,0,77.776
5763,110.7096,,0,5.0,0.55,5,3,0,4.9967,0.0323,WARMING_UP,WARMING_UP,WARMING_UP,0.0,0,77.887
5764,110.7223,,0,5.0,0.55,5,3,0,4.9971,0.0323,WARMING_UP,WARMING_UP,WARMING_UP,0.0,0,77.516
5765,110.736,,0,5.0,0.55,5,3,0,4.9981,0.0323,WARMING_UP,WARMING_UP,WARMING_UP,0.0,0,77.696
5766,110.7489,,0,5.0,0.55,5,3,0,4.997,0.0296,WARMING_UP,WARMING_UP,WARMING_UP,0.0,0,77.551
5767,110.7617,,0,5.0,0.55,5,3,0,4.9949,0.027,WARMING_UP,WARMING_UP,WARMING_UP,0.0,0,77.383
5768,110.7749,,0,5.0,0.55,5,3,0,4.9947,0.027,WARMING_UP,WARMING_UP,WARMING_UP,0.0,0,77.665
5769,110.7874,,0,5.0,0.55,5,3,0,4.9948,0.027,WARMING_UP,WARMING_UP,WARMING_UP,0.0,0,77.737
5770,110.8008,,0,5.0,0.55,5,3,0,4.9956,0.027,WARMING_UP,WARMING_UP,WARMING_UP,0.0,0,77.677
5771,110.8134,,0,5.0,0.55,5,3,0,4.9934,0.0243,WARMING_UP,WARMING_UP,WARMING_UP,0.0,0,77.748
5772,110.8256,,0,5.0,0.55,5,3,0,4.9918,0.0243,WARMING_UP,WARMING_UP,WARMING_UP,0.0,0,78.129
5773,110.8379,,0,5.0,0.55,5,3,0,4.9904,0.0243,WARMING_UP,WARMING_UP,WARMING_UP,0.0,0,78.368
5774,110.8507,,0,5.0,0.55,5,3,0,4.9907,0.0243,WARMING_UP,WARMING_UP,WARMING_UP,0.0,0,78.435
5775,110.8631,,0,5.0,0.55,5,3,0,4.991,0.0243,WARMING_UP,WARMING_UP,WARMING_UP,0.0,0,78.653
5776,110.8755,,0,5.0,0.55,5,3,0,4.9897,0.0216,WARMING_UP,WARMING_UP,WARMING_UP,0.0,0,78.972
5777,110.8876,,0,5.0,0.55,5,3,0,4.9852,0.0189,WARMING_UP,WARMING_UP,WARMING_UP,0.0,0,79.091
5778,110.9003,,0,5.0,0.55,5,3,0,4.9979,0.0188,WARMING_UP,WARMING_UP,WARMING_UP,0.0,0,79.322
5779,110.913,,0,5.0,0.55,5,3,0,4.9522,0.0161,WARMING_UP,WARMING_UP,WARMING_UP,0.0,0,78.843
5780,110.9258,,0,5.0,0.55,5,3,0,4.965,0.0161,WARMING_UP,WARMING_UP,WARMING_UP,0.0,0,78.9
5781,110.9384,,0,5.0,0.55,5,3,0,4.9775,0.016,WARMING_UP,WARMING_UP,WARMING_UP,0.0,0,78.909
5782,110.9512,,0,5.0,0.55,5,3,0,4.9904,0.016,WARMING_UP,WARMING_UP,WARMING_UP,0.0,0,78.854
5783,110.9638,,0,5.0,0.55,5,3,0,4.9906,0.016,WARMING_UP,WARMING_UP,WARMING_UP,0.0,0,78.664
5784,110.9767,,0,5.0,0.55,5,3,0,4.99,0.016,WARMING_UP,WARMING_UP,WARMING_UP,0.0,0,79.032
5785,110.9889,,0,5.0,0.55,5,3,0,4.9875,0.0133,WARMING_UP,WARMING_UP,WARMING_UP,0.0,0,79.221
5786,111.0014,,0,5.0,0.55,5,3,0,4.9999,0.0133,WARMING_UP,WARMING_UP,WARMING_UP,0.0,0,79.356
5787,111.0138,,0,5.0,0.55,5,3,0,4.9978,0.0106,WARMING_UP,WARMING_UP,WARMING_UP,0.0,0,79.482
5788,111.026,,0,5.0,0.55,5,3,0,4.9971,0.0106,WARMING_UP,WARMING_UP,WARMING_UP,0.0,0,79.824
5789,111.0382,,0,5.0,0.55,5,3,0,4.9956,0.008,WARMING_UP,WARMING_UP,WARMING_UP,0.0,0,79.862
5790,111.0513,,0,5.0,0.55,5,3,0,4.9957,0.0053,WARMING_UP,WARMING_UP,WARMING_UP,0.0,0,79.514
5791,111.064,,0,5.0,0.55,5,3,0,4.9951,0.0053,WARMING_UP,WARMING_UP,WARMING_UP,0.0,0,79.523
5792,111.0762,,0,5.0,0.55,5,3,0,4.9938,0.0053,WARMING_UP,WARMING_UP,WARMING_UP,0.0,0,79.372
5793,111.0892,,0,5.0,0.55,5,3,0,4.9948,0.0053,WARMING_UP,WARMING_UP,WARMING_UP,0.0,0,78.551
5794,111.1033,,0,5.0,0.55,5,3,0,4.9973,0.0053,WARMING_UP,WARMING_UP,WARMING_UP,0.0,0,78.782
5795,111.1161,,0,5.0,0.55,5,3,0,4.9971,0.0053,WARMING_UP,WARMING_UP,WARMING_UP,0.0,0,78.261
5796,111.1295,,0,5.0,0.55,5,3,0,4.9961,0.0053,WARMING_UP,WARMING_UP,WARMING_UP,0.0,0,78.35
5797,111.1425,,0,5.0,0.55,5,3,0,4.9961,0.0053,WARMING_UP,WARMING_UP,WARMING_UP,0.0,0,78.217
5798,111.1549,,0,5.0,0.55,5,3,0,4.9948,0.0027,WARMING_UP,WARMING_UP,WARMING_UP,0.0,0,78.16
5799,111.1677,,0,5.0,0.55,5,3,0,4.9947,0.0027,WARMING_UP,WARMING_UP,WARMING_UP,0.0,0,78.413
5800,111.1802,,0,5.0,0.55,5,3,0,4.9943,0.0027,WARMING_UP,WARMING_UP,WARMING_UP,0.0,0,78.459
5801,111.1928,,0,5.0,0.55,5,3,0,4.9931,0.0,WARMING_UP,WARMING_UP,WARMING_UP,0.0,0,78.357
5802,111.2058,,0,5.0,0.55,5,3,0,4.9925,0.0,WARMING_UP,WARMING_UP,WARMING_UP,0.0,0,77.996
5803,111.219,,0,5.0,0.55,5,3,0,4.9931,0.0,WARMING_UP,WARMING_UP,WARMING_UP,0.0,0,78.303
5804,111.2314,,0,5.0,0.55,5,3,0,4.9901,0.0,WARMING_UP,WARMING_UP,WARMING_UP,0.0,0,78.289
5805,111.2441,,0,5.0,0.55,5,3,0,4.99,0.0,WARMING_UP,WARMING_UP,WARMING_UP,0.0,0,78.415
5806,111.2568,,0,5.0,0.55,5,3,0,4.9897,0.0,WARMING_UP,WARMING_UP,WARMING_UP,0.0,0,78.657
5807,111.2693,,0,5.0,0.55,5,3,0,4.9892,0.0,WARMING_UP,WARMING_UP,WARMING_UP,0.0,0,78.444
5808,111.2823,,0,5.0,0.55,5,3,0,4.9899,0.0,WARMING_UP,WARMING_UP,WARMING_UP,0.0,0,78.693
5809,111.2957,,0,5.0,0.55,5,3,0,4.9911,0.0,WARMING_UP,WARMING_UP,WARMING_UP,0.0,0,78.171
5810,111.3081,,0,5.0,0.55,5,3,0,4.9903,0.0,WARMING_UP,WARMING_UP,WARMING_UP,0.0,0,78.022
5811,111.3211,,0,5.0,0.55,5,3,0,4.9904,0.0,WARMING_UP,WARMING_UP,WARMING_UP,0.0,0,77.936
5812,111.3347,,0,5.0,0.55,5,3,0,4.9922,0.0,WARMING_UP,WARMING_UP,WARMING_UP,0.0,0,78.025
5813,111.3472,,0,5.0,0.55,5,3,0,4.9919,0.0,WARMING_UP,WARMING_UP,WARMING_UP,0.0,0,77.8
5814,111.3599,,0,5.0,0.55,5,3,0,4.9916,0.0,WARMING_UP,WARMING_UP,WARMING_UP,0.0,0,78.147
5815,111.3722,,0,5.0,0.55,5,3,0,4.9908,0.0,WARMING_UP,WARMING_UP,WARMING_UP,0.0,0,78.328
5816,111.385,,0,5.0,0.55,5,3,0,4.9913,0.0,WARMING_UP,WARMING_UP,WARMING_UP,0.0,0,78.622
5817,111.3979,,0,5.0,0.55,5,3,0,4.9924,0.0,WARMING_UP,WARMING_UP,WARMING_UP,0.0,0,78.599
5818,111.4099,,0,5.0,0.55,5,3,0,4.9905,0.0,WARMING_UP,WARMING_UP,WARMING_UP,0.0,0,78.491
5819,111.4227,,0,5.0,0.55,5,3,0,4.99,0.0,WARMING_UP,WARMING_UP,WARMING_UP,0.0,0,78.294
5820,111.4357,,0,5.0,0.55,5,3,0,4.9901,0.0,WARMING_UP,WARMING_UP,WARMING_UP,0.0,0,78.975
5821,111.4478,,0,5.0,0.55,5,3,0,4.9903,0.0,WARMING_UP,WARMING_UP,WARMING_UP,0.0,0,79.184
5822,111.46,,0,5.0,0.55,5,3,0,4.9893,0.0,WARMING_UP,WARMING_UP,WARMING_UP,0.0,0,79.312
5823,111.4723,,0,5.0,0.55,5,3,0,4.9881,0.0,WARMING_UP,WARMING_UP,WARMING_UP,0.0,0,79.694
5824,111.4847,,0,5.0,0.55,5,3,0,4.9871,0.0,WARMING_UP,WARMING_UP,WARMING_UP,0.0,0,79.971
5825,111.4974,,0,5.0,0.55,5,3,0,4.9999,0.0,WARMING_UP,WARMING_UP,WARMING_UP,0.0,0,79.719
5826,111.5095,,0,5.0,0.55,5,3,0,4.9999,0.0,WARMING_UP,WARMING_UP,WARMING_UP,0.0,0,79.605
5827,111.5221,,0,5.0,0.55,5,3,0,4.9868,0.0,WARMING_UP,WARMING_UP,WARMING_UP,0.0,0,79.143
5828,111.5355,,0,5.0,0.55,5,3,0,4.9869,0.0,WARMING_UP,WARMING_UP,WARMING_UP,0.0,0,78.943
5829,111.5488,,0,5.0,0.55,5,3,0,4.9874,0.0,WARMING_UP,WARMING_UP,WARMING_UP,0.0,0,79.309
5830,111.5604,,0,5.0,0.55,5,3,0,4.9991,0.0,WARMING_UP,WARMING_UP,WARMING_UP,0.0,0,79.276
5831,111.5734,,0,5.0,0.55,5,3,0,4.987,0.0,WARMING_UP,WARMING_UP,WARMING_UP,0.0,0,78.683
5832,111.5868,,0,5.0,0.55,5,3,0,4.9878,0.0,WARMING_UP,WARMING_UP,WARMING_UP,0.0,0,79.123
5833,111.599,,0,5.0,0.55,5,3,0,5.0,0.0,WARMING_UP,WARMING_UP,WARMING_UP,0.0,0,79.514
5834,111.6107,,0,5.0,0.55,5,3,0,4.9984,0.0,WARMING_UP,WARMING_UP,WARMING_UP,0.0,0,79.858
5835,111.6229,,0,5.0,0.55,5,3,0,4.9987,0.0,WARMING_UP,WARMING_UP,WARMING_UP,0.0,0,79.775
5836,111.6357,,0,5.0,0.55,5,3,0,4.9981,0.0,WARMING_UP,WARMING_UP,WARMING_UP,0.0,0,80.061
5837,111.648,,0,5.0,0.55,5,3,0,4.9979,0.0,WARMING_UP,WARMING_UP,WARMING_UP,0.0,0,80.354
5838,111.6599,,0,5.0,0.55,5,3,0,4.996,0.0,WARMING_UP,WARMING_UP,WARMING_UP,0.0,0,79.809
5839,111.6732,,0,5.0,0.55,5,3,0,4.9973,0.0,WARMING_UP,WARMING_UP,WARMING_UP,0.0,0,79.685
5840,111.6858,,0,5.0,0.55,5,3,0,4.997,0.0,WARMING_UP,WARMING_UP,WARMING_UP,0.0,0,80.048
5841,111.698,,0,5.0,0.55,5,3,0,4.9953,0.0,WARMING_UP,WARMING_UP,WARMING_UP,0.0,0,80.267
5842,111.71,,0,5.0,0.55,5,3,0,4.9944,0.0,WARMING_UP,WARMING_UP,WARMING_UP,0.0,0,80.042
5843,111.7227,,0,5.0,0.55,5,3,0,4.9947,0.0,WARMING_UP,WARMING_UP,WARMING_UP,0.0,0,79.694
5844,111.736,,0,5.0,0.55,5,3,0,4.9951,0.0,WARMING_UP,WARMING_UP,WARMING_UP,0.0,0,79.989
5845,111.7481,,0,5.0,0.55,5,3,0,4.993,0.0,WARMING_UP,WARMING_UP,WARMING_UP,0.0,0,80.237
5846,111.7602,,0,5.0,0.55,5,3,0,4.9921,0.0,WARMING_UP,WARMING_UP,WARMING_UP,0.0,0,78.295
5847,111.7766,,0,5.0,0.55,5,3,0,4.9953,0.0,WARMING_UP,WARMING_UP,WARMING_UP,0.0,0,78.427
5848,111.789,,0,5.0,0.55,5,3,0,4.994,0.0,WARMING_UP,WARMING_UP,WARMING_UP,0.0,0,78.539
5849,111.802,,0,5.0,0.55,5,3,0,4.9949,0.0,WARMING_UP,WARMING_UP,WARMING_UP,0.0,0,78.543
5850,111.8145,,0,5.0,0.55,5,3,0,4.9928,0.0,WARMING_UP,WARMING_UP,WARMING_UP,0.0,0,79.165
5851,111.8262,,0,5.0,0.55,5,3,0,4.9909,0.0,WARMING_UP,WARMING_UP,WARMING_UP,0.0,0,79.107
5852,111.8388,,0,5.0,0.55,5,3,0,4.9901,0.0,WARMING_UP,WARMING_UP,WARMING_UP,0.0,0,77.772
5853,111.8545,,0,5.0,0.55,5,3,0,4.9941,0.0,WARMING_UP,WARMING_UP,WARMING_UP,0.0,0,77.781
5854,111.8676,,0,5.0,0.55,5,3,0,4.9953,0.0,WARMING_UP,WARMING_UP,WARMING_UP,0.0,0,77.733
5855,111.881,,0,5.0,0.55,5,3,0,4.9957,0.0,WARMING_UP,WARMING_UP,WARMING_UP,0.0,0,77.609
5856,111.893,,0,5.0,0.55,5,3,0,4.9951,0.0,WARMING_UP,WARMING_UP,WARMING_UP,0.0,0,77.299
5857,111.9063,,0,5.0,0.55,5,3,0,4.9964,0.0,WARMING_UP,WARMING_UP,WARMING_UP,0.0,0,77.039
5858,111.9197,,0,5.0,0.55,5,3,0,4.9977,0.0,WARMING_UP,WARMING_UP,WARMING_UP,0.0,0,77.621
5859,111.932,,0,5.0,0.55,5,3,0,4.9918,0.0,WARMING_UP,WARMING_UP,WARMING_UP,0.0,0,78.122
5860,111.9439,,0,5.0,0.55,5,3,0,4.9899,0.0,WARMING_UP,WARMING_UP,WARMING_UP,0.0,0,78.562
5861,111.9562,,0,5.0,0.55,5,3,0,4.9867,0.0,WARMING_UP,WARMING_UP,WARMING_UP,0.0,0,78.195
5862,111.9695,,0,5.0,0.55,5,3,0,4.987,0.0,WARMING_UP,WARMING_UP,WARMING_UP,0.0,0,78.636
5863,111.9819,,0,5.0,0.55,5,3,0,4.9993,0.0,WARMING_UP,WARMING_UP,WARMING_UP,0.0,0,78.899
5864,111.9938,,0,5.0,0.55,5,3,0,4.999,0.0,WARMING_UP,WARMING_UP,WARMING_UP,0.0,0,78.224
5865,112.0077,,0,5.0,0.55,5,3,0,4.9878,0.0,WARMING_UP,WARMING_UP,WARMING_UP,0.0,0,77.871
5866,112.0211,,0,5.0,0.55,5,3,0,4.9873,0.0,WARMING_UP,WARMING_UP,WARMING_UP,0.0,0,78.539
5867,112.0333,,0,5.0,0.55,5,3,0,4.9995,0.0,WARMING_UP,WARMING_UP,WARMING_UP,0.0,0,78.989
5868,112.0448,,0,5.0,0.55,5,3,0,4.998,0.0,WARMING_UP,WARMING_UP,WARMING_UP,0.0,0,79.084
5869,112.0577,,0,5.0,0.55,5,3,0,4.9986,0.0,WARMING_UP,WARMING_UP,WARMING_UP,0.0,0,78.254
5870,112.0715,,0,5.0,0.55,5,3,0,4.9987,0.0,WARMING_UP,WARMING_UP,WARMING_UP,0.0,0,78.968
5871,112.084,,0,5.0,0.55,5,3,0,4.9976,0.0,WARMING_UP,WARMING_UP,WARMING_UP,0.0,0,79.011
5872,112.0963,,0,5.0,0.55,5,3,0,4.9967,0.0,WARMING_UP,WARMING_UP,WARMING_UP,0.0,0,78.915
5873,112.1089,,0,5.0,0.55,5,3,0,4.9969,0.0,WARMING_UP,WARMING_UP,WARMING_UP,0.0,0,78.262
5874,112.1224,,0,5.0,0.55,5,3,0,4.9986,0.0,WARMING_UP,WARMING_UP,WARMING_UP,0.0,0,78.153
5875,112.1355,,0,5.0,0.55,5,3,0,4.9975,0.0,WARMING_UP,WARMING_UP,WARMING_UP,0.0,0,78.766
5876,112.1483,,0,5.0,0.55,5,3,0,4.9976,0.0,WARMING_UP,WARMING_UP,WARMING_UP,0.0,0,78.761
5877,112.1603,,0,5.0,0.55,5,3,0,4.9969,0.0,WARMING_UP,WARMING_UP,WARMING_UP,0.0,0,78.236
5878,112.1736,,0,5.0,0.55,5,3,0,4.9975,0.0,WARMING_UP,WARMING_UP,WARMING_UP,0.0,0,77.847
5879,112.1872,,0,5.0,0.55,5,3,0,4.9973,0.0,WARMING_UP,WARMING_UP,WARMING_UP,0.0,0,78.233
5880,112.1995,,0,5.0,0.55,5,3,0,4.9953,0.0,WARMING_UP,WARMING_UP,WARMING_UP,0.0,0,78.715
5881,112.2115,,0,5.0,0.55,5,3,0,4.994,0.0,WARMING_UP,WARMING_UP,WARMING_UP,0.0,0,78.588
5882,112.2242,,0,5.0,0.55,5,3,0,4.9951,0.0,WARMING_UP,WARMING_UP,WARMING_UP,0.0,0,78.211
5883,112.2377,,0,5.0,0.55,5,3,0,4.9958,0.0,WARMING_UP,WARMING_UP,WARMING_UP,0.0,0,78.569
5884,112.2505,,0,5.0,0.55,5,3,0,4.994,0.0,WARMING_UP,WARMING_UP,WARMING_UP,0.0,0,78.808
5885,112.2621,,0,5.0,0.55,5,3,0,4.9936,0.0,WARMING_UP,WARMING_UP,WARMING_UP,0.0,0,78.241
5886,112.2758,,0,5.0,0.55,5,3,0,4.9952,0.0,WARMING_UP,WARMING_UP,WARMING_UP,0.0,0,77.87
5887,112.2893,,0,5.0,0.55,5,3,0,4.9966,0.0,WARMING_UP,WARMING_UP,WARMING_UP,0.0,0,77.81
5888,112.3026,,0,5.0,0.55,5,3,0,4.9974,0.0,WARMING_UP,WARMING_UP,WARMING_UP,0.0,0,78.057
5889,112.3157,,0,5.0,0.55,5,3,0,4.994,0.0,WARMING_UP,WARMING_UP,WARMING_UP,0.0,0,77.428
5890,112.3295,,0,5.0,0.55,5,3,0,4.995,0.0,WARMING_UP,WARMING_UP,WARMING_UP,0.0,0,76.657
5891,112.3433,,0,5.0,0.55,5,3,0,4.9959,0.0,WARMING_UP,WARMING_UP,WARMING_UP,0.0,0,75.161
5892,112.3591,,0,5.0,0.55,5,3,0,4.9994,0.0,WARMING_UP,WARMING_UP,WARMING_UP,0.0,0,75.18
5893,112.3727,,0,5.0,0.55,5,3,0,4.9869,0.0,WARMING_UP,WARMING_UP,WARMING_UP,0.0,0,75.082
5894,112.3862,,0,5.0,0.55,5,3,0,4.9881,0.0,WARMING_UP,WARMING_UP,WARMING_UP,0.0,0,75.504
5895,112.3999,,0,5.0,0.55,5,3,0,4.9897,0.0,WARMING_UP,WARMING_UP,WARMING_UP,0.0,0,75.213
5896,112.4134,,0,5.0,0.55,5,3,0,4.9909,0.0,WARMING_UP,WARMING_UP,WARMING_UP,0.0,0,74.639
5897,112.4267,,0,5.0,0.55,5,3,0,4.991,0.0,WARMING_UP,WARMING_UP,WARMING_UP,0.0,0,74.497
5898,112.4403,,0,5.0,0.55,5,3,0,4.9917,0.0,WARMING_UP,WARMING_UP,WARMING_UP,0.0,0,74.319
5899,112.4542,,0,5.0,0.55,5,3,0,4.9933,0.0,WARMING_UP,WARMING_UP,WARMING_UP,0.0,0,75.085
5900,112.4671,,0,5.0,0.55,5,3,0,4.9939,0.0,WARMING_UP,WARMING_UP,WARMING_UP,0.0,0,74.617
5901,112.4809,,0,5.0,0.55,5,3,0,4.995,0.0,WARMING_UP,WARMING_UP,WARMING_UP,0.0,0,75.046
5902,112.4932,,0,5.0,0.55,5,3,0,4.9948,0.0,WARMING_UP,WARMING_UP,WARMING_UP,0.0,0,75.477
5903,112.5059,,0,5.0,0.55,5,3,0,4.9952,0.0,WARMING_UP,WARMING_UP,WARMING_UP,0.0,0,76.004
5904,112.5191,,0,5.0,0.55,5,3,0,4.9961,0.0,WARMING_UP,WARMING_UP,WARMING_UP,0.0,0,76.308
5905,112.5312,,0,5.0,0.55,5,3,0,4.9946,0.0,WARMING_UP,WARMING_UP,WARMING_UP,0.0,0,76.459
5906,112.5439,,0,5.0,0.55,5,3,0,4.9945,0.0,WARMING_UP,WARMING_UP,WARMING_UP,0.0,0,76.222
5907,112.5573,,0,5.0,0.55,5,3,0,4.9959,0.0,WARMING_UP,WARMING_UP,WARMING_UP,0.0,0,76.372
5908,112.5702,,0,5.0,0.55,5,3,0,4.9969,0.0,WARMING_UP,WARMING_UP,WARMING_UP,0.0,0,77.305
5909,112.5822,,0,5.0,0.55,5,3,0,4.9958,0.0,WARMING_UP,WARMING_UP,WARMING_UP,0.0,0,77.632
5910,112.5941,,0,5.0,0.55,5,3,0,4.9952,0.0,WARMING_UP,WARMING_UP,WARMING_UP,0.0,0,76.561
5911,112.6093,,0,5.0,0.55,5,3,0,4.9968,0.0,WARMING_UP,WARMING_UP,WARMING_UP,0.0,0,76.309
5912,112.6225,,0,5.0,0.55,5,3,0,4.9978,0.0,WARMING_UP,WARMING_UP,WARMING_UP,0.0,0,76.565
5913,112.6355,,0,5.0,0.55,5,3,0,4.9975,0.0,WARMING_UP,WARMING_UP,WARMING_UP,0.0,0,77.138
5914,112.6477,,0,5.0,0.55,5,3,0,4.9973,0.0,WARMING_UP,WARMING_UP,WARMING_UP,0.0,0,77.351
5915,112.66,,0,5.0,0.55,5,3,0,4.9891,0.0,WARMING_UP,WARMING_UP,WARMING_UP,0.0,0,77.082
5916,112.6737,,0,5.0,0.55,5,3,0,4.9866,0.0,WARMING_UP,WARMING_UP,WARMING_UP,0.0,0,76.331
5917,112.6879,,0,5.0,0.55,5,3,0,4.9881,0.0,WARMING_UP,WARMING_UP,WARMING_UP,0.0,0,77.142
5918,112.7003,,0,5.0,0.55,5,3,0,4.9883,0.0,WARMING_UP,WARMING_UP,WARMING_UP,0.0,0,77.213
5919,112.7126,,0,5.0,0.55,5,3,0,4.9881,0.0,WARMING_UP,WARMING_UP,WARMING_UP,0.0,0,77.102
5920,112.7256,,0,5.0,0.55,5,3,0,4.9877,0.0,WARMING_UP,WARMING_UP,WARMING_UP,0.0,0,77.341
5921,112.7385,,0,5.0,0.55,5,3,0,4.986,0.0,WARMING_UP,WARMING_UP,WARMING_UP,0.0,0,77.393
5922,112.7518,,0,5.0,0.55,5,3,0,4.9993,0.0,WARMING_UP,WARMING_UP,WARMING_UP,0.0,0,77.681
5923,112.7648,,0,5.0,0.55,5,3,0,4.9986,0.0,WARMING_UP,WARMING_UP,WARMING_UP,0.0,0,77.286
5924,112.777,,0,5.0,0.55,5,3,0,4.9982,0.0,WARMING_UP,WARMING_UP,WARMING_UP,0.0,0,76.83
5925,112.7909,,0,5.0,0.55,5,3,0,4.9996,0.0,WARMING_UP,WARMING_UP,WARMING_UP,0.0,0,76.314
5926,112.8052,,0,5.0,0.55,5,3,0,4.9998,0.0,WARMING_UP,WARMING_UP,WARMING_UP,0.0,0,76.707
5927,112.8183,,0,5.0,0.55,5,3,0,4.9866,0.0,WARMING_UP,WARMING_UP,WARMING_UP,0.0,0,76.758
5928,112.8304,,0,5.0,0.55,5,3,0,4.9987,0.0,WARMING_UP,WARMING_UP,WARMING_UP,0.0,0,76.696
5929,112.8432,,0,5.0,0.55,5,3,0,4.9971,0.0,WARMING_UP,WARMING_UP,WARMING_UP,0.0,0,76.613
5930,112.8565,,0,5.0,0.55,5,3,0,4.9979,0.0,WARMING_UP,WARMING_UP,WARMING_UP,0.0,0,76.973
5931,112.8698,,0,5.0,0.55,5,3,0,4.9983,0.0,WARMING_UP,WARMING_UP,WARMING_UP,0.0,0,77.043
5932,112.8826,,0,5.0,0.55,5,3,0,4.9982,0.0,WARMING_UP,WARMING_UP,WARMING_UP,0.0,0,77.303
5933,112.8944,,0,5.0,0.55,5,3,0,4.9973,0.0,WARMING_UP,WARMING_UP,WARMING_UP,0.0,0,77.291
5934,112.9074,,0,5.0,0.55,5,3,0,4.996,0.0,WARMING_UP,WARMING_UP,WARMING_UP,0.0,0,77.324
5935,112.9202,,0,5.0,0.55,5,3,0,4.9954,0.0,WARMING_UP,WARMING_UP,WARMING_UP,0.0,0,78.201
5936,112.9321,,0,5.0,0.55,5,3,0,4.9932,0.0,WARMING_UP,WARMING_UP,WARMING_UP,0.0,0,78.203
5937,112.9447,,0,5.0,0.55,5,3,0,4.9932,0.0,WARMING_UP,WARMING_UP,WARMING_UP,0.0,0,75.547
5938,112.9646,,0,5.0,0.55,5,3,0,4.9992,0.0,WARMING_UP,WARMING_UP,WARMING_UP,0.0,0,75.596
5939,112.9771,,0,5.0,0.55,5,3,0,4.9984,0.0,WARMING_UP,WARMING_UP,WARMING_UP,0.0,0,75.715
5940,112.9902,,0,5.0,0.55,5,3,0,4.9987,0.0,WARMING_UP,WARMING_UP,WARMING_UP,0.0,0,76.37
5941,113.0031,,0,5.0,0.55,5,3,0,4.994,0.0,WARMING_UP,WARMING_UP,WARMING_UP,0.0,0,76.482
5942,113.0155,,0,5.0,0.55,5,3,0,4.9922,0.0,WARMING_UP,WARMING_UP,WARMING_UP,0.0,0,76.792
5943,113.0277,,0,5.0,0.55,5,3,0,4.989,0.0,WARMING_UP,WARMING_UP,WARMING_UP,0.0,0,76.215
5944,113.0419,,0,5.0,0.55,5,3,0,4.9882,0.0,WARMING_UP,WARMING_UP,WARMING_UP,0.0,0,75.991
5945,113.0555,,0,5.0,0.55,5,3,0,4.9816,0.0,WARMING_UP,WARMING_UP,WARMING_UP,0.0,0,76.868
5946,113.0675,,0,5.0,0.55,5,3,0,4.9936,0.0,WARMING_UP,WARMING_UP,WARMING_UP,0.0,0,76.877
5947,113.0806,,0,5.0,0.55,5,3,0,4.9903,0.0,WARMING_UP,WARMING_UP,WARMING_UP,0.0,0,76.443
5948,113.0939,,0,5.0,0.55,5,3,0,4.9884,0.0,WARMING_UP,WARMING_UP,WARMING_UP,0.0,0,76.563
5949,113.1069,,0,5.0,0.55,5,3,0,4.9879,0.0,WARMING_UP,WARMING_UP,WARMING_UP,0.0,0,77.297
5950,113.1197,,0,5.0,0.55,5,3,0,4.9861,0.0,WARMING_UP,WARMING_UP,WARMING_UP,0.0,0,76.768
5951,113.1329,,0,5.0,0.55,5,3,0,4.9994,0.0,WARMING_UP,WARMING_UP,WARMING_UP,0.0,0,76.504
5952,113.1463,,0,5.0,0.55,5,3,0,4.9987,0.0,WARMING_UP,WARMING_UP,WARMING_UP,0.0,0,76.339
5953,113.1596,,0,5.0,0.55,5,3,0,4.9986,0.0,WARMING_UP,WARMING_UP,WARMING_UP,0.0,0,75.568
5954,113.1744,,0,5.0,0.55,5,3,0,4.9995,0.0,WARMING_UP,WARMING_UP,WARMING_UP,0.0,0,75.337
5955,113.1879,,0,5.0,0.55,5,3,0,4.9993,0.0,WARMING_UP,WARMING_UP,WARMING_UP,0.0,0,76.161
5956,113.1996,,0,5.0,0.55,5,3,0,4.9961,0.0,WARMING_UP,WARMING_UP,WARMING_UP,0.0,0,76.248
5957,113.2128,,0,5.0,0.55,5,3,0,4.9926,0.0,WARMING_UP,WARMING_UP,WARMING_UP,0.0,0,76.156
5958,113.226,,0,5.0,0.55,5,3,0,4.9885,0.0,WARMING_UP,WARMING_UP,WARMING_UP,0.0,0,76.296
5959,113.2394,,0,5.0,0.55,5,3,0,4.9763,0.0,WARMING_UP,WARMING_UP,WARMING_UP,0.0,0,76.869
5960,113.2526,,0,5.0,0.55,5,3,0,4.9895,0.0,WARMING_UP,WARMING_UP,WARMING_UP,0.0,0,76.46
5961,113.2652,,0,5.0,0.55,5,3,0,4.9782,0.0,WARMING_UP,WARMING_UP,WARMING_UP,0.0,0,76.302
5962,113.2783,,0,5.0,0.55,5,3,0,4.9913,0.0,WARMING_UP,WARMING_UP,WARMING_UP,0.0,0,76.529
5963,113.2916,,0,5.0,0.55,5,3,0,4.9827,0.0,WARMING_UP,WARMING_UP,WARMING_UP,0.0,0,76.461
5964,113.3044,,0,5.0,0.55,5,3,0,4.9954,0.0,WARMING_UP,WARMING_UP,WARMING_UP,0.0,0,77.02
5965,113.3166,,0,5.0,0.55,5,3,0,4.9882,0.0,WARMING_UP,WARMING_UP,WARMING_UP,0.0,0,76.861
5966,113.3295,,0,5.0,0.55,5,3,0,4.986,0.0,WARMING_UP,WARMING_UP,WARMING_UP,0.0,0,76.537
5967,113.3434,,0,5.0,0.55,5,3,0,4.9999,0.0,WARMING_UP,WARMING_UP,WARMING_UP,0.0,0,75.89
5968,113.3581,,0,5.0,0.55,5,3,0,4.9957,0.0,WARMING_UP,WARMING_UP,WARMING_UP,0.0,0,75.265
5969,113.3717,,0,5.0,0.55,5,3,0,4.9932,0.0,WARMING_UP,WARMING_UP,WARMING_UP,0.0,0,76.271
5970,113.3835,,0,5.0,0.55,5,3,0,4.9858,0.0,WARMING_UP,WARMING_UP,WARMING_UP,0.0,0,76.505
5971,113.3962,,0,5.0,0.55,5,3,0,4.9986,0.0,WARMING_UP,WARMING_UP,WARMING_UP,0.0,0,76.18
5972,113.4101,,0,5.0,0.55,5,3,0,4.9951,0.0,WARMING_UP,WARMING_UP,WARMING_UP,0.0,0,75.605
5973,113.4254,,0,5.0,0.55,5,3,0,4.9971,0.0,WARMING_UP,WARMING_UP,WARMING_UP,0.0,0,74.925
5974,113.4386,,0,5.0,0.55,5,3,0,4.9963,0.0,WARMING_UP,WARMING_UP,WARMING_UP,0.0,0,75.9
5975,113.4507,,0,5.0,0.55,5,3,0,4.9936,0.0,WARMING_UP,WARMING_UP,WARMING_UP,0.0,0,75.638
5976,113.4643,,0,5.0,0.55,5,3,0,4.993,0.0,WARMING_UP,WARMING_UP,WARMING_UP,0.0,0,75.502
5977,113.4778,,0,5.0,0.55,5,3,0,4.9923,0.0,WARMING_UP,WARMING_UP,WARMING_UP,0.0,0,75.077
5978,113.4924,,0,5.0,0.55,5,3,0,4.9935,0.0,WARMING_UP,WARMING_UP,WARMING_UP,0.0,0,72.293
5979,113.5126,,0,5.0,0.55,5,3,0,4.9891,0.0,WARMING_UP,WARMING_UP,WARMING_UP,0.0,0,72.414
5980,113.5262,,0,5.0,0.55,5,3,0,4.9906,0.0,WARMING_UP,WARMING_UP,WARMING_UP,0.0,0,72.922
5981,113.5395,,0,5.0,0.55,5,3,0,4.9903,0.0,WARMING_UP,WARMING_UP,WARMING_UP,0.0,0,72.866
5982,113.5534,,0,5.0,0.55,5,3,0,4.9916,0.0,WARMING_UP,WARMING_UP,WARMING_UP,0.0,0,73.094
5983,113.5665,,0,5.0,0.55,5,3,0,4.9928,0.0,WARMING_UP,WARMING_UP,WARMING_UP,0.0,0,73.543
5984,113.5791,,0,5.0,0.55,5,3,0,4.993,0.0,WARMING_UP,WARMING_UP,WARMING_UP,0.0,0,73.401
5985,113.5934,,0,5.0,0.55,5,3,0,4.9938,0.0,WARMING_UP,WARMING_UP,WARMING_UP,0.0,0,73.543
5986,113.6068,,0,5.0,0.55,5,3,0,4.995,0.0,WARMING_UP,WARMING_UP,WARMING_UP,0.0,0,72.363
5987,113.6229,,0,5.0,0.55,5,3,0,4.999,0.0,WARMING_UP,WARMING_UP,WARMING_UP,0.0,0,72.814
5988,113.636,,0,5.0,0.55,5,3,0,4.9993,0.0,WARMING_UP,WARMING_UP,WARMING_UP,0.0,0,73.171
5989,113.6491,,0,5.0,0.55,5,3,0,4.9984,0.0,WARMING_UP,WARMING_UP,WARMING_UP,0.0,0,73.374
5990,113.662,,0,5.0,0.55,5,3,0,4.9991,0.0,WARMING_UP,WARMING_UP,WARMING_UP,0.0,0,74.064
5991,113.6755,,0,5.0,0.55,5,3,0,4.9871,0.0,WARMING_UP,WARMING_UP,WARMING_UP,0.0,0,73.116
5992,113.69,,0,5.0,0.55,5,3,0,4.988,0.0,WARMING_UP,WARMING_UP,WARMING_UP,0.0,0,73.318
5993,113.7036,,0,5.0,0.55,5,3,0,4.9883,0.0,WARMING_UP,WARMING_UP,WARMING_UP,0.0,0,73.494
5994,113.7168,,0,5.0,0.55,5,3,0,4.9885,0.0,WARMING_UP,WARMING_UP,WARMING_UP,0.0,0,74.128
5995,113.7291,,0,5.0,0.55,5,3,0,4.9885,0.0,WARMING_UP,WARMING_UP,WARMING_UP,0.0,0,73.966
5996,113.7444,,0,5.0,0.55,5,3,0,4.9913,0.0,WARMING_UP,WARMING_UP,WARMING_UP,0.0,0,73.295
5997,113.7579,,0,5.0,0.55,5,3,0,4.9917,0.0,WARMING_UP,WARMING_UP,WARMING_UP,0.0,0,73.368
5998,113.7714,,0,5.0,0.55,5,3,0,4.9929,0.0,WARMING_UP,WARMING_UP,WARMING_UP,0.0,0,73.93
5999,113.7841,,0,5.0,0.55,5,3,0,4.9893,0.0,WARMING_UP,WARMING_UP,WARMING_UP,0.0,0,74.521
6000,113.7964,,0,5.0,0.55,5,3,0,4.99,0.0,WARMING_UP,WARMING_UP,WARMING_UP,0.0,0,75.149
6001,113.8098,,0,5.0,0.55,5,3,0,4.9895,0.0,WARMING_UP,WARMING_UP,WARMING_UP,0.0,0,74.342
6002,113.8238,,0,5.0,0.55,5,3,0,4.99,0.0,WARMING_UP,WARMING_UP,WARMING_UP,0.0,0,74.139
6003,113.8376,,0,5.0,0.55,5,3,0,4.9916,0.0,WARMING_UP,WARMING_UP,WARMING_UP,0.0,0,75.033
6004,113.8498,,0,5.0,0.55,5,3,0,4.9918,0.0,WARMING_UP,WARMING_UP,WARMING_UP,0.0,0,75.368
6005,113.8624,,0,5.0,0.55,5,3,0,4.9921,0.0,WARMING_UP,WARMING_UP,WARMING_UP,0.0,0,75.843
6006,113.8754,,0,5.0,0.55,5,3,0,4.9913,0.0,WARMING_UP,WARMING_UP,WARMING_UP,0.0,0,74.701
6007,113.8906,,0,5.0,0.55,5,3,0,4.9944,0.0,WARMING_UP,WARMING_UP,WARMING_UP,0.0,0,74.684
6008,113.9038,,0,5.0,0.55,5,3,0,4.996,0.0,WARMING_UP,WARMING_UP,WARMING_UP,0.0,0,75.23
6009,113.9166,,0,5.0,0.55,5,3,0,4.9964,0.0,WARMING_UP,WARMING_UP,WARMING_UP,0.0,0,75.537
6010,113.9292,,0,5.0,0.55,5,3,0,4.9962,0.0,WARMING_UP,WARMING_UP,WARMING_UP,0.0,0,75.304
6011,113.943,,0,5.0,0.55,5,3,0,4.9975,0.0,WARMING_UP,WARMING_UP,WARMING_UP,0.0,0,75.236
6012,113.9564,,0,5.0,0.55,5,3,0,4.999,0.0,WARMING_UP,WARMING_UP,WARMING_UP,0.0,0,74.458
6013,113.971,,0,5.0,0.55,5,3,0,4.9873,0.0,WARMING_UP,WARMING_UP,WARMING_UP,0.0,0,74.883
6014,113.9838,,0,5.0,0.55,5,3,0,4.9881,0.0,WARMING_UP,WARMING_UP,WARMING_UP,0.0,0,73.508
6015,114.0003,,0,5.0,0.55,5,3,0,4.9919,0.0,WARMING_UP,WARMING_UP,WARMING_UP,0.0,0,73.359
6016,114.0148,,0,5.0,0.55,5,3,0,4.9941,0.0,WARMING_UP,WARMING_UP,WARMING_UP,0.0,0,73.137
6017,114.0291,,0,5.0,0.55,5,3,0,4.995,0.0,WARMING_UP,WARMING_UP,WARMING_UP,0.0,0,72.968
6018,114.0419,,0,5.0,0.55,5,3,0,4.995,0.0,WARMING_UP,WARMING_UP,WARMING_UP,0.0,0,71.959
6019,114.0581,,0,5.0,0.55,5,3,0,4.9992,0.0,WARMING_UP,WARMING_UP,WARMING_UP,0.0,0,71.654
6020,114.0725,,0,5.0,0.55,5,3,0,4.982,0.0,WARMING_UP,WARMING_UP,WARMING_UP,0.0,0,71.591
6021,114.0866,,0,5.0,0.55,5,3,0,4.9961,0.0,WARMING_UP,WARMING_UP,WARMING_UP,0.0,0,72.233
6022,114.0996,,0,5.0,0.55,5,3,0,4.9964,0.0,WARMING_UP,WARMING_UP,WARMING_UP,0.0,0,72.176
6023,114.1144,,0,5.0,0.55,5,3,0,4.9981,0.0,WARMING_UP,WARMING_UP,WARMING_UP,0.0,0,72.066
6024,114.1273,,0,5.0,0.55,5,3,0,4.9984,0.0,WARMING_UP,WARMING_UP,WARMING_UP,0.0,0,72.523
6025,114.1403,,0,5.0,0.55,5,3,0,4.9994,0.0,WARMING_UP,WARMING_UP,WARMING_UP,0.0,0,71.357
6026,114.1567,,0,5.0,0.55,5,3,0,4.9889,0.0,WARMING_UP,WARMING_UP,WARMING_UP,0.0,0,71.642
6027,114.1704,,0,5.0,0.55,5,3,0,4.9865,0.0,WARMING_UP,WARMING_UP,WARMING_UP,0.0,0,72.09
6028,114.1835,,0,5.0,0.55,5,3,0,4.9996,0.0,WARMING_UP,WARMING_UP,WARMING_UP,0.0,0,72.794
6029,114.1964,,0,5.0,0.55,5,3,0,4.9885,0.0,WARMING_UP,WARMING_UP,WARMING_UP,0.0,0,72.919
6030,114.2102,,0,5.0,0.55,5,3,0,4.9897,0.0,WARMING_UP,WARMING_UP,WARMING_UP,0.0,0,72.193
6031,114.2247,,0,5.0,0.55,5,3,0,4.9914,0.0,WARMING_UP,WARMING_UP,WARMING_UP,0.0,0,72.071
6032,114.2389,,0,5.0,0.55,5,3,0,4.9927,0.0,WARMING_UP,WARMING_UP,WARMING_UP,0.0,0,71.765
6033,114.2538,,0,5.0,0.55,5,3,0,4.996,0.0,WARMING_UP,WARMING_UP,WARMING_UP,0.0,0,72.297
6034,114.2668,,0,5.0,0.55,5,3,0,4.9965,0.0,WARMING_UP,WARMING_UP,WARMING_UP,0.0,0,72.952
6035,114.2794,,0,5.0,0.55,5,3,0,4.9958,0.0,WARMING_UP,WARMING_UP,WARMING_UP,0.0,0,71.997
6036,114.294,,0,5.0,0.55,5,3,0,4.9977,0.0,WARMING_UP,WARMING_UP,WARMING_UP,0.0,0,72.855
6037,114.3071,,0,5.0,0.55,5,3,0,4.9991,0.0,WARMING_UP,WARMING_UP,WARMING_UP,0.0,0,73.063
6038,114.3207,,0,5.0,0.55,5,3,0,4.999,0.0,WARMING_UP,WARMING_UP,WARMING_UP,0.0,0,72.549
6039,114.336,,0,5.0,0.55,5,3,0,4.9894,0.0,WARMING_UP,WARMING_UP,WARMING_UP,0.0,0,72.099
6040,114.3504,,0,5.0,0.55,5,3,0,4.9917,0.0,WARMING_UP,WARMING_UP,WARMING_UP,0.0,0,72.805
6041,114.3632,,0,5.0,0.55,5,3,0,4.9923,0.0,WARMING_UP,WARMING_UP,WARMING_UP,0.0,0,72.402
6042,114.3774,,0,5.0,0.55,5,3,0,4.9932,0.0,WARMING_UP,WARMING_UP,WARMING_UP,0.0,0,71.681
6043,114.3928,,0,5.0,0.55,5,3,0,4.9966,0.0,WARMING_UP,WARMING_UP,WARMING_UP,0.0,0,71.305
6044,114.4071,,0,5.0,0.55,5,3,0,4.999,0.0,WARMING_UP,WARMING_UP,WARMING_UP,0.0,0,70.341
6045,114.4234,,0,5.0,0.55,5,3,0,4.9889,0.0,WARMING_UP,WARMING_UP,WARMING_UP,0.0,0,71.068
6046,114.4371,,0,5.0,0.55,5,3,0,4.9907,0.0,WARMING_UP,WARMING_UP,WARMING_UP,0.0,0,71.706
6047,114.4496,,0,5.0,0.55,5,3,0,4.9914,0.0,WARMING_UP,WARMING_UP,WARMING_UP,0.0,0,70.134
6048,114.4677,,0,5.0,0.55,5,3,0,4.9963,0.0,WARMING_UP,WARMING_UP,WARMING_UP,0.0,0,70.153
6049,114.4819,,0,5.0,0.55,5,3,0,4.9975,0.0,WARMING_UP,WARMING_UP,WARMING_UP,0.0,0,70.301
6050,114.4951,,0,5.0,0.55,5,3,0,4.9989,0.0,WARMING_UP,WARMING_UP,WARMING_UP,0.0,0,70.734
6051,114.5086,,0,5.0,0.55,5,3,0,4.986,0.0,WARMING_UP,WARMING_UP,WARMING_UP,0.0,0,69.248
6052,114.5265,,0,5.0,0.55,5,3,0,4.9908,0.0,WARMING_UP,WARMING_UP,WARMING_UP,0.0,0,69.279
6053,114.5412,,0,5.0,0.55,5,3,0,4.9935,0.0,WARMING_UP,WARMING_UP,WARMING_UP,0.0,0,69.311
6054,114.5554,,0,5.0,0.55,5,3,0,4.9957,0.0,WARMING_UP,WARMING_UP,WARMING_UP,0.0,0,70.49
6055,114.5678,,0,5.0,0.55,5,3,0,4.9946,0.0,WARMING_UP,WARMING_UP,WARMING_UP,0.0,0,71.317
6056,114.5803,,0,5.0,0.55,5,3,0,4.9904,0.0,WARMING_UP,WARMING_UP,WARMING_UP,0.0,0,71.146
6057,114.5946,,0,5.0,0.55,5,3,0,4.9913,0.0,WARMING_UP,WARMING_UP,WARMING_UP,0.0,0,71.435
6058,114.6087,,0,5.0,0.55,5,3,0,4.9931,0.0,WARMING_UP,WARMING_UP,WARMING_UP,0.0,0,71.373
6059,114.6225,,0,5.0,0.55,5,3,0,4.9947,0.0,WARMING_UP,WARMING_UP,WARMING_UP,0.0,0,71.739
6060,114.6365,,0,5.0,0.55,5,3,0,4.996,0.0,WARMING_UP,WARMING_UP,WARMING_UP,0.0,0,72.026
6061,114.6494,,0,5.0,0.55,5,3,0,4.9962,0.0,WARMING_UP,WARMING_UP,WARMING_UP,0.0,0,72.29
6062,114.6623,,0,5.0,0.55,5,3,0,4.9968,0.0,WARMING_UP,WARMING_UP,WARMING_UP,0.0,0,72.038
6063,114.6773,,0,5.0,0.55,5,3,0,4.9996,0.0,WARMING_UP,WARMING_UP,WARMING_UP,0.0,0,71.537
6064,114.6926,,0,5.0,0.55,5,3,0,4.9884,0.0,WARMING_UP,WARMING_UP,WARMING_UP,0.0,0,71.161
6065,114.7065,,0,5.0,0.55,5,3,0,4.9898,0.0,WARMING_UP,WARMING_UP,WARMING_UP,0.0,0,72.131
6066,114.7195,,0,5.0,0.55,5,3,0,4.9906,0.0,WARMING_UP,WARMING_UP,WARMING_UP,0.0,0,71.053
6067,114.7358,,0,5.0,0.55,5,3,0,4.9945,0.0,WARMING_UP,WARMING_UP,WARMING_UP,0.0,0,70.426
6068,114.7507,,0,5.0,0.55,5,3,0,4.9916,0.0,WARMING_UP,WARMING_UP,WARMING_UP,0.0,0,71.089
6069,114.7634,,0,5.0,0.55,5,3,0,4.9912,0.0,WARMING_UP,WARMING_UP,WARMING_UP,0.0,0,71.102
6070,114.7775,,0,5.0,0.55,5,3,0,4.9914,0.0,WARMING_UP,WARMING_UP,WARMING_UP,0.0,0,71.157
6071,114.7921,,0,5.0,0.55,5,3,0,4.9939,0.0,WARMING_UP,WARMING_UP,WARMING_UP,0.0,0,70.962
6072,114.8062,,0,5.0,0.55,5,3,0,4.9956,0.0,WARMING_UP,WARMING_UP,WARMING_UP,0.0,0,71.297
6073,114.8198,,0,5.0,0.55,5,3,0,4.9961,0.0,WARMING_UP,WARMING_UP,WARMING_UP,0.0,0,70.562
6074,114.8355,,0,5.0,0.55,5,3,0,4.9982,0.0,WARMING_UP,WARMING_UP,WARMING_UP,0.0,0,71.211
6075,114.8482,,0,5.0,0.55,5,3,0,4.9977,0.0,WARMING_UP,WARMING_UP,WARMING_UP,0.0,0,70.947
6076,114.8627,,0,5.0,0.55,5,3,0,4.9884,0.0,WARMING_UP,WARMING_UP,WARMING_UP,0.0,0,71.27
6077,114.8777,,0,5.0,0.55,5,3,0,4.9862,0.0,WARMING_UP,WARMING_UP,WARMING_UP,0.0,0,70.089
6078,114.8938,,0,5.0,0.55,5,3,0,4.9893,0.0,WARMING_UP,WARMING_UP,WARMING_UP,0.0,0,68.301
6079,114.912,,0,5.0,0.55,5,3,0,4.9949,0.0,WARMING_UP,WARMING_UP,WARMING_UP,0.0,0,68.614
6080,114.9271,,0,5.0,0.55,5,3,0,4.998,0.0,WARMING_UP,WARMING_UP,WARMING_UP,0.0,0,68.27
6081,114.9418,,0,5.0,0.55,5,3,0,4.9878,0.0,WARMING_UP,WARMING_UP,WARMING_UP,0.0,0,67.582
6082,114.9577,,0,5.0,0.55,5,3,0,4.9901,0.0,WARMING_UP,WARMING_UP,WARMING_UP,0.0,0,67.262
6083,114.9733,,0,5.0,0.55,5,3,0,4.9938,0.0,WARMING_UP,WARMING_UP,WARMING_UP,0.0,0,68.688
6084,114.9865,,0,5.0,0.55,5,3,0,4.9944,0.0,WARMING_UP,WARMING_UP,WARMING_UP,0.0,0,69.086
6085,114.9999,,0,5.0,0.55,5,3,0,4.9944,0.0,WARMING_UP,WARMING_UP,WARMING_UP,0.0,0,69.517
6086,115.0133,,0,5.0,0.55,5,3,0,4.9929,0.0,WARMING_UP,WARMING_UP,WARMING_UP,0.0,0,67.239
6087,115.0347,,0,5.0,0.55,5,3,0,4.9893,0.0,WARMING_UP,WARMING_UP,WARMING_UP,0.0,0,68.223
6088,115.0472,,0,5.0,0.55,5,3,0,4.989,0.0,WARMING_UP,WARMING_UP,WARMING_UP,0.0,0,68.642
6089,115.0611,,0,5.0,0.55,5,3,0,4.9896,0.0,WARMING_UP,WARMING_UP,WARMING_UP,0.0,0,68.803
6090,115.0762,,0,5.0,0.55,5,3,0,4.9919,0.0,WARMING_UP,WARMING_UP,WARMING_UP,0.0,0,68.267
6091,115.0911,,0,5.0,0.55,5,3,0,4.9951,0.0,WARMING_UP,WARMING_UP,WARMING_UP,0.0,0,69.066
6092,115.1045,,0,5.0,0.55,5,3,0,4.9963,0.0,WARMING_UP,WARMING_UP,WARMING_UP,0.0,0,69.611
6093,115.1178,,0,5.0,0.55,5,3,0,4.9964,0.0,WARMING_UP,WARMING_UP,WARMING_UP,0.0,0,69.809
6094,115.1318,,0,5.0,0.55,5,3,0,4.9977,0.0,WARMING_UP,WARMING_UP,WARMING_UP,0.0,0,69.935
6095,115.1459,,0,5.0,0.55,5,3,0,4.9999,0.0,WARMING_UP,WARMING_UP,WARMING_UP,0.0,0,70.16
6096,115.1603,,0,5.0,0.55,5,3,0,4.9987,0.0,WARMING_UP,WARMING_UP,WARMING_UP,0.0,0,69.897
6097,115.1743,,0,5.0,0.55,5,3,0,4.9984,0.0,WARMING_UP,WARMING_UP,WARMING_UP,0.0,0,70.919
6098,115.1872,,0,5.0,0.55,5,3,0,4.9908,0.0,WARMING_UP,WARMING_UP,WARMING_UP,0.0,0,71.345
6099,115.2003,,0,5.0,0.55,5,3,0,4.9909,0.0,WARMING_UP,WARMING_UP,WARMING_UP,0.0,0,71.757
6100,115.2135,,0,5.0,0.55,5,3,0,4.9854,0.0,WARMING_UP,WARMING_UP,WARMING_UP,0.0,0,71.586
6101,115.2284,,0,5.0,0.55,5,3,0,4.9869,0.0,WARMING_UP,WARMING_UP,WARMING_UP,0.0,0,71.282
6102,115.2422,,0,5.0,0.55,5,3,0,4.9887,0.0,WARMING_UP,WARMING_UP,WARMING_UP,0.0,0,71.226
6103,115.2566,,0,5.0,0.55,5,3,0,4.9897,0.0,WARMING_UP,WARMING_UP,WARMING_UP,0.0,0,70.246
6104,115.2729,,0,5.0,0.55,5,3,0,4.9931,0.0027,WARMING_UP,WARMING_UP,WARMING_UP,0.0,0,68.83
6105,115.2906,,0,5.0,0.55,5,3,0,4.9982,0.0027,WARMING_UP,WARMING_UP,WARMING_UP,0.0,0,69.753
6106,115.3042,,0,5.0,0.55,5,3,0,4.9987,0.0053,WARMING_UP,WARMING_UP,WARMING_UP,0.0,0,69.716
6107,115.3179,,0,5.0,0.55,5,3,0,4.9996,0.008,WARMING_UP,WARMING_UP,WARMING_UP,0.0,0,69.73
6108,115.3323,,0,5.0,0.55,5,3,0,4.9896,0.0107,WARMING_UP,WARMING_UP,WARMING_UP,0.0,0,69.665
6109,115.347,,0,5.0,0.55,5,3,0,4.9907,0.0134,WARMING_UP,WARMING_UP,WARMING_UP,0.0,0,69.219
6110,115.3619,,0,5.0,0.55,5,3,0,4.9925,0.0134,WARMING_UP,WARMING_UP,WARMING_UP,0.0,0,69.151
6111,115.3764,,0,5.0,0.55,5,3,0,4.995,0.0134,WARMING_UP,WARMING_UP,WARMING_UP,0.0,0,68.642
6112,115.3919,,0,5.0,0.55,5,3,0,4.9946,0.0134,WARMING_UP,WARMING_UP,WARMING_UP,0.0,0,68.198
6113,115.4077,,0,5.0,0.55,5,3,0,4.9913,0.0134,WARMING_UP,WARMING_UP,WARMING_UP,0.0,0,67.262
6114,115.4246,,0,5.0,0.55,5,3,0,4.9944,0.0134,WARMING_UP,WARMING_UP,WARMING_UP,0.0,0,68.062
6115,115.4381,,0,5.0,0.55,5,3,0,4.9945,0.0134,WARMING_UP,WARMING_UP,WARMING_UP,0.0,0,68.872
6116,115.4511,,0,5.0,0.55,5,3,0,4.993,0.0161,WARMING_UP,WARMING_UP,WARMING_UP,0.0,0,69.648
6117,115.4644,,0,5.0,0.55,5,3,0,4.993,0.0161,WARMING_UP,WARMING_UP,WARMING_UP,0.0,0,70.124
6118,115.4781,,0,5.0,0.55,5,3,0,4.9935,0.0161,WARMING_UP,WARMING_UP,WARMING_UP,0.0,0,68.893
6119,115.4949,,0,5.0,0.55,5,3,0,4.9887,0.0188,WARMING_UP,WARMING_UP,WARMING_UP,0.0,0,68.671
6120,115.5097,,0,5.0,0.55,5,3,0,4.9896,0.0188,WARMING_UP,WARMING_UP,WARMING_UP,0.0,0,68.446
6121,115.5249,,0,5.0,0.55,5,3,0,4.9916,0.0188,WARMING_UP,WARMING_UP,WARMING_UP,0.0,0,69.312
6122,115.5384,,0,5.0,0.55,5,3,0,4.9928,0.0214,WARMING_UP,WARMING_UP,WARMING_UP,0.0,0,67.096
6123,115.5589,,0,5.0,0.55,5,3,0,4.9877,0.0242,WARMING_UP,WARMING_UP,WARMING_UP,0.0,0,65.995
6124,115.5767,,0,5.0,0.55,5,3,0,4.9918,0.0242,WARMING_UP,WARMING_UP,WARMING_UP,0.0,0,66.108
6125,115.5916,,0,5.0,0.55,5,3,0,4.9939,0.0269,WARMING_UP,WARMING_UP,WARMING_UP,0.0,0,65.979
6126,115.6072,,0,5.0,0.55,5,3,0,4.9974,0.0296,WARMING_UP,WARMING_UP,WARMING_UP,0.0,0,65.203
6127,115.6243,,0,5.0,0.55,5,3,0,4.9889,0.0323,WARMING_UP,WARMING_UP,WARMING_UP,0.0,0,64.784
6128,115.6406,,0,5.0,0.55,5,3,0,4.9927,0.035,WARMING_UP,WARMING_UP,WARMING_UP,0.0,0,64.182
6129,115.6577,,0,5.0,0.55,5,3,0,4.9975,0.0377,WARMING_UP,WARMING_UP,WARMING_UP,0.0,0,64.02
6130,115.6738,,0,5.0,0.55,5,3,0,4.9889,0.0405,WARMING_UP,WARMING_UP,WARMING_UP,0.0,0,64.339
6131,115.689,,0,5.0,0.55,5,3,0,4.9916,0.0432,WARMING_UP,WARMING_UP,WARMING_UP,0.0,0,65.176
6132,115.7026,,0,5.0,0.55,5,3,0,4.993,0.0459,WARMING_UP,WARMING_UP,WARMING_UP,0.0,0,66.022
6133,115.7172,,0,5.0,0.55,5,3,0,4.9949,0.0486,WARMING_UP,WARMING_UP,WARMING_UP,0.0,0,65.952
6134,115.7312,,0,5.0,0.55,5,3,0,4.9952,0.0514,WARMING_UP,WARMING_UP,WARMING_UP,0.0,0,66.24
6135,115.7463,,0,5.0,0.55,5,3,0,4.9974,0.0541,WARMING_UP,WARMING_UP,WARMING_UP,0.0,0,65.937
6136,115.7617,,0,5.0,0.55,5,3,0,5.0,0.0568,WARMING_UP,WARMING_UP,WARMING_UP,0.0,0,65.992
6137,115.7765,,0,5.0,0.55,5,3,0,4.9892,0.0596,WARMING_UP,WARMING_UP,WARMING_UP,0.0,0,65.797
6138,115.7922,,0,5.0,0.55,5,3,0,4.9914,0.0623,WARMING_UP,WARMING_UP,WARMING_UP,0.0,0,64.922
6139,115.8099,,0,5.0,0.55,5,3,0,4.9965,0.065,WARMING_UP,WARMING_UP,WARMING_UP,0.0,0,64.267
6140,115.8268,,0,5.0,0.55,5,3,0,4.9889,0.0652,WARMING_UP,WARMING_UP,WARMING_UP,0.0,0,64.643
6141,115.8417,,0,5.0,0.55,5,3,0,4.9911,0.0679,WARMING_UP,WARMING_UP,WARMING_UP,0.0,0,64.446
6142,115.8577,,0,5.0,0.55,5,3,0,4.9946,0.0707,WARMING_UP,WARMING_UP,WARMING_UP,0.0,0,64.963
6143,115.8721,,0,5.0,0.55,5,3,0,4.9966,0.0734,WARMING_UP,WARMING_UP,WARMING_UP,0.0,0,65.317
6144,115.8874,,0,5.0,0.55,5,3,0,4.9998,0.0734,WARMING_UP,WARMING_UP,WARMING_UP,0.0,0,66.394
6145,115.901,,0,5.0,0.55,5,3,0,4.988,0.0736,WARMING_UP,WARMING_UP,WARMING_UP,0.0,0,67.17
6146,115.9132,,0,5.0,0.55,5,3,0,4.9874,0.0763,WARMING_UP,WARMING_UP,WARMING_UP,0.0,0,67.153
6147,115.9281,,0,5.0,0.55,5,3,0,4.9897,0.0763,WARMING_UP,WARMING_UP,WARMING_UP,0.0,0,67.303
6148,115.9428,,0,5.0,0.55,5,3,0,4.9916,0.0763,WARMING_UP,WARMING_UP,WARMING_UP,0.0,0,66.911
6149,115.9584,,0,5.0,0.55,5,3,0,4.9946,0.0763,WARMING_UP,WARMING_UP,WARMING_UP,0.0,0,65.989
6150,115.9756,,0,5.0,0.55,5,3,0,4.9989,0.079,WARMING_UP,WARMING_UP,WARMING_UP,0.0,0,65.797
6151,115.9913,,0,5.0,0.55,5,3,0,4.9899,0.082,WARMING_UP,WARMING_UP,WARMING_UP,0.0,0,65.562
6152,116.0072,,0,5.0,0.55,5,3,0,4.9934,0.0847,WARMING_UP,WARMING_UP,WARMING_UP,0.0,0,65.719
6153,116.0222,,0,5.0,0.55,5,3,0,4.9963,0.0874,WARMING_UP,WARMING_UP,WARMING_UP,0.0,0,66.486
6154,116.0359,,0,5.0,0.55,5,3,0,4.9976,0.0874,WARMING_UP,WARMING_UP,WARMING_UP,0.0,0,67.795
6155,116.0482,,0,5.0,0.55,5,3,0,4.9969,0.0902,WARMING_UP,WARMING_UP,WARMING_UP,0.0,0,67.812
6156,116.0631,,0,5.0,0.55,5,3,0,4.9991,0.0929,WARMING_UP,WARMING_UP,WARMING_UP,0.0,0,68.068
6157,116.0775,,0,5.0,0.55,5,3,0,4.9883,0.0959,WARMING_UP,WARMING_UP,WARMING_UP,0.0,0,67.166
6158,116.094,,0,5.0,0.55,5,3,0,4.9907,0.0986,WARMING_UP,WARMING_UP,WARMING_UP,0.0,0,66.973
6159,116.1094,,0,5.0,0.55,5,3,0,4.9933,0.1014,WARMING_UP,WARMING_UP,WARMING_UP,0.0,0,66.779
6160,116.1247,,0,5.0,0.55,5,3,0,4.9953,0.1041,WARMING_UP,WARMING_UP,WARMING_UP,0.0,0,67.322
6161,116.1391,,0,5.0,0.55,5,3,0,4.9966,0.1068,WARMING_UP,WARMING_UP,WARMING_UP,0.0,0,66.806
6162,116.1552,,0,5.0,0.55,5,3,0,4.9874,0.1099,WARMING_UP,WARMING_UP,WARMING_UP,0.0,0,67.243
6163,116.1693,,0,5.0,0.55,5,3,0,4.9891,0.1099,WARMING_UP,WARMING_UP,WARMING_UP,0.0,0,68.514
6164,116.1813,,0,5.0,0.55,5,3,0,4.9885,0.1099,WARMING_UP,WARMING_UP,WARMING_UP,0.0,0,69.219
6165,116.1944,,0,5.0,0.55,5,3,0,4.9886,0.1099,WARMING_UP,WARMING_UP,WARMING_UP,0.0,0,69.547
6166,116.2085,,0,5.0,0.55,5,3,0,4.9895,0.1099,WARMING_UP,WARMING_UP,WARMING_UP,0.0,0,68.499
6167,116.2253,,0,5.0,0.55,5,3,0,4.9938,0.1099,WARMING_UP,WARMING_UP,WARMING_UP,0.0,0,69.057
6168,116.2391,,0,5.0,0.55,5,3,0,4.9949,0.1099,WARMING_UP,WARMING_UP,WARMING_UP,0.0,0,68.705
6169,116.255,,0,5.0,0.55,5,3,0,4.9982,0.1099,WARMING_UP,WARMING_UP,WARMING_UP,0.0,0,69.476
6170,116.2673,,0,5.0,0.55,5,3,0,4.998,0.1099,WARMING_UP,WARMING_UP,WARMING_UP,0.0,0,70.168
6171,116.2803,,0,5.0,0.55,5,3,0,4.998,0.1099,WARMING_UP,WARMING_UP,WARMING_UP,0.0,0,70.188
6172,116.2943,,0,5.0,0.55,5,3,0,4.9986,0.1099,WARMING_UP,WARMING_UP,WARMING_UP,0.0,0,70.638
6173,116.3077,,0,5.0,0.55,5,3,0,4.9995,0.1099,WARMING_UP,WARMING_UP,WARMING_UP,0.0,0,69.563
6174,116.3244,,0,5.0,0.55,5,3,0,4.9897,0.1102,WARMING_UP,WARMING_UP,WARMING_UP,0.0,0,70.639
6175,116.3379,,0,5.0,0.55,5,3,0,4.9907,0.1102,WARMING_UP,WARMING_UP,WARMING_UP,0.0,0,70.776
6176,116.3515,,0,5.0,0.55,5,3,0,4.9916,0.1129,WARMING_UP,WARMING_UP,WARMING_UP,0.0,0,70.587
6177,116.3654,,0,5.0,0.55,5,3,0,4.9932,0.1129,WARMING_UP,WARMING_UP,WARMING_UP,0.0,0,70.815
6178,116.3789,,0,5.0,0.55,5,3,0,4.9939,0.1129,WARMING_UP,WARMING_UP,WARMING_UP,0.0,0,69.647
6179,116.396,,0,5.0,0.55,5,3,0,4.9981,0.1129,WARMING_UP,WARMING_UP,WARMING_UP,0.0,0,69.678
6180,116.4104,,0,5.0,0.55,5,3,0,4.9878,0.1133,WARMING_UP,WARMING_UP,WARMING_UP,0.0,0,69.273
6181,116.4256,,0,5.0,0.55,5,3,0,4.9899,0.1133,WARMING_UP,WARMING_UP,WARMING_UP,0.0,0,70.426
6182,116.4388,,0,5.0,0.55,5,3,0,4.991,0.1133,WARMING_UP,WARMING_UP,WARMING_UP,0.0,0,69.837
6183,116.4538,,0,5.0,0.55,5,3,0,4.9938,0.1133,WARMING_UP,WARMING_UP,WARMING_UP,0.0,0,68.453
6184,116.4722,,0,5.0,0.55,5,3,0,5.0,0.1133,WARMING_UP,WARMING_UP,WARMING_UP,0.0,0,68.998
6185,116.485,,0,5.0,0.55,5,3,0,4.9876,0.1136,WARMING_UP,WARMING_UP,WARMING_UP,0.0,0,69.459
6186,116.4984,,0,5.0,0.55,5,3,0,4.9889,0.1136,WARMING_UP,WARMING_UP,WARMING_UP,0.0,0,69.926
6187,116.5118,,0,5.0,0.55,5,3,0,4.9897,0.1136,WARMING_UP,WARMING_UP,WARMING_UP,0.0,0,69.775
6188,116.5267,,0,5.0,0.55,5,3,0,4.9912,0.1136,WARMING_UP,WARMING_UP,WARMING_UP,0.0,0,69.723
6189,116.5417,,0,5.0,0.55,5,3,0,4.9929,0.1136,WARMING_UP,WARMING_UP,WARMING_UP,0.0,0,70.147
6190,116.5559,,0,5.0,0.55,5,3,0,4.9955,0.1136,WARMING_UP,WARMING_UP,WARMING_UP,0.0,0,70.346
6191,116.5683,,0,5.0,0.55,5,3,0,4.9949,0.1136,WARMING_UP,WARMING_UP,WARMING_UP,0.0,0,70.992
6192,116.5813,,0,5.0,0.55,5,3,0,4.9945,0.1136,WARMING_UP,WARMING_UP,WARMING_UP,0.0,0,71.085
6193,116.5952,,0,5.0,0.55,5,3,0,4.9962,0.1136,WARMING_UP,WARMING_UP,WARMING_UP,0.0,0,71.583
6194,116.6093,,0,5.0,0.55,5,3,0,4.9986,0.1163,WARMING_UP,WARMING_UP,WARMING_UP,0.0,0,70.221
6195,116.6265,,0,5.0,0.55,5,3,0,4.9908,0.1167,WARMING_UP,WARMING_UP,WARMING_UP,0.0,0,70.557
6196,116.6393,,0,5.0,0.55,5,3,0,4.9913,0.1167,WARMING_UP,WARMING_UP,WARMING_UP,0.0,0,69.539
6197,116.6559,,0,5.0,0.55,5,3,0,4.996,0.1167,WARMING_UP,WARMING_UP,WARMING_UP,0.0,0,67.222
6198,116.6776,,0,5.0,0.55,5,3,0,4.9918,0.1198,WARMING_UP,WARMING_UP,WARMING_UP,0.0,0,66.489
6199,116.6939,,0,5.0,0.55,5,3,0,4.9959,0.1198,WARMING_UP,WARMING_UP,WARMING_UP,0.0,0,66.961
6200,116.7086,,0,5.0,0.55,5,3,0,4.9985,0.1198,WARMING_UP,WARMING_UP,WARMING_UP,0.0,0,68.203
6201,116.7215,,0,5.0,0.55,5,3,0,4.9988,0.1198,WARMING_UP,WARMING_UP,WARMING_UP,0.0,0,68.794
6202,116.7344,,0,5.0,0.55,5,3,0,4.9984,0.1198,WARMING_UP,WARMING_UP,WARMING_UP,0.0,0,69.428
6203,116.7477,,0,5.0,0.55,5,3,0,4.9996,0.1198,WARMING_UP,WARMING_UP,WARMING_UP,0.0,0,69.613
6204,116.7615,,0,5.0,0.55,5,3,0,4.9849,0.1201,WARMING_UP,WARMING_UP,WARMING_UP,0.0,0,69.844
6205,116.7766,,0,5.0,0.55,5,3,0,5.0,0.1198,WARMING_UP,WARMING_UP,WARMING_UP,0.0,0,69.077
6206,116.7919,,0,5.0,0.55,5,3,0,4.9898,0.1201,WARMING_UP,WARMING_UP,WARMING_UP,0.0,0,70.06
6207,116.8053,,0,5.0,0.55,5,3,0,4.9907,0.1201,WARMING_UP,WARMING_UP,WARMING_UP,0.0,0,70.031
6208,116.8188,,0,5.0,0.55,5,3,0,4.9926,0.1229,WARMING_UP,WARMING_UP,WARMING_UP,0.0,0,70.049
6209,116.8329,,0,5.0,0.55,5,3,0,4.9941,0.1257,WARMING_UP,WARMING_UP,WARMING_UP,0.0,0,69.56
6210,116.8481,,0,5.0,0.55,5,3,0,4.9936,0.1257,WARMING_UP,WARMING_UP,WARMING_UP,0.0,0,69.971
6211,116.8621,,0,5.0,0.55,5,3,0,4.9944,0.1257,WARMING_UP,WARMING_UP,WARMING_UP,0.0,0,70.229
6212,116.8759,,0,5.0,0.55,5,3,0,4.9949,0.1257,WARMING_UP,WARMING_UP,WARMING_UP,0.0,0,70.518
6213,116.8898,,0,5.0,0.55,5,3,0,4.9967,0.1257,WARMING_UP,WARMING_UP,WARMING_UP,0.0,0,70.651
6214,116.9032,,0,5.0,0.55,5,3,0,4.9969,0.1257,WARMING_UP,WARMING_UP,WARMING_UP,0.0,0,71.296
6215,116.9159,,0,5.0,0.55,5,3,0,4.9962,0.1257,WARMING_UP,WARMING_UP,WARMING_UP,0.0,0,71.515
6216,116.9295,,0,5.0,0.55,5,3,0,4.9976,0.1257,WARMING_UP,WARMING_UP,WARMING_UP,0.0,0,71.945
6217,116.9437,,0,5.0,0.55,5,3,0,4.9998,0.1257,WARMING_UP,WARMING_UP,WARMING_UP,0.0,0,71.141
6218,116.9585,,0,5.0,0.55,5,3,0,4.989,0.1289,WARMING_UP,WARMING_UP,WARMING_UP,0.0,0,69.528
6219,116.9772,,0,5.0,0.55,5,3,0,4.9953,0.1289,WARMING_UP,WARMING_UP,WARMING_UP,0.0,0,69.331
6220,116.9915,,0,5.0,0.55,5,3,0,4.9977,0.1289,WARMING_UP,WARMING_UP,WARMING_UP,0.0,0,70.463
6221,117.0045,,0,5.0,0.55,5,3,0,4.9968,0.1317,WARMING_UP,WARMING_UP,WARMING_UP,0.0,0,69.855
6222,117.0197,,0,5.0,0.55,5,3,0,4.9986,0.1317,WARMING_UP,WARMING_UP,WARMING_UP,0.0,0,70.727
6223,117.0321,,0,5.0,0.55,5,3,0,4.9988,0.1317,WARMING_UP,WARMING_UP,WARMING_UP,0.0,0,71.237
6224,117.0459,,0,5.0,0.55,5,3,0,4.9882,0.1348,WARMING_UP,WARMING_UP,WARMING_UP,0.0,0,70.469
6225,117.061,,0,5.0,0.55,5,3,0,4.9895,0.1348,WARMING_UP,WARMING_UP,WARMING_UP,0.0,0,70.406
6226,117.076,,0,5.0,0.55,5,3,0,4.9919,0.1348,WARMING_UP,WARMING_UP,WARMING_UP,0.0,0,70.377
6227,117.0898,,0,5.0,0.55,5,3,0,4.9935,0.1348,WARMING_UP,WARMING_UP,WARMING_UP,0.0,0,71.104
6228,117.1025,,0,5.0,0.55,5,3,0,4.9936,0.1376,WARMING_UP,WARMING_UP,WARMING_UP,0.0,0,71.264
6229,117.1162,,0,5.0,0.55,5,3,0,4.9937,0.1404,WARMING_UP,WARMING_UP,WARMING_UP,0.0,0,70.428
6230,117.132,,0,5.0,0.55,5,3,0,4.9965,0.1404,WARMING_UP,WARMING_UP,WARMING_UP,0.0,0,71.011
6231,117.146,,0,5.0,0.55,5,3,0,4.9977,0.1404,WARMING_UP,WARMING_UP,WARMING_UP,0.0,0,70.207
6232,117.1612,,0,5.0,0.55,5,3,0,4.9877,0.1408,WARMING_UP,WARMING_UP,WARMING_UP,0.0,0,69.962
6233,117.176,,0,5.0,0.55,5,3,0,4.9888,0.1408,WARMING_UP,WARMING_UP,WARMING_UP,0.0,0,70.664
6234,117.1893,,0,5.0,0.55,5,3,0,4.9899,0.1408,WARMING_UP,WARMING_UP,WARMING_UP,0.0,0,70.995
6235,117.2023,,0,5.0,0.55,5,3,0,4.9908,0.1408,WARMING_UP,WARMING_UP,WARMING_UP,0.0,0,71.555
6236,117.2156,,0,5.0,0.55,5,3,0,4.9914,0.1408,WARMING_UP,WARMING_UP,WARMING_UP,0.0,0,71.486
6237,117.2305,,0,5.0,0.55,5,3,0,4.9928,0.1408,WARMING_UP,WARMING_UP,WARMING_UP,0.0,0,71.222
6238,117.244,,0,5.0,0.55,5,3,0,4.9935,0.1408,WARMING_UP,WARMING_UP,WARMING_UP,0.0,0,71.326
6239,117.2578,,0,5.0,0.55,5,3,0,4.9957,0.1408,WARMING_UP,WARMING_UP,WARMING_UP,0.0,0,72.086
6240,117.2709,,0,5.0,0.55,5,3,0,4.9951,0.1408,WARMING_UP,WARMING_UP,WARMING_UP,0.0,0,72.283
6241,117.2851,,0,5.0,0.55,5,3,0,4.9958,0.1408,WARMING_UP,WARMING_UP,WARMING_UP,0.0,0,72.303
6242,117.2979,,0,5.0,0.55,5,3,0,4.9953,0.1437,WARMING_UP,WARMING_UP,WARMING_UP,0.0,0,72.055
6243,117.3125,,0,5.0,0.55,5,3,0,4.9968,0.1465,WARMING_UP,WARMING_UP,WARMING_UP,0.0,0,71.281
6244,117.3277,,0,5.0,0.55,5,3,0,4.9981,0.1493,WARMING_UP,WARMING_UP,WARMING_UP,0.0,0,70.82
6245,117.3431,,0,5.0,0.55,5,3,0,4.9999,0.1493,WARMING_UP,WARMING_UP,WARMING_UP,0.0,0,69.911
6246,117.3591,,0,5.0,0.55,5,3,0,5.0,0.1493,WARMING_UP,WARMING_UP,WARMING_UP,0.0,0,68.854
6247,117.3759,,0,5.0,0.55,5,3,0,4.9897,0.1497,WARMING_UP,WARMING_UP,WARMING_UP,0.0,0,69.312
6248,117.3897,,0,5.0,0.55,5,3,0,4.9898,0.1497,WARMING_UP,WARMING_UP,WARMING_UP,0.0,0,69.83
6249,117.4029,,0,5.0,0.55,5,3,0,4.9895,0.1497,WARMING_UP,WARMING_UP,WARMING_UP,0.0,0,70.17
6250,117.4171,,0,5.0,0.55,5,3,0,4.9904,0.1497,WARMING_UP,WARMING_UP,WARMING_UP,0.0,0,70.219
6251,117.4311,,0,5.0,0.55,5,3,0,4.9907,0.1497,WARMING_UP,WARMING_UP,WARMING_UP,0.0,0,70.462
6252,117.4446,,0,5.0,0.55,5,3,0,4.9904,0.1497,WARMING_UP,WARMING_UP,WARMING_UP,0.0,0,70.459
6253,117.4591,,0,5.0,0.55,5,3,0,4.9919,0.1497,WARMING_UP,WARMING_UP,WARMING_UP,0.0,0,68.616
6254,117.4781,,0,5.0,0.55,5,3,0,4.9972,0.1497,WARMING_UP,WARMING_UP,WARMING_UP,0.0,0,67.786
6255,117.4946,,0,5.0,0.55,5,3,0,4.9887,0.1501,WARMING_UP,WARMING_UP,WARMING_UP,0.0,0,67.983
6256,117.5087,,0,5.0,0.55,5,3,0,4.9896,0.1501,WARMING_UP,WARMING_UP,WARMING_UP,0.0,0,69.389
6257,117.5214,,0,5.0,0.55,5,3,0,4.9903,0.1501,WARMING_UP,WARMING_UP,WARMING_UP,0.0,0,70.226
6258,117.534,,0,5.0,0.55,5,3,0,4.9901,0.153,WARMING_UP,WARMING_UP,WARMING_UP,0.0,0,69.985
6259,117.5499,,0,5.0,0.55,5,3,0,4.9926,0.1558,WARMING_UP,WARMING_UP,WARMING_UP,0.0,0,69.307
6260,117.5647,,0,5.0,0.55,5,3,0,4.9945,0.1586,WARMING_UP,WARMING_UP,WARMING_UP,0.0,0,66.955
6261,117.5863,,0,5.0,0.55,5,3,0,4.9923,0.1591,WARMING_UP,WARMING_UP,WARMING_UP,0.0,0,68.317
6262,117.5997,,0,5.0,0.55,5,3,0,4.9905,0.1619,WARMING_UP,WARMING_UP,WARMING_UP,0.0,0,67.017
6263,117.6177,,0,5.0,0.55,5,3,0,4.9952,0.1619,WARMING_UP,WARMING_UP,WARMING_UP,0.0,0,67.311
6264,117.6312,,0,5.0,0.55,5,3,0,4.9957,0.1648,WARMING_UP,WARMING_UP,WARMING_UP,0.0,0,67.591
6265,117.6457,,0,5.0,0.55,5,3,0,4.998,0.1676,WARMING_UP,WARMING_UP,WARMING_UP,0.0,0,66.785
6266,117.6621,,0,5.0,0.55,5,3,0,4.9884,0.1709,WARMING_UP,WARMING_UP,WARMING_UP,0.0,0,66.627
6267,117.6779,,0,5.0,0.55,5,3,0,4.99,0.1738,WARMING_UP,WARMING_UP,WARMING_UP,0.0,0,65.652
6268,117.6951,,0,5.0,0.55,5,3,0,4.9948,0.1766,WARMING_UP,WARMING_UP,WARMING_UP,0.0,0,65.52
6269,117.7103,,0,5.0,0.55,5,3,0,4.9978,0.1766,WARMING_UP,WARMING_UP,WARMING_UP,0.0,0,66.453
6270,117.724,,0,5.0,0.55,5,3,0,4.9984,0.1766,WARMING_UP,WARMING_UP,WARMING_UP,0.0,0,67.767
6271,117.7364,,0,5.0,0.55,5,3,0,4.9979,0.1795,WARMING_UP,WARMING_UP,WARMING_UP,0.0,0,68.095
6272,117.7514,,0,5.0,0.55,5,3,0,4.9996,0.1823,WARMING_UP,WARMING_UP,WARMING_UP,0.0,0,68.067
6273,117.7655,,0,5.0,0.55,5,3,0,4.9885,0.1857,WARMING_UP,WARMING_UP,WARMING_UP,0.0,0,68.136
6274,117.7798,,0,5.0,0.55,5,3,0,4.9889,0.1857,WARMING_UP,WARMING_UP,WARMING_UP,0.0,0,67.79
6275,117.7953,,0,5.0,0.55,5,3,0,4.9902,0.1857,WARMING_UP,WARMING_UP,WARMING_UP,0.0,0,67.447
6276,117.811,,0,5.0,0.55,5,3,0,4.9928,0.1857,WARMING_UP,WARMING_UP,WARMING_UP,0.0,0,66.747
6277,117.8273,,0,5.0,0.55,5,3,0,4.9969,0.1857,WARMING_UP,WARMING_UP,WARMING_UP,0.0,0,67.167
6278,117.8414,,0,5.0,0.55,5,3,0,4.9982,0.1886,WARMING_UP,WARMING_UP,WARMING_UP,0.0,0,67.343
6279,117.8572,,0,5.0,0.55,5,3,0,4.9875,0.1891,WARMING_UP,WARMING_UP,WARMING_UP,0.0,0,65.035
6280,117.8788,,0,5.0,0.55,5,3,0,4.9962,0.1891,WARMING_UP,WARMING_UP,WARMING_UP,0.0,0,64.659
6281,117.8948,,0,5.0,0.55,5,3,0,4.9874,0.1897,WARMING_UP,WARMING_UP,WARMING_UP,0.0,0,65.079
6282,117.9094,,0,5.0,0.55,5,3,0,4.9891,0.1925,WARMING_UP,WARMING_UP,WARMING_UP,0.0,0,65.386
6283,117.9243,,0,5.0,0.55,5,3,0,4.9922,0.1925,WARMING_UP,WARMING_UP,WARMING_UP,0.0,0,66.874
6284,117.9366,,0,5.0,0.55,5,3,0,4.9919,0.1925,WARMING_UP,WARMING_UP,WARMING_UP,0.0,0,68.139
6285,117.9494,,0,5.0,0.55,5,3,0,4.9848,0.1925,WARMING_UP,WARMING_UP,WARMING_UP,0.0,0,68.711
6286,117.9627,,0,5.0,0.55,5,3,0,4.9981,0.192,WARMING_UP,WARMING_UP,WARMING_UP,0.0,0,68.911
6287,117.9767,,0,5.0,0.55,5,3,0,4.9996,0.192,WARMING_UP,WARMING_UP,WARMING_UP,0.0,0,69.745
6288,117.9904,,0,5.0,0.55,5,3,0,4.9873,0.1925,WARMING_UP,WARMING_UP,WARMING_UP,0.0,0,70.211
6289,118.0033,,0,5.0,0.55,5,3,0,4.9878,0.1925,WARMING_UP,WARMING_UP,WARMING_UP,0.0,0,71.258
6290,118.0159,,0,5.0,0.55,5,3,0,4.9882,0.1954,WARMING_UP,WARMING_UP,WARMING_UP,0.0,0,70.694
6291,118.0309,,0,5.0,0.55,5,3,0,4.989,0.1954,WARMING_UP,WARMING_UP,WARMING_UP,0.0,0,71.09
6292,118.0441,,0,5.0,0.55,5,3,0,4.9886,0.1954,WARMING_UP,WARMING_UP,WARMING_UP,0.0,0,71.146
6293,118.0582,,0,5.0,0.55,5,3,0,4.9907,0.1954,WARMING_UP,WARMING_UP,WARMING_UP,0.0,0,69.721
6294,118.0759,,0,5.0,0.55,5,3,0,4.9953,0.1954,WARMING_UP,WARMING_UP,WARMING_UP,0.0,0,69.91
6295,118.0901,,0,5.0,0.55,5,3,0,4.9962,0.1954,WARMING_UP,WARMING_UP,WARMING_UP,0.0,0,70.616
6296,118.1029,,0,5.0,0.55,5,3,0,4.996,0.1954,WARMING_UP,WARMING_UP,WARMING_UP,0.0,0,71.728
6297,118.1149,,0,5.0,0.55,5,3,0,4.9952,0.1954,WARMING_UP,WARMING_UP,WARMING_UP,0.0,0,71.676
6298,118.1288,,0,5.0,0.55,5,3,0,4.9959,0.1954,WARMING_UP,WARMING_UP,WARMING_UP,0.0,0,71.475
6299,118.1434,,0,5.0,0.55,5,3,0,4.9971,0.1954,WARMING_UP,WARMING_UP,WARMING_UP,0.0,0,70.42
6300,118.1597,,0,5.0,0.55,5,3,0,4.9853,0.196,WARMING_UP,WARMING_UP,WARMING_UP,0.0,0,70.941
6301,118.1735,,0,5.0,0.55,5,3,0,4.9991,0.1954,WARMING_UP,WARMING_UP,WARMING_UP,0.0,0,71.407
6302,118.1868,,0,5.0,0.55,5,3,0,4.9988,0.1954,WARMING_UP,WARMING_UP,WARMING_UP,0.0,0,72.038
6303,118.199,,0,5.0,0.55,5,3,0,4.9994,0.1954,WARMING_UP,WARMING_UP,WARMING_UP,0.0,0,71.906
6304,118.2139,,0,5.0,0.55,5,3,0,4.9879,0.196,WARMING_UP,WARMING_UP,WARMING_UP,0.0,0,71.258
6305,118.2285,,0,5.0,0.55,5,3,0,4.9892,0.196,WARMING_UP,WARMING_UP,WARMING_UP,0.0,0,71.097
6306,118.2427,,0,5.0,0.55,5,3,0,4.9902,0.1988,WARMING_UP,WARMING_UP,WARMING_UP,0.0,0,70.039
6307,118.2593,,0,5.0,0.55,5,3,0,4.9941,0.1988,WARMING_UP,WARMING_UP,WARMING_UP,0.0,0,69.222
6308,118.2756,,0,5.0,0.55,5,3,0,4.9973,0.1988,WARMING_UP,WARMING_UP,WARMING_UP,0.0,0,69.673
6309,118.29,,0,5.0,0.55,5,3,0,4.9984,0.1988,WARMING_UP,WARMING_UP,WARMING_UP,0.0,0,70.438
6310,118.3026,,0,5.0,0.55,5,3,0,4.9982,0.1988,WARMING_UP,WARMING_UP,WARMING_UP,0.0,0,70.962
6311,118.3153,,0,5.0,0.55,5,3,0,4.9987,0.1988,WARMING_UP,WARMING_UP,WARMING_UP,0.0,0,70.776
6312,118.3296,,0,5.0,0.55,5,3,0,4.9862,0.1994,WARMING_UP,WARMING_UP,WARMING_UP,0.0,0,70.855
6313,118.3439,,0,5.0,0.55,5,3,0,4.9858,0.1994,WARMING_UP,WARMING_UP,WARMING_UP,0.0,0,69.862
6314,118.36,,0,5.0,0.55,5,3,0,4.9884,0.1994,WARMING_UP,WARMING_UP,WARMING_UP,0.0,0,70.658
6315,118.3735,,0,5.0,0.55,5,3,0,4.9901,0.1994,WARMING_UP,WARMING_UP,WARMING_UP,0.0,0,71.574
6316,118.3865,,0,5.0,0.55,5,3,0,4.9902,0.1994,WARMING_UP,WARMING_UP,WARMING_UP,0.0,0,72.049
6317,118.3988,,0,5.0,0.55,5,3,0,4.9887,0.2023,WARMING_UP,WARMING_UP,WARMING_UP,0.0,0,70.722
6318,118.4161,,0,5.0,0.55,5,3,0,4.9906,0.2052,WARMING_UP,WARMING_UP,WARMING_UP,0.0,0,69.954
6319,118.4315,,0,5.0,0.55,5,3,0,4.9929,0.2081,WARMING_UP,WARMING_UP,WARMING_UP,0.0,0,69.353
6320,118.4471,,0,5.0,0.55,5,3,0,4.9964,0.211,WARMING_UP,WARMING_UP,WARMING_UP,0.0,0,68.624
6321,118.4631,,0,5.0,0.55,5,3,0,4.9988,0.211,WARMING_UP,WARMING_UP,WARMING_UP,0.0,0,68.517
6322,118.4783,,0,5.0,0.55,5,3,0,4.9859,0.2145,WARMING_UP,WARMING_UP,WARMING_UP,0.0,0,65.618
6323,118.5042,,0,5.0,0.55,5,3,0,4.9916,0.2174,WARMING_UP,WARMING_UP,WARMING_UP,0.0,0,66.238
6324,118.5173,,0,5.0,0.55,5,3,0,4.9911,0.2203,WARMING_UP,WARMING_UP,WARMING_UP,0.0,0,66.258
6325,118.5323,,0,5.0,0.55,5,3,0,4.9928,0.2203,WARMING_UP,WARMING_UP,WARMING_UP,0.0,0,66.751
6326,118.5464,,0,5.0,0.55,5,3,0,4.993,0.2232,WARMING_UP,WARMING_UP,WARMING_UP,0.0,0,66.243
6327,118.5625,,0,5.0,0.55,5,3,0,4.9959,0.2261,WARMING_UP,WARMING_UP,WARMING_UP,0.0,0,65.953
6328,118.5782,,0,5.0,0.55,5,3,0,4.999,0.229,WARMING_UP,WARMING_UP,WARMING_UP,0.0,0,63.855
6329,118.6007,,0,5.0,0.55,5,3,0,4.994,0.2326,WARMING_UP,WARMING_UP,WARMING_UP,0.0,0,63.756
6330,118.6168,,0,5.0,0.55,5,3,0,4.9939,0.2355,WARMING_UP,WARMING_UP,WARMING_UP,0.0,0,62.985
6331,118.6345,,0,5.0,0.55,5,3,0,4.9985,0.2384,WARMING_UP,WARMING_UP,WARMING_UP,0.0,0,62.997
6332,118.6503,,0,5.0,0.55,5,3,0,4.9883,0.2391,WARMING_UP,WARMING_UP,WARMING_UP,0.0,0,63.57
6333,118.6646,,0,5.0,0.55,5,3,0,4.9891,0.2391,WARMING_UP,WARMING_UP,WARMING_UP,0.0,0,64.198
6334,118.6792,,0,5.0,0.55,5,3,0,4.9892,0.242,WARMING_UP,WARMING_UP,WARMING_UP,0.0,0,63.372
6335,118.6968,,0,5.0,0.55,5,3,0,4.9932,0.2449,WARMING_UP,WARMING_UP,WARMING_UP,0.0,0,63.601
6336,118.712,,0,5.0,0.55,5,3,0,4.9952,0.2478,WARMING_UP,WARMING_UP,WARMING_UP,0.0,0,63.578
6337,118.7277,,0,5.0,0.55,5,3,0,4.9987,0.2507,WARMING_UP,WARMING_UP,WARMING_UP,0.0,0,63.651
6338,118.7435,,0,5.0,0.55,5,3,0,4.9991,0.2536,WARMING_UP,WARMING_UP,WARMING_UP,0.0,0,63.177
6339,118.7603,,0,5.0,0.55,5,3,0,4.9889,0.2544,WARMING_UP,WARMING_UP,WARMING_UP,0.0,0,63.09
6340,118.7764,,0,5.0,0.55,5,3,0,4.9924,0.2573,WARMING_UP,WARMING_UP,WARMING_UP,0.0,0,64.106
6341,118.7912,,0,5.0,0.55,5,3,0,4.9948,0.2573,WARMING_UP,WARMING_UP,WARMING_UP,0.0,0,65.208
6342,118.8039,,0,5.0,0.55,5,3,0,4.9941,0.2602,WARMING_UP,WARMING_UP,WARMING_UP,0.0,0,65.054
6343,118.8197,,0,5.0,0.55,5,3,0,4.9958,0.2602,WARMING_UP,WARMING_UP,WARMING_UP,0.0,0,65.768
6344,118.8329,,0,5.0,0.55,5,3,0,4.9954,0.2602,WARMING_UP,WARMING_UP,WARMING_UP,0.0,0,66.597
6345,118.8464,,0,5.0,0.55,5,3,0,4.9966,0.2632,WARMING_UP,WARMING_UP,WARMING_UP,0.0,0,66.466
6346,118.8618,,0,5.0,0.55,5,3,0,4.9994,0.2661,WARMING_UP,WARMING_UP,WARMING_UP,0.0,0,66.405
6347,118.8772,,0,5.0,0.55,5,3,0,4.9866,0.2698,WARMING_UP,WARMING_UP,WARMING_UP,0.0,0,65.106
6348,118.8957,,0,5.0,0.55,5,3,0,4.9919,0.2727,WARMING_UP,WARMING_UP,WARMING_UP,0.0,0,64.919
6349,118.9115,,0,5.0,0.55,5,3,0,4.9949,0.2757,WARMING_UP,WARMING_UP,WARMING_UP,0.0,0,64.651
6350,118.9276,,0,5.0,0.55,5,3,0,4.9985,0.2757,WARMING_UP,WARMING_UP,WARMING_UP,0.0,0,66.266
6351,118.9409,,0,5.0,0.55,5,3,0,4.9979,0.2757,WARMING_UP,WARMING_UP,WARMING_UP,0.0,0,66.926
6352,118.9539,,0,5.0,0.55,5,3,0,4.9975,0.2757,WARMING_UP,WARMING_UP,WARMING_UP,0.0,0,67.531
6353,118.9673,,0,5.0,0.55,5,3,0,4.9963,0.2757,WARMING_UP,WARMING_UP,WARMING_UP,0.0,0,68.415
6354,118.9804,,0,5.0,0.55,5,3,0,4.9966,0.2757,WARMING_UP,WARMING_UP,WARMING_UP,0.0,0,68.417
6355,118.9951,,0,5.0,0.55,5,3,0,4.9948,0.2757,WARMING_UP,WARMING_UP,WARMING_UP,0.0,0,68.641
6356,119.0101,,0,5.0,0.55,5,3,0,4.9953,0.2786,WARMING_UP,WARMING_UP,WARMING_UP,0.0,0,68.425
6357,119.0244,,0,5.0,0.55,5,3,0,4.9952,0.2786,WARMING_UP,WARMING_UP,WARMING_UP,0.0,0,67.949
6358,119.0407,,0,5.0,0.55,5,3,0,4.9988,0.2786,WARMING_UP,WARMING_UP,WARMING_UP,0.0,0,68.27
6359,119.0542,,0,5.0,0.55,5,3,0,4.9961,0.2786,WARMING_UP,WARMING_UP,WARMING_UP,0.0,0,69.135
6360,119.0669,,0,5.0,0.55,5,3,0,4.9945,0.2786,WARMING_UP,WARMING_UP,WARMING_UP,0.0,0,68.589
6361,119.0829,,0,5.0,0.55,5,3,0,4.9963,0.2786,WARMING_UP,WARMING_UP,WARMING_UP,0.0,0,69.03
6362,119.0964,,0,5.0,0.55,5,3,0,4.9969,0.2786,WARMING_UP,WARMING_UP,WARMING_UP,0.0,0,69.251
6363,119.111,,0,5.0,0.55,5,3,0,4.9966,0.2786,WARMING_UP,WARMING_UP,WARMING_UP,0.0,0,70.151
6364,119.1248,,0,5.0,0.55,5,3,0,4.9975,0.2786,WARMING_UP,WARMING_UP,WARMING_UP,0.0,0,69.986
6365,119.1382,,0,5.0,0.55,5,3,0,4.9979,0.2786,WARMING_UP,WARMING_UP,WARMING_UP,0.0,0,69.63
6366,119.1534,,0,5.0,0.55,5,3,0,4.9966,0.2786,WARMING_UP,WARMING_UP,WARMING_UP,0.0,0,70.261
6367,119.166,,0,5.0,0.55,5,3,0,4.9956,0.2786,WARMING_UP,WARMING_UP,WARMING_UP,0.0,0,70.386
6368,119.1803,,0,5.0,0.55,5,3,0,4.9968,0.2786,WARMING_UP,WARMING_UP,WARMING_UP,0.0,0,70.036
6369,119.195,,0,5.0,0.55,5,3,0,4.9986,0.2786,WARMING_UP,WARMING_UP,WARMING_UP,0.0,0,71.007
6370,119.208,,0,5.0,0.55,5,3,0,4.9979,0.2786,WARMING_UP,WARMING_UP,WARMING_UP,0.0,0,71.452
6371,119.221,,0,5.0,0.55,5,3,0,4.9963,0.2786,WARMING_UP,WARMING_UP,WARMING_UP,0.0,0,71.84
6372,119.234,,0,5.0,0.55,5,3,0,4.9952,0.2786,WARMING_UP,WARMING_UP,WARMING_UP,0.0,0,72.071
6373,119.2474,,0,5.0,0.55,5,3,0,4.9937,0.2786,WARMING_UP,WARMING_UP,WARMING_UP,0.0,0,71.832
6374,119.2618,,0,5.0,0.55,5,3,0,4.9951,0.2786,WARMING_UP,WARMING_UP,WARMING_UP,0.0,0,72.675
6375,119.2746,,0,5.0,0.55,5,3,0,4.9951,0.2786,WARMING_UP,WARMING_UP,WARMING_UP,0.0,0,73.237
6376,119.2879,,0,5.0,0.55,5,3,0,4.994,0.2786,WARMING_UP,WARMING_UP,WARMING_UP,0.0,0,73.256
6377,119.3008,,0,5.0,0.55,5,3,0,4.9937,0.2786,WARMING_UP,WARMING_UP,WARMING_UP,0.0,0,73.559
6378,119.3144,,0,5.0,0.55,5,3,0,4.9937,0.2786,WARMING_UP,WARMING_UP,WARMING_UP,0.0,0,73.07
6379,119.3286,,0,5.0,0.55,5,3,0,4.9925,0.2786,WARMING_UP,WARMING_UP,WARMING_UP,0.0,0,72.597
6380,119.3435,,0,5.0,0.55,5,3,0,4.9931,0.2786,WARMING_UP,WARMING_UP,WARMING_UP,0.0,0,72.854
6381,119.3573,,0,5.0,0.55,5,3,0,4.9941,0.2815,WARMING_UP,WARMING_UP,WARMING_UP,0.0,0,72.185
6382,119.3715,,0,5.0,0.55,5,3,0,4.9941,0.2845,WARMING_UP,WARMING_UP,WARMING_UP,0.0,0,72.194
6383,119.3854,,0,5.0,0.55,5,3,0,4.9926,0.2845,WARMING_UP,WARMING_UP,WARMING_UP,0.0,0,72.074
6384,119.3996,,0,5.0,0.55,5,3,0,4.9925,0.2845,WARMING_UP,WARMING_UP,WARMING_UP,0.0,0,69.425
6385,119.4215,,0,5.0,0.55,5,3,0,4.9981,0.2874,WARMING_UP,WARMING_UP,WARMING_UP,0.0,0,69.791
6386,119.4354,,0,5.0,0.55,5,3,0,4.9982,0.2903,WARMING_UP,WARMING_UP,WARMING_UP,0.0,0,68.384
6387,119.4534,,0,5.0,0.55,5,3,0,4.9857,0.2941,WARMING_UP,WARMING_UP,WARMING_UP,0.0,0,68.405
6388,119.4675,,0,5.0,0.55,5,3,0,4.9998,0.2962,WARMING_UP,WARMING_UP,WARMING_UP,0.0,0,68.485
6389,119.4819,,0,5.0,0.55,5,3,0,4.9868,0.3,WARMING_UP,WARMING_UP,WARMING_UP,0.0,0,68.019
6390,119.4978,,0,5.0,0.55,5,3,0,4.9892,0.3029,WARMING_UP,WARMING_UP,WARMING_UP,0.0,0,67.875
6391,119.5134,,0,5.0,0.55,5,3,0,4.9868,0.3059,WARMING_UP,WARMING_UP,WARMING_UP,0.0,0,66.83
6392,119.5309,,0,5.0,0.55,5,3,0,4.9897,0.3088,WARMING_UP,WARMING_UP,WARMING_UP,0.0,0,66.558
6393,119.546,,0,5.0,0.55,5,3,0,4.9906,0.3118,WARMING_UP,WARMING_UP,WARMING_UP,0.0,0,65.618
6394,119.5645,,0,5.0,0.55,5,3,0,4.9967,0.3147,WARMING_UP,WARMING_UP,WARMING_UP,0.0,0,65.259
6395,119.5797,,0,5.0,0.55,5,3,0,4.9993,0.3176,WARMING_UP,WARMING_UP,WARMING_UP,0.0,0,64.331
6396,119.598,,0,5.0,0.55,5,3,0,4.9892,0.3215,WARMING_UP,WARMING_UP,WARMING_UP,0.0,0,63.523
6397,119.6152,,0,5.0,0.55,5,3,0,4.9926,0.3245,WARMING_UP,WARMING_UP,WARMING_UP,0.0,0,61.757
6398,119.637,,0,5.0,0.55,5,3,0,4.9876,0.3284,WARMING_UP,WARMING_UP,WARMING_UP,0.0,0,62.882
6399,119.6506,,0,5.0,0.55,5,3,0,4.9882,0.3314,WARMING_UP,WARMING_UP,WARMING_UP,0.0,0,62.825
6400,119.6664,,0,5.0,0.55,5,3,0,4.9892,0.3343,WARMING_UP,WARMING_UP,WARMING_UP,0.0,0,63.3
6401,119.6815,,0,5.0,0.55,5,3,0,4.9888,0.3373,WARMING_UP,WARMING_UP,WARMING_UP,0.0,0,63.676
6402,119.6972,,0,5.0,0.55,5,3,0,4.9907,0.3402,WARMING_UP,WARMING_UP,WARMING_UP,0.0,0,63.709
6403,119.7119,,0,5.0,0.55,5,3,0,4.9924,0.3432,WARMING_UP,WARMING_UP,WARMING_UP,0.0,0,63.696
6404,119.7277,,0,5.0,0.55,5,3,0,4.9918,0.3462,WARMING_UP,WARMING_UP,WARMING_UP,0.0,0,64.274
6405,119.7423,,0,5.0,0.55,5,3,0,4.9916,0.3491,WARMING_UP,WARMING_UP,WARMING_UP,0.0,0,64.99
6406,119.7568,,0,5.0,0.55,5,3,0,4.9934,0.3521,WARMING_UP,WARMING_UP,WARMING_UP,0.0,0,64.981
6407,119.7714,,0,5.0,0.55,5,3,0,4.9939,0.355,WARMING_UP,WARMING_UP,WARMING_UP,0.0,0,65.82
6408,119.7849,,0,5.0,0.55,5,3,0,4.9929,0.358,WARMING_UP,WARMING_UP,WARMING_UP,0.0,0,66.02
6409,119.7996,,0,5.0,0.55,5,3,0,4.9934,0.3609,WARMING_UP,WARMING_UP,WARMING_UP,0.0,0,66.599
6410,119.8146,,0,5.0,0.55,5,3,0,4.9948,0.3639,WARMING_UP,WARMING_UP,WARMING_UP,0.0,0,66.01
6411,119.8312,,0,5.0,0.55,5,3,0,4.9957,0.3669,WARMING_UP,WARMING_UP,WARMING_UP,0.0,0,65.858
6412,119.8457,,0,5.0,0.55,5,3,0,4.9975,0.3698,WARMING_UP,WARMING_UP,WARMING_UP,0.0,0,65.447
6413,119.8618,,0,5.0,0.55,5,3,0,4.9992,0.3698,WARMING_UP,WARMING_UP,WARMING_UP,0.0,0,66.21
6414,119.8757,,0,5.0,0.55,5,3,0,4.998,0.3728,WARMING_UP,WARMING_UP,WARMING_UP,0.0,0,66.652
6415,119.8906,,0,5.0,0.55,5,3,0,4.9968,0.3757,WARMING_UP,WARMING_UP,WARMING_UP,0.0,0,66.794
6416,119.9045,,0,5.0,0.55,5,3,0,4.9925,0.3757,WARMING_UP,WARMING_UP,WARMING_UP,0.0,0,67.983
6417,119.9172,,0,5.0,0.55,5,3,0,4.9902,0.3757,WARMING_UP,WARMING_UP,WARMING_UP,0.0,0,68.354
6418,119.9317,,0,5.0,0.55,5,3,0,4.9899,0.3757,WARMING_UP,WARMING_UP,WARMING_UP,0.0,0,68.026
6419,119.9469,,0,5.0,0.55,5,3,0,4.9891,0.3757,WARMING_UP,WARMING_UP,WARMING_UP,0.0,0,67.844
6420,119.9616,,0,5.0,0.55,5,3,0,4.9882,0.3787,WARMING_UP,WARMING_UP,WARMING_UP,0.0,0,67.559
6421,119.9772,,0,5.0,0.55,5,3,0,4.9907,0.3817,WARMING_UP,WARMING_UP,WARMING_UP,0.0,0,66.314
6422,119.9951,,0,5.0,0.55,5,3,0,4.9953,0.3817,WARMING_UP,WARMING_UP,WARMING_UP,0.0,0,66.566
6423,120.0096,,0,5.0,0.55,5,3,0,4.9963,0.3846,WARMING_UP,WARMING_UP,WARMING_UP,0.0,0,66.861
6424,120.0247,,0,5.0,0.55,5,3,0,4.9901,0.3876,WARMING_UP,WARMING_UP,WARMING_UP,0.0,0,67.017
6425,120.0387,,0,5.0,0.55,5,3,0,4.9916,0.3905,WARMING_UP,WARMING_UP,WARMING_UP,0.0,0,66.558
6426,120.055,,0,5.0,0.55,5,3,0,4.9939,0.3935,WARMING_UP,WARMING_UP,WARMING_UP,0.0,0,66.586
6427,120.0699,,0,5.0,0.55,5,3,0,4.9937,0.3964,WARMING_UP,WARMING_UP,WARMING_UP,0.0,0,66.593
6428,120.0845,,0,5.0,0.55,5,3,0,4.9934,0.3964,WARMING_UP,WARMING_UP,WARMING_UP,0.0,0,67.557
6429,120.0989,,0,5.0,0.55,5,3,0,4.9944,0.3964,WARMING_UP,WARMING_UP,WARMING_UP,0.0,0,66.956
6430,120.1144,,0,5.0,0.55,5,3,0,4.9966,0.3964,WARMING_UP,WARMING_UP,WARMING_UP,0.0,0,66.702
6431,120.1295,,0,5.0,0.55,5,3,0,4.9977,0.3964,WARMING_UP,WARMING_UP,WARMING_UP,0.0,0,67.085
6432,120.1437,,0,5.0,0.55,5,3,0,4.9979,0.3964,WARMING_UP,WARMING_UP,WARMING_UP,0.0,0,67.818
6433,120.158,,0,5.0,0.55,5,3,0,4.9976,0.3994,WARMING_UP,WARMING_UP,WARMING_UP,0.0,0,66.688
6434,120.1751,,0,5.0,0.55,5,3,0,4.9879,0.4036,WARMING_UP,WARMING_UP,WARMING_UP,0.0,0,66.812
6435,120.1902,,0,5.0,0.55,5,3,0,4.9899,0.4065,WARMING_UP,WARMING_UP,WARMING_UP,0.0,0,67.012
6436,120.2044,,0,5.0,0.55,5,3,0,4.9909,0.4095,WARMING_UP,WARMING_UP,WARMING_UP,0.0,0,67.221
6437,120.2185,,0,5.0,0.55,5,3,0,4.9901,0.4125,WARMING_UP,WARMING_UP,WARMING_UP,0.0,0,67.138
6438,120.2344,,0,5.0,0.55,5,3,0,4.9922,0.4154,WARMING_UP,WARMING_UP,WARMING_UP,0.0,0,67.177
6439,120.2484,,0,5.0,0.55,5,3,0,4.9919,0.4184,WARMING_UP,WARMING_UP,WARMING_UP,0.0,0,66.774
6440,120.2645,,0,5.0,0.55,5,3,0,4.9916,0.4184,WARMING_UP,WARMING_UP,WARMING_UP,0.0,0,66.732
6441,120.2794,,0,5.0,0.55,5,3,0,4.9888,0.4154,WARMING_UP,WARMING_UP,WARMING_UP,0.0,0,66.425
6442,120.2949,,0,5.0,0.55,5,3,0,4.9907,0.4154,WARMING_UP,WARMING_UP,WARMING_UP,0.0,0,67.521
6443,120.3083,,0,5.0,0.55,5,3,0,4.9904,0.4125,WARMING_UP,WARMING_UP,WARMING_UP,0.0,0,65.446
6444,120.3294,,0,5.0,0.55,5,3,0,4.997,0.4125,WARMING_UP,WARMING_UP,WARMING_UP,0.0,0,64.873
6445,120.3461,,0,5.0,0.55,5,3,0,4.9991,0.4125,WARMING_UP,WARMING_UP,WARMING_UP,0.0,0,63.169
6446,120.3676,,0,5.0,0.55,5,3,0,4.9911,0.4107,WARMING_UP,WARMING_UP,WARMING_UP,0.0,0,63.946
6447,120.381,,0,5.0,0.55,5,3,0,4.9891,0.4107,WARMING_UP,WARMING_UP,WARMING_UP,0.0,0,64.422
6448,120.3955,,0,5.0,0.55,5,3,0,4.9878,0.4107,WARMING_UP,WARMING_UP,WARMING_UP,0.0,0,64.845
6449,120.4101,,0,5.0,0.55,5,3,0,4.9855,0.4107,WARMING_UP,WARMING_UP,WARMING_UP,0.0,0,66.276
6450,120.423,,0,5.0,0.55,5,3,0,4.9984,0.4095,WARMING_UP,WARMING_UP,WARMING_UP,0.0,0,67.395
6451,120.4357,,0,5.0,0.55,5,3,0,4.9976,0.4095,WARMING_UP,WARMING_UP,WARMING_UP,0.0,0,68.455
6452,120.4486,,0,5.0,0.55,5,3,0,4.9976,0.4095,WARMING_UP,WARMING_UP,WARMING_UP,0.0,0,67.964
6453,120.4646,,0,5.0,0.55,5,3,0,4.9865,0.4077,WARMING_UP,WARMING_UP,WARMING_UP,0.0,0,67.732
6454,120.4796,,0,5.0,0.55,5,3,0,4.9847,0.4077,WARMING_UP,WARMING_UP,WARMING_UP,0.0,0,67.695
6455,120.4942,,0,5.0,0.55,5,3,0,4.9993,0.4065,WARMING_UP,WARMING_UP,WARMING_UP,0.0,0,68.262
6456,120.5082,,0,5.0,0.55,5,3,0,4.9985,0.4036,WARMING_UP,WARMING_UP,WARMING_UP,0.0,0,69.08
6457,120.5215,,0,5.0,0.55,5,3,0,4.9967,0.4036,WARMING_UP,WARMING_UP,WARMING_UP,0.0,0,70.119
6458,120.5338,,0,5.0,0.55,5,3,0,4.9954,0.4036,WARMING_UP,WARMING_UP,WARMING_UP,0.0,0,70.264
6459,120.5477,,0,5.0,0.55,5,3,0,4.9888,0.4006,WARMING_UP,WARMING_UP,WARMING_UP,0.0,0,69.882
6460,120.5625,,0,5.0,0.55,5,3,0,4.9858,0.3976,WARMING_UP,WARMING_UP,WARMING_UP,0.0,0,70.091
6461,120.5765,,0,5.0,0.55,5,3,0,4.9998,0.3964,WARMING_UP,WARMING_UP,WARMING_UP,0.0,0,70.775
6462,120.5895,,0,5.0,0.55,5,3,0,4.9979,0.3964,WARMING_UP,WARMING_UP,WARMING_UP,0.0,0,71.698
6463,120.6026,,0,5.0,0.55,5,3,0,4.9954,0.3935,WARMING_UP,WARMING_UP,WARMING_UP,0.0,0,69.187
6464,120.6246,,0,5.0,0.55,5,3,0,4.984,0.3887,WARMING_UP,WARMING_UP,WARMING_UP,0.0,0,69.704
6465,120.6379,,0,5.0,0.55,5,3,0,4.9973,0.3876,WARMING_UP,WARMING_UP,WARMING_UP,0.0,0,70.402
6466,120.6499,,0,5.0,0.55,5,3,0,4.9921,0.3846,WARMING_UP,WARMING_UP,WARMING_UP,0.0,0,69.654
6467,120.6661,,0,5.0,0.55,5,3,0,4.9922,0.3817,WARMING_UP,WARMING_UP,WARMING_UP,0.0,0,69.763
6468,120.6799,,0,5.0,0.55,5,3,0,4.9909,0.3787,WARMING_UP,WARMING_UP,WARMING_UP,0.0,0,69.263
6469,120.6954,,0,5.0,0.55,5,3,0,4.9928,0.3757,WARMING_UP,WARMING_UP,WARMING_UP,0.0,0,69.98
6470,120.7092,,0,5.0,0.55,5,3,0,4.992,0.3728,WARMING_UP,WARMING_UP,WARMING_UP,0.0,0,70.711
6471,120.7215,,0,5.0,0.55,5,3,0,4.9903,0.3698,WARMING_UP,WARMING_UP,WARMING_UP,0.0,0,71.835
6472,120.7336,,0,5.0,0.55,5,3,0,4.9873,0.3669,WARMING_UP,WARMING_UP,WARMING_UP,0.0,0,71.861
6473,120.7475,,0,5.0,0.55,5,3,0,4.9858,0.3639,WARMING_UP,WARMING_UP,WARMING_UP,0.0,0,71.297
6474,120.7626,,0,5.0,0.55,5,3,0,4.9861,0.3609,WARMING_UP,WARMING_UP,WARMING_UP,0.0,0,71.797
6475,120.7759,,0,5.0,0.55,5,3,0,4.9993,0.3599,WARMING_UP,WARMING_UP,WARMING_UP,0.0,0,69.363
6476,120.7968,,0,5.0,0.55,5,3,0,4.9869,0.355,WARMING_UP,WARMING_UP,WARMING_UP,0.0,0,68.547
6477,120.8131,,0,5.0,0.55,5,3,0,4.9863,0.3521,WARMING_UP,WARMING_UP,WARMING_UP,0.0,0,68.461
6478,120.828,,0,5.0,0.55,5,3,0,4.9863,0.3521,WARMING_UP,WARMING_UP,WARMING_UP,0.0,0,69.672
6479,120.8413,,0,5.0,0.55,5,3,0,4.9996,0.351,WARMING_UP,WARMING_UP,WARMING_UP,0.0,0,69.83
6480,120.8548,,0,5.0,0.55,5,3,0,4.997,0.3481,WARMING_UP,WARMING_UP,WARMING_UP,0.0,0,69.957
6481,120.8685,,0,5.0,0.55,5,3,0,4.9964,0.3451,WARMING_UP,WARMING_UP,WARMING_UP,0.0,0,70.631
6482,120.8815,,0,5.0,0.55,5,3,0,4.9941,0.3422,WARMING_UP,WARMING_UP,WARMING_UP,0.0,0,70.377
6483,120.8961,,0,5.0,0.55,5,3,0,4.995,0.3422,WARMING_UP,WARMING_UP,WARMING_UP,0.0,0,70.349
6484,120.9104,,0,5.0,0.55,5,3,0,4.9972,0.3422,WARMING_UP,WARMING_UP,WARMING_UP,0.0,0,71.527
6485,120.9229,,0,5.0,0.55,5,3,0,4.9948,0.3392,WARMING_UP,WARMING_UP,WARMING_UP,0.0,0,72.43
6486,120.9349,,0,5.0,0.55,5,3,0,4.9921,0.3392,WARMING_UP,WARMING_UP,WARMING_UP,0.0,0,72.316
6487,120.949,,0,5.0,0.55,5,3,0,4.9906,0.3392,WARMING_UP,WARMING_UP,WARMING_UP,0.0,0,71.907
6488,120.9637,,0,5.0,0.55,5,3,0,4.9881,0.3392,WARMING_UP,WARMING_UP,WARMING_UP,0.0,0,71.551
6489,120.9783,,0,5.0,0.55,5,3,0,4.987,0.3363,WARMING_UP,WARMING_UP,WARMING_UP,0.0,0,69.899
6490,120.9965,,0,5.0,0.55,5,3,0,4.9893,0.3333,WARMING_UP,WARMING_UP,WARMING_UP,0.0,0,70.072
6491,121.0104,,0,5.0,0.55,5,3,0,4.9882,0.3304,WARMING_UP,WARMING_UP,WARMING_UP,0.0,0,70.956
6492,121.0232,,0,5.0,0.55,5,3,0,4.9873,0.3274,WARMING_UP,WARMING_UP,WARMING_UP,0.0,0,71.994
6493,121.0353,,0,5.0,0.55,5,3,0,4.9995,0.3265,WARMING_UP,WARMING_UP,WARMING_UP,0.0,0,72.078
6494,121.0491,,0,5.0,0.55,5,3,0,4.986,0.3245,WARMING_UP,WARMING_UP,WARMING_UP,0.0,0,71.543
6495,121.0641,,0,5.0,0.55,5,3,0,4.9866,0.3215,WARMING_UP,WARMING_UP,WARMING_UP,0.0,0,71.404
6496,121.0784,,0,5.0,0.55,5,3,0,4.9844,0.3186,WARMING_UP,WARMING_UP,WARMING_UP,0.0,0,71.247
6497,121.0932,,0,5.0,0.55,5,3,0,4.9992,0.3176,WARMING_UP,WARMING_UP,WARMING_UP,0.0,0,71.928
6498,121.106,,0,5.0,0.55,5,3,0,4.9966,0.3147,WARMING_UP,WARMING_UP,WARMING_UP,0.0,0,72.62
6499,121.1183,,0,5.0,0.55,5,3,0,4.9936,0.3118,WARMING_UP,WARMING_UP,WARMING_UP,0.0,0,70.109
6500,121.1394,,0,5.0,0.55,5,3,0,4.9842,0.3068,WARMING_UP,WARMING_UP,WARMING_UP,0.0,0,71.34
6501,121.1514,,0,5.0,0.55,5,3,0,4.9962,0.3059,WARMING_UP,WARMING_UP,WARMING_UP,0.0,0,71.038
6502,121.1659,,0,5.0,0.55,5,3,0,4.9967,0.3029,WARMING_UP,WARMING_UP,WARMING_UP,0.0,0,70.814
6503,121.1805,,0,5.0,0.55,5,3,0,4.9992,0.3029,WARMING_UP,WARMING_UP,WARMING_UP,0.0,0,70.357
6504,121.1956,,0,5.0,0.55,5,3,0,4.9872,0.3038,WARMING_UP,WARMING_UP,WARMING_UP,0.0,0,71.488
6505,121.2095,,0,5.0,0.55,5,3,0,4.9842,0.3038,WARMING_UP,WARMING_UP,WARMING_UP,0.0,0,71.685
6506,121.2217,,0,5.0,0.55,5,3,0,4.9964,0.3029,WARMING_UP,WARMING_UP,WARMING_UP,0.0,0,72.035
6507,121.2349,,0,5.0,0.55,5,3,0,4.9958,0.3029,WARMING_UP,WARMING_UP,WARMING_UP,0.0,0,71.787
6508,121.2492,,0,5.0,0.55,5,3,0,4.9942,0.3029,WARMING_UP,WARMING_UP,WARMING_UP,0.0,0,71.393
6509,121.264,,0,5.0,0.55,5,3,0,4.9967,0.3029,WARMING_UP,WARMING_UP,WARMING_UP,0.0,0,70.966
6510,121.2788,,0,5.0,0.55,5,3,0,4.9985,0.3029,WARMING_UP,WARMING_UP,WARMING_UP,0.0,0,71.307
6511,121.2929,,0,5.0,0.55,5,3,0,4.9986,0.3029,WARMING_UP,WARMING_UP,WARMING_UP,0.0,0,71.993
6512,121.3058,,0,5.0,0.55,5,3,0,4.9981,0.3029,WARMING_UP,WARMING_UP,WARMING_UP,0.0,0,72.487
6513,121.3179,,0,5.0,0.55,5,3,0,4.9936,0.3029,WARMING_UP,WARMING_UP,WARMING_UP,0.0,0,72.364
6514,121.3321,,0,5.0,0.55,5,3,0,4.9942,0.3029,WARMING_UP,WARMING_UP,WARMING_UP,0.0,0,72.261
6515,121.3461,,0,5.0,0.55,5,3,0,4.9946,0.3029,WARMING_UP,WARMING_UP,WARMING_UP,0.0,0,72.957
6516,121.3597,,0,5.0,0.55,5,3,0,4.9944,0.3,WARMING_UP,WARMING_UP,WARMING_UP,0.0,0,72.971
6517,121.3726,,0,5.0,0.55,5,3,0,4.9937,0.3,WARMING_UP,WARMING_UP,WARMING_UP,0.0,0,73.591
6518,121.3849,,0,5.0,0.55,5,3,0,4.989,0.3,WARMING_UP,WARMING_UP,WARMING_UP,0.0,0,73.04
6519,121.3997,,0,5.0,0.55,5,3,0,4.9893,0.3,WARMING_UP,WARMING_UP,WARMING_UP,0.0,0,72.64
6520,121.4142,,0,5.0,0.55,5,3,0,4.9886,0.3,WARMING_UP,WARMING_UP,WARMING_UP,0.0,0,71.723
6521,121.4299,,0,5.0,0.55,5,3,0,4.9911,0.3,WARMING_UP,WARMING_UP,WARMING_UP,0.0,0,70.855
6522,121.4458,,0,5.0,0.55,5,3,0,4.992,0.3,WARMING_UP,WARMING_UP,WARMING_UP,0.0,0,71.568
6523,121.46,,0,5.0,0.55,5,3,0,4.9878,0.3,WARMING_UP,WARMING_UP,WARMING_UP,0.0,0,71.913
6524,121.4723,,0,5.0,0.55,5,3,0,4.9873,0.3,WARMING_UP,WARMING_UP,WARMING_UP,0.0,0,72.24
6525,121.4853,,0,5.0,0.55,5,3,0,4.9869,0.3,WARMING_UP,WARMING_UP,WARMING_UP,0.0,0,71.994
6526,121.4996,,0,5.0,0.55,5,3,0,4.9879,0.3,WARMING_UP,WARMING_UP,WARMING_UP,0.0,0,70.646
6527,121.5167,,0,5.0,0.55,5,3,0,4.99,0.3,WARMING_UP,WARMING_UP,WARMING_UP,0.0,0,69.719
6528,121.533,,0,5.0,0.55,5,3,0,4.9913,0.3,WARMING_UP,WARMING_UP,WARMING_UP,0.0,0,69.444
6529,121.5479,,0,5.0,0.55,5,3,0,4.992,0.3,WARMING_UP,WARMING_UP,WARMING_UP,0.0,0,69.079
6530,121.5631,,0,5.0,0.55,5,3,0,4.9948,0.3,WARMING_UP,WARMING_UP,WARMING_UP,0.0,0,69.475
6531,121.577,,0,5.0,0.55,5,3,0,4.9957,0.3,WARMING_UP,WARMING_UP,WARMING_UP,0.0,0,69.016
6532,121.5928,,0,5.0,0.55,5,3,0,4.9976,0.3,WARMING_UP,WARMING_UP,WARMING_UP,0.0,0,69.91
6533,121.6058,,0,5.0,0.55,5,3,0,4.9965,0.3,WARMING_UP,WARMING_UP,WARMING_UP,0.0,0,70.657
6534,121.6179,,0,5.0,0.55,5,3,0,4.9914,0.2971,WARMING_UP,WARMING_UP,WARMING_UP,0.0,0,70.227
6535,121.633,,0,5.0,0.55,5,3,0,4.9937,0.2971,WARMING_UP,WARMING_UP,WARMING_UP,0.0,0,70.263
6536,121.6472,,0,5.0,0.55,5,3,0,4.9913,0.2971,WARMING_UP,WARMING_UP,WARMING_UP,0.0,0,71.305
6537,121.6604,,0,5.0,0.55,5,3,0,4.9828,0.2971,WARMING_UP,WARMING_UP,WARMING_UP,0.0,0,71.909
6538,121.673,,0,5.0,0.55,5,3,0,4.9954,0.2962,WARMING_UP,WARMING_UP,WARMING_UP,0.0,0,72.506
6539,121.6853,,0,5.0,0.55,5,3,0,4.9914,0.2933,WARMING_UP,WARMING_UP,WARMING_UP,0.0,0,72.227
6540,121.6997,,0,5.0,0.55,5,3,0,4.9911,0.2933,WARMING_UP,WARMING_UP,WARMING_UP,0.0,0,71.954
6541,121.714,,0,5.0,0.55,5,3,0,4.9926,0.2933,WARMING_UP,WARMING_UP,WARMING_UP,0.0,0,72.188
6542,121.7287,,0,5.0,0.55,5,3,0,4.9943,0.2933,WARMING_UP,WARMING_UP,WARMING_UP,0.0,0,72.588
6543,121.7408,,0,5.0,0.55,5,3,0,4.9931,0.2933,WARMING_UP,WARMING_UP,WARMING_UP,0.0,0,73.429
6544,121.7532,,0,5.0,0.55,5,3,0,4.9917,0.2933,WARMING_UP,WARMING_UP,WARMING_UP,0.0,0,73.461
6545,121.7666,,0,5.0,0.55,5,3,0,4.9899,0.2933,WARMING_UP,WARMING_UP,WARMING_UP,0.0,0,71.893
6546,121.7841,,0,5.0,0.55,5,3,0,4.9922,0.2933,WARMING_UP,WARMING_UP,WARMING_UP,0.0,0,71.719
6547,121.7981,,0,5.0,0.55,5,3,0,4.9928,0.2933,WARMING_UP,WARMING_UP,WARMING_UP,0.0,0,70.976
6548,121.8138,,0,5.0,0.55,5,3,0,4.995,0.2933,WARMING_UP,WARMING_UP,WARMING_UP,0.0,0,72.166
6549,121.8264,,0,5.0,0.55,5,3,0,4.9935,0.2903,WARMING_UP,WARMING_UP,WARMING_UP,0.0,0,72.731
6550,121.839,,0,5.0,0.55,5,3,0,4.9909,0.2874,WARMING_UP,WARMING_UP,WARMING_UP,0.0,0,72.542
6551,121.8528,,0,5.0,0.55,5,3,0,4.9907,0.2874,WARMING_UP,WARMING_UP,WARMING_UP,0.0,0,72.69
6552,121.8663,,0,5.0,0.55,5,3,0,4.9905,0.2874,WARMING_UP,WARMING_UP,WARMING_UP,0.0,0,72.407
6553,121.8806,,0,5.0,0.55,5,3,0,4.9908,0.2874,WARMING_UP,WARMING_UP,WARMING_UP,0.0,0,73.363
6554,121.8936,,0,5.0,0.55,5,3,0,4.9904,0.2874,WARMING_UP,WARMING_UP,WARMING_UP,0.0,0,70.974
6555,121.9135,,0,5.0,0.55,5,3,0,4.9976,0.2874,WARMING_UP,WARMING_UP,WARMING_UP,0.0,0,71.699
6556,121.9266,,0,5.0,0.55,5,3,0,4.9971,0.2874,WARMING_UP,WARMING_UP,WARMING_UP,0.0,0,72.301
6557,121.9388,,0,5.0,0.55,5,3,0,4.9951,0.2874,WARMING_UP,WARMING_UP,WARMING_UP,0.0,0,72.01
6558,121.9533,,0,5.0,0.55,5,3,0,4.9948,0.2874,WARMING_UP,WARMING_UP,WARMING_UP,0.0,0,72.024
6559,121.9669,,0,5.0,0.55,5,3,0,4.9896,0.2845,WARMING_UP,WARMING_UP,WARMING_UP,0.0,0,70.617
6560,121.9841,,0,5.0,0.55,5,3,0,4.9926,0.2845,WARMING_UP,WARMING_UP,WARMING_UP,0.0,0,70.849
6561,121.9979,,0,5.0,0.55,5,3,0,4.9934,0.2845,WARMING_UP,WARMING_UP,WARMING_UP,0.0,0,70.018
6562,122.0141,,0,5.0,0.55,5,3,0,4.9944,0.2815,WARMING_UP,WARMING_UP,WARMING_UP,0.0,0,70.9
6563,122.0272,,0,5.0,0.55,5,3,0,4.9952,0.2815,WARMING_UP,WARMING_UP,WARMING_UP,0.0,0,71.419
6564,122.0398,,0,5.0,0.55,5,3,0,4.9939,0.2815,WARMING_UP,WARMING_UP,WARMING_UP,0.0,0,71.644
6565,122.0533,,0,5.0,0.55,5,3,0,4.9924,0.2786,WARMING_UP,WARMING_UP,WARMING_UP,0.0,0,71.809
6566,122.0669,,0,5.0,0.55,5,3,0,4.991,0.2786,WARMING_UP,WARMING_UP,WARMING_UP,0.0,0,71.933
6567,122.0809,,0,5.0,0.55,5,3,0,4.9911,0.2786,WARMING_UP,WARMING_UP,WARMING_UP,0.0,0,72.384
6568,122.094,,0,5.0,0.55,5,3,0,4.9915,0.2786,WARMING_UP,WARMING_UP,WARMING_UP,0.0,0,73.158
6569,122.1063,,0,5.0,0.55,5,3,0,4.9901,0.2757,WARMING_UP,WARMING_UP,WARMING_UP,0.0,0,72.202
6570,122.1223,,0,5.0,0.55,5,3,0,4.9902,0.2727,WARMING_UP,WARMING_UP,WARMING_UP,0.0,0,69.724
6571,122.1435,,0,5.0,0.55,5,3,0,4.9975,0.2727,WARMING_UP,WARMING_UP,WARMING_UP,0.0,0,70.675
6572,122.1561,,0,5.0,0.55,5,3,0,4.9948,0.2727,WARMING_UP,WARMING_UP,WARMING_UP,0.0,0,71.133
6573,122.1689,,0,5.0,0.55,5,3,0,4.9929,0.2727,WARMING_UP,WARMING_UP,WARMING_UP,0.0,0,71.488
6574,122.1822,,0,5.0,0.55,5,3,0,4.9929,0.2727,WARMING_UP,WARMING_UP,WARMING_UP,0.0,0,71.06
6575,122.1977,,0,5.0,0.55,5,3,0,4.9954,0.2727,WARMING_UP,WARMING_UP,WARMING_UP,0.0,0,69.798
6576,122.2143,,0,5.0,0.55,5,3,0,4.9987,0.2727,WARMING_UP,WARMING_UP,WARMING_UP,0.0,0,70.682
6577,122.2276,,0,5.0,0.55,5,3,0,4.997,0.2727,WARMING_UP,WARMING_UP,WARMING_UP,0.0,0,71.552
6578,122.24,,0,5.0,0.55,5,3,0,4.996,0.2727,WARMING_UP,WARMING_UP,WARMING_UP,0.0,0,71.586
6579,122.2534,,0,5.0,0.55,5,3,0,4.9956,0.2727,WARMING_UP,WARMING_UP,WARMING_UP,0.0,0,72.089
6580,122.2666,,0,5.0,0.55,5,3,0,4.9957,0.2727,WARMING_UP,WARMING_UP,WARMING_UP,0.0,0,72.261
6581,122.2808,,0,5.0,0.55,5,3,0,4.9957,0.2727,WARMING_UP,WARMING_UP,WARMING_UP,0.0,0,72.866
6582,122.2935,,0,5.0,0.55,5,3,0,4.9956,0.2727,WARMING_UP,WARMING_UP,WARMING_UP,0.0,0,73.339
6583,122.306,,0,5.0,0.55,5,3,0,4.9935,0.2698,WARMING_UP,WARMING_UP,WARMING_UP,0.0,0,73.777
6584,122.3186,,0,5.0,0.55,5,3,0,4.9909,0.2669,WARMING_UP,WARMING_UP,WARMING_UP,0.0,0,73.114
6585,122.3334,,0,5.0,0.55,5,3,0,4.9903,0.2639,WARMING_UP,WARMING_UP,WARMING_UP,0.0,0,73.11
6586,122.3475,,0,5.0,0.55,5,3,0,4.9885,0.2639,WARMING_UP,WARMING_UP,WARMING_UP,0.0,0,73.054
6587,122.3611,,0,5.0,0.55,5,3,0,4.9852,0.2639,WARMING_UP,WARMING_UP,WARMING_UP,0.0,0,73.839
6588,122.3734,,0,5.0,0.55,5,3,0,4.9975,0.2632,WARMING_UP,WARMING_UP,WARMING_UP,0.0,0,74.458
6589,122.3857,,0,5.0,0.55,5,3,0,4.996,0.2632,WARMING_UP,WARMING_UP,WARMING_UP,0.0,0,74.757
6590,122.3987,,0,5.0,0.55,5,3,0,4.9958,0.2632,WARMING_UP,WARMING_UP,WARMING_UP,0.0,0,73.757
6591,122.4144,,0,5.0,0.55,5,3,0,4.9973,0.2632,WARMING_UP,WARMING_UP,WARMING_UP,0.0,0,74.078
6592,122.4272,,0,5.0,0.55,5,3,0,4.9962,0.2632,WARMING_UP,WARMING_UP,WARMING_UP,0.0,0,74.852
6593,122.4395,,0,5.0,0.55,5,3,0,4.9949,0.2632,WARMING_UP,WARMING_UP,WARMING_UP,0.0,0,74.39
6594,122.4536,,0,5.0,0.55,5,3,0,4.9945,0.2632,WARMING_UP,WARMING_UP,WARMING_UP,0.0,0,74.462
6595,122.4669,,0,5.0,0.55,5,3,0,4.9887,0.2632,WARMING_UP,WARMING_UP,WARMING_UP,0.0,0,73.98
6596,122.4814,,0,5.0,0.55,5,3,0,4.9868,0.2632,WARMING_UP,WARMING_UP,WARMING_UP,0.0,0,74.118
6597,122.4947,,0,5.0,0.55,5,3,0,4.9861,0.2632,WARMING_UP,WARMING_UP,WARMING_UP,0.0,0,74.599
6598,122.5074,,0,5.0,0.55,5,3,0,4.9987,0.2624,WARMING_UP,WARMING_UP,WARMING_UP,0.0,0,74.885
6599,122.52,,0,5.0,0.55,5,3,0,4.9986,0.2624,WARMING_UP,WARMING_UP,WARMING_UP,0.0,0,74.85
6600,122.5336,,0,5.0,0.55,5,3,0,4.9996,0.2624,WARMING_UP,WARMING_UP,WARMING_UP,0.0,0,74.316
6601,122.548,,0,5.0,0.55,5,3,0,4.9982,0.2624,WARMING_UP,WARMING_UP,WARMING_UP,0.0,0,73.373
6602,122.5647,,0,5.0,0.55,5,3,0,4.9784,0.2602,WARMING_UP,WARMING_UP,WARMING_UP,0.0,0,72.24
6603,122.5801,,0,5.0,0.55,5,3,0,4.9938,0.2624,WARMING_UP,WARMING_UP,WARMING_UP,0.0,0,72.017
6604,122.5942,,0,5.0,0.55,5,3,0,4.9945,0.2624,WARMING_UP,WARMING_UP,WARMING_UP,0.0,0,72.728
6605,122.6065,,0,5.0,0.55,5,3,0,4.9888,0.2595,WARMING_UP,WARMING_UP,WARMING_UP,0.0,0,73.344
6606,122.619,,0,5.0,0.55,5,3,0,4.9878,0.2595,WARMING_UP,WARMING_UP,WARMING_UP,0.0,0,73.259
6607,122.6337,,0,5.0,0.55,5,3,0,4.988,0.2566,WARMING_UP,WARMING_UP,WARMING_UP,0.0,0,72.926
6608,122.6473,,0,5.0,0.55,5,3,0,4.9851,0.2566,WARMING_UP,WARMING_UP,WARMING_UP,0.0,0,72.633
6609,122.6618,,0,5.0,0.55,5,3,0,4.9997,0.2558,WARMING_UP,WARMING_UP,WARMING_UP,0.0,0,73.202
6610,122.6742,,0,5.0,0.55,5,3,0,4.9963,0.2529,WARMING_UP,WARMING_UP,WARMING_UP,0.0,0,73.512
6611,122.6872,,0,5.0,0.55,5,3,0,4.9921,0.2529,WARMING_UP,WARMING_UP,WARMING_UP,0.0,0,73.117
6612,122.7016,,0,5.0,0.55,5,3,0,4.9913,0.25,WARMING_UP,WARMING_UP,WARMING_UP,0.0,0,73.283
6613,122.7158,,0,5.0,0.55,5,3,0,4.9918,0.25,WARMING_UP,WARMING_UP,WARMING_UP,0.0,0,72.768
6614,122.7298,,0,5.0,0.55,5,3,0,4.9934,0.25,WARMING_UP,WARMING_UP,WARMING_UP,0.0,0,73.708
6615,122.742,,0,5.0,0.55,5,3,0,4.9906,0.2471,WARMING_UP,WARMING_UP,WARMING_UP,0.0,0,74.382
6616,122.7542,,0,5.0,0.55,5,3,0,4.9887,0.2442,WARMING_UP,WARMING_UP,WARMING_UP,0.0,0,74.384
6617,122.7682,,0,5.0,0.55,5,3,0,4.9884,0.2413,WARMING_UP,WARMING_UP,WARMING_UP,0.0,0,74.274
6618,122.7814,,0,5.0,0.55,5,3,0,4.9861,0.2413,WARMING_UP,WARMING_UP,WARMING_UP,0.0,0,74.675
6619,122.7951,,0,5.0,0.55,5,3,0,4.9998,0.2406,WARMING_UP,WARMING_UP,WARMING_UP,0.0,0,74.415
6620,122.8082,,0,5.0,0.55,5,3,0,4.9972,0.2406,WARMING_UP,WARMING_UP,WARMING_UP,0.0,0,74.938
6621,122.8205,,0,5.0,0.55,5,3,0,4.9932,0.2406,WARMING_UP,WARMING_UP,WARMING_UP,0.0,0,74.875
6622,122.8346,,0,5.0,0.55,5,3,0,4.9932,0.2406,WARMING_UP,WARMING_UP,WARMING_UP,0.0,0,74.693
6623,122.8477,,0,5.0,0.55,5,3,0,4.9905,0.2377,WARMING_UP,WARMING_UP,WARMING_UP,0.0,0,75.392
6624,122.8607,,0,5.0,0.55,5,3,0,4.9819,0.2377,WARMING_UP,WARMING_UP,WARMING_UP,0.0,0,75.53
6625,122.8738,,0,5.0,0.55,5,3,0,4.995,0.237,WARMING_UP,WARMING_UP,WARMING_UP,0.0,0,75.515
6626,122.8867,,0,5.0,0.55,5,3,0,4.9919,0.237,WARMING_UP,WARMING_UP,WARMING_UP,0.0,0,75.07
6627,122.9004,,0,5.0,0.55,5,3,0,4.991,0.237,WARMING_UP,WARMING_UP,WARMING_UP,0.0,0,74.361
6628,122.9153,,0,5.0,0.55,5,3,0,4.991,0.2341,WARMING_UP,WARMING_UP,WARMING_UP,0.0,0,74.114
6629,122.929,,0,5.0,0.55,5,3,0,4.9924,0.2341,WARMING_UP,WARMING_UP,WARMING_UP,0.0,0,74.876
6630,122.9414,,0,5.0,0.55,5,3,0,4.9921,0.2341,WARMING_UP,WARMING_UP,WARMING_UP,0.0,0,75.083
6631,122.9545,,0,5.0,0.55,5,3,0,4.9919,0.2341,WARMING_UP,WARMING_UP,WARMING_UP,0.0,0,74.986
6632,122.9681,,0,5.0,0.55,5,3,0,4.9915,0.2341,WARMING_UP,WARMING_UP,WARMING_UP,0.0,0,74.451
6633,122.9822,,0,5.0,0.55,5,3,0,4.9918,0.2341,WARMING_UP,WARMING_UP,WARMING_UP,0.0,0,74.607
6634,122.9953,,0,5.0,0.55,5,3,0,4.992,0.2341,WARMING_UP,WARMING_UP,WARMING_UP,0.0,0,74.813
6635,123.0083,,0,5.0,0.55,5,3,0,4.9925,0.2341,WARMING_UP,WARMING_UP,WARMING_UP,0.0,0,75.415
6636,123.0206,,0,5.0,0.55,5,3,0,4.9897,0.2312,WARMING_UP,WARMING_UP,WARMING_UP,0.0,0,75.511
6637,123.0337,,0,5.0,0.55,5,3,0,4.9896,0.2312,WARMING_UP,WARMING_UP,WARMING_UP,0.0,0,75.276
6638,123.0475,,0,5.0,0.55,5,3,0,4.9893,0.2312,WARMING_UP,WARMING_UP,WARMING_UP,0.0,0,75.226
6639,123.0615,,0,5.0,0.55,5,3,0,4.9856,0.2312,WARMING_UP,WARMING_UP,WARMING_UP,0.0,0,72.665
6640,123.0813,,0,5.0,0.55,5,3,0,4.9912,0.2312,WARMING_UP,WARMING_UP,WARMING_UP,0.0,0,72.731
6641,123.095,,0,5.0,0.55,5,3,0,4.9921,0.2312,WARMING_UP,WARMING_UP,WARMING_UP,0.0,0,73.237
6642,123.1075,,0,5.0,0.55,5,3,0,4.9926,0.2312,WARMING_UP,WARMING_UP,WARMING_UP,0.0,0,74.083
6643,123.1204,,0,5.0,0.55,5,3,0,4.9916,0.2312,WARMING_UP,WARMING_UP,WARMING_UP,0.0,0,73.778
6644,123.1337,,0,5.0,0.55,5,3,0,4.9903,0.2312,WARMING_UP,WARMING_UP,WARMING_UP,0.0,0,73.498
6645,123.1478,,0,5.0,0.55,5,3,0,4.988,0.2312,WARMING_UP,WARMING_UP,WARMING_UP,0.0,0,73.639
6646,123.1615,,0,5.0,0.55,5,3,0,4.988,0.2312,WARMING_UP,WARMING_UP,WARMING_UP,0.0,0,74.174
6647,123.1739,,0,5.0,0.55,5,3,0,4.9872,0.2312,WARMING_UP,WARMING_UP,WARMING_UP,0.0,0,74.997
6648,123.1864,,0,5.0,0.55,5,3,0,4.9997,0.2305,WARMING_UP,WARMING_UP,WARMING_UP,0.0,0,74.553
6649,123.2002,,0,5.0,0.55,5,3,0,4.9864,0.2312,WARMING_UP,WARMING_UP,WARMING_UP,0.0,0,74.394
6650,123.2138,,0,5.0,0.55,5,3,0,4.9999,0.2305,WARMING_UP,WARMING_UP,WARMING_UP,0.0,0,75.052
6651,123.2268,,0,5.0,0.55,5,3,0,4.9983,0.2305,WARMING_UP,WARMING_UP,WARMING_UP,0.0,0,75.278
6652,123.2394,,0,5.0,0.55,5,3,0,4.9967,0.2305,WARMING_UP,WARMING_UP,WARMING_UP,0.0,0,74.943
6653,123.2542,,0,5.0,0.55,5,3,0,4.9949,0.2277,WARMING_UP,WARMING_UP,WARMING_UP,0.0,0,74.385
6654,123.2675,,0,5.0,0.55,5,3,0,4.9919,0.2277,WARMING_UP,WARMING_UP,WARMING_UP,0.0,0,74.276
6655,123.281,,0,5.0,0.55,5,3,0,4.991,0.2277,WARMING_UP,WARMING_UP,WARMING_UP,0.0,0,74.837
6656,123.2944,,0,5.0,0.55,5,3,0,4.9917,0.2277,WARMING_UP,WARMING_UP,WARMING_UP,0.0,0,74.833
6657,123.3073,,0,5.0,0.55,5,3,0,4.992,0.2277,WARMING_UP,WARMING_UP,WARMING_UP,0.0,0,75.386
6658,123.3199,,0,5.0,0.55,5,3,0,4.9903,0.2277,WARMING_UP,WARMING_UP,WARMING_UP,0.0,0,74.988
6659,123.3336,,0,5.0,0.55,5,3,0,4.9897,0.2277,WARMING_UP,WARMING_UP,WARMING_UP,0.0,0,74.497
6660,123.3476,,0,5.0,0.55,5,3,0,4.9876,0.2277,WARMING_UP,WARMING_UP,WARMING_UP,0.0,0,74.558
6661,123.3619,,0,5.0,0.55,5,3,0,4.9883,0.2277,WARMING_UP,WARMING_UP,WARMING_UP,0.0,0,74.57
6662,123.3746,,0,5.0,0.55,5,3,0,4.9882,0.2277,WARMING_UP,WARMING_UP,WARMING_UP,0.0,0,75.209
6663,123.3871,,0,5.0,0.55,5,3,0,4.9883,0.2277,WARMING_UP,WARMING_UP,WARMING_UP,0.0,0,74.698
6664,123.4012,,0,5.0,0.55,5,3,0,4.9852,0.2248,WARMING_UP,WARMING_UP,WARMING_UP,0.0,0,74.661
6665,123.4144,,0,5.0,0.55,5,3,0,4.9984,0.2241,WARMING_UP,WARMING_UP,WARMING_UP,0.0,0,75.545
6666,123.4272,,0,5.0,0.55,5,3,0,4.9957,0.2213,WARMING_UP,WARMING_UP,WARMING_UP,0.0,0,75.569
6667,123.4398,,0,5.0,0.55,5,3,0,4.9927,0.2184,WARMING_UP,WARMING_UP,WARMING_UP,0.0,0,75.454
6668,123.4532,,0,5.0,0.55,5,3,0,4.9902,0.2155,WARMING_UP,WARMING_UP,WARMING_UP,0.0,0,75.288
6669,123.4668,,0,5.0,0.55,5,3,0,4.9885,0.2155,WARMING_UP,WARMING_UP,WARMING_UP,0.0,0,72.747
6670,123.4871,,0,5.0,0.55,5,3,0,4.9829,0.2126,WARMING_UP,WARMING_UP,WARMING_UP,0.0,0,72.445
6671,123.5015,,0,5.0,0.55,5,3,0,4.9973,0.212,WARMING_UP,WARMING_UP,WARMING_UP,0.0,0,72.006
6672,123.5158,,0,5.0,0.55,5,3,0,4.9985,0.2092,WARMING_UP,WARMING_UP,WARMING_UP,0.0,0,71.537
6673,123.5305,,0,5.0,0.55,5,3,0,4.9982,0.2063,WARMING_UP,WARMING_UP,WARMING_UP,0.0,0,72.522
6674,123.5431,,0,5.0,0.55,5,3,0,4.9966,0.2063,WARMING_UP,WARMING_UP,WARMING_UP,0.0,0,73.357
6675,123.5561,,0,5.0,0.55,5,3,0,4.9937,0.2034,WARMING_UP,WARMING_UP,WARMING_UP,0.0,0,73.182
6676,123.5692,,0,5.0,0.55,5,3,0,4.991,0.2006,WARMING_UP,WARMING_UP,WARMING_UP,0.0,0,71.556
6677,123.5869,,0,5.0,0.55,5,3,0,4.9861,0.1977,WARMING_UP,WARMING_UP,WARMING_UP,0.0,0,71.529
6678,123.601,,0,5.0,0.55,5,3,0,4.9842,0.1948,WARMING_UP,WARMING_UP,WARMING_UP,0.0,0,71.284
6679,123.6152,,0,5.0,0.55,5,3,0,4.9984,0.1943,WARMING_UP,WARMING_UP,WARMING_UP,0.0,0,72.226
6680,123.6288,,0,5.0,0.55,5,3,0,4.9943,0.1914,WARMING_UP,WARMING_UP,WARMING_UP,0.0,0,69.455
6681,123.6501,,0,5.0,0.55,5,3,0,4.9998,0.1886,WARMING_UP,WARMING_UP,WARMING_UP,0.0,0,69.187
6682,123.665,,0,5.0,0.55,5,3,0,4.9858,0.1891,WARMING_UP,WARMING_UP,WARMING_UP,0.0,0,70.621
6683,123.6781,,0,5.0,0.55,5,3,0,4.9989,0.1886,WARMING_UP,WARMING_UP,WARMING_UP,0.0,0,70.17
6684,123.6923,,0,5.0,0.55,5,3,0,4.9955,0.1857,WARMING_UP,WARMING_UP,WARMING_UP,0.0,0,71.622
6685,123.7039,,0,5.0,0.55,5,3,0,4.9919,0.1829,WARMING_UP,WARMING_UP,WARMING_UP,0.0,0,71.819
6686,123.7177,,0,5.0,0.55,5,3,0,4.99,0.18,WARMING_UP,WARMING_UP,WARMING_UP,0.0,0,70.712
6687,123.7342,,0,5.0,0.55,5,3,0,4.9907,0.1771,WARMING_UP,WARMING_UP,WARMING_UP,0.0,0,70.498
6688,123.7486,,0,5.0,0.55,5,3,0,4.9883,0.1743,WARMING_UP,WARMING_UP,WARMING_UP,0.0,0,71.489
6689,123.7622,,0,5.0,0.55,5,3,0,4.9858,0.1743,WARMING_UP,WARMING_UP,WARMING_UP,0.0,0,71.562
6690,123.775,,0,5.0,0.55,5,3,0,4.9986,0.1738,WARMING_UP,WARMING_UP,WARMING_UP,0.0,0,72.426
6691,123.7873,,0,5.0,0.55,5,3,0,4.9962,0.1709,WARMING_UP,WARMING_UP,WARMING_UP,0.0,0,72.582
6692,123.8013,,0,5.0,0.55,5,3,0,4.9974,0.1709,WARMING_UP,WARMING_UP,WARMING_UP,0.0,0,72.255
6693,123.8154,,0,5.0,0.55,5,3,0,4.9958,0.1681,WARMING_UP,WARMING_UP,WARMING_UP,0.0,0,71.269
6694,123.8314,,0,5.0,0.55,5,3,0,4.9984,0.1681,WARMING_UP,WARMING_UP,WARMING_UP,0.0,0,72.352
6695,123.8444,,0,5.0,0.55,5,3,0,4.998,0.1681,WARMING_UP,WARMING_UP,WARMING_UP,0.0,0,72.239
6696,123.858,,0,5.0,0.55,5,3,0,4.9962,0.1652,WARMING_UP,WARMING_UP,WARMING_UP,0.0,0,73.037
6697,123.8699,,0,5.0,0.55,5,3,0,4.9927,0.1624,WARMING_UP,WARMING_UP,WARMING_UP,0.0,0,73.243
6698,123.8833,,0,5.0,0.55,5,3,0,4.9876,0.1595,WARMING_UP,WARMING_UP,WARMING_UP,0.0,0,72.755
6699,123.8979,,0,5.0,0.55,5,3,0,4.9864,0.1567,WARMING_UP,WARMING_UP,WARMING_UP,0.0,0,71.338
6700,123.915,,0,5.0,0.55,5,3,0,4.9873,0.1538,WARMING_UP,WARMING_UP,WARMING_UP,0.0,0,71.914
6701,123.9287,,0,5.0,0.55,5,3,0,4.9878,0.1538,WARMING_UP,WARMING_UP,WARMING_UP,0.0,0,72.241
6702,123.9415,,0,5.0,0.55,5,3,0,4.9876,0.1538,WARMING_UP,WARMING_UP,WARMING_UP,0.0,0,73.151
6703,123.9537,,0,5.0,0.55,5,3,0,4.9998,0.1534,WARMING_UP,WARMING_UP,WARMING_UP,0.0,0,72.886
6704,123.9679,,0,5.0,0.55,5,3,0,4.9875,0.1538,WARMING_UP,WARMING_UP,WARMING_UP,0.0,0,72.209
6705,123.9828,,0,5.0,0.55,5,3,0,4.9877,0.1538,WARMING_UP,WARMING_UP,WARMING_UP,0.0,0,72.939
6706,123.996,,0,5.0,0.55,5,3,0,4.9859,0.1538,WARMING_UP,WARMING_UP,WARMING_UP,0.0,0,73.428
6707,124.0084,,0,5.0,0.55,5,3,0,4.9983,0.1534,WARMING_UP,WARMING_UP,WARMING_UP,0.0,0,74.43
6708,124.0203,,0,5.0,0.55,5,3,0,4.9959,0.1506,WARMING_UP,WARMING_UP,WARMING_UP,0.0,0,74.191
6709,124.0342,,0,5.0,0.55,5,3,0,4.9934,0.1506,WARMING_UP,WARMING_UP,WARMING_UP,0.0,0,72.735
6710,124.051,,0,5.0,0.55,5,3,0,4.9967,0.1506,WARMING_UP,WARMING_UP,WARMING_UP,0.0,0,71.908
6711,124.0664,,0,5.0,0.55,5,3,0,4.9995,0.1506,WARMING_UP,WARMING_UP,WARMING_UP,0.0,0,71.81
6712,124.0805,,0,5.0,0.55,5,3,0,4.9976,0.1506,WARMING_UP,WARMING_UP,WARMING_UP,0.0,0,72.821
6713,124.0929,,0,5.0,0.55,5,3,0,4.9964,0.1506,WARMING_UP,WARMING_UP,WARMING_UP,0.0,0,73.866
6714,124.1049,,0,5.0,0.55,5,3,0,4.9939,0.1506,WARMING_UP,WARMING_UP,WARMING_UP,0.0,0,74.094
6715,124.1181,,0,5.0,0.55,5,3,0,4.9933,0.1506,WARMING_UP,WARMING_UP,WARMING_UP,0.0,0,72.568
6716,124.1351,,0,5.0,0.55,5,3,0,4.9969,0.1506,WARMING_UP,WARMING_UP,WARMING_UP,0.0,0,72.428
6717,124.1492,,0,5.0,0.55,5,3,0,4.9958,0.1506,WARMING_UP,WARMING_UP,WARMING_UP,0.0,0,73.209
6718,124.1622,,0,5.0,0.55,5,3,0,4.9962,0.1506,WARMING_UP,WARMING_UP,WARMING_UP,0.0,0,73.448
6719,124.1749,,0,5.0,0.55,5,3,0,4.9946,0.1506,WARMING_UP,WARMING_UP,WARMING_UP,0.0,0,70.985
6720,124.1957,,0,5.0,0.55,5,3,0,4.9876,0.151,WARMING_UP,WARMING_UP,WARMING_UP,0.0,0,71.772
6721,124.2083,,0,5.0,0.55,5,3,0,4.9873,0.151,WARMING_UP,WARMING_UP,WARMING_UP,0.0,0,72.641
6722,124.2202,,0,5.0,0.55,5,3,0,4.9992,0.1506,WARMING_UP,WARMING_UP,WARMING_UP,0.0,0,72.609
6723,124.234,,0,5.0,0.55,5,3,0,4.9866,0.151,WARMING_UP,WARMING_UP,WARMING_UP,0.0,0,72.47
6724,124.2481,,0,5.0,0.55,5,3,0,4.9862,0.151,WARMING_UP,WARMING_UP,WARMING_UP,0.0,0,73.526
6725,124.2602,,0,5.0,0.55,5,3,0,4.9984,0.1506,WARMING_UP,WARMING_UP,WARMING_UP,0.0,0,74.549
6726,124.2723,,0,5.0,0.55,5,3,0,4.9978,0.1506,WARMING_UP,WARMING_UP,WARMING_UP,0.0,0,75.064
6727,124.2846,,0,5.0,0.55,5,3,0,4.9967,0.1506,WARMING_UP,WARMING_UP,WARMING_UP,0.0,0,74.203
6728,124.2998,,0,5.0,0.55,5,3,0,4.999,0.1506,WARMING_UP,WARMING_UP,WARMING_UP,0.0,0,73.355
6729,124.3149,,0,5.0,0.55,5,3,0,4.9863,0.151,WARMING_UP,WARMING_UP,WARMING_UP,0.0,0,74.055
6730,124.3281,,0,5.0,0.55,5,3,0,4.9995,0.1506,WARMING_UP,WARMING_UP,WARMING_UP,0.0,0,73.678
6731,124.3418,,0,5.0,0.55,5,3,0,4.9983,0.1506,WARMING_UP,WARMING_UP,WARMING_UP,0.0,0,74.599
6732,124.3536,,0,5.0,0.55,5,3,0,4.9963,0.1506,WARMING_UP,WARMING_UP,WARMING_UP,0.0,0,74.06
6733,124.3681,,0,5.0,0.55,5,3,0,4.9967,0.1477,WARMING_UP,WARMING_UP,WARMING_UP,0.0,0,72.659
6734,124.3847,,0,5.0,0.55,5,3,0,4.9993,0.1449,WARMING_UP,WARMING_UP,WARMING_UP,0.0,0,71.944
6735,124.4,,0,5.0,0.55,5,3,0,4.9785,0.1453,WARMING_UP,WARMING_UP,WARMING_UP,0.0,0,71.846
6736,124.4141,,0,5.0,0.55,5,3,0,4.9926,0.1449,WARMING_UP,WARMING_UP,WARMING_UP,0.0,0,72.894
6737,124.4264,,0,5.0,0.55,5,3,0,4.9911,0.142,WARMING_UP,WARMING_UP,WARMING_UP,0.0,0,73.85
6738,124.4384,,0,5.0,0.55,5,3,0,4.985,0.1392,WARMING_UP,WARMING_UP,WARMING_UP,0.0,0,73.802
6739,124.4522,,0,5.0,0.55,5,3,0,4.9988,0.1388,WARMING_UP,WARMING_UP,WARMING_UP,0.0,0,73.158
6740,124.4668,,0,5.0,0.55,5,3,0,4.9993,0.136,WARMING_UP,WARMING_UP,WARMING_UP,0.0,0,73.898
6741,124.4795,,0,5.0,0.55,5,3,0,4.9977,0.1331,WARMING_UP,WARMING_UP,WARMING_UP,0.0,0,74.071
6742,124.4928,,0,5.0,0.55,5,3,0,4.9949,0.1303,WARMING_UP,WARMING_UP,WARMING_UP,0.0,0,75.001
6743,124.5046,,0,5.0,0.55,5,3,0,4.9913,0.1275,WARMING_UP,WARMING_UP,WARMING_UP,0.0,0,74.838
6744,124.5185,,0,5.0,0.55,5,3,0,4.9876,0.1246,WARMING_UP,WARMING_UP,WARMING_UP,0.0,0,73.756
6745,124.5338,,0,5.0,0.55,5,3,0,4.9877,0.1218,WARMING_UP,WARMING_UP,WARMING_UP,0.0,0,73.203
6746,124.5484,,0,5.0,0.55,5,3,0,4.9839,0.119,WARMING_UP,WARMING_UP,WARMING_UP,0.0,0,74.054
6747,124.561,,0,5.0,0.55,5,3,0,4.9965,0.1186,WARMING_UP,WARMING_UP,WARMING_UP,0.0,0,74.024
6748,124.5753,,0,5.0,0.55,5,3,0,4.9956,0.1158,WARMING_UP,WARMING_UP,WARMING_UP,0.0,0,71.524
6749,124.5956,,0,5.0,0.55,5,3,0,4.9976,0.113,WARMING_UP,WARMING_UP,WARMING_UP,0.0,0,71.284
6750,124.6093,,0,5.0,0.55,5,3,0,4.9941,0.1102,WARMING_UP,WARMING_UP,WARMING_UP,0.0,0,72.173
6751,124.6215,,0,5.0,0.55,5,3,0,4.9845,0.1073,WARMING_UP,WARMING_UP,WARMING_UP,0.0,0,72.349
6752,124.635,,0,5.0,0.55,5,3,0,4.998,0.107,WARMING_UP,WARMING_UP,WARMING_UP,0.0,0,72.036
6753,124.6495,,0,5.0,0.55,5,3,0,4.9989,0.1042,WARMING_UP,WARMING_UP,WARMING_UP,0.0,0,72.897
6754,124.6628,,0,5.0,0.55,5,3,0,4.9963,0.1014,WARMING_UP,WARMING_UP,WARMING_UP,0.0,0,73.363
6755,124.6758,,0,5.0,0.55,5,3,0,4.9943,0.0986,WARMING_UP,WARMING_UP,WARMING_UP,0.0,0,73.701
6756,124.6879,,0,5.0,0.55,5,3,0,4.9907,0.0958,WARMING_UP,WARMING_UP,WARMING_UP,0.0,0,73.339
6757,124.702,,0,5.0,0.55,5,3,0,4.9901,0.093,WARMING_UP,WARMING_UP,WARMING_UP,0.0,0,72.895
6758,124.7166,,0,5.0,0.55,5,3,0,4.9889,0.0901,WARMING_UP,WARMING_UP,WARMING_UP,0.0,0,71.198
6759,124.7345,,0,5.0,0.55,5,3,0,4.9922,0.0873,WARMING_UP,WARMING_UP,WARMING_UP,0.0,0,70.912
6760,124.7492,,0,5.0,0.55,5,3,0,4.9925,0.0845,WARMING_UP,WARMING_UP,WARMING_UP,0.0,0,71.339
6761,124.7633,,0,5.0,0.55,5,3,0,4.9919,0.0817,WARMING_UP,WARMING_UP,WARMING_UP,0.0,0,68.938
6762,124.7836,,0,5.0,0.55,5,3,0,4.9986,0.0789,WARMING_UP,WARMING_UP,WARMING_UP,0.0,0,68.699
6763,124.7986,,0,5.0,0.55,5,3,0,4.9989,0.0761,WARMING_UP,WARMING_UP,WARMING_UP,0.0,0,67.364
6764,124.8168,,0,5.0,0.55,5,3,0,4.9856,0.0706,WARMING_UP,WARMING_UP,WARMING_UP,0.0,0,68.648
6765,124.83,,0,5.0,0.55,5,3,0,4.9988,0.0704,WARMING_UP,WARMING_UP,WARMING_UP,0.0,0,69.487
6766,124.843,,0,5.0,0.55,5,3,0,4.9973,0.0676,WARMING_UP,WARMING_UP,WARMING_UP,0.0,0,69.827
6767,124.8559,,0,5.0,0.55,5,3,0,4.994,0.0648,WARMING_UP,WARMING_UP,WARMING_UP,0.0,0,70.205
6768,124.8695,,0,5.0,0.55,5,3,0,4.9938,0.0648,WARMING_UP,WARMING_UP,WARMING_UP,0.0,0,70.434
6769,124.8832,,0,5.0,0.55,5,3,0,4.9925,0.062,WARMING_UP,WARMING_UP,WARMING_UP,0.0,0,71.932
6770,124.896,,0,5.0,0.55,5,3,0,4.9915,0.0592,WARMING_UP,WARMING_UP,WARMING_UP,0.0,0,69.333
6771,124.9167,,0,5.0,0.55,5,3,0,4.9995,0.0592,WARMING_UP,WARMING_UP,WARMING_UP,0.0,0,67.944
6772,124.9347,,0,5.0,0.55,5,3,0,4.9879,0.0593,WARMING_UP,WARMING_UP,WARMING_UP,0.0,0,68.025
6773,124.9493,,0,5.0,0.55,5,3,0,4.9877,0.0593,WARMING_UP,WARMING_UP,WARMING_UP,0.0,0,66.057
6774,124.9699,,0,5.0,0.55,5,3,0,4.9927,0.0565,WARMING_UP,WARMING_UP,WARMING_UP,0.0,0,66.902
6775,124.9838,,0,5.0,0.55,5,3,0,4.9887,0.0537,WARMING_UP,WARMING_UP,WARMING_UP,0.0,0,67.172
6776,124.9979,,0,5.0,0.55,5,3,0,4.9882,0.0537,WARMING_UP,WARMING_UP,WARMING_UP,0.0,0,67.265
6777,125.0134,,0,5.0,0.55,5,3,0,4.9886,0.0508,WARMING_UP,WARMING_UP,WARMING_UP,0.0,0,68.068
6778,125.0259,,0,5.0,0.55,5,3,0,4.9872,0.048,WARMING_UP,WARMING_UP,WARMING_UP,0.0,0,66.071
6779,125.047,,0,5.0,0.55,5,3,0,4.992,0.0452,WARMING_UP,WARMING_UP,WARMING_UP,0.0,0,67.002
6780,125.0599,,0,5.0,0.55,5,3,0,4.9901,0.0424,WARMING_UP,WARMING_UP,WARMING_UP,0.0,0,68.063
6781,125.0726,,0,5.0,0.55,5,3,0,4.9881,0.0395,WARMING_UP,WARMING_UP,WARMING_UP,0.0,0,68.38
6782,125.0867,,0,5.0,0.55,5,3,0,4.9878,0.0395,WARMING_UP,WARMING_UP,WARMING_UP,0.0,0,68.464
6783,125.1012,,0,5.0,0.55,5,3,0,4.9868,0.0395,WARMING_UP,WARMING_UP,WARMING_UP,0.0,0,69.35
6784,125.1141,,0,5.0,0.55,5,3,0,4.9997,0.0394,WARMING_UP,WARMING_UP,WARMING_UP,0.0,0,67.976
6785,125.132,,0,5.0,0.55,5,3,0,4.9883,0.0395,WARMING_UP,WARMING_UP,WARMING_UP,0.0,0,68.686
6786,125.1464,,0,5.0,0.55,5,3,0,4.9884,0.0395,WARMING_UP,WARMING_UP,WARMING_UP,0.0,0,69.103
6787,125.1595,,0,5.0,0.55,5,3,0,4.9844,0.0367,WARMING_UP,WARMING_UP,WARMING_UP,0.0,0,69.466
6788,125.1729,,0,5.0,0.55,5,3,0,4.9978,0.0366,WARMING_UP,WARMING_UP,WARMING_UP,0.0,0,67.383
6789,125.1941,,0,5.0,0.55,5,3,0,4.9897,0.0311,WARMING_UP,WARMING_UP,WARMING_UP,0.0,0,68.344
6790,125.2065,,0,5.0,0.55,5,3,0,4.988,0.0282,WARMING_UP,WARMING_UP,WARMING_UP,0.0,0,68.873
6791,125.2199,,0,5.0,0.55,5,3,0,4.9855,0.0254,WARMING_UP,WARMING_UP,WARMING_UP,0.0,0,69.232
6792,125.2338,,0,5.0,0.55,5,3,0,4.9993,0.0254,WARMING_UP,WARMING_UP,WARMING_UP,0.0,0,68.764
6793,125.2493,,0,5.0,0.55,5,3,0,4.9849,0.0198,WARMING_UP,WARMING_UP,WARMING_UP,0.0,0,69.971
6794,125.2622,,0,5.0,0.55,5,3,0,4.9977,0.0197,WARMING_UP,WARMING_UP,WARMING_UP,0.0,0,71.038
6795,125.2739,,0,5.0,0.55,5,3,0,4.9946,0.0197,WARMING_UP,WARMING_UP,WARMING_UP,0.0,0,71.598
6796,125.2871,,0,5.0,0.55,5,3,0,4.9922,0.0197,WARMING_UP,WARMING_UP,WARMING_UP,0.0,0,70.092
6797,125.3049,,0,5.0,0.55,5,3,0,4.9966,0.0197,WARMING_UP,WARMING_UP,WARMING_UP,0.0,0,69.868
6798,125.3195,,0,5.0,0.55,5,3,0,4.9901,0.0197,WARMING_UP,WARMING_UP,WARMING_UP,0.0,0,69.484
6799,125.3346,,0,5.0,0.55,5,3,0,4.9885,0.0169,WARMING_UP,WARMING_UP,WARMING_UP,0.0,0,70.338
6800,125.3475,,0,5.0,0.55,5,3,0,4.98,0.0141,WARMING_UP,WARMING_UP,WARMING_UP,0.0,0,71.382
6801,125.3609,,0,5.0,0.55,5,3,0,4.9933,0.014,WARMING_UP,WARMING_UP,WARMING_UP,0.0,0,71.176
6802,125.3742,,0,5.0,0.55,5,3,0,4.9932,0.014,WARMING_UP,WARMING_UP,WARMING_UP,0.0,0,71.257
6803,125.3881,,0,5.0,0.55,5,3,0,4.9926,0.014,WARMING_UP,WARMING_UP,WARMING_UP,0.0,0,70.974
6804,125.4028,,0,5.0,0.55,5,3,0,4.9927,0.014,WARMING_UP,WARMING_UP,WARMING_UP,0.0,0,70.86
6805,125.4172,,0,5.0,0.55,5,3,0,4.9942,0.014,WARMING_UP,WARMING_UP,WARMING_UP,0.0,0,69.467
6806,125.4346,,0,5.0,0.55,5,3,0,4.9989,0.014,WARMING_UP,WARMING_UP,WARMING_UP,0.0,0,68.995
6807,125.4501,,0,5.0,0.55,5,3,0,4.9855,0.0141,WARMING_UP,WARMING_UP,WARMING_UP,0.0,0,69.671
6808,125.464,,0,5.0,0.55,5,3,0,4.9994,0.014,WARMING_UP,WARMING_UP,WARMING_UP,0.0,0,70.696
6809,125.4762,,0,5.0,0.55,5,3,0,4.9966,0.014,WARMING_UP,WARMING_UP,WARMING_UP,0.0,0,71.34
6810,125.4888,,0,5.0,0.55,5,3,0,4.9946,0.014,WARMING_UP,WARMING_UP,WARMING_UP,0.0,0,71.474
6811,125.503,,0,5.0,0.55,5,3,0,4.9948,0.014,WARMING_UP,WARMING_UP,WARMING_UP,0.0,0,70.825
6812,125.518,,0,5.0,0.55,5,3,0,4.9964,0.014,WARMING_UP,WARMING_UP,WARMING_UP,0.0,0,70.197
6813,125.5338,,0,5.0,0.55,5,3,0,5.0,0.014,WARMING_UP,WARMING_UP,WARMING_UP,0.0,0,70.823
6814,125.5472,,0,5.0,0.55,5,3,0,4.9995,0.014,WARMING_UP,WARMING_UP,WARMING_UP,0.0,0,71.753
6815,125.5594,,0,5.0,0.55,5,3,0,4.9969,0.014,WARMING_UP,WARMING_UP,WARMING_UP,0.0,0,71.531
6816,125.5735,,0,5.0,0.55,5,3,0,4.997,0.014,WARMING_UP,WARMING_UP,WARMING_UP,0.0,0,71.795
6817,125.5868,,0,5.0,0.55,5,3,0,4.9973,0.014,WARMING_UP,WARMING_UP,WARMING_UP,0.0,0,71.589
6818,125.6071,,0,5.0,0.55,5,3,0,4.9825,0.0141,WARMING_UP,WARMING_UP,WARMING_UP,0.0,0,69.76
6819,125.62,,0,5.0,0.55,5,3,0,4.9954,0.014,WARMING_UP,WARMING_UP,WARMING_UP,0.0,0,69.4
6820,125.635,,0,5.0,0.55,5,3,0,4.9971,0.014,WARMING_UP,WARMING_UP,WARMING_UP,0.0,0,68.712
6821,125.6667,,0,5.0,0.55,5,3,0,4.9869,0.0141,WARMING_UP,WARMING_UP,WARMING_UP,0.0,0,65.423
6822,125.6801,,0,5.0,0.55,5,3,0,4.9847,0.0141,WARMING_UP,WARMING_UP,WARMING_UP,0.0,0,66.178
6823,125.6933,,0,5.0,0.55,5,3,0,4.9979,0.0141,WARMING_UP,WARMING_UP,WARMING_UP,0.0,0,67.181
6824,125.7059,,0,5.0,0.55,5,3,0,4.9968,0.0141,WARMING_UP,WARMING_UP,WARMING_UP,0.0,0,67.648
6825,125.7198,,0,5.0,0.55,5,3,0,4.9983,0.0141,WARMING_UP,WARMING_UP,WARMING_UP,0.0,0,67.444
6826,125.735,,0,5.0,0.55,5,3,0,4.9876,0.0141,WARMING_UP,WARMING_UP,WARMING_UP,0.0,0,67.617
6827,125.7503,,0,5.0,0.55,5,3,0,4.9877,0.0141,WARMING_UP,WARMING_UP,WARMING_UP,0.0,0,68.501
6828,125.7632,,0,5.0,0.55,5,3,0,4.9873,0.0141,WARMING_UP,WARMING_UP,WARMING_UP,0.0,0,69.52
6829,125.7826,,0,5.0,0.55,5,3,0,4.9858,0.0141,WARMING_UP,WARMING_UP,WARMING_UP,0.0,0,67.639
6830,125.8,,0,5.0,0.55,5,3,0,4.9869,0.0141,WARMING_UP,WARMING_UP,WARMING_UP,0.0,0,66.518
6831,125.8255,,0,5.0,0.55,5,3,0,4.9975,0.0141,WARMING_UP,WARMING_UP,WARMING_UP,0.0,0,63.644
6832,125.8394,,0,5.0,0.55,5,3,0,4.9981,0.0141,WARMING_UP,WARMING_UP,WARMING_UP,0.0,0,64.741
6833,125.8526,,0,5.0,0.55,5,3,0,4.9978,0.0141,WARMING_UP,WARMING_UP,WARMING_UP,0.0,0,64.567
6834,125.8781,,0,5.0,0.55,5,3,0,4.9966,0.0142,WARMING_UP,WARMING_UP,WARMING_UP,0.0,0,61.721
6835,125.8969,,0,5.0,0.55,5,3,0,4.9865,0.0142,WARMING_UP,WARMING_UP,WARMING_UP,0.0,0,62.721
6836,125.9106,,0,5.0,0.55,5,3,0,4.9877,0.0142,WARMING_UP,WARMING_UP,WARMING_UP,0.0,0,62.797
6837,125.9266,,0,5.0,0.55,5,3,0,4.9917,0.0142,WARMING_UP,WARMING_UP,WARMING_UP,0.0,0,63.695
6838,125.9397,,0,5.0,0.55,5,3,0,4.9907,0.0142,WARMING_UP,WARMING_UP,WARMING_UP,0.0,0,64.928
6839,126.0169,,0,5.0,0.55,5,3,0,4.9937,0.0144,WARMING_UP,WARMING_UP,WARMING_UP,0.0,0,59.633
6840,126.0364,,0,5.0,0.55,5,3,0,4.9873,0.0144,WARMING_UP,WARMING_UP,WARMING_UP,0.0,0,58.807
6841,126.0558,,0,5.0,0.55,5,3,0,4.9916,0.0144,WARMING_UP,WARMING_UP,WARMING_UP,0.0,0,60.181
6842,126.0697,,0,5.0,0.55,5,3,0,4.9913,0.0144,WARMING_UP,WARMING_UP,WARMING_UP,0.0,0,61.56
6843,126.0831,,0,5.0,0.55,5,3,0,4.9899,0.0144,WARMING_UP,WARMING_UP,WARMING_UP,0.0,0,63.402
6844,126.0956,,0,5.0,0.55,5,3,0,4.9896,0.0144,WARMING_UP,WARMING_UP,WARMING_UP,0.0,0,63.218
6845,126.1127,,0,5.0,0.55,5,3,0,4.9943,0.0144,WARMING_UP,WARMING_UP,WARMING_UP,0.0,0,64.217
6846,126.1259,,0,5.0,0.55,5,3,0,4.9866,0.0144,WARMING_UP,WARMING_UP,WARMING_UP,0.0,0,65.028
6847,126.1394,,0,5.0,0.55,5,3,0,4.988,0.0144,WARMING_UP,WARMING_UP,WARMING_UP,0.0,0,65.997
6848,126.1527,,0,5.0,0.55,5,3,0,4.9868,0.0144,WARMING_UP,WARMING_UP,WARMING_UP,0.0,0,64.526
6849,126.1723,,0,5.0,0.55,5,3,0,4.9917,0.0144,WARMING_UP,WARMING_UP,WARMING_UP,0.0,0,65.759
6850,126.1854,,0,5.0,0.55,5,3,0,4.9897,0.0144,WARMING_UP,WARMING_UP,WARMING_UP,0.0,0,67.095
6851,126.1985,,0,5.0,0.55,5,3,0,4.9891,0.0144,WARMING_UP,WARMING_UP,WARMING_UP,0.0,0,67.539
6852,126.2121,,0,5.0,0.55,5,3,0,4.9904,0.0144,WARMING_UP,WARMING_UP,WARMING_UP,0.0,0,68.581
6853,126.2247,,0,5.0,0.55,5,3,0,4.9898,0.0144,WARMING_UP,WARMING_UP,WARMING_UP,0.0,0,69.196
6854,126.238,,0,5.0,0.55,5,3,0,4.9888,0.0144,WARMING_UP,WARMING_UP,WARMING_UP,0.0,0,68.911
6855,126.2532,,0,5.0,0.55,5,3,0,4.9891,0.0144,WARMING_UP,WARMING_UP,WARMING_UP,0.0,0,68.716
6856,126.2682,,0,5.0,0.55,5,3,0,4.9894,0.0144,WARMING_UP,WARMING_UP,WARMING_UP,0.0,0,70.349
6857,126.2807,,0,5.0,0.55,5,3,0,4.9878,0.0144,WARMING_UP,WARMING_UP,WARMING_UP,0.0,0,71.112
6858,126.2929,,0,5.0,0.55,5,3,0,5.0,0.0144,WARMING_UP,WARMING_UP,WARMING_UP,0.0,0,71.327
6859,126.3063,,0,5.0,0.55,5,3,0,4.9884,0.0144,WARMING_UP,WARMING_UP,WARMING_UP,0.0,0,71.974
6860,126.3191,,0,5.0,0.55,5,3,0,4.987,0.0144,WARMING_UP,WARMING_UP,WARMING_UP,0.0,0,72.638
6861,126.3326,,0,5.0,0.55,5,3,0,4.9865,0.0144,WARMING_UP,WARMING_UP,WARMING_UP,0.0,0,73.159
6862,126.3446,,0,5.0,0.55,5,3,0,4.9985,0.0144,WARMING_UP,WARMING_UP,WARMING_UP,0.0,0,73.375
6863,126.3582,,0,5.0,0.55,5,3,0,4.9984,0.0144,WARMING_UP,WARMING_UP,WARMING_UP,0.0,0,72.857
6864,126.3727,,0,5.0,0.55,5,3,0,4.9878,0.0144,WARMING_UP,WARMING_UP,WARMING_UP,0.0,0,73.109
6865,126.3859,,0,5.0,0.55,5,3,0,4.9863,0.0144,WARMING_UP,WARMING_UP,WARMING_UP,0.0,0,73.71
6866,126.3992,,0,5.0,0.55,5,3,0,4.9995,0.0144,WARMING_UP,WARMING_UP,WARMING_UP,0.0,0,73.826
6867,126.4133,,0,5.0,0.55,5,3,0,4.9991,0.0144,WARMING_UP,WARMING_UP,WARMING_UP,0.0,0,73.834
6868,126.4278,,0,5.0,0.55,5,3,0,4.9978,0.0144,WARMING_UP,WARMING_UP,WARMING_UP,0.0,0,73.189
6869,126.4481,,0,5.0,0.55,5,3,0,4.9881,0.0144,WARMING_UP,WARMING_UP,WARMING_UP,0.0,0,70.721
6870,126.4632,,0,5.0,0.55,5,3,0,4.9909,0.0144,WARMING_UP,WARMING_UP,WARMING_UP,0.0,0,69.992
6871,126.4833,,0,5.0,0.55,5,3,0,4.998,0.0144,WARMING_UP,WARMING_UP,WARMING_UP,0.0,0,68.152
6872,126.4983,,0,5.0,0.55,5,3,0,4.9987,0.0144,WARMING_UP,WARMING_UP,WARMING_UP,0.0,0,68.04
6873,126.523,,0,5.0,0.55,5,3,0,4.99,0.0145,WARMING_UP,WARMING_UP,WARMING_UP,0.0,0,65.076
6874,126.537,,0,5.0,0.55,5,3,0,4.9892,0.0145,WARMING_UP,WARMING_UP,WARMING_UP,0.0,0,62.924
6875,126.5603,,0,5.0,0.55,5,3,0,4.9973,0.0145,WARMING_UP,WARMING_UP,WARMING_UP,0.0,0,63.295
6876,126.575,,0,5.0,0.55,5,3,0,4.998,0.0145,WARMING_UP,WARMING_UP,WARMING_UP,0.0,0,63.913
6877,126.5894,,0,5.0,0.55,5,3,0,4.9966,0.0145,WARMING_UP,WARMING_UP,WARMING_UP,0.0,0,62.997
6878,126.6076,,0,5.0,0.55,5,3,0,4.9898,0.0145,WARMING_UP,WARMING_UP,WARMING_UP,0.0,0,64.301
6879,126.6213,,0,5.0,0.55,5,3,0,4.9883,0.0145,WARMING_UP,WARMING_UP,WARMING_UP,0.0,0,64.392
6880,126.6366,,0,5.0,0.55,5,3,0,4.9895,0.0145,WARMING_UP,WARMING_UP,WARMING_UP,0.0,0,65.06
6881,126.6642,,0,5.0,0.55,5,3,0,4.9911,0.0145,WARMING_UP,WARMING_UP,WARMING_UP,0.0,0,62.234
6882,126.6779,,0,5.0,0.55,5,3,0,4.9926,0.0145,WARMING_UP,WARMING_UP,WARMING_UP,0.0,0,62.507
6883,126.693,,0,5.0,0.55,5,3,0,4.9933,0.0145,WARMING_UP,WARMING_UP,WARMING_UP,0.0,0,63.64
6884,126.7063,,0,5.0,0.55,5,3,0,4.9923,0.0145,WARMING_UP,WARMING_UP,WARMING_UP,0.0,0,64.758
6885,126.7202,,0,5.0,0.55,5,3,0,4.9914,0.0145,WARMING_UP,WARMING_UP,WARMING_UP,0.0,0,64.935
6886,126.7349,,0,5.0,0.55,5,3,0,4.9941,0.0145,WARMING_UP,WARMING_UP,WARMING_UP,0.0,0,66.153
6887,126.7505,,0,5.0,0.55,5,3,0,4.9974,0.0145,WARMING_UP,WARMING_UP,WARMING_UP,0.0,0,65.87
6888,126.7669,,0,5.0,0.55,5,3,0,4.9828,0.0146,WARMING_UP,WARMING_UP,WARMING_UP,0.0,0,65.755
6889,126.8024,,0,5.0,0.55,5,3,0,4.9886,0.0146,WARMING_UP,WARMING_UP,WARMING_UP,0.0,0,61.803
6890,126.8172,,0,5.0,0.55,5,3,0,4.9909,0.0146,WARMING_UP,WARMING_UP,WARMING_UP,0.0,0,63.799
6891,126.8297,,0,5.0,0.55,5,3,0,4.9908,0.0146,WARMING_UP,WARMING_UP,WARMING_UP,0.0,0,65.344
6892,126.8418,,0,5.0,0.55,5,3,0,4.989,0.0146,WARMING_UP,WARMING_UP,WARMING_UP,0.0,0,63.838
6893,126.8626,,0,5.0,0.55,5,3,0,4.9963,0.0146,WARMING_UP,WARMING_UP,WARMING_UP,0.0,0,64.515
6894,126.8763,,0,5.0,0.55,5,3,0,4.9957,0.0146,WARMING_UP,WARMING_UP,WARMING_UP,0.0,0,62.121
6895,126.9034,,0,5.0,0.55,5,3,0,4.9899,0.0147,WARMING_UP,WARMING_UP,WARMING_UP,0.0,0,61.467
6896,126.9186,,0,5.0,0.55,5,3,0,4.992,0.0147,WARMING_UP,WARMING_UP,WARMING_UP,0.0,0,62.557
6897,126.9327,,0,5.0,0.55,5,3,0,4.9939,0.0147,WARMING_UP,WARMING_UP,WARMING_UP,0.0,0,64.427
6898,126.9454,,0,5.0,0.55,5,3,0,4.9921,0.0147,WARMING_UP,WARMING_UP,WARMING_UP,0.0,0,65.888
6899,126.9575,,0,5.0,0.55,5,3,0,4.9906,0.0147,WARMING_UP,WARMING_UP,WARMING_UP,0.0,0,65.999
6900,126.9723,,0,5.0,0.55,5,3,0,4.9881,0.0147,WARMING_UP,WARMING_UP,WARMING_UP,0.0,0,66.551
6901,126.9863,,0,5.0,0.55,5,3,0,4.9884,0.0147,WARMING_UP,WARMING_UP,WARMING_UP,0.0,0,66.457
6902,127.0015,,0,5.0,0.55,5,3,0,4.9874,0.0147,WARMING_UP,WARMING_UP,WARMING_UP,0.0,0,67.145
6903,127.0164,,0,5.0,0.55,5,3,0,4.9892,0.0147,WARMING_UP,WARMING_UP,WARMING_UP,0.0,0,66.192
6904,127.0327,,0,5.0,0.55,5,3,0,4.9929,0.0147,WARMING_UP,WARMING_UP,WARMING_UP,0.0,0,67.916
6905,127.051,,0,5.0,0.55,5,3,0,4.9977,0.0147,WARMING_UP,WARMING_UP,WARMING_UP,0.0,0,66.374
6906,127.0723,,0,5.0,0.55,5,3,0,4.9914,0.0147,WARMING_UP,WARMING_UP,WARMING_UP,0.0,0,64.055
6907,127.0867,,0,5.0,0.55,5,3,0,4.9927,0.0147,WARMING_UP,WARMING_UP,WARMING_UP,0.0,0,64.728
6908,127.1079,,0,5.0,0.55,5,3,0,4.9856,0.0147,WARMING_UP,WARMING_UP,WARMING_UP,0.0,0,63.015
6909,127.122,,0,5.0,0.55,5,3,0,4.9997,0.0147,WARMING_UP,WARMING_UP,WARMING_UP,0.0,0,63.319
6910,127.1372,,0,5.0,0.55,5,3,0,4.9937,0.0147,WARMING_UP,WARMING_UP,WARMING_UP,0.0,0,62.857
6911,127.1561,,0,5.0,0.55,5,3,0,4.9872,0.0147,WARMING_UP,WARMING_UP,WARMING_UP,0.0,0,62.628
6912,127.1705,,0,5.0,0.55,5,3,0,4.9883,0.0147,WARMING_UP,WARMING_UP,WARMING_UP,0.0,0,63.558
6913,127.1844,,0,5.0,0.55,5,3,0,4.9868,0.0147,WARMING_UP,WARMING_UP,WARMING_UP,0.0,0,65.249
6914,127.2001,,0,5.0,0.55,5,3,0,4.9858,0.0147,WARMING_UP,WARMING_UP,WARMING_UP,0.0,0,64.962
6915,127.2156,,0,5.0,0.55,5,3,0,4.988,0.0147,WARMING_UP,WARMING_UP,WARMING_UP,0.0,0,64.876
6916,127.229,,0,5.0,0.55,5,3,0,4.989,0.0147,WARMING_UP,WARMING_UP,WARMING_UP,0.0,0,65.636
6917,127.2513,,0,5.0,0.55,5,3,0,4.9979,0.0147,WARMING_UP,WARMING_UP,WARMING_UP,0.0,0,63.86
6918,127.264,,0,5.0,0.55,5,3,0,4.9973,0.0147,WARMING_UP,WARMING_UP,WARMING_UP,0.0,0,65.135
6919,127.2885,,0,5.0,0.55,5,3,0,4.995,0.0148,WARMING_UP,WARMING_UP,WARMING_UP,0.0,0,61.721
6920,127.3089,,0,5.0,0.55,5,3,0,4.9904,0.0148,WARMING_UP,WARMING_UP,WARMING_UP,0.0,0,62.624
6921,127.3226,,0,5.0,0.55,5,3,0,4.9892,0.0148,WARMING_UP,WARMING_UP,WARMING_UP,0.0,0,62.994
6922,127.3377,,0,5.0,0.55,5,3,0,4.9902,0.0148,WARMING_UP,WARMING_UP,WARMING_UP,0.0,0,63.707
6923,127.355,,0,5.0,0.55,5,3,0,4.9939,0.0148,WARMING_UP,WARMING_UP,WARMING_UP,0.0,0,62.905
6924,127.3746,,0,5.0,0.55,5,3,0,4.9889,0.0149,WARMING_UP,WARMING_UP,WARMING_UP,0.0,0,62.148
6925,127.388,,0,5.0,0.55,5,3,0,4.9894,0.0149,WARMING_UP,WARMING_UP,WARMING_UP,0.0,0,62.812
6926,127.4029,,0,5.0,0.55,5,3,0,4.9885,0.0149,WARMING_UP,WARMING_UP,WARMING_UP,0.0,0,64.479
6927,127.4192,,0,5.0,0.55,5,3,0,4.992,0.0149,WARMING_UP,WARMING_UP,WARMING_UP,0.0,0,63.993
6928,127.4346,,0,5.0,0.55,5,3,0,4.9951,0.0149,WARMING_UP,WARMING_UP,WARMING_UP,0.0,0,64.143
6929,127.4504,,0,5.0,0.55,5,3,0,4.9968,0.0149,WARMING_UP,WARMING_UP,WARMING_UP,0.0,0,64.238
6930,127.4679,,0,5.0,0.55,5,3,0,4.9865,0.0149,WARMING_UP,WARMING_UP,WARMING_UP,0.0,0,63.586
6931,127.4861,,0,5.0,0.55,5,3,0,4.9914,0.0149,WARMING_UP,WARMING_UP,WARMING_UP,0.0,0,62.602
6932,127.5032,,0,5.0,0.55,5,3,0,4.9958,0.0149,WARMING_UP,WARMING_UP,WARMING_UP,0.0,0,60.465
6933,127.5227,,0,5.0,0.55,5,3,0,4.9891,0.015,WARMING_UP,WARMING_UP,WARMING_UP,0.0,0,61.43
6934,127.5388,,0,5.0,0.55,5,3,0,4.9908,0.015,WARMING_UP,WARMING_UP,WARMING_UP,0.0,0,61.241
6935,127.5542,,0,5.0,0.55,5,3,0,4.9894,0.012,WARMING_UP,WARMING_UP,WARMING_UP,0.0,0,61.303
6936,127.5705,,0,5.0,0.55,5,3,0,4.9904,0.009,WARMING_UP,WARMING_UP,WARMING_UP,0.0,0,61.825
6937,127.5852,,0,5.0,0.55,5,3,0,4.991,0.006,WARMING_UP,WARMING_UP,WARMING_UP,0.0,0,63.916
6938,127.6081,,0,5.0,0.55,5,3,0,4.9891,0.006,WARMING_UP,WARMING_UP,WARMING_UP,0.0,0,61.676
6939,127.6215,,0,5.0,0.55,5,3,0,4.9878,0.006,WARMING_UP,WARMING_UP,WARMING_UP,0.0,0,62.145
6940,127.6368,,0,5.0,0.55,5,3,0,4.9895,0.006,WARMING_UP,WARMING_UP,WARMING_UP,0.0,0,61.659
6941,127.6544,,0,5.0,0.55,5,3,0,4.9926,0.003,WARMING_UP,WARMING_UP,WARMING_UP,0.0,0,61.482
6942,127.6708,,0,5.0,0.55,5,3,0,4.9965,0.003,WARMING_UP,WARMING_UP,WARMING_UP,0.0,0,60.199
6943,127.6968,,0,5.0,0.55,5,3,0,4.9952,0.0,WARMING_UP,WARMING_UP,WARMING_UP,0.0,0,59.72
6944,127.7125,,0,5.0,0.55,5,3,0,4.9966,0.0,WARMING_UP,WARMING_UP,WARMING_UP,0.0,0,59.96
6945,127.725,,0,5.0,0.55,5,3,0,4.9952,0.0,WARMING_UP,WARMING_UP,WARMING_UP,0.0,0,61.194
6946,127.7923,,0,5.0,0.55,5,3,0,4.9972,0.0,WARMING_UP,WARMING_UP,WARMING_UP,0.0,0,56.505
6947,127.8088,,0,5.0,0.55,5,3,0,4.9883,0.0,WARMING_UP,WARMING_UP,WARMING_UP,0.0,0,58.682
6948,127.8219,,0,5.0,0.55,5,3,0,4.9872,0.0,WARMING_UP,WARMING_UP,WARMING_UP,0.0,0,59.632
6949,127.8363,,0,5.0,0.55,5,3,0,4.9886,0.0,WARMING_UP,WARMING_UP,WARMING_UP,0.0,0,58.087
6950,127.8874,,0,5.0,0.55,5,3,0,4.987,0.0,WARMING_UP,WARMING_UP,WARMING_UP,0.0,0,54.691
6951,127.9008,,0,5.0,0.55,5,3,0,4.9855,0.0,WARMING_UP,WARMING_UP,WARMING_UP,0.0,0,57.326
6952,127.9135,,0,5.0,0.55,5,3,0,4.9982,0.0,WARMING_UP,WARMING_UP,WARMING_UP,0.0,0,56.738
6953,127.933,,0,5.0,0.55,5,3,0,4.9915,0.0,WARMING_UP,WARMING_UP,WARMING_UP,0.0,0,58.933
6954,127.9453,,0,5.0,0.55,5,3,0,4.9908,0.0,WARMING_UP,WARMING_UP,WARMING_UP,0.0,0,60.828
6955,127.9576,,0,5.0,0.55,5,3,0,4.9894,0.0,WARMING_UP,WARMING_UP,WARMING_UP,0.0,0,61.092
6956,127.9734,,0,5.0,0.55,5,3,0,4.9912,0.0,WARMING_UP,WARMING_UP,WARMING_UP,0.0,0,62.063
6957,127.9874,,0,5.0,0.55,5,3,0,4.9921,0.0,WARMING_UP,WARMING_UP,WARMING_UP,0.0,0,63.857
6958,128.001,,0,5.0,0.55,5,3,0,4.9926,0.0,WARMING_UP,WARMING_UP,WARMING_UP,0.0,0,65.004
6959,128.0135,,0,5.0,0.55,5,3,0,4.9929,0.0,WARMING_UP,WARMING_UP,WARMING_UP,0.0,0,66.636
6960,128.0255,,0,5.0,0.55,5,3,0,4.9918,0.0,WARMING_UP,WARMING_UP,WARMING_UP,0.0,0,64.887
6961,128.0464,,0,5.0,0.55,5,3,0,4.9989,0.0,WARMING_UP,WARMING_UP,WARMING_UP,0.0,0,66.214
6962,128.0587,,0,5.0,0.55,5,3,0,4.9972,0.0,WARMING_UP,WARMING_UP,WARMING_UP,0.0,0,66.138
6963,128.074,,0,5.0,0.55,5,3,0,4.9927,0.0,WARMING_UP,WARMING_UP,WARMING_UP,0.0,0,66.364
6964,128.0886,,0,5.0,0.55,5,3,0,4.9936,0.0,WARMING_UP,WARMING_UP,WARMING_UP,0.0,0,67.489
6965,128.1018,,0,5.0,0.55,5,3,0,4.9944,0.0,WARMING_UP,WARMING_UP,WARMING_UP,0.0,0,65.466
6966,128.1226,,0,5.0,0.55,5,3,0,4.9889,0.0,WARMING_UP,WARMING_UP,WARMING_UP,0.0,0,65.59
6967,128.1377,,0,5.0,0.55,5,3,0,4.9899,0.0,WARMING_UP,WARMING_UP,WARMING_UP,0.0,0,65.459
6968,128.1534,,0,5.0,0.55,5,3,0,4.9919,0.0,WARMING_UP,WARMING_UP,WARMING_UP,0.0,0,64.462
6969,128.1712,,0,5.0,0.55,5,3,0,4.9972,0.0,WARMING_UP,WARMING_UP,WARMING_UP,0.0,0,64.814
6970,128.186,,0,5.0,0.55,5,3,0,4.9995,0.0,WARMING_UP,WARMING_UP,WARMING_UP,0.0,0,66.587
6971,128.1984,,0,5.0,0.55,5,3,0,4.9982,0.0,WARMING_UP,WARMING_UP,WARMING_UP,0.0,0,67.84
6972,128.2108,,0,5.0,0.55,5,3,0,4.997,0.0,WARMING_UP,WARMING_UP,WARMING_UP,0.0,0,68.005
6973,128.2251,,0,5.0,0.55,5,3,0,4.9982,0.0,WARMING_UP,WARMING_UP,WARMING_UP,0.0,0,68.16
6974,128.2394,,0,5.0,0.55,5,3,0,4.9852,0.0,WARMING_UP,WARMING_UP,WARMING_UP,0.0,0,68.131
6975,128.2543,,0,5.0,0.55,5,3,0,4.9869,0.0,WARMING_UP,WARMING_UP,WARMING_UP,0.0,0,68.466
6976,128.2682,,0,5.0,0.55,5,3,0,4.9872,0.0,WARMING_UP,WARMING_UP,WARMING_UP,0.0,0,69.924
6977,128.2801,,0,5.0,0.55,5,3,0,4.999,0.0,WARMING_UP,WARMING_UP,WARMING_UP,0.0,0,70.681
6978,128.2931,,0,5.0,0.55,5,3,0,4.9987,0.0,WARMING_UP,WARMING_UP,WARMING_UP,0.0,0,68.882
6979,128.3126,,0,5.0,0.55,5,3,0,4.9926,0.0,WARMING_UP,WARMING_UP,WARMING_UP,0.0,0,69.275
6980,128.3258,,0,5.0,0.55,5,3,0,4.9922,0.0,WARMING_UP,WARMING_UP,WARMING_UP,0.0,0,69.479
6981,128.34,,0,5.0,0.55,5,3,0,4.9923,0.0,WARMING_UP,WARMING_UP,WARMING_UP,0.0,0,69.435
6982,128.3551,,0,5.0,0.55,5,3,0,4.9932,0.0,WARMING_UP,WARMING_UP,WARMING_UP,0.0,0,69.297
6983,128.3691,,0,5.0,0.55,5,3,0,4.9944,0.0,WARMING_UP,WARMING_UP,WARMING_UP,0.0,0,70.203
6984,128.3821,,0,5.0,0.55,5,3,0,4.995,0.0,WARMING_UP,WARMING_UP,WARMING_UP,0.0,0,70.376
6985,128.396,,0,5.0,0.55,5,3,0,4.9948,0.0,WARMING_UP,WARMING_UP,WARMING_UP,0.0,0,70.497
6986,128.4099,,0,5.0,0.55,5,3,0,4.9954,0.0,WARMING_UP,WARMING_UP,WARMING_UP,0.0,0,70.998
6987,128.4229,,0,5.0,0.55,5,3,0,4.9957,0.0,WARMING_UP,WARMING_UP,WARMING_UP,0.0,0,70.446
6988,128.4416,,0,5.0,0.55,5,3,0,4.9884,0.0,WARMING_UP,WARMING_UP,WARMING_UP,0.0,0,67.852
6989,128.4606,,0,5.0,0.55,5,3,0,4.9939,0.0,WARMING_UP,WARMING_UP,WARMING_UP,0.0,0,68.314
6990,128.4744,,0,5.0,0.55,5,3,0,4.9873,0.0,WARMING_UP,WARMING_UP,WARMING_UP,0.0,0,68.277
6991,128.4898,,0,5.0,0.55,5,3,0,4.9884,0.0,WARMING_UP,WARMING_UP,WARMING_UP,0.0,0,67.989
6992,128.5049,,0,5.0,0.55,5,3,0,4.9891,0.0,WARMING_UP,WARMING_UP,WARMING_UP,0.0,0,66.906
6993,128.5281,,0,5.0,0.55,5,3,0,4.9975,0.0,WARMING_UP,WARMING_UP,WARMING_UP,0.0,0,65.232
6994,128.5423,,0,5.0,0.55,5,3,0,4.9993,0.0,WARMING_UP,WARMING_UP,WARMING_UP,0.0,0,66.056
6995,128.5556,,0,5.0,0.55,5,3,0,4.9994,0.0,WARMING_UP,WARMING_UP,WARMING_UP,0.0,0,66.359
6996,128.57,,0,5.0,0.55,5,3,0,4.9831,0.0,WARMING_UP,WARMING_UP,WARMING_UP,0.0,0,67.249
6997,128.584,,0,5.0,0.55,5,3,0,4.9972,0.0,WARMING_UP,WARMING_UP,WARMING_UP,0.0,0,67.744
6998,128.6054,,0,5.0,0.55,5,3,0,4.9902,0.0,WARMING_UP,WARMING_UP,WARMING_UP,0.0,0,65.525
6999,128.6191,,0,5.0,0.55,5,3,0,4.9902,0.0,WARMING_UP,WARMING_UP,WARMING_UP,0.0,0,66.703
7000,128.6328,,0,5.0,0.55,5,3,0,4.9827,0.0,WARMING_UP,WARMING_UP,WARMING_UP,0.0,0,66.153
7001,128.6519,,0,5.0,0.55,5,3,0,4.9869,0.0,WARMING_UP,WARMING_UP,WARMING_UP,0.0,0,65.767
7002,128.665,,0,5.0,0.55,5,3,0,4.9999,0.0,WARMING_UP,WARMING_UP,WARMING_UP,0.0,0,66.447
7003,128.6829,,0,5.0,0.55,5,3,0,4.9906,0.0,WARMING_UP,WARMING_UP,WARMING_UP,0.0,0,65.713
7004,128.7055,,0,5.0,0.55,5,3,0,4.9878,0.0,WARMING_UP,WARMING_UP,WARMING_UP,0.0,0,63.116
7005,128.721,,0,5.0,0.55,5,3,0,4.9868,0.0,WARMING_UP,WARMING_UP,WARMING_UP,0.0,0,64.345
7006,128.7344,,0,5.0,0.55,5,3,0,4.9858,0.0,WARMING_UP,WARMING_UP,WARMING_UP,0.0,0,65.031
7007,128.7501,,0,5.0,0.55,5,3,0,4.9879,0.0,WARMING_UP,WARMING_UP,WARMING_UP,0.0,0,65.348
7008,128.7625,,0,5.0,0.55,5,3,0,4.9875,0.0,WARMING_UP,WARMING_UP,WARMING_UP,0.0,0,66.407
7009,128.7796,,0,5.0,0.55,5,3,0,4.9923,0.0,WARMING_UP,WARMING_UP,WARMING_UP,0.0,0,65.79
7010,128.7977,,0,5.0,0.55,5,3,0,4.9964,0.0,WARMING_UP,WARMING_UP,WARMING_UP,0.0,0,64.882
7011,128.8166,,0,5.0,0.55,5,3,0,4.9853,0.0,WARMING_UP,WARMING_UP,WARMING_UP,0.0,0,63.712
7012,128.8409,,0,5.0,0.55,5,3,0,4.9965,0.0,WARMING_UP,WARMING_UP,WARMING_UP,0.0,0,61.13
7013,128.8551,,0,5.0,0.55,5,3,0,4.997,0.0,WARMING_UP,WARMING_UP,WARMING_UP,0.0,0,61.523
7014,128.8703,,0,5.0,0.55,5,3,0,4.987,0.0,WARMING_UP,WARMING_UP,WARMING_UP,0.0,0,63.283
7015,128.8886,,0,5.0,0.55,5,3,0,4.9907,0.0,WARMING_UP,WARMING_UP,WARMING_UP,0.0,0,61.887
7016,128.9034,,0,5.0,0.55,5,3,0,4.9884,0.0,WARMING_UP,WARMING_UP,WARMING_UP,0.0,0,63.452
7017,128.9175,,0,5.0,0.55,5,3,0,4.9889,0.0,WARMING_UP,WARMING_UP,WARMING_UP,0.0,0,63.223
7018,128.9333,,0,5.0,0.55,5,3,0,4.9918,0.0,WARMING_UP,WARMING_UP,WARMING_UP,0.0,0,61.586
7019,128.9538,,0,5.0,0.55,5,3,0,4.9859,0.0,WARMING_UP,WARMING_UP,WARMING_UP,0.0,0,63.677
7020,128.9665,,0,5.0,0.55,5,3,0,4.9986,0.0,WARMING_UP,WARMING_UP,WARMING_UP,0.0,0,64.974
7021,128.9854,,0,5.0,0.55,5,3,0,4.9894,0.0,WARMING_UP,WARMING_UP,WARMING_UP,0.0,0,63.666
7022,129.0015,,0,5.0,0.55,5,3,0,4.9931,0.0,WARMING_UP,WARMING_UP,WARMING_UP,0.0,0,63.782
7023,129.0156,,0,5.0,0.55,5,3,0,4.9953,0.0,WARMING_UP,WARMING_UP,WARMING_UP,0.0,0,64.129
7024,129.041,,0,5.0,0.55,5,3,0,4.9901,0.0,WARMING_UP,WARMING_UP,WARMING_UP,0.0,0,60.994
7025,129.0591,,0,5.0,0.55,5,3,0,4.9927,0.0,WARMING_UP,WARMING_UP,WARMING_UP,0.0,0,61.867
7026,129.0733,,0,5.0,0.55,5,3,0,4.9928,0.0,WARMING_UP,WARMING_UP,WARMING_UP,0.0,0,62.653
7027,129.0879,,0,5.0,0.55,5,3,0,4.9951,0.0,WARMING_UP,WARMING_UP,WARMING_UP,0.0,0,64.052
7028,129.1016,,0,5.0,0.55,5,3,0,4.9967,0.0,WARMING_UP,WARMING_UP,WARMING_UP,0.0,0,65.146
7029,129.1176,,0,5.0,0.55,5,3,0,4.9996,0.0,WARMING_UP,WARMING_UP,WARMING_UP,0.0,0,64.332
7030,129.1322,,0,5.0,0.55,5,3,0,4.9971,0.0,WARMING_UP,WARMING_UP,WARMING_UP,0.0,0,65.504
7031,129.1491,,0,5.0,0.55,5,3,0,4.9999,0.0,WARMING_UP,WARMING_UP,WARMING_UP,0.0,0,64.624
7032,129.1663,,0,5.0,0.55,5,3,0,4.9914,0.0,WARMING_UP,WARMING_UP,WARMING_UP,0.0,0,64.321
7033,129.1856,,0,5.0,0.55,5,3,0,4.99,0.0,WARMING_UP,WARMING_UP,WARMING_UP,0.0,0,61.611
7034,129.2055,,0,5.0,0.55,5,3,0,4.9972,0.0,WARMING_UP,WARMING_UP,WARMING_UP,0.0,0,61.679
7035,129.2216,,0,5.0,0.55,5,3,0,4.9875,0.0,WARMING_UP,WARMING_UP,WARMING_UP,0.0,0,63.311
7036,129.2346,,0,5.0,0.55,5,3,0,4.9866,0.0,WARMING_UP,WARMING_UP,WARMING_UP,0.0,0,64.478
7037,129.2501,,0,5.0,0.55,5,3,0,4.9898,0.0,WARMING_UP,WARMING_UP,WARMING_UP,0.0,0,62.33
7038,129.2711,,0,5.0,0.55,5,3,0,4.9987,0.0,WARMING_UP,WARMING_UP,WARMING_UP,0.0,0,64.348
7039,129.2843,,0,5.0,0.55,5,3,0,4.9997,0.0,WARMING_UP,WARMING_UP,WARMING_UP,0.0,0,65.412
7040,129.3017,,0,5.0,0.55,5,3,0,4.9868,0.0,WARMING_UP,WARMING_UP,WARMING_UP,0.0,0,64.675
7041,129.32,,0,5.0,0.55,5,3,0,4.9919,0.0,WARMING_UP,WARMING_UP,WARMING_UP,0.0,0,63.458
7042,129.3528,,0,5.0,0.55,5,3,0,4.9992,0.0,WARMING_UP,WARMING_UP,WARMING_UP,0.0,0,60.226
7043,129.3652,,0,5.0,0.55,5,3,0,4.9971,0.0,WARMING_UP,WARMING_UP,WARMING_UP,0.0,0,58.828
7044,129.3864,,0,5.0,0.55,5,3,0,4.9864,0.0,WARMING_UP,WARMING_UP,WARMING_UP,0.0,0,61.532
7045,129.3985,,0,5.0,0.55,5,3,0,4.9985,0.0,WARMING_UP,WARMING_UP,WARMING_UP,0.0,0,59.643
7046,129.4215,,0,5.0,0.55,5,3,0,4.995,0.0,WARMING_UP,WARMING_UP,WARMING_UP,0.0,0,61.874
7047,129.4345,,0,5.0,0.55,5,3,0,4.996,0.0,WARMING_UP,WARMING_UP,WARMING_UP,0.0,0,63.404
7048,129.4467,,0,5.0,0.55,5,3,0,4.9946,0.0,WARMING_UP,WARMING_UP,WARMING_UP,0.0,0,64.183
7049,129.461,,0,5.0,0.55,5,3,0,4.9942,0.0,WARMING_UP,WARMING_UP,WARMING_UP,0.0,0,64.598
7050,129.4753,,0,5.0,0.55,5,3,0,4.9958,0.0,WARMING_UP,WARMING_UP,WARMING_UP,0.0,0,63.614
7051,129.4936,,0,5.0,0.55,5,3,0,4.989,0.0,WARMING_UP,WARMING_UP,WARMING_UP,0.0,0,64.152
7052,129.5082,,0,5.0,0.55,5,3,0,4.9897,0.0,WARMING_UP,WARMING_UP,WARMING_UP,0.0,0,64.948
7053,129.522,,0,5.0,0.55,5,3,0,4.9882,0.0,WARMING_UP,WARMING_UP,WARMING_UP,0.0,0,65.724
7054,129.5418,,0,5.0,0.55,5,3,0,4.9934,0.0,WARMING_UP,WARMING_UP,WARMING_UP,0.0,0,64.123
7055,129.5558,,0,5.0,0.55,5,3,0,4.9948,0.0,WARMING_UP,WARMING_UP,WARMING_UP,0.0,0,65.969
7056,129.5709,,0,5.0,0.55,5,3,0,4.9956,0.0,WARMING_UP,WARMING_UP,WARMING_UP,0.0,0,65.985
7057,129.5848,,0,5.0,0.55,5,3,0,4.9892,0.0,WARMING_UP,WARMING_UP,WARMING_UP,0.0,0,66.671
7058,129.6043,,0,5.0,0.55,5,3,0,4.995,0.0,WARMING_UP,WARMING_UP,WARMING_UP,0.0,0,65.117
7059,129.6179,,0,5.0,0.55,5,3,0,4.9964,0.0,WARMING_UP,WARMING_UP,WARMING_UP,0.0,0,64.838
7060,129.6348,,0,5.0,0.55,5,3,0,4.9998,0.0,WARMING_UP,WARMING_UP,WARMING_UP,0.0,0,65.23
7061,129.654,,0,5.0,0.55,5,3,0,4.9912,0.0,WARMING_UP,WARMING_UP,WARMING_UP,0.0,0,63.623
7062,129.6704,,0,5.0,0.55,5,3,0,4.9946,0.0,WARMING_UP,WARMING_UP,WARMING_UP,0.0,0,63.544
7063,129.6846,,0,5.0,0.55,5,3,0,4.9967,0.0,WARMING_UP,WARMING_UP,WARMING_UP,0.0,0,61.76
7064,129.7089,,0,5.0,0.55,5,3,0,4.9923,0.0,WARMING_UP,WARMING_UP,WARMING_UP,0.0,0,61.207
7065,129.723,,0,5.0,0.55,5,3,0,4.9885,0.0,WARMING_UP,WARMING_UP,WARMING_UP,0.0,0,60.786
7066,129.7408,,0,5.0,0.55,5,3,0,4.9916,0.0,WARMING_UP,WARMING_UP,WARMING_UP,0.0,0,61.681
7067,129.7548,,0,5.0,0.55,5,3,0,4.9915,0.0,WARMING_UP,WARMING_UP,WARMING_UP,0.0,0,61.947
7068,129.8356,,0,5.0,0.55,5,3,0,4.9927,0.0,WARMING_UP,WARMING_UP,WARMING_UP,0.0,0,57.046
7069,129.8479,,0,5.0,0.55,5,3,0,4.9921,0.0,WARMING_UP,WARMING_UP,WARMING_UP,0.0,0,59.13
7070,129.8608,,0,5.0,0.55,5,3,0,4.9913,0.0,WARMING_UP,WARMING_UP,WARMING_UP,0.0,0,58.119
7071,129.8813,,0,5.0,0.55,5,3,0,4.9981,0.0,WARMING_UP,WARMING_UP,WARMING_UP,0.0,0,60.224
7072,129.8938,,0,5.0,0.55,5,3,0,4.9979,0.0,WARMING_UP,WARMING_UP,WARMING_UP,0.0,0,61.439
7073,129.9073,,0,5.0,0.55,5,3,0,4.9906,0.0,WARMING_UP,WARMING_UP,WARMING_UP,0.0,0,61.974
7074,129.9356,,0,5.0,0.55,5,3,0,4.9864,0.0,WARMING_UP,WARMING_UP,WARMING_UP,0.0,0,59.53
7075,129.9493,,0,5.0,0.55,5,3,0,4.9794,0.0,WARMING_UP,WARMING_UP,WARMING_UP,0.0,0,61.607
7076,129.9617,,0,5.0,0.55,5,3,0,4.9918,0.0,WARMING_UP,WARMING_UP,WARMING_UP,0.0,0,62.602
7077,129.9753,,0,5.0,0.55,5,3,0,4.9915,0.0,WARMING_UP,WARMING_UP,WARMING_UP,0.0,0,64.113
7078,129.9882,,0,5.0,0.55,5,3,0,4.9903,0.0,WARMING_UP,WARMING_UP,WARMING_UP,0.0,0,65.533
7079,130.0019,,0,5.0,0.55,5,3,0,4.9886,0.0,WARMING_UP,WARMING_UP,WARMING_UP,0.0,0,66.036
7080,130.0152,,0,5.0,0.55,5,3,0,4.9893,0.0,WARMING_UP,WARMING_UP,WARMING_UP,0.0,0,67.623
7081,130.0273,,0,5.0,0.55,5,3,0,4.9803,0.0,WARMING_UP,WARMING_UP,WARMING_UP,0.0,0,68.022
7082,130.0416,,0,5.0,0.55,5,3,0,4.9946,0.0,WARMING_UP,WARMING_UP,WARMING_UP,0.0,0,68.331
7083,130.0554,,0,5.0,0.55,5,3,0,4.9954,0.0,WARMING_UP,WARMING_UP,WARMING_UP,0.0,0,69.213
7084,130.0691,,0,5.0,0.55,5,3,0,4.9964,0.0,WARMING_UP,WARMING_UP,WARMING_UP,0.0,0,70.023
7085,130.0816,,0,5.0,0.55,5,3,0,4.9949,0.0,WARMING_UP,WARMING_UP,WARMING_UP,0.0,0,70.974
7086,130.0938,,0,5.0,0.55,5,3,0,4.9926,0.0,WARMING_UP,WARMING_UP,WARMING_UP,0.0,0,70.914
7087,130.1082,,0,5.0,0.55,5,3,0,4.9941,0.0,WARMING_UP,WARMING_UP,WARMING_UP,0.0,0,70.827
7088,130.1223,,0,5.0,0.55,5,3,0,4.9903,0.0,WARMING_UP,WARMING_UP,WARMING_UP,0.0,0,69.192
7089,130.1408,,0,5.0,0.55,5,3,0,4.9944,0.0,WARMING_UP,WARMING_UP,WARMING_UP,0.0,0,68.639
7090,130.1564,,0,5.0,0.55,5,3,0,4.9969,0.0,WARMING_UP,WARMING_UP,WARMING_UP,0.0,0,67.649
7091,130.1735,,0,5.0,0.55,5,3,0,4.9794,0.0,WARMING_UP,WARMING_UP,WARMING_UP,0.0,0,67.3
7092,130.189,,0,5.0,0.55,5,3,0,4.9949,0.0,WARMING_UP,WARMING_UP,WARMING_UP,0.0,0,68.658
7093,130.2021,,0,5.0,0.55,5,3,0,4.9957,0.0,WARMING_UP,WARMING_UP,WARMING_UP,0.0,0,69.335
7094,130.2148,,0,5.0,0.55,5,3,0,4.9949,0.0,WARMING_UP,WARMING_UP,WARMING_UP,0.0,0,69.736
7095,130.2292,,0,5.0,0.55,5,3,0,4.9954,0.0,WARMING_UP,WARMING_UP,WARMING_UP,0.0,0,69.774
7096,130.2425,,0,5.0,0.55,5,3,0,4.9932,0.0,WARMING_UP,WARMING_UP,WARMING_UP,0.0,0,69.939
7097,130.2569,,0,5.0,0.55,5,3,0,4.9947,0.0,WARMING_UP,WARMING_UP,WARMING_UP,0.0,0,68.814
7098,130.286,,0,5.0,0.55,5,3,0,4.9989,0.0,WARMING_UP,WARMING_UP,WARMING_UP,0.0,0,66.009
7099,130.2985,,0,5.0,0.55,5,3,0,4.9936,0.0,WARMING_UP,WARMING_UP,WARMING_UP,0.0,0,65.855
7100,130.3142,,0,5.0,0.55,5,3,0,4.9948,0.0,WARMING_UP,WARMING_UP,WARMING_UP,0.0,0,66.772
7101,130.3271,,0,5.0,0.55,5,3,0,4.9925,0.0,WARMING_UP,WARMING_UP,WARMING_UP,0.0,0,66.807
7102,130.342,,0,5.0,0.55,5,3,0,4.9944,0.0,WARMING_UP,WARMING_UP,WARMING_UP,0.0,0,67.243
7103,130.3575,,0,5.0,0.55,5,3,0,4.9966,0.0,WARMING_UP,WARMING_UP,WARMING_UP,0.0,0,64.808
7104,130.3799,,0,5.0,0.55,5,3,0,4.9918,0.0,WARMING_UP,WARMING_UP,WARMING_UP,0.0,0,65.426
7105,130.3934,,0,5.0,0.55,5,3,0,4.9906,0.0,WARMING_UP,WARMING_UP,WARMING_UP,0.0,0,65.685
7106,130.4083,,0,5.0,0.55,5,3,0,4.9911,0.0,WARMING_UP,WARMING_UP,WARMING_UP,0.0,0,65.089
7107,130.4251,,0,5.0,0.55,5,3,0,4.9905,0.0,WARMING_UP,WARMING_UP,WARMING_UP,0.0,0,65.347
7108,130.4395,,0,5.0,0.55,5,3,0,4.9894,0.0,WARMING_UP,WARMING_UP,WARMING_UP,0.0,0,64.601
7109,130.4568,,0,5.0,0.55,5,3,0,4.9928,0.0,WARMING_UP,WARMING_UP,WARMING_UP,0.0,0,64.03
7110,130.4739,,0,5.0,0.55,5,3,0,4.9976,0.0,WARMING_UP,WARMING_UP,WARMING_UP,0.0,0,64.416
7111,130.4907,,0,5.0,0.55,5,3,0,4.9876,0.0,WARMING_UP,WARMING_UP,WARMING_UP,0.0,0,63.616
7112,130.5062,,0,5.0,0.55,5,3,0,4.9883,0.0,WARMING_UP,WARMING_UP,WARMING_UP,0.0,0,65.0
7113,130.5197,,0,5.0,0.55,5,3,0,4.9859,0.0,WARMING_UP,WARMING_UP,WARMING_UP,0.0,0,65.827
7114,130.5375,,0,5.0,0.55,5,3,0,4.9903,0.0,WARMING_UP,WARMING_UP,WARMING_UP,0.0,0,62.939
7115,130.5619,,0,5.0,0.55,5,3,0,4.9884,0.0,WARMING_UP,WARMING_UP,WARMING_UP,0.0,0,62.809
7116,130.5763,,0,5.0,0.55,5,3,0,4.9894,0.0,WARMING_UP,WARMING_UP,WARMING_UP,0.0,0,62.896
7117,130.5922,,0,5.0,0.55,5,3,0,4.9851,0.0,WARMING_UP,WARMING_UP,WARMING_UP,0.0,0,62.799
7118,130.6083,,0,5.0,0.55,5,3,0,4.9883,0.0,WARMING_UP,WARMING_UP,WARMING_UP,0.0,0,62.844
7119,130.6375,,0,5.0,0.55,5,3,0,4.9708,0.0,WARMING_UP,WARMING_UP,WARMING_UP,0.0,0,60.0
7120,130.6531,,0,5.0,0.55,5,3,0,4.9863,0.0,WARMING_UP,WARMING_UP,WARMING_UP,0.0,0,62.069
7121,130.6656,,0,5.0,0.55,5,3,0,4.9989,0.0,WARMING_UP,WARMING_UP,WARMING_UP,0.0,0,63.501
7122,130.6786,,0,5.0,0.55,5,3,0,4.9985,0.0,WARMING_UP,WARMING_UP,WARMING_UP,0.0,0,61.853
7123,130.6998,,0,5.0,0.55,5,3,0,4.9938,0.0,WARMING_UP,WARMING_UP,WARMING_UP,0.0,0,62.261
7124,130.7153,,0,5.0,0.55,5,3,0,4.9955,0.0,WARMING_UP,WARMING_UP,WARMING_UP,0.0,0,61.136
7125,130.7351,,0,5.0,0.55,5,3,0,4.9848,0.0,WARMING_UP,WARMING_UP,WARMING_UP,0.0,0,62.558
7126,130.7478,,0,5.0,0.55,5,3,0,4.9975,0.0,WARMING_UP,WARMING_UP,WARMING_UP,0.0,0,63.951
7127,130.7607,,0,5.0,0.55,5,3,0,4.9975,0.0,WARMING_UP,WARMING_UP,WARMING_UP,0.0,0,64.659
7128,130.7751,,0,5.0,0.55,5,3,0,4.9925,0.0,WARMING_UP,WARMING_UP,WARMING_UP,0.0,0,65.133
7129,130.7893,,0,5.0,0.55,5,3,0,4.9893,0.0,WARMING_UP,WARMING_UP,WARMING_UP,0.0,0,65.567
7130,130.8037,,0,5.0,0.55,5,3,0,4.9782,0.0,WARMING_UP,WARMING_UP,WARMING_UP,0.0,0,67.042
7131,130.8174,,0,5.0,0.55,5,3,0,4.9919,0.0,WARMING_UP,WARMING_UP,WARMING_UP,0.0,0,66.516
7132,130.8344,,0,5.0,0.55,5,3,0,4.9949,0.0,WARMING_UP,WARMING_UP,WARMING_UP,0.0,0,66.111
7133,130.8581,,0,5.0,0.55,5,3,0,4.98,0.0,WARMING_UP,WARMING_UP,WARMING_UP,0.0,0,63.44
7134,130.8736,,0,5.0,0.55,5,3,0,4.9955,0.0,WARMING_UP,WARMING_UP,WARMING_UP,0.0,0,64.066
7135,130.9091,,0,5.0,0.55,5,3,0,4.9985,0.0,WARMING_UP,WARMING_UP,WARMING_UP,0.0,0,60.524
7136,130.9228,,0,5.0,0.55,5,3,0,4.9961,0.0,WARMING_UP,WARMING_UP,WARMING_UP,0.0,0,62.616
7137,130.936,,0,5.0,0.55,5,3,0,4.9963,0.0,WARMING_UP,WARMING_UP,WARMING_UP,0.0,0,64.037
7138,130.9483,,0,5.0,0.55,5,3,0,4.9314,0.0,WARMING_UP,WARMING_UP,WARMING_UP,0.0,0,65.275
7139,130.9617,,0,5.0,0.55,5,3,0,4.9449,0.0,WARMING_UP,WARMING_UP,WARMING_UP,0.0,0,65.601
7140,130.9758,,0,5.0,0.55,5,3,0,4.9589,0.0,WARMING_UP,WARMING_UP,WARMING_UP,0.0,0,66.045
7141,130.9902,,0,5.0,0.55,5,3,0,4.9733,0.0,WARMING_UP,WARMING_UP,WARMING_UP,0.0,0,67.056
7142,131.0038,,0,5.0,0.55,5,3,0,4.9869,0.0,WARMING_UP,WARMING_UP,WARMING_UP,0.0,0,67.954
7143,131.0167,,0,5.0,0.55,5,3,0,4.9998,0.0,WARMING_UP,WARMING_UP,WARMING_UP,0.0,0,69.098
7144,131.034,,0,5.0,0.55,5,3,0,4.9976,0.0,WARMING_UP,WARMING_UP,WARMING_UP,0.0,0,67.892
7145,131.0526,,0,5.0,0.55,5,3,0,4.9969,0.0,WARMING_UP,WARMING_UP,WARMING_UP,0.0,0,66.189
7146,131.0681,,0,5.0,0.55,5,3,0,4.9984,0.0,WARMING_UP,WARMING_UP,WARMING_UP,0.0,0,65.773
7147,131.0876,,0,5.0,0.55,5,3,0,4.992,0.0,WARMING_UP,WARMING_UP,WARMING_UP,0.0,0,64.798
7148,131.1021,,0,5.0,0.55,5,3,0,4.9894,0.0,WARMING_UP,WARMING_UP,WARMING_UP,0.0,0,64.839
7149,131.1192,,0,5.0,0.55,5,3,0,4.9933,0.0,WARMING_UP,WARMING_UP,WARMING_UP,0.0,0,64.142
7150,131.1346,,0,5.0,0.55,5,3,0,4.9952,0.0,WARMING_UP,WARMING_UP,WARMING_UP,0.0,0,64.563
7151,131.1584,,0,5.0,0.55,5,3,0,4.9861,0.0,WARMING_UP,WARMING_UP,WARMING_UP,0.0,0,61.855
7152,131.174,,0,5.0,0.55,5,3,0,4.9886,0.0,WARMING_UP,WARMING_UP,WARMING_UP,0.0,0,63.546
7153,131.1872,,0,5.0,0.55,5,3,0,4.9886,0.0,WARMING_UP,WARMING_UP,WARMING_UP,0.0,0,65.062
7154,131.1998,,0,5.0,0.55,5,3,0,4.9878,0.0,WARMING_UP,WARMING_UP,WARMING_UP,0.0,0,63.073
7155,131.2216,,0,5.0,0.55,5,3,0,4.9969,0.0,WARMING_UP,WARMING_UP,WARMING_UP,0.0,0,64.957
7156,131.234,,0,5.0,0.55,5,3,0,4.996,0.0,WARMING_UP,WARMING_UP,WARMING_UP,0.0,0,66.451
7157,131.252,,0,5.0,0.55,5,3,0,4.9988,0.0,WARMING_UP,WARMING_UP,WARMING_UP,0.0,0,65.279
7158,131.2665,,0,5.0,0.55,5,3,0,4.9984,0.0,WARMING_UP,WARMING_UP,WARMING_UP,0.0,0,63.706
7159,131.2853,,0,5.0,0.55,5,3,0,4.9924,0.0,WARMING_UP,WARMING_UP,WARMING_UP,0.0,0,64.451
7160,131.307,,0,5.0,0.55,5,3,0,4.9878,0.0,WARMING_UP,WARMING_UP,WARMING_UP,0.0,0,62.366
7161,131.3217,,0,5.0,0.55,5,3,0,4.9891,0.0,WARMING_UP,WARMING_UP,WARMING_UP,0.0,0,64.341
7162,131.334,,0,5.0,0.55,5,3,0,4.9894,0.0,WARMING_UP,WARMING_UP,WARMING_UP,0.0,0,66.077
7163,131.3518,,0,5.0,0.55,5,3,0,4.9936,0.0,WARMING_UP,WARMING_UP,WARMING_UP,0.0,0,65.007
7164,131.3684,,0,5.0,0.55,5,3,0,4.9957,0.0,WARMING_UP,WARMING_UP,WARMING_UP,0.0,0,64.547
7165,131.3826,,0,5.0,0.55,5,3,0,4.9967,0.0,WARMING_UP,WARMING_UP,WARMING_UP,0.0,0,65.314
7166,131.4486,,0,5.0,0.55,5,3,0,4.9853,0.0,WARMING_UP,WARMING_UP,WARMING_UP,0.0,0,60.291
7167,131.461,,0,5.0,0.55,5,3,0,4.9977,0.0,WARMING_UP,WARMING_UP,WARMING_UP,0.0,0,60.922
7168,131.4759,,0,5.0,0.55,5,3,0,4.9926,0.0,WARMING_UP,WARMING_UP,WARMING_UP,0.0,0,61.679
7169,131.4907,,0,5.0,0.55,5,3,0,4.9924,0.0,WARMING_UP,WARMING_UP,WARMING_UP,0.0,0,63.427
7170,131.5038,,0,5.0,0.55,5,3,0,4.9808,0.0,WARMING_UP,WARMING_UP,WARMING_UP,0.0,0,65.079
7171,131.5157,,0,5.0,0.55,5,3,0,4.9927,0.0,WARMING_UP,WARMING_UP,WARMING_UP,0.0,0,66.529
7172,131.5281,,0,5.0,0.55,5,3,0,4.9911,0.0,WARMING_UP,WARMING_UP,WARMING_UP,0.0,0,67.115
7173,131.542,,0,5.0,0.55,5,3,0,4.9817,0.0,WARMING_UP,WARMING_UP,WARMING_UP,0.0,0,68.516
7174,131.5544,,0,5.0,0.55,5,3,0,4.9941,0.0,WARMING_UP,WARMING_UP,WARMING_UP,0.0,0,69.976
7175,131.5666,,0,5.0,0.55,5,3,0,4.9915,0.0,WARMING_UP,WARMING_UP,WARMING_UP,0.0,0,70.554
7176,131.5795,,0,5.0,0.55,5,3,0,4.9901,0.0,WARMING_UP,WARMING_UP,WARMING_UP,0.0,0,71.073
7177,131.5928,,0,5.0,0.55,5,3,0,4.9851,0.0,WARMING_UP,WARMING_UP,WARMING_UP,0.0,0,70.671
7178,131.6336,,0,5.0,0.55,5,3,0,4.9969,0.0,WARMING_UP,WARMING_UP,WARMING_UP,0.0,0,66.182
7179,131.6467,,0,5.0,0.55,5,3,0,4.9825,0.0,WARMING_UP,WARMING_UP,WARMING_UP,0.0,0,66.892
7180,131.6601,,0,5.0,0.55,5,3,0,4.9959,0.0,WARMING_UP,WARMING_UP,WARMING_UP,0.0,0,66.549
7181,131.6759,,0,5.0,0.55,5,3,0,4.998,0.0,WARMING_UP,WARMING_UP,WARMING_UP,0.0,0,66.794
7182,131.6906,,0,5.0,0.55,5,3,0,4.9976,0.0,WARMING_UP,WARMING_UP,WARMING_UP,0.0,0,68.321
7183,131.7033,,0,5.0,0.55,5,3,0,4.997,0.0,WARMING_UP,WARMING_UP,WARMING_UP,0.0,0,69.125
7184,131.7157,,0,5.0,0.55,5,3,0,4.9956,0.0,WARMING_UP,WARMING_UP,WARMING_UP,0.0,0,70.239
7185,131.7419,,0,5.0,0.55,5,3,0,4.9914,0.0,WARMING_UP,WARMING_UP,WARMING_UP,0.0,0,66.901
7186,131.7559,,0,5.0,0.55,5,3,0,4.9891,0.0,WARMING_UP,WARMING_UP,WARMING_UP,0.0,0,68.092
7187,131.7681,,0,5.0,0.55,5,3,0,4.9656,0.0,WARMING_UP,WARMING_UP,WARMING_UP,0.0,0,69.085
7188,131.7807,,0,5.0,0.55,5,3,0,4.9783,0.0,WARMING_UP,WARMING_UP,WARMING_UP,0.0,0,70.309
7189,131.7933,,0,5.0,0.55,5,3,0,4.9908,0.0,WARMING_UP,WARMING_UP,WARMING_UP,0.0,0,69.775
7190,131.8085,,0,5.0,0.55,5,3,0,4.9912,0.0,WARMING_UP,WARMING_UP,WARMING_UP,0.0,0,69.51
7191,131.824,,0,5.0,0.55,5,3,0,4.9943,0.0,WARMING_UP,WARMING_UP,WARMING_UP,0.0,0,70.535
7192,131.8596,,0,5.0,0.55,5,3,0,4.997,0.0,WARMING_UP,WARMING_UP,WARMING_UP,0.0,0,66.074
7193,131.8745,,0,5.0,0.55,5,3,0,4.9982,0.0,WARMING_UP,WARMING_UP,WARMING_UP,0.0,0,67.318
7194,131.8881,,0,5.0,0.55,5,3,0,4.9847,0.0,WARMING_UP,WARMING_UP,WARMING_UP,0.0,0,67.965
7195,131.9011,,0,5.0,0.55,5,3,0,4.9977,0.0,WARMING_UP,WARMING_UP,WARMING_UP,0.0,0,68.677
7196,131.9141,,0,5.0,0.55,5,3,0,4.9955,0.0,WARMING_UP,WARMING_UP,WARMING_UP,0.0,0,69.307
7197,131.9275,,0,5.0,0.55,5,3,0,4.9947,0.0,WARMING_UP,WARMING_UP,WARMING_UP,0.0,0,69.105
7198,131.9423,,0,5.0,0.55,5,3,0,4.997,0.0,WARMING_UP,WARMING_UP,WARMING_UP,0.0,0,69.006
7199,131.957,,0,5.0,0.55,5,3,0,4.9996,0.0,WARMING_UP,WARMING_UP,WARMING_UP,0.0,0,70.589
7200,131.969,,0,5.0,0.55,5,3,0,4.9967,0.0,WARMING_UP,WARMING_UP,WARMING_UP,0.0,0,71.583
7201,131.9879,,0,5.0,0.55,5,3,0,4.9864,0.0,WARMING_UP,WARMING_UP,WARMING_UP,0.0,0,69.791
7202,132.0032,,0,5.0,0.55,5,3,0,4.9868,0.0,WARMING_UP,WARMING_UP,WARMING_UP,0.0,0,69.234
7203,132.0259,,0,5.0,0.55,5,3,0,4.9932,0.0,WARMING_UP,WARMING_UP,WARMING_UP,0.0,0,66.285
7204,132.0406,,0,5.0,0.55,5,3,0,4.9896,0.0,WARMING_UP,WARMING_UP,WARMING_UP,0.0,0,68.057
7205,132.058,,0,5.0,0.55,5,3,0,4.9858,0.0,WARMING_UP,WARMING_UP,WARMING_UP,0.0,0,65.991
7206,132.0735,,0,5.0,0.55,5,3,0,4.9868,0.0,WARMING_UP,WARMING_UP,WARMING_UP,0.0,0,67.525
7207,132.0886,,0,5.0,0.55,5,3,0,4.9808,0.0,WARMING_UP,WARMING_UP,WARMING_UP,0.0,0,66.86
7208,132.103,,0,5.0,0.55,5,3,0,4.9951,0.0,WARMING_UP,WARMING_UP,WARMING_UP,0.0,0,67.969
7209,132.1213,,0,5.0,0.55,5,3,0,4.9993,0.0,WARMING_UP,WARMING_UP,WARMING_UP,0.0,0,66.647
7210,132.137,,0,5.0,0.55,5,3,0,4.9997,0.0,WARMING_UP,WARMING_UP,WARMING_UP,0.0,0,65.506
7211,132.1518,,0,5.0,0.55,5,3,0,4.9957,0.0,WARMING_UP,WARMING_UP,WARMING_UP,0.0,0,66.52
7212,132.1672,,0,5.0,0.55,5,3,0,4.9967,0.0,WARMING_UP,WARMING_UP,WARMING_UP,0.0,0,66.414
7213,132.1821,,0,5.0,0.55,5,3,0,4.9977,0.0,WARMING_UP,WARMING_UP,WARMING_UP,0.0,0,66.092
7214,132.2003,,0,5.0,0.55,5,3,0,4.9847,0.0,WARMING_UP,WARMING_UP,WARMING_UP,0.0,0,65.187
7215,132.2221,,0,5.0,0.55,5,3,0,4.9932,0.0,WARMING_UP,WARMING_UP,WARMING_UP,0.0,0,63.506
7216,132.2342,,0,5.0,0.55,5,3,0,4.9829,0.0,WARMING_UP,WARMING_UP,WARMING_UP,0.0,0,64.847
7217,132.2503,,0,5.0,0.55,5,3,0,4.999,0.0,WARMING_UP,WARMING_UP,WARMING_UP,0.0,0,62.823
7218,132.2703,,0,5.0,0.55,5,3,0,4.9818,0.0,WARMING_UP,WARMING_UP,WARMING_UP,0.0,0,64.351
7219,132.2904,,0,5.0,0.55,5,3,0,4.9815,0.0,WARMING_UP,WARMING_UP,WARMING_UP,0.0,0,62.906
7220,132.3072,,0,5.0,0.55,5,3,0,4.9983,0.0,WARMING_UP,WARMING_UP,WARMING_UP,0.0,0,62.515
7221,132.3203,,0,5.0,0.55,5,3,0,4.9977,0.0,WARMING_UP,WARMING_UP,WARMING_UP,0.0,0,60.802
7222,132.3414,,0,5.0,0.55,5,3,0,4.9864,0.0,WARMING_UP,WARMING_UP,WARMING_UP,0.0,0,62.603
7223,132.3546,,0,5.0,0.55,5,3,0,4.9997,0.0,WARMING_UP,WARMING_UP,WARMING_UP,0.0,0,63.985
7224,132.3689,,0,5.0,0.55,5,3,0,4.9943,0.0,WARMING_UP,WARMING_UP,WARMING_UP,0.0,0,63.077
7225,132.3858,,0,5.0,0.55,5,3,0,4.9978,0.0,WARMING_UP,WARMING_UP,WARMING_UP,0.0,0,63.963
7226,132.4054,,0,5.0,0.55,5,3,0,4.9862,0.0,WARMING_UP,WARMING_UP,WARMING_UP,0.0,0,63.039
7227,132.4199,,0,5.0,0.55,5,3,0,4.9853,0.0,WARMING_UP,WARMING_UP,WARMING_UP,0.0,0,63.507
7228,132.4358,,0,5.0,0.55,5,3,0,4.9855,0.0,WARMING_UP,WARMING_UP,WARMING_UP,0.0,0,63.32
7229,132.4579,,0,5.0,0.55,5,3,0,4.99,0.0,WARMING_UP,WARMING_UP,WARMING_UP,0.0,0,61.307
7230,132.472,,0,5.0,0.55,5,3,0,4.9859,0.0,WARMING_UP,WARMING_UP,WARMING_UP,0.0,0,63.072
7231,132.4878,,0,5.0,0.55,5,3,0,4.9847,0.0,WARMING_UP,WARMING_UP,WARMING_UP,0.0,0,63.212
7232,132.5029,,0,5.0,0.55,5,3,0,4.9997,0.0,WARMING_UP,WARMING_UP,WARMING_UP,0.0,0,63.277
7233,132.518,,0,5.0,0.55,5,3,0,4.9953,0.0,WARMING_UP,WARMING_UP,WARMING_UP,0.0,0,63.375
7234,132.5309,,0,5.0,0.55,5,3,0,4.9921,0.0,WARMING_UP,WARMING_UP,WARMING_UP,0.0,0,64.376
7235,132.5493,,0,5.0,0.55,5,3,0,4.9952,0.0,WARMING_UP,WARMING_UP,WARMING_UP,0.0,0,61.778
7236,132.5749,,0,5.0,0.55,5,3,0,4.9897,0.0,WARMING_UP,WARMING_UP,WARMING_UP,0.0,0,61.651
7237,132.5886,,0,5.0,0.55,5,3,0,4.9805,0.0,WARMING_UP,WARMING_UP,WARMING_UP,0.0,0,62.924
7238,132.602,,0,5.0,0.55,5,3,0,4.9938,0.0,WARMING_UP,WARMING_UP,WARMING_UP,0.0,0,63.702
7239,132.6252,,0,5.0,0.55,5,3,0,4.9884,0.0,WARMING_UP,WARMING_UP,WARMING_UP,0.0,0,61.78
7240,132.6385,,0,5.0,0.55,5,3,0,4.9841,0.0,WARMING_UP,WARMING_UP,WARMING_UP,0.0,0,62.36
7241,132.6532,,0,5.0,0.55,5,3,0,4.9988,0.0,WARMING_UP,WARMING_UP,WARMING_UP,0.0,0,62.744
7242,132.672,,0,5.0,0.55,5,3,0,4.9752,0.0,WARMING_UP,WARMING_UP,WARMING_UP,0.0,0,62.262
7243,132.6872,,0,5.0,0.55,5,3,0,4.9904,0.0,WARMING_UP,WARMING_UP,WARMING_UP,0.0,0,62.46
7244,132.7031,,0,5.0,0.55,5,3,0,4.9907,0.0,WARMING_UP,WARMING_UP,WARMING_UP,0.0,0,62.118
7245,132.7222,,0,5.0,0.55,5,3,0,4.9972,0.0,WARMING_UP,WARMING_UP,WARMING_UP,0.0,0,61.632
7246,132.7346,,0,5.0,0.55,5,3,0,4.9423,0.0,WARMING_UP,WARMING_UP,WARMING_UP,0.0,0,62.86
7247,132.7531,,0,5.0,0.55,5,3,0,4.9608,0.0,WARMING_UP,WARMING_UP,WARMING_UP,0.0,0,62.119
7248,132.7663,,0,5.0,0.55,5,3,0,4.974,0.0,WARMING_UP,WARMING_UP,WARMING_UP,0.0,0,62.815
7249,132.7885,,0,5.0,0.55,5,3,0,4.9962,0.0,WARMING_UP,WARMING_UP,WARMING_UP,0.0,0,61.476
7250,132.8025,,0,5.0,0.55,5,3,0,4.9937,0.0,WARMING_UP,WARMING_UP,WARMING_UP,0.0,0,62.078
7251,132.8184,,0,5.0,0.55,5,3,0,4.9965,0.0,WARMING_UP,WARMING_UP,WARMING_UP,0.0,0,62.029
7252,132.8316,,0,5.0,0.55,5,3,0,4.9953,0.0,WARMING_UP,WARMING_UP,WARMING_UP,0.0,0,63.585
7253,132.8555,,0,5.0,0.55,5,3,0,4.9682,0.0,WARMING_UP,WARMING_UP,WARMING_UP,0.0,0,60.846
7254,132.8729,,0,5.0,0.55,5,3,0,4.9855,0.0,WARMING_UP,WARMING_UP,WARMING_UP,0.0,0,62.588
7255,132.8871,,0,5.0,0.55,5,3,0,4.9998,0.0,WARMING_UP,WARMING_UP,WARMING_UP,0.0,0,62.99
7256,132.9054,,0,5.0,0.55,5,3,0,4.9919,0.0,WARMING_UP,WARMING_UP,WARMING_UP,0.0,0,62.281
7257,132.918,,0,5.0,0.55,5,3,0,4.9851,0.0,WARMING_UP,WARMING_UP,WARMING_UP,0.0,0,63.936
7258,132.9358,,0,5.0,0.55,5,3,0,4.9905,0.0,WARMING_UP,WARMING_UP,WARMING_UP,0.0,0,62.944
7259,132.9583,,0,5.0,0.55,5,3,0,4.9849,0.0,WARMING_UP,WARMING_UP,WARMING_UP,0.0,0,61.037
7260,132.9721,,0,5.0,0.55,5,3,0,4.9987,0.0,WARMING_UP,WARMING_UP,WARMING_UP,0.0,0,63.032
7261,132.9912,,0,5.0,0.55,5,3,0,4.9902,0.0,WARMING_UP,WARMING_UP,WARMING_UP,0.0,0,62.003
7262,133.0078,,0,5.0,0.55,5,3,0,4.9943,0.0,WARMING_UP,WARMING_UP,WARMING_UP,0.0,0,61.784
7263,133.0202,,0,5.0,0.55,5,3,0,4.9947,0.0,WARMING_UP,WARMING_UP,WARMING_UP,0.0,0,63.079
7264,133.0365,,0,5.0,0.55,5,3,0,4.99,0.0,WARMING_UP,WARMING_UP,WARMING_UP,0.0,0,62.274
7265,133.0571,,0,5.0,0.55,5,3,0,4.9983,0.0,WARMING_UP,WARMING_UP,WARMING_UP,0.0,0,60.95
7266,133.0723,,0,5.0,0.55,5,3,0,4.9983,0.0,WARMING_UP,WARMING_UP,WARMING_UP,0.0,0,62.236
7267,133.0854,,0,5.0,0.55,5,3,0,4.9968,0.0,WARMING_UP,WARMING_UP,WARMING_UP,0.0,0,64.022
7268,133.098,,0,5.0,0.55,5,3,0,4.9961,0.0,WARMING_UP,WARMING_UP,WARMING_UP,0.0,0,65.611
7269,133.1175,,0,5.0,0.55,5,3,0,4.9948,0.0,WARMING_UP,WARMING_UP,WARMING_UP,0.0,0,64.09
7270,133.1384,,0,5.0,0.55,5,3,0,4.985,0.0,WARMING_UP,WARMING_UP,WARMING_UP,0.0,0,62.336
7271,133.1518,,0,5.0,0.55,5,3,0,4.9985,0.0,WARMING_UP,WARMING_UP,WARMING_UP,0.0,0,63.755
7272,133.1648,,0,5.0,0.55,5,3,0,4.9936,0.0,WARMING_UP,WARMING_UP,WARMING_UP,0.0,0,65.33
7273,133.1852,,0,5.0,0.55,5,3,0,4.9993,0.0,WARMING_UP,WARMING_UP,WARMING_UP,0.0,0,63.752
7274,133.1999,,0,5.0,0.55,5,3,0,4.989,0.0,WARMING_UP,WARMING_UP,WARMING_UP,0.0,0,64.005
7275,133.222,,0,5.0,0.55,5,3,0,4.9969,0.0,WARMING_UP,WARMING_UP,WARMING_UP,0.0,0,62.192
7276,133.239,,0,5.0,0.55,5,3,0,4.9996,0.0,WARMING_UP,WARMING_UP,WARMING_UP,0.0,0,60.173
7277,133.2587,,0,5.0,0.55,5,3,0,4.9904,0.0,WARMING_UP,WARMING_UP,WARMING_UP,0.0,0,61.789
7278,133.2719,,0,5.0,0.55,5,3,0,4.9918,0.0,WARMING_UP,WARMING_UP,WARMING_UP,0.0,0,63.442
7279,133.2843,,0,5.0,0.55,5,3,0,4.9912,0.0,WARMING_UP,WARMING_UP,WARMING_UP,0.0,0,65.109
7280,133.3013,,0,5.0,0.55,5,3,0,4.9888,0.0,WARMING_UP,WARMING_UP,WARMING_UP,0.0,0,62.899
7281,133.3261,,0,5.0,0.55,5,3,0,4.9861,0.0,WARMING_UP,WARMING_UP,WARMING_UP,0.0,0,61.594
7282,133.3401,,0,5.0,0.55,5,3,0,4.985,0.0,WARMING_UP,WARMING_UP,WARMING_UP,0.0,0,60.864
7283,133.3587,,0,5.0,0.55,5,3,0,4.9897,0.0,WARMING_UP,WARMING_UP,WARMING_UP,0.0,0,61.869
7284,133.3726,,0,5.0,0.55,5,3,0,4.9905,0.0,WARMING_UP,WARMING_UP,WARMING_UP,0.0,0,63.183
7285,133.405,,0,5.0,0.55,5,3,0,4.9951,0.0,WARMING_UP,WARMING_UP,WARMING_UP,0.0,0,60.026
7286,133.4177,,0,5.0,0.55,5,3,0,4.9948,0.0,WARMING_UP,WARMING_UP,WARMING_UP,0.0,0,60.961
7287,133.4318,,0,5.0,0.55,5,3,0,4.9902,0.0,WARMING_UP,WARMING_UP,WARMING_UP,0.0,0,62.684
7288,133.4446,,0,5.0,0.55,5,3,0,4.984,0.0,WARMING_UP,WARMING_UP,WARMING_UP,0.0,0,63.054
7289,133.4599,,0,5.0,0.55,5,3,0,4.9993,0.0,WARMING_UP,WARMING_UP,WARMING_UP,0.0,0,64.515
7290,133.4728,,0,5.0,0.55,5,3,0,4.9984,0.0,WARMING_UP,WARMING_UP,WARMING_UP,0.0,0,66.081
7291,133.5072,,0,5.0,0.55,5,3,0,4.9791,0.0,WARMING_UP,WARMING_UP,WARMING_UP,0.0,0,62.372
7292,133.5198,,0,5.0,0.55,5,3,0,4.9917,0.0,WARMING_UP,WARMING_UP,WARMING_UP,0.0,0,63.914
7293,133.5323,,0,5.0,0.55,5,3,0,4.9899,0.0,WARMING_UP,WARMING_UP,WARMING_UP,0.0,0,65.373
7294,133.5451,,0,5.0,0.55,5,3,0,4.9896,0.0,WARMING_UP,WARMING_UP,WARMING_UP,0.0,0,67.226
7295,133.5673,,0,5.0,0.55,5,3,0,4.9973,0.0,WARMING_UP,WARMING_UP,WARMING_UP,0.0,0,64.819
7296,133.5801,,0,5.0,0.55,5,3,0,4.9961,0.0,WARMING_UP,WARMING_UP,WARMING_UP,0.0,0,66.419
7297,133.6112,,0,5.0,0.55,5,3,0,4.9922,0.0,WARMING_UP,WARMING_UP,WARMING_UP,0.0,0,62.942
7298,133.6243,,0,5.0,0.55,5,3,0,4.9915,0.0,WARMING_UP,WARMING_UP,WARMING_UP,0.0,0,64.577
7299,133.6372,,0,5.0,0.55,5,3,0,4.9853,0.0,WARMING_UP,WARMING_UP,WARMING_UP,0.0,0,64.694
7300,133.6519,,0,5.0,0.55,5,3,0,5.0,0.0,WARMING_UP,WARMING_UP,WARMING_UP,0.0,0,66.18
7301,133.6645,,0,5.0,0.55,5,3,0,4.9995,0.0,WARMING_UP,WARMING_UP,WARMING_UP,0.0,0,65.628
7302,133.681,,0,5.0,0.55,5,3,0,4.9982,0.0,WARMING_UP,WARMING_UP,WARMING_UP,0.0,0,66.851
7303,133.7155,,0,5.0,0.55,5,3,0,4.9945,0.0,WARMING_UP,WARMING_UP,WARMING_UP,0.0,0,62.604
7304,133.735,,0,5.0,0.55,5,3,0,4.9849,0.0,WARMING_UP,WARMING_UP,WARMING_UP,0.0,0,64.316
7305,133.7479,,0,5.0,0.55,5,3,0,4.9978,0.0,WARMING_UP,WARMING_UP,WARMING_UP,0.0,0,64.34
7306,133.7631,,0,5.0,0.55,5,3,0,4.9834,0.0,WARMING_UP,WARMING_UP,WARMING_UP,0.0,0,65.576
7307,133.7759,,0,5.0,0.55,5,3,0,4.9963,0.0,WARMING_UP,WARMING_UP,WARMING_UP,0.0,0,66.733
7308,133.7889,,0,5.0,0.55,5,3,0,4.9912,0.0,WARMING_UP,WARMING_UP,WARMING_UP,0.0,0,67.904
7309,133.8019,,0,5.0,0.55,5,3,0,4.9853,0.0,WARMING_UP,WARMING_UP,WARMING_UP,0.0,0,66.189
7310,133.822,,0,5.0,0.55,5,3,0,4.9811,0.0,WARMING_UP,WARMING_UP,WARMING_UP,0.0,0,67.29
7311,133.8343,,0,5.0,0.55,5,3,0,4.9934,0.0,WARMING_UP,WARMING_UP,WARMING_UP,0.0,0,68.111
7312,133.849,,0,5.0,0.55,5,3,0,4.994,0.0,WARMING_UP,WARMING_UP,WARMING_UP,0.0,0,68.052
7313,133.8684,,0,5.0,0.55,5,3,0,4.9981,0.0,WARMING_UP,WARMING_UP,WARMING_UP,0.0,0,66.426
7314,133.8816,,0,5.0,0.55,5,3,0,4.993,0.0,WARMING_UP,WARMING_UP,WARMING_UP,0.0,0,67.026
7315,133.8956,,0,5.0,0.55,5,3,0,4.9922,0.0,WARMING_UP,WARMING_UP,WARMING_UP,0.0,0,68.066
7316,133.9083,,0,5.0,0.55,5,3,0,4.9907,0.0,WARMING_UP,WARMING_UP,WARMING_UP,0.0,0,68.666
7317,133.9251,,0,5.0,0.55,5,3,0,4.9918,0.0,WARMING_UP,WARMING_UP,WARMING_UP,0.0,0,67.672
7318,133.9392,,0,5.0,0.55,5,3,0,4.9854,0.0,WARMING_UP,WARMING_UP,WARMING_UP,0.0,0,68.288
7319,133.9526,,0,5.0,0.55,5,3,0,4.9988,0.0,WARMING_UP,WARMING_UP,WARMING_UP,0.0,0,67.115
7320,133.9704,,0,5.0,0.55,5,3,0,4.985,0.0,WARMING_UP,WARMING_UP,WARMING_UP,0.0,0,68.266
7321,133.991,,0,5.0,0.55,5,3,0,4.9895,0.0,WARMING_UP,WARMING_UP,WARMING_UP,0.0,0,66.223
7322,134.0102,,0,5.0,0.55,5,3,0,4.9946,0.0,WARMING_UP,WARMING_UP,WARMING_UP,0.0,0,64.208
7323,134.0255,,0,5.0,0.55,5,3,0,4.9845,0.0,WARMING_UP,WARMING_UP,WARMING_UP,0.0,0,65.446
7324,134.0391,,0,5.0,0.55,5,3,0,4.998,0.0,WARMING_UP,WARMING_UP,WARMING_UP,0.0,0,66.151
7325,134.0637,,0,5.0,0.55,5,3,0,4.9904,0.0,WARMING_UP,WARMING_UP,WARMING_UP,0.0,0,63.677
7326,134.0765,,0,5.0,0.55,5,3,0,4.9885,0.0,WARMING_UP,WARMING_UP,WARMING_UP,0.0,0,63.803
7327,134.0919,,0,5.0,0.55,5,3,0,4.9903,0.0,WARMING_UP,WARMING_UP,WARMING_UP,0.0,0,65.586
7328,134.1044,,0,5.0,0.55,5,3,0,4.9868,0.0,WARMING_UP,WARMING_UP,WARMING_UP,0.0,0,67.057
7329,134.1341,,0,5.0,0.55,5,3,0,4.985,0.0,WARMING_UP,WARMING_UP,WARMING_UP,0.0,0,63.684
7330,134.1468,,0,5.0,0.55,5,3,0,4.9977,0.0,WARMING_UP,WARMING_UP,WARMING_UP,0.0,0,64.316
7331,134.1634,,0,5.0,0.55,5,3,0,4.9971,0.0,WARMING_UP,WARMING_UP,WARMING_UP,0.0,0,64.142
7332,134.177,,0,5.0,0.55,5,3,0,4.9913,0.0,WARMING_UP,WARMING_UP,WARMING_UP,0.0,0,64.0
7333,134.1928,,0,5.0,0.55,5,3,0,4.9872,0.0,WARMING_UP,WARMING_UP,WARMING_UP,0.0,0,64.957
7334,134.2068,,0,5.0,0.55,5,3,0,4.9852,0.0,WARMING_UP,WARMING_UP,WARMING_UP,0.0,0,65.992
7335,134.2196,,0,5.0,0.55,5,3,0,4.9981,0.0,WARMING_UP,WARMING_UP,WARMING_UP,0.0,0,67.717
7336,134.2318,,0,5.0,0.55,5,3,0,4.9972,0.0,WARMING_UP,WARMING_UP,WARMING_UP,0.0,0,68.729
7337,134.2485,,0,5.0,0.55,5,3,0,4.9985,0.0,WARMING_UP,WARMING_UP,WARMING_UP,0.0,0,67.803
7338,134.2672,,0,5.0,0.55,5,3,0,4.9961,0.0,WARMING_UP,WARMING_UP,WARMING_UP,0.0,0,66.421
7339,134.2833,,0,5.0,0.55,5,3,0,4.999,0.0,WARMING_UP,WARMING_UP,WARMING_UP,0.0,0,66.039
7340,134.299,,0,5.0,0.55,5,3,0,4.9974,0.0,WARMING_UP,WARMING_UP,WARMING_UP,0.0,0,65.783
7341,134.3174,,0,5.0,0.55,5,3,0,4.9974,0.0,WARMING_UP,WARMING_UP,WARMING_UP,0.0,0,64.417
7342,134.3389,,0,5.0,0.55,5,3,0,4.9861,0.0,WARMING_UP,WARMING_UP,WARMING_UP,0.0,0,62.717
7343,134.3547,,0,5.0,0.55,5,3,0,4.9895,0.0,WARMING_UP,WARMING_UP,WARMING_UP,0.0,0,62.995
7344,134.3672,,0,5.0,0.55,5,3,0,4.9808,0.0,WARMING_UP,WARMING_UP,WARMING_UP,0.0,0,63.968
7345,134.3848,,0,5.0,0.55,5,3,0,4.9985,0.0,WARMING_UP,WARMING_UP,WARMING_UP,0.0,0,63.71
7346,134.3976,,0,5.0,0.55,5,3,0,4.9992,0.0,WARMING_UP,WARMING_UP,WARMING_UP,0.0,0,64.261
7347,134.4178,,0,5.0,0.55,5,3,0,4.9963,0.0,WARMING_UP,WARMING_UP,WARMING_UP,0.0,0,62.878
7348,134.4369,,0,5.0,0.55,5,3,0,4.9902,0.0,WARMING_UP,WARMING_UP,WARMING_UP,0.0,0,61.281
7349,134.4537,,0,5.0,0.55,5,3,0,4.9927,0.0,WARMING_UP,WARMING_UP,WARMING_UP,0.0,0,62.796
7350,134.4859,,0,5.0,0.55,5,3,0,4.9923,0.0,WARMING_UP,WARMING_UP,WARMING_UP,0.0,0,59.621
7351,134.4981,,0,5.0,0.55,5,3,0,4.9899,0.0,WARMING_UP,WARMING_UP,WARMING_UP,0.0,0,61.514
7352,134.5107,,0,5.0,0.55,5,3,0,4.9887,0.0,WARMING_UP,WARMING_UP,WARMING_UP,0.0,0,63.405
7353,134.5234,,0,5.0,0.55,5,3,0,4.9816,0.0,WARMING_UP,WARMING_UP,WARMING_UP,0.0,0,65.226
7354,134.5389,,0,5.0,0.55,5,3,0,4.9971,0.0,WARMING_UP,WARMING_UP,WARMING_UP,0.0,0,64.813
7355,134.5533,,0,5.0,0.55,5,3,0,4.9975,0.0,WARMING_UP,WARMING_UP,WARMING_UP,0.0,0,65.441
7356,134.5679,,0,5.0,0.55,5,3,0,4.997,0.0,WARMING_UP,WARMING_UP,WARMING_UP,0.0,0,65.793
7357,134.6,,0,5.0,0.55,5,3,0,4.9956,0.0,WARMING_UP,WARMING_UP,WARMING_UP,0.0,0,62.357
7358,134.6122,,0,5.0,0.55,5,3,0,4.9943,0.0,WARMING_UP,WARMING_UP,WARMING_UP,0.0,0,63.737
7359,134.6255,,0,5.0,0.55,5,3,0,4.9907,0.0,WARMING_UP,WARMING_UP,WARMING_UP,0.0,0,65.35
7360,134.6379,,0,5.0,0.55,5,3,0,4.9839,0.0,WARMING_UP,WARMING_UP,WARMING_UP,0.0,0,65.962
7361,134.6544,,0,5.0,0.55,5,3,0,4.984,0.0,WARMING_UP,WARMING_UP,WARMING_UP,0.0,0,66.215
7362,134.6748,,0,5.0,0.55,5,3,0,4.9902,0.0,WARMING_UP,WARMING_UP,WARMING_UP,0.0,0,64.252
7363,134.6886,,0,5.0,0.55,5,3,0,4.9797,0.0,WARMING_UP,WARMING_UP,WARMING_UP,0.0,0,65.584
7364,134.7009,,0,5.0,0.55,5,3,0,4.992,0.0,WARMING_UP,WARMING_UP,WARMING_UP,0.0,0,66.101
7365,134.7173,,0,5.0,0.55,5,3,0,4.9943,0.0,WARMING_UP,WARMING_UP,WARMING_UP,0.0,0,65.773
7366,134.7308,,0,5.0,0.55,5,3,0,4.99,0.0,WARMING_UP,WARMING_UP,WARMING_UP,0.0,0,66.439
7367,134.7498,,0,5.0,0.55,5,3,0,4.995,0.0,WARMING_UP,WARMING_UP,WARMING_UP,0.0,0,65.153
7368,134.7693,,0,5.0,0.55,5,3,0,4.9337,0.0,WARMING_UP,WARMING_UP,WARMING_UP,0.0,0,64.185
7369,134.7891,,0,5.0,0.55,5,3,0,4.9535,0.0,WARMING_UP,WARMING_UP,WARMING_UP,0.0,0,62.824
7370,134.8022,,0,5.0,0.55,5,3,0,4.9665,0.0,WARMING_UP,WARMING_UP,WARMING_UP,0.0,0,63.516
7371,134.8264,,0,5.0,0.55,5,3,0,4.9908,0.0,WARMING_UP,WARMING_UP,WARMING_UP,0.0,0,61.463
7372,134.8391,,0,5.0,0.55,5,3,0,4.9912,0.0,WARMING_UP,WARMING_UP,WARMING_UP,0.0,0,62.631
7373,134.8532,,0,5.0,0.55,5,3,0,4.9924,0.0,WARMING_UP,WARMING_UP,WARMING_UP,0.0,0,64.139
7374,134.8681,,0,5.0,0.55,5,3,0,4.9869,0.0,WARMING_UP,WARMING_UP,WARMING_UP,0.0,0,64.075
7375,134.8925,,0,5.0,0.55,5,3,0,4.9986,0.0,WARMING_UP,WARMING_UP,WARMING_UP,0.0,0,61.907
7376,134.9053,,0,5.0,0.55,5,3,0,4.9981,0.0,WARMING_UP,WARMING_UP,WARMING_UP,0.0,0,63.512
7377,134.9176,,0,5.0,0.55,5,3,0,4.982,0.0,WARMING_UP,WARMING_UP,WARMING_UP,0.0,0,64.398
7378,134.9312,,0,5.0,0.55,5,3,0,4.9956,0.0,WARMING_UP,WARMING_UP,WARMING_UP,0.0,0,65.368
7379,134.955,,0,5.0,0.55,5,3,0,4.9933,0.0,WARMING_UP,WARMING_UP,WARMING_UP,0.0,0,63.32
7380,134.9716,,0,5.0,0.55,5,3,0,4.9963,0.0,WARMING_UP,WARMING_UP,WARMING_UP,0.0,0,63.003
7381,134.9887,,0,5.0,0.55,5,3,0,4.9868,0.0,WARMING_UP,WARMING_UP,WARMING_UP,0.0,0,62.576
7382,135.0009,,0,5.0,0.55,5,3,0,4.999,0.0,WARMING_UP,WARMING_UP,WARMING_UP,0.0,0,64.038
7383,135.017,,0,5.0,0.55,5,3,0,4.9897,0.0,WARMING_UP,WARMING_UP,WARMING_UP,0.0,0,63.146
7384,135.0318,,0,5.0,0.55,5,3,0,4.9902,0.0,WARMING_UP,WARMING_UP,WARMING_UP,0.0,0,64.447
7385,135.0562,,0,5.0,0.55,5,3,0,4.9871,0.0,WARMING_UP,WARMING_UP,WARMING_UP,0.0,0,61.133
7386,135.077,,0,5.0,0.55,5,3,0,4.9954,0.0,WARMING_UP,WARMING_UP,WARMING_UP,0.0,0,61.652
7387,135.0978,,0,5.0,0.55,5,3,0,4.9896,0.0,WARMING_UP,WARMING_UP,WARMING_UP,0.0,0,60.699
7388,135.1111,,0,5.0,0.55,5,3,0,4.9888,0.0,WARMING_UP,WARMING_UP,WARMING_UP,0.0,0,62.279
7389,135.1335,,0,5.0,0.55,5,3,0,4.9927,0.0,WARMING_UP,WARMING_UP,WARMING_UP,0.0,0,60.513
7390,135.1466,,0,5.0,0.55,5,3,0,4.9902,0.0,WARMING_UP,WARMING_UP,WARMING_UP,0.0,0,62.196
7391,135.1597,,0,5.0,0.55,5,3,0,4.9862,0.0,WARMING_UP,WARMING_UP,WARMING_UP,0.0,0,64.263
7392,135.1718,,0,5.0,0.55,5,3,0,4.9982,0.0,WARMING_UP,WARMING_UP,WARMING_UP,0.0,0,65.927
7393,135.1932,,0,5.0,0.55,5,3,0,4.991,0.0,WARMING_UP,WARMING_UP,WARMING_UP,0.0,0,63.793
7394,135.2085,,0,5.0,0.55,5,3,0,4.9937,0.0,WARMING_UP,WARMING_UP,WARMING_UP,0.0,0,64.112
7395,135.2244,,0,5.0,0.55,5,3,0,4.9952,0.0,WARMING_UP,WARMING_UP,WARMING_UP,0.0,0,64.357
7396,135.2365,,0,5.0,0.55,5,3,0,4.9939,0.0,WARMING_UP,WARMING_UP,WARMING_UP,0.0,0,64.263
7397,135.2523,,0,5.0,0.55,5,3,0,4.9955,0.0,WARMING_UP,WARMING_UP,WARMING_UP,0.0,0,65.644
7398,135.2685,,0,5.0,0.55,5,3,0,4.9825,0.0,WARMING_UP,WARMING_UP,WARMING_UP,0.0,0,65.048
7399,135.351,,0,5.0,0.55,5,3,0,4.9934,0.0,WARMING_UP,WARMING_UP,WARMING_UP,0.0,0,59.765
7400,135.3635,,0,5.0,0.55,5,3,0,4.9835,0.0,WARMING_UP,WARMING_UP,WARMING_UP,0.0,0,60.73
7401,135.3779,,0,5.0,0.55,5,3,0,4.9979,0.0,WARMING_UP,WARMING_UP,WARMING_UP,0.0,0,61.926
7402,135.3919,,0,5.0,0.55,5,3,0,4.9986,0.0,WARMING_UP,WARMING_UP,WARMING_UP,0.0,0,63.887
7403,135.4037,,0,5.0,0.55,5,3,0,4.9954,0.0,WARMING_UP,WARMING_UP,WARMING_UP,0.0,0,65.452
7404,135.4444,,0,5.0,0.55,5,3,0,4.9876,0.0,WARMING_UP,WARMING_UP,WARMING_UP,0.0,0,61.341
7405,135.4583,,0,5.0,0.55,5,3,0,4.9844,0.0,WARMING_UP,WARMING_UP,WARMING_UP,0.0,0,61.547
7406,135.4745,,0,5.0,0.55,5,3,0,4.9839,0.0,WARMING_UP,WARMING_UP,WARMING_UP,0.0,0,62.147
7407,135.4885,,0,5.0,0.55,5,3,0,4.9978,0.0,WARMING_UP,WARMING_UP,WARMING_UP,0.0,0,63.798
7408,135.501,,0,5.0,0.55,5,3,0,4.9948,0.0,WARMING_UP,WARMING_UP,WARMING_UP,0.0,0,63.834
7409,135.5167,,0,5.0,0.55,5,3,0,4.9971,0.0,WARMING_UP,WARMING_UP,WARMING_UP,0.0,0,63.047
7410,135.5346,,0,5.0,0.55,5,3,0,4.9971,0.0,WARMING_UP,WARMING_UP,WARMING_UP,0.0,0,61.475
7411,135.5557,,0,5.0,0.55,5,3,0,4.9938,0.0,WARMING_UP,WARMING_UP,WARMING_UP,0.0,0,63.096
7412,135.5685,,0,5.0,0.55,5,3,0,4.9922,0.0,WARMING_UP,WARMING_UP,WARMING_UP,0.0,0,63.235
7413,135.5841,,0,5.0,0.55,5,3,0,4.992,0.0,WARMING_UP,WARMING_UP,WARMING_UP,0.0,0,62.822
7414,135.601,,0,5.0,0.55,5,3,0,4.9926,0.0,WARMING_UP,WARMING_UP,WARMING_UP,0.0,0,62.227
7415,135.6185,,0,5.0,0.55,5,3,0,4.981,0.0,WARMING_UP,WARMING_UP,WARMING_UP,0.0,0,62.106
7416,135.6349,,0,5.0,0.55,5,3,0,4.9974,0.0,WARMING_UP,WARMING_UP,WARMING_UP,0.0,0,62.011
7417,135.6511,,0,5.0,0.55,5,3,0,4.998,0.0,WARMING_UP,WARMING_UP,WARMING_UP,0.0,0,62.248
7418,135.6669,,0,5.0,0.55,5,3,0,4.9883,0.0,WARMING_UP,WARMING_UP,WARMING_UP,0.0,0,62.143
7419,135.6831,,0,5.0,0.55,5,3,0,4.9834,0.0,WARMING_UP,WARMING_UP,WARMING_UP,0.0,0,62.196
7420,135.6989,,0,5.0,0.55,5,3,0,4.9991,0.0,WARMING_UP,WARMING_UP,WARMING_UP,0.0,0,62.562
7421,135.7141,,0,5.0,0.55,5,3,0,4.9988,0.0,WARMING_UP,WARMING_UP,WARMING_UP,0.0,0,63.156
7422,135.7287,,0,5.0,0.55,5,3,0,4.9936,0.0,WARMING_UP,WARMING_UP,WARMING_UP,0.0,0,62.606
7423,135.746,,0,5.0,0.55,5,3,0,4.9982,0.0,WARMING_UP,WARMING_UP,WARMING_UP,0.0,0,62.854
7424,135.7615,,0,5.0,0.55,5,3,0,4.9864,0.0,WARMING_UP,WARMING_UP,WARMING_UP,0.0,0,64.543
7425,135.7743,,0,5.0,0.55,5,3,0,4.9992,0.0,WARMING_UP,WARMING_UP,WARMING_UP,0.0,0,66.073
7426,135.7868,,0,5.0,0.55,5,3,0,4.9975,0.0,WARMING_UP,WARMING_UP,WARMING_UP,0.0,0,66.159
7427,135.8014,,0,5.0,0.55,5,3,0,4.9977,0.0,WARMING_UP,WARMING_UP,WARMING_UP,0.0,0,66.736
7428,135.8153,,0,5.0,0.55,5,3,0,4.9979,0.0,WARMING_UP,WARMING_UP,WARMING_UP,0.0,0,66.387
7429,135.8311,,0,5.0,0.55,5,3,0,4.9967,0.0,WARMING_UP,WARMING_UP,WARMING_UP,0.0,0,66.372
7430,135.8462,,0,5.0,0.55,5,3,0,4.9881,0.0,WARMING_UP,WARMING_UP,WARMING_UP,0.0,0,66.569
7431,135.8608,,0,5.0,0.55,5,3,0,4.9873,0.0,WARMING_UP,WARMING_UP,WARMING_UP,0.0,0,64.89
7432,135.881,,0,5.0,0.55,5,3,0,4.9718,0.0,WARMING_UP,WARMING_UP,WARMING_UP,0.0,0,64.962
7433,135.8963,,0,5.0,0.55,5,3,0,4.9872,0.0,WARMING_UP,WARMING_UP,WARMING_UP,0.0,0,63.679
7434,135.9153,,0,5.0,0.55,5,3,0,4.9926,0.0,WARMING_UP,WARMING_UP,WARMING_UP,0.0,0,63.217
7435,135.9324,,0,5.0,0.55,5,3,0,4.9964,0.0,WARMING_UP,WARMING_UP,WARMING_UP,0.0,0,62.747
7436,135.9494,,0,5.0,0.55,5,3,0,4.9877,0.0,WARMING_UP,WARMING_UP,WARMING_UP,0.0,0,61.987
7437,135.9681,,0,5.0,0.55,5,3,0,4.9923,0.0,WARMING_UP,WARMING_UP,WARMING_UP,0.0,0,61.68
7438,135.9858,,0,5.0,0.55,5,3,0,4.9957,0.0,WARMING_UP,WARMING_UP,WARMING_UP,0.0,0,61.18
7439,136.0026,,0,5.0,0.55,5,3,0,4.9988,0.0,WARMING_UP,WARMING_UP,WARMING_UP,0.0,0,60.928
7440,136.0201,,0,5.0,0.55,5,3,0,4.9862,0.0,WARMING_UP,WARMING_UP,WARMING_UP,0.0,0,60.913
7441,136.0362,,0,5.0,0.55,5,3,0,4.9835,0.0,WARMING_UP,WARMING_UP,WARMING_UP,0.0,0,60.954
7442,136.0523,,0,5.0,0.55,5,3,0,4.9997,0.0,WARMING_UP,WARMING_UP,WARMING_UP,0.0,0,60.994
7443,136.0687,,0,5.0,0.55,5,3,0,4.981,0.0,WARMING_UP,WARMING_UP,WARMING_UP,0.0,0,60.714
7444,136.0857,,0,5.0,0.55,5,3,0,4.9981,0.0,WARMING_UP,WARMING_UP,WARMING_UP,0.0,0,60.671
7445,136.1022,,0,5.0,0.55,5,3,0,4.983,0.0,WARMING_UP,WARMING_UP,WARMING_UP,0.0,0,59.244
7446,136.1248,,0,5.0,0.55,5,3,0,4.9901,0.0,WARMING_UP,WARMING_UP,WARMING_UP,0.0,0,61.127
7447,136.1366,,0,5.0,0.55,5,3,0,4.9782,0.0,WARMING_UP,WARMING_UP,WARMING_UP,0.0,0,62.796
7448,136.1493,,0,5.0,0.55,5,3,0,4.9909,0.0,WARMING_UP,WARMING_UP,WARMING_UP,0.0,0,63.825
7449,136.2049,,0,5.0,0.55,5,3,0,4.9833,0.0,WARMING_UP,WARMING_UP,WARMING_UP,0.0,0,59.3
7450,136.2168,,0,5.0,0.55,5,3,0,4.9952,0.0,WARMING_UP,WARMING_UP,WARMING_UP,0.0,0,61.372
7451,136.2298,,0,5.0,0.55,5,3,0,4.9959,0.0,WARMING_UP,WARMING_UP,WARMING_UP,0.0,0,61.896
7452,136.2444,,0,5.0,0.55,5,3,0,4.9924,0.0,WARMING_UP,WARMING_UP,WARMING_UP,0.0,0,63.921
7453,136.2567,,0,5.0,0.55,5,3,0,4.9901,0.0,WARMING_UP,WARMING_UP,WARMING_UP,0.0,0,65.452
7454,136.2691,,0,5.0,0.55,5,3,0,4.9838,0.0,WARMING_UP,WARMING_UP,WARMING_UP,0.0,0,66.366
7455,136.2825,,0,5.0,0.55,5,3,0,4.9972,0.0,WARMING_UP,WARMING_UP,WARMING_UP,0.0,0,66.984
7456,136.297,,0,5.0,0.55,5,3,0,4.9901,0.0,WARMING_UP,WARMING_UP,WARMING_UP,0.0,0,67.922
7457,136.3099,,0,5.0,0.55,5,3,0,4.9882,0.0,WARMING_UP,WARMING_UP,WARMING_UP,0.0,0,69.319
7458,136.3216,,0,5.0,0.55,5,3,0,4.9999,0.0,WARMING_UP,WARMING_UP,WARMING_UP,0.0,0,70.144
7459,136.3345,,0,5.0,0.55,5,3,0,4.9827,0.0,WARMING_UP,WARMING_UP,WARMING_UP,0.0,0,68.209
7460,136.3544,,0,5.0,0.55,5,3,0,4.9859,0.0,WARMING_UP,WARMING_UP,WARMING_UP,0.0,0,68.954
7461,136.3674,,0,5.0,0.55,5,3,0,4.999,0.0,WARMING_UP,WARMING_UP,WARMING_UP,0.0,0,69.664
7462,136.3806,,0,5.0,0.55,5,3,0,4.998,0.0,WARMING_UP,WARMING_UP,WARMING_UP,0.0,0,69.912
7463,136.3945,,0,5.0,0.55,5,3,0,4.9459,0.0,WARMING_UP,WARMING_UP,WARMING_UP,0.0,0,71.468
7464,136.4063,,0,5.0,0.55,5,3,0,4.9577,0.0,WARMING_UP,WARMING_UP,WARMING_UP,0.0,0,72.243
7465,136.4187,,0,5.0,0.55,5,3,0,4.9701,0.0,WARMING_UP,WARMING_UP,WARMING_UP,0.0,0,72.76
7466,136.4316,,0,5.0,0.55,5,3,0,4.9831,0.0,WARMING_UP,WARMING_UP,WARMING_UP,0.0,0,73.248
7467,136.4446,,0,5.0,0.55,5,3,0,4.996,0.0,WARMING_UP,WARMING_UP,WARMING_UP,0.0,0,73.793
7468,136.4577,,0,5.0,0.55,5,3,0,4.9967,0.0,WARMING_UP,WARMING_UP,WARMING_UP,0.0,0,74.181
7469,136.4702,,0,5.0,0.55,5,3,0,4.9943,0.0,WARMING_UP,WARMING_UP,WARMING_UP,0.0,0,74.147
7470,136.4836,,0,5.0,0.55,5,3,0,4.9929,0.0,WARMING_UP,WARMING_UP,WARMING_UP,0.0,0,74.156
7471,136.4973,,0,5.0,0.55,5,3,0,4.9935,0.0,WARMING_UP,WARMING_UP,WARMING_UP,0.0,0,74.255
7472,136.5108,,0,5.0,0.55,5,3,0,4.9951,0.0,WARMING_UP,WARMING_UP,WARMING_UP,0.0,0,75.005
7473,136.5229,,0,5.0,0.55,5,3,0,4.9948,0.0,WARMING_UP,WARMING_UP,WARMING_UP,0.0,0,75.392
7474,136.5408,,0,5.0,0.55,5,3,0,4.9987,0.0,WARMING_UP,WARMING_UP,WARMING_UP,0.0,0,73.221
7475,136.569,,0,5.0,0.55,5,3,0,4.9895,0.0,WARMING_UP,WARMING_UP,WARMING_UP,0.0,0,69.5
7476,136.5818,,0,5.0,0.55,5,3,0,4.9891,0.0,WARMING_UP,WARMING_UP,WARMING_UP,0.0,0,70.055
7477,136.5957,,0,5.0,0.55,5,3,0,4.9622,0.0,WARMING_UP,WARMING_UP,WARMING_UP,0.0,0,70.924
7478,136.6086,,0,5.0,0.55,5,3,0,4.9751,0.0,WARMING_UP,WARMING_UP,WARMING_UP,0.0,0,71.434
7479,136.6212,,0,5.0,0.55,5,3,0,4.9877,0.0,WARMING_UP,WARMING_UP,WARMING_UP,0.0,0,71.166
7480,136.6395,,0,5.0,0.55,5,3,0,4.9929,0.0,WARMING_UP,WARMING_UP,WARMING_UP,0.0,0,70.095
7481,136.652,,0,5.0,0.55,5,3,0,4.9918,0.0,WARMING_UP,WARMING_UP,WARMING_UP,0.0,0,70.948
7482,136.6647,,0,5.0,0.55,5,3,0,4.9888,0.0,WARMING_UP,WARMING_UP,WARMING_UP,0.0,0,72.154
7483,136.6947,,0,5.0,0.55,5,3,0,4.9913,0.0,WARMING_UP,WARMING_UP,WARMING_UP,0.0,0,68.216
7484,136.7082,,0,5.0,0.55,5,3,0,4.9925,0.0,WARMING_UP,WARMING_UP,WARMING_UP,0.0,0,68.883
7485,136.7225,,0,5.0,0.55,5,3,0,4.9806,0.0,WARMING_UP,WARMING_UP,WARMING_UP,0.0,0,68.695
7486,136.7369,,0,5.0,0.55,5,3,0,4.995,0.0,WARMING_UP,WARMING_UP,WARMING_UP,0.0,0,68.217
7487,136.7563,,0,5.0,0.55,5,3,0,4.9883,0.0,WARMING_UP,WARMING_UP,WARMING_UP,0.0,0,67.033
7488,136.769,,0,5.0,0.55,5,3,0,4.9883,0.0,WARMING_UP,WARMING_UP,WARMING_UP,0.0,0,68.217
7489,136.7842,,0,5.0,0.55,5,3,0,4.9909,0.0,WARMING_UP,WARMING_UP,WARMING_UP,0.0,0,67.881
7490,136.7983,,0,5.0,0.55,5,3,0,4.9898,0.0,WARMING_UP,WARMING_UP,WARMING_UP,0.0,0,68.053
7491,136.8181,,0,5.0,0.55,5,3,0,4.9941,0.0,WARMING_UP,WARMING_UP,WARMING_UP,0.0,0,66.316
7492,136.8373,,0,5.0,0.55,5,3,0,4.9776,0.0,WARMING_UP,WARMING_UP,WARMING_UP,0.0,0,64.896
7493,136.8715,,0,5.0,0.55,5,3,0,4.9971,0.0,WARMING_UP,WARMING_UP,WARMING_UP,0.0,0,61.417
7494,136.8835,,0,5.0,0.55,5,3,0,4.9953,0.0,WARMING_UP,WARMING_UP,WARMING_UP,0.0,0,63.771
7495,136.8997,,0,5.0,0.55,5,3,0,4.9985,0.0,WARMING_UP,WARMING_UP,WARMING_UP,0.0,0,63.553
7496,136.9118,,0,5.0,0.55,5,3,0,4.9978,0.0,WARMING_UP,WARMING_UP,WARMING_UP,0.0,0,65.393
7497,136.924,,0,5.0,0.55,5,3,0,4.9966,0.0,WARMING_UP,WARMING_UP,WARMING_UP,0.0,0,66.615
7498,136.94,,0,5.0,0.55,5,3,0,4.9977,0.0,WARMING_UP,WARMING_UP,WARMING_UP,0.0,0,66.321
7499,136.9563,,0,5.0,0.55,5,3,0,4.9992,0.0,WARMING_UP,WARMING_UP,WARMING_UP,0.0,0,65.63
7500,136.9692,,0,5.0,0.55,5,3,0,4.9814,0.0,WARMING_UP,WARMING_UP,WARMING_UP,0.0,0,67.305
7501,136.9878,,0,5.0,0.55,5,3,0,4.9999,0.0,WARMING_UP,WARMING_UP,WARMING_UP,0.0,0,65.209
7502,137.0028,,0,5.0,0.55,5,3,0,4.9996,0.0,WARMING_UP,WARMING_UP,WARMING_UP,0.0,0,66.814
7503,137.035,,0,5.0,0.55,5,3,0,4.9944,0.0,WARMING_UP,WARMING_UP,WARMING_UP,0.0,0,63.2
7504,137.0482,,0,5.0,0.55,5,3,0,4.9902,0.0,WARMING_UP,WARMING_UP,WARMING_UP,0.0,0,63.613
7505,137.0629,,0,5.0,0.55,5,3,0,4.9893,0.0,WARMING_UP,WARMING_UP,WARMING_UP,0.0,0,65.093
7506,137.076,,0,5.0,0.55,5,3,0,4.9873,0.0,WARMING_UP,WARMING_UP,WARMING_UP,0.0,0,63.904
7507,137.0944,,0,5.0,0.55,5,3,0,4.9914,0.0,WARMING_UP,WARMING_UP,WARMING_UP,0.0,0,65.564
7508,137.1066,,0,5.0,0.55,5,3,0,4.9853,0.0,WARMING_UP,WARMING_UP,WARMING_UP,0.0,0,66.93
7509,137.1191,,0,5.0,0.55,5,3,0,4.9978,0.0,WARMING_UP,WARMING_UP,WARMING_UP,0.0,0,68.985
7510,137.1526,,0,5.0,0.55,5,3,0,4.9854,0.0,WARMING_UP,WARMING_UP,WARMING_UP,0.0,0,65.01
7511,137.1652,,0,5.0,0.55,5,3,0,4.998,0.0,WARMING_UP,WARMING_UP,WARMING_UP,0.0,0,66.027
7512,137.1782,,0,5.0,0.55,5,3,0,4.9961,0.0,WARMING_UP,WARMING_UP,WARMING_UP,0.0,0,67.55
7513,137.1906,,0,5.0,0.55,5,3,0,4.9903,0.0,WARMING_UP,WARMING_UP,WARMING_UP,0.0,0,68.462
7514,137.2034,,0,5.0,0.55,5,3,0,4.9813,0.0,WARMING_UP,WARMING_UP,WARMING_UP,0.0,0,69.619
7515,137.2235,,0,5.0,0.55,5,3,0,4.9893,0.0,WARMING_UP,WARMING_UP,WARMING_UP,0.0,0,67.564
7516,137.2547,,0,5.0,0.55,5,3,0,4.9845,0.0,WARMING_UP,WARMING_UP,WARMING_UP,0.0,0,64.017
7517,137.2675,,0,5.0,0.55,5,3,0,4.9973,0.0,WARMING_UP,WARMING_UP,WARMING_UP,0.0,0,65.387
7518,137.2809,,0,5.0,0.55,5,3,0,4.9905,0.0,WARMING_UP,WARMING_UP,WARMING_UP,0.0,0,66.754
7519,137.2933,,0,5.0,0.55,5,3,0,4.986,0.0,WARMING_UP,WARMING_UP,WARMING_UP,0.0,0,68.161
7520,137.3094,,0,5.0,0.55,5,3,0,4.989,0.0,WARMING_UP,WARMING_UP,WARMING_UP,0.0,0,67.416
7521,137.36,,0,5.0,0.55,5,3,0,4.9911,0.0,WARMING_UP,WARMING_UP,WARMING_UP,0.0,0,62.682
7522,137.3718,,0,5.0,0.55,5,3,0,4.986,0.0,WARMING_UP,WARMING_UP,WARMING_UP,0.0,0,64.821
7523,137.3839,,0,5.0,0.55,5,3,0,4.9982,0.0,WARMING_UP,WARMING_UP,WARMING_UP,0.0,0,65.864
7524,137.397,,0,5.0,0.55,5,3,0,4.9916,0.0,WARMING_UP,WARMING_UP,WARMING_UP,0.0,0,67.535
7525,137.4098,,0,5.0,0.55,5,3,0,4.9899,0.0,WARMING_UP,WARMING_UP,WARMING_UP,0.0,0,68.564
7526,137.4222,,0,5.0,0.55,5,3,0,4.9864,0.0,WARMING_UP,WARMING_UP,WARMING_UP,0.0,0,69.732
7527,137.4349,,0,5.0,0.55,5,3,0,4.999,0.0,WARMING_UP,WARMING_UP,WARMING_UP,0.0,0,70.532
7528,137.4473,,0,5.0,0.55,5,3,0,4.9894,0.0,WARMING_UP,WARMING_UP,WARMING_UP,0.0,0,71.729
7529,137.4698,,0,5.0,0.55,5,3,0,4.9978,0.0,WARMING_UP,WARMING_UP,WARMING_UP,0.0,0,68.911
7530,137.4824,,0,5.0,0.55,5,3,0,4.9945,0.0,WARMING_UP,WARMING_UP,WARMING_UP,0.0,0,69.404
7531,137.496,,0,5.0,0.55,5,3,0,4.9931,0.0,WARMING_UP,WARMING_UP,WARMING_UP,0.0,0,70.41
7532,137.5093,,0,5.0,0.55,5,3,0,4.9913,0.0,WARMING_UP,WARMING_UP,WARMING_UP,0.0,0,69.75
7533,137.5242,,0,5.0,0.55,5,3,0,4.9933,0.0,WARMING_UP,WARMING_UP,WARMING_UP,0.0,0,70.926
7534,137.5364,,0,5.0,0.55,5,3,0,4.987,0.0,WARMING_UP,WARMING_UP,WARMING_UP,0.0,0,72.061
7535,137.5554,,0,5.0,0.55,5,3,0,4.9805,0.0,WARMING_UP,WARMING_UP,WARMING_UP,0.0,0,69.916
7536,137.5683,,0,5.0,0.55,5,3,0,4.9934,0.0,WARMING_UP,WARMING_UP,WARMING_UP,0.0,0,71.016
7537,137.5898,,0,5.0,0.55,5,3,0,4.9878,0.0,WARMING_UP,WARMING_UP,WARMING_UP,0.0,0,68.583
7538,137.6079,,0,5.0,0.55,5,3,0,4.9827,0.0,WARMING_UP,WARMING_UP,WARMING_UP,0.0,0,65.528
7539,137.632,,0,5.0,0.55,5,3,0,4.9935,0.0,WARMING_UP,WARMING_UP,WARMING_UP,0.0,0,64.865
7540,137.6469,,0,5.0,0.55,5,3,0,4.9937,0.0,WARMING_UP,WARMING_UP,WARMING_UP,0.0,0,65.488
7541,137.6607,,0,5.0,0.55,5,3,0,4.9887,0.0,WARMING_UP,WARMING_UP,WARMING_UP,0.0,0,66.616
7542,137.6728,,0,5.0,0.55,5,3,0,4.9856,0.0,WARMING_UP,WARMING_UP,WARMING_UP,0.0,0,64.989
7543,137.6935,,0,5.0,0.55,5,3,0,4.9904,0.0,WARMING_UP,WARMING_UP,WARMING_UP,0.0,0,65.899
7544,137.708,,0,5.0,0.55,5,3,0,4.9858,0.0,WARMING_UP,WARMING_UP,WARMING_UP,0.0,0,66.32
7545,137.7281,,0,5.0,0.55,5,3,0,4.9934,0.0,WARMING_UP,WARMING_UP,WARMING_UP,0.0,0,64.705
7546,137.7463,,0,5.0,0.55,5,3,0,4.9932,0.0,WARMING_UP,WARMING_UP,WARMING_UP,0.0,0,63.801
7547,137.7666,,0,5.0,0.55,5,3,0,4.9781,0.0,WARMING_UP,WARMING_UP,WARMING_UP,0.0,0,62.181
7548,137.7797,,0,5.0,0.55,5,3,0,4.9911,0.0,WARMING_UP,WARMING_UP,WARMING_UP,0.0,0,64.016
7549,137.7919,,0,5.0,0.55,5,3,0,4.9893,0.0,WARMING_UP,WARMING_UP,WARMING_UP,0.0,0,65.787
7550,137.8039,,0,5.0,0.55,5,3,0,4.9855,0.0,WARMING_UP,WARMING_UP,WARMING_UP,0.0,0,66.622
7551,137.8272,,0,5.0,0.55,5,3,0,4.9955,0.0,WARMING_UP,WARMING_UP,WARMING_UP,0.0,0,64.54
7552,137.8394,,0,5.0,0.55,5,3,0,4.9839,0.0,WARMING_UP,WARMING_UP,WARMING_UP,0.0,0,65.872
7553,137.8553,,0,5.0,0.55,5,3,0,4.9998,0.0,WARMING_UP,WARMING_UP,WARMING_UP,0.0,0,65.36
7554,137.8722,,0,5.0,0.55,5,3,0,4.9993,0.0,WARMING_UP,WARMING_UP,WARMING_UP,0.0,0,64.888
7555,137.8847,,0,5.0,0.55,5,3,0,4.9976,0.0,WARMING_UP,WARMING_UP,WARMING_UP,0.0,0,66.552
7556,137.9067,,0,5.0,0.55,5,3,0,4.9887,0.0,WARMING_UP,WARMING_UP,WARMING_UP,0.0,0,64.525
7557,137.9191,,0,5.0,0.55,5,3,0,4.9834,0.0,WARMING_UP,WARMING_UP,WARMING_UP,0.0,0,64.82
7558,137.9336,,0,5.0,0.55,5,3,0,4.9978,0.0,WARMING_UP,WARMING_UP,WARMING_UP,0.0,0,64.821
7559,137.9569,,0,5.0,0.55,5,3,0,4.9986,0.0,WARMING_UP,WARMING_UP,WARMING_UP,0.0,0,63.302
7560,137.9711,,0,5.0,0.55,5,3,0,4.9989,0.0,WARMING_UP,WARMING_UP,WARMING_UP,0.0,0,62.837
7561,137.9862,,0,5.0,0.55,5,3,0,4.995,0.0,WARMING_UP,WARMING_UP,WARMING_UP,0.0,0,63.393
7562,138.0082,,0,5.0,0.55,5,3,0,4.9881,0.0,WARMING_UP,WARMING_UP,WARMING_UP,0.0,0,62.183
7563,138.0272,,0,5.0,0.55,5,3,0,4.9907,0.0,WARMING_UP,WARMING_UP,WARMING_UP,0.0,0,61.25
7564,138.0402,,0,5.0,0.55,5,3,0,4.9831,0.0,WARMING_UP,WARMING_UP,WARMING_UP,0.0,0,62.435
7565,138.0566,,0,5.0,0.55,5,3,0,4.9995,0.0,WARMING_UP,WARMING_UP,WARMING_UP,0.0,0,60.678
7566,138.0792,,0,5.0,0.55,5,3,0,4.9938,0.0,WARMING_UP,WARMING_UP,WARMING_UP,0.0,0,60.641
7567,138.0925,,0,5.0,0.55,5,3,0,4.9945,0.0,WARMING_UP,WARMING_UP,WARMING_UP,0.0,0,62.358
7568,138.1068,,0,5.0,0.55,5,3,0,4.9894,0.0,WARMING_UP,WARMING_UP,WARMING_UP,0.0,0,62.456
7569,138.122,,0,5.0,0.55,5,3,0,4.9836,0.0,WARMING_UP,WARMING_UP,WARMING_UP,0.0,0,62.133
7570,138.1378,,0,5.0,0.55,5,3,0,4.9994,0.0,WARMING_UP,WARMING_UP,WARMING_UP,0.0,0,62.574
7571,138.1546,,0,5.0,0.55,5,3,0,4.9898,0.0,WARMING_UP,WARMING_UP,WARMING_UP,0.0,0,61.946
7572,138.1722,,0,5.0,0.55,5,3,0,4.987,0.0,WARMING_UP,WARMING_UP,WARMING_UP,0.0,0,61.647
7573,138.1901,,0,5.0,0.55,5,3,0,4.9902,0.0,WARMING_UP,WARMING_UP,WARMING_UP,0.0,0,61.165
7574,138.2076,,0,5.0,0.55,5,3,0,4.9856,0.0,WARMING_UP,WARMING_UP,WARMING_UP,0.0,0,61.392
7575,138.2272,,0,5.0,0.55,5,3,0,4.9882,0.0,WARMING_UP,WARMING_UP,WARMING_UP,0.0,0,60.532
7576,138.2413,,0,5.0,0.55,5,3,0,4.9826,0.0,WARMING_UP,WARMING_UP,WARMING_UP,0.0,0,61.464
7577,138.2552,,0,5.0,0.55,5,3,0,4.9965,0.0,WARMING_UP,WARMING_UP,WARMING_UP,0.0,0,61.275
7578,138.272,,0,5.0,0.55,5,3,0,4.9877,0.0,WARMING_UP,WARMING_UP,WARMING_UP,0.0,0,58.787
7579,138.2991,,0,5.0,0.55,5,3,0,4.9977,0.0,WARMING_UP,WARMING_UP,WARMING_UP,0.0,0,59.418
7580,138.3161,,0,5.0,0.55,5,3,0,4.99,0.0,WARMING_UP,WARMING_UP,WARMING_UP,0.0,0,58.832
7581,138.3333,,0,5.0,0.55,5,3,0,4.9932,0.0,WARMING_UP,WARMING_UP,WARMING_UP,0.0,0,58.72
7582,138.3505,,0,5.0,0.55,5,3,0,4.9918,0.0,WARMING_UP,WARMING_UP,WARMING_UP,0.0,0,58.939
7583,138.3657,,0,5.0,0.55,5,3,0,4.9931,0.0,WARMING_UP,WARMING_UP,WARMING_UP,0.0,0,59.988
7584,138.38,,0,5.0,0.55,5,3,0,4.975,0.0,WARMING_UP,WARMING_UP,WARMING_UP,0.0,0,62.418
7585,138.392,,0,5.0,0.55,5,3,0,4.987,0.0,WARMING_UP,WARMING_UP,WARMING_UP,0.0,0,63.752
7586,138.4049,,0,5.0,0.55,5,3,0,4.9999,0.0,WARMING_UP,WARMING_UP,WARMING_UP,0.0,0,63.897
7587,138.4205,,0,5.0,0.55,5,3,0,4.9887,0.0,WARMING_UP,WARMING_UP,WARMING_UP,0.0,0,62.703
7588,138.4408,,0,5.0,0.55,5,3,0,4.9962,0.0,WARMING_UP,WARMING_UP,WARMING_UP,0.0,0,60.535
7589,138.4639,,0,5.0,0.55,5,3,0,4.9912,0.0,WARMING_UP,WARMING_UP,WARMING_UP,0.0,0,62.953
7590,138.4759,,0,5.0,0.55,5,3,0,4.9687,0.0,WARMING_UP,WARMING_UP,WARMING_UP,0.0,0,65.002
7591,138.4877,,0,5.0,0.55,5,3,0,4.9805,0.0,WARMING_UP,WARMING_UP,WARMING_UP,0.0,0,65.477
7592,138.5023,,0,5.0,0.55,5,3,0,4.9952,0.0,WARMING_UP,WARMING_UP,WARMING_UP,0.0,0,64.395
7593,138.5205,,0,5.0,0.55,5,3,0,4.9883,0.0,WARMING_UP,WARMING_UP,WARMING_UP,0.0,0,65.726
7594,138.541,,0,5.0,0.55,5,3,0,4.9959,0.0,WARMING_UP,WARMING_UP,WARMING_UP,0.0,0,64.307
7595,138.5529,,0,5.0,0.55,5,3,0,4.9856,0.0,WARMING_UP,WARMING_UP,WARMING_UP,0.0,0,65.566
7596,138.5685,,0,5.0,0.55,5,3,0,4.9884,0.0,WARMING_UP,WARMING_UP,WARMING_UP,0.0,0,65.275
7597,138.5833,,0,5.0,0.55,5,3,0,4.972,0.0,WARMING_UP,WARMING_UP,WARMING_UP,0.0,0,65.472
7598,138.5992,,0,5.0,0.55,5,3,0,4.988,0.0,WARMING_UP,WARMING_UP,WARMING_UP,0.0,0,64.905
7599,138.6163,,0,5.0,0.55,5,3,0,4.992,0.0,WARMING_UP,WARMING_UP,WARMING_UP,0.0,0,64.357
7600,138.6346,,0,5.0,0.55,5,3,0,4.9974,0.0,WARMING_UP,WARMING_UP,WARMING_UP,0.0,0,63.661
7601,138.6532,,0,5.0,0.55,5,3,0,4.9888,0.0,WARMING_UP,WARMING_UP,WARMING_UP,0.0,0,61.455
7602,138.6735,,0,5.0,0.55,5,3,0,4.9924,0.0,WARMING_UP,WARMING_UP,WARMING_UP,0.0,0,62.137
7603,138.6877,,0,5.0,0.55,5,3,0,4.9722,0.0,WARMING_UP,WARMING_UP,WARMING_UP,0.0,0,62.646
7604,138.7025,,0,5.0,0.55,5,3,0,4.9869,0.0,WARMING_UP,WARMING_UP,WARMING_UP,0.0,0,63.512
7605,138.718,,0,5.0,0.55,5,3,0,4.9829,0.0,WARMING_UP,WARMING_UP,WARMING_UP,0.0,0,63.262
7606,138.7318,,0,5.0,0.55,5,3,0,4.9968,0.0,WARMING_UP,WARMING_UP,WARMING_UP,0.0,0,65.304
7607,138.7531,,0,5.0,0.55,5,3,0,4.99,0.0,WARMING_UP,WARMING_UP,WARMING_UP,0.0,0,63.037
7608,138.7745,,0,5.0,0.55,5,3,0,4.9986,0.0,WARMING_UP,WARMING_UP,WARMING_UP,0.0,0,61.642
7609,138.8055,,0,5.0,0.55,5,3,0,4.9834,0.0,WARMING_UP,WARMING_UP,WARMING_UP,0.0,0,58.605
7610,138.8195,,0,5.0,0.55,5,3,0,4.9974,0.0,WARMING_UP,WARMING_UP,WARMING_UP,0.0,0,60.084
7611,138.8329,,0,5.0,0.55,5,3,0,4.9986,0.0,WARMING_UP,WARMING_UP,WARMING_UP,0.0,0,61.616
7612,138.8464,,0,5.0,0.55,5,3,0,4.9974,0.0,WARMING_UP,WARMING_UP,WARMING_UP,0.0,0,63.691
7613,138.8585,,0,5.0,0.55,5,3,0,4.9902,0.0,WARMING_UP,WARMING_UP,WARMING_UP,0.0,0,64.916
7614,138.8773,,0,5.0,0.55,5,3,0,4.9956,0.0,WARMING_UP,WARMING_UP,WARMING_UP,0.0,0,63.999
7615,138.9101,,0,5.0,0.55,5,3,0,4.985,0.0,WARMING_UP,WARMING_UP,WARMING_UP,0.0,0,60.68
7616,138.9217,,0,5.0,0.55,5,3,0,4.9967,0.0,WARMING_UP,WARMING_UP,WARMING_UP,0.0,0,62.535
7617,138.9343,,0,5.0,0.55,5,3,0,4.9951,0.0,WARMING_UP,WARMING_UP,WARMING_UP,0.0,0,64.067
7618,138.9476,,0,5.0,0.55,5,3,0,4.995,0.0,WARMING_UP,WARMING_UP,WARMING_UP,0.0,0,65.862
7619,138.9594,,0,5.0,0.55,5,3,0,4.989,0.0,WARMING_UP,WARMING_UP,WARMING_UP,0.0,0,67.43
7620,138.9718,,0,5.0,0.55,5,3,0,4.9808,0.0,WARMING_UP,WARMING_UP,WARMING_UP,0.0,0,68.466
7621,138.9846,,0,5.0,0.55,5,3,0,4.9936,0.0,WARMING_UP,WARMING_UP,WARMING_UP,0.0,0,69.575
7622,139.0135,,0,5.0,0.55,5,3,0,4.988,0.0,WARMING_UP,WARMING_UP,WARMING_UP,0.0,0,66.182
7623,139.0282,,0,5.0,0.55,5,3,0,4.9891,0.0,WARMING_UP,WARMING_UP,WARMING_UP,0.0,0,63.972
7624,139.0486,,0,5.0,0.55,5,3,0,4.9848,0.0,WARMING_UP,WARMING_UP,WARMING_UP,0.0,0,65.668
7625,139.0619,,0,5.0,0.55,5,3,0,4.9981,0.0,WARMING_UP,WARMING_UP,WARMING_UP,0.0,0,66.448
7626,139.0744,,0,5.0,0.55,5,3,0,4.998,0.0,WARMING_UP,WARMING_UP,WARMING_UP,0.0,0,67.513
7627,139.0868,,0,5.0,0.55,5,3,0,4.9948,0.0,WARMING_UP,WARMING_UP,WARMING_UP,0.0,0,68.441
7628,139.1182,,0,5.0,0.55,5,3,0,4.9841,0.0,WARMING_UP,WARMING_UP,WARMING_UP,0.0,0,64.82
7629,139.1309,,0,5.0,0.55,5,3,0,4.9968,0.0,WARMING_UP,WARMING_UP,WARMING_UP,0.0,0,66.862
7630,139.1432,,0,5.0,0.55,5,3,0,4.9965,0.0,WARMING_UP,WARMING_UP,WARMING_UP,0.0,0,67.826
7631,139.1566,,0,5.0,0.55,5,3,0,4.9932,0.0,WARMING_UP,WARMING_UP,WARMING_UP,0.0,0,68.333
7632,139.1696,,0,5.0,0.55,5,3,0,4.9927,0.0,WARMING_UP,WARMING_UP,WARMING_UP,0.0,0,69.42
7633,139.1986,,0,5.0,0.55,5,3,0,4.9919,0.0,WARMING_UP,WARMING_UP,WARMING_UP,0.0,0,66.019
7634,139.2108,,0,5.0,0.55,5,3,0,4.9912,0.0,WARMING_UP,WARMING_UP,WARMING_UP,0.0,0,67.534
7635,139.226,,0,5.0,0.55,5,3,0,4.9942,0.0,WARMING_UP,WARMING_UP,WARMING_UP,0.0,0,67.301
7636,139.2406,,0,5.0,0.55,5,3,0,4.992,0.0,WARMING_UP,WARMING_UP,WARMING_UP,0.0,0,67.334
7637,139.2555,,0,5.0,0.55,5,3,0,4.9883,0.0,WARMING_UP,WARMING_UP,WARMING_UP,0.0,0,66.918
7638,139.2694,,0,5.0,0.55,5,3,0,4.986,0.0,WARMING_UP,WARMING_UP,WARMING_UP,0.0,0,67.413
7639,139.289,,0,5.0,0.55,5,3,0,4.99,0.0,WARMING_UP,WARMING_UP,WARMING_UP,0.0,0,65.875
7640,139.3021,,0,5.0,0.55,5,3,0,4.9846,0.0,WARMING_UP,WARMING_UP,WARMING_UP,0.0,0,66.801
7641,139.3312,,0,5.0,0.55,5,3,0,4.9923,0.0,WARMING_UP,WARMING_UP,WARMING_UP,0.0,0,63.659
7642,139.3438,,0,5.0,0.55,5,3,0,4.989,0.0,WARMING_UP,WARMING_UP,WARMING_UP,0.0,0,65.087
7643,139.3581,,0,5.0,0.55,5,3,0,4.9909,0.0,WARMING_UP,WARMING_UP,WARMING_UP,0.0,0,64.135
7644,139.3745,,0,5.0,0.55,5,3,0,4.9897,0.0,WARMING_UP,WARMING_UP,WARMING_UP,0.0,0,65.902
7645,139.3871,,0,5.0,0.55,5,3,0,4.9895,0.0,WARMING_UP,WARMING_UP,WARMING_UP,0.0,0,64.46
7646,139.4059,,0,5.0,0.55,5,3,0,4.9881,0.0,WARMING_UP,WARMING_UP,WARMING_UP,0.0,0,65.68
7647,139.4212,,0,5.0,0.55,5,3,0,4.9842,0.0,WARMING_UP,WARMING_UP,WARMING_UP,0.0,0,65.796
7648,139.4373,,0,5.0,0.55,5,3,0,4.9836,0.0,WARMING_UP,WARMING_UP,WARMING_UP,0.0,0,65.4
7649,139.4535,,0,5.0,0.55,5,3,0,4.9998,0.0,WARMING_UP,WARMING_UP,WARMING_UP,0.0,0,64.803
7650,139.4708,,0,5.0,0.55,5,3,0,4.9849,0.0,WARMING_UP,WARMING_UP,WARMING_UP,0.0,0,64.252
7651,139.491,,0,5.0,0.55,5,3,0,4.9928,0.0,WARMING_UP,WARMING_UP,WARMING_UP,0.0,0,62.983
7652,139.5035,,0,5.0,0.55,5,3,0,4.9927,0.0,WARMING_UP,WARMING_UP,WARMING_UP,0.0,0,63.867
7653,139.517,,0,5.0,0.55,5,3,0,4.9936,0.0,WARMING_UP,WARMING_UP,WARMING_UP,0.0,0,64.667
7654,139.533,,0,5.0,0.55,5,3,0,4.9941,0.0,WARMING_UP,WARMING_UP,WARMING_UP,0.0,0,65.247
7655,139.5709,,0,5.0,0.55,5,3,0,4.971,0.0,WARMING_UP,WARMING_UP,WARMING_UP,0.0,0,61.115
7656,139.594,,0,5.0,0.55,5,3,0,4.994,0.0,WARMING_UP,WARMING_UP,WARMING_UP,0.0,0,60.229
7657,139.606,,0,5.0,0.55,5,3,0,4.9938,0.0,WARMING_UP,WARMING_UP,WARMING_UP,0.0,0,61.727
7658,139.6196,,0,5.0,0.55,5,3,0,4.9941,0.0,WARMING_UP,WARMING_UP,WARMING_UP,0.0,0,62.75
7659,139.6334,,0,5.0,0.55,5,3,0,4.9954,0.0,WARMING_UP,WARMING_UP,WARMING_UP,0.0,0,61.737
7660,139.6526,,0,5.0,0.55,5,3,0,4.9982,0.0,WARMING_UP,WARMING_UP,WARMING_UP,0.0,0,62.622
7661,139.6666,,0,5.0,0.55,5,3,0,4.9918,0.0,WARMING_UP,WARMING_UP,WARMING_UP,0.0,0,64.333
7662,139.6797,,0,5.0,0.55,5,3,0,4.991,0.0,WARMING_UP,WARMING_UP,WARMING_UP,0.0,0,65.64
7663,139.6925,,0,5.0,0.55,5,3,0,4.9916,0.0,WARMING_UP,WARMING_UP,WARMING_UP,0.0,0,66.707
7664,139.707,,0,5.0,0.55,5,3,0,4.9897,0.0,WARMING_UP,WARMING_UP,WARMING_UP,0.0,0,66.637
7665,139.7246,,0,5.0,0.55,5,3,0,4.9939,0.0,WARMING_UP,WARMING_UP,WARMING_UP,0.0,0,65.759
7666,139.7389,,0,5.0,0.55,5,3,0,4.9891,0.0,WARMING_UP,WARMING_UP,WARMING_UP,0.0,0,65.953
7667,139.7523,,0,5.0,0.55,5,3,0,4.983,0.0,WARMING_UP,WARMING_UP,WARMING_UP,0.0,0,66.481
7668,139.7682,,0,5.0,0.55,5,3,0,4.9989,0.0,WARMING_UP,WARMING_UP,WARMING_UP,0.0,0,65.808
7669,139.7868,,0,5.0,0.55,5,3,0,4.9976,0.0,WARMING_UP,WARMING_UP,WARMING_UP,0.0,0,65.096
7670,139.8033,,0,5.0,0.55,5,3,0,4.9769,0.0,WARMING_UP,WARMING_UP,WARMING_UP,0.0,0,64.344
7671,139.8174,,0,5.0,0.55,5,3,0,4.9911,0.0,WARMING_UP,WARMING_UP,WARMING_UP,0.0,0,65.541
7672,139.8315,,0,5.0,0.55,5,3,0,4.9924,0.0,WARMING_UP,WARMING_UP,WARMING_UP,0.0,0,66.563
7673,139.8575,,0,5.0,0.55,5,3,0,4.9894,0.0,WARMING_UP,WARMING_UP,WARMING_UP,0.0,0,63.695
7674,139.8739,,0,5.0,0.55,5,3,0,4.9814,0.0,WARMING_UP,WARMING_UP,WARMING_UP,0.0,0,63.159
7675,139.8908,,0,5.0,0.55,5,3,0,4.9983,0.0,WARMING_UP,WARMING_UP,WARMING_UP,0.0,0,62.842
7676,139.9042,,0,5.0,0.55,5,3,0,4.9989,0.0,WARMING_UP,WARMING_UP,WARMING_UP,0.0,0,64.1
7677,139.92,,0,5.0,0.55,5,3,0,4.9888,0.0,WARMING_UP,WARMING_UP,WARMING_UP,0.0,0,63.748
7678,139.9335,,0,5.0,0.55,5,3,0,4.9786,0.0,WARMING_UP,WARMING_UP,WARMING_UP,0.0,0,65.127
7679,139.9538,,0,5.0,0.55,5,3,0,4.9989,0.0,WARMING_UP,WARMING_UP,WARMING_UP,0.0,0,63.637
7680,139.9724,,0,5.0,0.55,5,3,0,4.9837,0.0,WARMING_UP,WARMING_UP,WARMING_UP,0.0,0,62.764
7681,139.9988,,0,5.0,0.55,5,3,0,4.9979,0.0,WARMING_UP,WARMING_UP,WARMING_UP,0.0,0,60.287
7682,140.0136,,0,5.0,0.55,5,3,0,4.9966,0.0,WARMING_UP,WARMING_UP,WARMING_UP,0.0,0,58.706
7683,140.0334,,0,5.0,0.55,5,3,0,4.9772,0.0,WARMING_UP,WARMING_UP,WARMING_UP,0.0,0,61.023
7684,140.0476,,0,5.0,0.55,5,3,0,4.9913,0.0,WARMING_UP,WARMING_UP,WARMING_UP,0.0,0,61.626
7685,140.0611,,0,5.0,0.55,5,3,0,4.9841,0.0,WARMING_UP,WARMING_UP,WARMING_UP,0.0,0,63.135
7686,140.0742,,0,5.0,0.55,5,3,0,4.9972,0.0,WARMING_UP,WARMING_UP,WARMING_UP,0.0,0,64.008
7687,140.0879,,0,5.0,0.55,5,3,0,4.9901,0.0,WARMING_UP,WARMING_UP,WARMING_UP,0.0,0,65.265
7688,140.1022,,0,5.0,0.55,5,3,0,4.9911,0.0,WARMING_UP,WARMING_UP,WARMING_UP,0.0,0,65.178
7689,140.1198,,0,5.0,0.55,5,3,0,4.9863,0.0,WARMING_UP,WARMING_UP,WARMING_UP,0.0,0,64.37
7690,140.1354,,0,5.0,0.55,5,3,0,4.9888,0.0,WARMING_UP,WARMING_UP,WARMING_UP,0.0,0,64.471
7691,140.1563,,0,5.0,0.55,5,3,0,4.9966,0.0,WARMING_UP,WARMING_UP,WARMING_UP,0.0,0,63.021
7692,140.1719,,0,5.0,0.55,5,3,0,4.9787,0.0,WARMING_UP,WARMING_UP,WARMING_UP,0.0,0,62.262
7693,140.1886,,0,5.0,0.55,5,3,0,4.9954,0.0,WARMING_UP,WARMING_UP,WARMING_UP,0.0,0,62.741
7694,140.2032,,0,5.0,0.55,5,3,0,4.9947,0.0,WARMING_UP,WARMING_UP,WARMING_UP,0.0,0,63.421
7695,140.2181,,0,5.0,0.55,5,3,0,4.9937,0.0,WARMING_UP,WARMING_UP,WARMING_UP,0.0,0,64.025
7696,140.2359,,0,5.0,0.55,5,3,0,4.9995,0.0,WARMING_UP,WARMING_UP,WARMING_UP,0.0,0,63.028
7697,140.2523,,0,5.0,0.55,5,3,0,4.9999,0.0,WARMING_UP,WARMING_UP,WARMING_UP,0.0,0,62.098
7698,140.2716,,0,5.0,0.55,5,3,0,4.9206,0.0,WARMING_UP,WARMING_UP,WARMING_UP,0.0,0,60.813
7699,140.2961,,0,5.0,0.55,5,3,0,4.9451,0.0,WARMING_UP,WARMING_UP,WARMING_UP,0.0,0,58.954
7700,140.3127,,0,5.0,0.55,5,3,0,4.9617,0.0,WARMING_UP,WARMING_UP,WARMING_UP,0.0,0,60.213
7701,140.3263,,0,5.0,0.55,5,3,0,4.9753,0.0,WARMING_UP,WARMING_UP,WARMING_UP,0.0,0,60.231
7702,140.3428,,0,5.0,0.55,5,3,0,4.9918,0.0,WARMING_UP,WARMING_UP,WARMING_UP,0.0,0,61.316
7703,140.365,,0,5.0,0.55,5,3,0,4.9871,0.0,WARMING_UP,WARMING_UP,WARMING_UP,0.0,0,60.057
7704,140.3773,,0,5.0,0.55,5,3,0,4.9994,0.0,WARMING_UP,WARMING_UP,WARMING_UP,0.0,0,61.951
7705,140.397,,0,5.0,0.55,5,3,0,4.9933,0.0,WARMING_UP,WARMING_UP,WARMING_UP,0.0,0,60.909
7706,140.4117,,0,5.0,0.55,5,3,0,4.9674,0.0,WARMING_UP,WARMING_UP,WARMING_UP,0.0,0,61.565
7707,140.4236,,0,5.0,0.55,5,3,0,4.9792,0.0,WARMING_UP,WARMING_UP,WARMING_UP,0.0,0,62.793
7708,140.4405,,0,5.0,0.55,5,3,0,4.9961,0.0,WARMING_UP,WARMING_UP,WARMING_UP,0.0,0,62.343
7709,140.4611,,0,5.0,0.55,5,3,0,4.9866,0.0,WARMING_UP,WARMING_UP,WARMING_UP,0.0,0,61.456
7710,140.473,,0,5.0,0.55,5,3,0,4.9985,0.0,WARMING_UP,WARMING_UP,WARMING_UP,0.0,0,62.462
7711,140.487,,0,5.0,0.55,5,3,0,4.9985,0.0,WARMING_UP,WARMING_UP,WARMING_UP,0.0,0,63.274
7712,140.509,,0,5.0,0.55,5,3,0,4.9923,0.0,WARMING_UP,WARMING_UP,WARMING_UP,0.0,0,61.96
7713,140.5211,,0,5.0,0.55,5,3,0,4.9865,0.0,WARMING_UP,WARMING_UP,WARMING_UP,0.0,0,63.731
7714,140.5338,,0,5.0,0.55,5,3,0,4.9992,0.0,WARMING_UP,WARMING_UP,WARMING_UP,0.0,0,66.117
7715,140.5538,,0,5.0,0.55,5,3,0,4.9981,0.0,WARMING_UP,WARMING_UP,WARMING_UP,0.0,0,64.167
7716,140.567,,0,5.0,0.55,5,3,0,4.9986,0.0,WARMING_UP,WARMING_UP,WARMING_UP,0.0,0,65.986
7717,140.596,,0,5.0,0.55,5,3,0,4.995,0.0,WARMING_UP,WARMING_UP,WARMING_UP,0.0,0,62.827
7718,140.6079,,0,5.0,0.55,5,3,0,4.9894,0.0,WARMING_UP,WARMING_UP,WARMING_UP,0.0,0,63.923
7719,140.6287,,0,5.0,0.55,5,3,0,4.9938,0.0,WARMING_UP,WARMING_UP,WARMING_UP,0.0,0,62.71
7720,140.6406,,0,5.0,0.55,5,3,0,4.9895,0.0,WARMING_UP,WARMING_UP,WARMING_UP,0.0,0,62.823
7721,140.6563,,0,5.0,0.55,5,3,0,4.9895,0.0,WARMING_UP,WARMING_UP,WARMING_UP,0.0,0,64.266
7722,140.6725,,0,5.0,0.55,5,3,0,4.9893,0.0,WARMING_UP,WARMING_UP,WARMING_UP,0.0,0,64.251
7723,140.692,,0,5.0,0.55,5,3,0,4.9931,0.0,WARMING_UP,WARMING_UP,WARMING_UP,0.0,0,62.898
7724,140.7049,,0,5.0,0.55,5,3,0,4.9908,0.0,WARMING_UP,WARMING_UP,WARMING_UP,0.0,0,64.02
7725,140.7192,,0,5.0,0.55,5,3,0,4.9905,0.0,WARMING_UP,WARMING_UP,WARMING_UP,0.0,0,64.615
7726,140.7326,,0,5.0,0.55,5,3,0,4.9866,0.0,WARMING_UP,WARMING_UP,WARMING_UP,0.0,0,66.388
7727,140.764,,0,5.0,0.55,5,3,0,4.9897,0.0,WARMING_UP,WARMING_UP,WARMING_UP,0.0,0,62.888
7728,140.777,,0,5.0,0.55,5,3,0,4.9902,0.0,WARMING_UP,WARMING_UP,WARMING_UP,0.0,0,64.587
7729,140.7894,,0,5.0,0.55,5,3,0,4.988,0.0,WARMING_UP,WARMING_UP,WARMING_UP,0.0,0,64.484
7730,140.8051,,0,5.0,0.55,5,3,0,4.9898,0.0,WARMING_UP,WARMING_UP,WARMING_UP,0.0,0,65.839
7731,140.8334,,0,5.0,0.55,5,3,0,4.9872,0.0,WARMING_UP,WARMING_UP,WARMING_UP,0.0,0,62.819
7732,140.8469,,0,5.0,0.55,5,3,0,4.9861,0.0,WARMING_UP,WARMING_UP,WARMING_UP,0.0,0,63.533
7733,140.8799,,0,5.0,0.55,5,3,0,4.9989,0.0,WARMING_UP,WARMING_UP,WARMING_UP,0.0,0,60.317
7734,140.8918,,0,5.0,0.55,5,3,0,4.9955,0.0,WARMING_UP,WARMING_UP,WARMING_UP,0.0,0,61.997
7735,140.905,,0,5.0,0.55,5,3,0,4.9897,0.0,WARMING_UP,WARMING_UP,WARMING_UP,0.0,0,63.31
7736,140.9182,,0,5.0,0.55,5,3,0,4.9858,0.0,WARMING_UP,WARMING_UP,WARMING_UP,0.0,0,63.496
7737,140.9335,,0,5.0,0.55,5,3,0,4.9841,0.0,WARMING_UP,WARMING_UP,WARMING_UP,0.0,0,64.972
7738,140.9474,,0,5.0,0.55,5,3,0,4.9979,0.0,WARMING_UP,WARMING_UP,WARMING_UP,0.0,0,65.706
7739,140.98,,0,5.0,0.55,5,3,0,4.9942,0.0,WARMING_UP,WARMING_UP,WARMING_UP,0.0,0,62.223
7740,140.9929,,0,5.0,0.55,5,3,0,4.9903,0.0,WARMING_UP,WARMING_UP,WARMING_UP,0.0,0,63.586
7741,141.0058,,0,5.0,0.55,5,3,0,4.9856,0.0,WARMING_UP,WARMING_UP,WARMING_UP,0.0,0,64.84
7742,141.0187,,0,5.0,0.55,5,3,0,4.9985,0.0,WARMING_UP,WARMING_UP,WARMING_UP,0.0,0,65.692
7743,141.0321,,0,5.0,0.55,5,3,0,4.996,0.0,WARMING_UP,WARMING_UP,WARMING_UP,0.0,0,67.293
7744,141.0445,,0,5.0,0.55,5,3,0,4.9922,0.0,WARMING_UP,WARMING_UP,WARMING_UP,0.0,0,68.793
7745,141.0566,,0,5.0,0.55,5,3,0,4.988,0.0,WARMING_UP,WARMING_UP,WARMING_UP,0.0,0,69.223
7746,141.0855,,0,5.0,0.55,5,3,0,4.9998,0.0,WARMING_UP,WARMING_UP,WARMING_UP,0.0,0,65.837
7747,141.0986,,0,5.0,0.55,5,3,0,4.9964,0.0,WARMING_UP,WARMING_UP,WARMING_UP,0.0,0,67.545
7748,141.111,,0,5.0,0.55,5,3,0,4.9862,0.0,WARMING_UP,WARMING_UP,WARMING_UP,0.0,0,69.033
7749,141.1292,,0,5.0,0.55,5,3,0,4.9926,0.0,WARMING_UP,WARMING_UP,WARMING_UP,0.0,0,67.511
7750,141.1416,,0,5.0,0.55,5,3,0,4.9923,0.0,WARMING_UP,WARMING_UP,WARMING_UP,0.0,0,67.857
7751,141.1564,,0,5.0,0.55,5,3,0,4.9515,0.0,WARMING_UP,WARMING_UP,WARMING_UP,0.0,0,68.116
7752,141.191,,0,5.0,0.55,5,3,0,4.9861,0.0,WARMING_UP,WARMING_UP,WARMING_UP,0.0,0,64.242
7753,141.2039,,0,5.0,0.55,5,3,0,4.999,0.0,WARMING_UP,WARMING_UP,WARMING_UP,0.0,0,64.702
7754,141.2182,,0,5.0,0.55,5,3,0,4.9884,0.0,WARMING_UP,WARMING_UP,WARMING_UP,0.0,0,64.142
7755,141.2351,,0,5.0,0.55,5,3,0,4.9907,0.0,WARMING_UP,WARMING_UP,WARMING_UP,0.0,0,64.948
7756,141.2495,,0,5.0,0.55,5,3,0,4.9928,0.0,WARMING_UP,WARMING_UP,WARMING_UP,0.0,0,66.305
7757,141.2623,,0,5.0,0.55,5,3,0,4.9932,0.0,WARMING_UP,WARMING_UP,WARMING_UP,0.0,0,67.068
7758,141.2768,,0,5.0,0.55,5,3,0,4.9943,0.0,WARMING_UP,WARMING_UP,WARMING_UP,0.0,0,67.312
7759,141.2897,,0,5.0,0.55,5,3,0,4.9926,0.0,WARMING_UP,WARMING_UP,WARMING_UP,0.0,0,67.653
7760,141.304,,0,5.0,0.55,5,3,0,4.9941,0.0,WARMING_UP,WARMING_UP,WARMING_UP,0.0,0,67.67
7761,141.3185,,0,5.0,0.55,5,3,0,4.997,0.0,WARMING_UP,WARMING_UP,WARMING_UP,0.0,0,68.369
7762,141.3371,,0,5.0,0.55,5,3,0,4.9828,0.0,WARMING_UP,WARMING_UP,WARMING_UP,0.0,0,66.678
7763,141.3546,,0,5.0,0.55,5,3,0,4.9872,0.0,WARMING_UP,WARMING_UP,WARMING_UP,0.0,0,65.416
7764,141.3699,,0,5.0,0.55,5,3,0,4.9893,0.0,WARMING_UP,WARMING_UP,WARMING_UP,0.0,0,65.592
7765,141.3873,,0,5.0,0.55,5,3,0,4.9928,0.0,WARMING_UP,WARMING_UP,WARMING_UP,0.0,0,65.132
7766,141.4011,,0,5.0,0.55,5,3,0,4.9949,0.0,WARMING_UP,WARMING_UP,WARMING_UP,0.0,0,66.343
7767,141.4158,,0,5.0,0.55,5,3,0,4.9971,0.0,WARMING_UP,WARMING_UP,WARMING_UP,0.0,0,66.89
7768,141.451,,0,5.0,0.55,5,3,0,4.9934,0.0,WARMING_UP,WARMING_UP,WARMING_UP,0.0,0,62.976
7769,141.4648,,0,5.0,0.55,5,3,0,4.9946,0.0,WARMING_UP,WARMING_UP,WARMING_UP,0.0,0,64.71
7770,141.4768,,0,5.0,0.55,5,3,0,4.9932,0.0,WARMING_UP,WARMING_UP,WARMING_UP,0.0,0,66.022
7771,141.4899,,0,5.0,0.55,5,3,0,4.9926,0.0,WARMING_UP,WARMING_UP,WARMING_UP,0.0,0,66.631
7772,141.5031,,0,5.0,0.55,5,3,0,4.9924,0.0,WARMING_UP,WARMING_UP,WARMING_UP,0.0,0,68.108
7773,141.5197,,0,5.0,0.55,5,3,0,4.9967,0.0,WARMING_UP,WARMING_UP,WARMING_UP,0.0,0,67.054
7774,141.5364,,0,5.0,0.55,5,3,0,4.9957,0.0,WARMING_UP,WARMING_UP,WARMING_UP,0.0,0,66.24
7775,141.5501,,0,5.0,0.55,5,3,0,4.9811,0.0,WARMING_UP,WARMING_UP,WARMING_UP,0.0,0,67.524
7776,141.5865,,0,5.0,0.55,5,3,0,4.9907,0.0,WARMING_UP,WARMING_UP,WARMING_UP,0.0,0,63.537
7777,141.5991,,0,5.0,0.55,5,3,0,4.9905,0.0,WARMING_UP,WARMING_UP,WARMING_UP,0.0,0,65.147
7778,141.6114,,0,5.0,0.55,5,3,0,4.9902,0.0,WARMING_UP,WARMING_UP,WARMING_UP,0.0,0,66.473
7779,141.6239,,0,5.0,0.55,5,3,0,4.9843,0.0,WARMING_UP,WARMING_UP,WARMING_UP,0.0,0,67.515
7780,141.6383,,0,5.0,0.55,5,3,0,4.9987,0.0,WARMING_UP,WARMING_UP,WARMING_UP,0.0,0,67.591
7781,141.6614,,0,5.0,0.55,5,3,0,4.9967,0.0,WARMING_UP,WARMING_UP,WARMING_UP,0.0,0,65.321
7782,141.6738,,0,5.0,0.55,5,3,0,4.9792,0.0,WARMING_UP,WARMING_UP,WARMING_UP,0.0,0,66.499
7783,141.6868,,0,5.0,0.55,5,3,0,4.9921,0.0,WARMING_UP,WARMING_UP,WARMING_UP,0.0,0,67.413
7784,141.7068,,0,5.0,0.55,5,3,0,4.9986,0.0,WARMING_UP,WARMING_UP,WARMING_UP,0.0,0,65.718
7785,141.7198,,0,5.0,0.55,5,3,0,4.9973,0.0,WARMING_UP,WARMING_UP,WARMING_UP,0.0,0,66.132
7786,141.7431,,0,5.0,0.55,5,3,0,4.9867,0.0,WARMING_UP,WARMING_UP,WARMING_UP,0.0,0,64.063
7787,141.7561,,0,5.0,0.55,5,3,0,4.9998,0.0,WARMING_UP,WARMING_UP,WARMING_UP,0.0,0,65.3
7788,141.77,,0,5.0,0.55,5,3,0,4.9859,0.0,WARMING_UP,WARMING_UP,WARMING_UP,0.0,0,65.646
7789,141.7895,,0,5.0,0.55,5,3,0,4.9912,0.0,WARMING_UP,WARMING_UP,WARMING_UP,0.0,0,64.473
7790,141.803,,0,5.0,0.55,5,3,0,4.9849,0.0,WARMING_UP,WARMING_UP,WARMING_UP,0.0,0,64.972
7791,141.8211,,0,5.0,0.55,5,3,0,4.9838,0.0,WARMING_UP,WARMING_UP,WARMING_UP,0.0,0,63.945
7792,141.8359,,0,5.0,0.55,5,3,0,4.9986,0.0,WARMING_UP,WARMING_UP,WARMING_UP,0.0,0,64.556
7793,141.8585,,0,5.0,0.55,5,3,0,4.987,0.0,WARMING_UP,WARMING_UP,WARMING_UP,0.0,0,62.447
7794,141.8728,,0,5.0,0.55,5,3,0,4.9893,0.0,WARMING_UP,WARMING_UP,WARMING_UP,0.0,0,63.117
7795,141.8869,,0,5.0,0.55,5,3,0,4.9873,0.0,WARMING_UP,WARMING_UP,WARMING_UP,0.0,0,64.022
7796,141.9084,,0,5.0,0.55,5,3,0,4.9965,0.0,WARMING_UP,WARMING_UP,WARMING_UP,0.0,0,62.379
7797,141.922,,0,5.0,0.55,5,3,0,4.998,0.0,WARMING_UP,WARMING_UP,WARMING_UP,0.0,0,63.35
7798,141.9434,,0,5.0,0.55,5,3,0,4.9871,0.0,WARMING_UP,WARMING_UP,WARMING_UP,0.0,0,61.799
7799,141.9564,,0,5.0,0.55,5,3,0,4.9872,0.0,WARMING_UP,WARMING_UP,WARMING_UP,0.0,0,63.424
7800,141.9699,,0,5.0,0.55,5,3,0,4.9821,0.0,WARMING_UP,WARMING_UP,WARMING_UP,0.0,0,64.323
7801,141.9832,,0,5.0,0.55,5,3,0,4.9954,0.0,WARMING_UP,WARMING_UP,WARMING_UP,0.0,0,66.241
7802,141.9984,,0,5.0,0.55,5,3,0,4.9956,0.0,WARMING_UP,WARMING_UP,WARMING_UP,0.0,0,65.922
7803,142.0223,,0,5.0,0.55,5,3,0,4.9872,0.0,WARMING_UP,WARMING_UP,WARMING_UP,0.0,0,63.464
7804,142.0357,,0,5.0,0.55,5,3,0,4.9875,0.0,WARMING_UP,WARMING_UP,WARMING_UP,0.0,0,65.16
7805,142.0538,,0,5.0,0.55,5,3,0,4.9909,0.0,WARMING_UP,WARMING_UP,WARMING_UP,0.0,0,63.787
7806,142.0677,,0,5.0,0.55,5,3,0,4.9917,0.0,WARMING_UP,WARMING_UP,WARMING_UP,0.0,0,65.424
7807,142.0926,,0,5.0,0.55,5,3,0,4.9983,0.0,WARMING_UP,WARMING_UP,WARMING_UP,0.0,0,62.686
7808,142.1058,,0,5.0,0.55,5,3,0,4.9992,0.0,WARMING_UP,WARMING_UP,WARMING_UP,0.0,0,64.155
7809,142.1192,,0,5.0,0.55,5,3,0,4.9665,0.0,WARMING_UP,WARMING_UP,WARMING_UP,0.0,0,64.651
7810,142.1582,,0,5.0,0.55,5,3,0,4.993,0.0,WARMING_UP,WARMING_UP,WARMING_UP,0.0,0,60.837
7811,142.1708,,0,5.0,0.55,5,3,0,4.9927,0.0,WARMING_UP,WARMING_UP,WARMING_UP,0.0,0,62.414
7812,142.1842,,0,5.0,0.55,5,3,0,4.9936,0.0,WARMING_UP,WARMING_UP,WARMING_UP,0.0,0,64.601
7813,142.1959,,0,5.0,0.55,5,3,0,4.9925,0.0,WARMING_UP,WARMING_UP,WARMING_UP,0.0,0,66.189
7814,142.208,,0,5.0,0.55,5,3,0,4.9845,0.0,WARMING_UP,WARMING_UP,WARMING_UP,0.0,0,67.374
7815,142.2291,,0,5.0,0.55,5,3,0,4.9744,0.0,WARMING_UP,WARMING_UP,WARMING_UP,0.0,0,65.606
7816,142.2503,,0,5.0,0.55,5,3,0,4.9955,0.0,WARMING_UP,WARMING_UP,WARMING_UP,0.0,0,63.865
7817,142.2622,,0,5.0,0.55,5,3,0,4.9947,0.0,WARMING_UP,WARMING_UP,WARMING_UP,0.0,0,65.535
7818,142.2742,,0,5.0,0.55,5,3,0,4.9934,0.0,WARMING_UP,WARMING_UP,WARMING_UP,0.0,0,66.794
7819,142.2916,,0,5.0,0.55,5,3,0,4.9984,0.0,WARMING_UP,WARMING_UP,WARMING_UP,0.0,0,65.928
7820,142.3126,,0,5.0,0.55,5,3,0,4.9526,0.0,WARMING_UP,WARMING_UP,WARMING_UP,0.0,0,64.149
7821,142.325,,0,5.0,0.55,5,3,0,4.965,0.0,WARMING_UP,WARMING_UP,WARMING_UP,0.0,0,64.819
7822,142.3432,,0,5.0,0.55,5,3,0,4.9832,0.0,WARMING_UP,WARMING_UP,WARMING_UP,0.0,0,63.634
7823,142.358,,0,5.0,0.55,5,3,0,4.998,0.0,WARMING_UP,WARMING_UP,WARMING_UP,0.0,0,64.117
7824,142.3727,,0,5.0,0.55,5,3,0,4.9887,0.0,WARMING_UP,WARMING_UP,WARMING_UP,0.0,0,64.392
7825,142.3885,,0,5.0,0.55,5,3,0,4.9915,0.0,WARMING_UP,WARMING_UP,WARMING_UP,0.0,0,63.9
7826,142.4044,,0,5.0,0.55,5,3,0,4.9947,0.0,WARMING_UP,WARMING_UP,WARMING_UP,0.0,0,63.877
7827,142.4228,,0,5.0,0.55,5,3,0,4.9879,0.0,WARMING_UP,WARMING_UP,WARMING_UP,0.0,0,62.998
7828,142.4382,,0,5.0,0.55,5,3,0,4.9908,0.0,WARMING_UP,WARMING_UP,WARMING_UP,0.0,0,63.134
7829,142.4574,,0,5.0,0.55,5,3,0,4.9876,0.0,WARMING_UP,WARMING_UP,WARMING_UP,0.0,0,62.201
7830,142.4724,,0,5.0,0.55,5,3,0,4.99,0.0,WARMING_UP,WARMING_UP,WARMING_UP,0.0,0,62.518
7831,142.4944,,0,5.0,0.55,5,3,0,4.9984,0.0,WARMING_UP,WARMING_UP,WARMING_UP,0.0,0,60.849
7832,142.5097,,0,5.0,0.55,5,3,0,4.9855,0.0,WARMING_UP,WARMING_UP,WARMING_UP,0.0,0,60.901
7833,142.5257,,0,5.0,0.55,5,3,0,4.9894,0.0,WARMING_UP,WARMING_UP,WARMING_UP,0.0,0,62.123
7834,142.5394,,0,5.0,0.55,5,3,0,4.984,0.0,WARMING_UP,WARMING_UP,WARMING_UP,0.0,0,62.893
7835,142.5553,,0,5.0,0.55,5,3,0,4.9999,0.0,WARMING_UP,WARMING_UP,WARMING_UP,0.0,0,62.892
7836,142.5697,,0,5.0,0.55,5,3,0,4.9799,0.0,WARMING_UP,WARMING_UP,WARMING_UP,0.0,0,64.798
7837,142.595,,0,5.0,0.55,5,3,0,4.9871,0.0,WARMING_UP,WARMING_UP,WARMING_UP,0.0,0,62.242
7838,142.6074,,0,5.0,0.55,5,3,0,4.9995,0.0,WARMING_UP,WARMING_UP,WARMING_UP,0.0,0,63.274
7839,142.6212,,0,5.0,0.55,5,3,0,4.9892,0.0,WARMING_UP,WARMING_UP,WARMING_UP,0.0,0,64.023
7840,142.641,,0,5.0,0.55,5,3,0,4.9941,0.0,WARMING_UP,WARMING_UP,WARMING_UP,0.0,0,62.912
7841,142.6542,,0,5.0,0.55,5,3,0,4.9935,0.0,WARMING_UP,WARMING_UP,WARMING_UP,0.0,0,63.524
7842,142.669,,0,5.0,0.55,5,3,0,4.9962,0.0,WARMING_UP,WARMING_UP,WARMING_UP,0.0,0,65.534
7843,142.6854,,0,5.0,0.55,5,3,0,4.9919,0.0,WARMING_UP,WARMING_UP,WARMING_UP,0.0,0,64.915
7844,142.7402,,0,5.0,0.55,5,3,0,4.994,0.0,WARMING_UP,WARMING_UP,WARMING_UP,0.0,0,60.032
7845,142.7597,,0,5.0,0.55,5,3,0,4.993,0.0,WARMING_UP,WARMING_UP,WARMING_UP,0.0,0,62.108
7846,142.7725,,0,5.0,0.55,5,3,0,4.9928,0.0,WARMING_UP,WARMING_UP,WARMING_UP,0.0,0,63.601
7847,142.7852,,0,5.0,0.55,5,3,0,4.9934,0.0,WARMING_UP,WARMING_UP,WARMING_UP,0.0,0,65.188
7848,142.798,,0,5.0,0.55,5,3,0,4.9941,0.0,WARMING_UP,WARMING_UP,WARMING_UP,0.0,0,65.742
7849,142.8118,,0,5.0,0.55,5,3,0,4.9846,0.0,WARMING_UP,WARMING_UP,WARMING_UP,0.0,0,67.085
7850,142.8352,,0,5.0,0.55,5,3,0,4.9958,0.0,WARMING_UP,WARMING_UP,WARMING_UP,0.0,0,64.491
7851,142.8489,,0,5.0,0.55,5,3,0,4.9935,0.0,WARMING_UP,WARMING_UP,WARMING_UP,0.0,0,65.227
7852,142.8626,,0,5.0,0.55,5,3,0,4.9904,0.0,WARMING_UP,WARMING_UP,WARMING_UP,0.0,0,65.531
7853,142.8776,,0,5.0,0.55,5,3,0,4.9929,0.0,WARMING_UP,WARMING_UP,WARMING_UP,0.0,0,66.099
7854,142.8914,,0,5.0,0.55,5,3,0,4.9846,0.0,WARMING_UP,WARMING_UP,WARMING_UP,0.0,0,67.89
7855,142.9033,,0,5.0,0.55,5,3,0,4.9966,0.0,WARMING_UP,WARMING_UP,WARMING_UP,0.0,0,69.154
7856,142.9156,,0,5.0,0.55,5,3,0,4.9965,0.0,WARMING_UP,WARMING_UP,WARMING_UP,0.0,0,67.318
7857,142.943,,0,5.0,0.55,5,3,0,4.9861,0.0,WARMING_UP,WARMING_UP,WARMING_UP,0.0,0,65.46
7858,142.9564,,0,5.0,0.55,5,3,0,4.9995,0.0,WARMING_UP,WARMING_UP,WARMING_UP,0.0,0,65.452
7859,142.9715,,0,5.0,0.55,5,3,0,4.9854,0.0,WARMING_UP,WARMING_UP,WARMING_UP,0.0,0,66.389
7860,142.9851,,0,5.0,0.55,5,3,0,4.9989,0.0,WARMING_UP,WARMING_UP,WARMING_UP,0.0,0,67.019
7861,142.9987,,0,5.0,0.55,5,3,0,4.9905,0.0,WARMING_UP,WARMING_UP,WARMING_UP,0.0,0,67.267
7862,143.0126,,0,5.0,0.55,5,3,0,4.9854,0.0,WARMING_UP,WARMING_UP,WARMING_UP,0.0,0,67.845
7863,143.0263,,0,5.0,0.55,5,3,0,4.999,0.0,WARMING_UP,WARMING_UP,WARMING_UP,0.0,0,66.076
7864,143.0463,,0,5.0,0.55,5,3,0,4.9897,0.0,WARMING_UP,WARMING_UP,WARMING_UP,0.0,0,65.966
7865,143.0618,,0,5.0,0.55,5,3,0,4.9827,0.0,WARMING_UP,WARMING_UP,WARMING_UP,0.0,0,67.145
7866,143.0753,,0,5.0,0.55,5,3,0,4.9961,0.0,WARMING_UP,WARMING_UP,WARMING_UP,0.0,0,68.145
7867,143.0975,,0,5.0,0.55,5,3,0,4.9907,0.0,WARMING_UP,WARMING_UP,WARMING_UP,0.0,0,65.307
7868,143.1128,,0,5.0,0.55,5,3,0,4.9908,0.0,WARMING_UP,WARMING_UP,WARMING_UP,0.0,0,66.459
7869,143.1261,,0,5.0,0.55,5,3,0,4.9883,0.0,WARMING_UP,WARMING_UP,WARMING_UP,0.0,0,68.0
7870,143.1379,,0,5.0,0.55,5,3,0,4.9833,0.0,WARMING_UP,WARMING_UP,WARMING_UP,0.0,0,65.714
7871,143.1617,,0,5.0,0.55,5,3,0,4.9895,0.0,WARMING_UP,WARMING_UP,WARMING_UP,0.0,0,63.948
7872,143.1814,,0,5.0,0.55,5,3,0,4.9914,0.0,WARMING_UP,WARMING_UP,WARMING_UP,0.0,0,64.656
7873,143.1973,,0,5.0,0.55,5,3,0,4.9897,0.0,WARMING_UP,WARMING_UP,WARMING_UP,0.0,0,62.529
7874,143.2181,,0,5.0,0.55,5,3,0,4.9909,0.0,WARMING_UP,WARMING_UP,WARMING_UP,0.0,0,61.994
7875,143.2357,,0,5.0,0.55,5,3,0,4.9944,0.0,WARMING_UP,WARMING_UP,WARMING_UP,0.0,0,61.515
7876,143.2529,,0,5.0,0.55,5,3,0,4.9977,0.0,WARMING_UP,WARMING_UP,WARMING_UP,0.0,0,60.436
7877,143.2728,,0,5.0,0.55,5,3,0,4.9737,0.0,WARMING_UP,WARMING_UP,WARMING_UP,0.0,0,60.887
7878,143.288,,0,5.0,0.55,5,3,0,4.9889,0.0,WARMING_UP,WARMING_UP,WARMING_UP,0.0,0,59.807
7879,143.3081,,0,5.0,0.55,5,3,0,4.992,0.0,WARMING_UP,WARMING_UP,WARMING_UP,0.0,0,60.989
7880,143.3219,,0,5.0,0.55,5,3,0,4.9886,0.0,WARMING_UP,WARMING_UP,WARMING_UP,0.0,0,61.822
7881,143.3365,,0,5.0,0.55,5,3,0,4.9859,0.0,WARMING_UP,WARMING_UP,WARMING_UP,0.0,0,61.412
7882,143.3538,,0,5.0,0.55,5,3,0,4.988,0.0,WARMING_UP,WARMING_UP,WARMING_UP,0.0,0,62.08
7883,143.3685,,0,5.0,0.55,5,3,0,4.9885,0.0,WARMING_UP,WARMING_UP,WARMING_UP,0.0,0,64.167
7884,143.3808,,0,5.0,0.55,5,3,0,4.9889,0.0,WARMING_UP,WARMING_UP,WARMING_UP,0.0,0,65.811
7885,143.3929,,0,5.0,0.55,5,3,0,4.988,0.0,WARMING_UP,WARMING_UP,WARMING_UP,0.0,0,66.491
7886,143.4066,,0,5.0,0.55,5,3,0,4.9861,0.0,WARMING_UP,WARMING_UP,WARMING_UP,0.0,0,66.426
7887,143.4303,,0,5.0,0.55,5,3,0,4.9895,0.0,WARMING_UP,WARMING_UP,WARMING_UP,0.0,0,64.678
7888,143.4467,,0,5.0,0.55,5,3,0,4.9828,0.0,WARMING_UP,WARMING_UP,WARMING_UP,0.0,0,64.136
7889,143.4594,,0,5.0,0.55,5,3,0,4.9955,0.0,WARMING_UP,WARMING_UP,WARMING_UP,0.0,0,64.603
7890,143.4738,,0,5.0,0.55,5,3,0,4.9979,0.0,WARMING_UP,WARMING_UP,WARMING_UP,0.0,0,64.127
7891,143.4903,,0,5.0,0.55,5,3,0,4.988,0.0,WARMING_UP,WARMING_UP,WARMING_UP,0.0,0,64.914
7892,143.5044,,0,5.0,0.55,5,3,0,4.9839,0.0,WARMING_UP,WARMING_UP,WARMING_UP,0.0,0,66.246
7893,143.5194,,0,5.0,0.55,5,3,0,4.9988,0.0,WARMING_UP,WARMING_UP,WARMING_UP,0.0,0,66.533
7894,143.5335,,0,5.0,0.55,5,3,0,4.9925,0.0,WARMING_UP,WARMING_UP,WARMING_UP,0.0,0,66.998
7895,143.5577,,0,5.0,0.55,5,3,0,4.9892,0.0,WARMING_UP,WARMING_UP,WARMING_UP,0.0,0,64.211
7896,143.5726,,0,5.0,0.55,5,3,0,4.9894,0.0,WARMING_UP,WARMING_UP,WARMING_UP,0.0,0,62.406
7897,143.593,,0,5.0,0.55,5,3,0,4.9938,0.0,WARMING_UP,WARMING_UP,WARMING_UP,0.0,0,63.26
7898,143.6069,,0,5.0,0.55,5,3,0,4.9906,0.0,WARMING_UP,WARMING_UP,WARMING_UP,0.0,0,63.449
7899,143.6239,,0,5.0,0.55,5,3,0,4.9893,0.0,WARMING_UP,WARMING_UP,WARMING_UP,0.0,0,63.262
7900,143.6384,,0,5.0,0.55,5,3,0,4.9852,0.0,WARMING_UP,WARMING_UP,WARMING_UP,0.0,0,63.796
7901,143.6531,,0,5.0,0.55,5,3,0,4.9999,0.0,WARMING_UP,WARMING_UP,WARMING_UP,0.0,0,65.691
7902,143.6659,,0,5.0,0.55,5,3,0,4.9924,0.0,WARMING_UP,WARMING_UP,WARMING_UP,0.0,0,67.11
7903,143.6903,,0,5.0,0.55,5,3,0,4.9878,0.0,WARMING_UP,WARMING_UP,WARMING_UP,0.0,0,64.158
7904,143.7043,,0,5.0,0.55,5,3,0,4.9863,0.0,WARMING_UP,WARMING_UP,WARMING_UP,0.0,0,65.823
7905,143.7172,,0,5.0,0.55,5,3,0,4.9992,0.0,WARMING_UP,WARMING_UP,WARMING_UP,0.0,0,66.006
7906,143.7454,,0,5.0,0.55,5,3,0,4.9924,0.0,WARMING_UP,WARMING_UP,WARMING_UP,0.0,0,63.171
7907,143.7666,,0,5.0,0.55,5,3,0,4.9921,0.0,WARMING_UP,WARMING_UP,WARMING_UP,0.0,0,61.713
7908,143.7787,,0,5.0,0.55,5,3,0,4.9732,0.0,WARMING_UP,WARMING_UP,WARMING_UP,0.0,0,63.551
7909,143.7919,,0,5.0,0.55,5,3,0,4.9864,0.0,WARMING_UP,WARMING_UP,WARMING_UP,0.0,0,64.785
7910,143.8044,,0,5.0,0.55,5,3,0,4.999,0.0,WARMING_UP,WARMING_UP,WARMING_UP,0.0,0,65.22
7911,143.8191,,0,5.0,0.55,5,3,0,4.9997,0.0,WARMING_UP,WARMING_UP,WARMING_UP,0.0,0,65.815
7912,143.8356,,0,5.0,0.55,5,3,0,4.9891,0.0,WARMING_UP,WARMING_UP,WARMING_UP,0.0,0,64.469
7913,143.8519,,0,5.0,0.55,5,3,0,4.9934,0.0,WARMING_UP,WARMING_UP,WARMING_UP,0.0,0,65.46
7914,143.8706,,0,5.0,0.55,5,3,0,4.9934,0.0,WARMING_UP,WARMING_UP,WARMING_UP,0.0,0,64.256
7915,143.8945,,0,5.0,0.55,5,3,0,4.9844,0.0,WARMING_UP,WARMING_UP,WARMING_UP,0.0,0,62.055
7916,143.9084,,0,5.0,0.55,5,3,0,4.9983,0.0,WARMING_UP,WARMING_UP,WARMING_UP,0.0,0,63.58
7917,143.927,,0,5.0,0.55,5,3,0,4.9927,0.0,WARMING_UP,WARMING_UP,WARMING_UP,0.0,0,62.632
7918,143.9392,,0,5.0,0.55,5,3,0,4.9916,0.0,WARMING_UP,WARMING_UP,WARMING_UP,0.0,0,63.667
7919,143.9548,,0,5.0,0.55,5,3,0,4.9954,0.0,WARMING_UP,WARMING_UP,WARMING_UP,0.0,0,63.727
7920,143.9766,,0,5.0,0.55,5,3,0,4.992,0.0,WARMING_UP,WARMING_UP,WARMING_UP,0.0,0,61.739
7921,143.9953,,0,5.0,0.55,5,3,0,4.9818,0.0,WARMING_UP,WARMING_UP,WARMING_UP,0.0,0,60.841
7922,144.0102,,0,5.0,0.55,5,3,0,4.9968,0.0,WARMING_UP,WARMING_UP,WARMING_UP,0.0,0,61.636
7923,144.0247,,0,5.0,0.55,5,3,0,4.9966,0.0,WARMING_UP,WARMING_UP,WARMING_UP,0.0,0,62.105
7924,144.0403,,0,5.0,0.55,5,3,0,4.9918,0.0,WARMING_UP,WARMING_UP,WARMING_UP,0.0,0,62.135
7925,144.0577,,0,5.0,0.55,5,3,0,4.9959,0.0,WARMING_UP,WARMING_UP,WARMING_UP,0.0,0,61.693
7926,144.0738,,0,5.0,0.55,5,3,0,4.9994,0.0,WARMING_UP,WARMING_UP,WARMING_UP,0.0,0,61.738
7927,144.0898,,0,5.0,0.55,5,3,0,4.9716,0.0,WARMING_UP,WARMING_UP,WARMING_UP,0.0,0,61.846
7928,144.1052,,0,5.0,0.55,5,3,0,4.987,0.0,WARMING_UP,WARMING_UP,WARMING_UP,0.0,0,61.631
7929,144.1218,,0,5.0,0.55,5,3,0,4.9909,0.0,WARMING_UP,WARMING_UP,WARMING_UP,0.0,0,63.167
7930,144.1348,,0,5.0,0.55,5,3,0,4.9916,0.0,WARMING_UP,WARMING_UP,WARMING_UP,0.0,0,64.715
7931,144.1586,,0,5.0,0.55,5,3,0,4.989,0.0,WARMING_UP,WARMING_UP,WARMING_UP,0.0,0,62.155
7932,144.174,,0,5.0,0.55,5,3,0,4.9754,0.0,WARMING_UP,WARMING_UP,WARMING_UP,0.0,0,61.227
7933,144.192,,0,5.0,0.55,5,3,0,4.9934,0.0,WARMING_UP,WARMING_UP,WARMING_UP,0.0,0,61.848
7934,144.2073,,0,5.0,0.55,5,3,0,4.9965,0.0,WARMING_UP,WARMING_UP,WARMING_UP,0.0,0,62.011
7935,144.2233,,0,5.0,0.55,5,3,0,4.9973,0.0,WARMING_UP,WARMING_UP,WARMING_UP,0.0,0,62.148
7936,144.2384,,0,5.0,0.55,5,3,0,4.9979,0.0,WARMING_UP,WARMING_UP,WARMING_UP,0.0,0,61.993
7937,144.255,,0,5.0,0.55,5,3,0,4.9995,0.0,WARMING_UP,WARMING_UP,WARMING_UP,0.0,0,62.204
7938,144.2746,,0,5.0,0.55,5,3,0,4.9855,0.0,WARMING_UP,WARMING_UP,WARMING_UP,0.0,0,61.056
7939,144.3056,,0,5.0,0.55,5,3,0,4.9743,0.0,WARMING_UP,WARMING_UP,WARMING_UP,0.0,0,58.26
7940,144.3205,,0,5.0,0.55,5,3,0,4.9893,0.0,WARMING_UP,WARMING_UP,WARMING_UP,0.0,0,60.768
7941,144.3333,,0,5.0,0.55,5,3,0,4.9895,0.0,WARMING_UP,WARMING_UP,WARMING_UP,0.0,0,59.137
7942,144.3552,,0,5.0,0.55,5,3,0,4.9971,0.0,WARMING_UP,WARMING_UP,WARMING_UP,0.0,0,58.986
7943,144.3723,,0,5.0,0.55,5,3,0,4.9978,0.0,WARMING_UP,WARMING_UP,WARMING_UP,0.0,0,58.563
7944,144.3905,,0,5.0,0.55,5,3,0,4.9846,0.0,WARMING_UP,WARMING_UP,WARMING_UP,0.0,0,58.629
7945,144.4075,,0,5.0,0.55,5,3,0,4.9864,0.0,WARMING_UP,WARMING_UP,WARMING_UP,0.0,0,59.073
7946,144.4233,,0,5.0,0.55,5,3,0,4.9861,0.0,WARMING_UP,WARMING_UP,WARMING_UP,0.0,0,57.731
7947,144.4457,,0,5.0,0.55,5,3,0,4.9921,0.0,WARMING_UP,WARMING_UP,WARMING_UP,0.0,0,58.458
7948,144.4638,,0,5.0,0.55,5,3,0,4.9931,0.0,WARMING_UP,WARMING_UP,WARMING_UP,0.0,0,57.028
7949,144.4854,,0,5.0,0.55,5,3,0,4.9944,0.0,WARMING_UP,WARMING_UP,WARMING_UP,0.0,0,58.346
7950,144.4982,,0,5.0,0.55,5,3,0,4.9948,0.0,WARMING_UP,WARMING_UP,WARMING_UP,0.0,0,58.688
7951,144.516,,0,5.0,0.55,5,3,0,4.999,0.0,WARMING_UP,WARMING_UP,WARMING_UP,0.0,0,57.049
7952,144.5393,,0,5.0,0.55,5,3,0,4.9683,0.0,WARMING_UP,WARMING_UP,WARMING_UP,0.0,0,56.929
7953,144.5567,,0,5.0,0.55,5,3,0,4.9858,0.0,WARMING_UP,WARMING_UP,WARMING_UP,0.0,0,57.093
7954,144.5736,,0,5.0,0.55,5,3,0,4.9796,0.0,WARMING_UP,WARMING_UP,WARMING_UP,0.0,0,57.638
7955,144.5896,,0,5.0,0.55,5,3,0,4.9956,0.0,WARMING_UP,WARMING_UP,WARMING_UP,0.0,0,57.602
7956,144.6058,,0,5.0,0.55,5,3,0,4.9998,0.0,WARMING_UP,WARMING_UP,WARMING_UP,0.0,0,57.98
7957,144.6219,,0,5.0,0.55,5,3,0,4.9886,0.0,WARMING_UP,WARMING_UP,WARMING_UP,0.0,0,59.178
7958,144.6367,,0,5.0,0.55,5,3,0,4.9841,0.0,WARMING_UP,WARMING_UP,WARMING_UP,0.0,0,58.018
7959,144.6573,,0,5.0,0.55,5,3,0,4.9907,0.0,WARMING_UP,WARMING_UP,WARMING_UP,0.0,0,58.813
7960,144.6724,,0,5.0,0.55,5,3,0,4.9927,0.0,WARMING_UP,WARMING_UP,WARMING_UP,0.0,0,59.627
7961,144.6874,,0,5.0,0.55,5,3,0,4.9949,0.0,WARMING_UP,WARMING_UP,WARMING_UP,0.0,0,61.869
7962,144.7001,,0,5.0,0.55,5,3,0,4.9931,0.0,WARMING_UP,WARMING_UP,WARMING_UP,0.0,0,63.757
7963,144.7117,,0,5.0,0.55,5,3,0,4.9871,0.0,WARMING_UP,WARMING_UP,WARMING_UP,0.0,0,64.062
7964,144.727,,0,5.0,0.55,5,3,0,4.9882,0.0,WARMING_UP,WARMING_UP,WARMING_UP,0.0,0,64.454
7965,144.7416,,0,5.0,0.55,5,3,0,4.9893,0.0,WARMING_UP,WARMING_UP,WARMING_UP,0.0,0,65.446
7966,144.755,,0,5.0,0.55,5,3,0,4.9868,0.0,WARMING_UP,WARMING_UP,WARMING_UP,0.0,0,66.94
7967,144.7683,,0,5.0,0.55,5,3,0,4.9815,0.0,WARMING_UP,WARMING_UP,WARMING_UP,0.0,0,68.293
7968,144.7895,,0,5.0,0.55,5,3,0,4.9862,0.0,WARMING_UP,WARMING_UP,WARMING_UP,0.0,0,65.447
7969,144.8062,,0,5.0,0.55,5,3,0,4.9888,0.0,WARMING_UP,WARMING_UP,WARMING_UP,0.0,0,65.327
7970,144.8288,,0,5.0,0.55,5,3,0,4.9973,0.0,WARMING_UP,WARMING_UP,WARMING_UP,0.0,0,61.735
7971,144.8561,,0,5.0,0.55,5,3,0,4.9985,0.0,WARMING_UP,WARMING_UP,WARMING_UP,0.0,0,60.628
7972,144.8759,,0,5.0,0.55,5,3,0,4.9851,0.0,WARMING_UP,WARMING_UP,WARMING_UP,0.0,0,60.18
7973,144.894,,0,5.0,0.55,5,3,0,4.9898,0.0,WARMING_UP,WARMING_UP,WARMING_UP,0.0,0,60.182
7974,144.9105,,0,5.0,0.55,5,3,0,4.9905,0.0,WARMING_UP,WARMING_UP,WARMING_UP,0.0,0,60.615
7975,144.9255,,0,5.0,0.55,5,3,0,4.992,0.0,WARMING_UP,WARMING_UP,WARMING_UP,0.0,0,59.978
7976,144.9441,,0,5.0,0.55,5,3,0,4.9903,0.0,WARMING_UP,WARMING_UP,WARMING_UP,0.0,0,60.33
7977,144.9602,,0,5.0,0.55,5,3,0,4.9877,0.0,WARMING_UP,WARMING_UP,WARMING_UP,0.0,0,60.467
7978,144.9763,,0,5.0,0.55,5,3,0,4.9775,0.0,WARMING_UP,WARMING_UP,WARMING_UP,0.0,0,60.487
7979,144.9925,,0,5.0,0.55,5,3,0,4.9938,0.0,WARMING_UP,WARMING_UP,WARMING_UP,0.0,0,60.909
7980,145.0068,,0,5.0,0.55,5,3,0,4.9932,0.0,WARMING_UP,WARMING_UP,WARMING_UP,0.0,0,61.249
7981,145.0222,,0,5.0,0.55,5,3,0,4.9888,0.0,WARMING_UP,WARMING_UP,WARMING_UP,0.0,0,62.408
7982,145.0361,,0,5.0,0.55,5,3,0,4.9885,0.0,WARMING_UP,WARMING_UP,WARMING_UP,0.0,0,62.372
7983,145.0524,,0,5.0,0.55,5,3,0,4.9913,0.0,WARMING_UP,WARMING_UP,WARMING_UP,0.0,0,63.924
7984,145.0656,,0,5.0,0.55,5,3,0,4.9914,0.0,WARMING_UP,WARMING_UP,WARMING_UP,0.0,0,65.387
7985,145.0776,,0,5.0,0.55,5,3,0,4.9897,0.0,WARMING_UP,WARMING_UP,WARMING_UP,0.0,0,65.724
7986,145.092,,0,5.0,0.55,5,3,0,4.9898,0.0,WARMING_UP,WARMING_UP,WARMING_UP,0.0,0,66.292
7987,145.1061,,0,5.0,0.55,5,3,0,4.9863,0.0,WARMING_UP,WARMING_UP,WARMING_UP,0.0,0,66.273
7988,145.1213,,0,5.0,0.55,5,3,0,4.9858,0.0,WARMING_UP,WARMING_UP,WARMING_UP,0.0,0,68.096
7989,145.1336,,0,5.0,0.55,5,3,0,4.9982,0.0,WARMING_UP,WARMING_UP,WARMING_UP,0.0,0,69.386
7990,145.1454,,0,5.0,0.55,5,3,0,4.9891,0.0,WARMING_UP,WARMING_UP,WARMING_UP,0.0,0,70.063
7991,145.1585,,0,5.0,0.55,5,3,0,4.9866,0.0,WARMING_UP,WARMING_UP,WARMING_UP,0.0,0,70.919
7992,145.1732,,0,5.0,0.55,5,3,0,4.9846,0.0,WARMING_UP,WARMING_UP,WARMING_UP,0.0,0,70.02
7993,145.1874,,0,5.0,0.55,5,3,0,4.9988,0.0,WARMING_UP,WARMING_UP,WARMING_UP,0.0,0,71.381
7994,145.2023,,0,5.0,0.55,5,3,0,4.9991,0.0,WARMING_UP,WARMING_UP,WARMING_UP,0.0,0,71.123
7995,145.223,,0,5.0,0.55,5,3,0,4.9871,0.0,WARMING_UP,WARMING_UP,WARMING_UP,0.0,0,68.476
7996,145.2522,,0,5.0,0.55,5,3,0,4.9999,0.0,WARMING_UP,WARMING_UP,WARMING_UP,0.0,0,65.257
7997,145.2647,,0,5.0,0.55,5,3,0,4.9931,0.0,WARMING_UP,WARMING_UP,WARMING_UP,0.0,0,66.602
7998,145.2806,,0,5.0,0.55,5,3,0,4.9846,0.0,WARMING_UP,WARMING_UP,WARMING_UP,0.0,0,66.037
7999,145.2929,,0,5.0,0.55,5,3,0,4.9968,0.0,WARMING_UP,WARMING_UP,WARMING_UP,0.0,0,67.143
8000,145.3059,,0,5.0,0.55,5,3,0,4.9932,0.0,WARMING_UP,WARMING_UP,WARMING_UP,0.0,0,67.202
8001,145.3289,,0,5.0,0.55,5,3,0,4.9861,0.0,WARMING_UP,WARMING_UP,WARMING_UP,0.0,0,65.278
8002,145.3415,,0,5.0,0.55,5,3,0,4.9987,0.0,WARMING_UP,WARMING_UP,WARMING_UP,0.0,0,66.531
8003,145.3544,,0,5.0,0.55,5,3,0,4.9894,0.0,WARMING_UP,WARMING_UP,WARMING_UP,0.0,0,68.366
8004,145.372,,0,5.0,0.55,5,3,0,4.9947,0.0,WARMING_UP,WARMING_UP,WARMING_UP,0.0,0,67.1
8005,145.3865,,0,5.0,0.55,5,3,0,4.9896,0.0,WARMING_UP,WARMING_UP,WARMING_UP,0.0,0,67.257
8006,145.4021,,0,5.0,0.55,5,3,0,4.9904,0.0,WARMING_UP,WARMING_UP,WARMING_UP,0.0,0,67.104
8007,145.4173,,0,5.0,0.55,5,3,0,4.9937,0.0,WARMING_UP,WARMING_UP,WARMING_UP,0.0,0,66.891
8008,145.4415,,0,5.0,0.55,5,3,0,4.9804,0.0,WARMING_UP,WARMING_UP,WARMING_UP,0.0,0,64.141
8009,145.4549,,0,5.0,0.55,5,3,0,4.9938,0.0,WARMING_UP,WARMING_UP,WARMING_UP,0.0,0,66.028
8010,145.4694,,0,5.0,0.55,5,3,0,4.9965,0.0,WARMING_UP,WARMING_UP,WARMING_UP,0.0,0,66.383
8011,145.4893,,0,5.0,0.55,5,3,0,4.9802,0.0,WARMING_UP,WARMING_UP,WARMING_UP,0.0,0,64.669
8012,145.5079,,0,5.0,0.55,5,3,0,4.9988,0.0,WARMING_UP,WARMING_UP,WARMING_UP,0.0,0,63.071
8013,145.522,,0,5.0,0.55,5,3,0,4.9882,0.0,WARMING_UP,WARMING_UP,WARMING_UP,0.0,0,64.904
8014,145.5355,,0,5.0,0.55,5,3,0,4.9818,0.0,WARMING_UP,WARMING_UP,WARMING_UP,0.0,0,65.725
8015,145.5566,,0,5.0,0.55,5,3,0,4.9896,0.0,WARMING_UP,WARMING_UP,WARMING_UP,0.0,0,63.682
8016,145.57,,0,5.0,0.55,5,3,0,4.974,0.0,WARMING_UP,WARMING_UP,WARMING_UP,0.0,0,65.716
8017,145.5856,,0,5.0,0.55,5,3,0,4.9896,0.0,WARMING_UP,WARMING_UP,WARMING_UP,0.0,0,65.67
8018,145.6061,,0,5.0,0.55,5,3,0,4.9982,0.0,WARMING_UP,WARMING_UP,WARMING_UP,0.0,0,63.694
8019,145.6337,,0,5.0,0.55,5,3,0,4.9931,0.0,WARMING_UP,WARMING_UP,WARMING_UP,0.0,0,61.12
8020,145.6501,,0,5.0,0.55,5,3,0,4.9938,0.0,WARMING_UP,WARMING_UP,WARMING_UP,0.0,0,60.873
8021,145.6625,,0,5.0,0.55,5,3,0,4.99,0.0,WARMING_UP,WARMING_UP,WARMING_UP,0.0,0,62.35
8022,145.6758,,0,5.0,0.55,5,3,0,4.9838,0.0,WARMING_UP,WARMING_UP,WARMING_UP,0.0,0,62.447
8023,145.692,,0,5.0,0.55,5,3,0,4.9872,0.0,WARMING_UP,WARMING_UP,WARMING_UP,0.0,0,61.668
8024,145.7105,,0,5.0,0.55,5,3,0,4.9913,0.0,WARMING_UP,WARMING_UP,WARMING_UP,0.0,0,62.01
8025,145.7263,,0,5.0,0.55,5,3,0,4.9936,0.0,WARMING_UP,WARMING_UP,WARMING_UP,0.0,0,62.498
8026,145.7401,,0,5.0,0.55,5,3,0,4.9761,0.0,WARMING_UP,WARMING_UP,WARMING_UP,0.0,0,64.483
8027,145.7529,,0,5.0,0.55,5,3,0,4.9889,0.0,WARMING_UP,WARMING_UP,WARMING_UP,0.0,0,65.28
8028,145.7695,,0,5.0,0.55,5,3,0,4.9925,0.0,WARMING_UP,WARMING_UP,WARMING_UP,0.0,0,64.791
8029,145.7845,,0,5.0,0.55,5,3,0,4.9951,0.0,WARMING_UP,WARMING_UP,WARMING_UP,0.0,0,65.466
8030,145.8022,,0,5.0,0.55,5,3,0,4.9971,0.0,WARMING_UP,WARMING_UP,WARMING_UP,0.0,0,64.253
8031,145.8208,,0,5.0,0.55,5,3,0,4.9873,0.0,WARMING_UP,WARMING_UP,WARMING_UP,0.0,0,61.821
8032,145.842,,0,5.0,0.55,5,3,0,4.9951,0.0,WARMING_UP,WARMING_UP,WARMING_UP,0.0,0,61.783
8033,145.8571,,0,5.0,0.55,5,3,0,4.9772,0.0,WARMING_UP,WARMING_UP,WARMING_UP,0.0,0,63.258
8034,145.8746,,0,5.0,0.55,5,3,0,4.9947,0.0,WARMING_UP,WARMING_UP,WARMING_UP,0.0,0,62.592
8035,145.8888,,0,5.0,0.55,5,3,0,4.997,0.0,WARMING_UP,WARMING_UP,WARMING_UP,0.0,0,63.858
8036,145.902,,0,5.0,0.55,5,3,0,4.997,0.0,WARMING_UP,WARMING_UP,WARMING_UP,0.0,0,64.952
8037,145.9202,,0,5.0,0.55,5,3,0,4.9867,0.0,WARMING_UP,WARMING_UP,WARMING_UP,0.0,0,63.755
8038,145.9329,,0,5.0,0.55,5,3,0,4.9994,0.0,WARMING_UP,WARMING_UP,WARMING_UP,0.0,0,63.369
8039,145.9573,,0,5.0,0.55,5,3,0,4.9773,0.0,WARMING_UP,WARMING_UP,WARMING_UP,0.0,0,61.924
8040,145.9701,,0,5.0,0.55,5,3,0,4.9901,0.0,WARMING_UP,WARMING_UP,WARMING_UP,0.0,0,63.785
8041,145.9973,,0,5.0,0.55,5,3,0,4.9915,0.0,WARMING_UP,WARMING_UP,WARMING_UP,0.0,0,60.959
8042,146.0105,,0,5.0,0.55,5,3,0,4.9919,0.0,WARMING_UP,WARMING_UP,WARMING_UP,0.0,0,62.596
8043,146.0235,,0,5.0,0.55,5,3,0,4.9914,0.0,WARMING_UP,WARMING_UP,WARMING_UP,0.0,0,64.199
8044,146.0374,,0,5.0,0.55,5,3,0,4.9929,0.0,WARMING_UP,WARMING_UP,WARMING_UP,0.0,0,65.088
8045,146.0616,,0,5.0,0.55,5,3,0,4.9762,0.0,WARMING_UP,WARMING_UP,WARMING_UP,0.0,0,62.672
8046,146.0748,,0,5.0,0.55,5,3,0,4.9893,0.0,WARMING_UP,WARMING_UP,WARMING_UP,0.0,0,63.568
8047,146.0885,,0,5.0,0.55,5,3,0,4.9899,0.0,WARMING_UP,WARMING_UP,WARMING_UP,0.0,0,65.542
8048,146.1019,,0,5.0,0.55,5,3,0,4.9909,0.0,WARMING_UP,WARMING_UP,WARMING_UP,0.0,0,66.197
8049,146.1276,,0,5.0,0.55,5,3,0,4.9984,0.0,WARMING_UP,WARMING_UP,WARMING_UP,0.0,0,63.418
8050,146.1409,,0,5.0,0.55,5,3,0,4.9994,0.0,WARMING_UP,WARMING_UP,WARMING_UP,0.0,0,64.126
8051,146.1629,,0,5.0,0.55,5,3,0,4.9719,0.0,WARMING_UP,WARMING_UP,WARMING_UP,0.0,0,62.477
8052,146.1758,,0,5.0,0.55,5,3,0,4.9848,0.0,WARMING_UP,WARMING_UP,WARMING_UP,0.0,0,63.646
8053,146.1932,,0,5.0,0.55,5,3,0,4.9893,0.0,WARMING_UP,WARMING_UP,WARMING_UP,0.0,0,63.095
8054,146.2062,,0,5.0,0.55,5,3,0,4.988,0.0,WARMING_UP,WARMING_UP,WARMING_UP,0.0,0,65.338
8055,146.2254,,0,5.0,0.55,5,3,0,4.9903,0.0,WARMING_UP,WARMING_UP,WARMING_UP,0.0,0,63.656
8056,146.2462,,0,5.0,0.55,5,3,0,4.9968,0.0,WARMING_UP,WARMING_UP,WARMING_UP,0.0,0,62.027
8057,146.2611,,0,5.0,0.55,5,3,0,4.9988,0.0,WARMING_UP,WARMING_UP,WARMING_UP,0.0,0,62.621
8058,146.2754,,0,5.0,0.55,5,3,0,4.9985,0.0,WARMING_UP,WARMING_UP,WARMING_UP,0.0,0,63.186
8059,146.2928,,0,5.0,0.55,5,3,0,4.9888,0.0,WARMING_UP,WARMING_UP,WARMING_UP,0.0,0,62.845
8060,146.3058,,0,5.0,0.55,5,3,0,4.9873,0.0,WARMING_UP,WARMING_UP,WARMING_UP,0.0,0,62.901
8061,146.3232,,0,5.0,0.55,5,3,0,4.9861,0.0,WARMING_UP,WARMING_UP,WARMING_UP,0.0,0,63.635
8062,146.3468,,0,5.0,0.55,5,3,0,4.9922,0.0,WARMING_UP,WARMING_UP,WARMING_UP,0.0,0,60.429
8063,146.3674,,0,5.0,0.55,5,3,0,4.9975,0.0,WARMING_UP,WARMING_UP,WARMING_UP,0.0,0,62.594
8064,146.3794,,0,5.0,0.55,5,3,0,4.9921,0.0,WARMING_UP,WARMING_UP,WARMING_UP,0.0,0,64.075
8065,146.4585,,0,5.0,0.55,5,3,0,4.9937,0.0,WARMING_UP,WARMING_UP,WARMING_UP,0.0,0,58.932
8066,146.4715,,0,5.0,0.55,5,3,0,4.9947,0.0,WARMING_UP,WARMING_UP,WARMING_UP,0.0,0,61.415
8067,146.4834,,0,5.0,0.55,5,3,0,4.9936,0.0,WARMING_UP,WARMING_UP,WARMING_UP,0.0,0,63.644
8068,146.4952,,0,5.0,0.55,5,3,0,4.9921,0.0,WARMING_UP,WARMING_UP,WARMING_UP,0.0,0,65.578
8069,146.5073,,0,5.0,0.55,5,3,0,4.9877,0.0,WARMING_UP,WARMING_UP,WARMING_UP,0.0,0,67.028
8070,146.5611,,0,5.0,0.55,5,3,0,4.9746,0.0,WARMING_UP,WARMING_UP,WARMING_UP,0.0,0,62.203
8071,146.5731,,0,5.0,0.55,5,3,0,4.9867,0.0,WARMING_UP,WARMING_UP,WARMING_UP,0.0,0,64.351
8072,146.5857,,0,5.0,0.55,5,3,0,4.9993,0.0,WARMING_UP,WARMING_UP,WARMING_UP,0.0,0,65.576
8073,146.5982,,0,5.0,0.55,5,3,0,4.9991,0.0,WARMING_UP,WARMING_UP,WARMING_UP,0.0,0,64.361
8074,146.6171,,0,5.0,0.55,5,3,0,4.9932,0.0,WARMING_UP,WARMING_UP,WARMING_UP,0.0,0,66.161
8075,146.6289,,0,5.0,0.55,5,3,0,4.9907,0.0,WARMING_UP,WARMING_UP,WARMING_UP,0.0,0,65.99
8076,146.6444,,0,5.0,0.55,5,3,0,4.983,0.0,WARMING_UP,WARMING_UP,WARMING_UP,0.0,0,66.79
8077,146.6579,,0,5.0,0.55,5,3,0,4.9964,0.0,WARMING_UP,WARMING_UP,WARMING_UP,0.0,0,68.49
8078,146.6704,,0,5.0,0.55,5,3,0,4.9966,0.0,WARMING_UP,WARMING_UP,WARMING_UP,0.0,0,69.444
8079,146.6827,,0,5.0,0.55,5,3,0,4.996,0.0,WARMING_UP,WARMING_UP,WARMING_UP,0.0,0,68.978
8080,146.6982,,0,5.0,0.55,5,3,0,4.9914,0.0,WARMING_UP,WARMING_UP,WARMING_UP,0.0,0,69.993
8081,146.7107,,0,5.0,0.55,5,3,0,4.9909,0.0,WARMING_UP,WARMING_UP,WARMING_UP,0.0,0,71.26
8082,146.7231,,0,5.0,0.55,5,3,0,4.9801,0.0,WARMING_UP,WARMING_UP,WARMING_UP,0.0,0,72.627
8083,146.7346,,0,5.0,0.55,5,3,0,4.9915,0.0,WARMING_UP,WARMING_UP,WARMING_UP,0.0,0,73.202
8084,146.7473,,0,5.0,0.55,5,3,0,4.9912,0.0,WARMING_UP,WARMING_UP,WARMING_UP,0.0,0,74.01
8085,146.7596,,0,5.0,0.55,5,3,0,4.9896,0.0,WARMING_UP,WARMING_UP,WARMING_UP,0.0,0,74.551
8086,146.7732,,0,5.0,0.55,5,3,0,4.9837,0.0,WARMING_UP,WARMING_UP,WARMING_UP,0.0,0,75.05
8087,146.7849,,0,5.0,0.55,5,3,0,4.9954,0.0,WARMING_UP,WARMING_UP,WARMING_UP,0.0,0,75.844
8088,146.7968,,0,5.0,0.55,5,3,0,4.9939,0.0,WARMING_UP,WARMING_UP,WARMING_UP,0.0,0,76.198
8089,146.8095,,0,5.0,0.55,5,3,0,4.9884,0.0,WARMING_UP,WARMING_UP,WARMING_UP,0.0,0,76.917
8090,146.8221,,0,5.0,0.55,5,3,0,4.9863,0.0,WARMING_UP,WARMING_UP,WARMING_UP,0.0,0,77.436
8091,146.8339,,0,5.0,0.55,5,3,0,4.9981,0.0,WARMING_UP,WARMING_UP,WARMING_UP,0.0,0,77.411
8092,146.8466,,0,5.0,0.55,5,3,0,4.9881,0.0,WARMING_UP,WARMING_UP,WARMING_UP,0.0,0,77.217
8093,146.8599,,0,5.0,0.55,5,3,0,4.9871,0.0,WARMING_UP,WARMING_UP,WARMING_UP,0.0,0,77.464
8094,146.8764,,0,5.0,0.55,5,3,0,4.9895,0.0,WARMING_UP,WARMING_UP,WARMING_UP,0.0,0,75.592
8095,146.8899,,0,5.0,0.55,5,3,0,4.9815,0.0,WARMING_UP,WARMING_UP,WARMING_UP,0.0,0,73.466
8096,146.9082,,0,5.0,0.55,5,3,0,4.9998,0.0,WARMING_UP,WARMING_UP,WARMING_UP,0.0,0,74.096
8097,146.9219,,0,5.0,0.55,5,3,0,4.9999,0.0,WARMING_UP,WARMING_UP,WARMING_UP,0.0,0,74.112
8098,146.9393,,0,5.0,0.55,5,3,0,4.9959,0.0,WARMING_UP,WARMING_UP,WARMING_UP,0.0,0,72.413
8099,146.9588,,0,5.0,0.55,5,3,0,4.989,0.0,WARMING_UP,WARMING_UP,WARMING_UP,0.0,0,70.043
8100,146.9802,,0,5.0,0.55,5,3,0,4.997,0.0,WARMING_UP,WARMING_UP,WARMING_UP,0.0,0,67.425
8101,146.9947,,0,5.0,0.55,5,3,0,4.9963,0.0,WARMING_UP,WARMING_UP,WARMING_UP,0.0,0,68.689
8102,147.0073,,0,5.0,0.55,5,3,0,4.985,0.0,WARMING_UP,WARMING_UP,WARMING_UP,0.0,0,69.416
8103,147.0251,,0,5.0,0.55,5,3,0,4.9894,0.0,WARMING_UP,WARMING_UP,WARMING_UP,0.0,0,68.421
8104,147.04,,0,5.0,0.55,5,3,0,4.9862,0.0,WARMING_UP,WARMING_UP,WARMING_UP,0.0,0,68.313
8105,147.0551,,0,5.0,0.55,5,3,0,4.9875,0.0,WARMING_UP,WARMING_UP,WARMING_UP,0.0,0,65.591
8106,147.0764,,0,5.0,0.55,5,3,0,4.9837,0.0,WARMING_UP,WARMING_UP,WARMING_UP,0.0,0,66.821
8107,147.0895,,0,5.0,0.55,5,3,0,4.9968,0.0,WARMING_UP,WARMING_UP,WARMING_UP,0.0,0,68.378
8108,147.1063,,0,5.0,0.55,5,3,0,4.9872,0.0,WARMING_UP,WARMING_UP,WARMING_UP,0.0,0,67.415
8109,147.119,,0,5.0,0.55,5,3,0,4.9998,0.0,WARMING_UP,WARMING_UP,WARMING_UP,0.0,0,68.068
8110,147.1351,,0,5.0,0.55,5,3,0,4.9769,0.0,WARMING_UP,WARMING_UP,WARMING_UP,0.0,0,67.343
8111,147.164,,0,5.0,0.55,5,3,0,4.9931,0.0,WARMING_UP,WARMING_UP,WARMING_UP,0.0,0,63.868
8112,147.1828,,0,5.0,0.55,5,3,0,4.9987,0.0,WARMING_UP,WARMING_UP,WARMING_UP,0.0,0,61.837
8113,147.2024,,0,5.0,0.55,5,3,0,4.9943,0.0,WARMING_UP,WARMING_UP,WARMING_UP,0.0,0,63.187
8114,147.2153,,0,5.0,0.55,5,3,0,4.9863,0.0,WARMING_UP,WARMING_UP,WARMING_UP,0.0,0,63.821
8115,147.2296,,0,5.0,0.55,5,3,0,4.9794,0.0,WARMING_UP,WARMING_UP,WARMING_UP,0.0,0,65.747
8116,147.2418,,0,5.0,0.55,5,3,0,4.9915,0.0,WARMING_UP,WARMING_UP,WARMING_UP,0.0,0,67.366
8117,147.2859,,0,5.0,0.55,5,3,0,4.9943,0.0,WARMING_UP,WARMING_UP,WARMING_UP,0.0,0,62.568
8118,147.307,,0,5.0,0.55,5,3,0,4.9943,0.0,WARMING_UP,WARMING_UP,WARMING_UP,0.0,0,60.944
8119,147.3281,,0,5.0,0.55,5,3,0,4.9849,0.0,WARMING_UP,WARMING_UP,WARMING_UP,0.0,0,60.52
8120,147.3447,,0,5.0,0.55,5,3,0,4.9868,0.0,WARMING_UP,WARMING_UP,WARMING_UP,0.0,0,59.755
8121,147.3635,,0,5.0,0.55,5,3,0,4.9909,0.0,WARMING_UP,WARMING_UP,WARMING_UP,0.0,0,59.019
8122,147.3817,,0,5.0,0.55,5,3,0,4.9932,0.0,WARMING_UP,WARMING_UP,WARMING_UP,0.0,0,59.708
8123,147.3979,,0,5.0,0.55,5,3,0,4.9934,0.0,WARMING_UP,WARMING_UP,WARMING_UP,0.0,0,58.931
8124,147.4164,,0,5.0,0.55,5,3,0,4.9936,0.0,WARMING_UP,WARMING_UP,WARMING_UP,0.0,0,57.774
8125,147.4385,,0,5.0,0.55,5,3,0,4.9811,0.0,WARMING_UP,WARMING_UP,WARMING_UP,0.0,0,60.233
8126,147.4506,,0,5.0,0.55,5,3,0,4.9932,0.0,WARMING_UP,WARMING_UP,WARMING_UP,0.0,0,61.169
8127,147.4647,,0,5.0,0.55,5,3,0,4.9924,0.0,WARMING_UP,WARMING_UP,WARMING_UP,0.0,0,61.599
8128,147.48,,0,5.0,0.55,5,3,0,4.9856,0.0,WARMING_UP,WARMING_UP,WARMING_UP,0.0,0,62.136
8129,147.4952,,0,5.0,0.55,5,3,0,4.9855,0.0,WARMING_UP,WARMING_UP,WARMING_UP,0.0,0,62.301
8130,147.5108,,0,5.0,0.55,5,3,0,4.9851,0.0,WARMING_UP,WARMING_UP,WARMING_UP,0.0,0,62.358
8131,147.527,,0,5.0,0.55,5,3,0,4.9876,0.0,WARMING_UP,WARMING_UP,WARMING_UP,0.0,0,62.174
8132,147.5426,,0,5.0,0.55,5,3,0,4.9873,0.0,WARMING_UP,WARMING_UP,WARMING_UP,0.0,0,62.577
8133,147.5582,,0,5.0,0.55,5,3,0,4.9885,0.0,WARMING_UP,WARMING_UP,WARMING_UP,0.0,0,64.357
8134,147.5712,,0,5.0,0.55,5,3,0,4.9762,0.0,WARMING_UP,WARMING_UP,WARMING_UP,0.0,0,65.612
8135,147.5838,,0,5.0,0.55,5,3,0,4.9887,0.0,WARMING_UP,WARMING_UP,WARMING_UP,0.0,0,66.073
8136,147.5967,,0,5.0,0.55,5,3,0,4.9893,0.0,WARMING_UP,WARMING_UP,WARMING_UP,0.0,0,66.658
8137,147.6126,,0,5.0,0.55,5,3,0,4.9914,0.0,WARMING_UP,WARMING_UP,WARMING_UP,0.0,0,66.339
8138,147.6277,,0,5.0,0.55,5,3,0,4.9867,0.0,WARMING_UP,WARMING_UP,WARMING_UP,0.0,0,65.933
8139,147.6427,,0,5.0,0.55,5,3,0,4.9885,0.0,WARMING_UP,WARMING_UP,WARMING_UP,0.0,0,65.932
8140,147.6589,,0,5.0,0.55,5,3,0,4.9899,0.0,WARMING_UP,WARMING_UP,WARMING_UP,0.0,0,67.309
8141,147.6719,,0,5.0,0.55,5,3,0,4.9865,0.0,WARMING_UP,WARMING_UP,WARMING_UP,0.0,0,68.449
8142,147.6855,,0,5.0,0.55,5,3,0,4.9453,0.0,WARMING_UP,WARMING_UP,WARMING_UP,0.0,0,68.482
8143,147.6993,,0,5.0,0.55,5,3,0,4.9591,0.0,WARMING_UP,WARMING_UP,WARMING_UP,0.0,0,68.01
8144,147.7148,,0,5.0,0.55,5,3,0,4.9746,0.0,WARMING_UP,WARMING_UP,WARMING_UP,0.0,0,68.683
8145,147.7277,,0,5.0,0.55,5,3,0,4.9875,0.0,WARMING_UP,WARMING_UP,WARMING_UP,0.0,0,69.623
8146,147.7404,,0,5.0,0.55,5,3,0,4.9807,0.0,WARMING_UP,WARMING_UP,WARMING_UP,0.0,0,70.74
8147,147.7596,,0,5.0,0.55,5,3,0,4.9999,0.0,WARMING_UP,WARMING_UP,WARMING_UP,0.0,0,68.615
8148,147.7749,,0,5.0,0.55,5,3,0,4.9897,0.0,WARMING_UP,WARMING_UP,WARMING_UP,0.0,0,68.228
8149,147.7979,,0,5.0,0.55,5,3,0,4.9999,0.0,WARMING_UP,WARMING_UP,WARMING_UP,0.0,0,65.882
8150,147.8097,,0,5.0,0.55,5,3,0,4.998,0.0,WARMING_UP,WARMING_UP,WARMING_UP,0.0,0,67.244
8151,147.8234,,0,5.0,0.55,5,3,0,4.9882,0.0,WARMING_UP,WARMING_UP,WARMING_UP,0.0,0,69.099
8152,147.8374,,0,5.0,0.55,5,3,0,4.9886,0.0,WARMING_UP,WARMING_UP,WARMING_UP,0.0,0,69.273
8153,147.8655,,0,5.0,0.55,5,3,0,4.9879,0.0,WARMING_UP,WARMING_UP,WARMING_UP,0.0,0,65.791
8154,147.8856,,0,5.0,0.55,5,3,0,4.9942,0.0,WARMING_UP,WARMING_UP,WARMING_UP,0.0,0,64.476
8155,147.9015,,0,5.0,0.55,5,3,0,4.9982,0.0,WARMING_UP,WARMING_UP,WARMING_UP,0.0,0,62.123
8156,147.921,,0,5.0,0.55,5,3,0,4.978,0.0,WARMING_UP,WARMING_UP,WARMING_UP,0.0,0,64.952
8157,147.9333,,0,5.0,0.55,5,3,0,4.9903,0.0,WARMING_UP,WARMING_UP,WARMING_UP,0.0,0,66.249
8158,147.9457,,0,5.0,0.55,5,3,0,4.9892,0.0,WARMING_UP,WARMING_UP,WARMING_UP,0.0,0,66.869
8159,147.9614,,0,5.0,0.55,5,3,0,4.9899,0.0,WARMING_UP,WARMING_UP,WARMING_UP,0.0,0,66.815
8160,147.9744,,0,5.0,0.55,5,3,0,4.9894,0.0,WARMING_UP,WARMING_UP,WARMING_UP,0.0,0,68.542
8161,148.0028,,0,5.0,0.55,5,3,0,4.9902,0.0,WARMING_UP,WARMING_UP,WARMING_UP,0.0,0,65.226
8162,148.0139,,0,5.0,0.55,5,3,0,4.9876,0.0,WARMING_UP,WARMING_UP,WARMING_UP,0.0,0,66.788
8163,148.0285,,0,5.0,0.55,5,3,0,4.9821,0.0,WARMING_UP,WARMING_UP,WARMING_UP,0.0,0,66.848
8164,148.0432,,0,5.0,0.55,5,3,0,4.9969,0.0,WARMING_UP,WARMING_UP,WARMING_UP,0.0,0,66.768
8165,148.0583,,0,5.0,0.55,5,3,0,4.9964,0.0,WARMING_UP,WARMING_UP,WARMING_UP,0.0,0,67.434
8166,148.0728,,0,5.0,0.55,5,3,0,4.9975,0.0,WARMING_UP,WARMING_UP,WARMING_UP,0.0,0,67.831
8167,148.0962,,0,5.0,0.55,5,3,0,4.9987,0.0,WARMING_UP,WARMING_UP,WARMING_UP,0.0,0,65.076
8168,148.1085,,0,5.0,0.55,5,3,0,4.9957,0.0,WARMING_UP,WARMING_UP,WARMING_UP,0.0,0,66.869
8169,148.123,,0,5.0,0.55,5,3,0,4.9969,0.0,WARMING_UP,WARMING_UP,WARMING_UP,0.0,0,67.726
8170,148.1381,,0,5.0,0.55,5,3,0,4.9764,0.0,WARMING_UP,WARMING_UP,WARMING_UP,0.0,0,67.515
8171,148.1613,,0,5.0,0.55,5,3,0,4.9996,0.0,WARMING_UP,WARMING_UP,WARMING_UP,0.0,0,64.812
8172,148.1737,,0,5.0,0.55,5,3,0,4.9923,0.0,WARMING_UP,WARMING_UP,WARMING_UP,0.0,0,66.523
8173,148.195,,0,5.0,0.55,5,3,0,4.9977,0.0,WARMING_UP,WARMING_UP,WARMING_UP,0.0,0,64.5
8174,148.2099,,0,5.0,0.55,5,3,0,4.9917,0.0,WARMING_UP,WARMING_UP,WARMING_UP,0.0,0,64.598
8175,148.2257,,0,5.0,0.55,5,3,0,4.9899,0.0,WARMING_UP,WARMING_UP,WARMING_UP,0.0,0,65.079
8176,148.2511,,0,5.0,0.55,5,3,0,4.9982,0.0,WARMING_UP,WARMING_UP,WARMING_UP,0.0,0,62.509
8177,148.2625,,0,5.0,0.55,5,3,0,4.9898,0.0,WARMING_UP,WARMING_UP,WARMING_UP,0.0,0,64.732
8178,148.2768,,0,5.0,0.55,5,3,0,4.9888,0.0,WARMING_UP,WARMING_UP,WARMING_UP,0.0,0,65.264
8179,148.2925,,0,5.0,0.55,5,3,0,4.9844,0.0,WARMING_UP,WARMING_UP,WARMING_UP,0.0,0,65.504
8180,148.3093,,0,5.0,0.55,5,3,0,4.9875,0.0,WARMING_UP,WARMING_UP,WARMING_UP,0.0,0,64.655
8181,148.3229,,0,5.0,0.55,5,3,0,4.9864,0.0,WARMING_UP,WARMING_UP,WARMING_UP,0.0,0,65.937
8182,148.3539,,0,5.0,0.55,5,3,0,4.9854,0.0,WARMING_UP,WARMING_UP,WARMING_UP,0.0,0,62.55
8183,148.366,,0,5.0,0.55,5,3,0,4.9975,0.0,WARMING_UP,WARMING_UP,WARMING_UP,0.0,0,63.521
8184,148.3797,,0,5.0,0.55,5,3,0,4.9988,0.0,WARMING_UP,WARMING_UP,WARMING_UP,0.0,0,64.877
8185,148.3927,,0,5.0,0.55,5,3,0,4.9998,0.0,WARMING_UP,WARMING_UP,WARMING_UP,0.0,0,67.152
8186,148.4127,,0,5.0,0.55,5,3,0,4.9824,0.0,WARMING_UP,WARMING_UP,WARMING_UP,0.0,0,65.097
8187,148.4257,,0,5.0,0.55,5,3,0,4.9954,0.0,WARMING_UP,WARMING_UP,WARMING_UP,0.0,0,67.178
8188,148.4615,,0,5.0,0.55,5,3,0,4.9877,0.0,WARMING_UP,WARMING_UP,WARMING_UP,0.0,0,63.226
8189,148.4734,,0,5.0,0.55,5,3,0,4.9996,0.0,WARMING_UP,WARMING_UP,WARMING_UP,0.0,0,65.607
8190,148.4854,,0,5.0,0.55,5,3,0,4.9951,0.0,WARMING_UP,WARMING_UP,WARMING_UP,0.0,0,67.072
8191,148.4972,,0,5.0,0.55,5,3,0,4.9928,0.0,WARMING_UP,WARMING_UP,WARMING_UP,0.0,0,68.061
8192,148.5146,,0,5.0,0.55,5,3,0,4.9953,0.0,WARMING_UP,WARMING_UP,WARMING_UP,0.0,0,67.148
8193,148.5305,,0,5.0,0.55,5,3,0,4.997,0.0,WARMING_UP,WARMING_UP,WARMING_UP,0.0,0,65.024
8194,148.5493,,0,5.0,0.55,5,3,0,4.9916,0.0,WARMING_UP,WARMING_UP,WARMING_UP,0.0,0,66.113
8195,148.5695,,0,5.0,0.55,5,3,0,4.9969,0.0,WARMING_UP,WARMING_UP,WARMING_UP,0.0,0,64.755
8196,148.5819,,0,5.0,0.55,5,3,0,4.989,0.0,WARMING_UP,WARMING_UP,WARMING_UP,0.0,0,65.386
8197,148.5941,,0,5.0,0.55,5,3,0,4.9872,0.0,WARMING_UP,WARMING_UP,WARMING_UP,0.0,0,67.711
8198,148.6111,,0,5.0,0.55,5,3,0,4.9872,0.0,WARMING_UP,WARMING_UP,WARMING_UP,0.0,0,66.215
8199,148.6271,,0,5.0,0.55,5,3,0,4.9886,0.0,WARMING_UP,WARMING_UP,WARMING_UP,0.0,0,66.548
8200,148.6428,,0,5.0,0.55,5,3,0,4.9897,0.0,WARMING_UP,WARMING_UP,WARMING_UP,0.0,0,66.067
8201,148.6826,,0,5.0,0.55,5,3,0,4.9924,0.0,WARMING_UP,WARMING_UP,WARMING_UP,0.0,0,61.989
8202,148.6946,,0,5.0,0.55,5,3,0,4.9904,0.0,WARMING_UP,WARMING_UP,WARMING_UP,0.0,0,64.558
8203,148.7092,,0,5.0,0.55,5,3,0,4.9921,0.0,WARMING_UP,WARMING_UP,WARMING_UP,0.0,0,65.348
8204,148.7236,,0,5.0,0.55,5,3,0,4.9781,0.0,WARMING_UP,WARMING_UP,WARMING_UP,0.0,0,65.688
8205,148.7373,,0,5.0,0.55,5,3,0,4.9919,0.0,WARMING_UP,WARMING_UP,WARMING_UP,0.0,0,65.957
8206,148.7518,,0,5.0,0.55,5,3,0,4.9852,0.0,WARMING_UP,WARMING_UP,WARMING_UP,0.0,0,66.439
8207,148.7644,,0,5.0,0.55,5,3,0,4.9978,0.0,WARMING_UP,WARMING_UP,WARMING_UP,0.0,0,64.859
8208,148.7832,,0,5.0,0.55,5,3,0,4.9913,0.0,WARMING_UP,WARMING_UP,WARMING_UP,0.0,0,66.522
8209,148.7964,,0,5.0,0.55,5,3,0,4.992,0.0,WARMING_UP,WARMING_UP,WARMING_UP,0.0,0,67.295
8210,148.809,,0,5.0,0.55,5,3,0,4.9899,0.0,WARMING_UP,WARMING_UP,WARMING_UP,0.0,0,68.561
8211,148.8236,,0,5.0,0.55,5,3,0,4.988,0.0,WARMING_UP,WARMING_UP,WARMING_UP,0.0,0,69.324
8212,148.8375,,0,5.0,0.55,5,3,0,4.9856,0.0,WARMING_UP,WARMING_UP,WARMING_UP,0.0,0,69.237
8213,148.8613,,0,5.0,0.55,5,3,0,4.9906,0.0,WARMING_UP,WARMING_UP,WARMING_UP,0.0,0,66.289
8214,148.8768,,0,5.0,0.55,5,3,0,4.9823,0.0,WARMING_UP,WARMING_UP,WARMING_UP,0.0,0,63.462
8215,148.9023,,0,5.0,0.55,5,3,0,4.994,0.0,WARMING_UP,WARMING_UP,WARMING_UP,0.0,0,62.952
8216,148.9193,,0,5.0,0.55,5,3,0,4.9922,0.0,WARMING_UP,WARMING_UP,WARMING_UP,0.0,0,63.636
8217,148.9334,,0,5.0,0.55,5,3,0,4.9942,0.0,WARMING_UP,WARMING_UP,WARMING_UP,0.0,0,63.831
8218,148.9483,,0,5.0,0.55,5,3,0,4.9935,0.0,WARMING_UP,WARMING_UP,WARMING_UP,0.0,0,64.253
8219,148.9637,,0,5.0,0.55,5,3,0,4.9871,0.0,WARMING_UP,WARMING_UP,WARMING_UP,0.0,0,64.927
8220,148.9775,,0,5.0,0.55,5,3,0,4.9822,0.0,WARMING_UP,WARMING_UP,WARMING_UP,0.0,0,63.525
8221,148.9975,,0,5.0,0.55,5,3,0,4.9873,0.0,WARMING_UP,WARMING_UP,WARMING_UP,0.0,0,63.857
8222,149.0122,,0,5.0,0.55,5,3,0,4.9875,0.0,WARMING_UP,WARMING_UP,WARMING_UP,0.0,0,63.782
8223,149.028,,0,5.0,0.55,5,3,0,4.9877,0.0,WARMING_UP,WARMING_UP,WARMING_UP,0.0,0,64.677
8224,149.0422,,0,5.0,0.55,5,3,0,4.9845,0.0,WARMING_UP,WARMING_UP,WARMING_UP,0.0,0,64.749
8225,149.0601,,0,5.0,0.55,5,3,0,4.9863,0.0,WARMING_UP,WARMING_UP,WARMING_UP,0.0,0,63.064
8226,149.0784,,0,5.0,0.55,5,3,0,4.9886,0.0,WARMING_UP,WARMING_UP,WARMING_UP,0.0,0,62.709
8227,149.0953,,0,5.0,0.55,5,3,0,4.9901,0.0,WARMING_UP,WARMING_UP,WARMING_UP,0.0,0,62.779
8228,149.1129,,0,5.0,0.55,5,3,0,4.9911,0.0,WARMING_UP,WARMING_UP,WARMING_UP,0.0,0,62.448
8229,149.1274,,0,5.0,0.55,5,3,0,4.9926,0.0,WARMING_UP,WARMING_UP,WARMING_UP,0.0,0,62.663
8230,149.1429,,0,5.0,0.55,5,3,0,4.9843,0.0,WARMING_UP,WARMING_UP,WARMING_UP,0.0,0,62.158
8231,149.1633,,0,5.0,0.55,5,3,0,4.9893,0.0,WARMING_UP,WARMING_UP,WARMING_UP,0.0,0,59.782
8232,149.1864,,0,5.0,0.55,5,3,0,4.9944,0.0,WARMING_UP,WARMING_UP,WARMING_UP,0.0,0,60.143
8233,149.2027,,0,5.0,0.55,5,3,0,4.9954,0.0,WARMING_UP,WARMING_UP,WARMING_UP,0.0,0,61.105
8234,149.2164,,0,5.0,0.55,5,3,0,4.9931,0.0,WARMING_UP,WARMING_UP,WARMING_UP,0.0,0,61.576
8235,149.2332,,0,5.0,0.55,5,3,0,4.9947,0.0,WARMING_UP,WARMING_UP,WARMING_UP,0.0,0,61.624
8236,149.2476,,0,5.0,0.55,5,3,0,4.9926,0.0,WARMING_UP,WARMING_UP,WARMING_UP,0.0,0,62.524
8237,149.2614,,0,5.0,0.55,5,3,0,4.9868,0.0,WARMING_UP,WARMING_UP,WARMING_UP,0.0,0,60.825
8238,149.2838,,0,5.0,0.55,5,3,0,4.9783,0.0,WARMING_UP,WARMING_UP,WARMING_UP,0.0,0,61.424
8239,149.2983,,0,5.0,0.55,5,3,0,4.9928,0.0,WARMING_UP,WARMING_UP,WARMING_UP,0.0,0,60.796
8240,149.3167,,0,5.0,0.55,5,3,0,4.9962,0.0,WARMING_UP,WARMING_UP,WARMING_UP,0.0,0,61.637
8241,149.3311,,0,5.0,0.55,5,3,0,4.9978,0.0,WARMING_UP,WARMING_UP,WARMING_UP,0.0,0,61.828
8242,149.3465,,0,5.0,0.55,5,3,0,4.9913,0.0,WARMING_UP,WARMING_UP,WARMING_UP,0.0,0,62.912
8243,149.3603,,0,5.0,0.55,5,3,0,4.988,0.0,WARMING_UP,WARMING_UP,WARMING_UP,0.0,0,63.745
8244,149.3743,,0,5.0,0.55,5,3,0,4.9838,0.0,WARMING_UP,WARMING_UP,WARMING_UP,0.0,0,65.758
8245,149.387,,0,5.0,0.55,5,3,0,4.9964,0.0,WARMING_UP,WARMING_UP,WARMING_UP,0.0,0,66.559
8246,149.4027,,0,5.0,0.55,5,3,0,4.9952,0.0,WARMING_UP,WARMING_UP,WARMING_UP,0.0,0,66.603
8247,149.4263,,0,5.0,0.55,5,3,0,4.9806,0.0,WARMING_UP,WARMING_UP,WARMING_UP,0.0,0,63.888
8248,149.4401,,0,5.0,0.55,5,3,0,4.9944,0.0,WARMING_UP,WARMING_UP,WARMING_UP,0.0,0,65.848
8249,149.4576,,0,5.0,0.55,5,3,0,4.9938,0.0,WARMING_UP,WARMING_UP,WARMING_UP,0.0,0,64.977
8250,149.4717,,0,5.0,0.55,5,3,0,4.9863,0.0,WARMING_UP,WARMING_UP,WARMING_UP,0.0,0,65.565
8251,149.4927,,0,5.0,0.55,5,3,0,4.9945,0.0,WARMING_UP,WARMING_UP,WARMING_UP,0.0,0,63.69
8252,149.5058,,0,5.0,0.55,5,3,0,4.9897,0.0,WARMING_UP,WARMING_UP,WARMING_UP,0.0,0,64.843
8253,149.5219,,0,5.0,0.55,5,3,0,4.9826,0.0,WARMING_UP,WARMING_UP,WARMING_UP,0.0,0,63.443
8254,149.5394,,0,5.0,0.55,5,3,0,4.9827,0.0,WARMING_UP,WARMING_UP,WARMING_UP,0.0,0,62.526
8255,149.5589,,0,5.0,0.55,5,3,0,4.9852,0.0,WARMING_UP,WARMING_UP,WARMING_UP,0.0,0,60.105
8256,149.5825,,0,5.0,0.55,5,3,0,4.9929,0.0,WARMING_UP,WARMING_UP,WARMING_UP,0.0,0,59.755
8257,149.6001,,0,5.0,0.55,5,3,0,4.9942,0.0,WARMING_UP,WARMING_UP,WARMING_UP,0.0,0,58.458
8258,149.6232,,0,5.0,0.55,5,3,0,4.9865,0.0,WARMING_UP,WARMING_UP,WARMING_UP,0.0,0,59.727
8259,149.6358,,0,5.0,0.55,5,3,0,4.9991,0.0,WARMING_UP,WARMING_UP,WARMING_UP,0.0,0,60.247
8260,149.6499,,0,5.0,0.55,5,3,0,4.9927,0.0,WARMING_UP,WARMING_UP,WARMING_UP,0.0,0,61.102
8261,149.6656,,0,5.0,0.55,5,3,0,4.9932,0.0,WARMING_UP,WARMING_UP,WARMING_UP,0.0,0,61.118
8262,149.6819,,0,5.0,0.55,5,3,0,4.9945,0.0,WARMING_UP,WARMING_UP,WARMING_UP,0.0,0,61.097
8263,149.6984,,0,5.0,0.55,5,3,0,4.9983,0.0,WARMING_UP,WARMING_UP,WARMING_UP,0.0,0,60.933
8264,149.7154,,0,5.0,0.55,5,3,0,4.9883,0.0,WARMING_UP,WARMING_UP,WARMING_UP,0.0,0,61.891
8265,149.7331,,0,5.0,0.55,5,3,0,4.9915,0.0,WARMING_UP,WARMING_UP,WARMING_UP,0.0,0,61.465
8266,149.748,,0,5.0,0.55,5,3,0,4.993,0.0,WARMING_UP,WARMING_UP,WARMING_UP,0.0,0,61.706
8267,149.7625,,0,5.0,0.55,5,3,0,4.9942,0.0,WARMING_UP,WARMING_UP,WARMING_UP,0.0,0,60.377
8268,149.7829,,0,5.0,0.55,5,3,0,4.9934,0.0,WARMING_UP,WARMING_UP,WARMING_UP,0.0,0,62.301
8269,149.7954,,0,5.0,0.55,5,3,0,4.9892,0.0,WARMING_UP,WARMING_UP,WARMING_UP,0.0,0,62.947
8270,149.8108,,0,5.0,0.55,5,3,0,4.982,0.0,WARMING_UP,WARMING_UP,WARMING_UP,0.0,0,64.133
8271,149.8461,,0,5.0,0.55,5,3,0,4.99,0.0,WARMING_UP,WARMING_UP,WARMING_UP,0.0,0,60.418
8272,149.8605,,0,5.0,0.55,5,3,0,4.9846,0.0,WARMING_UP,WARMING_UP,WARMING_UP,0.0,0,59.34
8273,149.8807,,0,5.0,0.55,5,3,0,4.9868,0.0,WARMING_UP,WARMING_UP,WARMING_UP,0.0,0,58.114
8274,149.9022,,0,5.0,0.55,5,3,0,4.9917,0.0,WARMING_UP,WARMING_UP,WARMING_UP,0.0,0,59.313
8275,149.916,,0,5.0,0.55,5,3,0,4.9904,0.0,WARMING_UP,WARMING_UP,WARMING_UP,0.0,0,60.542
8276,149.93,,0,5.0,0.55,5,3,0,4.9859,0.0,WARMING_UP,WARMING_UP,WARMING_UP,0.0,0,61.475
8277,149.9443,,0,5.0,0.55,5,3,0,4.9842,0.0,WARMING_UP,WARMING_UP,WARMING_UP,0.0,0,61.119
8278,149.9617,,0,5.0,0.55,5,3,0,4.9854,0.0,WARMING_UP,WARMING_UP,WARMING_UP,0.0,0,61.937
8279,149.9767,,0,5.0,0.55,5,3,0,4.9841,0.0,WARMING_UP,WARMING_UP,WARMING_UP,0.0,0,63.521
8280,149.9906,,0,5.0,0.55,5,3,0,4.998,0.0,WARMING_UP,WARMING_UP,WARMING_UP,0.0,0,61.822
8281,150.0104,,0,5.0,0.55,5,3,0,4.9882,0.0,WARMING_UP,WARMING_UP,WARMING_UP,0.0,0,63.993
8282,150.0238,,0,5.0,0.55,5,3,0,4.9877,0.0,WARMING_UP,WARMING_UP,WARMING_UP,0.0,0,64.435
8283,150.0404,,0,5.0,0.55,5,3,0,4.988,0.0,WARMING_UP,WARMING_UP,WARMING_UP,0.0,0,64.353
8284,150.0536,,0,5.0,0.55,5,3,0,4.9881,0.0,WARMING_UP,WARMING_UP,WARMING_UP,0.0,0,64.552
8285,150.0682,,0,5.0,0.55,5,3,0,4.9906,0.0,WARMING_UP,WARMING_UP,WARMING_UP,0.0,0,64.219
8286,150.0845,,0,5.0,0.55,5,3,0,4.9925,0.0,WARMING_UP,WARMING_UP,WARMING_UP,0.0,0,64.159
8287,150.0999,,0,5.0,0.55,5,3,0,4.9938,0.0,WARMING_UP,WARMING_UP,WARMING_UP,0.0,0,64.2
8288,150.1822,,0,5.0,0.55,5,3,0,4.9948,0.0,WARMING_UP,WARMING_UP,WARMING_UP,0.0,0,59.024
8289,150.1958,,0,5.0,0.55,5,3,0,4.9936,0.0,WARMING_UP,WARMING_UP,WARMING_UP,0.0,0,60.728
8290,150.2096,,0,5.0,0.55,5,3,0,4.9866,0.0,WARMING_UP,WARMING_UP,WARMING_UP,0.0,0,61.227
8291,150.2247,,0,5.0,0.55,5,3,0,4.9725,0.0,WARMING_UP,WARMING_UP,WARMING_UP,0.0,0,61.806
8292,150.2398,,0,5.0,0.55,5,3,0,4.9876,0.0,WARMING_UP,WARMING_UP,WARMING_UP,0.0,0,62.572
8293,150.2534,,0,5.0,0.55,5,3,0,4.9886,0.0,WARMING_UP,WARMING_UP,WARMING_UP,0.0,0,63.787
8294,150.2829,,0,5.0,0.55,5,3,0,4.99,0.0,WARMING_UP,WARMING_UP,WARMING_UP,0.0,0,60.745
8295,150.2968,,0,5.0,0.55,5,3,0,4.9909,0.0,WARMING_UP,WARMING_UP,WARMING_UP,0.0,0,61.627
8296,150.3117,,0,5.0,0.55,5,3,0,4.9828,0.0,WARMING_UP,WARMING_UP,WARMING_UP,0.0,0,62.207
8297,150.3266,,0,5.0,0.55,5,3,0,4.9977,0.0,WARMING_UP,WARMING_UP,WARMING_UP,0.0,0,63.577
8298,150.3394,,0,5.0,0.55,5,3,0,4.9979,0.0,WARMING_UP,WARMING_UP,WARMING_UP,0.0,0,64.54
8299,150.3527,,0,5.0,0.55,5,3,0,4.9984,0.0,WARMING_UP,WARMING_UP,WARMING_UP,0.0,0,63.609
8300,150.371,,0,5.0,0.55,5,3,0,4.9991,0.0,WARMING_UP,WARMING_UP,WARMING_UP,0.0,0,64.512
8301,150.3863,,0,5.0,0.55,5,3,0,4.9998,0.0,WARMING_UP,WARMING_UP,WARMING_UP,0.0,0,62.679
8302,150.4071,,0,5.0,0.55,5,3,0,4.9898,0.0,WARMING_UP,WARMING_UP,WARMING_UP,0.0,0,63.525
8303,150.4204,,0,5.0,0.55,5,3,0,4.9788,0.0,WARMING_UP,WARMING_UP,WARMING_UP,0.0,0,64.864
8304,150.4334,,0,5.0,0.55,5,3,0,4.9919,0.0,WARMING_UP,WARMING_UP,WARMING_UP,0.0,0,63.667
8305,150.4527,,0,5.0,0.55,5,3,0,4.9978,0.0,WARMING_UP,WARMING_UP,WARMING_UP,0.0,0,64.182
8306,150.4668,,0,5.0,0.55,5,3,0,4.9974,0.0,WARMING_UP,WARMING_UP,WARMING_UP,0.0,0,64.438
8307,150.4818,,0,5.0,0.55,5,3,0,4.9925,0.0,WARMING_UP,WARMING_UP,WARMING_UP,0.0,0,65.408
8308,150.4957,,0,5.0,0.55,5,3,0,4.9879,0.0,WARMING_UP,WARMING_UP,WARMING_UP,0.0,0,66.27
8309,150.5097,,0,5.0,0.55,5,3,0,4.9878,0.0,WARMING_UP,WARMING_UP,WARMING_UP,0.0,0,65.827
8310,150.5258,,0,5.0,0.55,5,3,0,4.9903,0.0,WARMING_UP,WARMING_UP,WARMING_UP,0.0,0,66.458
8311,150.5392,,0,5.0,0.55,5,3,0,4.9826,0.0,WARMING_UP,WARMING_UP,WARMING_UP,0.0,0,64.446
8312,150.5614,,0,5.0,0.55,5,3,0,4.9914,0.0,WARMING_UP,WARMING_UP,WARMING_UP,0.0,0,62.667
8313,150.5819,,0,5.0,0.55,5,3,0,4.9964,0.0,WARMING_UP,WARMING_UP,WARMING_UP,0.0,0,63.989
8314,150.5959,,0,5.0,0.55,5,3,0,4.9898,0.0,WARMING_UP,WARMING_UP,WARMING_UP,0.0,0,65.079
8315,150.6089,,0,5.0,0.55,5,3,0,4.9752,0.0,WARMING_UP,WARMING_UP,WARMING_UP,0.0,0,66.06
8316,150.6219,,0,5.0,0.55,5,3,0,4.9881,0.0,WARMING_UP,WARMING_UP,WARMING_UP,0.0,0,64.482
8317,150.6419,,0,5.0,0.55,5,3,0,4.9918,0.0,WARMING_UP,WARMING_UP,WARMING_UP,0.0,0,64.741
8318,150.6568,,0,5.0,0.55,5,3,0,4.9943,0.0,WARMING_UP,WARMING_UP,WARMING_UP,0.0,0,65.47
8319,150.6708,,0,5.0,0.55,5,3,0,4.995,0.0,WARMING_UP,WARMING_UP,WARMING_UP,0.0,0,65.935
8320,150.685,,0,5.0,0.55,5,3,0,4.9929,0.0,WARMING_UP,WARMING_UP,WARMING_UP,0.0,0,66.417
8321,150.6993,,0,5.0,0.55,5,3,0,4.9888,0.0,WARMING_UP,WARMING_UP,WARMING_UP,0.0,0,64.438
8322,150.7205,,0,5.0,0.55,5,3,0,4.9942,0.0,WARMING_UP,WARMING_UP,WARMING_UP,0.0,0,64.182
8323,150.7367,,0,5.0,0.55,5,3,0,4.9966,0.0,WARMING_UP,WARMING_UP,WARMING_UP,0.0,0,64.857
8324,150.7512,,0,5.0,0.55,5,3,0,4.9983,0.0,WARMING_UP,WARMING_UP,WARMING_UP,0.0,0,65.415
8325,150.7658,,0,5.0,0.55,5,3,0,4.9963,0.0,WARMING_UP,WARMING_UP,WARMING_UP,0.0,0,65.527
8326,150.7799,,0,5.0,0.55,5,3,0,4.9955,0.0,WARMING_UP,WARMING_UP,WARMING_UP,0.0,0,65.007
8327,150.7966,,0,5.0,0.55,5,3,0,4.9943,0.0,WARMING_UP,WARMING_UP,WARMING_UP,0.0,0,65.669
8328,150.8121,,0,5.0,0.55,5,3,0,4.9914,0.0,WARMING_UP,WARMING_UP,WARMING_UP,0.0,0,65.047
8329,150.827,,0,5.0,0.55,5,3,0,4.985,0.0,WARMING_UP,WARMING_UP,WARMING_UP,0.0,0,65.576
8330,150.8431,,0,5.0,0.55,5,3,0,4.9861,0.0,WARMING_UP,WARMING_UP,WARMING_UP,0.0,0,64.74
8331,150.8593,,0,5.0,0.55,5,3,0,4.9847,0.0,WARMING_UP,WARMING_UP,WARMING_UP,0.0,0,65.593
8332,150.8736,,0,5.0,0.55,5,3,0,4.999,0.0,WARMING_UP,WARMING_UP,WARMING_UP,0.0,0,63.837
8333,150.8947,,0,5.0,0.55,5,3,0,4.9927,0.0,WARMING_UP,WARMING_UP,WARMING_UP,0.0,0,63.273
8334,150.9118,,0,5.0,0.55,5,3,0,4.9916,0.0,WARMING_UP,WARMING_UP,WARMING_UP,0.0,0,61.414
8335,150.9348,,0,5.0,0.55,5,3,0,4.9775,0.0,WARMING_UP,WARMING_UP,WARMING_UP,0.0,0,61.27
8336,150.9515,,0,5.0,0.55,5,3,0,4.9942,0.0,WARMING_UP,WARMING_UP,WARMING_UP,0.0,0,59.261
8337,150.9771,,0,5.0,0.55,5,3,0,4.9798,0.0,WARMING_UP,WARMING_UP,WARMING_UP,0.0,0,57.473
8338,150.9985,,0,5.0,0.55,5,3,0,4.988,0.0,WARMING_UP,WARMING_UP,WARMING_UP,0.0,0,58.687
8339,151.0135,,0,5.0,0.55,5,3,0,4.99,0.0,WARMING_UP,WARMING_UP,WARMING_UP,0.0,0,59.372
8340,151.0277,,0,5.0,0.55,5,3,0,4.9903,0.0,WARMING_UP,WARMING_UP,WARMING_UP,0.0,0,60.245
8341,151.0426,,0,5.0,0.55,5,3,0,4.9809,0.0,WARMING_UP,WARMING_UP,WARMING_UP,0.0,0,61.069
8342,151.0588,,0,5.0,0.55,5,3,0,4.9971,0.0,WARMING_UP,WARMING_UP,WARMING_UP,0.0,0,61.934
8343,151.0721,,0,5.0,0.55,5,3,0,4.9972,0.0,WARMING_UP,WARMING_UP,WARMING_UP,0.0,0,60.293
8344,151.0933,,0,5.0,0.55,5,3,0,4.9914,0.0,WARMING_UP,WARMING_UP,WARMING_UP,0.0,0,62.226
8345,151.1066,,0,5.0,0.55,5,3,0,4.979,0.0,WARMING_UP,WARMING_UP,WARMING_UP,0.0,0,60.853
8346,151.1267,,0,5.0,0.55,5,3,0,4.9991,0.0,WARMING_UP,WARMING_UP,WARMING_UP,0.0,0,61.589
8347,151.1442,,0,5.0,0.55,5,3,0,4.9813,0.0,WARMING_UP,WARMING_UP,WARMING_UP,0.0,0,61.987
8348,151.1574,,0,5.0,0.55,5,3,0,4.9946,0.0,WARMING_UP,WARMING_UP,WARMING_UP,0.0,0,62.577
8349,151.1717,,0,5.0,0.55,5,3,0,4.9959,0.0,WARMING_UP,WARMING_UP,WARMING_UP,0.0,0,63.67
8350,151.1845,,0,5.0,0.55,5,3,0,4.9913,0.0,WARMING_UP,WARMING_UP,WARMING_UP,0.0,0,64.127
8351,151.1992,,0,5.0,0.55,5,3,0,4.993,0.0,WARMING_UP,WARMING_UP,WARMING_UP,0.0,0,64.705
8352,151.2152,,0,5.0,0.55,5,3,0,4.9898,0.0,WARMING_UP,WARMING_UP,WARMING_UP,0.0,0,64.171
8353,151.2314,,0,5.0,0.55,5,3,0,4.9851,0.0,WARMING_UP,WARMING_UP,WARMING_UP,0.0,0,64.024
8354,151.2472,,0,5.0,0.55,5,3,0,4.9861,0.0,WARMING_UP,WARMING_UP,WARMING_UP,0.0,0,62.347
8355,151.2675,,0,5.0,0.55,5,3,0,4.9921,0.0,WARMING_UP,WARMING_UP,WARMING_UP,0.0,0,61.009
8356,151.288,,0,5.0,0.55,5,3,0,4.9953,0.0,WARMING_UP,WARMING_UP,WARMING_UP,0.0,0,62.57
8357,151.301,,0,5.0,0.55,5,3,0,4.9952,0.0,WARMING_UP,WARMING_UP,WARMING_UP,0.0,0,62.206
8358,151.3183,,0,5.0,0.55,5,3,0,4.995,0.0,WARMING_UP,WARMING_UP,WARMING_UP,0.0,0,60.701
8359,151.3399,,0,5.0,0.55,5,3,0,4.993,0.0,WARMING_UP,WARMING_UP,WARMING_UP,0.0,0,61.902
8360,151.3533,,0,5.0,0.55,5,3,0,4.9859,0.0,WARMING_UP,WARMING_UP,WARMING_UP,0.0,0,63.25
8361,151.3669,,0,5.0,0.55,5,3,0,4.9994,0.0,WARMING_UP,WARMING_UP,WARMING_UP,0.0,0,64.116
8362,151.3799,,0,5.0,0.55,5,3,0,4.9214,0.0,WARMING_UP,WARMING_UP,WARMING_UP,0.0,0,65.411
8363,151.3932,,0,5.0,0.55,5,3,0,4.9347,0.0,WARMING_UP,WARMING_UP,WARMING_UP,0.0,0,66.926
8364,151.4061,,0,5.0,0.55,5,3,0,4.9476,0.0,WARMING_UP,WARMING_UP,WARMING_UP,0.0,0,65.081
8365,151.4259,,0,5.0,0.55,5,3,0,4.9674,0.0,WARMING_UP,WARMING_UP,WARMING_UP,0.0,0,66.624
8366,151.4386,,0,5.0,0.55,5,3,0,4.9801,0.0,WARMING_UP,WARMING_UP,WARMING_UP,0.0,0,67.183
8367,151.4526,,0,5.0,0.55,5,3,0,4.994,0.0,WARMING_UP,WARMING_UP,WARMING_UP,0.0,0,67.983
8368,151.4655,,0,5.0,0.55,5,3,0,4.994,0.0,WARMING_UP,WARMING_UP,WARMING_UP,0.0,0,69.126
8369,151.4781,,0,5.0,0.55,5,3,0,4.9946,0.0,WARMING_UP,WARMING_UP,WARMING_UP,0.0,0,69.342
8370,151.4921,,0,5.0,0.55,5,3,0,4.9969,0.0,WARMING_UP,WARMING_UP,WARMING_UP,0.0,0,70.961
8371,151.504,,0,5.0,0.55,5,3,0,4.9967,0.0,WARMING_UP,WARMING_UP,WARMING_UP,0.0,0,72.01
8372,151.5161,,0,5.0,0.55,5,3,0,4.955,0.0,WARMING_UP,WARMING_UP,WARMING_UP,0.0,0,70.098
8373,151.5361,,0,5.0,0.55,5,3,0,4.975,0.0,WARMING_UP,WARMING_UP,WARMING_UP,0.0,0,70.5
8374,151.5486,,0,5.0,0.55,5,3,0,4.9875,0.0,WARMING_UP,WARMING_UP,WARMING_UP,0.0,0,71.095
8375,151.5615,,0,5.0,0.55,5,3,0,4.9884,0.0,WARMING_UP,WARMING_UP,WARMING_UP,0.0,0,69.182
8376,151.581,,0,5.0,0.55,5,3,0,4.9952,0.0,WARMING_UP,WARMING_UP,WARMING_UP,0.0,0,69.58
8377,151.5945,,0,5.0,0.55,5,3,0,4.9963,0.0,WARMING_UP,WARMING_UP,WARMING_UP,0.0,0,68.247
8378,151.6122,,0,5.0,0.55,5,3,0,4.9952,0.0,WARMING_UP,WARMING_UP,WARMING_UP,0.0,0,68.427
8379,151.6265,,0,5.0,0.55,5,3,0,4.9976,0.0,WARMING_UP,WARMING_UP,WARMING_UP,0.0,0,69.458
8380,151.6399,,0,5.0,0.55,5,3,0,4.9955,0.0,WARMING_UP,WARMING_UP,WARMING_UP,0.0,0,70.312
8381,151.6613,,0,5.0,0.55,5,3,0,4.9909,0.0,WARMING_UP,WARMING_UP,WARMING_UP,0.0,0,66.895
8382,151.6797,,0,5.0,0.55,5,3,0,4.997,0.0,WARMING_UP,WARMING_UP,WARMING_UP,0.0,0,67.997
8383,151.6975,,0,5.0,0.55,5,3,0,4.9993,0.0,WARMING_UP,WARMING_UP,WARMING_UP,0.0,0,66.661
8384,151.7108,,0,5.0,0.55,5,3,0,4.9877,0.0,WARMING_UP,WARMING_UP,WARMING_UP,0.0,0,66.302
8385,151.7269,,0,5.0,0.55,5,3,0,4.9923,0.0,WARMING_UP,WARMING_UP,WARMING_UP,0.0,0,65.94
8386,151.7426,,0,5.0,0.55,5,3,0,4.9953,0.0,WARMING_UP,WARMING_UP,WARMING_UP,0.0,0,68.03
8387,151.7543,,0,5.0,0.55,5,3,0,4.9947,0.0,WARMING_UP,WARMING_UP,WARMING_UP,0.0,0,69.429
8388,151.767,,0,5.0,0.55,5,3,0,4.9938,0.0,WARMING_UP,WARMING_UP,WARMING_UP,0.0,0,69.807
8389,151.7928,,0,5.0,0.55,5,3,0,4.996,0.0,WARMING_UP,WARMING_UP,WARMING_UP,0.0,0,65.948
8390,151.8121,,0,5.0,0.55,5,3,0,4.99,0.0,WARMING_UP,WARMING_UP,WARMING_UP,0.0,0,64.74
8391,151.8306,,0,5.0,0.55,5,3,0,4.9967,0.0,WARMING_UP,WARMING_UP,WARMING_UP,0.0,0,65.64
8392,151.8446,,0,5.0,0.55,5,3,0,4.998,0.0,WARMING_UP,WARMING_UP,WARMING_UP,0.0,0,65.783
8393,151.8626,,0,5.0,0.55,5,3,0,4.9862,0.0,WARMING_UP,WARMING_UP,WARMING_UP,0.0,0,65.122
8394,151.8763,,0,5.0,0.55,5,3,0,4.9999,0.0,WARMING_UP,WARMING_UP,WARMING_UP,0.0,0,66.566
8395,151.9608,,0,5.0,0.55,5,3,0,4.9806,0.0,WARMING_UP,WARMING_UP,WARMING_UP,0.0,0,61.018
