frame_id,elapsed_sec,expected_label,segment_id,window_seconds,confidence_threshold,stabilization_buffer,stabilization_min_votes,keep_buffer_on_target,buffer_duration_sec,valid_feature_ratio,raw_label,threshold_label,stable_label,confidence,prediction_updated,processing_fps
0,0.0,,0,5.0,0.55,5,3,0,0.0,1.0,WARMING_UP,WARMING_UP,WARMING_UP,0.0,0,0.0
1,15.2865,,0,5.0,0.55,5,3,0,0.0,1.0,WARMING_UP,WARMING_UP,WARMING_UP,0.0,0,13.679
2,15.3567,,0,5.0,0.55,5,3,0,0.0702,1.0,WARMING_UP,WARMING_UP,WARMING_UP,0.0,0,14.992
3,15.3943,,0,5.0,0.55,5,3,0,0.1078,1.0,WARMING_UP,WARMING_UP,WARMING_UP,0.0,0,16.892
4,15.4234,,0,5.0,0.55,5,3,0,0.1369,1.0,WARMING_UP,WARMING_UP,WARMING_UP,0.0,0,18.635
5,15.4527,,0,5.0,0.55,5,3,0,0.1662,1.0,WARMING_UP,WARMING_UP,WARMING_UP,0.0,0,20.613
6,15.4786,,0,5.0,0.55,5,3,0,0.1921,1.0,WARMING_UP,WARMING_UP,WARMING_UP,0.0,0,22.001
7,15.5075,,0,5.0,0.55,5,3,0,0.221,1.0,WARMING_UP,WARMING_UP,WARMING_UP,0.0,0,23.133
8,15.5376,,0,5.0,0.55,5,3,0,0.2511,1.0,WARMING_UP,WARMING_UP,WARMING_UP,0.0,0,24.633
9,15.5639,,0,5.0,0.55,5,3,0,0.2774,1.0,WARMING_UP,WARMING_UP,WARMING_UP,0.0,0,25.955
10,15.5902,,0,5.0,0.55,5,3,0,0.3037,1.0,WARMING_UP,WARMING_UP,WARMING_UP,0.0,0,26.666
11,15.6205,,0,5.0,0.55,5,3,0,0.334,1.0,WARMING_UP,WARMING_UP,WARMING_UP,0.0,0,29.696
12,15.6381,,0,5.0,0.55,5,3,0,0.3516,1.0,WARMING_UP,WARMING_UP,WARMING_UP,0.0,0,33.821
13,15.6521,,0,5.0,0.55,5,3,0,0.3656,1.0,WARMING_UP,WARMING_UP,WARMING_UP,0.0,0,37.579
14,15.6661,,0,5.0,0.55,5,3,0,0.3796,1.0,WARMING_UP,WARMING_UP,WARMING_UP,0.0,0,42.578
15,15.6777,,0,5.0,0.55,5,3,0,0.3912,1.0,WARMING_UP,WARMING_UP,WARMING_UP,0.0,0,46.084
16,15.6904,,0,5.0,0.55,5,3,0,0.4039,1.0,WARMING_UP,WARMING_UP,WARMING_UP,0.0,0,47.541
17,15.7068,,0,5.0,0.55,5,3,0,0.4204,1.0,WARMING_UP,WARMING_UP,WARMING_UP,0.0,0,50.647
18,15.7196,,0,5.0,0.55,5,3,0,0.4331,1.0,WARMING_UP,WARMING_UP,WARMING_UP,0.0,0,53.321
19,15.7327,,0,5.0,0.55,5,3,0,0.4462,1.0,WARMING_UP,WARMING_UP,WARMING_UP,0.0,0,55.406
20,15.746,,0,5.0,0.55,5,3,0,0.4596,1.0,WARMING_UP,WARMING_UP,WARMING_UP,0.0,0,57.966
21,15.7584,,0,5.0,0.55,5,3,0,0.4719,1.0,WARMING_UP,WARMING_UP,WARMING_UP,0.0,0,60.168
22,15.7707,,0,5.0,0.55,5,3,0,0.4842,1.0,WARMING_UP,WARMING_UP,WARMING_UP,0.0,0,62.5
23,15.7828,,0,5.0,0.55,5,3,0,0.4963,1.0,WARMING_UP,WARMING_UP,WARMING_UP,0.0,0,65.203
24,15.794,,0,5.0,0.55,5,3,0,0.5075,1.0,WARMING_UP,WARMING_UP,WARMING_UP,0.0,0,67.481
25,15.8052,,0,5.0,0.55,5,3,0,0.5187,1.0,WARMING_UP,WARMING_UP,WARMING_UP,0.0,0,68.139
26,15.8188,,0,5.0,0.55,5,3,0,0.5324,1.0,WARMING_UP,WARMING_UP,WARMING_UP,0.0,0,69.478
27,15.8315,,0,5.0,0.55,5,3,0,0.545,1.0,WARMING_UP,WARMING_UP,WARMING_UP,0.0,0,70.197
28,15.8447,,0,5.0,0.55,5,3,0,0.5582,1.0,WARMING_UP,WARMING_UP,WARMING_UP,0.0,0,70.896
29,15.8571,,0,5.0,0.55,5,3,0,0.5706,1.0,WARMING_UP,WARMING_UP,WARMING_UP,0.0,0,69.292
30,15.8755,,0,5.0,0.55,5,3,0,0.5891,1.0,WARMING_UP,WARMING_UP,WARMING_UP,0.0,0,70.621
31,15.8874,,0,5.0,0.55,5,3,0,0.6009,1.0,WARMING_UP,WARMING_UP,WARMING_UP,0.0,0,71.357
32,15.9004,,0,5.0,0.55,5,3,0,0.6139,1.0,WARMING_UP,WARMING_UP,WARMING_UP,0.0,0,72.329
33,15.9126,,0,5.0,0.55,5,3,0,0.6261,1.0,WARMING_UP,WARMING_UP,WARMING_UP,0.0,0,73.485
34,15.9245,,0,5.0,0.55,5,3,0,0.6381,1.0,WARMING_UP,WARMING_UP,WARMING_UP,0.0,0,74.332
35,15.9368,,0,5.0,0.55,5,3,0,0.6503,1.0,WARMING_UP,WARMING_UP,WARMING_UP,0.0,0,74.151
36,15.9505,,0,5.0,0.55,5,3,0,0.664,1.0,WARMING_UP,WARMING_UP,WARMING_UP,0.0,0,75.319
37,15.9622,,0,5.0,0.55,5,3,0,0.6757,1.0,WARMING_UP,WARMING_UP,WARMING_UP,0.0,0,76.392
38,15.974,,0,5.0,0.55,5,3,0,0.6875,1.0,WARMING_UP,WARMING_UP,WARMING_UP,0.0,0,74.373
39,15.9916,,0,5.0,0.55,5,3,0,0.7051,1.0,WARMING_UP,WARMING_UP,WARMING_UP,0.0,0,75.564
40,16.0031,,0,5.0,0.55,5,3,0,0.7166,1.0,WARMING_UP,WARMING_UP,WARMING_UP,0.0,0,76.177
41,16.0399,,0,5.0,0.55,5,3,0,0.7534,1.0,WARMING_UP,WARMING_UP,WARMING_UP,0.0,0,71.175
42,16.0539,,0,5.0,0.55,5,3,0,0.7674,1.0,WARMING_UP,WARMING_UP,WARMING_UP,0.0,0,70.03
43,16.0704,,0,5.0,0.55,5,3,0,0.784,1.0,WARMING_UP,WARMING_UP,WARMING_UP,0.0,0,68.297
44,16.0893,,0,5.0,0.55,5,3,0,0.8028,1.0,WARMING_UP,WARMING_UP,WARMING_UP,0.0,0,69.734
45,16.1015,,0,5.0,0.55,5,3,0,0.815,1.0,WARMING_UP,WARMING_UP,WARMING_UP,0.0,0,70.81
46,16.1146,,0,5.0,0.55,5,3,0,0.8281,1.0,WARMING_UP,WARMING_UP,WARMING_UP,0.0,0,71.469
47,16.1268,,0,5.0,0.55,5,3,0,0.8403,1.0,WARMING_UP,WARMING_UP,WARMING_UP,0.0,0,72.656
48,16.1387,,0,5.0,0.55,5,3,0,0.8522,1.0,WARMING_UP,WARMING_UP,WARMING_UP,0.0,0,73.588
49,16.1509,,0,5.0,0.55,5,3,0,0.8645,1.0,WARMING_UP,WARMING_UP,WARMING_UP,0.0,0,74.643
50,16.1632,,0,5.0,0.55,5,3,0,0.8767,1.0,WARMING_UP,WARMING_UP,WARMING_UP,0.0,0,75.114
51,16.1755,,0,5.0,0.55,5,3,0,0.889,1.0,WARMING_UP,WARMING_UP,WARMING_UP,0.0,0,75.339
52,16.1884,,0,5.0,0.55,5,3,0,0.9019,1.0,WARMING_UP,WARMING_UP,WARMING_UP,0.0,0,75.931
53,16.2007,,0,5.0,0.55,5,3,0,0.9142,1.0,WARMING_UP,WARMING_UP,WARMING_UP,0.0,0,76.462
54,16.213,,0,5.0,0.55,5,3,0,0.9265,1.0,WARMING_UP,WARMING_UP,WARMING_UP,0.0,0,77.183
55,16.2249,,0,5.0,0.55,5,3,0,0.9384,1.0,WARMING_UP,WARMING_UP,WARMING_UP,0.0,0,77.337
56,16.2376,,0,5.0,0.55,5,3,0,0.9512,1.0,WARMING_UP,WARMING_UP,WARMING_UP,0.0,0,77.509
57,16.2503,,0,5.0,0.55,5,3,0,0.9638,1.0,WARMING_UP,WARMING_UP,WARMING_UP,0.0,0,77.87
58,16.2627,,0,5.0,0.55,5,3,0,0.9762,1.0,WARMING_UP,WARMING_UP,WARMING_UP,0.0,0,78.593
59,16.2744,,0,5.0,0.55,5,3,0,0.9879,1.0,WARMING_UP,WARMING_UP,WARMING_UP,0.0,0,78.988
60,16.2865,,0,5.0,0.55,5,3,0,1.0,1.0,WARMING_UP,WARMING_UP,WARMING_UP,0.0,0,78.733
61,16.2996,,0,5.0,0.55,5,3,0,1.0132,1.0,WARMING_UP,WARMING_UP,WARMING_UP,0.0,0,79.029
62,16.312,,0,5.0,0.55,5,3,0,1.0255,1.0,WARMING_UP,WARMING_UP,WARMING_UP,0.0,0,79.751
63,16.3235,,0,5.0,0.55,5,3,0,1.037,1.0,WARMING_UP,WARMING_UP,WARMING_UP,0.0,0,76.83
64,16.3432,,0,5.0,0.55,5,3,0,1.0567,1.0,WARMING_UP,WARMING_UP,WARMING_UP,0.0,0,77.395
65,16.3555,,0,5.0,0.55,5,3,0,1.069,1.0,WARMING_UP,WARMING_UP,WARMING_UP,0.0,0,75.979
66,16.3712,,0,5.0,0.55,5,3,0,1.0847,1.0,WARMING_UP,WARMING_UP,WARMING_UP,0.0,0,73.031
67,16.3927,,0,5.0,0.55,5,3,0,1.1062,1.0,WARMING_UP,WARMING_UP,WARMING_UP,0.0,0,73.807
68,16.4051,,0,5.0,0.55,5,3,0,1.1186,1.0,WARMING_UP,WARMING_UP,WARMING_UP,0.0,0,74.668
69,16.4176,,0,5.0,0.55,5,3,0,1.1311,1.0,WARMING_UP,WARMING_UP,WARMING_UP,0.0,0,72.074
70,16.4377,,0,5.0,0.55,5,3,0,1.1512,1.0,WARMING_UP,WARMING_UP,WARMING_UP,0.0,0,73.039
71,16.4499,,0,5.0,0.55,5,3,0,1.1634,1.0,WARMING_UP,WARMING_UP,WARMING_UP,0.0,0,73.993
72,16.4621,,0,5.0,0.55,5,3,0,1.1756,1.0,WARMING_UP,WARMING_UP,WARMING_UP,0.0,0,73.711
73,16.4764,,0,5.0,0.55,5,3,0,1.1899,1.0,WARMING_UP,WARMING_UP,WARMING_UP,0.0,0,74.12
74,16.4891,,0,5.0,0.55,5,3,0,1.2026,1.0,WARMING_UP,WARMING_UP,WARMING_UP,0.0,0,74.396
75,16.502,,0,5.0,0.55,5,3,0,1.2155,1.0,WARMING_UP,WARMING_UP,WARMING_UP,0.0,0,74.657
76,16.5152,,0,5.0,0.55,5,3,0,1.2287,1.0,WARMING_UP,WARMING_UP,WARMING_UP,0.0,0,73.504
77,16.5312,,0,5.0,0.55,5,3,0,1.2447,1.0,WARMING_UP,WARMING_UP,WARMING_UP,0.0,0,74.502
78,16.5427,,0,5.0,0.55,5,3,0,1.2562,1.0,WARMING_UP,WARMING_UP,WARMING_UP,0.0,0,75.939
79,16.5539,,0,5.0,0.55,5,3,0,1.2674,1.0,WARMING_UP,WARMING_UP,WARMING_UP,0.0,0,76.604
80,16.5661,,0,5.0,0.55,5,3,0,1.2796,1.0,WARMING_UP,WARMING_UP,WARMING_UP,0.0,0,77.021
81,16.5787,,0,5.0,0.55,5,3,0,1.2922,1.0,WARMING_UP,WARMING_UP,WARMING_UP,0.0,0,77.303
82,16.591,,0,5.0,0.55,5,3,0,1.3045,1.0,WARMING_UP,WARMING_UP,WARMING_UP,0.0,0,78.192
83,16.6026,,0,5.0,0.55,5,3,0,1.3161,1.0,WARMING_UP,WARMING_UP,WARMING_UP,0.0,0,76.098
84,16.6203,,0,5.0,0.55,5,3,0,1.3338,1.0,WARMING_UP,WARMING_UP,WARMING_UP,0.0,0,76.379
85,16.6329,,0,5.0,0.55,5,3,0,1.3464,1.0,WARMING_UP,WARMING_UP,WARMING_UP,0.0,0,77.131
86,16.6449,,0,5.0,0.55,5,3,0,1.3584,1.0,WARMING_UP,WARMING_UP,WARMING_UP,0.0,0,74.342
87,16.6651,,0,5.0,0.55,5,3,0,1.3787,1.0,WARMING_UP,WARMING_UP,WARMING_UP,0.0,0,75.376
88,16.6767,,0,5.0,0.55,5,3,0,1.3903,1.0,WARMING_UP,WARMING_UP,WARMING_UP,0.0,0,75.39
89,16.6901,,0,5.0,0.55,5,3,0,1.4036,1.0,WARMING_UP,WARMING_UP,WARMING_UP,0.0,0,75.676
90,16.7029,,0,5.0,0.55,5,3,0,1.4164,1.0,WARMING_UP,WARMING_UP,WARMING_UP,0.0,0,76.302
91,16.7156,,0,5.0,0.55,5,3,0,1.4291,1.0,WARMING_UP,WARMING_UP,WARMING_UP,0.0,0,76.519
92,16.7277,,0,5.0,0.55,5,3,0,1.4413,1.0,WARMING_UP,WARMING_UP,WARMING_UP,0.0,0,76.94
93,16.7402,,0,5.0,0.55,5,3,0,1.4537,1.0,WARMING_UP,WARMING_UP,WARMING_UP,0.0,0,77.208
94,16.7528,,0,5.0,0.55,5,3,0,1.4663,1.0,WARMING_UP,WARMING_UP,WARMING_UP,0.0,0,77.969
95,16.7649,,0,5.0,0.55,5,3,0,1.4784,1.0,WARMING_UP,WARMING_UP,WARMING_UP,0.0,0,78.288
96,16.7767,,0,5.0,0.55,5,3,0,1.4902,1.0,WARMING_UP,WARMING_UP,WARMING_UP,0.0,0,78.43
97,16.7894,,0,5.0,0.55,5,3,0,1.5029,1.0,WARMING_UP,WARMING_UP,WARMING_UP,0.0,0,78.839
98,16.8014,,0,5.0,0.55,5,3,0,1.5149,1.0,WARMING_UP,WARMING_UP,WARMING_UP,0.0,0,79.335
99,16.8134,,0,5.0,0.55,5,3,0,1.5269,1.0,WARMING_UP,WARMING_UP,WARMING_UP,0.0,0,76.611
100,16.8335,,0,5.0,0.55,5,3,0,1.547,1.0,WARMING_UP,WARMING_UP,WARMING_UP,0.0,0,76.575
101,16.8459,,0,5.0,0.55,5,3,0,1.5594,1.0,WARMING_UP,WARMING_UP,WARMING_UP,0.0,0,76.912
102,16.8582,,0,5.0,0.55,5,3,0,1.5717,1.0,WARMING_UP,WARMING_UP,WARMING_UP,0.0,0,77.299
103,16.8706,,0,5.0,0.55,5,3,0,1.5842,1.0,WARMING_UP,WARMING_UP,WARMING_UP,0.0,0,77.367
104,16.8835,,0,5.0,0.55,5,3,0,1.597,1.0,WARMING_UP,WARMING_UP,WARMING_UP,0.0,0,78.489
105,16.8946,,0,5.0,0.55,5,3,0,1.6081,1.0,WARMING_UP,WARMING_UP,WARMING_UP,0.0,0,78.887
106,16.9068,,0,5.0,0.55,5,3,0,1.6203,1.0,WARMING_UP,WARMING_UP,WARMING_UP,0.0,0,79.138
107,16.9192,,0,5.0,0.55,5,3,0,1.6327,1.0,WARMING_UP,WARMING_UP,WARMING_UP,0.0,0,79.62
108,16.9316,,0,5.0,0.55,5,3,0,1.6451,1.0,WARMING_UP,WARMING_UP,WARMING_UP,0.0,0,79.773
109,16.9434,,0,5.0,0.55,5,3,0,1.6569,1.0,WARMING_UP,WARMING_UP,WARMING_UP,0.0,0,79.804
110,16.956,,0,5.0,0.55,5,3,0,1.6696,1.0,WARMING_UP,WARMING_UP,WARMING_UP,0.0,0,79.52
111,16.969,,0,5.0,0.55,5,3,0,1.6825,1.0,WARMING_UP,WARMING_UP,WARMING_UP,0.0,0,80.084
112,16.9808,,0,5.0,0.55,5,3,0,1.6943,1.0,WARMING_UP,WARMING_UP,WARMING_UP,0.0,0,79.324
113,16.9949,,0,5.0,0.55,5,3,0,1.7085,1.0,WARMING_UP,WARMING_UP,WARMING_UP,0.0,0,78.273
114,17.0089,,0,5.0,0.55,5,3,0,1.7224,1.0,WARMING_UP,WARMING_UP,WARMING_UP,0.0,0,78.641
115,17.0211,,0,5.0,0.55,5,3,0,1.7346,1.0,WARMING_UP,WARMING_UP,WARMING_UP,0.0,0,76.444
116,17.0388,,0,5.0,0.55,5,3,0,1.7524,1.0,WARMING_UP,WARMING_UP,WARMING_UP,0.0,0,76.652
117,17.0515,,0,5.0,0.55,5,3,0,1.765,1.0,WARMING_UP,WARMING_UP,WARMING_UP,0.0,0,78.113
118,17.0624,,0,5.0,0.55,5,3,0,1.7759,1.0,WARMING_UP,WARMING_UP,WARMING_UP,0.0,0,76.17
119,17.0797,,0,5.0,0.55,5,3,0,1.7932,1.0,WARMING_UP,WARMING_UP,WARMING_UP,0.0,0,76.386
120,17.0929,,0,5.0,0.55,5,3,0,1.8064,1.0,WARMING_UP,WARMING_UP,WARMING_UP,0.0,0,76.386
121,17.1053,,0,5.0,0.55,5,3,0,1.8188,1.0,WARMING_UP,WARMING_UP,WARMING_UP,0.0,0,76.236
122,17.1188,,0,5.0,0.55,5,3,0,1.8323,1.0,WARMING_UP,WARMING_UP,WARMING_UP,0.0,0,73.643
123,17.1387,,0,5.0,0.55,5,3,0,1.8522,1.0,WARMING_UP,WARMING_UP,WARMING_UP,0.0,0,74.218
124,17.1512,,0,5.0,0.55,5,3,0,1.8647,1.0,WARMING_UP,WARMING_UP,WARMING_UP,0.0,0,74.861
125,17.1636,,0,5.0,0.55,5,3,0,1.8772,1.0,WARMING_UP,WARMING_UP,WARMING_UP,0.0,0,75.557
126,17.1757,,0,5.0,0.55,5,3,0,1.8893,1.0,WARMING_UP,WARMING_UP,WARMING_UP,0.0,0,76.275
127,17.188,,0,5.0,0.55,5,3,0,1.9015,1.0,WARMING_UP,WARMING_UP,WARMING_UP,0.0,0,76.394
128,17.201,,0,5.0,0.55,5,3,0,1.9145,1.0,WARMING_UP,WARMING_UP,WARMING_UP,0.0,0,76.897
129,17.213,,0,5.0,0.55,5,3,0,1.9265,1.0,WARMING_UP,WARMING_UP,WARMING_UP,0.0,0,77.31
130,17.2253,,0,5.0,0.55,5,3,0,1.9389,1.0,WARMING_UP,WARMING_UP,WARMING_UP,0.0,0,77.69
131,17.2378,,0,5.0,0.55,5,3,0,1.9513,1.0,WARMING_UP,WARMING_UP,WARMING_UP,0.0,0,77.476
132,17.251,,0,5.0,0.55,5,3,0,1.9645,1.0,WARMING_UP,WARMING_UP,WARMING_UP,0.0,0,75.137
133,17.2695,,0,5.0,0.55,5,3,0,1.983,1.0,WARMING_UP,WARMING_UP,WARMING_UP,0.0,0,76.268
134,17.2815,,0,5.0,0.55,5,3,0,1.995,1.0,WARMING_UP,WARMING_UP,WARMING_UP,0.0,0,76.463
135,17.2937,,0,5.0,0.55,5,3,0,2.0073,1.0,WARMING_UP,WARMING_UP,WARMING_UP,0.0,0,75.926
136,17.3079,,0,5.0,0.55,5,3,0,2.0214,1.0,WARMING_UP,WARMING_UP,WARMING_UP,0.0,0,77.186
137,17.3192,,0,5.0,0.55,5,3,0,2.0327,1.0,WARMING_UP,WARMING_UP,WARMING_UP,0.0,0,75.677
138,17.3353,,0,5.0,0.55,5,3,0,2.0488,1.0,WARMING_UP,WARMING_UP,WARMING_UP,0.0,0,76.129
139,17.3482,,0,5.0,0.55,5,3,0,2.0617,1.0,WARMING_UP,WARMING_UP,WARMING_UP,0.0,0,76.775
140,17.3598,,0,5.0,0.55,5,3,0,2.0733,1.0,WARMING_UP,WARMING_UP,WARMING_UP,0.0,0,77.23
141,17.3724,,0,5.0,0.55,5,3,0,2.0859,1.0,WARMING_UP,WARMING_UP,WARMING_UP,0.0,0,77.673
142,17.3845,,0,5.0,0.55,5,3,0,2.098,1.0,WARMING_UP,WARMING_UP,WARMING_UP,0.0,0,78.439
143,17.3962,,0,5.0,0.55,5,3,0,2.1097,1.0,WARMING_UP,WARMING_UP,WARMING_UP,0.0,0,79.004
144,17.408,,0,5.0,0.55,5,3,0,2.1215,1.0,WARMING_UP,WARMING_UP,WARMING_UP,0.0,0,79.562
145,17.4199,,0,5.0,0.55,5,3,0,2.1334,1.0,WARMING_UP,WARMING_UP,WARMING_UP,0.0,0,80.718
146,17.431,,0,5.0,0.55,5,3,0,2.1445,1.0,WARMING_UP,WARMING_UP,WARMING_UP,0.0,0,77.59
147,17.4514,,0,5.0,0.55,5,3,0,2.1649,1.0,WARMING_UP,WARMING_UP,WARMING_UP,0.0,0,77.812
148,17.4635,,0,5.0,0.55,5,3,0,2.177,1.0,WARMING_UP,WARMING_UP,WARMING_UP,0.0,0,77.827
149,17.4763,,0,5.0,0.55,5,3,0,2.1899,1.0,WARMING_UP,WARMING_UP,WARMING_UP,0.0,0,78.68
150,17.488,,0,5.0,0.55,5,3,0,2.2015,1.0,WARMING_UP,WARMING_UP,WARMING_UP,0.0,0,78.411
151,17.5012,,0,5.0,0.55,5,3,0,2.2147,1.0,WARMING_UP,WARMING_UP,WARMING_UP,0.0,0,79.198
152,17.5129,,0,5.0,0.55,5,3,0,2.2264,1.0,WARMING_UP,WARMING_UP,WARMING_UP,0.0,0,79.477
153,17.5249,,0,5.0,0.55,5,3,0,2.2384,1.0,WARMING_UP,WARMING_UP,WARMING_UP,0.0,0,78.5
154,17.5394,,0,5.0,0.55,5,3,0,2.2529,1.0,WARMING_UP,WARMING_UP,WARMING_UP,0.0,0,78.467
155,17.552,,0,5.0,0.55,5,3,0,2.2655,1.0,WARMING_UP,WARMING_UP,WARMING_UP,0.0,0,79.208
156,17.5638,,0,5.0,0.55,5,3,0,2.2773,1.0,WARMING_UP,WARMING_UP,WARMING_UP,0.0,0,79.462
157,17.5759,,0,5.0,0.55,5,3,0,2.2894,1.0,WARMING_UP,WARMING_UP,WARMING_UP,0.0,0,79.918
158,17.5878,,0,5.0,0.55,5,3,0,2.3013,1.0,WARMING_UP,WARMING_UP,WARMING_UP,0.0,0,79.961
159,17.6003,,0,5.0,0.55,5,3,0,2.3138,1.0,WARMING_UP,WARMING_UP,WARMING_UP,0.0,0,77.075
160,17.6199,,0,5.0,0.55,5,3,0,2.3334,1.0,WARMING_UP,WARMING_UP,WARMING_UP,0.0,0,74.243
161,17.6404,,0,5.0,0.55,5,3,0,2.3539,1.0,WARMING_UP,WARMING_UP,WARMING_UP,0.0,0,71.964
162,17.66,,0,5.0,0.55,5,3,0,2.3735,1.0,WARMING_UP,WARMING_UP,WARMING_UP,0.0,0,73.38
163,17.6715,,0,5.0,0.55,5,3,0,2.385,1.0,WARMING_UP,WARMING_UP,WARMING_UP,0.0,0,73.088
164,17.6856,,0,5.0,0.55,5,3,0,2.3991,1.0,WARMING_UP,WARMING_UP,WARMING_UP,0.0,0,72.359
165,17.701,,0,5.0,0.55,5,3,0,2.4145,1.0,WARMING_UP,WARMING_UP,WARMING_UP,0.0,0,73.504
166,17.7127,,0,5.0,0.55,5,3,0,2.4263,1.0,WARMING_UP,WARMING_UP,WARMING_UP,0.0,0,74.726
167,17.7243,,0,5.0,0.55,5,3,0,2.4379,1.0,WARMING_UP,WARMING_UP,WARMING_UP,0.0,0,75.041
168,17.7373,,0,5.0,0.55,5,3,0,2.4508,1.0,WARMING_UP,WARMING_UP,WARMING_UP,0.0,0,72.95
169,17.7558,,0,5.0,0.55,5,3,0,2.4693,1.0,WARMING_UP,WARMING_UP,WARMING_UP,0.0,0,73.521
170,17.7686,,0,5.0,0.55,5,3,0,2.4821,1.0,WARMING_UP,WARMING_UP,WARMING_UP,0.0,0,74.478
171,17.7806,,0,5.0,0.55,5,3,0,2.4941,1.0,WARMING_UP,WARMING_UP,WARMING_UP,0.0,0,75.762
172,17.792,,0,5.0,0.55,5,3,0,2.5055,1.0,WARMING_UP,WARMING_UP,WARMING_UP,0.0,0,76.408
173,17.8041,,0,5.0,0.55,5,3,0,2.5176,1.0,WARMING_UP,WARMING_UP,WARMING_UP,0.0,0,76.882
174,17.8166,,0,5.0,0.55,5,3,0,2.5301,1.0,WARMING_UP,WARMING_UP,WARMING_UP,0.0,0,77.445
175,17.8286,,0,5.0,0.55,5,3,0,2.5421,1.0,WARMING_UP,WARMING_UP,WARMING_UP,0.0,0,74.595
176,17.8495,,0,5.0,0.55,5,3,0,2.5631,1.0,WARMING_UP,WARMING_UP,WARMING_UP,0.0,0,75.008
177,17.8618,,0,5.0,0.55,5,3,0,2.5753,1.0,WARMING_UP,WARMING_UP,WARMING_UP,0.0,0,72.624
178,17.8817,,0,5.0,0.55,5,3,0,2.5952,1.0,WARMING_UP,WARMING_UP,WARMING_UP,0.0,0,72.332
179,17.8957,,0,5.0,0.55,5,3,0,2.6092,1.0,WARMING_UP,WARMING_UP,WARMING_UP,0.0,0,73.118
180,17.908,,0,5.0,0.55,5,3,0,2.6215,1.0,WARMING_UP,WARMING_UP,WARMING_UP,0.0,0,74.413
181,17.9197,,0,5.0,0.55,5,3,0,2.6332,1.0,WARMING_UP,WARMING_UP,WARMING_UP,0.0,0,75.706
182,17.931,,0,5.0,0.55,5,3,0,2.6446,1.0,WARMING_UP,WARMING_UP,WARMING_UP,0.0,0,76.817
183,17.9427,,0,5.0,0.55,5,3,0,2.6562,1.0,WARMING_UP,WARMING_UP,WARMING_UP,0.0,0,77.585
184,17.9544,,0,5.0,0.55,5,3,0,2.6679,1.0,WARMING_UP,WARMING_UP,WARMING_UP,0.0,0,77.417
185,17.9676,,0,5.0,0.55,5,3,0,2.6811,1.0,WARMING_UP,WARMING_UP,WARMING_UP,0.0,0,78.508
186,17.9791,,0,5.0,0.55,5,3,0,2.6926,1.0,WARMING_UP,WARMING_UP,WARMING_UP,0.0,0,75.719
187,17.9994,,0,5.0,0.55,5,3,0,2.7129,1.0,WARMING_UP,WARMING_UP,WARMING_UP,0.0,0,75.637
188,18.0121,,0,5.0,0.55,5,3,0,2.7256,1.0,WARMING_UP,WARMING_UP,WARMING_UP,0.0,0,76.072
189,18.0246,,0,5.0,0.55,5,3,0,2.7381,1.0,WARMING_UP,WARMING_UP,WARMING_UP,0.0,0,76.4
190,18.0372,,0,5.0,0.55,5,3,0,2.7507,1.0,WARMING_UP,WARMING_UP,WARMING_UP,0.0,0,76.903
191,18.0499,,0,5.0,0.55,5,3,0,2.7634,1.0,WARMING_UP,WARMING_UP,WARMING_UP,0.0,0,77.103
192,18.0621,,0,5.0,0.55,5,3,0,2.7756,1.0,WARMING_UP,WARMING_UP,WARMING_UP,0.0,0,77.595
193,18.0743,,0,5.0,0.55,5,3,0,2.7878,1.0,WARMING_UP,WARMING_UP,WARMING_UP,0.0,0,75.358
194,18.0925,,0,5.0,0.55,5,3,0,2.806,1.0,WARMING_UP,WARMING_UP,WARMING_UP,0.0,0,75.927
195,18.1051,,0,5.0,0.55,5,3,0,2.8186,1.0,WARMING_UP,WARMING_UP,WARMING_UP,0.0,0,76.307
196,18.1172,,0,5.0,0.55,5,3,0,2.8307,1.0,WARMING_UP,WARMING_UP,WARMING_UP,0.0,0,77.224
197,18.1291,,0,5.0,0.55,5,3,0,2.8426,1.0,WARMING_UP,WARMING_UP,WARMING_UP,0.0,0,77.396
198,18.1416,,0,5.0,0.55,5,3,0,2.8551,1.0,WARMING_UP,WARMING_UP,WARMING_UP,0.0,0,76.234
199,18.1569,,0,5.0,0.55,5,3,0,2.8704,1.0,WARMING_UP,WARMING_UP,WARMING_UP,0.0,0,76.978
200,18.169,,0,5.0,0.55,5,3,0,2.8825,1.0,WARMING_UP,WARMING_UP,WARMING_UP,0.0,0,74.987
201,18.1865,,0,5.0,0.55,5,3,0,2.9,1.0,WARMING_UP,WARMING_UP,WARMING_UP,0.0,0,75.742
202,18.1987,,0,5.0,0.55,5,3,0,2.9122,1.0,WARMING_UP,WARMING_UP,WARMING_UP,0.0,0,76.086
203,18.2111,,0,5.0,0.55,5,3,0,2.9246,1.0,WARMING_UP,WARMING_UP,WARMING_UP,0.0,0,75.946
204,18.2245,,0,5.0,0.55,5,3,0,2.938,1.0,WARMING_UP,WARMING_UP,WARMING_UP,0.0,0,76.41
205,18.2368,,0,5.0,0.55,5,3,0,2.9503,1.0,WARMING_UP,WARMING_UP,WARMING_UP,0.0,0,77.11
206,18.2493,,0,5.0,0.55,5,3,0,2.9628,1.0,WARMING_UP,WARMING_UP,WARMING_UP,0.0,0,77.228
207,18.2616,,0,5.0,0.55,5,3,0,2.9751,1.0,WARMING_UP,WARMING_UP,WARMING_UP,0.0,0,77.863
208,18.2736,,0,5.0,0.55,5,3,0,2.9872,1.0,WARMING_UP,WARMING_UP,WARMING_UP,0.0,0,77.584
209,18.287,,0,5.0,0.55,5,3,0,3.0005,1.0,WARMING_UP,WARMING_UP,WARMING_UP,0.0,0,78.786
210,18.2981,,0,5.0,0.55,5,3,0,3.0116,1.0,WARMING_UP,WARMING_UP,WARMING_UP,0.0,0,75.814
211,18.3185,,0,5.0,0.55,5,3,0,3.032,1.0,WARMING_UP,WARMING_UP,WARMING_UP,0.0,0,77.27
212,18.3295,,0,5.0,0.55,5,3,0,3.043,1.0,WARMING_UP,WARMING_UP,WARMING_UP,0.0,0,74.122
213,18.3515,,0,5.0,0.55,5,3,0,3.065,1.0,WARMING_UP,WARMING_UP,WARMING_UP,0.0,0,75.482
214,18.3626,,0,5.0,0.55,5,3,0,3.0761,1.0,WARMING_UP,WARMING_UP,WARMING_UP,0.0,0,76.451
215,18.3745,,0,5.0,0.55,5,3,0,3.088,1.0,WARMING_UP,WARMING_UP,WARMING_UP,0.0,0,77.029
216,18.3866,,0,5.0,0.55,5,3,0,3.1001,1.0,WARMING_UP,WARMING_UP,WARMING_UP,0.0,0,78.358
217,18.3977,,0,5.0,0.55,5,3,0,3.1112,1.0,WARMING_UP,WARMING_UP,WARMING_UP,0.0,0,79.177
218,18.4092,,0,5.0,0.55,5,3,0,3.1227,1.0,WARMING_UP,WARMING_UP,WARMING_UP,0.0,0,79.801
219,18.421,,0,5.0,0.55,5,3,0,3.1345,1.0,WARMING_UP,WARMING_UP,WARMING_UP,0.0,0,80.601
220,18.4331,,0,5.0,0.55,5,3,0,3.1466,1.0,WARMING_UP,WARMING_UP,WARMING_UP,0.0,0,80.702
221,18.4446,,0,5.0,0.55,5,3,0,3.1581,1.0,WARMING_UP,WARMING_UP,WARMING_UP,0.0,0,77.815
222,18.4642,,0,5.0,0.55,5,3,0,3.1777,1.0,WARMING_UP,WARMING_UP,WARMING_UP,0.0,0,78.519
223,18.4756,,0,5.0,0.55,5,3,0,3.1891,1.0,WARMING_UP,WARMING_UP,WARMING_UP,0.0,0,77.129
224,18.4912,,0,5.0,0.55,5,3,0,3.2047,1.0,WARMING_UP,WARMING_UP,WARMING_UP,0.0,0,76.425
225,18.5055,,0,5.0,0.55,5,3,0,3.219,1.0,WARMING_UP,WARMING_UP,WARMING_UP,0.0,0,76.874
226,18.5178,,0,5.0,0.55,5,3,0,3.2314,1.0,WARMING_UP,WARMING_UP,WARMING_UP,0.0,0,78.117
227,18.5289,,0,5.0,0.55,5,3,0,3.2424,1.0,WARMING_UP,WARMING_UP,WARMING_UP,0.0,0,78.435
228,18.5413,,0,5.0,0.55,5,3,0,3.2548,1.0,WARMING_UP,WARMING_UP,WARMING_UP,0.0,0,78.774
229,18.5536,,0,5.0,0.55,5,3,0,3.2671,1.0,WARMING_UP,WARMING_UP,WARMING_UP,0.0,0,79.293
230,18.566,,0,5.0,0.55,5,3,0,3.2795,1.0,WARMING_UP,WARMING_UP,WARMING_UP,0.0,0,79.619
231,18.5775,,0,5.0,0.55,5,3,0,3.291,1.0,WARMING_UP,WARMING_UP,WARMING_UP,0.0,0,79.549
232,18.5902,,0,5.0,0.55,5,3,0,3.3037,1.0,WARMING_UP,WARMING_UP,WARMING_UP,0.0,0,79.856
233,18.6024,,0,5.0,0.55,5,3,0,3.3159,1.0,WARMING_UP,WARMING_UP,WARMING_UP,0.0,0,80.882
234,18.614,,0,5.0,0.55,5,3,0,3.3275,1.0,WARMING_UP,WARMING_UP,WARMING_UP,0.0,0,80.522
235,18.6263,,0,5.0,0.55,5,3,0,3.3398,1.0,WARMING_UP,WARMING_UP,WARMING_UP,0.0,0,80.633
236,18.6386,,0,5.0,0.55,5,3,0,3.3521,1.0,WARMING_UP,WARMING_UP,WARMING_UP,0.0,0,81.444
237,18.65,,0,5.0,0.55,5,3,0,3.3636,1.0,WARMING_UP,WARMING_UP,WARMING_UP,0.0,0,81.91
238,18.6613,,0,5.0,0.55,5,3,0,3.3749,1.0,WARMING_UP,WARMING_UP,WARMING_UP,0.0,0,82.331
239,18.6731,,0,5.0,0.55,5,3,0,3.3866,1.0,WARMING_UP,WARMING_UP,WARMING_UP,0.0,0,81.368
240,18.6869,,0,5.0,0.55,5,3,0,3.4004,1.0,WARMING_UP,WARMING_UP,WARMING_UP,0.0,0,82.044
241,18.6983,,0,5.0,0.55,5,3,0,3.4118,1.0,WARMING_UP,WARMING_UP,WARMING_UP,0.0,0,82.351
242,18.7099,,0,5.0,0.55,5,3,0,3.4234,1.0,WARMING_UP,WARMING_UP,WARMING_UP,0.0,0,82.941
243,18.7213,,0,5.0,0.55,5,3,0,3.4348,1.0,WARMING_UP,WARMING_UP,WARMING_UP,0.0,0,83.09
244,18.7335,,0,5.0,0.55,5,3,0,3.447,1.0,WARMING_UP,WARMING_UP,WARMING_UP,0.0,0,83.141
245,18.745,,0,5.0,0.55,5,3,0,3.4585,1.0,WARMING_UP,WARMING_UP,WARMING_UP,0.0,0,83.136
246,18.7572,,0,5.0,0.55,5,3,0,3.4707,1.0,WARMING_UP,WARMING_UP,WARMING_UP,0.0,0,82.94
247,18.7695,,0,5.0,0.55,5,3,0,3.483,1.0,WARMING_UP,WARMING_UP,WARMING_UP,0.0,0,83.319
248,18.7811,,0,5.0,0.55,5,3,0,3.4946,1.0,WARMING_UP,WARMING_UP,WARMING_UP,0.0,0,83.705
249,18.7923,,0,5.0,0.55,5,3,0,3.5059,1.0,WARMING_UP,WARMING_UP,WARMING_UP,0.0,0,83.915
250,18.8043,,0,5.0,0.55,5,3,0,3.5178,1.0,WARMING_UP,WARMING_UP,WARMING_UP,0.0,0,84.15
251,18.8165,,0,5.0,0.55,5,3,0,3.53,1.0,WARMING_UP,WARMING_UP,WARMING_UP,0.0,0,83.336
252,18.8289,,0,5.0,0.55,5,3,0,3.5424,1.0,WARMING_UP,WARMING_UP,WARMING_UP,0.0,0,83.035
253,18.8413,,0,5.0,0.55,5,3,0,3.5548,1.0,WARMING_UP,WARMING_UP,WARMING_UP,0.0,0,83.281
254,18.8529,,0,5.0,0.55,5,3,0,3.5664,1.0,WARMING_UP,WARMING_UP,WARMING_UP,0.0,0,83.487
255,18.8647,,0,5.0,0.55,5,3,0,3.5782,1.0,WARMING_UP,WARMING_UP,WARMING_UP,0.0,0,81.089
256,18.8816,,0,5.0,0.55,5,3,0,3.5951,1.0,WARMING_UP,WARMING_UP,WARMING_UP,0.0,0,81.398
257,18.8934,,0,5.0,0.55,5,3,0,3.6069,1.0,WARMING_UP,WARMING_UP,WARMING_UP,0.0,0,81.781
258,18.9053,,0,5.0,0.55,5,3,0,3.6188,1.0,WARMING_UP,WARMING_UP,WARMING_UP,0.0,0,82.159
259,18.9169,,0,5.0,0.55,5,3,0,3.6304,1.0,WARMING_UP,WARMING_UP,WARMING_UP,0.0,0,82.488
260,18.9285,,0,5.0,0.55,5,3,0,3.642,1.0,WARMING_UP,WARMING_UP,WARMING_UP,0.0,0,82.852
261,18.9407,,0,5.0,0.55,5,3,0,3.6542,1.0,WARMING_UP,WARMING_UP,WARMING_UP,0.0,0,82.355
262,18.953,,0,5.0,0.55,5,3,0,3.6665,1.0,WARMING_UP,WARMING_UP,WARMING_UP,0.0,0,82.409
263,18.965,,0,5.0,0.55,5,3,0,3.6785,1.0,WARMING_UP,WARMING_UP,WARMING_UP,0.0,0,82.888
264,18.9765,,0,5.0,0.55,5,3,0,3.69,1.0,WARMING_UP,WARMING_UP,WARMING_UP,0.0,0,83.311
265,18.988,,0,5.0,0.55,5,3,0,3.7015,1.0,WARMING_UP,WARMING_UP,WARMING_UP,0.0,0,83.909
266,18.9995,,0,5.0,0.55,5,3,0,3.713,1.0,WARMING_UP,WARMING_UP,WARMING_UP,0.0,0,82.964
267,19.0127,,0,5.0,0.55,5,3,0,3.7262,1.0,WARMING_UP,WARMING_UP,WARMING_UP,0.0,0,82.379
268,19.0256,,0,5.0,0.55,5,3,0,3.7391,1.0,WARMING_UP,WARMING_UP,WARMING_UP,0.0,0,82.728
269,19.0373,,0,5.0,0.55,5,3,0,3.7508,1.0,WARMING_UP,WARMING_UP,WARMING_UP,0.0,0,83.282
270,19.0486,,0,5.0,0.55,5,3,0,3.7621,1.0,WARMING_UP,WARMING_UP,WARMING_UP,0.0,0,83.119
271,19.0608,,0,5.0,0.55,5,3,0,3.7743,1.0,WARMING_UP,WARMING_UP,WARMING_UP,0.0,0,83.366
272,19.0725,,0,5.0,0.55,5,3,0,3.786,1.0,WARMING_UP,WARMING_UP,WARMING_UP,0.0,0,82.718
273,19.0855,,0,5.0,0.55,5,3,0,3.799,1.0,WARMING_UP,WARMING_UP,WARMING_UP,0.0,0,83.247
274,19.0968,,0,5.0,0.55,5,3,0,3.8103,1.0,WARMING_UP,WARMING_UP,WARMING_UP,0.0,0,83.643
275,19.1083,,0,5.0,0.55,5,3,0,3.8218,1.0,WARMING_UP,WARMING_UP,WARMING_UP,0.0,0,81.907
276,19.1238,,0,5.0,0.55,5,3,0,3.8373,1.0,WARMING_UP,WARMING_UP,WARMING_UP,0.0,0,81.074
277,19.1372,,0,5.0,0.55,5,3,0,3.8507,1.0,WARMING_UP,WARMING_UP,WARMING_UP,0.0,0,81.565
278,19.149,,0,5.0,0.55,5,3,0,3.8625,1.0,WARMING_UP,WARMING_UP,WARMING_UP,0.0,0,81.22
279,19.1615,,0,5.0,0.55,5,3,0,3.875,1.0,WARMING_UP,WARMING_UP,WARMING_UP,0.0,0,81.408
280,19.1734,,0,5.0,0.55,5,3,0,3.8869,1.0,WARMING_UP,WARMING_UP,WARMING_UP,0.0,0,81.102
281,19.1862,,0,5.0,0.55,5,3,0,3.8997,1.0,WARMING_UP,WARMING_UP,WARMING_UP,0.0,0,81.859
282,19.1975,,0,5.0,0.55,5,3,0,3.911,1.0,WARMING_UP,WARMING_UP,WARMING_UP,0.0,0,81.906
283,19.2096,,0,5.0,0.55,5,3,0,3.9231,1.0,WARMING_UP,WARMING_UP,WARMING_UP,0.0,0,81.668
284,19.2222,,0,5.0,0.55,5,3,0,3.9357,1.0,WARMING_UP,WARMING_UP,WARMING_UP,0.0,0,82.46
285,19.2339,,0,5.0,0.55,5,3,0,3.9474,1.0,WARMING_UP,WARMING_UP,WARMING_UP,0.0,0,82.355
286,19.2456,,0,5.0,0.55,5,3,0,3.9591,1.0,WARMING_UP,WARMING_UP,WARMING_UP,0.0,0,82.438
287,19.2576,,0,5.0,0.55,5,3,0,3.9712,1.0,WARMING_UP,WARMING_UP,WARMING_UP,0.0,0,82.25
288,19.2704,,0,5.0,0.55,5,3,0,3.9839,1.0,WARMING_UP,WARMING_UP,WARMING_UP,0.0,0,82.691
289,19.2818,,0,5.0,0.55,5,3,0,3.9953,1.0,WARMING_UP,WARMING_UP,WARMING_UP,0.0,0,82.893
290,19.2934,,0,5.0,0.55,5,3,0,4.0069,1.0,wave,UNKNOWN,UNKNOWN,0.3033,1,75.964
291,19.3672,,0,5.0,0.55,5,3,0,4.0807,1.0,wave,UNKNOWN,UNKNOWN,0.3033,0,76.603
292,19.3792,,0,5.0,0.55,5,3,0,4.0927,1.0,wave,UNKNOWN,UNKNOWN,0.3033,0,75.936
293,19.3935,,0,5.0,0.55,5,3,0,4.107,1.0,wave,UNKNOWN,UNKNOWN,0.3033,0,76.656
294,19.4055,,0,5.0,0.55,5,3,0,4.119,1.0,wave,UNKNOWN,UNKNOWN,0.3033,0,74.839
295,19.4226,,0,5.0,0.55,5,3,0,4.1361,1.0,wave,UNKNOWN,UNKNOWN,0.3033,0,75.468
296,19.435,,0,5.0,0.55,5,3,0,4.1485,1.0,wave,UNKNOWN,UNKNOWN,0.3033,0,76.061
297,19.4472,,0,5.0,0.55,5,3,0,4.1607,1.0,wave,UNKNOWN,UNKNOWN,0.3033,0,76.011
298,19.4606,,0,5.0,0.55,5,3,0,4.1741,1.0,wave,UNKNOWN,UNKNOWN,0.3033,0,76.888
299,19.4723,,0,5.0,0.55,5,3,0,4.1858,1.0,wave,UNKNOWN,UNKNOWN,0.3033,0,77.339
300,19.4846,,0,5.0,0.55,5,3,0,4.1981,1.0,wave,UNKNOWN,UNKNOWN,0.3033,0,78.038
301,19.4965,,0,5.0,0.55,5,3,0,4.21,1.0,wave,UNKNOWN,UNKNOWN,0.3033,0,78.339
302,19.5089,,0,5.0,0.55,5,3,0,4.2224,1.0,wave,UNKNOWN,UNKNOWN,0.3033,0,78.584
303,19.5211,,0,5.0,0.55,5,3,0,4.2346,1.0,wave,UNKNOWN,UNKNOWN,0.3033,0,78.993
304,19.5336,,0,5.0,0.55,5,3,0,4.2471,1.0,wave,UNKNOWN,UNKNOWN,0.3033,0,78.937
305,19.5459,,0,5.0,0.55,5,3,0,4.2594,1.0,wave,UNKNOWN,UNKNOWN,0.27,1,72.952
306,19.5985,,0,5.0,0.55,5,3,0,4.312,1.0,wave,UNKNOWN,UNKNOWN,0.27,0,73.845
307,19.6107,,0,5.0,0.55,5,3,0,4.3242,1.0,wave,UNKNOWN,UNKNOWN,0.27,0,74.465
308,19.623,,0,5.0,0.55,5,3,0,4.3365,1.0,wave,UNKNOWN,UNKNOWN,0.27,0,74.398
309,19.6366,,0,5.0,0.55,5,3,0,4.3501,1.0,wave,UNKNOWN,UNKNOWN,0.27,0,75.13
310,19.6488,,0,5.0,0.55,5,3,0,4.3623,1.0,wave,UNKNOWN,UNKNOWN,0.27,0,75.006
311,19.6623,,0,5.0,0.55,5,3,0,4.3758,1.0,wave,UNKNOWN,UNKNOWN,0.27,0,76.099
312,19.6743,,0,5.0,0.55,5,3,0,4.3878,1.0,wave,UNKNOWN,UNKNOWN,0.27,0,75.914
313,19.6876,,0,5.0,0.55,5,3,0,4.4011,1.0,wave,UNKNOWN,UNKNOWN,0.27,0,76.538
314,19.6998,,0,5.0,0.55,5,3,0,4.4133,1.0,wave,UNKNOWN,UNKNOWN,0.27,0,76.638
315,19.7124,,0,5.0,0.55,5,3,0,4.4259,1.0,wave,UNKNOWN,UNKNOWN,0.27,0,77.886
316,19.7239,,0,5.0,0.55,5,3,0,4.4374,1.0,wave,UNKNOWN,UNKNOWN,0.27,0,78.047
317,19.7362,,0,5.0,0.55,5,3,0,4.4497,1.0,wave,UNKNOWN,UNKNOWN,0.27,0,78.681
318,19.7481,,0,5.0,0.55,5,3,0,4.4617,1.0,wave,UNKNOWN,UNKNOWN,0.27,0,78.069
319,19.7619,,0,5.0,0.55,5,3,0,4.4754,1.0,wave,UNKNOWN,UNKNOWN,0.27,0,78.789
320,19.7738,,0,5.0,0.55,5,3,0,4.4873,1.0,wave,UNKNOWN,UNKNOWN,0.27,0,79.403
321,19.7857,,0,5.0,0.55,5,3,0,4.4992,1.0,wave,UNKNOWN,UNKNOWN,0.27,0,79.334
322,19.7982,,0,5.0,0.55,5,3,0,4.5117,1.0,wave,UNKNOWN,UNKNOWN,0.2633,1,73.398
323,19.8484,,0,5.0,0.55,5,3,0,4.5619,1.0,wave,UNKNOWN,UNKNOWN,0.2633,0,73.261
324,19.8621,,0,5.0,0.55,5,3,0,4.5756,1.0,wave,UNKNOWN,UNKNOWN,0.2633,0,74.388
325,19.8738,,0,5.0,0.55,5,3,0,4.5874,1.0,wave,UNKNOWN,UNKNOWN,0.2633,0,74.438
326,19.8873,,0,5.0,0.55,5,3,0,4.6008,1.0,wave,UNKNOWN,UNKNOWN,0.2633,0,74.871
327,19.9002,,0,5.0,0.55,5,3,0,4.6138,1.0,wave,UNKNOWN,UNKNOWN,0.2633,0,74.814
328,19.9134,,0,5.0,0.55,5,3,0,4.6269,1.0,wave,UNKNOWN,UNKNOWN,0.2633,0,75.342
329,19.9259,,0,5.0,0.55,5,3,0,4.6394,1.0,wave,UNKNOWN,UNKNOWN,0.2633,0,75.922
330,19.9382,,0,5.0,0.55,5,3,0,4.6517,1.0,wave,UNKNOWN,UNKNOWN,0.2633,0,76.944
331,19.9501,,0,5.0,0.55,5,3,0,4.6636,1.0,wave,UNKNOWN,UNKNOWN,0.2633,0,75.398
332,19.9664,,0,5.0,0.55,5,3,0,4.6799,1.0,wave,UNKNOWN,UNKNOWN,0.2633,0,75.703
333,19.9787,,0,5.0,0.55,5,3,0,4.6922,1.0,wave,UNKNOWN,UNKNOWN,0.2633,0,76.201
334,19.9913,,0,5.0,0.55,5,3,0,4.7048,1.0,wave,UNKNOWN,UNKNOWN,0.2633,0,76.904
335,20.0035,,0,5.0,0.55,5,3,0,4.717,1.0,wave,UNKNOWN,UNKNOWN,0.2633,0,77.187
336,20.0158,,0,5.0,0.55,5,3,0,4.7293,1.0,wave,UNKNOWN,UNKNOWN,0.2633,0,77.04
337,20.029,,0,5.0,0.55,5,3,0,4.7426,1.0,wave,UNKNOWN,UNKNOWN,0.2633,0,76.532
338,20.043,,0,5.0,0.55,5,3,0,4.7565,1.0,wave,UNKNOWN,UNKNOWN,0.2633,0,76.886
339,20.0558,,0,5.0,0.55,5,3,0,4.7693,1.0,wave,UNKNOWN,UNKNOWN,0.2833,1,70.885
340,20.115,,0,5.0,0.55,5,3,0,4.8285,1.0,wave,UNKNOWN,UNKNOWN,0.2833,0,71.785
341,20.1271,,0,5.0,0.55,5,3,0,4.8406,1.0,wave,UNKNOWN,UNKNOWN,0.2833,0,72.55
342,20.1399,,0,5.0,0.55,5,3,0,4.8534,1.0,wave,UNKNOWN,UNKNOWN,0.2833,0,72.908
343,20.153,,0,5.0,0.55,5,3,0,4.8665,1.0,wave,UNKNOWN,UNKNOWN,0.2833,0,73.065
344,20.1663,,0,5.0,0.55,5,3,0,4.8799,1.0,wave,UNKNOWN,UNKNOWN,0.2833,0,72.498
345,20.1811,,0,5.0,0.55,5,3,0,4.8947,1.0,wave,UNKNOWN,UNKNOWN,0.2833,0,73.504
346,20.1933,,0,5.0,0.55,5,3,0,4.9068,1.0,wave,UNKNOWN,UNKNOWN,0.2833,0,74.268
347,20.2056,,0,5.0,0.55,5,3,0,4.9191,1.0,wave,UNKNOWN,UNKNOWN,0.2833,0,74.57
348,20.2188,,0,5.0,0.55,5,3,0,4.9323,1.0,wave,UNKNOWN,UNKNOWN,0.2833,0,75.048
349,20.2311,,0,5.0,0.55,5,3,0,4.9446,1.0,wave,UNKNOWN,UNKNOWN,0.2833,0,74.501
350,20.2456,,0,5.0,0.55,5,3,0,4.9591,1.0,wave,UNKNOWN,UNKNOWN,0.2833,0,75.153
351,20.2579,,0,5.0,0.55,5,3,0,4.9714,1.0,wave,UNKNOWN,UNKNOWN,0.2833,0,75.478
352,20.2707,,0,5.0,0.55,5,3,0,4.9842,1.0,wave,UNKNOWN,UNKNOWN,0.2833,0,76.135
353,20.2828,,0,5.0,0.55,5,3,0,4.9963,1.0,wave,UNKNOWN,UNKNOWN,0.2833,0,73.976
354,20.3013,,0,5.0,0.55,5,3,0,4.9445,1.0,wave,UNKNOWN,UNKNOWN,0.2833,0,74.578
355,20.3136,,0,5.0,0.55,5,3,0,4.9569,1.0,wave,UNKNOWN,UNKNOWN,0.2767,1,69.091
356,20.3648,,0,5.0,0.55,5,3,0,4.9705,1.0,wave,UNKNOWN,UNKNOWN,0.2767,0,69.307
357,20.3783,,0,5.0,0.55,5,3,0,4.984,1.0,wave,UNKNOWN,UNKNOWN,0.2767,0,70.721
358,20.3904,,0,5.0,0.55,5,3,0,4.9961,1.0,wave,UNKNOWN,UNKNOWN,0.2767,0,71.454
359,20.4033,,0,5.0,0.55,5,3,0,4.9799,1.0,wave,UNKNOWN,UNKNOWN,0.2767,0,72.469
360,20.4155,,0,5.0,0.55,5,3,0,4.9921,1.0,wave,UNKNOWN,UNKNOWN,0.2767,0,71.654
361,20.431,,0,5.0,0.55,5,3,0,4.9783,1.0,wave,UNKNOWN,UNKNOWN,0.2767,0,72.572
362,20.4434,,0,5.0,0.55,5,3,0,4.9907,1.0,wave,UNKNOWN,UNKNOWN,0.2767,0,72.987
363,20.4568,,0,5.0,0.55,5,3,0,4.9782,1.0,wave,UNKNOWN,UNKNOWN,0.2767,0,73.708
364,20.4688,,0,5.0,0.55,5,3,0,4.9902,1.0,wave,UNKNOWN,UNKNOWN,0.2767,0,74.035
365,20.4819,,0,5.0,0.55,5,3,0,4.9743,1.0,wave,UNKNOWN,UNKNOWN,0.2767,0,74.286
366,20.4949,,0,5.0,0.55,5,3,0,4.9874,1.0,wave,UNKNOWN,UNKNOWN,0.2767,0,73.46
367,20.51,,0,5.0,0.55,5,3,0,4.9725,1.0,wave,UNKNOWN,UNKNOWN,0.2767,0,71.743
368,20.5279,,0,5.0,0.55,5,3,0,4.9903,1.0,wave,UNKNOWN,UNKNOWN,0.2767,0,71.67
369,20.5421,,0,5.0,0.55,5,3,0,4.9782,1.0,wave,UNKNOWN,UNKNOWN,0.2767,0,72.065
370,20.5555,,0,5.0,0.55,5,3,0,4.9917,1.0,wave,UNKNOWN,UNKNOWN,0.2767,0,71.382
371,20.5705,,0,5.0,0.55,5,3,0,4.9803,1.0,wave,UNKNOWN,UNKNOWN,0.29,1,66.256
372,20.6203,,0,5.0,0.55,5,3,0,4.9998,1.0,wave,UNKNOWN,UNKNOWN,0.29,0,67.164
373,20.6335,,0,5.0,0.55,5,3,0,4.9954,1.0,wave,UNKNOWN,UNKNOWN,0.29,0,68.322
374,20.6461,,0,5.0,0.55,5,3,0,4.994,1.0,wave,UNKNOWN,UNKNOWN,0.29,0,66.559
375,20.6661,,0,5.0,0.55,5,3,0,4.9884,1.0,wave,UNKNOWN,UNKNOWN,0.29,0,67.961
376,20.6782,,0,5.0,0.55,5,3,0,4.9878,1.0,wave,UNKNOWN,UNKNOWN,0.29,0,68.682
377,20.6917,,0,5.0,0.55,5,3,0,4.9849,1.0,wave,UNKNOWN,UNKNOWN,0.29,0,68.753
378,20.706,,0,5.0,0.55,5,3,0,4.9992,1.0,wave,UNKNOWN,UNKNOWN,0.29,0,70.325
379,20.7182,,0,5.0,0.55,5,3,0,4.9986,1.0,wave,UNKNOWN,UNKNOWN,0.29,0,71.491
380,20.7299,,0,5.0,0.55,5,3,0,4.9972,1.0,wave,UNKNOWN,UNKNOWN,0.29,0,69.018
381,20.7519,,0,5.0,0.55,5,3,0,4.9935,1.0,wave,UNKNOWN,UNKNOWN,0.29,0,70.226
382,20.7636,,0,5.0,0.55,5,3,0,4.9929,1.0,wave,UNKNOWN,UNKNOWN,0.29,0,71.03
383,20.7765,,0,5.0,0.55,5,3,0,4.9937,1.0,wave,UNKNOWN,UNKNOWN,0.29,0,70.915
384,20.7909,,0,5.0,0.55,5,3,0,4.9969,1.0,wave,UNKNOWN,UNKNOWN,0.29,0,68.897
385,20.8106,,0,5.0,0.55,5,3,0,4.9918,1.0,wave,UNKNOWN,UNKNOWN,0.29,0,69.322
386,20.8243,,0,5.0,0.55,5,3,0,4.9928,1.0,wave,UNKNOWN,UNKNOWN,0.3,1,64.186
387,20.8803,,0,5.0,0.55,5,3,0,4.9928,1.0,wave,UNKNOWN,UNKNOWN,0.3,0,64.784
388,20.8941,,0,5.0,0.55,5,3,0,4.9938,1.0,wave,UNKNOWN,UNKNOWN,0.3,0,64.256
389,20.9109,,0,5.0,0.55,5,3,0,4.9983,1.0,wave,UNKNOWN,UNKNOWN,0.3,0,64.347
390,20.9263,,0,5.0,0.55,5,3,0,4.9894,1.0,wave,UNKNOWN,UNKNOWN,0.3,0,65.103
391,20.9403,,0,5.0,0.55,5,3,0,4.9898,1.0,wave,UNKNOWN,UNKNOWN,0.3,0,66.148
392,20.9536,,0,5.0,0.55,5,3,0,4.9914,1.0,wave,UNKNOWN,UNKNOWN,0.3,0,64.862
393,20.9725,,0,5.0,0.55,5,3,0,4.9985,1.0,wave,UNKNOWN,UNKNOWN,0.3,0,66.642
394,20.9846,,0,5.0,0.55,5,3,0,4.993,1.0,wave,UNKNOWN,UNKNOWN,0.3,0,67.695
395,20.9972,,0,5.0,0.55,5,3,0,4.9941,1.0,wave,UNKNOWN,UNKNOWN,0.3,0,68.755
396,21.0101,,0,5.0,0.55,5,3,0,4.9702,1.0,wave,UNKNOWN,UNKNOWN,0.3,0,68.682
397,21.0247,,0,5.0,0.55,5,3,0,4.9849,1.0,wave,UNKNOWN,UNKNOWN,0.3,0,70.082
398,21.0372,,0,5.0,0.55,5,3,0,4.9973,1.0,wave,UNKNOWN,UNKNOWN,0.3,0,70.632
399,21.0501,,0,5.0,0.55,5,3,0,4.9962,1.0,wave,UNKNOWN,UNKNOWN,0.3,0,70.198
400,21.0652,,0,5.0,0.55,5,3,0,4.9947,1.0,wave,UNKNOWN,UNKNOWN,0.3,0,70.998
401,21.078,,0,5.0,0.55,5,3,0,4.9887,1.0,wave,UNKNOWN,UNKNOWN,0.3067,1,65.776
402,21.1312,,0,5.0,0.55,5,3,0,4.9925,1.0,wave,UNKNOWN,UNKNOWN,0.3067,0,67.387
403,21.1435,,0,5.0,0.55,5,3,0,4.9926,1.0,wave,UNKNOWN,UNKNOWN,0.3067,0,67.979
404,21.1572,,0,5.0,0.55,5,3,0,4.994,1.0,wave,UNKNOWN,UNKNOWN,0.3067,0,68.005
405,21.172,,0,5.0,0.55,5,3,0,4.9965,1.0,wave,UNKNOWN,UNKNOWN,0.3067,0,66.766
406,21.1898,,0,5.0,0.55,5,3,0,4.989,1.0,wave,UNKNOWN,UNKNOWN,0.3067,0,68.026
407,21.2023,,0,5.0,0.55,5,3,0,4.9893,1.0,wave,UNKNOWN,UNKNOWN,0.3067,0,69.164
408,21.215,,0,5.0,0.55,5,3,0,4.9901,1.0,wave,UNKNOWN,UNKNOWN,0.3067,0,69.596
409,21.2284,,0,5.0,0.55,5,3,0,4.9908,1.0,wave,UNKNOWN,UNKNOWN,0.3067,0,71.007
410,21.2408,,0,5.0,0.55,5,3,0,4.9904,1.0,wave,UNKNOWN,UNKNOWN,0.3067,0,72.026
411,21.2529,,0,5.0,0.55,5,3,0,4.9902,1.0,wave,UNKNOWN,UNKNOWN,0.3067,0,72.802
412,21.2652,,0,5.0,0.55,5,3,0,4.9908,1.0,wave,UNKNOWN,UNKNOWN,0.3067,0,73.264
413,21.2782,,0,5.0,0.55,5,3,0,4.9917,1.0,wave,UNKNOWN,UNKNOWN,0.3067,0,74.025
414,21.2907,,0,5.0,0.55,5,3,0,4.991,1.0,wave,UNKNOWN,UNKNOWN,0.3067,0,74.539
415,21.3032,,0,5.0,0.55,5,3,0,4.9912,1.0,wave,UNKNOWN,UNKNOWN,0.3067,0,71.704
416,21.3249,,0,5.0,0.55,5,3,0,4.9817,1.0,wave,UNKNOWN,UNKNOWN,0.3067,0,72.133
417,21.3381,,0,5.0,0.55,5,3,0,4.995,1.0,wave,UNKNOWN,UNKNOWN,0.34,1,66.88
418,21.3894,,0,5.0,0.55,5,3,0,4.9967,1.0,wave,UNKNOWN,UNKNOWN,0.34,0,66.183
419,21.4058,,0,5.0,0.55,5,3,0,4.9882,1.0,wave,UNKNOWN,UNKNOWN,0.34,0,67.201
420,21.4193,,0,5.0,0.55,5,3,0,4.9816,1.0,wave,UNKNOWN,UNKNOWN,0.34,0,68.474
421,21.4313,,0,5.0,0.55,5,3,0,4.9936,1.0,wave,UNKNOWN,UNKNOWN,0.34,0,69.001
422,21.4451,,0,5.0,0.55,5,3,0,4.9952,1.0,wave,UNKNOWN,UNKNOWN,0.34,0,66.808
423,21.4663,,0,5.0,0.55,5,3,0,4.9898,1.0,wave,UNKNOWN,UNKNOWN,0.34,0,68.331
424,21.4783,,0,5.0,0.55,5,3,0,4.9892,1.0,wave,UNKNOWN,UNKNOWN,0.34,0,69.114
425,21.4915,,0,5.0,0.55,5,3,0,4.9895,1.0,wave,UNKNOWN,UNKNOWN,0.34,0,69.315
426,21.5055,,0,5.0,0.55,5,3,0,4.9903,1.0,wave,UNKNOWN,UNKNOWN,0.34,0,70.877
427,21.5173,,0,5.0,0.55,5,3,0,4.986,1.0,wave,UNKNOWN,UNKNOWN,0.34,0,70.996
428,21.5313,,0,5.0,0.55,5,3,0,4.9886,1.0,wave,UNKNOWN,UNKNOWN,0.34,0,71.422
429,21.5444,,0,5.0,0.55,5,3,0,4.9905,1.0,wave,UNKNOWN,UNKNOWN,0.34,0,71.991
430,21.5574,,0,5.0,0.55,5,3,0,4.9913,1.0,wave,UNKNOWN,UNKNOWN,0.34,0,72.069
431,21.5712,,0,5.0,0.55,5,3,0,4.9926,1.0,wave,UNKNOWN,UNKNOWN,0.34,0,73.125
432,21.5834,,0,5.0,0.55,5,3,0,4.9924,1.0,wave,UNKNOWN,UNKNOWN,0.34,0,74.182
433,21.5956,,0,5.0,0.55,5,3,0,4.993,1.0,wave,UNKNOWN,UNKNOWN,0.3167,1,68.633
434,21.6491,,0,5.0,0.55,5,3,0,4.9839,1.0,wave,UNKNOWN,UNKNOWN,0.3167,0,68.776
435,21.663,,0,5.0,0.55,5,3,0,4.9979,1.0,wave,UNKNOWN,UNKNOWN,0.3167,0,70.123
436,21.6752,,0,5.0,0.55,5,3,0,4.9984,1.0,wave,UNKNOWN,UNKNOWN,0.3167,0,69.819
437,21.6903,,0,5.0,0.55,5,3,0,4.9874,1.0,wave,UNKNOWN,UNKNOWN,0.3167,0,70.407
438,21.7033,,0,5.0,0.55,5,3,0,4.9878,1.0,wave,UNKNOWN,UNKNOWN,0.3167,0,71.157
439,21.7161,,0,5.0,0.55,5,3,0,4.9883,1.0,wave,UNKNOWN,UNKNOWN,0.3167,0,70.786
440,21.731,,0,5.0,0.55,5,3,0,4.9907,1.0,wave,UNKNOWN,UNKNOWN,0.3167,0,70.95
441,21.7447,,0,5.0,0.55,5,3,0,4.9919,1.0,wave,UNKNOWN,UNKNOWN,0.3167,0,72.165
442,21.7571,,0,5.0,0.55,5,3,0,4.9922,1.0,wave,UNKNOWN,UNKNOWN,0.3167,0,72.364
443,21.7703,,0,5.0,0.55,5,3,0,4.9936,1.0,wave,UNKNOWN,UNKNOWN,0.3167,0,72.51
444,21.7838,,0,5.0,0.55,5,3,0,4.9944,1.0,wave,UNKNOWN,UNKNOWN,0.3167,0,73.12
445,21.7965,,0,5.0,0.55,5,3,0,4.9951,1.0,wave,UNKNOWN,UNKNOWN,0.3167,0,73.645
446,21.8092,,0,5.0,0.55,5,3,0,4.9958,1.0,wave,UNKNOWN,UNKNOWN,0.3167,0,75.09
447,21.8206,,0,5.0,0.55,5,3,0,4.9871,1.0,wave,UNKNOWN,UNKNOWN,0.3167,0,75.522
448,21.8333,,0,5.0,0.55,5,3,0,4.9998,1.0,wave,UNKNOWN,UNKNOWN,0.3167,0,75.529
449,21.8465,,0,5.0,0.55,5,3,0,4.9883,1.0,wave,UNKNOWN,UNKNOWN,0.29,1,69.845
450,21.9006,,0,5.0,0.55,5,3,0,4.9938,1.0,wave,UNKNOWN,UNKNOWN,0.29,0,70.634
451,21.9129,,0,5.0,0.55,5,3,0,4.9937,1.0,wave,UNKNOWN,UNKNOWN,0.29,0,70.927
452,21.9264,,0,5.0,0.55,5,3,0,4.9948,1.0,wave,UNKNOWN,UNKNOWN,0.29,0,71.587
453,21.9392,,0,5.0,0.55,5,3,0,4.9959,1.0,wave,UNKNOWN,UNKNOWN,0.29,0,72.743
454,21.9515,,0,5.0,0.55,5,3,0,4.9955,1.0,wave,UNKNOWN,UNKNOWN,0.29,0,72.751
455,21.9651,,0,5.0,0.55,5,3,0,4.9961,1.0,wave,UNKNOWN,UNKNOWN,0.29,0,73.127
456,21.9781,,0,5.0,0.55,5,3,0,4.9973,1.0,wave,UNKNOWN,UNKNOWN,0.29,0,73.674
457,21.9909,,0,5.0,0.55,5,3,0,4.9959,1.0,wave,UNKNOWN,UNKNOWN,0.29,0,74.025
458,22.0038,,0,5.0,0.55,5,3,0,4.9949,1.0,wave,UNKNOWN,UNKNOWN,0.29,0,74.659
459,22.0164,,0,5.0,0.55,5,3,0,4.9953,1.0,wave,UNKNOWN,UNKNOWN,0.29,0,74.498
460,22.0299,,0,5.0,0.55,5,3,0,4.9911,1.0,wave,UNKNOWN,UNKNOWN,0.29,0,75.423
461,22.0421,,0,5.0,0.55,5,3,0,4.9905,1.0,wave,UNKNOWN,UNKNOWN,0.29,0,75.466
462,22.0551,,0,5.0,0.55,5,3,0,4.9928,1.0,wave,UNKNOWN,UNKNOWN,0.29,0,75.368
463,22.0692,,0,5.0,0.55,5,3,0,4.9895,1.0,wave,UNKNOWN,UNKNOWN,0.29,0,75.084
464,22.0825,,0,5.0,0.55,5,3,0,4.9896,1.0,wave,UNKNOWN,UNKNOWN,0.29,0,74.817
465,22.0961,,0,5.0,0.55,5,3,0,4.9907,1.0,wave,UNKNOWN,UNKNOWN,0.29,0,72.068
466,22.1177,,0,5.0,0.55,5,3,0,4.9989,1.0,wave,UNKNOWN,UNKNOWN,0.2767,1,66.631
467,22.1743,,0,5.0,0.55,5,3,0,4.9985,1.0,wave,UNKNOWN,UNKNOWN,0.2767,0,65.702
468,22.1912,,0,5.0,0.55,5,3,0,4.9902,1.0,wave,UNKNOWN,UNKNOWN,0.2767,0,66.393
469,22.2049,,0,5.0,0.55,5,3,0,4.9919,1.0,wave,UNKNOWN,UNKNOWN,0.2767,0,68.072
470,22.2171,,0,5.0,0.55,5,3,0,4.9918,1.0,wave,UNKNOWN,UNKNOWN,0.2767,0,69.565
471,22.2289,,0,5.0,0.55,5,3,0,4.9912,1.0,wave,UNKNOWN,UNKNOWN,0.2767,0,70.059
472,22.2424,,0,5.0,0.55,5,3,0,4.9914,1.0,wave,UNKNOWN,UNKNOWN,0.2767,0,70.019
473,22.2568,,0,5.0,0.55,5,3,0,4.9873,1.0,wave,UNKNOWN,UNKNOWN,0.2767,0,71.267
474,22.2692,,0,5.0,0.55,5,3,0,4.9997,1.0,wave,UNKNOWN,UNKNOWN,0.2767,0,72.325
475,22.281,,0,5.0,0.55,5,3,0,4.9995,1.0,wave,UNKNOWN,UNKNOWN,0.2767,0,73.166
476,22.2936,,0,5.0,0.55,5,3,0,4.9998,1.0,wave,UNKNOWN,UNKNOWN,0.2767,0,73.097
477,22.3075,,0,5.0,0.55,5,3,0,4.9995,1.0,wave,UNKNOWN,UNKNOWN,0.2767,0,72.566
478,22.3221,,0,5.0,0.55,5,3,0,4.9868,1.0,wave,UNKNOWN,UNKNOWN,0.2767,0,73.779
479,22.3337,,0,5.0,0.55,5,3,0,4.9984,1.0,wave,UNKNOWN,UNKNOWN,0.2767,0,75.127
480,22.3453,,0,5.0,0.55,5,3,0,4.9972,1.0,wave,UNKNOWN,UNKNOWN,0.2767,0,75.137
481,22.3586,,0,5.0,0.55,5,3,0,4.9988,1.0,wave,UNKNOWN,UNKNOWN,0.2767,0,72.816
482,22.3779,,0,5.0,0.55,5,3,0,4.9935,1.0,wave,UNKNOWN,UNKNOWN,0.2867,1,67.463
483,22.4302,,0,5.0,0.55,5,3,0,4.9992,1.0,wave,UNKNOWN,UNKNOWN,0.2867,0,65.42
484,22.4512,,0,5.0,0.55,5,3,0,4.9998,1.0,wave,UNKNOWN,UNKNOWN,0.2867,0,66.242
485,22.4646,,0,5.0,0.55,5,3,0,4.9883,1.0,wave,UNKNOWN,UNKNOWN,0.2867,0,66.596
486,22.479,,0,5.0,0.55,5,3,0,4.991,1.0,wave,UNKNOWN,UNKNOWN,0.2867,0,67.64
487,22.4919,,0,5.0,0.55,5,3,0,4.9907,1.0,wave,UNKNOWN,UNKNOWN,0.2867,0,68.673
488,22.5047,,0,5.0,0.55,5,3,0,4.9919,1.0,wave,UNKNOWN,UNKNOWN,0.2867,0,70.169
489,22.5167,,0,5.0,0.55,5,3,0,4.9918,1.0,wave,UNKNOWN,UNKNOWN,0.2867,0,70.693
490,22.5299,,0,5.0,0.55,5,3,0,4.9905,1.0,wave,UNKNOWN,UNKNOWN,0.2867,0,71.198
491,22.5431,,0,5.0,0.55,5,3,0,4.9911,1.0,wave,UNKNOWN,UNKNOWN,0.2867,0,71.586
492,22.5566,,0,5.0,0.55,5,3,0,4.9928,1.0,wave,UNKNOWN,UNKNOWN,0.2867,0,72.108
493,22.5698,,0,5.0,0.55,5,3,0,4.9939,1.0,wave,UNKNOWN,UNKNOWN,0.2867,0,72.902
494,22.582,,0,5.0,0.55,5,3,0,4.9941,1.0,wave,UNKNOWN,UNKNOWN,0.2867,0,73.046
495,22.5954,,0,5.0,0.55,5,3,0,4.9952,1.0,wave,UNKNOWN,UNKNOWN,0.2867,0,72.818
496,22.6095,,0,5.0,0.55,5,3,0,4.9897,1.0,wave,UNKNOWN,UNKNOWN,0.2867,0,73.61
497,22.6219,,0,5.0,0.55,5,3,0,4.9815,1.0,wave,UNKNOWN,UNKNOWN,0.2867,0,74.611
498,22.6339,,0,5.0,0.55,5,3,0,4.9935,1.0,wave,UNKNOWN,UNKNOWN,0.2633,1,69.059
499,22.6864,,0,5.0,0.55,5,3,0,4.9855,1.0,wave,UNKNOWN,UNKNOWN,0.2633,0,70.124
500,22.6993,,0,5.0,0.55,5,3,0,4.9984,1.0,wave,UNKNOWN,UNKNOWN,0.2633,0,70.384
501,22.7125,,0,5.0,0.55,5,3,0,4.9998,1.0,wave,UNKNOWN,UNKNOWN,0.2633,0,71.608
502,22.7246,,0,5.0,0.55,5,3,0,4.9873,1.0,wave,UNKNOWN,UNKNOWN,0.2633,0,71.782
503,22.7383,,0,5.0,0.55,5,3,0,4.9825,1.0,wave,UNKNOWN,UNKNOWN,0.2633,0,72.248
504,22.7514,,0,5.0,0.55,5,3,0,4.9956,1.0,wave,UNKNOWN,UNKNOWN,0.2633,0,73.602
505,22.7631,,0,5.0,0.55,5,3,0,4.9945,1.0,wave,UNKNOWN,UNKNOWN,0.2633,0,74.606
506,22.7749,,0,5.0,0.55,5,3,0,4.9943,1.0,wave,UNKNOWN,UNKNOWN,0.2633,0,74.378
507,22.7888,,0,5.0,0.55,5,3,0,4.9968,1.0,wave,UNKNOWN,UNKNOWN,0.2633,0,74.923
508,22.8015,,0,5.0,0.55,5,3,0,4.9975,1.0,wave,UNKNOWN,UNKNOWN,0.2633,0,75.501
509,22.8137,,0,5.0,0.55,5,3,0,4.9972,1.0,wave,UNKNOWN,UNKNOWN,0.2633,0,76.234
510,22.8258,,0,5.0,0.55,5,3,0,4.9972,1.0,wave,UNKNOWN,UNKNOWN,0.2633,0,76.186
511,22.839,,0,5.0,0.55,5,3,0,4.9895,1.0,wave,UNKNOWN,UNKNOWN,0.2633,0,76.482
512,22.8516,,0,5.0,0.55,5,3,0,4.9898,1.0,wave,UNKNOWN,UNKNOWN,0.2633,0,76.179
513,22.8652,,0,5.0,0.55,5,3,0,4.9835,1.0,wave,UNKNOWN,UNKNOWN,0.2633,0,76.473
514,22.878,,0,5.0,0.55,5,3,0,4.9963,1.0,wave,UNKNOWN,UNKNOWN,0.2633,0,76.845
515,22.8905,,0,5.0,0.55,5,3,0,4.9948,1.0,wave,UNKNOWN,UNKNOWN,0.29,1,71.045
516,22.9438,,0,5.0,0.55,5,3,0,4.9894,1.0,wave,UNKNOWN,UNKNOWN,0.29,0,70.946
517,22.9577,,0,5.0,0.55,5,3,0,4.9901,1.0,wave,UNKNOWN,UNKNOWN,0.29,0,68.632
518,22.9786,,0,5.0,0.55,5,3,0,4.9996,1.0,wave,UNKNOWN,UNKNOWN,0.29,0,66.708
519,22.999,,0,5.0,0.55,5,3,0,4.9996,1.0,wave,UNKNOWN,UNKNOWN,0.29,0,67.858
520,23.0117,,0,5.0,0.55,5,3,0,4.9995,1.0,wave,UNKNOWN,UNKNOWN,0.29,0,67.648
521,23.0269,,0,5.0,0.55,5,3,0,4.9897,1.0,wave,UNKNOWN,UNKNOWN,0.29,0,67.662
522,23.0416,,0,5.0,0.55,5,3,0,4.9917,1.0,wave,UNKNOWN,UNKNOWN,0.29,0,68.997
523,23.0543,,0,5.0,0.55,5,3,0,4.9922,1.0,wave,UNKNOWN,UNKNOWN,0.29,0,68.862
524,23.0692,,0,5.0,0.55,5,3,0,4.9949,1.0,wave,UNKNOWN,UNKNOWN,0.29,0,69.981
525,23.0812,,0,5.0,0.55,5,3,0,4.9887,1.0,wave,UNKNOWN,UNKNOWN,0.29,0,70.495
526,23.0946,,0,5.0,0.55,5,3,0,4.9894,1.0,wave,UNKNOWN,UNKNOWN,0.29,0,69.678
527,23.1107,,0,5.0,0.55,5,3,0,4.9935,1.0,wave,UNKNOWN,UNKNOWN,0.29,0,69.586
528,23.1252,,0,5.0,0.55,5,3,0,4.996,1.0,wave,UNKNOWN,UNKNOWN,0.29,0,70.794
529,23.1375,,0,5.0,0.55,5,3,0,4.9959,1.0,wave,UNKNOWN,UNKNOWN,0.29,0,72.17
530,23.1492,,0,5.0,0.55,5,3,0,4.9923,1.0,wave,UNKNOWN,UNKNOWN,0.2967,1,66.892
531,23.2013,,0,5.0,0.55,5,3,0,4.9902,1.0,wave,UNKNOWN,UNKNOWN,0.2967,0,68.062
532,23.2137,,0,5.0,0.55,5,3,0,4.9892,1.0,wave,UNKNOWN,UNKNOWN,0.2967,0,68.584
533,23.2274,,0,5.0,0.55,5,3,0,4.9906,1.0,wave,UNKNOWN,UNKNOWN,0.2967,0,69.55
534,23.2399,,0,5.0,0.55,5,3,0,4.9906,1.0,wave,UNKNOWN,UNKNOWN,0.2967,0,70.631
535,23.2526,,0,5.0,0.55,5,3,0,4.991,1.0,wave,UNKNOWN,UNKNOWN,0.2967,0,70.94
536,23.2659,,0,5.0,0.55,5,3,0,4.9923,1.0,wave,UNKNOWN,UNKNOWN,0.2967,0,72.32
537,23.2778,,0,5.0,0.55,5,3,0,4.9908,1.0,wave,UNKNOWN,UNKNOWN,0.2967,0,72.637
538,23.291,,0,5.0,0.55,5,3,0,4.9929,1.0,wave,UNKNOWN,UNKNOWN,0.2967,0,73.943
539,23.3028,,0,5.0,0.55,5,3,0,4.9843,1.0,wave,UNKNOWN,UNKNOWN,0.2967,0,74.133
540,23.3159,,0,5.0,0.55,5,3,0,4.9974,1.0,wave,UNKNOWN,UNKNOWN,0.2967,0,73.753
541,23.33,,0,5.0,0.55,5,3,0,4.9785,1.0,wave,UNKNOWN,UNKNOWN,0.2967,0,74.585
542,23.3426,,0,5.0,0.55,5,3,0,4.9911,1.0,wave,UNKNOWN,UNKNOWN,0.2967,0,74.626
543,23.3556,,0,5.0,0.55,5,3,0,4.993,1.0,wave,UNKNOWN,UNKNOWN,0.2967,0,73.939
544,23.3704,,0,5.0,0.55,5,3,0,4.9959,1.0,wave,UNKNOWN,UNKNOWN,0.2967,0,74.57
545,23.3829,,0,5.0,0.55,5,3,0,4.9962,1.0,wave,UNKNOWN,UNKNOWN,0.2967,0,74.06
546,23.3972,,0,5.0,0.55,5,3,0,4.9995,1.0,wave,UNKNOWN,UNKNOWN,0.2967,0,73.723
547,23.4113,,0,5.0,0.55,5,3,0,4.9903,1.0,wave,UNKNOWN,UNKNOWN,0.3,1,68.341
548,23.462,,0,5.0,0.55,5,3,0,4.9978,1.0,wave,UNKNOWN,UNKNOWN,0.3,0,67.124
549,23.4794,,0,5.0,0.55,5,3,0,4.9882,1.0,wave,UNKNOWN,UNKNOWN,0.3,0,67.952
550,23.4926,,0,5.0,0.55,5,3,0,4.9871,1.0,wave,UNKNOWN,UNKNOWN,0.3,0,69.165
551,23.5054,,0,5.0,0.55,5,3,0,4.9999,1.0,wave,UNKNOWN,UNKNOWN,0.3,0,70.346
552,23.5174,,0,5.0,0.55,5,3,0,4.9996,1.0,wave,UNKNOWN,UNKNOWN,0.3,0,70.815
553,23.5307,,0,5.0,0.55,5,3,0,4.9894,1.0,wave,UNKNOWN,UNKNOWN,0.3,0,70.455
554,23.5457,,0,5.0,0.55,5,3,0,4.9922,1.0,wave,UNKNOWN,UNKNOWN,0.3,0,68.189
555,23.5668,,0,5.0,0.55,5,3,0,4.9893,1.0,wave,UNKNOWN,UNKNOWN,0.3,0,68.95
556,23.5799,,0,5.0,0.55,5,3,0,4.9897,1.0,wave,UNKNOWN,UNKNOWN,0.3,0,69.4
557,23.5935,,0,5.0,0.55,5,3,0,4.9911,1.0,wave,UNKNOWN,UNKNOWN,0.3,0,69.665
558,23.6073,,0,5.0,0.55,5,3,0,4.9933,1.0,wave,UNKNOWN,UNKNOWN,0.3,0,71.234
559,23.619,,0,5.0,0.55,5,3,0,4.9927,1.0,wave,UNKNOWN,UNKNOWN,0.3,0,72.385
560,23.631,,0,5.0,0.55,5,3,0,4.9924,1.0,wave,UNKNOWN,UNKNOWN,0.3,0,72.834
561,23.6442,,0,5.0,0.55,5,3,0,4.9942,1.0,wave,UNKNOWN,UNKNOWN,0.3,0,72.714
562,23.6581,,0,5.0,0.55,5,3,0,4.9968,1.0,wave,UNKNOWN,UNKNOWN,0.3,0,73.639
563,23.6705,,0,5.0,0.55,5,3,0,4.9974,1.0,wave,UNKNOWN,UNKNOWN,0.3167,1,68.058
564,23.7268,,0,5.0,0.55,5,3,0,4.9933,1.0,wave,UNKNOWN,UNKNOWN,0.3167,0,68.421
565,23.7404,,0,5.0,0.55,5,3,0,4.9954,1.0,wave,UNKNOWN,UNKNOWN,0.3167,0,69.915
566,23.7523,,0,5.0,0.55,5,3,0,4.9951,1.0,wave,UNKNOWN,UNKNOWN,0.3167,0,70.936
567,23.7648,,0,5.0,0.55,5,3,0,4.9953,1.0,wave,UNKNOWN,UNKNOWN,0.3167,0,71.574
568,23.7777,,0,5.0,0.55,5,3,0,4.9966,1.0,wave,UNKNOWN,UNKNOWN,0.3167,0,71.517
569,23.7918,,0,5.0,0.55,5,3,0,4.9995,1.0,wave,UNKNOWN,UNKNOWN,0.3167,0,72.752
570,23.804,,0,5.0,0.55,5,3,0,4.9997,1.0,wave,UNKNOWN,UNKNOWN,0.3167,0,73.778
571,23.8157,,0,5.0,0.55,5,3,0,4.9992,1.0,wave,UNKNOWN,UNKNOWN,0.3167,0,73.856
572,23.8291,,0,5.0,0.55,5,3,0,4.9878,1.0,wave,UNKNOWN,UNKNOWN,0.3167,0,74.084
573,23.8424,,0,5.0,0.55,5,3,0,4.9894,1.0,wave,UNKNOWN,UNKNOWN,0.3167,0,74.392
574,23.8553,,0,5.0,0.55,5,3,0,4.9907,1.0,wave,UNKNOWN,UNKNOWN,0.3167,0,74.129
575,23.8693,,0,5.0,0.55,5,3,0,4.9877,1.0,wave,UNKNOWN,UNKNOWN,0.3167,0,75.071
576,23.8812,,0,5.0,0.55,5,3,0,4.9997,1.0,wave,UNKNOWN,UNKNOWN,0.3167,0,74.622
577,23.8954,,0,5.0,0.55,5,3,0,4.9901,1.0,wave,UNKNOWN,UNKNOWN,0.3167,0,74.166
578,23.9097,,0,5.0,0.55,5,3,0,4.9927,1.0,wave,UNKNOWN,UNKNOWN,0.3167,0,73.967
579,23.9235,,0,5.0,0.55,5,3,0,4.9951,1.0,wave,UNKNOWN,UNKNOWN,0.3033,1,68.598
580,23.9734,,0,5.0,0.55,5,3,0,4.9969,1.0,wave,UNKNOWN,UNKNOWN,0.3033,0,67.583
581,23.9899,,0,5.0,0.55,5,3,0,4.9904,1.0,wave,UNKNOWN,UNKNOWN,0.3033,0,68.107
582,24.0039,,0,5.0,0.55,5,3,0,4.9912,1.0,wave,UNKNOWN,UNKNOWN,0.3033,0,69.587
583,24.0157,,0,5.0,0.55,5,3,0,4.9901,1.0,wave,UNKNOWN,UNKNOWN,0.3033,0,70.752
584,24.028,,0,5.0,0.55,5,3,0,4.9906,1.0,wave,UNKNOWN,UNKNOWN,0.3033,0,71.09
585,24.0415,,0,5.0,0.55,5,3,0,4.993,1.0,wave,UNKNOWN,UNKNOWN,0.3033,0,71.267
586,24.0553,,0,5.0,0.55,5,3,0,4.9946,1.0,wave,UNKNOWN,UNKNOWN,0.3033,0,70.695
587,24.0706,,0,5.0,0.55,5,3,0,4.9981,1.0,wave,UNKNOWN,UNKNOWN,0.3033,0,71.565
588,24.0832,,0,5.0,0.55,5,3,0,4.9977,1.0,wave,UNKNOWN,UNKNOWN,0.3033,0,69.103
589,24.1047,,0,5.0,0.55,5,3,0,4.9964,1.0,wave,UNKNOWN,UNKNOWN,0.3033,0,70.236
590,24.1168,,0,5.0,0.55,5,3,0,4.993,1.0,wave,UNKNOWN,UNKNOWN,0.3033,0,71.171
591,24.1293,,0,5.0,0.55,5,3,0,4.9922,1.0,wave,UNKNOWN,UNKNOWN,0.3033,0,72.042
592,24.1419,,0,5.0,0.55,5,3,0,4.9929,1.0,wave,UNKNOWN,UNKNOWN,0.3033,0,72.2
593,24.1555,,0,5.0,0.55,5,3,0,4.9939,1.0,wave,UNKNOWN,UNKNOWN,0.3033,0,71.079
594,24.1721,,0,5.0,0.55,5,3,0,4.9986,1.0,wave,UNKNOWN,UNKNOWN,0.3033,0,71.521
595,24.1851,,0,5.0,0.55,5,3,0,4.9989,1.0,wave,UNKNOWN,UNKNOWN,0.3,1,66.284
596,24.2376,,0,5.0,0.55,5,3,0,4.9921,1.0,wave,UNKNOWN,UNKNOWN,0.3,0,66.678
597,24.2518,,0,5.0,0.55,5,3,0,4.9942,1.0,wave,UNKNOWN,UNKNOWN,0.3,0,68.231
598,24.2638,,0,5.0,0.55,5,3,0,4.9934,1.0,wave,UNKNOWN,UNKNOWN,0.3,0,68.883
599,24.2772,,0,5.0,0.55,5,3,0,4.9954,1.0,wave,UNKNOWN,UNKNOWN,0.3,0,69.22
600,24.2909,,0,5.0,0.55,5,3,0,4.9975,1.0,wave,UNKNOWN,UNKNOWN,0.3,0,70.047
601,24.3043,,0,5.0,0.55,5,3,0,4.9371,1.0,wave,UNKNOWN,UNKNOWN,0.3,0,70.211
602,24.3179,,0,5.0,0.55,5,3,0,4.9508,1.0,wave,UNKNOWN,UNKNOWN,0.3,0,70.917
603,24.3308,,0,5.0,0.55,5,3,0,4.9637,1.0,wave,UNKNOWN,UNKNOWN,0.3,0,72.041
604,24.343,,0,5.0,0.55,5,3,0,4.9759,1.0,wave,UNKNOWN,UNKNOWN,0.3,0,72.268
605,24.3565,,0,5.0,0.55,5,3,0,4.9894,1.0,wave,UNKNOWN,UNKNOWN,0.3,0,72.438
606,24.37,,0,5.0,0.55,5,3,0,4.9908,1.0,wave,UNKNOWN,UNKNOWN,0.3,0,72.243
607,24.3843,,0,5.0,0.55,5,3,0,4.9908,1.0,wave,UNKNOWN,UNKNOWN,0.3,0,73.098
608,24.3966,,0,5.0,0.55,5,3,0,4.9911,1.0,wave,UNKNOWN,UNKNOWN,0.3,0,73.712
609,24.409,,0,5.0,0.55,5,3,0,4.9865,1.0,wave,UNKNOWN,UNKNOWN,0.3,0,74.199
610,24.4219,,0,5.0,0.55,5,3,0,4.9993,1.0,wave,UNKNOWN,UNKNOWN,0.3,0,74.749
611,24.4343,,0,5.0,0.55,5,3,0,4.9993,1.0,wave,UNKNOWN,UNKNOWN,0.3,0,74.15
612,24.4489,,0,5.0,0.55,5,3,0,4.9883,1.0,wave,UNKNOWN,UNKNOWN,0.28,1,68.636
613,24.5021,,0,5.0,0.55,5,3,0,4.9933,1.0,wave,UNKNOWN,UNKNOWN,0.28,0,69.434
614,24.5147,,0,5.0,0.55,5,3,0,4.9936,1.0,wave,UNKNOWN,UNKNOWN,0.28,0,69.39
615,24.5293,,0,5.0,0.55,5,3,0,4.9957,1.0,wave,UNKNOWN,UNKNOWN,0.28,0,70.429
616,24.5416,,0,5.0,0.55,5,3,0,4.9958,1.0,wave,UNKNOWN,UNKNOWN,0.28,0,71.151
617,24.5545,,0,5.0,0.55,5,3,0,4.956,1.0,wave,UNKNOWN,UNKNOWN,0.28,0,70.76
618,24.5693,,0,5.0,0.55,5,3,0,4.9708,1.0,wave,UNKNOWN,UNKNOWN,0.28,0,71.422
619,24.5822,,0,5.0,0.55,5,3,0,4.9837,1.0,wave,UNKNOWN,UNKNOWN,0.28,0,70.535
620,24.5982,,0,5.0,0.55,5,3,0,4.9997,1.0,wave,UNKNOWN,UNKNOWN,0.28,0,71.944
621,24.6105,,0,5.0,0.55,5,3,0,4.9999,1.0,wave,UNKNOWN,UNKNOWN,0.28,0,72.056
622,24.6239,,0,5.0,0.55,5,3,0,4.9873,1.0,wave,UNKNOWN,UNKNOWN,0.28,0,70.704
623,24.6409,,0,5.0,0.55,5,3,0,4.9921,1.0,wave,UNKNOWN,UNKNOWN,0.28,0,72.039
624,24.6527,,0,5.0,0.55,5,3,0,4.9904,1.0,wave,UNKNOWN,UNKNOWN,0.28,0,72.432
625,24.6659,,0,5.0,0.55,5,3,0,4.9915,1.0,wave,UNKNOWN,UNKNOWN,0.28,0,72.768
626,24.6791,,0,5.0,0.55,5,3,0,4.9915,1.0,wave,UNKNOWN,UNKNOWN,0.28,0,73.469
627,24.6923,,0,5.0,0.55,5,3,0,4.9925,1.0,wave,UNKNOWN,UNKNOWN,0.28,0,73.922
628,24.7046,,0,5.0,0.55,5,3,0,4.9922,1.0,wave,UNKNOWN,UNKNOWN,0.2733,1,68.501
629,24.7557,,0,5.0,0.55,5,3,0,4.9937,1.0,wave,UNKNOWN,UNKNOWN,0.2733,0,68.213
630,24.7706,,0,5.0,0.55,5,3,0,4.9968,1.0,wave,UNKNOWN,UNKNOWN,0.2733,0,69.573
631,24.7829,,0,5.0,0.55,5,3,0,4.9972,1.0,wave,UNKNOWN,UNKNOWN,0.2733,0,69.532
632,24.7972,,0,5.0,0.55,5,3,0,4.999,1.0,wave,UNKNOWN,UNKNOWN,0.2733,0,69.86
633,24.8109,,0,5.0,0.55,5,3,0,4.9625,1.0,wave,UNKNOWN,UNKNOWN,0.2733,0,70.178
634,24.8245,,0,5.0,0.55,5,3,0,4.9761,1.0,wave,UNKNOWN,UNKNOWN,0.2733,0,70.819
635,24.838,,0,5.0,0.55,5,3,0,4.9896,1.0,wave,UNKNOWN,UNKNOWN,0.2733,0,71.041
636,24.8514,,0,5.0,0.55,5,3,0,4.9893,1.0,wave,UNKNOWN,UNKNOWN,0.2733,0,71.667
637,24.8645,,0,5.0,0.55,5,3,0,4.9907,1.0,wave,UNKNOWN,UNKNOWN,0.2733,0,72.474
638,24.8768,,0,5.0,0.55,5,3,0,4.9895,1.0,wave,UNKNOWN,UNKNOWN,0.2733,0,72.806
639,24.8899,,0,5.0,0.55,5,3,0,4.9897,1.0,wave,UNKNOWN,UNKNOWN,0.2733,0,73.22
640,24.9031,,0,5.0,0.55,5,3,0,4.9897,1.0,wave,UNKNOWN,UNKNOWN,0.2733,0,73.944
641,24.9154,,0,5.0,0.55,5,3,0,4.9896,1.0,wave,UNKNOWN,UNKNOWN,0.2733,0,73.937
642,24.9295,,0,5.0,0.55,5,3,0,4.9913,1.0,wave,UNKNOWN,UNKNOWN,0.2733,0,73.976
643,24.9424,,0,5.0,0.55,5,3,0,4.9923,1.0,wave,UNKNOWN,UNKNOWN,0.2733,0,73.15
644,24.9577,,0,5.0,0.55,5,3,0,4.9913,1.0,wave,UNKNOWN,UNKNOWN,0.2767,1,67.772
645,25.0095,,0,5.0,0.55,5,3,0,4.9937,1.0,wave,UNKNOWN,UNKNOWN,0.2767,0,68.583
646,25.0225,,0,5.0,0.55,5,3,0,4.9934,1.0,wave,UNKNOWN,UNKNOWN,0.2767,0,69.942
647,25.0345,,0,5.0,0.55,5,3,0,4.9915,1.0,wave,UNKNOWN,UNKNOWN,0.2767,0,69.369
648,25.0502,,0,5.0,0.55,5,3,0,4.9945,1.0,wave,UNKNOWN,UNKNOWN,0.2767,0,70.095
649,25.0632,,0,5.0,0.55,5,3,0,4.9482,1.0,wave,UNKNOWN,UNKNOWN,0.2767,0,70.032
650,25.0776,,0,5.0,0.55,5,3,0,4.9626,1.0,wave,UNKNOWN,UNKNOWN,0.2767,0,70.03
651,25.0919,,0,5.0,0.55,5,3,0,4.9769,1.0,wave,UNKNOWN,UNKNOWN,0.2767,0,71.304
652,25.1044,,0,5.0,0.55,5,3,0,4.9894,1.0,wave,UNKNOWN,UNKNOWN,0.2767,0,72.214
653,25.1163,,0,5.0,0.55,5,3,0,4.9891,1.0,wave,UNKNOWN,UNKNOWN,0.2767,0,72.524
654,25.1298,,0,5.0,0.55,5,3,0,4.9899,1.0,wave,UNKNOWN,UNKNOWN,0.2767,0,72.322
655,25.1439,,0,5.0,0.55,5,3,0,4.9908,1.0,wave,UNKNOWN,UNKNOWN,0.2767,0,72.168
656,25.158,,0,5.0,0.55,5,3,0,4.9917,1.0,wave,UNKNOWN,UNKNOWN,0.2767,0,73.262
657,25.17,,0,5.0,0.55,5,3,0,4.9888,1.0,wave,UNKNOWN,UNKNOWN,0.2767,0,74.316
658,25.1818,,0,5.0,0.55,5,3,0,4.9885,1.0,wave,UNKNOWN,UNKNOWN,0.2767,0,74.493
659,25.1951,,0,5.0,0.55,5,3,0,4.9894,1.0,wave,UNKNOWN,UNKNOWN,0.2767,0,73.862
660,25.2098,,0,5.0,0.55,5,3,0,4.991,1.0,wave,UNKNOWN,UNKNOWN,0.2833,1,68.453
661,25.2608,,0,5.0,0.55,5,3,0,4.99,1.0,wave,UNKNOWN,UNKNOWN,0.2833,0,68.111
662,25.2757,,0,5.0,0.55,5,3,0,4.993,1.0,wave,UNKNOWN,UNKNOWN,0.2833,0,68.931
663,25.2892,,0,5.0,0.55,5,3,0,4.9879,1.0,wave,UNKNOWN,UNKNOWN,0.2833,0,70.123
664,25.3012,,0,5.0,0.55,5,3,0,4.9999,1.0,wave,UNKNOWN,UNKNOWN,0.2833,0,70.152
665,25.3154,,0,5.0,0.55,5,3,0,4.9506,1.0,wave,UNKNOWN,UNKNOWN,0.2833,0,70.135
666,25.3297,,0,5.0,0.55,5,3,0,4.9649,1.0,wave,UNKNOWN,UNKNOWN,0.2833,0,70.351
667,25.3435,,0,5.0,0.55,5,3,0,4.9787,1.0,wave,UNKNOWN,UNKNOWN,0.2833,0,71.395
668,25.3561,,0,5.0,0.55,5,3,0,4.9913,1.0,wave,UNKNOWN,UNKNOWN,0.2833,0,72.556
669,25.3678,,0,5.0,0.55,5,3,0,4.9895,1.0,wave,UNKNOWN,UNKNOWN,0.2833,0,72.791
670,25.3812,,0,5.0,0.55,5,3,0,4.9908,1.0,wave,UNKNOWN,UNKNOWN,0.2833,0,72.842
671,25.395,,0,5.0,0.55,5,3,0,4.9918,1.0,wave,UNKNOWN,UNKNOWN,0.2833,0,72.287
672,25.4098,,0,5.0,0.55,5,3,0,4.9943,1.0,wave,UNKNOWN,UNKNOWN,0.2833,0,73.275
673,25.4224,,0,5.0,0.55,5,3,0,4.9914,1.0,wave,UNKNOWN,UNKNOWN,0.2833,0,73.997
674,25.4346,,0,5.0,0.55,5,3,0,4.9912,1.0,wave,UNKNOWN,UNKNOWN,0.2833,0,73.397
675,25.4491,,0,5.0,0.55,5,3,0,4.9922,1.0,wave,UNKNOWN,UNKNOWN,0.2833,0,73.747
676,25.4621,,0,5.0,0.55,5,3,0,4.9933,1.0,wave,UNKNOWN,UNKNOWN,0.2633,1,68.359
677,25.5129,,0,5.0,0.55,5,3,0,4.9851,1.0,wave,UNKNOWN,UNKNOWN,0.2633,0,67.608
678,25.5289,,0,5.0,0.55,5,3,0,4.9868,1.0,wave,UNKNOWN,UNKNOWN,0.2633,0,66.599
679,25.5463,,0,5.0,0.55,5,3,0,4.9907,1.0,wave,UNKNOWN,UNKNOWN,0.2633,0,66.721
680,25.561,,0,5.0,0.55,5,3,0,4.9905,1.0,wave,UNKNOWN,UNKNOWN,0.2633,0,67.899
681,25.5739,,0,5.0,0.55,5,3,0,4.9536,1.0,wave,UNKNOWN,UNKNOWN,0.2633,0,67.739
682,25.5893,,0,5.0,0.55,5,3,0,4.969,1.0,wave,UNKNOWN,UNKNOWN,0.2633,0,68.927
683,25.6015,,0,5.0,0.55,5,3,0,4.9811,1.0,wave,UNKNOWN,UNKNOWN,0.2633,0,69.853
684,25.6141,,0,5.0,0.55,5,3,0,4.9938,1.0,wave,UNKNOWN,UNKNOWN,0.2633,0,69.375
685,25.6295,,0,5.0,0.55,5,3,0,4.996,1.0,wave,UNKNOWN,UNKNOWN,0.2633,0,69.678
686,25.6434,,0,5.0,0.55,5,3,0,4.9972,1.0,wave,UNKNOWN,UNKNOWN,0.2633,0,70.477
687,25.6565,,0,5.0,0.55,5,3,0,4.9904,1.0,wave,UNKNOWN,UNKNOWN,0.2633,0,71.503
688,25.6687,,0,5.0,0.55,5,3,0,4.9905,1.0,wave,UNKNOWN,UNKNOWN,0.2633,0,69.225
689,25.6892,,0,5.0,0.55,5,3,0,4.9975,1.0,wave,UNKNOWN,UNKNOWN,0.2633,0,70.662
690,25.701,,0,5.0,0.55,5,3,0,4.9949,1.0,wave,UNKNOWN,UNKNOWN,0.2633,0,70.856
691,25.7148,,0,5.0,0.55,5,3,0,4.9966,1.0,wave,UNKNOWN,UNKNOWN,0.27,1,65.706
692,25.767,,0,5.0,0.55,5,3,0,4.9905,1.0,wave,UNKNOWN,UNKNOWN,0.27,0,66.649
693,25.7799,,0,5.0,0.55,5,3,0,4.989,1.0,wave,UNKNOWN,UNKNOWN,0.27,0,67.884
694,25.7927,,0,5.0,0.55,5,3,0,4.9821,1.0,wave,UNKNOWN,UNKNOWN,0.27,0,67.289
695,25.8087,,0,5.0,0.55,5,3,0,4.9981,1.0,wave,UNKNOWN,UNKNOWN,0.27,0,68.69
696,25.821,,0,5.0,0.55,5,3,0,4.9967,1.0,wave,UNKNOWN,UNKNOWN,0.27,0,69.867
697,25.8333,,0,5.0,0.55,5,3,0,4.9531,1.0,wave,UNKNOWN,UNKNOWN,0.27,0,70.402
698,25.8467,,0,5.0,0.55,5,3,0,4.9664,1.0,wave,UNKNOWN,UNKNOWN,0.27,0,70.821
699,25.8602,,0,5.0,0.55,5,3,0,4.98,1.0,wave,UNKNOWN,UNKNOWN,0.27,0,72.056
700,25.8722,,0,5.0,0.55,5,3,0,4.992,1.0,wave,UNKNOWN,UNKNOWN,0.27,0,69.25
701,25.8949,,0,5.0,0.55,5,3,0,4.9839,1.0,wave,UNKNOWN,UNKNOWN,0.27,0,69.162
702,25.9095,,0,5.0,0.55,5,3,0,4.9986,1.0,wave,UNKNOWN,UNKNOWN,0.27,0,70.685
703,25.9215,,0,5.0,0.55,5,3,0,4.9952,1.0,wave,UNKNOWN,UNKNOWN,0.27,0,70.855
704,25.9351,,0,5.0,0.55,5,3,0,4.9948,1.0,wave,UNKNOWN,UNKNOWN,0.27,0,70.88
705,25.9491,,0,5.0,0.55,5,3,0,4.9955,1.0,wave,UNKNOWN,UNKNOWN,0.27,0,69.732
706,25.9662,,0,5.0,0.55,5,3,0,4.9937,1.0,wave,UNKNOWN,UNKNOWN,0.2733,1,64.674
707,26.0188,,0,5.0,0.55,5,3,0,4.994,1.0,wave,UNKNOWN,UNKNOWN,0.2733,0,66.005
708,26.031,,0,5.0,0.55,5,3,0,4.9938,1.0,wave,UNKNOWN,UNKNOWN,0.2733,0,67.272
709,26.0439,,0,5.0,0.55,5,3,0,4.9937,1.0,wave,UNKNOWN,UNKNOWN,0.2733,0,68.347
710,26.0567,,0,5.0,0.55,5,3,0,4.9915,1.0,wave,UNKNOWN,UNKNOWN,0.2733,0,66.489
711,26.0767,,0,5.0,0.55,5,3,0,4.9987,1.0,wave,UNKNOWN,UNKNOWN,0.2733,0,68.162
712,26.0888,,0,5.0,0.55,5,3,0,4.9576,1.0,wave,UNKNOWN,UNKNOWN,0.2733,0,69.111
713,26.1016,,0,5.0,0.55,5,3,0,4.9704,1.0,wave,UNKNOWN,UNKNOWN,0.2733,0,69.265
714,26.1157,,0,5.0,0.55,5,3,0,4.9845,1.0,wave,UNKNOWN,UNKNOWN,0.2733,0,70.275
715,26.1284,,0,5.0,0.55,5,3,0,4.9971,1.0,wave,UNKNOWN,UNKNOWN,0.2733,0,70.567
716,26.142,,0,5.0,0.55,5,3,0,4.9985,1.0,wave,UNKNOWN,UNKNOWN,0.2733,0,71.67
717,26.1543,,0,5.0,0.55,5,3,0,4.9971,1.0,wave,UNKNOWN,UNKNOWN,0.2733,0,72.279
718,26.1673,,0,5.0,0.55,5,3,0,4.9953,1.0,wave,UNKNOWN,UNKNOWN,0.2733,0,72.093
719,26.1814,,0,5.0,0.55,5,3,0,4.9916,1.0,wave,UNKNOWN,UNKNOWN,0.2733,0,72.344
720,26.1947,,0,5.0,0.55,5,3,0,4.9924,1.0,wave,UNKNOWN,UNKNOWN,0.2733,0,72.345
721,26.2087,,0,5.0,0.55,5,3,0,4.9936,1.0,wave,UNKNOWN,UNKNOWN,0.2733,0,73.434
722,26.2205,,0,5.0,0.55,5,3,0,4.9921,1.0,wave,UNKNOWN,UNKNOWN,0.2633,1,67.527
723,26.2905,,0,5.0,0.55,5,3,0,4.9998,1.0,wave,UNKNOWN,UNKNOWN,0.2633,0,65.49
724,26.3114,,0,5.0,0.55,5,3,0,4.9865,1.0,wave,UNKNOWN,UNKNOWN,0.2633,0,66.022
725,26.3255,,0,5.0,0.55,5,3,0,4.9874,1.0,wave,UNKNOWN,UNKNOWN,0.2633,0,66.585
726,26.3396,,0,5.0,0.55,5,3,0,4.9502,1.0,wave,UNKNOWN,UNKNOWN,0.2633,0,68.04
727,26.3518,,0,5.0,0.55,5,3,0,4.9624,1.0,wave,UNKNOWN,UNKNOWN,0.2633,0,69.571
728,26.3637,,0,5.0,0.55,5,3,0,4.9743,1.0,wave,UNKNOWN,UNKNOWN,0.2633,0,70.59
729,26.3763,,0,5.0,0.55,5,3,0,4.9869,1.0,wave,UNKNOWN,UNKNOWN,0.2633,0,71.334
730,26.3895,,0,5.0,0.55,5,3,0,4.9837,1.0,wave,UNKNOWN,UNKNOWN,0.2633,0,70.62
731,26.4048,,0,5.0,0.55,5,3,0,4.999,1.0,wave,UNKNOWN,UNKNOWN,0.2633,0,71.158
732,26.4178,,0,5.0,0.55,5,3,0,4.9985,1.0,wave,UNKNOWN,UNKNOWN,0.2633,0,71.271
733,26.4319,,0,5.0,0.55,5,3,0,4.9868,1.0,wave,UNKNOWN,UNKNOWN,0.2633,0,71.695
734,26.4449,,0,5.0,0.55,5,3,0,4.9999,1.0,wave,UNKNOWN,UNKNOWN,0.2633,0,70.215
735,26.4627,,0,5.0,0.55,5,3,0,4.9965,1.0,wave,UNKNOWN,UNKNOWN,0.2633,0,70.609
736,26.476,,0,5.0,0.55,5,3,0,4.9976,1.0,wave,UNKNOWN,UNKNOWN,0.2467,1,65.254
737,26.5348,,0,5.0,0.55,5,3,0,4.9904,1.0,wave,UNKNOWN,UNKNOWN,0.2467,0,65.752
738,26.5489,,0,5.0,0.55,5,3,0,4.9916,1.0,wave,UNKNOWN,UNKNOWN,0.2467,0,66.574
739,26.5626,,0,5.0,0.55,5,3,0,4.9914,1.0,wave,UNKNOWN,UNKNOWN,0.2467,0,66.507
740,26.5779,,0,5.0,0.55,5,3,0,4.9945,1.0,wave,UNKNOWN,UNKNOWN,0.2467,0,66.943
741,26.5917,,0,5.0,0.55,5,3,0,4.9961,1.0,wave,UNKNOWN,UNKNOWN,0.2467,0,68.617
742,26.6036,,0,5.0,0.55,5,3,0,4.9546,1.0,wave,UNKNOWN,UNKNOWN,0.2467,0,68.746
743,26.6179,,0,5.0,0.55,5,3,0,4.9688,1.0,wave,UNKNOWN,UNKNOWN,0.2467,0,69.446
744,26.631,,0,5.0,0.55,5,3,0,4.982,1.0,wave,UNKNOWN,UNKNOWN,0.2467,0,67.854
745,26.6499,,0,5.0,0.55,5,3,0,4.9868,1.0,wave,UNKNOWN,UNKNOWN,0.2467,0,68.071
746,26.6641,,0,5.0,0.55,5,3,0,4.9889,1.0,wave,UNKNOWN,UNKNOWN,0.2467,0,68.763
747,26.6774,,0,5.0,0.55,5,3,0,4.9871,1.0,wave,UNKNOWN,UNKNOWN,0.2467,0,70.345
748,26.6896,,0,5.0,0.55,5,3,0,4.9993,1.0,wave,UNKNOWN,UNKNOWN,0.2467,0,70.595
749,26.7032,,0,5.0,0.55,5,3,0,4.9999,1.0,wave,UNKNOWN,UNKNOWN,0.2467,0,70.306
750,26.7178,,0,5.0,0.55,5,3,0,4.9869,1.0,wave,UNKNOWN,UNKNOWN,0.2467,0,70.474
751,26.7317,,0,5.0,0.55,5,3,0,4.987,1.0,wave,UNKNOWN,UNKNOWN,0.24,1,65.373
752,26.7832,,0,5.0,0.55,5,3,0,4.9993,1.0,wave,UNKNOWN,UNKNOWN,0.24,0,65.751
753,26.7975,,0,5.0,0.55,5,3,0,4.9883,1.0,wave,UNKNOWN,UNKNOWN,0.24,0,67.267
754,26.8101,,0,5.0,0.55,5,3,0,4.9895,1.0,wave,UNKNOWN,UNKNOWN,0.24,0,68.719
755,26.8222,,0,5.0,0.55,5,3,0,4.9889,1.0,wave,UNKNOWN,UNKNOWN,0.24,0,69.93
756,26.8343,,0,5.0,0.55,5,3,0,4.9879,1.0,wave,UNKNOWN,UNKNOWN,0.24,0,69.933
757,26.8487,,0,5.0,0.55,5,3,0,4.9481,1.0,wave,UNKNOWN,UNKNOWN,0.24,0,70.144
758,26.8626,,0,5.0,0.55,5,3,0,4.962,1.0,wave,UNKNOWN,UNKNOWN,0.24,0,71.348
759,26.8748,,0,5.0,0.55,5,3,0,4.9742,1.0,wave,UNKNOWN,UNKNOWN,0.24,0,72.63
760,26.8867,,0,5.0,0.55,5,3,0,4.9861,1.0,wave,UNKNOWN,UNKNOWN,0.24,0,73.003
761,26.8997,,0,5.0,0.55,5,3,0,4.9991,1.0,wave,UNKNOWN,UNKNOWN,0.24,0,73.168
762,26.9132,,0,5.0,0.55,5,3,0,4.9868,1.0,wave,UNKNOWN,UNKNOWN,0.24,0,71.706
763,26.9303,,0,5.0,0.55,5,3,0,4.991,1.0,wave,UNKNOWN,UNKNOWN,0.24,0,71.7
764,26.9441,,0,5.0,0.55,5,3,0,4.9926,1.0,wave,UNKNOWN,UNKNOWN,0.24,0,69.542
765,26.9641,,0,5.0,0.55,5,3,0,4.999,1.0,wave,UNKNOWN,UNKNOWN,0.24,0,69.662
766,26.9783,,0,5.0,0.55,5,3,0,4.9875,1.0,wave,UNKNOWN,UNKNOWN,0.24,0,70.94
767,26.9909,,0,5.0,0.55,5,3,0,5.0,1.0,wave,UNKNOWN,UNKNOWN,0.2367,1,65.793
768,27.0418,,0,5.0,0.55,5,3,0,4.9998,1.0,wave,UNKNOWN,UNKNOWN,0.2367,0,66.042
769,27.0567,,0,5.0,0.55,5,3,0,4.9875,1.0,wave,UNKNOWN,UNKNOWN,0.2367,0,66.685
770,27.0703,,0,5.0,0.55,5,3,0,4.9878,1.0,wave,UNKNOWN,UNKNOWN,0.2367,0,67.979
771,27.0828,,0,5.0,0.55,5,3,0,4.9867,1.0,wave,UNKNOWN,UNKNOWN,0.2367,0,69.197
772,27.0952,,0,5.0,0.55,5,3,0,4.9991,1.0,wave,UNKNOWN,UNKNOWN,0.2367,0,69.818
773,27.1085,,0,5.0,0.55,5,3,0,4.9909,1.0,wave,UNKNOWN,UNKNOWN,0.2367,0,67.656
774,27.1294,,0,5.0,0.55,5,3,0,4.9551,1.0,wave,UNKNOWN,UNKNOWN,0.2367,0,68.215
775,27.1429,,0,5.0,0.55,5,3,0,4.9686,1.0,wave,UNKNOWN,UNKNOWN,0.2367,0,69.009
776,27.156,,0,5.0,0.55,5,3,0,4.9818,1.0,wave,UNKNOWN,UNKNOWN,0.2367,0,70.21
777,27.1689,,0,5.0,0.55,5,3,0,4.9946,1.0,wave,UNKNOWN,UNKNOWN,0.2367,0,70.798
778,27.1815,,0,5.0,0.55,5,3,0,4.9903,1.0,wave,UNKNOWN,UNKNOWN,0.2367,0,71.603
779,27.1942,,0,5.0,0.55,5,3,0,4.9893,1.0,wave,UNKNOWN,UNKNOWN,0.2367,0,72.034
780,27.2073,,0,5.0,0.55,5,3,0,4.9902,1.0,wave,UNKNOWN,UNKNOWN,0.2367,0,72.77
781,27.2199,,0,5.0,0.55,5,3,0,4.991,1.0,wave,UNKNOWN,UNKNOWN,0.2367,0,73.295
782,27.2329,,0,5.0,0.55,5,3,0,4.9904,1.0,wave,UNKNOWN,UNKNOWN,0.2367,0,72.584
783,27.2482,,0,5.0,0.55,5,3,0,4.9914,1.0,wave,UNKNOWN,UNKNOWN,0.2733,1,67.215
784,27.3014,,0,5.0,0.55,5,3,0,4.9939,1.0,wave,UNKNOWN,UNKNOWN,0.2733,0,67.554
785,27.315,,0,5.0,0.55,5,3,0,4.9929,1.0,wave,UNKNOWN,UNKNOWN,0.2733,0,68.696
786,27.3277,,0,5.0,0.55,5,3,0,4.994,1.0,wave,UNKNOWN,UNKNOWN,0.2733,0,70.107
787,27.34,,0,5.0,0.55,5,3,0,4.9946,1.0,wave,UNKNOWN,UNKNOWN,0.2733,0,71.014
788,27.3523,,0,5.0,0.55,5,3,0,4.9938,1.0,wave,UNKNOWN,UNKNOWN,0.2733,0,70.404
789,27.3678,,0,5.0,0.55,5,3,0,4.9899,1.0,wave,UNKNOWN,UNKNOWN,0.2733,0,71.419
790,27.3802,,0,5.0,0.55,5,3,0,4.95,1.0,wave,UNKNOWN,UNKNOWN,0.2733,0,72.023
791,27.3937,,0,5.0,0.55,5,3,0,4.9635,1.0,wave,UNKNOWN,UNKNOWN,0.2733,0,72.875
792,27.4054,,0,5.0,0.55,5,3,0,4.9753,1.0,wave,UNKNOWN,UNKNOWN,0.2733,0,73.695
793,27.4178,,0,5.0,0.55,5,3,0,4.9876,1.0,wave,UNKNOWN,UNKNOWN,0.2733,0,73.984
794,27.4308,,0,5.0,0.55,5,3,0,4.9796,1.0,wave,UNKNOWN,UNKNOWN,0.2733,0,73.324
795,27.4458,,0,5.0,0.55,5,3,0,4.9946,1.0,wave,UNKNOWN,UNKNOWN,0.2733,0,74.103
796,27.4583,,0,5.0,0.55,5,3,0,4.9937,1.0,wave,UNKNOWN,UNKNOWN,0.2733,0,74.827
797,27.4702,,0,5.0,0.55,5,3,0,4.9912,1.0,wave,UNKNOWN,UNKNOWN,0.2733,0,75.061
798,27.4834,,0,5.0,0.55,5,3,0,4.9915,1.0,wave,UNKNOWN,UNKNOWN,0.2733,0,75.176
799,27.4963,,0,5.0,0.55,5,3,0,4.9916,1.0,wave,UNKNOWN,UNKNOWN,0.2733,0,75.857
800,27.5091,,0,5.0,0.55,5,3,0,4.9924,1.0,wave,UNKNOWN,UNKNOWN,0.2533,1,70.239
801,27.5596,,0,5.0,0.55,5,3,0,4.9898,1.0,wave,UNKNOWN,UNKNOWN,0.2533,0,71.373
802,27.5717,,0,5.0,0.55,5,3,0,4.9897,1.0,wave,UNKNOWN,UNKNOWN,0.2533,0,72.623
803,27.5836,,0,5.0,0.55,5,3,0,4.9882,1.0,wave,UNKNOWN,UNKNOWN,0.2533,0,72.915
804,27.5969,,0,5.0,0.55,5,3,0,4.9874,1.0,wave,UNKNOWN,UNKNOWN,0.2533,0,72.901
805,27.6106,,0,5.0,0.55,5,3,0,4.9887,1.0,wave,UNKNOWN,UNKNOWN,0.2533,0,72.573
806,27.625,,0,5.0,0.55,5,3,0,4.991,1.0,wave,UNKNOWN,UNKNOWN,0.2533,0,72.718
807,27.6384,,0,5.0,0.55,5,3,0,4.952,1.0,wave,UNKNOWN,UNKNOWN,0.2533,0,73.732
808,27.6505,,0,5.0,0.55,5,3,0,4.964,1.0,wave,UNKNOWN,UNKNOWN,0.2533,0,74.456
809,27.6629,,0,5.0,0.55,5,3,0,4.9765,1.0,wave,UNKNOWN,UNKNOWN,0.2533,0,74.143
810,27.6771,,0,5.0,0.55,5,3,0,4.9906,1.0,wave,UNKNOWN,UNKNOWN,0.2533,0,74.208
811,27.6905,,0,5.0,0.55,5,3,0,4.9912,1.0,wave,UNKNOWN,UNKNOWN,0.2533,0,73.807
812,27.7046,,0,5.0,0.55,5,3,0,4.992,1.0,wave,UNKNOWN,UNKNOWN,0.2533,0,74.796
813,27.7169,,0,5.0,0.55,5,3,0,4.9923,1.0,wave,UNKNOWN,UNKNOWN,0.2533,0,75.163
814,27.7291,,0,5.0,0.55,5,3,0,4.9908,1.0,wave,UNKNOWN,UNKNOWN,0.2533,0,74.84
815,27.743,,0,5.0,0.55,5,3,0,4.9917,1.0,wave,UNKNOWN,UNKNOWN,0.2533,0,75.181
816,27.7561,,0,5.0,0.55,5,3,0,4.993,1.0,wave,UNKNOWN,UNKNOWN,0.2533,0,75.168
817,27.7691,,0,5.0,0.55,5,3,0,4.9942,1.0,wave,UNKNOWN,UNKNOWN,0.27,1,69.367
818,27.8277,,0,5.0,0.55,5,3,0,4.9887,1.0,wave,UNKNOWN,UNKNOWN,0.27,0,70.085
819,27.841,,0,5.0,0.55,5,3,0,4.9894,1.0,wave,UNKNOWN,UNKNOWN,0.27,0,71.265
820,27.8527,,0,5.0,0.55,5,3,0,4.9875,1.0,wave,UNKNOWN,UNKNOWN,0.27,0,68.403
821,27.8762,,0,5.0,0.55,5,3,0,4.9982,1.0,wave,UNKNOWN,UNKNOWN,0.27,0,69.393
822,27.8889,,0,5.0,0.55,5,3,0,4.9984,1.0,wave,UNKNOWN,UNKNOWN,0.27,0,71.006
823,27.9008,,0,5.0,0.55,5,3,0,4.9569,1.0,wave,UNKNOWN,UNKNOWN,0.27,0,71.657
824,27.9136,,0,5.0,0.55,5,3,0,4.9698,1.0,wave,UNKNOWN,UNKNOWN,0.27,0,70.941
825,27.9293,,0,5.0,0.55,5,3,0,4.9855,1.0,wave,UNKNOWN,UNKNOWN,0.27,0,70.531
826,27.944,,0,5.0,0.55,5,3,0,4.9863,1.0,wave,UNKNOWN,UNKNOWN,0.27,0,71.524
827,27.9569,,0,5.0,0.55,5,3,0,4.9992,1.0,wave,UNKNOWN,UNKNOWN,0.27,0,71.926
828,27.97,,0,5.0,0.55,5,3,0,4.9914,1.0,wave,UNKNOWN,UNKNOWN,0.27,0,72.128
829,27.9831,,0,5.0,0.55,5,3,0,4.9842,1.0,wave,UNKNOWN,UNKNOWN,0.27,0,72.251
830,27.9968,,0,5.0,0.55,5,3,0,4.9978,1.0,wave,UNKNOWN,UNKNOWN,0.27,0,72.233
831,28.0107,,0,5.0,0.55,5,3,0,4.999,1.0,wave,UNKNOWN,UNKNOWN,0.27,0,70.081
832,28.0305,,0,5.0,0.55,5,3,0,4.9889,1.0,wave,UNKNOWN,UNKNOWN,0.2467,1,64.971
833,28.0837,,0,5.0,0.55,5,3,0,4.9891,1.0,wave,UNKNOWN,UNKNOWN,0.2467,0,65.934
834,28.0966,,0,5.0,0.55,5,3,0,4.9859,1.0,wave,UNKNOWN,UNKNOWN,0.2467,0,67.454
835,28.1089,,0,5.0,0.55,5,3,0,4.9982,1.0,wave,UNKNOWN,UNKNOWN,0.2467,0,68.704
836,28.1214,,0,5.0,0.55,5,3,0,4.9962,1.0,wave,UNKNOWN,UNKNOWN,0.2467,0,69.445
837,28.1345,,0,5.0,0.55,5,3,0,4.9971,1.0,wave,UNKNOWN,UNKNOWN,0.2467,0,69.515
838,28.1487,,0,5.0,0.55,5,3,0,4.9996,1.0,wave,UNKNOWN,UNKNOWN,0.2467,0,69.634
839,28.1629,,0,5.0,0.55,5,3,0,4.9617,1.0,wave,UNKNOWN,UNKNOWN,0.2467,0,71.205
840,28.1747,,0,5.0,0.55,5,3,0,4.9734,1.0,wave,UNKNOWN,UNKNOWN,0.2467,0,72.461
841,28.1866,,0,5.0,0.55,5,3,0,4.9853,1.0,wave,UNKNOWN,UNKNOWN,0.2467,0,73.241
842,28.199,,0,5.0,0.55,5,3,0,4.9977,1.0,wave,UNKNOWN,UNKNOWN,0.2467,0,73.545
843,28.2121,,0,5.0,0.55,5,3,0,4.9985,1.0,wave,UNKNOWN,UNKNOWN,0.2467,0,74.598
844,28.2246,,0,5.0,0.55,5,3,0,4.9972,1.0,wave,UNKNOWN,UNKNOWN,0.2467,0,75.011
845,28.2366,,0,5.0,0.55,5,3,0,4.9967,1.0,wave,UNKNOWN,UNKNOWN,0.2467,0,72.439
846,28.2577,,0,5.0,0.55,5,3,0,4.9918,1.0,wave,UNKNOWN,UNKNOWN,0.2467,0,73.132
847,28.2694,,0,5.0,0.55,5,3,0,4.9917,1.0,wave,UNKNOWN,UNKNOWN,0.2467,0,73.303
848,28.283,,0,5.0,0.55,5,3,0,4.992,1.0,wave,UNKNOWN,UNKNOWN,0.2533,1,67.61
849,28.3446,,0,5.0,0.55,5,3,0,4.9889,1.0,wave,UNKNOWN,UNKNOWN,0.2533,0,68.642
850,28.3576,,0,5.0,0.55,5,3,0,4.9872,1.0,wave,UNKNOWN,UNKNOWN,0.2533,0,69.698
851,28.3693,,0,5.0,0.55,5,3,0,4.999,1.0,wave,UNKNOWN,UNKNOWN,0.2533,0,70.826
852,28.3817,,0,5.0,0.55,5,3,0,4.9989,1.0,wave,UNKNOWN,UNKNOWN,0.2533,0,70.99
853,28.3957,,0,5.0,0.55,5,3,0,4.9985,1.0,wave,UNKNOWN,UNKNOWN,0.2533,0,71.854
854,28.4085,,0,5.0,0.55,5,3,0,4.9972,1.0,wave,UNKNOWN,UNKNOWN,0.2533,0,72.896
855,28.4206,,0,5.0,0.55,5,3,0,4.9586,1.0,wave,UNKNOWN,UNKNOWN,0.2533,0,73.053
856,28.4338,,0,5.0,0.55,5,3,0,4.9718,1.0,wave,UNKNOWN,UNKNOWN,0.2533,0,73.073
857,28.4474,,0,5.0,0.55,5,3,0,4.9854,1.0,wave,UNKNOWN,UNKNOWN,0.2533,0,72.929
858,28.4615,,0,5.0,0.55,5,3,0,4.9995,1.0,wave,UNKNOWN,UNKNOWN,0.2533,0,73.891
859,28.474,,0,5.0,0.55,5,3,0,4.9946,1.0,wave,UNKNOWN,UNKNOWN,0.2533,0,74.377
860,28.4862,,0,5.0,0.55,5,3,0,4.9936,1.0,wave,UNKNOWN,UNKNOWN,0.2533,0,71.662
861,28.5078,,0,5.0,0.55,5,3,0,4.9904,1.0,wave,UNKNOWN,UNKNOWN,0.2533,0,72.62
862,28.5196,,0,5.0,0.55,5,3,0,4.9888,1.0,wave,UNKNOWN,UNKNOWN,0.2533,0,73.445
863,28.5321,,0,5.0,0.55,5,3,0,4.9864,1.0,wave,UNKNOWN,UNKNOWN,0.2533,0,72.576
864,28.5477,,0,5.0,0.55,5,3,0,4.9809,1.0,wave,UNKNOWN,UNKNOWN,0.2567,1,67.266
865,28.5992,,0,5.0,0.55,5,3,0,4.9918,1.0,wave,UNKNOWN,UNKNOWN,0.2567,0,67.083
866,28.6142,,0,5.0,0.55,5,3,0,4.9953,1.0,wave,UNKNOWN,UNKNOWN,0.2567,0,66.063
867,28.6318,,0,5.0,0.55,5,3,0,4.9876,1.0,wave,UNKNOWN,UNKNOWN,0.2567,0,67.393
868,28.6444,,0,5.0,0.55,5,3,0,4.9863,1.0,wave,UNKNOWN,UNKNOWN,0.2567,0,68.975
869,28.6564,,0,5.0,0.55,5,3,0,4.9983,1.0,wave,UNKNOWN,UNKNOWN,0.2567,0,66.59
870,28.6785,,0,5.0,0.55,5,3,0,4.9518,1.0,wave,UNKNOWN,UNKNOWN,0.2567,0,64.898
871,28.6987,,0,5.0,0.55,5,3,0,4.9719,1.0,wave,UNKNOWN,UNKNOWN,0.2567,0,65.205
872,28.7134,,0,5.0,0.55,5,3,0,4.9866,1.0,wave,UNKNOWN,UNKNOWN,0.2567,0,64.872
873,28.7295,,0,5.0,0.55,5,3,0,4.9891,1.0,wave,UNKNOWN,UNKNOWN,0.2567,0,65.153
874,28.7443,,0,5.0,0.55,5,3,0,4.992,1.0,wave,UNKNOWN,UNKNOWN,0.2567,0,66.532
875,28.7578,,0,5.0,0.55,5,3,0,4.993,1.0,wave,UNKNOWN,UNKNOWN,0.2567,0,67.201
876,28.7709,,0,5.0,0.55,5,3,0,4.9932,1.0,wave,UNKNOWN,UNKNOWN,0.2567,0,64.834
877,28.7936,,0,5.0,0.55,5,3,0,4.9896,1.0,wave,UNKNOWN,UNKNOWN,0.2567,0,66.545
878,28.8058,,0,5.0,0.55,5,3,0,4.9901,1.0,wave,UNKNOWN,UNKNOWN,0.2567,1,61.817
879,28.8578,,0,5.0,0.55,5,3,0,4.9885,1.0,wave,UNKNOWN,UNKNOWN,0.2567,0,63.593
880,28.8703,,0,5.0,0.55,5,3,0,4.9891,1.0,wave,UNKNOWN,UNKNOWN,0.2567,0,65.052
881,28.883,,0,5.0,0.55,5,3,0,4.9876,1.0,wave,UNKNOWN,UNKNOWN,0.2567,0,66.202
882,28.8961,,0,5.0,0.55,5,3,0,4.9864,1.0,wave,UNKNOWN,UNKNOWN,0.2567,0,66.966
883,28.9097,,0,5.0,0.55,5,3,0,4.9861,1.0,wave,UNKNOWN,UNKNOWN,0.2567,0,67.954
884,28.9227,,0,5.0,0.55,5,3,0,4.9992,1.0,wave,UNKNOWN,UNKNOWN,0.2567,0,69.248
885,28.935,,0,5.0,0.55,5,3,0,4.9616,1.0,wave,UNKNOWN,UNKNOWN,0.2567,0,70.69
886,28.9471,,0,5.0,0.55,5,3,0,4.9738,1.0,wave,UNKNOWN,UNKNOWN,0.2567,0,70.019
887,28.9627,,0,5.0,0.55,5,3,0,4.9893,1.0,wave,UNKNOWN,UNKNOWN,0.2567,0,70.48
888,28.976,,0,5.0,0.55,5,3,0,4.9861,1.0,wave,UNKNOWN,UNKNOWN,0.2567,0,71.232
889,28.9887,,0,5.0,0.55,5,3,0,4.9988,1.0,wave,UNKNOWN,UNKNOWN,0.2567,0,71.636
890,29.0021,,0,5.0,0.55,5,3,0,4.9982,1.0,wave,UNKNOWN,UNKNOWN,0.2567,0,72.496
891,29.0149,,0,5.0,0.55,5,3,0,4.9991,1.0,wave,UNKNOWN,UNKNOWN,0.2567,0,72.692
892,29.0283,,0,5.0,0.55,5,3,0,4.9867,1.0,wave,UNKNOWN,UNKNOWN,0.2567,0,72.195
893,29.0428,,0,5.0,0.55,5,3,0,4.9874,1.0,wave,UNKNOWN,UNKNOWN,0.2567,0,72.714
894,29.0556,,0,5.0,0.55,5,3,0,4.985,1.0,wave,UNKNOWN,UNKNOWN,0.2567,0,73.084
895,29.0689,,0,5.0,0.55,5,3,0,4.9982,1.0,wave,UNKNOWN,UNKNOWN,0.2667,1,67.589
896,29.1242,,0,5.0,0.55,5,3,0,4.9949,1.0,wave,UNKNOWN,UNKNOWN,0.2667,0,67.869
897,29.1382,,0,5.0,0.55,5,3,0,4.9962,1.0,wave,UNKNOWN,UNKNOWN,0.2667,0,68.986
898,29.1509,,0,5.0,0.55,5,3,0,4.9954,1.0,wave,UNKNOWN,UNKNOWN,0.2667,0,67.542
899,29.1693,,0,5.0,0.55,5,3,0,4.9972,1.0,wave,UNKNOWN,UNKNOWN,0.2667,0,68.976
900,29.1813,,0,5.0,0.55,5,3,0,4.9962,1.0,wave,UNKNOWN,UNKNOWN,0.2667,0,69.761
901,29.1943,,0,5.0,0.55,5,3,0,4.9567,1.0,wave,UNKNOWN,UNKNOWN,0.2667,0,70.571
902,29.2073,,0,5.0,0.55,5,3,0,4.9697,1.0,wave,UNKNOWN,UNKNOWN,0.2667,0,70.624
903,29.2215,,0,5.0,0.55,5,3,0,4.9839,1.0,wave,UNKNOWN,UNKNOWN,0.2667,0,70.753
904,29.2351,,0,5.0,0.55,5,3,0,4.9975,1.0,wave,UNKNOWN,UNKNOWN,0.2667,0,72.251
905,29.2471,,0,5.0,0.55,5,3,0,4.9952,1.0,wave,UNKNOWN,UNKNOWN,0.2667,0,73.187
906,29.2592,,0,5.0,0.55,5,3,0,4.9954,1.0,wave,UNKNOWN,UNKNOWN,0.2667,0,73.665
907,29.272,,0,5.0,0.55,5,3,0,4.9948,1.0,wave,UNKNOWN,UNKNOWN,0.2667,0,72.377
908,29.2888,,0,5.0,0.55,5,3,0,4.9979,1.0,wave,UNKNOWN,UNKNOWN,0.2667,0,72.38
909,29.3023,,0,5.0,0.55,5,3,0,4.998,1.0,wave,UNKNOWN,UNKNOWN,0.2667,0,72.767
910,29.3155,,0,5.0,0.55,5,3,0,4.9975,1.0,wave,UNKNOWN,UNKNOWN,0.2667,0,73.278
911,29.3281,,0,5.0,0.55,5,3,0,4.9973,1.0,wave,UNKNOWN,UNKNOWN,0.2867,1,68.001
912,29.3772,,0,5.0,0.55,5,3,0,4.9929,1.0,wave,UNKNOWN,UNKNOWN,0.2867,0,67.433
913,29.393,,0,5.0,0.55,5,3,0,4.9964,1.0,wave,UNKNOWN,UNKNOWN,0.2867,0,67.092
914,29.4089,,0,5.0,0.55,5,3,0,4.9999,1.0,wave,UNKNOWN,UNKNOWN,0.2867,0,68.443
915,29.4213,,0,5.0,0.55,5,3,0,4.9994,1.0,wave,UNKNOWN,UNKNOWN,0.2867,0,69.328
916,29.4339,,0,5.0,0.55,5,3,0,4.9996,1.0,wave,UNKNOWN,UNKNOWN,0.2867,0,69.929
917,29.4471,,0,5.0,0.55,5,3,0,4.9983,1.0,wave,UNKNOWN,UNKNOWN,0.2867,0,70.598
918,29.4603,,0,5.0,0.55,5,3,0,4.9582,1.0,wave,UNKNOWN,UNKNOWN,0.2867,0,70.915
919,29.474,,0,5.0,0.55,5,3,0,4.9719,1.0,wave,UNKNOWN,UNKNOWN,0.2867,0,69.282
920,29.4922,,0,5.0,0.55,5,3,0,4.9901,1.0,wave,UNKNOWN,UNKNOWN,0.2867,0,68.657
921,29.5079,,0,5.0,0.55,5,3,0,4.9932,1.0,wave,UNKNOWN,UNKNOWN,0.2867,0,69.6
922,29.5207,,0,5.0,0.55,5,3,0,4.9914,1.0,wave,UNKNOWN,UNKNOWN,0.2867,0,70.411
923,29.534,,0,5.0,0.55,5,3,0,4.9924,1.0,wave,UNKNOWN,UNKNOWN,0.2867,0,70.266
924,29.5483,,0,5.0,0.55,5,3,0,4.9938,1.0,wave,UNKNOWN,UNKNOWN,0.2867,0,69.938
925,29.5632,,0,5.0,0.55,5,3,0,4.9939,1.0,wave,UNKNOWN,UNKNOWN,0.2867,0,70.268
926,29.5767,,0,5.0,0.55,5,3,0,4.9945,1.0,wave,UNKNOWN,UNKNOWN,0.2867,0,70.913
927,29.5897,,0,5.0,0.55,5,3,0,4.9915,1.0,wave,UNKNOWN,UNKNOWN,0.26,1,65.706
928,29.6432,,0,5.0,0.55,5,3,0,4.9905,1.0,wave,UNKNOWN,UNKNOWN,0.26,0,66.735
929,29.656,,0,5.0,0.55,5,3,0,4.9901,1.0,wave,UNKNOWN,UNKNOWN,0.26,0,68.519
930,29.6678,,0,5.0,0.55,5,3,0,4.9887,1.0,wave,UNKNOWN,UNKNOWN,0.26,0,67.075
931,29.6865,,0,5.0,0.55,5,3,0,4.9942,1.0,wave,UNKNOWN,UNKNOWN,0.26,0,67.611
932,29.7002,,0,5.0,0.55,5,3,0,4.9956,1.0,wave,UNKNOWN,UNKNOWN,0.26,0,68.687
933,29.7128,,0,5.0,0.55,5,3,0,4.9572,1.0,wave,UNKNOWN,UNKNOWN,0.26,0,68.734
934,29.7274,,0,5.0,0.55,5,3,0,4.9717,1.0,wave,UNKNOWN,UNKNOWN,0.26,0,69.289
935,29.7408,,0,5.0,0.55,5,3,0,4.9852,1.0,wave,UNKNOWN,UNKNOWN,0.26,0,70.357
936,29.7533,,0,5.0,0.55,5,3,0,4.9976,1.0,wave,UNKNOWN,UNKNOWN,0.26,0,70.483
937,29.7676,,0,5.0,0.55,5,3,0,4.997,1.0,wave,UNKNOWN,UNKNOWN,0.26,0,71.227
938,29.7801,,0,5.0,0.55,5,3,0,4.9972,1.0,wave,UNKNOWN,UNKNOWN,0.26,0,70.604
939,29.7954,,0,5.0,0.55,5,3,0,4.9983,1.0,wave,UNKNOWN,UNKNOWN,0.26,0,71.28
940,29.8088,,0,5.0,0.55,5,3,0,4.9979,1.0,wave,UNKNOWN,UNKNOWN,0.26,0,71.46
941,29.8223,,0,5.0,0.55,5,3,0,4.9978,1.0,wave,UNKNOWN,UNKNOWN,0.26,0,72.34
942,29.8346,,0,5.0,0.55,5,3,0,4.9966,1.0,wave,UNKNOWN,UNKNOWN,0.26,0,73.249
943,29.8469,,0,5.0,0.55,5,3,0,4.9954,1.0,wave,UNKNOWN,UNKNOWN,0.2667,1,67.942
944,29.8965,,0,5.0,0.55,5,3,0,4.9934,1.0,wave,UNKNOWN,UNKNOWN,0.2667,0,67.733
945,29.9116,,0,5.0,0.55,5,3,0,4.9962,1.0,wave,UNKNOWN,UNKNOWN,0.2667,0,66.535
946,29.9295,,0,5.0,0.55,5,3,0,4.9871,1.0,wave,UNKNOWN,UNKNOWN,0.2667,0,67.263
947,29.9433,,0,5.0,0.55,5,3,0,4.9857,1.0,wave,UNKNOWN,UNKNOWN,0.2667,0,68.832
948,29.9552,,0,5.0,0.55,5,3,0,4.9975,1.0,wave,UNKNOWN,UNKNOWN,0.2667,0,69.212
949,29.969,,0,5.0,0.55,5,3,0,4.9595,1.0,wave,UNKNOWN,UNKNOWN,0.2667,0,69.881
950,29.9821,,0,5.0,0.55,5,3,0,4.9725,1.0,wave,UNKNOWN,UNKNOWN,0.2667,0,69.992
951,29.9961,,0,5.0,0.55,5,3,0,4.9866,1.0,wave,UNKNOWN,UNKNOWN,0.2667,0,71.227
952,30.0087,,0,5.0,0.55,5,3,0,4.9992,1.0,wave,UNKNOWN,UNKNOWN,0.2667,0,71.984
953,30.0212,,0,5.0,0.55,5,3,0,4.9987,1.0,wave,UNKNOWN,UNKNOWN,0.2667,0,71.784
954,30.0352,,0,5.0,0.55,5,3,0,4.985,1.0,wave,UNKNOWN,UNKNOWN,0.2667,0,72.088
955,30.0487,,0,5.0,0.55,5,3,0,4.9985,1.0,wave,UNKNOWN,UNKNOWN,0.2667,0,71.922
956,30.0629,,0,5.0,0.55,5,3,0,4.9997,1.0,wave,UNKNOWN,UNKNOWN,0.2667,0,72.467
957,30.0762,,0,5.0,0.55,5,3,0,4.9986,1.0,wave,UNKNOWN,UNKNOWN,0.2667,0,73.211
958,30.0885,,0,5.0,0.55,5,3,0,4.9966,1.0,wave,UNKNOWN,UNKNOWN,0.2667,0,72.986
959,30.1027,,0,5.0,0.55,5,3,0,4.9983,1.0,wave,UNKNOWN,UNKNOWN,0.2667,1,67.614
960,30.1547,,0,5.0,0.55,5,3,0,4.9967,1.0,wave,UNKNOWN,UNKNOWN,0.2667,0,68.261
961,30.1678,,0,5.0,0.55,5,3,0,4.9978,1.0,wave,UNKNOWN,UNKNOWN,0.2667,0,69.531
962,30.1803,,0,5.0,0.55,5,3,0,4.9985,1.0,wave,UNKNOWN,UNKNOWN,0.2667,0,70.223
963,30.1932,,0,5.0,0.55,5,3,0,4.9981,1.0,wave,UNKNOWN,UNKNOWN,0.2667,0,71.359
964,30.2054,,0,5.0,0.55,5,3,0,4.9956,1.0,wave,UNKNOWN,UNKNOWN,0.2667,0,71.72
965,30.2188,,0,5.0,0.55,5,3,0,4.958,1.0,wave,UNKNOWN,UNKNOWN,0.2667,0,72.253
966,30.2322,,0,5.0,0.55,5,3,0,4.9714,1.0,wave,UNKNOWN,UNKNOWN,0.2667,0,71.316
967,30.2482,,0,5.0,0.55,5,3,0,4.9875,1.0,wave,UNKNOWN,UNKNOWN,0.2667,0,71.867
968,30.2608,,0,5.0,0.55,5,3,0,5.0,1.0,wave,UNKNOWN,UNKNOWN,0.2667,0,72.348
969,30.2737,,0,5.0,0.55,5,3,0,4.998,1.0,wave,UNKNOWN,UNKNOWN,0.2667,0,72.351
970,30.2875,,0,5.0,0.55,5,3,0,4.9983,1.0,wave,UNKNOWN,UNKNOWN,0.2667,0,73.376
971,30.2996,,0,5.0,0.55,5,3,0,4.9985,1.0,wave,UNKNOWN,UNKNOWN,0.2667,0,74.269
972,30.3117,,0,5.0,0.55,5,3,0,4.9963,1.0,wave,UNKNOWN,UNKNOWN,0.2667,0,70.982
973,30.336,,0,5.0,0.55,5,3,0,4.9925,1.0,wave,UNKNOWN,UNKNOWN,0.2667,0,71.025
974,30.35,,0,5.0,0.55,5,3,0,4.9939,1.0,wave,UNKNOWN,UNKNOWN,0.2667,0,70.27
975,30.3658,,0,5.0,0.55,5,3,0,4.998,1.0,wave,UNKNOWN,UNKNOWN,0.2767,1,65.057
976,30.421,,0,5.0,0.55,5,3,0,4.9986,1.0,wave,UNKNOWN,UNKNOWN,0.2767,0,66.168
977,30.4341,,0,5.0,0.55,5,3,0,4.9995,1.0,wave,UNKNOWN,UNKNOWN,0.2767,0,67.802
978,30.4461,,0,5.0,0.55,5,3,0,4.997,1.0,wave,UNKNOWN,UNKNOWN,0.2767,0,68.12
979,30.4602,,0,5.0,0.55,5,3,0,4.998,1.0,wave,UNKNOWN,UNKNOWN,0.2767,0,69.248
980,30.473,,0,5.0,0.55,5,3,0,4.9601,1.0,wave,UNKNOWN,UNKNOWN,0.2767,0,69.407
981,30.4869,,0,5.0,0.55,5,3,0,4.974,1.0,wave,UNKNOWN,UNKNOWN,0.2767,0,70.798
982,30.4991,,0,5.0,0.55,5,3,0,4.9862,1.0,wave,UNKNOWN,UNKNOWN,0.2767,0,71.542
983,30.5117,,0,5.0,0.55,5,3,0,4.9988,1.0,wave,UNKNOWN,UNKNOWN,0.2767,0,71.212
984,30.5264,,0,5.0,0.55,5,3,0,4.9975,1.0,wave,UNKNOWN,UNKNOWN,0.2767,0,71.869
985,30.5393,,0,5.0,0.55,5,3,0,4.993,1.0,wave,UNKNOWN,UNKNOWN,0.2767,0,72.102
986,30.5527,,0,5.0,0.55,5,3,0,4.9917,1.0,wave,UNKNOWN,UNKNOWN,0.2767,0,71.894
987,30.5671,,0,5.0,0.55,5,3,0,4.9932,1.0,wave,UNKNOWN,UNKNOWN,0.2767,0,72.393
988,30.58,,0,5.0,0.55,5,3,0,4.9907,1.0,wave,UNKNOWN,UNKNOWN,0.2767,0,73.525
989,30.592,,0,5.0,0.55,5,3,0,4.9906,1.0,wave,UNKNOWN,UNKNOWN,0.2767,0,72.93
990,30.607,,0,5.0,0.55,5,3,0,4.9928,1.0,wave,UNKNOWN,UNKNOWN,0.2767,0,73.066
991,30.6201,,0,5.0,0.55,5,3,0,4.9906,1.0,wave,UNKNOWN,UNKNOWN,0.3033,1,67.769
992,30.6703,,0,5.0,0.55,5,3,0,4.981,1.0,wave,UNKNOWN,UNKNOWN,0.3033,0,68.895
993,30.6825,,0,5.0,0.55,5,3,0,4.9933,1.0,wave,UNKNOWN,UNKNOWN,0.3033,0,69.697
994,30.6955,,0,5.0,0.55,5,3,0,4.9946,1.0,wave,UNKNOWN,UNKNOWN,0.3033,0,71.268
995,30.7072,,0,5.0,0.55,5,3,0,4.9924,1.0,wave,UNKNOWN,UNKNOWN,0.3033,0,71.863
996,30.7202,,0,5.0,0.55,5,3,0,4.9532,1.0,wave,UNKNOWN,UNKNOWN,0.3033,0,72.229
997,30.7334,,0,5.0,0.55,5,3,0,4.9664,1.0,wave,UNKNOWN,UNKNOWN,0.3033,0,72.634
998,30.7468,,0,5.0,0.55,5,3,0,4.9798,1.0,wave,UNKNOWN,UNKNOWN,0.3033,0,73.641
999,30.7588,,0,5.0,0.55,5,3,0,4.9919,1.0,wave,UNKNOWN,UNKNOWN,0.3033,0,74.26
1000,30.7712,,0,5.0,0.55,5,3,0,4.9913,1.0,wave,UNKNOWN,UNKNOWN,0.3033,0,71.163
1001,30.7945,,0,5.0,0.55,5,3,0,4.9858,1.0,wave,UNKNOWN,UNKNOWN,0.3033,0,71.797
1002,30.8075,,0,5.0,0.55,5,3,0,4.9988,1.0,wave,UNKNOWN,UNKNOWN,0.3033,0,71.874
1003,30.8209,,0,5.0,0.55,5,3,0,5.0,1.0,wave,UNKNOWN,UNKNOWN,0.3033,0,72.237
1004,30.8342,,0,5.0,0.55,5,3,0,4.9875,1.0,wave,UNKNOWN,UNKNOWN,0.3033,0,72.723
1005,30.8472,,0,5.0,0.55,5,3,0,4.987,1.0,wave,UNKNOWN,UNKNOWN,0.3033,0,73.833
1006,30.8591,,0,5.0,0.55,5,3,0,4.9989,1.0,wave,UNKNOWN,UNKNOWN,0.3033,0,73.072
1007,30.8744,,0,5.0,0.55,5,3,0,4.9796,1.0,wave,UNKNOWN,UNKNOWN,0.3,1,67.438
1008,30.9344,,0,5.0,0.55,5,3,0,4.9992,1.0,wave,UNKNOWN,UNKNOWN,0.3,0,66.902
1009,30.9501,,0,5.0,0.55,5,3,0,4.984,1.0,wave,UNKNOWN,UNKNOWN,0.3,0,67.468
1010,30.9641,,0,5.0,0.55,5,3,0,4.9979,1.0,wave,UNKNOWN,UNKNOWN,0.3,0,69.099
1011,30.976,,0,5.0,0.55,5,3,0,4.9572,1.0,wave,UNKNOWN,UNKNOWN,0.3,0,67.675
1012,30.9942,,0,5.0,0.55,5,3,0,4.9755,1.0,wave,UNKNOWN,UNKNOWN,0.3,0,68.727
1013,31.0068,,0,5.0,0.55,5,3,0,4.988,1.0,wave,UNKNOWN,UNKNOWN,0.3,0,69.86
1014,31.0193,,0,5.0,0.55,5,3,0,4.9884,1.0,wave,UNKNOWN,UNKNOWN,0.3,0,70.07
1015,31.0332,,0,5.0,0.55,5,3,0,4.9893,1.0,wave,UNKNOWN,UNKNOWN,0.3,0,69.821
1016,31.048,,0,5.0,0.55,5,3,0,4.9914,1.0,wave,UNKNOWN,UNKNOWN,0.3,0,71.019
1017,31.0606,,0,5.0,0.55,5,3,0,4.9839,1.0,wave,UNKNOWN,UNKNOWN,0.3,0,72.064
1018,31.0724,,0,5.0,0.55,5,3,0,4.9957,1.0,wave,UNKNOWN,UNKNOWN,0.3,0,71.961
1019,31.0865,,0,5.0,0.55,5,3,0,4.9977,1.0,wave,UNKNOWN,UNKNOWN,0.3,0,72.3
1020,31.0999,,0,5.0,0.55,5,3,0,4.9982,1.0,wave,UNKNOWN,UNKNOWN,0.3,0,72.517
1021,31.1133,,0,5.0,0.55,5,3,0,4.9976,1.0,wave,UNKNOWN,UNKNOWN,0.3,0,72.546
1022,31.1271,,0,5.0,0.55,5,3,0,4.9988,1.0,wave,UNKNOWN,UNKNOWN,0.2867,1,67.262
1023,31.1783,,0,5.0,0.55,5,3,0,4.9969,1.0,wave,UNKNOWN,UNKNOWN,0.2867,0,68.181
1024,31.1909,,0,5.0,0.55,5,3,0,4.9961,1.0,wave,UNKNOWN,UNKNOWN,0.2867,0,69.647
1025,31.203,,0,5.0,0.55,5,3,0,4.9943,1.0,wave,UNKNOWN,UNKNOWN,0.2867,0,70.498
1026,31.2157,,0,5.0,0.55,5,3,0,4.9952,1.0,wave,UNKNOWN,UNKNOWN,0.2867,0,70.253
1027,31.2304,,0,5.0,0.55,5,3,0,4.9399,1.0,wave,UNKNOWN,UNKNOWN,0.2867,0,70.637
1028,31.2443,,0,5.0,0.55,5,3,0,4.9538,1.0,wave,UNKNOWN,UNKNOWN,0.2867,0,70.757
1029,31.2578,,0,5.0,0.55,5,3,0,4.9673,1.0,wave,UNKNOWN,UNKNOWN,0.2867,0,72.18
1030,31.2696,,0,5.0,0.55,5,3,0,4.9791,1.0,wave,UNKNOWN,UNKNOWN,0.2867,0,73.092
1031,31.2818,,0,5.0,0.55,5,3,0,4.9913,1.0,wave,UNKNOWN,UNKNOWN,0.2867,0,73.083
1032,31.2956,,0,5.0,0.55,5,3,0,4.9842,1.0,wave,UNKNOWN,UNKNOWN,0.2867,0,73.553
1033,31.3085,,0,5.0,0.55,5,3,0,4.9971,1.0,wave,UNKNOWN,UNKNOWN,0.2867,0,74.195
1034,31.3212,,0,5.0,0.55,5,3,0,4.9957,1.0,wave,UNKNOWN,UNKNOWN,0.2867,0,74.565
1035,31.3339,,0,5.0,0.55,5,3,0,4.9944,1.0,wave,UNKNOWN,UNKNOWN,0.2867,0,74.397
1036,31.3478,,0,5.0,0.55,5,3,0,4.996,1.0,wave,UNKNOWN,UNKNOWN,0.2867,0,74.022
1037,31.3618,,0,5.0,0.55,5,3,0,4.9981,1.0,wave,UNKNOWN,UNKNOWN,0.2867,0,74.285
1038,31.3747,,0,5.0,0.55,5,3,0,4.9985,1.0,wave,UNKNOWN,UNKNOWN,0.2867,0,74.403
1039,31.388,,0,5.0,0.55,5,3,0,4.9985,1.0,wave,UNKNOWN,UNKNOWN,0.28,1,68.961
1040,31.4382,,0,5.0,0.55,5,3,0,4.9932,1.0,wave,UNKNOWN,UNKNOWN,0.28,0,68.705
1041,31.4531,,0,5.0,0.55,5,3,0,4.9904,1.0,wave,UNKNOWN,UNKNOWN,0.28,0,67.026
1042,31.4727,,0,5.0,0.55,5,3,0,4.9967,1.0,wave,UNKNOWN,UNKNOWN,0.28,0,67.321
1043,31.4866,,0,5.0,0.55,5,3,0,4.9518,1.0,wave,UNKNOWN,UNKNOWN,0.28,0,68.744
1044,31.4989,,0,5.0,0.55,5,3,0,4.9641,1.0,wave,UNKNOWN,UNKNOWN,0.28,0,70.107
1045,31.5112,,0,5.0,0.55,5,3,0,4.9763,1.0,wave,UNKNOWN,UNKNOWN,0.28,0,70.796
1046,31.524,,0,5.0,0.55,5,3,0,4.9892,1.0,wave,UNKNOWN,UNKNOWN,0.28,0,71.518
1047,31.5368,,0,5.0,0.55,5,3,0,4.9878,1.0,wave,UNKNOWN,UNKNOWN,0.28,0,72.644
1048,31.5489,,0,5.0,0.55,5,3,0,5.0,1.0,wave,UNKNOWN,UNKNOWN,0.28,0,70.142
1049,31.5699,,0,5.0,0.55,5,3,0,4.992,1.0,wave,UNKNOWN,UNKNOWN,0.28,0,70.949
1050,31.5827,,0,5.0,0.55,5,3,0,4.991,1.0,wave,UNKNOWN,UNKNOWN,0.28,0,71.408
1051,31.5961,,0,5.0,0.55,5,3,0,4.9925,1.0,wave,UNKNOWN,UNKNOWN,0.28,0,72.493
1052,31.6081,,0,5.0,0.55,5,3,0,4.9902,1.0,wave,UNKNOWN,UNKNOWN,0.28,0,70.181
1053,31.6286,,0,5.0,0.55,5,3,0,4.9975,1.0,wave,UNKNOWN,UNKNOWN,0.28,0,71.17
1054,31.6409,,0,5.0,0.55,5,3,0,4.991,1.0,wave,UNKNOWN,UNKNOWN,0.28,1,66.081
1055,31.6907,,0,5.0,0.55,5,3,0,4.9875,1.0,wave,UNKNOWN,UNKNOWN,0.28,0,66.349
1056,31.7047,,0,5.0,0.55,5,3,0,4.9869,1.0,wave,UNKNOWN,UNKNOWN,0.28,0,67.503
1057,31.7178,,0,5.0,0.55,5,3,0,5.0,1.0,wave,UNKNOWN,UNKNOWN,0.28,0,68.425
1058,31.7306,,0,5.0,0.55,5,3,0,4.999,1.0,wave,UNKNOWN,UNKNOWN,0.28,0,65.715
1059,31.7547,,0,5.0,0.55,5,3,0,4.9716,1.0,wave,UNKNOWN,UNKNOWN,0.28,0,67.394
1060,31.767,,0,5.0,0.55,5,3,0,4.9839,1.0,wave,UNKNOWN,UNKNOWN,0.28,0,67.721
1061,31.781,,0,5.0,0.55,5,3,0,4.9979,1.0,wave,UNKNOWN,UNKNOWN,0.28,0,68.802
1062,31.794,,0,5.0,0.55,5,3,0,4.9966,1.0,wave,UNKNOWN,UNKNOWN,0.28,0,66.789
1063,31.8146,,0,5.0,0.55,5,3,0,4.9923,1.0,wave,UNKNOWN,UNKNOWN,0.28,0,66.941
1064,31.8291,,0,5.0,0.55,5,3,0,4.9947,1.0,wave,UNKNOWN,UNKNOWN,0.28,0,67.684
1065,31.8424,,0,5.0,0.55,5,3,0,4.9938,1.0,wave,UNKNOWN,UNKNOWN,0.28,0,68.819
1066,31.855,,0,5.0,0.55,5,3,0,4.9924,1.0,wave,UNKNOWN,UNKNOWN,0.28,0,69.031
1067,31.8691,,0,5.0,0.55,5,3,0,4.9944,1.0,wave,UNKNOWN,UNKNOWN,0.28,0,69.912
1068,31.882,,0,5.0,0.55,5,3,0,4.9953,1.0,wave,UNKNOWN,UNKNOWN,0.28,0,71.186
1069,31.8942,,0,5.0,0.55,5,3,0,4.9945,1.0,wave,UNKNOWN,UNKNOWN,0.2733,1,65.96
1070,31.9475,,0,5.0,0.55,5,3,0,4.9834,1.0,wave,UNKNOWN,UNKNOWN,0.2733,0,66.81
1071,31.9608,,0,5.0,0.55,5,3,0,4.9966,1.0,wave,UNKNOWN,UNKNOWN,0.2733,0,68.248
1072,31.9726,,0,5.0,0.55,5,3,0,4.9942,1.0,wave,UNKNOWN,UNKNOWN,0.2733,0,68.056
1073,31.9879,,0,5.0,0.55,5,3,0,4.997,1.0,wave,UNKNOWN,UNKNOWN,0.2733,0,68.35
1074,32.002,,0,5.0,0.55,5,3,0,4.9601,1.0,wave,UNKNOWN,UNKNOWN,0.2733,0,66.426
1075,32.0224,,0,5.0,0.55,5,3,0,4.9806,1.0,wave,UNKNOWN,UNKNOWN,0.2733,0,67.294
1076,32.0357,,0,5.0,0.55,5,3,0,4.9939,1.0,wave,UNKNOWN,UNKNOWN,0.2733,0,67.409
1077,32.0501,,0,5.0,0.55,5,3,0,4.9934,1.0,wave,UNKNOWN,UNKNOWN,0.2733,0,67.602
1078,32.0646,,0,5.0,0.55,5,3,0,4.9943,1.0,wave,UNKNOWN,UNKNOWN,0.2733,0,68.771
1079,32.0774,,0,5.0,0.55,5,3,0,4.9946,1.0,wave,UNKNOWN,UNKNOWN,0.2733,0,69.78
1080,32.0898,,0,5.0,0.55,5,3,0,4.9946,1.0,wave,UNKNOWN,UNKNOWN,0.2733,0,70.274
1081,32.1032,,0,5.0,0.55,5,3,0,4.9947,1.0,wave,UNKNOWN,UNKNOWN,0.2733,0,70.762
1082,32.1167,,0,5.0,0.55,5,3,0,4.9873,1.0,wave,UNKNOWN,UNKNOWN,0.2733,0,70.499
1083,32.1312,,0,5.0,0.55,5,3,0,4.9884,1.0,wave,UNKNOWN,UNKNOWN,0.2733,0,71.786
1084,32.1436,,0,5.0,0.55,5,3,0,4.9876,1.0,wave,UNKNOWN,UNKNOWN,0.2733,0,72.66
1085,32.1556,,0,5.0,0.55,5,3,0,4.9995,1.0,wave,UNKNOWN,UNKNOWN,0.27,1,67.036
1086,32.2171,,0,5.0,0.55,5,3,0,4.9972,1.0,wave,UNKNOWN,UNKNOWN,0.27,0,67.075
1087,32.2314,,0,5.0,0.55,5,3,0,4.9986,1.0,wave,UNKNOWN,UNKNOWN,0.27,0,66.209
1088,32.2486,,0,5.0,0.55,5,3,0,4.9472,1.0,wave,UNKNOWN,UNKNOWN,0.27,0,67.186
1089,32.2621,,0,5.0,0.55,5,3,0,4.9608,1.0,wave,UNKNOWN,UNKNOWN,0.27,0,68.367
1090,32.2746,,0,5.0,0.55,5,3,0,4.9732,1.0,wave,UNKNOWN,UNKNOWN,0.27,0,69.34
1091,32.287,,0,5.0,0.55,5,3,0,4.9857,1.0,wave,UNKNOWN,UNKNOWN,0.27,0,69.589
1092,32.301,,0,5.0,0.55,5,3,0,4.9996,1.0,wave,UNKNOWN,UNKNOWN,0.27,0,69.878
1093,32.3149,,0,5.0,0.55,5,3,0,4.9998,1.0,wave,UNKNOWN,UNKNOWN,0.27,0,71.365
1094,32.3269,,0,5.0,0.55,5,3,0,4.9992,1.0,wave,UNKNOWN,UNKNOWN,0.27,0,72.199
1095,32.3391,,0,5.0,0.55,5,3,0,4.9991,1.0,wave,UNKNOWN,UNKNOWN,0.27,0,73.072
1096,32.3516,,0,5.0,0.55,5,3,0,4.9992,1.0,wave,UNKNOWN,UNKNOWN,0.27,0,72.355
1097,32.3667,,0,5.0,0.55,5,3,0,4.9988,1.0,wave,UNKNOWN,UNKNOWN,0.27,0,72.78
1098,32.3798,,0,5.0,0.55,5,3,0,4.9996,1.0,wave,UNKNOWN,UNKNOWN,0.27,0,73.792
1099,32.3919,,0,5.0,0.55,5,3,0,4.9983,1.0,wave,UNKNOWN,UNKNOWN,0.27,0,74.576
1100,32.404,,0,5.0,0.55,5,3,0,4.9985,1.0,wave,UNKNOWN,UNKNOWN,0.27,0,74.683
1101,32.4173,,0,5.0,0.55,5,3,0,4.9994,1.0,wave,UNKNOWN,UNKNOWN,0.2567,1,69.24
1102,32.467,,0,5.0,0.55,5,3,0,4.9967,1.0,wave,UNKNOWN,UNKNOWN,0.2567,0,68.789
1103,32.4823,,0,5.0,0.55,5,3,0,4.9989,1.0,wave,UNKNOWN,UNKNOWN,0.2567,0,66.971
1104,32.5019,,0,5.0,0.55,5,3,0,4.9928,1.0,wave,UNKNOWN,UNKNOWN,0.2567,0,67.491
1105,32.5158,,0,5.0,0.55,5,3,0,4.9562,1.0,wave,UNKNOWN,UNKNOWN,0.2567,0,68.817
1106,32.5287,,0,5.0,0.55,5,3,0,4.9691,1.0,wave,UNKNOWN,UNKNOWN,0.2567,0,69.793
1107,32.5409,,0,5.0,0.55,5,3,0,4.9813,1.0,wave,UNKNOWN,UNKNOWN,0.2567,0,70.877
1108,32.5532,,0,5.0,0.55,5,3,0,4.9936,1.0,wave,UNKNOWN,UNKNOWN,0.2567,0,71.001
1109,32.5671,,0,5.0,0.55,5,3,0,4.9954,1.0,wave,UNKNOWN,UNKNOWN,0.2567,0,71.131
1110,32.581,,0,5.0,0.55,5,3,0,4.9974,1.0,wave,UNKNOWN,UNKNOWN,0.2567,0,72.58
1111,32.593,,0,5.0,0.55,5,3,0,4.996,1.0,wave,UNKNOWN,UNKNOWN,0.2567,0,73.474
1112,32.6048,,0,5.0,0.55,5,3,0,4.9941,1.0,wave,UNKNOWN,UNKNOWN,0.2567,0,73.859
1113,32.6179,,0,5.0,0.55,5,3,0,4.993,1.0,wave,UNKNOWN,UNKNOWN,0.2567,0,73.754
1114,32.6316,,0,5.0,0.55,5,3,0,4.9932,1.0,wave,UNKNOWN,UNKNOWN,0.2567,0,73.37
1115,32.6461,,0,5.0,0.55,5,3,0,4.9956,1.0,wave,UNKNOWN,UNKNOWN,0.2567,0,73.728
1116,32.6589,,0,5.0,0.55,5,3,0,4.996,1.0,wave,UNKNOWN,UNKNOWN,0.2567,0,74.13
1117,32.6716,,0,5.0,0.55,5,3,0,4.9945,1.0,wave,UNKNOWN,UNKNOWN,0.28,1,68.592
1118,32.7253,,0,5.0,0.55,5,3,0,4.9962,1.0,wave,UNKNOWN,UNKNOWN,0.28,0,68.886
1119,32.739,,0,5.0,0.55,5,3,0,4.996,1.0,wave,UNKNOWN,UNKNOWN,0.28,0,70.436
1120,32.7507,,0,5.0,0.55,5,3,0,4.9947,1.0,wave,UNKNOWN,UNKNOWN,0.28,0,71.431
1121,32.7635,,0,5.0,0.55,5,3,0,4.9944,1.0,wave,UNKNOWN,UNKNOWN,0.28,0,72.288
1122,32.7758,,0,5.0,0.55,5,3,0,4.9481,1.0,wave,UNKNOWN,UNKNOWN,0.28,0,72.475
1123,32.7894,,0,5.0,0.55,5,3,0,4.9617,1.0,wave,UNKNOWN,UNKNOWN,0.28,0,72.971
1124,32.8026,,0,5.0,0.55,5,3,0,4.9749,1.0,wave,UNKNOWN,UNKNOWN,0.28,0,73.315
1125,32.8154,,0,5.0,0.55,5,3,0,4.9877,1.0,wave,UNKNOWN,UNKNOWN,0.28,0,73.417
1126,32.8289,,0,5.0,0.55,5,3,0,4.9879,1.0,wave,UNKNOWN,UNKNOWN,0.28,0,73.767
1127,32.8417,,0,5.0,0.55,5,3,0,4.9889,1.0,wave,UNKNOWN,UNKNOWN,0.28,0,73.998
1128,32.8549,,0,5.0,0.55,5,3,0,4.9787,1.0,wave,UNKNOWN,UNKNOWN,0.28,0,74.688
1129,32.8678,,0,5.0,0.55,5,3,0,4.9915,1.0,wave,UNKNOWN,UNKNOWN,0.28,0,74.595
1130,32.8809,,0,5.0,0.55,5,3,0,4.9921,1.0,wave,UNKNOWN,UNKNOWN,0.28,0,74.85
1131,32.894,,0,5.0,0.55,5,3,0,4.9933,1.0,wave,UNKNOWN,UNKNOWN,0.28,0,74.798
1132,32.9072,,0,5.0,0.55,5,3,0,4.9936,1.0,wave,UNKNOWN,UNKNOWN,0.28,0,74.466
1133,32.9212,,0,5.0,0.55,5,3,0,4.9919,1.0,wave,UNKNOWN,UNKNOWN,0.28,0,74.81
1134,32.9342,,0,5.0,0.55,5,3,0,4.9902,1.0,wave,UNKNOWN,UNKNOWN,0.2767,1,69.3
1135,32.985,,0,5.0,0.55,5,3,0,4.9882,1.0,wave,UNKNOWN,UNKNOWN,0.2767,0,68.741
1136,33.0006,,0,5.0,0.55,5,3,0,4.9899,1.0,wave,UNKNOWN,UNKNOWN,0.2767,0,69.04
1137,33.0145,,0,5.0,0.55,5,3,0,4.9841,1.0,wave,UNKNOWN,UNKNOWN,0.2767,0,67.091
1138,33.0346,,0,5.0,0.55,5,3,0,4.9509,1.0,wave,UNKNOWN,UNKNOWN,0.2767,0,67.003
1139,33.0497,,0,5.0,0.55,5,3,0,4.966,1.0,wave,UNKNOWN,UNKNOWN,0.2767,0,67.884
1140,33.0631,,0,5.0,0.55,5,3,0,4.9795,1.0,wave,UNKNOWN,UNKNOWN,0.2767,0,68.512
1141,33.0765,,0,5.0,0.55,5,3,0,4.9928,1.0,wave,UNKNOWN,UNKNOWN,0.2767,0,69.704
1142,33.0888,,0,5.0,0.55,5,3,0,4.9922,1.0,wave,UNKNOWN,UNKNOWN,0.2767,0,70.226
1143,33.1022,,0,5.0,0.55,5,3,0,4.9933,1.0,wave,UNKNOWN,UNKNOWN,0.2767,0,68.215
1144,33.1222,,0,5.0,0.55,5,3,0,4.9876,1.0,wave,UNKNOWN,UNKNOWN,0.2767,0,68.919
1145,33.1354,,0,5.0,0.55,5,3,0,4.9867,1.0,wave,UNKNOWN,UNKNOWN,0.2767,0,69.241
1146,33.1493,,0,5.0,0.55,5,3,0,4.9864,1.0,wave,UNKNOWN,UNKNOWN,0.2767,0,69.85
1147,33.1627,,0,5.0,0.55,5,3,0,4.9998,1.0,wave,UNKNOWN,UNKNOWN,0.2767,0,70.207
1148,33.1761,,0,5.0,0.55,5,3,0,4.9895,1.0,wave,UNKNOWN,UNKNOWN,0.2767,0,71.112
1149,33.189,,0,5.0,0.55,5,3,0,4.99,1.0,wave,UNKNOWN,UNKNOWN,0.2867,1,65.967
1150,33.2403,,0,5.0,0.55,5,3,0,4.9826,1.0,wave,UNKNOWN,UNKNOWN,0.2867,0,66.29
1151,33.2544,,0,5.0,0.55,5,3,0,4.9967,1.0,wave,UNKNOWN,UNKNOWN,0.2867,0,67.324
1152,33.2675,,0,5.0,0.55,5,3,0,4.9981,1.0,wave,UNKNOWN,UNKNOWN,0.2867,0,67.516
1153,33.2815,,0,5.0,0.55,5,3,0,4.9986,1.0,wave,UNKNOWN,UNKNOWN,0.2867,0,69.225
1154,33.2933,,0,5.0,0.55,5,3,0,4.9488,1.0,wave,UNKNOWN,UNKNOWN,0.2867,0,69.769
1155,33.3068,,0,5.0,0.55,5,3,0,4.9622,1.0,wave,UNKNOWN,UNKNOWN,0.2867,0,70.211
1156,33.3203,,0,5.0,0.55,5,3,0,4.9757,1.0,wave,UNKNOWN,UNKNOWN,0.2867,0,71.417
1157,33.3329,,0,5.0,0.55,5,3,0,4.9883,1.0,wave,UNKNOWN,UNKNOWN,0.2867,0,72.295
1158,33.345,,0,5.0,0.55,5,3,0,4.9874,1.0,wave,UNKNOWN,UNKNOWN,0.2867,0,72.884
1159,33.3578,,0,5.0,0.55,5,3,0,4.9885,1.0,wave,UNKNOWN,UNKNOWN,0.2867,0,72.887
1160,33.3715,,0,5.0,0.55,5,3,0,4.9897,1.0,wave,UNKNOWN,UNKNOWN,0.2867,0,71.946
1161,33.3874,,0,5.0,0.55,5,3,0,4.9916,1.0,wave,UNKNOWN,UNKNOWN,0.2867,0,71.575
1162,33.4018,,0,5.0,0.55,5,3,0,4.9933,1.0,wave,UNKNOWN,UNKNOWN,0.2867,0,71.469
1163,33.4162,,0,5.0,0.55,5,3,0,4.9956,1.0,wave,UNKNOWN,UNKNOWN,0.2867,0,71.898
1164,33.4292,,0,5.0,0.55,5,3,0,4.9953,1.0,wave,UNKNOWN,UNKNOWN,0.2867,0,73.082
1165,33.4411,,0,5.0,0.55,5,3,0,4.9937,1.0,wave,UNKNOWN,UNKNOWN,0.2933,1,67.438
1166,33.5016,,0,5.0,0.55,5,3,0,4.9938,1.0,wave,UNKNOWN,UNKNOWN,0.2933,0,67.344
1167,33.5163,,0,5.0,0.55,5,3,0,4.9967,1.0,wave,UNKNOWN,UNKNOWN,0.2933,0,69.02
1168,33.5288,,0,5.0,0.55,5,3,0,4.9967,1.0,wave,UNKNOWN,UNKNOWN,0.2933,0,69.82
1169,33.5411,,0,5.0,0.55,5,3,0,4.9934,1.0,wave,UNKNOWN,UNKNOWN,0.2933,0,70.653
1170,33.5539,,0,5.0,0.55,5,3,0,4.9548,1.0,wave,UNKNOWN,UNKNOWN,0.2933,0,70.982
1171,33.5675,,0,5.0,0.55,5,3,0,4.9684,1.0,wave,UNKNOWN,UNKNOWN,0.2933,0,71.725
1172,33.5805,,0,5.0,0.55,5,3,0,4.9814,1.0,wave,UNKNOWN,UNKNOWN,0.2933,0,72.491
1173,33.5928,,0,5.0,0.55,5,3,0,4.9937,1.0,wave,UNKNOWN,UNKNOWN,0.2933,0,72.406
1174,33.6068,,0,5.0,0.55,5,3,0,4.9925,1.0,wave,UNKNOWN,UNKNOWN,0.2933,0,73.039
1175,33.6194,,0,5.0,0.55,5,3,0,4.9877,1.0,wave,UNKNOWN,UNKNOWN,0.2933,0,73.058
1176,33.6331,,0,5.0,0.55,5,3,0,4.9888,1.0,wave,UNKNOWN,UNKNOWN,0.2933,0,74.136
1177,33.6455,,0,5.0,0.55,5,3,0,4.9892,1.0,wave,UNKNOWN,UNKNOWN,0.2933,0,74.574
1178,33.658,,0,5.0,0.55,5,3,0,4.9794,1.0,wave,UNKNOWN,UNKNOWN,0.2933,0,74.247
1179,33.6718,,0,5.0,0.55,5,3,0,4.9933,1.0,wave,UNKNOWN,UNKNOWN,0.2933,0,71.333
1180,33.6942,,0,5.0,0.55,5,3,0,4.9955,1.0,wave,UNKNOWN,UNKNOWN,0.3033,1,66.119
1181,33.7463,,0,5.0,0.55,5,3,0,4.9885,1.0,wave,UNKNOWN,UNKNOWN,0.3033,0,67.029
1182,33.7597,,0,5.0,0.55,5,3,0,4.9888,1.0,wave,UNKNOWN,UNKNOWN,0.3033,0,68.477
1183,33.7717,,0,5.0,0.55,5,3,0,4.9781,1.0,wave,UNKNOWN,UNKNOWN,0.3033,0,69.633
1184,33.7842,,0,5.0,0.55,5,3,0,4.9906,1.0,wave,UNKNOWN,UNKNOWN,0.3033,0,70.473
1185,33.7971,,0,5.0,0.55,5,3,0,4.9913,1.0,wave,UNKNOWN,UNKNOWN,0.3033,0,68.876
1186,33.8153,,0,5.0,0.55,5,3,0,4.9575,1.0,wave,UNKNOWN,UNKNOWN,0.3033,0,68.296
1187,33.8312,,0,5.0,0.55,5,3,0,4.9734,1.0,wave,UNKNOWN,UNKNOWN,0.3033,0,68.074
1188,33.8464,,0,5.0,0.55,5,3,0,4.9886,1.0,wave,UNKNOWN,UNKNOWN,0.3033,0,68.915
1189,33.8594,,0,5.0,0.55,5,3,0,4.9891,1.0,wave,UNKNOWN,UNKNOWN,0.3033,0,70.452
1190,33.8712,,0,5.0,0.55,5,3,0,4.9883,1.0,wave,UNKNOWN,UNKNOWN,0.3033,0,70.961
1191,33.8845,,0,5.0,0.55,5,3,0,4.9884,1.0,wave,UNKNOWN,UNKNOWN,0.3033,0,71.677
1192,33.8973,,0,5.0,0.55,5,3,0,4.9876,1.0,wave,UNKNOWN,UNKNOWN,0.3033,0,72.128
1193,33.9104,,0,5.0,0.55,5,3,0,4.9877,1.0,wave,UNKNOWN,UNKNOWN,0.3033,0,73.253
1194,33.9228,,0,5.0,0.55,5,3,0,4.9878,1.0,wave,UNKNOWN,UNKNOWN,0.3033,0,73.301
1195,33.936,,0,5.0,0.55,5,3,0,4.9889,1.0,wave,UNKNOWN,UNKNOWN,0.3033,0,73.567
1196,33.9493,,0,5.0,0.55,5,3,0,4.9866,1.0,wave,UNKNOWN,UNKNOWN,0.2967,1,67.881
1197,34.0093,,0,5.0,0.55,5,3,0,4.9944,1.0,wave,UNKNOWN,UNKNOWN,0.2967,0,68.609
1198,34.0225,,0,5.0,0.55,5,3,0,4.9942,1.0,wave,UNKNOWN,UNKNOWN,0.2967,0,69.942
1199,34.0345,,0,5.0,0.55,5,3,0,4.9917,1.0,wave,UNKNOWN,UNKNOWN,0.2967,0,70.882
1200,34.0471,,0,5.0,0.55,5,3,0,4.9914,1.0,wave,UNKNOWN,UNKNOWN,0.2967,0,71.811
1201,34.0597,,0,5.0,0.55,5,3,0,4.9908,1.0,wave,UNKNOWN,UNKNOWN,0.2967,0,72.948
1202,34.0716,,0,5.0,0.55,5,3,0,4.9474,1.0,wave,UNKNOWN,UNKNOWN,0.2967,0,72.314
1203,34.0868,,0,5.0,0.55,5,3,0,4.9626,1.0,wave,UNKNOWN,UNKNOWN,0.2967,0,72.848
1204,34.0996,,0,5.0,0.55,5,3,0,4.9754,1.0,wave,UNKNOWN,UNKNOWN,0.2967,0,71.307
1205,34.117,,0,5.0,0.55,5,3,0,4.9928,1.0,wave,UNKNOWN,UNKNOWN,0.2967,0,72.459
1206,34.1294,,0,5.0,0.55,5,3,0,4.9912,1.0,wave,UNKNOWN,UNKNOWN,0.2967,0,70.339
1207,34.1486,,0,5.0,0.55,5,3,0,4.9977,1.0,wave,UNKNOWN,UNKNOWN,0.2967,0,71.28
1208,34.161,,0,5.0,0.55,5,3,0,4.9917,1.0,wave,UNKNOWN,UNKNOWN,0.2967,0,71.358
1209,34.1749,,0,5.0,0.55,5,3,0,4.9936,1.0,wave,UNKNOWN,UNKNOWN,0.2967,0,72.411
1210,34.1872,,0,5.0,0.55,5,3,0,4.9929,1.0,wave,UNKNOWN,UNKNOWN,0.2967,0,73.116
1211,34.1997,,0,5.0,0.55,5,3,0,4.9924,1.0,wave,UNKNOWN,UNKNOWN,0.2833,1,67.779
1212,34.2507,,0,5.0,0.55,5,3,0,4.9915,1.0,wave,UNKNOWN,UNKNOWN,0.2833,0,66.434
1213,34.2688,,0,5.0,0.55,5,3,0,4.9969,1.0,wave,UNKNOWN,UNKNOWN,0.2833,0,66.78
1214,34.2831,,0,5.0,0.55,5,3,0,4.9943,1.0,wave,UNKNOWN,UNKNOWN,0.2833,0,68.185
1215,34.2958,,0,5.0,0.55,5,3,0,4.9935,1.0,wave,UNKNOWN,UNKNOWN,0.2833,0,69.518
1216,34.3076,,0,5.0,0.55,5,3,0,4.9921,1.0,wave,UNKNOWN,UNKNOWN,0.2833,0,70.423
1217,34.3206,,0,5.0,0.55,5,3,0,4.9925,1.0,wave,UNKNOWN,UNKNOWN,0.2833,0,70.349
1218,34.3348,,0,5.0,0.55,5,3,0,4.9576,1.0,wave,UNKNOWN,UNKNOWN,0.2833,0,70.509
1219,34.3487,,0,5.0,0.55,5,3,0,4.9715,1.0,wave,UNKNOWN,UNKNOWN,0.2833,0,71.808
1220,34.3607,,0,5.0,0.55,5,3,0,4.9836,1.0,wave,UNKNOWN,UNKNOWN,0.2833,0,72.934
1221,34.3727,,0,5.0,0.55,5,3,0,4.9955,1.0,wave,UNKNOWN,UNKNOWN,0.2833,0,70.341
1222,34.3941,,0,5.0,0.55,5,3,0,4.9852,1.0,wave,UNKNOWN,UNKNOWN,0.2833,0,71.565
1223,34.4061,,0,5.0,0.55,5,3,0,4.9972,1.0,wave,UNKNOWN,UNKNOWN,0.2833,0,72.125
1224,34.419,,0,5.0,0.55,5,3,0,4.9977,1.0,wave,UNKNOWN,UNKNOWN,0.2833,0,72.353
1225,34.4325,,0,5.0,0.55,5,3,0,4.9986,1.0,wave,UNKNOWN,UNKNOWN,0.2833,0,70.488
1226,34.4512,,0,5.0,0.55,5,3,0,4.9909,1.0,wave,UNKNOWN,UNKNOWN,0.3067,1,65.22
1227,34.5077,,0,5.0,0.55,5,3,0,4.9998,1.0,wave,UNKNOWN,UNKNOWN,0.3067,0,65.984
1228,34.5211,,0,5.0,0.55,5,3,0,4.9871,1.0,wave,UNKNOWN,UNKNOWN,0.3067,0,64.656
1229,34.5401,,0,5.0,0.55,5,3,0,4.9917,1.0,wave,UNKNOWN,UNKNOWN,0.3067,0,65.398
1230,34.5538,,0,5.0,0.55,5,3,0,4.9907,1.0,wave,UNKNOWN,UNKNOWN,0.3067,0,66.612
1231,34.5669,,0,5.0,0.55,5,3,0,4.9902,1.0,wave,UNKNOWN,UNKNOWN,0.3067,0,68.199
1232,34.579,,0,5.0,0.55,5,3,0,4.9893,1.0,wave,UNKNOWN,UNKNOWN,0.3067,0,69.286
1233,34.5915,,0,5.0,0.55,5,3,0,4.9482,1.0,wave,UNKNOWN,UNKNOWN,0.3067,0,69.339
1234,34.6058,,0,5.0,0.55,5,3,0,4.9626,1.0,wave,UNKNOWN,UNKNOWN,0.3067,0,68.919
1235,34.6212,,0,5.0,0.55,5,3,0,4.978,1.0,wave,UNKNOWN,UNKNOWN,0.3067,0,69.85
1236,34.634,,0,5.0,0.55,5,3,0,4.9908,1.0,wave,UNKNOWN,UNKNOWN,0.3067,0,71.079
1237,34.6463,,0,5.0,0.55,5,3,0,4.9903,1.0,wave,UNKNOWN,UNKNOWN,0.3067,0,71.888
1238,34.6589,,0,5.0,0.55,5,3,0,4.9912,1.0,wave,UNKNOWN,UNKNOWN,0.3067,0,72.229
1239,34.672,,0,5.0,0.55,5,3,0,4.9855,1.0,wave,UNKNOWN,UNKNOWN,0.3067,0,72.164
1240,34.6859,,0,5.0,0.55,5,3,0,4.9994,1.0,wave,UNKNOWN,UNKNOWN,0.3067,0,72.774
1241,34.6989,,0,5.0,0.55,5,3,0,4.9988,1.0,wave,UNKNOWN,UNKNOWN,0.3067,0,73.415
1242,34.7115,,0,5.0,0.55,5,3,0,4.9987,1.0,wave,UNKNOWN,UNKNOWN,0.2933,1,67.821
1243,34.769,,0,5.0,0.55,5,3,0,4.9889,1.0,wave,UNKNOWN,UNKNOWN,0.2933,0,67.42
1244,34.7844,,0,5.0,0.55,5,3,0,4.9889,1.0,wave,UNKNOWN,UNKNOWN,0.2933,0,68.957
1245,34.7967,,0,5.0,0.55,5,3,0,4.9879,1.0,wave,UNKNOWN,UNKNOWN,0.2933,0,66.925
1246,34.817,,0,5.0,0.55,5,3,0,4.9947,1.0,wave,UNKNOWN,UNKNOWN,0.2933,0,65.149
1247,34.8373,,0,5.0,0.55,5,3,0,4.9905,1.0,wave,UNKNOWN,UNKNOWN,0.2933,0,63.61
1248,34.8575,,0,5.0,0.55,5,3,0,4.961,1.0,wave,UNKNOWN,UNKNOWN,0.2933,0,65.104
1249,34.8701,,0,5.0,0.55,5,3,0,4.9736,1.0,wave,UNKNOWN,UNKNOWN,0.2933,0,64.189
1250,34.8881,,0,5.0,0.55,5,3,0,4.9916,1.0,wave,UNKNOWN,UNKNOWN,0.2933,0,65.193
1251,34.9015,,0,5.0,0.55,5,3,0,4.9899,1.0,wave,UNKNOWN,UNKNOWN,0.2933,0,64.758
1252,34.9181,,0,5.0,0.55,5,3,0,4.9886,1.0,wave,UNKNOWN,UNKNOWN,0.2933,0,63.854
1253,34.9359,,0,5.0,0.55,5,3,0,4.9926,1.0,wave,UNKNOWN,UNKNOWN,0.2933,0,63.568
1254,34.9524,,0,5.0,0.55,5,3,0,4.9972,1.0,wave,UNKNOWN,UNKNOWN,0.2933,0,63.858
1255,34.9673,,0,5.0,0.55,5,3,0,4.9983,1.0,wave,UNKNOWN,UNKNOWN,0.2933,1,59.162
1256,35.0271,,0,5.0,0.55,5,3,0,4.9919,1.0,wave,UNKNOWN,UNKNOWN,0.2933,0,60.301
1257,35.0407,,0,5.0,0.55,5,3,0,4.992,1.0,wave,UNKNOWN,UNKNOWN,0.2933,0,61.86
1258,35.0542,,0,5.0,0.55,5,3,0,4.9913,1.0,wave,UNKNOWN,UNKNOWN,0.2933,0,60.543
1259,35.0744,,0,5.0,0.55,5,3,0,4.9982,1.0,wave,UNKNOWN,UNKNOWN,0.2933,0,59.319
1260,35.0953,,0,5.0,0.55,5,3,0,4.9926,1.0,wave,UNKNOWN,UNKNOWN,0.2933,0,58.589
1261,35.1144,,0,5.0,0.55,5,3,0,4.9596,1.0,wave,UNKNOWN,UNKNOWN,0.2933,0,57.998
1262,35.1335,,0,5.0,0.55,5,3,0,4.9788,1.0,wave,UNKNOWN,UNKNOWN,0.2933,0,57.207
1263,35.1532,,0,5.0,0.55,5,3,0,4.9985,1.0,wave,UNKNOWN,UNKNOWN,0.2933,0,57.086
1264,35.1711,,0,5.0,0.55,5,3,0,4.9908,1.0,wave,UNKNOWN,UNKNOWN,0.2933,0,57.44
1265,35.1877,,0,5.0,0.55,5,3,0,4.9945,1.0,wave,UNKNOWN,UNKNOWN,0.2933,0,56.409
1266,35.209,,0,5.0,0.55,5,3,0,4.9902,1.0,wave,UNKNOWN,UNKNOWN,0.2933,0,58.249
1267,35.2223,,0,5.0,0.55,5,3,0,4.9901,1.0,wave,UNKNOWN,UNKNOWN,0.2867,1,53.934
1268,35.2885,,0,5.0,0.55,5,3,0,4.9889,1.0,wave,UNKNOWN,UNKNOWN,0.2867,0,56.377
1269,35.3012,,0,5.0,0.55,5,3,0,4.9895,1.0,wave,UNKNOWN,UNKNOWN,0.2867,0,59.067
1270,35.3135,,0,5.0,0.55,5,3,0,4.9775,1.0,wave,UNKNOWN,UNKNOWN,0.2867,0,61.156
1271,35.3257,,0,5.0,0.55,5,3,0,4.9897,1.0,wave,UNKNOWN,UNKNOWN,0.2867,0,62.693
1272,35.3387,,0,5.0,0.55,5,3,0,4.9887,1.0,wave,UNKNOWN,UNKNOWN,0.2867,0,63.92
1273,35.352,,0,5.0,0.55,5,3,0,4.9862,1.0,wave,UNKNOWN,UNKNOWN,0.2867,0,64.928
1274,35.3657,,0,5.0,0.55,5,3,0,5.0,1.0,wave,UNKNOWN,UNKNOWN,0.2867,0,66.189
1275,35.3785,,0,5.0,0.55,5,3,0,4.9575,1.0,wave,UNKNOWN,UNKNOWN,0.2867,0,67.345
1276,35.3915,,0,5.0,0.55,5,3,0,4.9705,1.0,wave,UNKNOWN,UNKNOWN,0.2867,0,65.012
1277,35.4146,,0,5.0,0.55,5,3,0,4.9936,1.0,wave,UNKNOWN,UNKNOWN,0.2867,0,66.443
1278,35.4267,,0,5.0,0.55,5,3,0,4.9927,1.0,wave,UNKNOWN,UNKNOWN,0.2867,0,67.025
1279,35.4405,,0,5.0,0.55,5,3,0,4.9944,1.0,wave,UNKNOWN,UNKNOWN,0.2867,0,67.914
1280,35.4537,,0,5.0,0.55,5,3,0,4.9935,1.0,wave,UNKNOWN,UNKNOWN,0.2867,0,68.606
1281,35.467,,0,5.0,0.55,5,3,0,4.994,1.0,wave,UNKNOWN,UNKNOWN,0.2867,0,69.854
1282,35.4802,,0,5.0,0.55,5,3,0,4.9933,1.0,wave,UNKNOWN,UNKNOWN,0.26,1,64.784
1283,35.532,,0,5.0,0.55,5,3,0,4.9928,1.0,wave,UNKNOWN,UNKNOWN,0.26,0,65.076
1284,35.5466,,0,5.0,0.55,5,3,0,4.994,1.0,wave,UNKNOWN,UNKNOWN,0.26,0,66.461
1285,35.5592,,0,5.0,0.55,5,3,0,4.9921,1.0,wave,UNKNOWN,UNKNOWN,0.26,0,67.747
1286,35.5717,,0,5.0,0.55,5,3,0,4.9917,1.0,wave,UNKNOWN,UNKNOWN,0.26,0,68.205
1287,35.5855,,0,5.0,0.55,5,3,0,4.9935,1.0,wave,UNKNOWN,UNKNOWN,0.26,0,68.948
1288,35.5987,,0,5.0,0.55,5,3,0,4.9917,1.0,wave,UNKNOWN,UNKNOWN,0.26,0,68.603
1289,35.6141,,0,5.0,0.55,5,3,0,4.994,1.0,wave,UNKNOWN,UNKNOWN,0.26,0,69.34
1290,35.6272,,0,5.0,0.55,5,3,0,4.9569,1.0,wave,UNKNOWN,UNKNOWN,0.26,0,70.741
1291,35.6391,,0,5.0,0.55,5,3,0,4.9689,1.0,wave,UNKNOWN,UNKNOWN,0.26,0,71.776
1292,35.6515,,0,5.0,0.55,5,3,0,4.9812,1.0,wave,UNKNOWN,UNKNOWN,0.26,0,71.783
1293,35.6654,,0,5.0,0.55,5,3,0,4.9951,1.0,wave,UNKNOWN,UNKNOWN,0.26,0,71.757
1294,35.6796,,0,5.0,0.55,5,3,0,4.9971,1.0,wave,UNKNOWN,UNKNOWN,0.26,0,69.642
1295,35.6992,,0,5.0,0.55,5,3,0,4.992,1.0,wave,UNKNOWN,UNKNOWN,0.26,0,70.581
1296,35.7118,,0,5.0,0.55,5,3,0,4.9916,1.0,wave,UNKNOWN,UNKNOWN,0.26,0,68.55
1297,35.7317,,0,5.0,0.55,5,3,0,4.9983,1.0,wave,UNKNOWN,UNKNOWN,0.28,1,63.566
1298,35.7853,,0,5.0,0.55,5,3,0,4.9908,1.0,wave,UNKNOWN,UNKNOWN,0.28,0,63.457
1299,35.8012,,0,5.0,0.55,5,3,0,4.9937,1.0,wave,UNKNOWN,UNKNOWN,0.28,0,62.781
1300,35.8187,,0,5.0,0.55,5,3,0,4.9978,1.0,wave,UNKNOWN,UNKNOWN,0.28,0,64.592
1301,35.8312,,0,5.0,0.55,5,3,0,4.997,1.0,wave,UNKNOWN,UNKNOWN,0.28,0,65.783
1302,35.8445,,0,5.0,0.55,5,3,0,4.9973,1.0,wave,UNKNOWN,UNKNOWN,0.28,0,67.001
1303,35.857,,0,5.0,0.55,5,3,0,4.9979,1.0,wave,UNKNOWN,UNKNOWN,0.28,0,67.875
1304,35.8702,,0,5.0,0.55,5,3,0,4.9957,1.0,wave,UNKNOWN,UNKNOWN,0.28,0,67.374
1305,35.8861,,0,5.0,0.55,5,3,0,4.9518,1.0,wave,UNKNOWN,UNKNOWN,0.28,0,68.103
1306,35.8996,,0,5.0,0.55,5,3,0,4.9653,1.0,wave,UNKNOWN,UNKNOWN,0.28,0,69.531
1307,35.9116,,0,5.0,0.55,5,3,0,4.9773,1.0,wave,UNKNOWN,UNKNOWN,0.28,0,70.513
1308,35.9243,,0,5.0,0.55,5,3,0,4.9899,1.0,wave,UNKNOWN,UNKNOWN,0.28,0,68.375
1309,35.9447,,0,5.0,0.55,5,3,0,4.9946,1.0,wave,UNKNOWN,UNKNOWN,0.28,0,69.859
1310,35.9565,,0,5.0,0.55,5,3,0,4.9925,1.0,wave,UNKNOWN,UNKNOWN,0.28,0,70.327
1311,35.9701,,0,5.0,0.55,5,3,0,4.9941,1.0,wave,UNKNOWN,UNKNOWN,0.28,0,69.58
1312,35.986,,0,5.0,0.55,5,3,0,4.9918,1.0,wave,UNKNOWN,UNKNOWN,0.27,1,64.493
1313,36.0398,,0,5.0,0.55,5,3,0,4.9917,1.0,wave,UNKNOWN,UNKNOWN,0.27,0,63.137
1314,36.059,,0,5.0,0.55,5,3,0,4.9984,1.0,wave,UNKNOWN,UNKNOWN,0.27,0,62.007
1315,36.0785,,0,5.0,0.55,5,3,0,4.9919,1.0,wave,UNKNOWN,UNKNOWN,0.27,0,63.422
1316,36.0915,,0,5.0,0.55,5,3,0,4.9916,1.0,wave,UNKNOWN,UNKNOWN,0.27,0,61.939
1317,36.1122,,0,5.0,0.55,5,3,0,4.9989,1.0,wave,UNKNOWN,UNKNOWN,0.27,0,63.325
1318,36.1252,,0,5.0,0.55,5,3,0,4.9981,1.0,wave,UNKNOWN,UNKNOWN,0.27,0,64.408
1319,36.1387,,0,5.0,0.55,5,3,0,4.9604,1.0,wave,UNKNOWN,UNKNOWN,0.27,0,64.796
1320,36.1534,,0,5.0,0.55,5,3,0,4.9751,1.0,wave,UNKNOWN,UNKNOWN,0.27,0,63.784
1321,36.1717,,0,5.0,0.55,5,3,0,4.9934,1.0,wave,UNKNOWN,UNKNOWN,0.27,0,62.328
1322,36.1919,,0,5.0,0.55,5,3,0,4.9889,1.0,wave,UNKNOWN,UNKNOWN,0.27,0,61.012
1323,36.2124,,0,5.0,0.55,5,3,0,4.9968,1.0,wave,UNKNOWN,UNKNOWN,0.27,0,60.561
1324,36.2301,,0,5.0,0.55,5,3,0,4.9997,1.0,wave,UNKNOWN,UNKNOWN,0.27,0,60.085
1325,36.248,,0,5.0,0.55,5,3,0,4.9902,1.0,wave,UNKNOWN,UNKNOWN,0.2867,1,56.057
1326,36.2988,,0,5.0,0.55,5,3,0,4.9903,1.0,wave,UNKNOWN,UNKNOWN,0.2867,0,58.37
1327,36.3111,,0,5.0,0.55,5,3,0,4.9899,1.0,wave,UNKNOWN,UNKNOWN,0.2867,0,60.894
1328,36.323,,0,5.0,0.55,5,3,0,4.9891,1.0,wave,UNKNOWN,UNKNOWN,0.2867,0,62.341
1329,36.3362,,0,5.0,0.55,5,3,0,4.9884,1.0,wave,UNKNOWN,UNKNOWN,0.2867,0,63.543
1330,36.3497,,0,5.0,0.55,5,3,0,4.9879,1.0,wave,UNKNOWN,UNKNOWN,0.2867,0,63.464
1331,36.3656,,0,5.0,0.55,5,3,0,4.9909,1.0,wave,UNKNOWN,UNKNOWN,0.2867,0,65.558
1332,36.3776,,0,5.0,0.55,5,3,0,4.9896,1.0,wave,UNKNOWN,UNKNOWN,0.2867,0,67.324
1333,36.3896,,0,5.0,0.55,5,3,0,4.9515,1.0,wave,UNKNOWN,UNKNOWN,0.2867,0,66.502
1334,36.4064,,0,5.0,0.55,5,3,0,4.9682,1.0,wave,UNKNOWN,UNKNOWN,0.2867,0,64.904
1335,36.4262,,0,5.0,0.55,5,3,0,4.988,1.0,wave,UNKNOWN,UNKNOWN,0.2867,0,65.868
1336,36.4397,,0,5.0,0.55,5,3,0,4.9865,1.0,wave,UNKNOWN,UNKNOWN,0.2867,0,66.423
1337,36.4536,,0,5.0,0.55,5,3,0,4.9809,1.0,wave,UNKNOWN,UNKNOWN,0.2867,0,66.974
1338,36.4676,,0,5.0,0.55,5,3,0,4.9949,1.0,wave,UNKNOWN,UNKNOWN,0.2867,0,68.664
1339,36.4795,,0,5.0,0.55,5,3,0,4.9929,1.0,wave,UNKNOWN,UNKNOWN,0.2867,0,69.145
1340,36.493,,0,5.0,0.55,5,3,0,4.9941,1.0,wave,UNKNOWN,UNKNOWN,0.2867,0,69.356
1341,36.5074,,0,5.0,0.55,5,3,0,4.9963,1.0,wave,UNKNOWN,UNKNOWN,0.31,1,64.408
1342,36.5578,,0,5.0,0.55,5,3,0,4.988,1.0,wave,UNKNOWN,UNKNOWN,0.31,0,62.949
1343,36.5776,,0,5.0,0.55,5,3,0,4.9948,1.0,wave,UNKNOWN,UNKNOWN,0.31,0,61.44
1344,36.5985,,0,5.0,0.55,5,3,0,4.9904,1.0,wave,UNKNOWN,UNKNOWN,0.31,0,60.382
1345,36.618,,0,5.0,0.55,5,3,0,4.9895,1.0,wave,UNKNOWN,UNKNOWN,0.31,0,59.496
1346,36.6375,,0,5.0,0.55,5,3,0,4.9966,1.0,wave,UNKNOWN,UNKNOWN,0.31,0,60.544
1347,36.6518,,0,5.0,0.55,5,3,0,4.9611,1.0,wave,UNKNOWN,UNKNOWN,0.31,0,61.945
1348,36.6652,,0,5.0,0.55,5,3,0,4.9746,1.0,wave,UNKNOWN,UNKNOWN,0.31,0,60.646
1349,36.6857,,0,5.0,0.55,5,3,0,4.9951,1.0,wave,UNKNOWN,UNKNOWN,0.31,0,59.567
1350,36.7056,,0,5.0,0.55,5,3,0,4.9878,1.0,wave,UNKNOWN,UNKNOWN,0.31,0,58.664
1351,36.7254,,0,5.0,0.55,5,3,0,4.9947,1.0,wave,UNKNOWN,UNKNOWN,0.31,0,60.143
1352,36.7391,,0,5.0,0.55,5,3,0,4.9844,1.0,wave,UNKNOWN,UNKNOWN,0.31,0,61.991
1353,36.752,,0,5.0,0.55,5,3,0,4.9972,1.0,wave,UNKNOWN,UNKNOWN,0.31,0,62.264
1354,36.7672,,0,5.0,0.55,5,3,0,4.9862,1.0,wave,UNKNOWN,UNKNOWN,0.2833,1,57.85
1355,36.8227,,0,5.0,0.55,5,3,0,4.9937,1.0,wave,UNKNOWN,UNKNOWN,0.2833,0,57.971
1356,36.8394,,0,5.0,0.55,5,3,0,4.997,1.0,wave,UNKNOWN,UNKNOWN,0.2833,0,59.372
1357,36.8534,,0,5.0,0.55,5,3,0,4.9983,1.0,wave,UNKNOWN,UNKNOWN,0.2833,0,60.691
1358,36.8671,,0,5.0,0.55,5,3,0,4.998,1.0,wave,UNKNOWN,UNKNOWN,0.2833,0,62.614
1359,36.8796,,0,5.0,0.55,5,3,0,4.9976,1.0,wave,UNKNOWN,UNKNOWN,0.2833,0,64.131
1360,36.8924,,0,5.0,0.55,5,3,0,4.9981,1.0,wave,UNKNOWN,UNKNOWN,0.2833,0,62.721
1361,36.9127,,0,5.0,0.55,5,3,0,4.9652,1.0,wave,UNKNOWN,UNKNOWN,0.2833,0,63.75
1362,36.926,,0,5.0,0.55,5,3,0,4.9785,1.0,wave,UNKNOWN,UNKNOWN,0.2833,0,64.725
1363,36.9397,,0,5.0,0.55,5,3,0,4.9921,1.0,wave,UNKNOWN,UNKNOWN,0.2833,0,63.722
1364,36.958,,0,5.0,0.55,5,3,0,4.9972,1.0,wave,UNKNOWN,UNKNOWN,0.2833,0,64.107
1365,36.9728,,0,5.0,0.55,5,3,0,4.9849,1.0,wave,UNKNOWN,UNKNOWN,0.2833,0,64.161
1366,36.9882,,0,5.0,0.55,5,3,0,4.9862,1.0,wave,UNKNOWN,UNKNOWN,0.2833,0,63.932
1367,37.0044,,0,5.0,0.55,5,3,0,4.9819,1.0,wave,UNKNOWN,UNKNOWN,0.2833,0,65.929
1368,37.0162,,0,5.0,0.55,5,3,0,4.9938,1.0,wave,UNKNOWN,UNKNOWN,0.2833,0,67.825
1369,37.0281,,0,5.0,0.55,5,3,0,4.9924,1.0,wave,UNKNOWN,UNKNOWN,0.2767,1,63.058
1370,37.0783,,0,5.0,0.55,5,3,0,4.9885,1.0,wave,UNKNOWN,UNKNOWN,0.2767,0,61.385
1371,37.0994,,0,5.0,0.55,5,3,0,4.9962,1.0,wave,UNKNOWN,UNKNOWN,0.2767,0,62.927
1372,37.1123,,0,5.0,0.55,5,3,0,4.9956,1.0,wave,UNKNOWN,UNKNOWN,0.2767,0,63.863
1373,37.1261,,0,5.0,0.55,5,3,0,4.9949,1.0,wave,UNKNOWN,UNKNOWN,0.2767,0,65.627
1374,37.1388,,0,5.0,0.55,5,3,0,4.9952,1.0,wave,UNKNOWN,UNKNOWN,0.2767,0,66.644
1375,37.1517,,0,5.0,0.55,5,3,0,4.9961,1.0,wave,UNKNOWN,UNKNOWN,0.2767,0,68.07
1376,37.1642,,0,5.0,0.55,5,3,0,4.9471,1.0,wave,UNKNOWN,UNKNOWN,0.2767,0,68.765
1377,37.1773,,0,5.0,0.55,5,3,0,4.9602,1.0,wave,UNKNOWN,UNKNOWN,0.2767,0,69.659
1378,37.1904,,0,5.0,0.55,5,3,0,4.9733,1.0,wave,UNKNOWN,UNKNOWN,0.2767,0,69.585
1379,37.2051,,0,5.0,0.55,5,3,0,4.988,1.0,wave,UNKNOWN,UNKNOWN,0.2767,0,70.085
1380,37.2181,,0,5.0,0.55,5,3,0,4.9867,1.0,wave,UNKNOWN,UNKNOWN,0.2767,0,70.861
1381,37.231,,0,5.0,0.55,5,3,0,4.9996,1.0,wave,UNKNOWN,UNKNOWN,0.2767,0,70.636
1382,37.2456,,0,5.0,0.55,5,3,0,4.997,1.0,wave,UNKNOWN,UNKNOWN,0.2767,0,68.702
1383,37.2651,,0,5.0,0.55,5,3,0,4.9906,1.0,wave,UNKNOWN,UNKNOWN,0.2767,0,69.4
1384,37.2783,,0,5.0,0.55,5,3,0,4.9912,1.0,wave,UNKNOWN,UNKNOWN,0.25,1,64.383
1385,37.3308,,0,5.0,0.55,5,3,0,4.9917,1.0,wave,UNKNOWN,UNKNOWN,0.25,0,63.535
1386,37.3483,,0,5.0,0.55,5,3,0,4.9967,1.0,wave,UNKNOWN,UNKNOWN,0.25,0,62.421
1387,37.3672,,0,5.0,0.55,5,3,0,4.9874,1.0,wave,UNKNOWN,UNKNOWN,0.25,0,61.661
1388,37.3854,,0,5.0,0.55,5,3,0,4.9935,1.0,wave,UNKNOWN,UNKNOWN,0.25,0,60.432
1389,37.4057,,0,5.0,0.55,5,3,0,4.9885,1.0,wave,UNKNOWN,UNKNOWN,0.25,0,59.698
1390,37.4247,,0,5.0,0.55,5,3,0,4.9578,1.0,wave,UNKNOWN,UNKNOWN,0.25,0,61.023
1391,37.4385,,0,5.0,0.55,5,3,0,4.9715,1.0,wave,UNKNOWN,UNKNOWN,0.25,0,61.54
1392,37.4534,,0,5.0,0.55,5,3,0,4.9864,1.0,wave,UNKNOWN,UNKNOWN,0.25,0,63.642
1393,37.4659,,0,5.0,0.55,5,3,0,4.9989,1.0,wave,UNKNOWN,UNKNOWN,0.25,0,65.257
1394,37.4782,,0,5.0,0.55,5,3,0,4.9958,1.0,wave,UNKNOWN,UNKNOWN,0.25,0,66.498
1395,37.4909,,0,5.0,0.55,5,3,0,4.9889,1.0,wave,UNKNOWN,UNKNOWN,0.25,0,66.469
1396,37.5063,,0,5.0,0.55,5,3,0,4.9905,1.0,wave,UNKNOWN,UNKNOWN,0.25,0,66.556
1397,37.521,,0,5.0,0.55,5,3,0,4.9923,1.0,wave,UNKNOWN,UNKNOWN,0.25,0,66.92
1398,37.535,,0,5.0,0.55,5,3,0,4.9942,1.0,wave,UNKNOWN,UNKNOWN,0.2467,1,62.192
1399,37.5864,,0,5.0,0.55,5,3,0,4.9935,1.0,wave,UNKNOWN,UNKNOWN,0.2467,0,61.569
1400,37.6039,,0,5.0,0.55,5,3,0,4.9991,1.0,wave,UNKNOWN,UNKNOWN,0.2467,0,62.014
1401,37.619,,0,5.0,0.55,5,3,0,4.9874,1.0,wave,UNKNOWN,UNKNOWN,0.2467,0,63.612
1402,37.6322,,0,5.0,0.55,5,3,0,4.9861,1.0,wave,UNKNOWN,UNKNOWN,0.2467,0,65.273
1403,37.6441,,0,5.0,0.55,5,3,0,4.998,1.0,wave,UNKNOWN,UNKNOWN,0.2467,0,66.745
1404,37.6568,,0,5.0,0.55,5,3,0,4.9979,1.0,wave,UNKNOWN,UNKNOWN,0.2467,0,67.373
1405,37.6706,,0,5.0,0.55,5,3,0,4.999,1.0,wave,UNKNOWN,UNKNOWN,0.2467,0,66.883
1406,37.6865,,0,5.0,0.55,5,3,0,4.9611,1.0,wave,UNKNOWN,UNKNOWN,0.2467,0,68.415
1407,37.6988,,0,5.0,0.55,5,3,0,4.9735,1.0,wave,UNKNOWN,UNKNOWN,0.2467,0,69.989
1408,37.7103,,0,5.0,0.55,5,3,0,4.985,1.0,wave,UNKNOWN,UNKNOWN,0.2467,0,70.213
1409,37.7243,,0,5.0,0.55,5,3,0,4.999,1.0,wave,UNKNOWN,UNKNOWN,0.2467,0,70.807
1410,37.7375,,0,5.0,0.55,5,3,0,4.9985,1.0,wave,UNKNOWN,UNKNOWN,0.2467,0,71.852
1411,37.7499,,0,5.0,0.55,5,3,0,4.9991,1.0,wave,UNKNOWN,UNKNOWN,0.2467,0,71.684
1412,37.7641,,0,5.0,0.55,5,3,0,4.9883,1.0,wave,UNKNOWN,UNKNOWN,0.2467,0,72.486
1413,37.7765,,0,5.0,0.55,5,3,0,4.9871,1.0,wave,UNKNOWN,UNKNOWN,0.2467,0,72.88
1414,37.7898,,0,5.0,0.55,5,3,0,4.9872,1.0,wave,UNKNOWN,UNKNOWN,0.26,1,67.529
1415,37.8417,,0,5.0,0.55,5,3,0,4.9868,1.0,wave,UNKNOWN,UNKNOWN,0.26,0,68.401
1416,37.8546,,0,5.0,0.55,5,3,0,4.9997,1.0,wave,UNKNOWN,UNKNOWN,0.26,0,69.276
1417,37.8675,,0,5.0,0.55,5,3,0,4.9998,1.0,wave,UNKNOWN,UNKNOWN,0.26,0,70.597
1418,37.8795,,0,5.0,0.55,5,3,0,4.9986,1.0,wave,UNKNOWN,UNKNOWN,0.26,0,71.391
1419,37.8921,,0,5.0,0.55,5,3,0,4.9981,1.0,wave,UNKNOWN,UNKNOWN,0.26,0,69.674
1420,37.9108,,0,5.0,0.55,5,3,0,4.9896,1.0,wave,UNKNOWN,UNKNOWN,0.26,0,69.477
1421,37.9255,,0,5.0,0.55,5,3,0,4.9913,1.0,wave,UNKNOWN,UNKNOWN,0.26,0,69.913
1422,37.939,,0,5.0,0.55,5,3,0,4.954,1.0,wave,UNKNOWN,UNKNOWN,0.26,0,70.777
1423,37.9521,,0,5.0,0.55,5,3,0,4.9671,1.0,wave,UNKNOWN,UNKNOWN,0.26,0,71.58
1424,37.9646,,0,5.0,0.55,5,3,0,4.9796,1.0,wave,UNKNOWN,UNKNOWN,0.26,0,72.124
1425,37.9774,,0,5.0,0.55,5,3,0,4.9924,1.0,wave,UNKNOWN,UNKNOWN,0.26,0,72.36
1426,37.991,,0,5.0,0.55,5,3,0,4.9903,1.0,wave,UNKNOWN,UNKNOWN,0.26,0,72.76
1427,38.0041,,0,5.0,0.55,5,3,0,4.9896,1.0,wave,UNKNOWN,UNKNOWN,0.26,0,73.336
1428,38.0166,,0,5.0,0.55,5,3,0,4.982,1.0,wave,UNKNOWN,UNKNOWN,0.26,0,74.53
1429,38.0283,,0,5.0,0.55,5,3,0,4.9936,1.0,wave,UNKNOWN,UNKNOWN,0.26,0,74.614
1430,38.0416,,0,5.0,0.55,5,3,0,4.9919,1.0,wave,UNKNOWN,UNKNOWN,0.25,1,68.86
1431,38.1003,,0,5.0,0.55,5,3,0,4.9981,1.0,wave,UNKNOWN,UNKNOWN,0.25,0,69.855
1432,38.113,,0,5.0,0.55,5,3,0,4.9908,1.0,wave,UNKNOWN,UNKNOWN,0.25,0,71.37
1433,38.1246,,0,5.0,0.55,5,3,0,4.9892,1.0,wave,UNKNOWN,UNKNOWN,0.25,0,72.407
1434,38.1369,,0,5.0,0.55,5,3,0,4.9876,1.0,wave,UNKNOWN,UNKNOWN,0.25,0,72.307
1435,38.1509,,0,5.0,0.55,5,3,0,4.9882,1.0,wave,UNKNOWN,UNKNOWN,0.25,0,72.092
1436,38.1654,,0,5.0,0.55,5,3,0,4.9893,1.0,wave,UNKNOWN,UNKNOWN,0.25,0,72.939
1437,38.1777,,0,5.0,0.55,5,3,0,4.9887,1.0,wave,UNKNOWN,UNKNOWN,0.25,0,73.882
1438,38.1899,,0,5.0,0.55,5,3,0,4.9496,1.0,wave,UNKNOWN,UNKNOWN,0.25,0,73.47
1439,38.2041,,0,5.0,0.55,5,3,0,4.9638,1.0,wave,UNKNOWN,UNKNOWN,0.25,0,73.397
1440,38.218,,0,5.0,0.55,5,3,0,4.9777,1.0,wave,UNKNOWN,UNKNOWN,0.25,0,73.425
1441,38.2316,,0,5.0,0.55,5,3,0,4.9912,1.0,wave,UNKNOWN,UNKNOWN,0.25,0,73.474
1442,38.2451,,0,5.0,0.55,5,3,0,4.9908,1.0,wave,UNKNOWN,UNKNOWN,0.25,0,73.837
1443,38.258,,0,5.0,0.55,5,3,0,4.9904,1.0,wave,UNKNOWN,UNKNOWN,0.25,0,71.309
1444,38.2787,,0,5.0,0.55,5,3,0,4.9972,1.0,wave,UNKNOWN,UNKNOWN,0.25,0,69.07
1445,38.2991,,0,5.0,0.55,5,3,0,4.9923,1.0,wave,UNKNOWN,UNKNOWN,0.2767,1,64.066
1446,38.352,,0,5.0,0.55,5,3,0,4.9942,1.0,wave,UNKNOWN,UNKNOWN,0.2767,0,63.837
1447,38.3678,,0,5.0,0.55,5,3,0,4.9963,1.0,wave,UNKNOWN,UNKNOWN,0.2767,0,65.016
1448,38.3811,,0,5.0,0.55,5,3,0,4.9938,1.0,wave,UNKNOWN,UNKNOWN,0.2767,0,66.544
1449,38.3933,,0,5.0,0.55,5,3,0,4.9915,1.0,wave,UNKNOWN,UNKNOWN,0.2767,0,68.103
1450,38.4055,,0,5.0,0.55,5,3,0,4.9894,1.0,wave,UNKNOWN,UNKNOWN,0.2767,0,68.555
1451,38.4193,,0,5.0,0.55,5,3,0,4.9901,1.0,wave,UNKNOWN,UNKNOWN,0.2767,0,70.135
1452,38.4311,,0,5.0,0.55,5,3,0,4.9899,1.0,wave,UNKNOWN,UNKNOWN,0.2767,0,71.608
1453,38.4429,,0,5.0,0.55,5,3,0,4.9413,1.0,wave,UNKNOWN,UNKNOWN,0.2767,0,71.998
1454,38.4562,,0,5.0,0.55,5,3,0,4.9546,1.0,wave,UNKNOWN,UNKNOWN,0.2767,0,71.777
1455,38.4707,,0,5.0,0.55,5,3,0,4.9692,1.0,wave,UNKNOWN,UNKNOWN,0.2767,0,70.885
1456,38.4865,,0,5.0,0.55,5,3,0,4.985,1.0,wave,UNKNOWN,UNKNOWN,0.2767,0,71.665
1457,38.4993,,0,5.0,0.55,5,3,0,4.9977,1.0,wave,UNKNOWN,UNKNOWN,0.2767,0,72.704
1458,38.5117,,0,5.0,0.55,5,3,0,4.9954,1.0,wave,UNKNOWN,UNKNOWN,0.2767,0,72.477
1459,38.5256,,0,5.0,0.55,5,3,0,4.9968,1.0,wave,UNKNOWN,UNKNOWN,0.2767,0,72.563
1460,38.5392,,0,5.0,0.55,5,3,0,4.9981,1.0,wave,UNKNOWN,UNKNOWN,0.2767,0,72.603
1461,38.553,,0,5.0,0.55,5,3,0,4.999,1.0,wave,UNKNOWN,UNKNOWN,0.2733,1,67.147
1462,38.6088,,0,5.0,0.55,5,3,0,4.9893,1.0,wave,UNKNOWN,UNKNOWN,0.2733,0,68.074
1463,38.6213,,0,5.0,0.55,5,3,0,4.9882,1.0,wave,UNKNOWN,UNKNOWN,0.2733,0,69.654
1464,38.6332,,0,5.0,0.55,5,3,0,4.9877,1.0,wave,UNKNOWN,UNKNOWN,0.2733,0,70.206
1465,38.6467,,0,5.0,0.55,5,3,0,4.9887,1.0,wave,UNKNOWN,UNKNOWN,0.2733,0,70.907
1466,38.6596,,0,5.0,0.55,5,3,0,4.9877,1.0,wave,UNKNOWN,UNKNOWN,0.2733,0,71.382
1467,38.6728,,0,5.0,0.55,5,3,0,4.9786,1.0,wave,UNKNOWN,UNKNOWN,0.2733,0,71.378
1468,38.6868,,0,5.0,0.55,5,3,0,4.9926,1.0,wave,UNKNOWN,UNKNOWN,0.2733,0,72.019
1469,38.6997,,0,5.0,0.55,5,3,0,4.9534,1.0,wave,UNKNOWN,UNKNOWN,0.2733,0,73.218
1470,38.7114,,0,5.0,0.55,5,3,0,4.9651,1.0,wave,UNKNOWN,UNKNOWN,0.2733,0,70.693
1471,38.733,,0,5.0,0.55,5,3,0,4.9866,1.0,wave,UNKNOWN,UNKNOWN,0.2733,0,68.243
1472,38.754,,0,5.0,0.55,5,3,0,4.9944,1.0,wave,UNKNOWN,UNKNOWN,0.2733,0,68.511
1473,38.7682,,0,5.0,0.55,5,3,0,4.9965,1.0,wave,UNKNOWN,UNKNOWN,0.2733,0,66.356
1474,38.7895,,0,5.0,0.55,5,3,0,4.9924,1.0,wave,UNKNOWN,UNKNOWN,0.2733,0,66.691
1475,38.8037,,0,5.0,0.55,5,3,0,4.9884,1.0,wave,UNKNOWN,UNKNOWN,0.2867,1,61.905
1476,38.8571,,0,5.0,0.55,5,3,0,4.9977,1.0,wave,UNKNOWN,UNKNOWN,0.2867,0,61.15
1477,38.8753,,0,5.0,0.55,5,3,0,4.9909,1.0,wave,UNKNOWN,UNKNOWN,0.2867,0,60.26
1478,38.8945,,0,5.0,0.55,5,3,0,4.9972,1.0,wave,UNKNOWN,UNKNOWN,0.2867,0,61.984
1479,38.9074,,0,5.0,0.55,5,3,0,4.997,1.0,wave,UNKNOWN,UNKNOWN,0.2867,0,62.594
1480,38.9221,,0,5.0,0.55,5,3,0,4.9993,1.0,wave,UNKNOWN,UNKNOWN,0.2867,0,63.277
1481,38.9365,,0,5.0,0.55,5,3,0,4.9871,1.0,wave,UNKNOWN,UNKNOWN,0.2867,0,65.007
1482,38.9494,,0,5.0,0.55,5,3,0,4.9401,1.0,wave,UNKNOWN,UNKNOWN,0.2867,0,64.921
1483,38.9644,,0,5.0,0.55,5,3,0,4.955,1.0,wave,UNKNOWN,UNKNOWN,0.2867,0,65.939
1484,38.9777,,0,5.0,0.55,5,3,0,4.9684,1.0,wave,UNKNOWN,UNKNOWN,0.2867,0,66.817
1485,38.9911,,0,5.0,0.55,5,3,0,4.9818,1.0,wave,UNKNOWN,UNKNOWN,0.2867,0,67.208
1486,39.0052,,0,5.0,0.55,5,3,0,4.9959,1.0,wave,UNKNOWN,UNKNOWN,0.2867,0,67.84
1487,39.0189,,0,5.0,0.55,5,3,0,4.9964,1.0,wave,UNKNOWN,UNKNOWN,0.2867,0,69.636
1488,39.0308,,0,5.0,0.55,5,3,0,4.9963,1.0,wave,UNKNOWN,UNKNOWN,0.2867,0,69.685
1489,39.0447,,0,5.0,0.55,5,3,0,4.9976,1.0,wave,UNKNOWN,UNKNOWN,0.2867,0,70.591
1490,39.0574,,0,5.0,0.55,5,3,0,4.9977,1.0,wave,UNKNOWN,UNKNOWN,0.2767,1,65.427
1491,39.1106,,0,5.0,0.55,5,3,0,4.9936,1.0,wave,UNKNOWN,UNKNOWN,0.2767,0,65.166
1492,39.1262,,0,5.0,0.55,5,3,0,4.9968,1.0,wave,UNKNOWN,UNKNOWN,0.2767,0,66.632
1493,39.1389,,0,5.0,0.55,5,3,0,4.9903,1.0,wave,UNKNOWN,UNKNOWN,0.2767,0,67.69
1494,39.1517,,0,5.0,0.55,5,3,0,4.9906,1.0,wave,UNKNOWN,UNKNOWN,0.2767,0,68.747
1495,39.1643,,0,5.0,0.55,5,3,0,4.9894,1.0,wave,UNKNOWN,UNKNOWN,0.2767,0,69.783
1496,39.1771,,0,5.0,0.55,5,3,0,4.9899,1.0,wave,UNKNOWN,UNKNOWN,0.2767,0,70.091
1497,39.1907,,0,5.0,0.55,5,3,0,4.991,1.0,wave,UNKNOWN,UNKNOWN,0.2767,0,70.584
1498,39.2042,,0,5.0,0.55,5,3,0,4.9535,1.0,wave,UNKNOWN,UNKNOWN,0.2767,0,71.73
1499,39.2163,,0,5.0,0.55,5,3,0,4.9656,1.0,wave,UNKNOWN,UNKNOWN,0.2767,0,69.194
1500,39.2378,,0,5.0,0.55,5,3,0,4.9871,1.0,wave,UNKNOWN,UNKNOWN,0.2767,0,70.749
1501,39.2499,,0,5.0,0.55,5,3,0,4.9993,1.0,wave,UNKNOWN,UNKNOWN,0.2767,0,71.283
1502,39.2629,,0,5.0,0.55,5,3,0,4.9941,1.0,wave,UNKNOWN,UNKNOWN,0.2767,0,71.927
1503,39.2758,,0,5.0,0.55,5,3,0,4.9927,1.0,wave,UNKNOWN,UNKNOWN,0.2767,0,71.341
1504,39.2908,,0,5.0,0.55,5,3,0,4.995,1.0,wave,UNKNOWN,UNKNOWN,0.2767,0,70.762
1505,39.3061,,0,5.0,0.55,5,3,0,4.9985,1.0,wave,UNKNOWN,UNKNOWN,0.2767,0,71.191
1506,39.3194,,0,5.0,0.55,5,3,0,4.9989,1.0,wave,UNKNOWN,UNKNOWN,0.3067,1,65.702
1507,39.3811,,0,5.0,0.55,5,3,0,4.987,1.0,wave,UNKNOWN,UNKNOWN,0.3067,0,66.305
1508,39.3948,,0,5.0,0.55,5,3,0,4.9887,1.0,wave,UNKNOWN,UNKNOWN,0.3067,0,65.575
1509,39.4127,,0,5.0,0.55,5,3,0,4.9937,1.0,wave,UNKNOWN,UNKNOWN,0.3067,0,65.713
1510,39.4267,,0,5.0,0.55,5,3,0,4.9941,1.0,wave,UNKNOWN,UNKNOWN,0.3067,0,67.012
1511,39.4394,,0,5.0,0.55,5,3,0,4.9882,1.0,wave,UNKNOWN,UNKNOWN,0.3067,0,67.96
1512,39.4526,,0,5.0,0.55,5,3,0,4.9449,1.0,wave,UNKNOWN,UNKNOWN,0.3067,0,68.064
1513,39.467,,0,5.0,0.55,5,3,0,4.9593,1.0,wave,UNKNOWN,UNKNOWN,0.3067,0,68.341
1514,39.4812,,0,5.0,0.55,5,3,0,4.9735,1.0,wave,UNKNOWN,UNKNOWN,0.3067,0,68.589
1515,39.4951,,0,5.0,0.55,5,3,0,4.9874,1.0,wave,UNKNOWN,UNKNOWN,0.3067,0,69.576
1516,39.508,,0,5.0,0.55,5,3,0,4.987,1.0,wave,UNKNOWN,UNKNOWN,0.3067,0,70.226
1517,39.5211,,0,5.0,0.55,5,3,0,4.9811,1.0,wave,UNKNOWN,UNKNOWN,0.3067,0,71.15
1518,39.5337,,0,5.0,0.55,5,3,0,4.9936,1.0,wave,UNKNOWN,UNKNOWN,0.3067,0,71.455
1519,39.5472,,0,5.0,0.55,5,3,0,4.9933,1.0,wave,UNKNOWN,UNKNOWN,0.3067,0,71.089
1520,39.5618,,0,5.0,0.55,5,3,0,4.9949,1.0,wave,UNKNOWN,UNKNOWN,0.3067,0,70.508
1521,39.5771,,0,5.0,0.55,5,3,0,4.9982,1.0,wave,UNKNOWN,UNKNOWN,0.2567,1,65.458
1522,39.6276,,0,5.0,0.55,5,3,0,4.9935,1.0,wave,UNKNOWN,UNKNOWN,0.2567,0,65.859
1523,39.6417,,0,5.0,0.55,5,3,0,4.9954,1.0,wave,UNKNOWN,UNKNOWN,0.2567,0,67.005
1524,39.6547,,0,5.0,0.55,5,3,0,4.9958,1.0,wave,UNKNOWN,UNKNOWN,0.2567,0,68.132
1525,39.6676,,0,5.0,0.55,5,3,0,4.9956,1.0,wave,UNKNOWN,UNKNOWN,0.2567,0,68.537
1526,39.6812,,0,5.0,0.55,5,3,0,4.9953,1.0,wave,UNKNOWN,UNKNOWN,0.2567,0,69.108
1527,39.6945,,0,5.0,0.55,5,3,0,4.9956,1.0,wave,UNKNOWN,UNKNOWN,0.2567,0,69.477
1528,39.7088,,0,5.0,0.55,5,3,0,4.9973,1.0,wave,UNKNOWN,UNKNOWN,0.2567,0,67.979
1529,39.7271,,0,5.0,0.55,5,3,0,4.9581,1.0,wave,UNKNOWN,UNKNOWN,0.2567,0,67.622
1530,39.7423,,0,5.0,0.55,5,3,0,4.9733,1.0,wave,UNKNOWN,UNKNOWN,0.2567,0,68.958
1531,39.7544,,0,5.0,0.55,5,3,0,4.9854,1.0,wave,UNKNOWN,UNKNOWN,0.2567,0,70.467
1532,39.7666,,0,5.0,0.55,5,3,0,4.9976,1.0,wave,UNKNOWN,UNKNOWN,0.2567,0,71.249
1533,39.779,,0,5.0,0.55,5,3,0,4.9947,1.0,wave,UNKNOWN,UNKNOWN,0.2567,0,71.856
1534,39.792,,0,5.0,0.55,5,3,0,4.9953,1.0,wave,UNKNOWN,UNKNOWN,0.2567,0,72.179
1535,39.8054,,0,5.0,0.55,5,3,0,4.9884,1.0,wave,UNKNOWN,UNKNOWN,0.2567,0,73.272
1536,39.8176,,0,5.0,0.55,5,3,0,4.9803,1.0,wave,UNKNOWN,UNKNOWN,0.2567,0,74.053
1537,39.8296,,0,5.0,0.55,5,3,0,4.9923,1.0,wave,UNKNOWN,UNKNOWN,0.2567,1,68.606
1538,39.881,,0,5.0,0.55,5,3,0,4.9929,1.0,wave,UNKNOWN,UNKNOWN,0.2567,0,68.968
1539,39.8946,,0,5.0,0.55,5,3,0,4.9932,1.0,wave,UNKNOWN,UNKNOWN,0.2567,0,70.318
1540,39.9068,,0,5.0,0.55,5,3,0,4.9886,1.0,wave,UNKNOWN,UNKNOWN,0.2567,0,70.875
1541,39.9201,,0,5.0,0.55,5,3,0,4.9841,1.0,wave,UNKNOWN,UNKNOWN,0.2567,0,71.769
1542,39.9327,,0,5.0,0.55,5,3,0,4.9968,1.0,wave,UNKNOWN,UNKNOWN,0.2567,0,72.026
1543,39.9458,,0,5.0,0.55,5,3,0,4.9934,1.0,wave,UNKNOWN,UNKNOWN,0.2567,0,72.678
1544,39.9587,,0,5.0,0.55,5,3,0,4.9913,1.0,wave,UNKNOWN,UNKNOWN,0.2567,0,71.897
1545,39.9742,,0,5.0,0.55,5,3,0,4.9471,1.0,wave,UNKNOWN,UNKNOWN,0.2567,0,72.662
1546,39.9867,,0,5.0,0.55,5,3,0,4.9596,1.0,wave,UNKNOWN,UNKNOWN,0.2567,0,73.317
1547,39.9993,,0,5.0,0.55,5,3,0,4.9722,1.0,wave,UNKNOWN,UNKNOWN,0.2567,0,73.715
1548,40.0121,,0,5.0,0.55,5,3,0,4.985,1.0,wave,UNKNOWN,UNKNOWN,0.2567,0,74.523
1549,40.0245,,0,5.0,0.55,5,3,0,4.9974,1.0,wave,UNKNOWN,UNKNOWN,0.2567,0,74.993
1550,40.0371,,0,5.0,0.55,5,3,0,4.9964,1.0,wave,UNKNOWN,UNKNOWN,0.2567,0,75.642
1551,40.0496,,0,5.0,0.55,5,3,0,4.9954,1.0,wave,UNKNOWN,UNKNOWN,0.2567,0,75.049
1552,40.0638,,0,5.0,0.55,5,3,0,4.9893,1.0,wave,UNKNOWN,UNKNOWN,0.2567,0,74.944
1553,40.0773,,0,5.0,0.55,5,3,0,4.982,1.0,wave,UNKNOWN,UNKNOWN,0.2567,0,74.955
1554,40.0904,,0,5.0,0.55,5,3,0,4.9952,1.0,wave,UNKNOWN,UNKNOWN,0.28,1,69.342
1555,40.1437,,0,5.0,0.55,5,3,0,4.9905,1.0,wave,UNKNOWN,UNKNOWN,0.28,0,69.952
1556,40.157,,0,5.0,0.55,5,3,0,4.9859,1.0,wave,UNKNOWN,UNKNOWN,0.28,0,70.417
1557,40.1704,,0,5.0,0.55,5,3,0,4.9993,1.0,wave,UNKNOWN,UNKNOWN,0.28,0,71.564
1558,40.1827,,0,5.0,0.55,5,3,0,4.9951,1.0,wave,UNKNOWN,UNKNOWN,0.28,0,72.123
1559,40.1955,,0,5.0,0.55,5,3,0,4.9864,1.0,wave,UNKNOWN,UNKNOWN,0.28,0,72.173
1560,40.2094,,0,5.0,0.55,5,3,0,4.9871,1.0,wave,UNKNOWN,UNKNOWN,0.28,0,71.22
1561,40.2251,,0,5.0,0.55,5,3,0,4.9366,1.0,wave,UNKNOWN,UNKNOWN,0.28,0,71.623
1562,40.2384,,0,5.0,0.55,5,3,0,4.9499,1.0,wave,UNKNOWN,UNKNOWN,0.28,0,73.166
1563,40.25,,0,5.0,0.55,5,3,0,4.9614,1.0,wave,UNKNOWN,UNKNOWN,0.28,0,70.167
1564,40.2733,,0,5.0,0.55,5,3,0,4.9847,1.0,wave,UNKNOWN,UNKNOWN,0.28,0,70.926
1565,40.2862,,0,5.0,0.55,5,3,0,4.9977,1.0,wave,UNKNOWN,UNKNOWN,0.28,0,71.912
1566,40.2984,,0,5.0,0.55,5,3,0,4.9972,1.0,wave,UNKNOWN,UNKNOWN,0.28,0,72.476
1567,40.3112,,0,5.0,0.55,5,3,0,4.9977,1.0,wave,UNKNOWN,UNKNOWN,0.28,0,72.268
1568,40.3255,,0,5.0,0.55,5,3,0,4.9998,1.0,wave,UNKNOWN,UNKNOWN,0.28,0,71.998
1569,40.3399,,0,5.0,0.55,5,3,0,4.9879,1.0,wave,UNKNOWN,UNKNOWN,0.28,0,73.222
1570,40.3519,,0,5.0,0.55,5,3,0,4.9999,1.0,wave,UNKNOWN,UNKNOWN,0.27,1,67.823
1571,40.404,,0,5.0,0.55,5,3,0,4.9894,1.0,wave,UNKNOWN,UNKNOWN,0.27,0,68.484
1572,40.4175,,0,5.0,0.55,5,3,0,4.9907,1.0,wave,UNKNOWN,UNKNOWN,0.27,0,69.564
1573,40.4299,,0,5.0,0.55,5,3,0,4.9895,1.0,wave,UNKNOWN,UNKNOWN,0.27,0,68.996
1574,40.4454,,0,5.0,0.55,5,3,0,4.9917,1.0,wave,UNKNOWN,UNKNOWN,0.27,0,69.872
1575,40.4582,,0,5.0,0.55,5,3,0,4.9912,1.0,wave,UNKNOWN,UNKNOWN,0.27,0,70.19
1576,40.472,,0,5.0,0.55,5,3,0,4.9918,1.0,wave,UNKNOWN,UNKNOWN,0.27,0,70.744
1577,40.4854,,0,5.0,0.55,5,3,0,4.9533,1.0,wave,UNKNOWN,UNKNOWN,0.27,0,71.263
1578,40.4985,,0,5.0,0.55,5,3,0,4.9664,1.0,wave,UNKNOWN,UNKNOWN,0.27,0,71.811
1579,40.5114,,0,5.0,0.55,5,3,0,4.9793,1.0,wave,UNKNOWN,UNKNOWN,0.27,0,72.019
1580,40.5249,,0,5.0,0.55,5,3,0,4.9929,1.0,wave,UNKNOWN,UNKNOWN,0.27,0,71.609
1581,40.5397,,0,5.0,0.55,5,3,0,4.993,1.0,wave,UNKNOWN,UNKNOWN,0.27,0,71.36
1582,40.5541,,0,5.0,0.55,5,3,0,4.9949,1.0,wave,UNKNOWN,UNKNOWN,0.27,0,72.069
1583,40.5671,,0,5.0,0.55,5,3,0,4.9954,1.0,wave,UNKNOWN,UNKNOWN,0.27,0,73.198
1584,40.5788,,0,5.0,0.55,5,3,0,4.9932,1.0,wave,UNKNOWN,UNKNOWN,0.27,0,73.666
1585,40.5917,,0,5.0,0.55,5,3,0,4.9931,1.0,wave,UNKNOWN,UNKNOWN,0.27,0,73.41
1586,40.6058,,0,5.0,0.55,5,3,0,4.9917,1.0,wave,UNKNOWN,UNKNOWN,0.2767,1,68.058
1587,40.6564,,0,5.0,0.55,5,3,0,4.991,1.0,wave,UNKNOWN,UNKNOWN,0.2767,0,68.829
1588,40.6692,,0,5.0,0.55,5,3,0,4.9896,1.0,wave,UNKNOWN,UNKNOWN,0.2767,0,69.391
1589,40.6828,,0,5.0,0.55,5,3,0,4.9836,1.0,wave,UNKNOWN,UNKNOWN,0.2767,0,70.569
1590,40.6949,,0,5.0,0.55,5,3,0,4.9957,1.0,wave,UNKNOWN,UNKNOWN,0.2767,0,71.449
1591,40.7076,,0,5.0,0.55,5,3,0,4.9959,1.0,wave,UNKNOWN,UNKNOWN,0.2767,0,71.206
1592,40.7221,,0,5.0,0.55,5,3,0,4.9904,1.0,wave,UNKNOWN,UNKNOWN,0.2767,0,72.223
1593,40.7346,,0,5.0,0.55,5,3,0,4.9493,1.0,wave,UNKNOWN,UNKNOWN,0.2767,0,72.11
1594,40.7488,,0,5.0,0.55,5,3,0,4.9635,1.0,wave,UNKNOWN,UNKNOWN,0.2767,0,72.476
1595,40.7615,,0,5.0,0.55,5,3,0,4.9763,1.0,wave,UNKNOWN,UNKNOWN,0.2767,0,72.909
1596,40.7746,,0,5.0,0.55,5,3,0,4.9893,1.0,wave,UNKNOWN,UNKNOWN,0.2767,0,72.815
1597,40.7887,,0,5.0,0.55,5,3,0,4.9875,1.0,wave,UNKNOWN,UNKNOWN,0.2767,0,71.565
1598,40.8052,,0,5.0,0.55,5,3,0,4.9865,1.0,wave,UNKNOWN,UNKNOWN,0.2767,0,72.148
1599,40.8182,,0,5.0,0.55,5,3,0,4.9995,1.0,wave,UNKNOWN,UNKNOWN,0.2767,0,72.62
1600,40.8314,,0,5.0,0.55,5,3,0,4.9869,1.0,wave,UNKNOWN,UNKNOWN,0.2767,0,73.001
1601,40.844,,0,5.0,0.55,5,3,0,4.9995,1.0,wave,UNKNOWN,UNKNOWN,0.2767,0,73.314
1602,40.8572,,0,5.0,0.55,5,3,0,4.9871,1.0,wave,UNKNOWN,UNKNOWN,0.2667,1,67.721
1603,40.9154,,0,5.0,0.55,5,3,0,4.9911,1.0,wave,UNKNOWN,UNKNOWN,0.2667,0,67.773
1604,40.9294,,0,5.0,0.55,5,3,0,4.9847,1.0,wave,UNKNOWN,UNKNOWN,0.2667,0,67.6
1605,40.9446,,0,5.0,0.55,5,3,0,4.9999,1.0,wave,UNKNOWN,UNKNOWN,0.2667,0,68.998
1606,40.9568,,0,5.0,0.55,5,3,0,4.9867,1.0,wave,UNKNOWN,UNKNOWN,0.2667,0,69.951
1607,40.9695,,0,5.0,0.55,5,3,0,4.9994,1.0,wave,UNKNOWN,UNKNOWN,0.2667,0,70.277
1608,40.9834,,0,5.0,0.55,5,3,0,4.9973,1.0,wave,UNKNOWN,UNKNOWN,0.2667,0,70.359
1609,40.9974,,0,5.0,0.55,5,3,0,4.9577,1.0,wave,UNKNOWN,UNKNOWN,0.2667,0,69.364
1610,41.0139,,0,5.0,0.55,5,3,0,4.9741,1.0,wave,UNKNOWN,UNKNOWN,0.2667,0,68.964
1611,41.0291,,0,5.0,0.55,5,3,0,4.9893,1.0,wave,UNKNOWN,UNKNOWN,0.2667,0,68.841
1612,41.044,,0,5.0,0.55,5,3,0,4.985,1.0,wave,UNKNOWN,UNKNOWN,0.2667,0,70.057
1613,41.0566,,0,5.0,0.55,5,3,0,4.9976,1.0,wave,UNKNOWN,UNKNOWN,0.2667,0,69.76
1614,41.0712,,0,5.0,0.55,5,3,0,4.9927,1.0,wave,UNKNOWN,UNKNOWN,0.2667,0,70.722
1615,41.0842,,0,5.0,0.55,5,3,0,4.9927,1.0,wave,UNKNOWN,UNKNOWN,0.2667,0,71.25
1616,41.0969,,0,5.0,0.55,5,3,0,4.9847,1.0,wave,UNKNOWN,UNKNOWN,0.2667,0,71.516
1617,41.1104,,0,5.0,0.55,5,3,0,4.9982,1.0,wave,UNKNOWN,UNKNOWN,0.2833,1,66.379
1618,41.1605,,0,5.0,0.55,5,3,0,4.9888,1.0,wave,UNKNOWN,UNKNOWN,0.2833,0,66.345
1619,41.1753,,0,5.0,0.55,5,3,0,4.9834,1.0,wave,UNKNOWN,UNKNOWN,0.2833,0,67.49
1620,41.1883,,0,5.0,0.55,5,3,0,4.9964,1.0,wave,UNKNOWN,UNKNOWN,0.2833,0,67.119
1621,41.204,,0,5.0,0.55,5,3,0,4.9915,1.0,wave,UNKNOWN,UNKNOWN,0.2833,0,68.772
1622,41.2156,,0,5.0,0.55,5,3,0,4.9855,1.0,wave,UNKNOWN,UNKNOWN,0.2833,0,69.748
1623,41.2284,,0,5.0,0.55,5,3,0,4.9983,1.0,wave,UNKNOWN,UNKNOWN,0.2833,0,70.541
1624,41.2413,,0,5.0,0.55,5,3,0,4.9933,1.0,wave,UNKNOWN,UNKNOWN,0.2833,0,71.26
1625,41.2542,,0,5.0,0.55,5,3,0,4.9555,1.0,wave,UNKNOWN,UNKNOWN,0.2833,0,72.711
1626,41.2658,,0,5.0,0.55,5,3,0,4.967,1.0,wave,UNKNOWN,UNKNOWN,0.2833,0,73.222
1627,41.2787,,0,5.0,0.55,5,3,0,4.9799,1.0,wave,UNKNOWN,UNKNOWN,0.2833,0,73.583
1628,41.2917,,0,5.0,0.55,5,3,0,4.9929,1.0,wave,UNKNOWN,UNKNOWN,0.2833,0,72.819
1629,41.3069,,0,5.0,0.55,5,3,0,4.9959,1.0,wave,UNKNOWN,UNKNOWN,0.2833,0,73.191
1630,41.32,,0,5.0,0.55,5,3,0,4.997,1.0,wave,UNKNOWN,UNKNOWN,0.2833,0,74.314
1631,41.332,,0,5.0,0.55,5,3,0,4.9957,1.0,wave,UNKNOWN,UNKNOWN,0.2833,0,71.215
1632,41.3549,,0,5.0,0.55,5,3,0,4.9893,1.0,wave,UNKNOWN,UNKNOWN,0.2833,0,72.485
1633,41.3667,,0,5.0,0.55,5,3,0,4.9891,1.0,wave,UNKNOWN,UNKNOWN,0.3033,1,67.256
1634,41.4168,,0,5.0,0.55,5,3,0,4.9906,1.0,wave,UNKNOWN,UNKNOWN,0.3033,0,68.053
1635,41.4298,,0,5.0,0.55,5,3,0,4.9902,1.0,wave,UNKNOWN,UNKNOWN,0.3033,0,68.608
1636,41.4432,,0,5.0,0.55,5,3,0,4.9895,1.0,wave,UNKNOWN,UNKNOWN,0.3033,0,69.711
1637,41.4558,,0,5.0,0.55,5,3,0,4.9882,1.0,wave,UNKNOWN,UNKNOWN,0.3033,0,67.829
1638,41.4755,,0,5.0,0.55,5,3,0,4.9959,1.0,wave,UNKNOWN,UNKNOWN,0.3033,0,68.991
1639,41.4879,,0,5.0,0.55,5,3,0,4.9949,1.0,wave,UNKNOWN,UNKNOWN,0.3033,0,68.714
1640,41.5031,,0,5.0,0.55,5,3,0,4.9957,1.0,wave,UNKNOWN,UNKNOWN,0.3033,0,66.501
1641,41.5247,,0,5.0,0.55,5,3,0,4.9669,1.0,wave,UNKNOWN,UNKNOWN,0.3033,0,68.028
1642,41.5367,,0,5.0,0.55,5,3,0,4.9789,1.0,wave,UNKNOWN,UNKNOWN,0.3033,0,69.115
1643,41.5494,,0,5.0,0.55,5,3,0,4.9916,1.0,wave,UNKNOWN,UNKNOWN,0.3033,0,69.193
1644,41.5637,,0,5.0,0.55,5,3,0,4.9862,1.0,wave,UNKNOWN,UNKNOWN,0.3033,0,70.181
1645,41.5766,,0,5.0,0.55,5,3,0,4.999,1.0,wave,UNKNOWN,UNKNOWN,0.3033,0,71.049
1646,41.5893,,0,5.0,0.55,5,3,0,4.9908,1.0,wave,UNKNOWN,UNKNOWN,0.3033,0,70.645
1647,41.604,,0,5.0,0.55,5,3,0,4.986,1.0,wave,UNKNOWN,UNKNOWN,0.3033,0,71.749
1648,41.6164,,0,5.0,0.55,5,3,0,4.9983,1.0,wave,UNKNOWN,UNKNOWN,0.3033,0,72.187
1649,41.6294,,0,5.0,0.55,5,3,0,4.9919,1.0,wave,UNKNOWN,UNKNOWN,0.31,1,66.892
1650,41.6817,,0,5.0,0.55,5,3,0,4.996,1.0,wave,UNKNOWN,UNKNOWN,0.31,0,67.001
1651,41.6961,,0,5.0,0.55,5,3,0,4.9905,1.0,wave,UNKNOWN,UNKNOWN,0.31,0,68.513
1652,41.7087,,0,5.0,0.55,5,3,0,4.9833,1.0,wave,UNKNOWN,UNKNOWN,0.31,0,68.077
1653,41.7239,,0,5.0,0.55,5,3,0,4.9985,1.0,wave,UNKNOWN,UNKNOWN,0.31,0,69.052
1654,41.7367,,0,5.0,0.55,5,3,0,4.9975,1.0,wave,UNKNOWN,UNKNOWN,0.31,0,70.44
1655,41.749,,0,5.0,0.55,5,3,0,4.997,1.0,wave,UNKNOWN,UNKNOWN,0.31,0,70.618
1656,41.7626,,0,5.0,0.55,5,3,0,4.9954,1.0,wave,UNKNOWN,UNKNOWN,0.31,0,71.741
1657,41.7749,,0,5.0,0.55,5,3,0,4.9522,1.0,wave,UNKNOWN,UNKNOWN,0.31,0,72.253
1658,41.7879,,0,5.0,0.55,5,3,0,4.9651,1.0,wave,UNKNOWN,UNKNOWN,0.31,0,73.28
1659,41.7999,,0,5.0,0.55,5,3,0,4.9771,1.0,wave,UNKNOWN,UNKNOWN,0.31,0,73.61
1660,41.8131,,0,5.0,0.55,5,3,0,4.9903,1.0,wave,UNKNOWN,UNKNOWN,0.31,0,73.19
1661,41.8274,,0,5.0,0.55,5,3,0,4.988,1.0,wave,UNKNOWN,UNKNOWN,0.31,0,72.048
1662,41.8436,,0,5.0,0.55,5,3,0,4.9902,1.0,wave,UNKNOWN,UNKNOWN,0.31,0,72.839
1663,41.8563,,0,5.0,0.55,5,3,0,4.9892,1.0,wave,UNKNOWN,UNKNOWN,0.31,0,71.418
1664,41.8732,,0,5.0,0.55,5,3,0,4.9936,1.0,wave,UNKNOWN,UNKNOWN,0.31,0,72.452
1665,41.8856,,0,5.0,0.55,5,3,0,4.9932,1.0,wave,UNKNOWN,UNKNOWN,0.2967,1,67.104
1666,41.9385,,0,5.0,0.55,5,3,0,4.9988,1.0,wave,UNKNOWN,UNKNOWN,0.2967,0,67.103
1667,41.9531,,0,5.0,0.55,5,3,0,4.9951,1.0,wave,UNKNOWN,UNKNOWN,0.2967,0,68.681
1668,41.9657,,0,5.0,0.55,5,3,0,4.9929,1.0,wave,UNKNOWN,UNKNOWN,0.2967,0,67.162
1669,41.9839,,0,5.0,0.55,5,3,0,4.9957,1.0,wave,UNKNOWN,UNKNOWN,0.2967,0,67.13
1670,41.999,,0,5.0,0.55,5,3,0,4.9947,1.0,wave,UNKNOWN,UNKNOWN,0.2967,0,68.414
1671,42.0114,,0,5.0,0.55,5,3,0,4.9951,1.0,wave,UNKNOWN,UNKNOWN,0.2967,0,69.081
1672,42.0246,,0,5.0,0.55,5,3,0,4.9965,1.0,wave,UNKNOWN,UNKNOWN,0.2967,0,68.826
1673,42.0396,,0,5.0,0.55,5,3,0,4.9613,1.0,wave,UNKNOWN,UNKNOWN,0.2967,0,66.836
1674,42.0602,,0,5.0,0.55,5,3,0,4.9818,1.0,wave,UNKNOWN,UNKNOWN,0.2967,0,65.106
1675,42.0802,,0,5.0,0.55,5,3,0,4.9808,1.0,wave,UNKNOWN,UNKNOWN,0.2967,0,66.549
1676,42.0929,,0,5.0,0.55,5,3,0,4.9935,1.0,wave,UNKNOWN,UNKNOWN,0.2967,0,65.654
1677,42.1102,,0,5.0,0.55,5,3,0,4.9978,1.0,wave,UNKNOWN,UNKNOWN,0.2967,0,63.812
1678,42.1315,,0,5.0,0.55,5,3,0,4.9927,1.0,wave,UNKNOWN,UNKNOWN,0.2967,0,64.784
1679,42.1451,,0,5.0,0.55,5,3,0,4.9934,1.0,wave,UNKNOWN,UNKNOWN,0.3233,1,60.283
1680,42.1958,,0,5.0,0.55,5,3,0,4.9907,1.0,wave,UNKNOWN,UNKNOWN,0.3233,0,62.333
1681,42.2079,,0,5.0,0.55,5,3,0,4.9898,1.0,wave,UNKNOWN,UNKNOWN,0.3233,0,64.337
1682,42.2201,,0,5.0,0.55,5,3,0,4.9891,1.0,wave,UNKNOWN,UNKNOWN,0.3233,0,64.02
1683,42.2367,,0,5.0,0.55,5,3,0,4.9911,1.0,wave,UNKNOWN,UNKNOWN,0.3233,0,63.103
1684,42.255,,0,5.0,0.55,5,3,0,4.9899,1.0,wave,UNKNOWN,UNKNOWN,0.3233,0,64.692
1685,42.2672,,0,5.0,0.55,5,3,0,4.9889,1.0,wave,UNKNOWN,UNKNOWN,0.3233,0,66.127
1686,42.2799,,0,5.0,0.55,5,3,0,4.9491,1.0,wave,UNKNOWN,UNKNOWN,0.3233,0,66.51
1687,42.2942,,0,5.0,0.55,5,3,0,4.9634,1.0,wave,UNKNOWN,UNKNOWN,0.3233,0,65.99
1688,42.3105,,0,5.0,0.55,5,3,0,4.9797,1.0,wave,UNKNOWN,UNKNOWN,0.3233,0,66.48
1689,42.3246,,0,5.0,0.55,5,3,0,4.9938,1.0,wave,UNKNOWN,UNKNOWN,0.3233,0,67.54
1690,42.3377,,0,5.0,0.55,5,3,0,4.9894,1.0,wave,UNKNOWN,UNKNOWN,0.3233,0,68.961
1691,42.3498,,0,5.0,0.55,5,3,0,4.9825,1.0,wave,UNKNOWN,UNKNOWN,0.3233,0,68.926
1692,42.3643,,0,5.0,0.55,5,3,0,4.9971,1.0,wave,UNKNOWN,UNKNOWN,0.3233,0,69.214
1693,42.3783,,0,5.0,0.55,5,3,0,4.9929,1.0,wave,UNKNOWN,UNKNOWN,0.3233,0,69.607
1694,42.392,,0,5.0,0.55,5,3,0,4.9863,1.0,wave,UNKNOWN,UNKNOWN,0.3233,0,70.623
1695,42.4045,,0,5.0,0.55,5,3,0,4.9987,1.0,wave,UNKNOWN,UNKNOWN,0.31,1,65.549
1696,42.4553,,0,5.0,0.55,5,3,0,4.9895,1.0,wave,UNKNOWN,UNKNOWN,0.31,0,66.592
1697,42.4683,,0,5.0,0.55,5,3,0,4.9901,1.0,wave,UNKNOWN,UNKNOWN,0.31,0,66.361
1698,42.4838,,0,5.0,0.55,5,3,0,4.9929,1.0,wave,UNKNOWN,UNKNOWN,0.31,0,67.562
1699,42.4962,,0,5.0,0.55,5,3,0,4.9899,1.0,wave,UNKNOWN,UNKNOWN,0.31,0,68.792
1700,42.5089,,0,5.0,0.55,5,3,0,4.9879,1.0,wave,UNKNOWN,UNKNOWN,0.31,0,68.79
1701,42.5234,,0,5.0,0.55,5,3,0,4.9883,1.0,wave,UNKNOWN,UNKNOWN,0.31,0,69.489
1702,42.5365,,0,5.0,0.55,5,3,0,4.9501,1.0,wave,UNKNOWN,UNKNOWN,0.31,0,70.74
1703,42.5492,,0,5.0,0.55,5,3,0,4.9627,1.0,wave,UNKNOWN,UNKNOWN,0.31,0,70.088
1704,42.5647,,0,5.0,0.55,5,3,0,4.9783,1.0,wave,UNKNOWN,UNKNOWN,0.31,0,70.529
1705,42.5778,,0,5.0,0.55,5,3,0,4.9914,1.0,wave,UNKNOWN,UNKNOWN,0.31,0,70.789
1706,42.5914,,0,5.0,0.55,5,3,0,4.9875,1.0,wave,UNKNOWN,UNKNOWN,0.31,0,70.991
1707,42.6052,,0,5.0,0.55,5,3,0,4.9862,1.0,wave,UNKNOWN,UNKNOWN,0.31,0,71.994
1708,42.6175,,0,5.0,0.55,5,3,0,4.9985,1.0,wave,UNKNOWN,UNKNOWN,0.31,0,73.321
1709,42.6292,,0,5.0,0.55,5,3,0,4.997,1.0,wave,UNKNOWN,UNKNOWN,0.31,0,73.015
1710,42.6435,,0,5.0,0.55,5,3,0,4.9994,1.0,wave,UNKNOWN,UNKNOWN,0.31,0,73.021
1711,42.6571,,0,5.0,0.55,5,3,0,4.9865,1.0,wave,UNKNOWN,UNKNOWN,0.2867,1,67.372
1712,42.718,,0,5.0,0.55,5,3,0,4.9936,1.0,wave,UNKNOWN,UNKNOWN,0.2867,0,66.312
1713,42.7356,,0,5.0,0.55,5,3,0,4.9981,1.0,wave,UNKNOWN,UNKNOWN,0.2867,0,64.694
1714,42.7552,,0,5.0,0.55,5,3,0,4.9911,1.0,wave,UNKNOWN,UNKNOWN,0.2867,0,63.521
1715,42.7741,,0,5.0,0.55,5,3,0,4.9976,1.0,wave,UNKNOWN,UNKNOWN,0.2867,0,62.033
1716,42.7946,,0,5.0,0.55,5,3,0,4.9529,1.0,wave,UNKNOWN,UNKNOWN,0.2867,0,60.833
1717,42.8146,,0,5.0,0.55,5,3,0,4.9729,1.0,wave,UNKNOWN,UNKNOWN,0.2867,0,61.334
1718,42.8298,,0,5.0,0.55,5,3,0,4.9881,1.0,wave,UNKNOWN,UNKNOWN,0.2867,0,60.003
1719,42.8509,,0,5.0,0.55,5,3,0,4.9964,1.0,wave,UNKNOWN,UNKNOWN,0.2867,0,61.599
1720,42.8638,,0,5.0,0.55,5,3,0,4.9963,1.0,wave,UNKNOWN,UNKNOWN,0.2867,0,63.236
1721,42.8766,,0,5.0,0.55,5,3,0,4.9971,1.0,wave,UNKNOWN,UNKNOWN,0.2867,0,61.815
1722,42.897,,0,5.0,0.55,5,3,0,4.9863,1.0,wave,UNKNOWN,UNKNOWN,0.2867,0,63.132
1723,42.9103,,0,5.0,0.55,5,3,0,4.9996,1.0,wave,UNKNOWN,UNKNOWN,0.29,1,58.58
1724,42.9675,,0,5.0,0.55,5,3,0,4.9901,1.0,wave,UNKNOWN,UNKNOWN,0.29,0,58.636
1725,42.9841,,0,5.0,0.55,5,3,0,4.9932,1.0,wave,UNKNOWN,UNKNOWN,0.29,0,59.956
1726,42.9979,,0,5.0,0.55,5,3,0,4.9938,1.0,wave,UNKNOWN,UNKNOWN,0.29,0,62.305
1727,43.0099,,0,5.0,0.55,5,3,0,4.9933,1.0,wave,UNKNOWN,UNKNOWN,0.29,0,63.931
1728,43.0227,,0,5.0,0.55,5,3,0,4.9944,1.0,wave,UNKNOWN,UNKNOWN,0.29,0,65.757
1729,43.0347,,0,5.0,0.55,5,3,0,4.9931,1.0,wave,UNKNOWN,UNKNOWN,0.29,0,66.836
1730,43.048,,0,5.0,0.55,5,3,0,4.9476,1.0,wave,UNKNOWN,UNKNOWN,0.29,0,68.129
1731,43.0607,,0,5.0,0.55,5,3,0,4.9604,1.0,wave,UNKNOWN,UNKNOWN,0.29,0,69.251
1732,43.0733,,0,5.0,0.55,5,3,0,4.973,1.0,wave,UNKNOWN,UNKNOWN,0.29,0,66.869
1733,43.0951,,0,5.0,0.55,5,3,0,4.9947,1.0,wave,UNKNOWN,UNKNOWN,0.29,0,68.152
1734,43.1078,,0,5.0,0.55,5,3,0,4.9949,1.0,wave,UNKNOWN,UNKNOWN,0.29,0,65.6
1735,43.1311,,0,5.0,0.55,5,3,0,4.9942,1.0,wave,UNKNOWN,UNKNOWN,0.29,0,66.164
1736,43.1451,,0,5.0,0.55,5,3,0,4.9942,1.0,wave,UNKNOWN,UNKNOWN,0.29,0,65.205
1737,43.1629,,0,5.0,0.55,5,3,0,4.9975,1.0,wave,UNKNOWN,UNKNOWN,0.2933,1,59.454
1738,43.293,,0,5.0,0.55,5,3,0,4.9939,1.0,wave,UNKNOWN,UNKNOWN,0.2933,0,59.056
1739,43.3109,,0,5.0,0.55,5,3,0,4.9589,1.0,wave,UNKNOWN,UNKNOWN,0.2933,0,59.315
1740,43.3272,,0,5.0,0.55,5,3,0,4.9751,1.0,wave,UNKNOWN,UNKNOWN,0.2933,0,60.627
1741,43.3409,,0,5.0,0.55,5,3,0,4.9888,1.0,wave,UNKNOWN,UNKNOWN,0.2933,0,62.515
1742,43.354,,0,5.0,0.55,5,3,0,4.9862,1.0,wave,UNKNOWN,UNKNOWN,0.2933,0,60.85
1743,43.3754,,0,5.0,0.55,5,3,0,4.9942,1.0,wave,UNKNOWN,UNKNOWN,0.2933,0,61.592
1744,43.39,,0,5.0,0.55,5,3,0,4.9967,1.0,wave,UNKNOWN,UNKNOWN,0.2933,0,63.71
1745,43.4019,,0,5.0,0.55,5,3,0,4.9964,1.0,wave,UNKNOWN,UNKNOWN,0.2933,0,65.494
1746,43.4143,,0,5.0,0.55,5,3,0,4.995,1.0,wave,UNKNOWN,UNKNOWN,0.29,1,60.625
1747,43.4742,,0,5.0,0.55,5,3,0,4.9877,1.0,wave,UNKNOWN,UNKNOWN,0.29,0,61.196
1748,43.489,,0,5.0,0.55,5,3,0,4.9898,1.0,wave,UNKNOWN,UNKNOWN,0.29,0,62.726
1749,43.5018,,0,5.0,0.55,5,3,0,4.9902,1.0,wave,UNKNOWN,UNKNOWN,0.29,0,62.857
1750,43.5178,,0,5.0,0.55,5,3,0,4.9923,1.0,wave,UNKNOWN,UNKNOWN,0.29,0,64.441
1751,43.5303,,0,5.0,0.55,5,3,0,4.9911,1.0,wave,UNKNOWN,UNKNOWN,0.29,0,65.325
1752,43.5439,,0,5.0,0.55,5,3,0,4.9909,1.0,wave,UNKNOWN,UNKNOWN,0.29,0,65.652
1753,43.5585,,0,5.0,0.55,5,3,0,4.9497,1.0,wave,UNKNOWN,UNKNOWN,0.29,0,66.041
1754,43.5728,,0,5.0,0.55,5,3,0,4.964,1.0,wave,UNKNOWN,UNKNOWN,0.29,0,67.879
1755,43.5849,,0,5.0,0.55,5,3,0,4.9761,1.0,wave,UNKNOWN,UNKNOWN,0.29,0,69.174
1756,43.597,,0,5.0,0.55,5,3,0,4.9882,1.0,wave,UNKNOWN,UNKNOWN,0.29,0,70.097
1757,43.6097,,0,5.0,0.55,5,3,0,4.9884,1.0,wave,UNKNOWN,UNKNOWN,0.29,0,70.351
1758,43.6236,,0,5.0,0.55,5,3,0,4.9904,1.0,wave,UNKNOWN,UNKNOWN,0.29,0,71.508
1759,43.6359,,0,5.0,0.55,5,3,0,4.9893,1.0,wave,UNKNOWN,UNKNOWN,0.29,0,72.445
1760,43.6481,,0,5.0,0.55,5,3,0,4.9885,1.0,wave,UNKNOWN,UNKNOWN,0.29,0,71.991
1761,43.6629,,0,5.0,0.55,5,3,0,4.99,1.0,wave,UNKNOWN,UNKNOWN,0.29,0,72.022
1762,43.6768,,0,5.0,0.55,5,3,0,4.99,1.0,wave,UNKNOWN,UNKNOWN,0.2567,1,66.776
1763,43.7281,,0,5.0,0.55,5,3,0,4.9951,1.0,wave,UNKNOWN,UNKNOWN,0.2567,0,66.735
1764,43.743,,0,5.0,0.55,5,3,0,4.9889,1.0,wave,UNKNOWN,UNKNOWN,0.2567,0,67.845
1765,43.7559,,0,5.0,0.55,5,3,0,4.9877,1.0,wave,UNKNOWN,UNKNOWN,0.2567,0,69.506
1766,43.7674,,0,5.0,0.55,5,3,0,4.9992,1.0,wave,UNKNOWN,UNKNOWN,0.2567,0,68.946
1767,43.7835,,0,5.0,0.55,5,3,0,4.994,1.0,wave,UNKNOWN,UNKNOWN,0.2567,0,66.529
1768,43.8057,,0,5.0,0.55,5,3,0,4.9486,1.0,wave,UNKNOWN,UNKNOWN,0.2567,0,68.096
1769,43.8177,,0,5.0,0.55,5,3,0,4.9605,1.0,wave,UNKNOWN,UNKNOWN,0.2567,0,68.852
1770,43.8309,,0,5.0,0.55,5,3,0,4.9738,1.0,wave,UNKNOWN,UNKNOWN,0.2567,0,69.32
1771,43.8446,,0,5.0,0.55,5,3,0,4.9874,1.0,wave,UNKNOWN,UNKNOWN,0.2567,0,69.405
1772,43.8588,,0,5.0,0.55,5,3,0,4.9834,1.0,wave,UNKNOWN,UNKNOWN,0.2567,0,70.876
1773,43.8707,,0,5.0,0.55,5,3,0,4.9953,1.0,wave,UNKNOWN,UNKNOWN,0.2567,0,72.434
1774,43.8821,,0,5.0,0.55,5,3,0,4.9876,1.0,wave,UNKNOWN,UNKNOWN,0.2567,0,72.81
1775,43.8953,,0,5.0,0.55,5,3,0,4.9879,1.0,wave,UNKNOWN,UNKNOWN,0.2567,0,72.803
1776,43.9091,,0,5.0,0.55,5,3,0,4.9871,1.0,wave,UNKNOWN,UNKNOWN,0.2567,0,72.359
1777,43.9237,,0,5.0,0.55,5,3,0,4.9873,1.0,wave,UNKNOWN,UNKNOWN,0.2567,0,73.694
1778,43.9353,,0,5.0,0.55,5,3,0,4.9988,1.0,wave,UNKNOWN,UNKNOWN,0.2833,1,68.342
1779,43.9852,,0,5.0,0.55,5,3,0,4.9941,1.0,wave,UNKNOWN,UNKNOWN,0.2833,0,69.362
1780,43.9977,,0,5.0,0.55,5,3,0,4.9925,1.0,wave,UNKNOWN,UNKNOWN,0.2833,0,70.221
1781,44.0105,,0,5.0,0.55,5,3,0,4.9917,1.0,wave,UNKNOWN,UNKNOWN,0.2833,0,69.43
1782,44.0266,,0,5.0,0.55,5,3,0,4.9958,1.0,wave,UNKNOWN,UNKNOWN,0.2833,0,67.537
1783,44.0465,,0,5.0,0.55,5,3,0,4.9891,1.0,wave,UNKNOWN,UNKNOWN,0.2833,0,65.965
1784,44.0657,,0,5.0,0.55,5,3,0,4.955,1.0,wave,UNKNOWN,UNKNOWN,0.2833,0,64.275
1785,44.0861,,0,5.0,0.55,5,3,0,4.9755,1.0,wave,UNKNOWN,UNKNOWN,0.2833,0,65.381
1786,44.0993,,0,5.0,0.55,5,3,0,4.9887,1.0,wave,UNKNOWN,UNKNOWN,0.2833,0,65.992
1787,44.1134,,0,5.0,0.55,5,3,0,4.9872,1.0,wave,UNKNOWN,UNKNOWN,0.2833,0,67.351
1788,44.1261,,0,5.0,0.55,5,3,0,5.0,1.0,wave,UNKNOWN,UNKNOWN,0.2833,0,68.625
1789,44.1383,,0,5.0,0.55,5,3,0,4.9994,1.0,wave,UNKNOWN,UNKNOWN,0.2833,0,69.907
1790,44.1505,,0,5.0,0.55,5,3,0,4.9989,1.0,wave,UNKNOWN,UNKNOWN,0.2833,0,67.841
1791,44.1713,,0,5.0,0.55,5,3,0,4.9942,1.0,wave,UNKNOWN,UNKNOWN,0.2833,0,65.358
1792,44.1942,,0,5.0,0.55,5,3,0,4.99,1.0,wave,UNKNOWN,UNKNOWN,0.2767,1,60.604
1793,44.251,,0,5.0,0.55,5,3,0,4.988,1.0,wave,UNKNOWN,UNKNOWN,0.2767,0,60.962
1794,44.2659,,0,5.0,0.55,5,3,0,4.9901,1.0,wave,UNKNOWN,UNKNOWN,0.2767,0,60.606
1795,44.2834,,0,5.0,0.55,5,3,0,4.9927,1.0,wave,UNKNOWN,UNKNOWN,0.2767,0,62.542
1796,44.296,,0,5.0,0.55,5,3,0,4.9899,1.0,wave,UNKNOWN,UNKNOWN,0.2767,0,64.25
1797,44.3084,,0,5.0,0.55,5,3,0,4.9889,1.0,wave,UNKNOWN,UNKNOWN,0.2767,0,64.297
1798,44.3241,,0,5.0,0.55,5,3,0,4.943,1.0,wave,UNKNOWN,UNKNOWN,0.2767,0,65.193
1799,44.3376,,0,5.0,0.55,5,3,0,4.9565,1.0,wave,UNKNOWN,UNKNOWN,0.2767,0,66.192
1800,44.3509,,0,5.0,0.55,5,3,0,4.9698,1.0,wave,UNKNOWN,UNKNOWN,0.2767,0,64.499
1801,44.3715,,0,5.0,0.55,5,3,0,4.9905,1.0,wave,UNKNOWN,UNKNOWN,0.2767,0,65.716
1802,44.3844,,0,5.0,0.55,5,3,0,4.9896,1.0,wave,UNKNOWN,UNKNOWN,0.2767,0,66.382
1803,44.3979,,0,5.0,0.55,5,3,0,4.9852,1.0,wave,UNKNOWN,UNKNOWN,0.2767,0,67.889
1804,44.4102,,0,5.0,0.55,5,3,0,4.9975,1.0,wave,UNKNOWN,UNKNOWN,0.2767,0,68.751
1805,44.4233,,0,5.0,0.55,5,3,0,4.9966,1.0,wave,UNKNOWN,UNKNOWN,0.2767,0,69.3
1806,44.4372,,0,5.0,0.55,5,3,0,4.9978,1.0,wave,UNKNOWN,UNKNOWN,0.2767,0,69.843
1807,44.4502,,0,5.0,0.55,5,3,0,4.9976,1.0,wave,UNKNOWN,UNKNOWN,0.25,1,64.809
1808,44.5017,,0,5.0,0.55,5,3,0,4.9937,1.0,wave,UNKNOWN,UNKNOWN,0.25,0,66.242
1809,44.514,,0,5.0,0.55,5,3,0,4.9929,1.0,wave,UNKNOWN,UNKNOWN,0.25,0,67.625
1810,44.5265,,0,5.0,0.55,5,3,0,4.9929,1.0,wave,UNKNOWN,UNKNOWN,0.25,0,68.921
1811,44.5391,,0,5.0,0.55,5,3,0,4.9919,1.0,wave,UNKNOWN,UNKNOWN,0.25,0,69.763
1812,44.5519,,0,5.0,0.55,5,3,0,4.99,1.0,wave,UNKNOWN,UNKNOWN,0.25,0,67.878
1813,44.5717,,0,5.0,0.55,5,3,0,4.9945,1.0,wave,UNKNOWN,UNKNOWN,0.25,0,66.253
1814,44.5911,,0,5.0,0.55,5,3,0,4.9635,1.0,wave,UNKNOWN,UNKNOWN,0.25,0,67.821
1815,44.6034,,0,5.0,0.55,5,3,0,4.9758,1.0,wave,UNKNOWN,UNKNOWN,0.25,0,68.399
1816,44.6167,,0,5.0,0.55,5,3,0,4.9891,1.0,wave,UNKNOWN,UNKNOWN,0.25,0,68.951
1817,44.6302,,0,5.0,0.55,5,3,0,4.9885,1.0,wave,UNKNOWN,UNKNOWN,0.25,0,66.885
1818,44.6511,,0,5.0,0.55,5,3,0,4.9964,1.0,wave,UNKNOWN,UNKNOWN,0.25,0,67.666
1819,44.6642,,0,5.0,0.55,5,3,0,4.9966,1.0,wave,UNKNOWN,UNKNOWN,0.25,0,68.79
1820,44.6771,,0,5.0,0.55,5,3,0,4.9959,1.0,wave,UNKNOWN,UNKNOWN,0.25,0,69.654
1821,44.6899,,0,5.0,0.55,5,3,0,4.9954,1.0,wave,UNKNOWN,UNKNOWN,0.25,0,67.976
1822,44.7089,,0,5.0,0.55,5,3,0,4.9818,1.0,wave,UNKNOWN,UNKNOWN,0.3067,1,62.964
1823,44.7654,,0,5.0,0.55,5,3,0,4.9988,1.0,wave,UNKNOWN,UNKNOWN,0.3067,0,63.364
1824,44.7798,,0,5.0,0.55,5,3,0,4.9878,1.0,wave,UNKNOWN,UNKNOWN,0.3067,0,64.772
1825,44.7929,,0,5.0,0.55,5,3,0,4.9875,1.0,wave,UNKNOWN,UNKNOWN,0.3067,0,63.253
1826,44.8129,,0,5.0,0.55,5,3,0,4.9952,1.0,wave,UNKNOWN,UNKNOWN,0.3067,0,61.756
1827,44.8336,,0,5.0,0.55,5,3,0,4.9526,1.0,wave,UNKNOWN,UNKNOWN,0.3067,0,62.905
1828,44.8473,,0,5.0,0.55,5,3,0,4.9663,1.0,wave,UNKNOWN,UNKNOWN,0.3067,0,61.391
1829,44.8682,,0,5.0,0.55,5,3,0,4.9872,1.0,wave,UNKNOWN,UNKNOWN,0.3067,0,61.194
1830,44.885,,0,5.0,0.55,5,3,0,4.9904,1.0,wave,UNKNOWN,UNKNOWN,0.3067,0,59.993
1831,44.9054,,0,5.0,0.55,5,3,0,4.9986,1.0,wave,UNKNOWN,UNKNOWN,0.3067,0,59.558
1832,44.9237,,0,5.0,0.55,5,3,0,4.991,1.0,wave,UNKNOWN,UNKNOWN,0.3067,0,60.259
1833,44.9387,,0,5.0,0.55,5,3,0,4.9929,1.0,wave,UNKNOWN,UNKNOWN,0.3067,0,61.082
1834,44.9535,,0,5.0,0.55,5,3,0,4.9948,1.0,wave,UNKNOWN,UNKNOWN,0.3067,0,61.502
1835,44.9685,,0,5.0,0.55,5,3,0,4.9943,1.0,wave,UNKNOWN,UNKNOWN,0.3,1,57.294
1836,45.0201,,0,5.0,0.55,5,3,0,4.9956,1.0,wave,UNKNOWN,UNKNOWN,0.3,0,59.436
1837,45.0325,,0,5.0,0.55,5,3,0,4.9954,1.0,wave,UNKNOWN,UNKNOWN,0.3,0,61.678
1838,45.0447,,0,5.0,0.55,5,3,0,4.9952,1.0,wave,UNKNOWN,UNKNOWN,0.3,0,62.747
1839,45.0584,,0,5.0,0.55,5,3,0,4.9946,1.0,wave,UNKNOWN,UNKNOWN,0.3,0,61.675
1840,45.0778,,0,5.0,0.55,5,3,0,4.9873,1.0,wave,UNKNOWN,UNKNOWN,0.3,0,60.115
1841,45.0995,,0,5.0,0.55,5,3,0,4.9557,1.0,wave,UNKNOWN,UNKNOWN,0.3,0,62.233
1842,45.1117,,0,5.0,0.55,5,3,0,4.968,1.0,wave,UNKNOWN,UNKNOWN,0.3,0,63.743
1843,45.1246,,0,5.0,0.55,5,3,0,4.9808,1.0,wave,UNKNOWN,UNKNOWN,0.3,0,65.226
1844,45.1376,,0,5.0,0.55,5,3,0,4.9938,1.0,wave,UNKNOWN,UNKNOWN,0.3,0,66.217
1845,45.1507,,0,5.0,0.55,5,3,0,4.9937,1.0,wave,UNKNOWN,UNKNOWN,0.3,0,67.787
1846,45.1632,,0,5.0,0.55,5,3,0,4.9928,1.0,wave,UNKNOWN,UNKNOWN,0.3,0,68.838
1847,45.1756,,0,5.0,0.55,5,3,0,4.9929,1.0,wave,UNKNOWN,UNKNOWN,0.3,0,69.86
1848,45.1885,,0,5.0,0.55,5,3,0,4.993,1.0,wave,UNKNOWN,UNKNOWN,0.3,0,69.785
1849,45.2026,,0,5.0,0.55,5,3,0,4.9932,1.0,wave,UNKNOWN,UNKNOWN,0.3,0,70.572
1850,45.2156,,0,5.0,0.55,5,3,0,4.9904,1.0,wave,UNKNOWN,UNKNOWN,0.3,0,71.541
1851,45.2281,,0,5.0,0.55,5,3,0,4.9897,1.0,wave,UNKNOWN,UNKNOWN,0.2967,1,66.255
1852,45.2821,,0,5.0,0.55,5,3,0,4.9958,1.0,wave,UNKNOWN,UNKNOWN,0.2967,0,64.829
1853,45.301,,0,5.0,0.55,5,3,0,4.9898,1.0,wave,UNKNOWN,UNKNOWN,0.2967,0,65.23
1854,45.3154,,0,5.0,0.55,5,3,0,4.9899,1.0,wave,UNKNOWN,UNKNOWN,0.2967,0,66.03
1855,45.329,,0,5.0,0.55,5,3,0,4.9891,1.0,wave,UNKNOWN,UNKNOWN,0.2967,0,66.973
1856,45.3425,,0,5.0,0.55,5,3,0,4.9905,1.0,wave,UNKNOWN,UNKNOWN,0.2967,0,68.384
1857,45.3546,,0,5.0,0.55,5,3,0,4.9506,1.0,wave,UNKNOWN,UNKNOWN,0.2967,0,69.491
1858,45.3672,,0,5.0,0.55,5,3,0,4.9632,1.0,wave,UNKNOWN,UNKNOWN,0.2967,0,69.342
1859,45.3819,,0,5.0,0.55,5,3,0,4.9779,1.0,wave,UNKNOWN,UNKNOWN,0.2967,0,69.634
1860,45.3958,,0,5.0,0.55,5,3,0,4.9917,1.0,wave,UNKNOWN,UNKNOWN,0.2967,0,70.298
1861,45.409,,0,5.0,0.55,5,3,0,4.9915,1.0,wave,UNKNOWN,UNKNOWN,0.2967,0,70.375
1862,45.4231,,0,5.0,0.55,5,3,0,4.9931,1.0,wave,UNKNOWN,UNKNOWN,0.2967,0,71.295
1863,45.4355,,0,5.0,0.55,5,3,0,4.9901,1.0,wave,UNKNOWN,UNKNOWN,0.2967,0,70.062
1864,45.4526,,0,5.0,0.55,5,3,0,4.9944,1.0,wave,UNKNOWN,UNKNOWN,0.2967,0,70.685
1865,45.4655,,0,5.0,0.55,5,3,0,4.9935,1.0,wave,UNKNOWN,UNKNOWN,0.2967,0,70.493
1866,45.4802,,0,5.0,0.55,5,3,0,4.9948,1.0,wave,UNKNOWN,UNKNOWN,0.3167,1,65.353
1867,45.5329,,0,5.0,0.55,5,3,0,4.9932,1.0,wave,UNKNOWN,UNKNOWN,0.3167,0,66.603
1868,45.5454,,0,5.0,0.55,5,3,0,4.9912,1.0,wave,UNKNOWN,UNKNOWN,0.3167,0,67.637
1869,45.5583,,0,5.0,0.55,5,3,0,4.9912,1.0,wave,UNKNOWN,UNKNOWN,0.3167,0,69.004
1870,45.5709,,0,5.0,0.55,5,3,0,4.9922,1.0,wave,UNKNOWN,UNKNOWN,0.3167,0,69.497
1871,45.5842,,0,5.0,0.55,5,3,0,4.9925,1.0,wave,UNKNOWN,UNKNOWN,0.3167,0,69.599
1872,45.5984,,0,5.0,0.55,5,3,0,4.9926,1.0,wave,UNKNOWN,UNKNOWN,0.3167,0,70.551
1873,45.611,,0,5.0,0.55,5,3,0,4.9546,1.0,wave,UNKNOWN,UNKNOWN,0.3167,0,70.309
1874,45.6259,,0,5.0,0.55,5,3,0,4.9695,1.0,wave,UNKNOWN,UNKNOWN,0.3167,0,70.776
1875,45.6392,,0,5.0,0.55,5,3,0,4.9827,1.0,wave,UNKNOWN,UNKNOWN,0.3167,0,68.076
1876,45.6618,,0,5.0,0.55,5,3,0,4.9926,1.0,wave,UNKNOWN,UNKNOWN,0.3167,0,68.944
1877,45.6751,,0,5.0,0.55,5,3,0,4.9923,1.0,wave,UNKNOWN,UNKNOWN,0.3167,0,69.737
1878,45.6882,,0,5.0,0.55,5,3,0,4.9933,1.0,wave,UNKNOWN,UNKNOWN,0.3167,0,69.327
1879,45.703,,0,5.0,0.55,5,3,0,4.9954,1.0,wave,UNKNOWN,UNKNOWN,0.3167,0,70.275
1880,45.7159,,0,5.0,0.55,5,3,0,4.9938,1.0,wave,UNKNOWN,UNKNOWN,0.3167,0,69.921
1881,45.7309,,0,5.0,0.55,5,3,0,4.9963,1.0,wave,UNKNOWN,UNKNOWN,0.3233,1,64.715
1882,45.7871,,0,5.0,0.55,5,3,0,4.9984,1.0,wave,UNKNOWN,UNKNOWN,0.3233,0,64.287
1883,45.8034,,0,5.0,0.55,5,3,0,4.9982,1.0,wave,UNKNOWN,UNKNOWN,0.3233,0,65.887
1884,45.8158,,0,5.0,0.55,5,3,0,4.9976,1.0,wave,UNKNOWN,UNKNOWN,0.3233,0,67.619
1885,45.8278,,0,5.0,0.55,5,3,0,4.9965,1.0,wave,UNKNOWN,UNKNOWN,0.3233,0,67.453
1886,45.843,,0,5.0,0.55,5,3,0,4.999,1.0,wave,UNKNOWN,UNKNOWN,0.3233,0,68.476
1887,45.8558,,0,5.0,0.55,5,3,0,4.9986,1.0,wave,UNKNOWN,UNKNOWN,0.3233,0,69.069
1888,45.8693,,0,5.0,0.55,5,3,0,4.9539,1.0,wave,UNKNOWN,UNKNOWN,0.3233,0,67.555
1889,45.888,,0,5.0,0.55,5,3,0,4.9726,1.0,wave,UNKNOWN,UNKNOWN,0.3233,0,65.761
1890,45.908,,0,5.0,0.55,5,3,0,4.9926,1.0,wave,UNKNOWN,UNKNOWN,0.3233,0,63.797
1891,45.9298,,0,5.0,0.55,5,3,0,4.9852,1.0,wave,UNKNOWN,UNKNOWN,0.3233,0,65.175
1892,45.9426,,0,5.0,0.55,5,3,0,4.998,1.0,wave,UNKNOWN,UNKNOWN,0.3233,0,66.273
1893,45.9557,,0,5.0,0.55,5,3,0,4.9989,1.0,wave,UNKNOWN,UNKNOWN,0.3233,0,64.838
1894,45.975,,0,5.0,0.55,5,3,0,4.9917,1.0,wave,UNKNOWN,UNKNOWN,0.3233,0,66.298
1895,45.9877,,0,5.0,0.55,5,3,0,4.9903,1.0,wave,UNKNOWN,UNKNOWN,0.32,1,61.266
1896,46.0505,,0,5.0,0.55,5,3,0,4.9939,1.0,wave,UNKNOWN,UNKNOWN,0.32,0,61.672
1897,46.0654,,0,5.0,0.55,5,3,0,4.9942,1.0,wave,UNKNOWN,UNKNOWN,0.32,0,62.961
1898,46.079,,0,5.0,0.55,5,3,0,4.9948,1.0,wave,UNKNOWN,UNKNOWN,0.32,0,61.187
1899,46.1009,,0,5.0,0.55,5,3,0,4.9906,1.0,wave,UNKNOWN,UNKNOWN,0.32,0,62.459
1900,46.1145,,0,5.0,0.55,5,3,0,4.954,1.0,wave,UNKNOWN,UNKNOWN,0.32,0,63.551
1901,46.1283,,0,5.0,0.55,5,3,0,4.9678,1.0,wave,UNKNOWN,UNKNOWN,0.32,0,64.404
1902,46.1419,,0,5.0,0.55,5,3,0,4.9814,1.0,wave,UNKNOWN,UNKNOWN,0.32,0,62.704
1903,46.1631,,0,5.0,0.55,5,3,0,4.9878,1.0,wave,UNKNOWN,UNKNOWN,0.32,0,64.12
1904,46.1764,,0,5.0,0.55,5,3,0,4.9881,1.0,wave,UNKNOWN,UNKNOWN,0.32,0,65.417
1905,46.1893,,0,5.0,0.55,5,3,0,4.9853,1.0,wave,UNKNOWN,UNKNOWN,0.32,0,65.935
1906,46.2033,,0,5.0,0.55,5,3,0,4.9993,1.0,wave,UNKNOWN,UNKNOWN,0.32,0,67.182
1907,46.216,,0,5.0,0.55,5,3,0,4.9876,1.0,wave,UNKNOWN,UNKNOWN,0.32,0,68.454
1908,46.2285,,0,5.0,0.55,5,3,0,4.9872,1.0,wave,UNKNOWN,UNKNOWN,0.32,0,69.494
1909,46.2417,,0,5.0,0.55,5,3,0,4.9874,1.0,wave,UNKNOWN,UNKNOWN,0.2767,1,64.507
1910,46.2924,,0,5.0,0.55,5,3,0,4.9855,1.0,wave,UNKNOWN,UNKNOWN,0.2767,0,64.847
1911,46.3069,,0,5.0,0.55,5,3,0,4.9999,1.0,wave,UNKNOWN,UNKNOWN,0.2767,0,65.353
1912,46.3214,,0,5.0,0.55,5,3,0,4.9894,1.0,wave,UNKNOWN,UNKNOWN,0.2767,0,65.653
1913,46.336,,0,5.0,0.55,5,3,0,4.9811,1.0,wave,UNKNOWN,UNKNOWN,0.2767,0,66.783
1914,46.3487,,0,5.0,0.55,5,3,0,4.9938,1.0,wave,UNKNOWN,UNKNOWN,0.2767,0,67.709
1915,46.3622,,0,5.0,0.55,5,3,0,4.9955,1.0,wave,UNKNOWN,UNKNOWN,0.2767,0,66.694
1916,46.3794,,0,5.0,0.55,5,3,0,4.9625,1.0,wave,UNKNOWN,UNKNOWN,0.2767,0,66.35
1917,46.3952,,0,5.0,0.55,5,3,0,4.9783,1.0,wave,UNKNOWN,UNKNOWN,0.2767,0,66.105
1918,46.4108,,0,5.0,0.55,5,3,0,4.994,1.0,wave,UNKNOWN,UNKNOWN,0.2767,0,67.469
1919,46.4233,,0,5.0,0.55,5,3,0,4.9935,1.0,wave,UNKNOWN,UNKNOWN,0.2767,0,69.139
1920,46.4353,,0,5.0,0.55,5,3,0,4.9921,1.0,wave,UNKNOWN,UNKNOWN,0.2767,0,66.494
1921,46.4586,,0,5.0,0.55,5,3,0,4.9832,1.0,wave,UNKNOWN,UNKNOWN,0.2767,0,68.263
1922,46.4704,,0,5.0,0.55,5,3,0,4.995,1.0,wave,UNKNOWN,UNKNOWN,0.2767,0,69.742
1923,46.4825,,0,5.0,0.55,5,3,0,4.9945,1.0,wave,UNKNOWN,UNKNOWN,0.2767,0,70.277
1924,46.4958,,0,5.0,0.55,5,3,0,4.9927,1.0,wave,UNKNOWN,UNKNOWN,0.31,1,65.151
1925,46.5487,,0,5.0,0.55,5,3,0,4.9994,1.0,wave,UNKNOWN,UNKNOWN,0.31,0,65.823
1926,46.5624,,0,5.0,0.55,5,3,0,4.9987,1.0,wave,UNKNOWN,UNKNOWN,0.31,0,67.036
1927,46.5754,,0,5.0,0.55,5,3,0,4.9987,1.0,wave,UNKNOWN,UNKNOWN,0.31,0,68.555
1928,46.5872,,0,5.0,0.55,5,3,0,4.9979,1.0,wave,UNKNOWN,UNKNOWN,0.31,0,66.961
1929,46.6065,,0,5.0,0.55,5,3,0,4.9901,1.0,wave,UNKNOWN,UNKNOWN,0.31,0,68.536
1930,46.6185,,0,5.0,0.55,5,3,0,4.9891,1.0,wave,UNKNOWN,UNKNOWN,0.31,0,69.296
1931,46.6315,,0,5.0,0.55,5,3,0,4.9498,1.0,wave,UNKNOWN,UNKNOWN,0.31,0,68.943
1932,46.6467,,0,5.0,0.55,5,3,0,4.965,1.0,wave,UNKNOWN,UNKNOWN,0.31,0,68.103
1933,46.6633,,0,5.0,0.55,5,3,0,4.9816,1.0,wave,UNKNOWN,UNKNOWN,0.31,0,67.4
1934,46.6798,,0,5.0,0.55,5,3,0,4.9981,1.0,wave,UNKNOWN,UNKNOWN,0.31,0,67.964
1935,46.6934,,0,5.0,0.55,5,3,0,4.9973,1.0,wave,UNKNOWN,UNKNOWN,0.31,0,69.698
1936,46.705,,0,5.0,0.55,5,3,0,4.9964,1.0,wave,UNKNOWN,UNKNOWN,0.31,0,71.045
1937,46.717,,0,5.0,0.55,5,3,0,4.9931,1.0,wave,UNKNOWN,UNKNOWN,0.31,0,69.509
1938,46.7352,,0,5.0,0.55,5,3,0,4.9985,1.0,wave,UNKNOWN,UNKNOWN,0.31,0,70.204
1939,46.7481,,0,5.0,0.55,5,3,0,4.9991,1.0,wave,UNKNOWN,UNKNOWN,0.26,1,65.118
1940,46.8001,,0,5.0,0.55,5,3,0,4.987,1.0,wave,UNKNOWN,UNKNOWN,0.26,0,65.167
1941,46.8151,,0,5.0,0.55,5,3,0,4.9876,1.0,wave,UNKNOWN,UNKNOWN,0.26,0,66.236
1942,46.8283,,0,5.0,0.55,5,3,0,4.9847,1.0,wave,UNKNOWN,UNKNOWN,0.26,0,66.69
1943,46.8424,,0,5.0,0.55,5,3,0,4.9988,1.0,wave,UNKNOWN,UNKNOWN,0.26,0,68.171
1944,46.8546,,0,5.0,0.55,5,3,0,4.9983,1.0,wave,UNKNOWN,UNKNOWN,0.26,0,67.58
1945,46.8707,,0,5.0,0.55,5,3,0,4.9975,1.0,wave,UNKNOWN,UNKNOWN,0.26,0,68.365
1946,46.884,,0,5.0,0.55,5,3,0,4.9984,1.0,wave,UNKNOWN,UNKNOWN,0.26,0,69.08
1947,46.8972,,0,5.0,0.55,5,3,0,4.9586,1.0,wave,UNKNOWN,UNKNOWN,0.26,0,69.884
1948,46.9103,,0,5.0,0.55,5,3,0,4.9718,1.0,wave,UNKNOWN,UNKNOWN,0.26,0,69.906
1949,46.9246,,0,5.0,0.55,5,3,0,4.9861,1.0,wave,UNKNOWN,UNKNOWN,0.26,0,71.166
1950,46.9364,,0,5.0,0.55,5,3,0,4.9979,1.0,wave,UNKNOWN,UNKNOWN,0.26,0,71.752
1951,46.9495,,0,5.0,0.55,5,3,0,4.9964,1.0,wave,UNKNOWN,UNKNOWN,0.26,0,69.618
1952,46.9696,,0,5.0,0.55,5,3,0,4.9857,1.0,wave,UNKNOWN,UNKNOWN,0.26,0,69.226
1953,46.9849,,0,5.0,0.55,5,3,0,4.9859,1.0,wave,UNKNOWN,UNKNOWN,0.26,0,68.711
1954,47.0003,,0,5.0,0.55,5,3,0,4.9889,1.0,wave,UNKNOWN,UNKNOWN,0.26,1,63.687
1955,47.0547,,0,5.0,0.55,5,3,0,4.9945,1.0,wave,UNKNOWN,UNKNOWN,0.26,0,65.063
1956,47.0675,,0,5.0,0.55,5,3,0,4.9873,1.0,wave,UNKNOWN,UNKNOWN,0.26,0,65.353
1957,47.082,,0,5.0,0.55,5,3,0,4.9892,1.0,wave,UNKNOWN,UNKNOWN,0.26,0,66.567
1958,47.0948,,0,5.0,0.55,5,3,0,4.9847,1.0,wave,UNKNOWN,UNKNOWN,0.26,0,67.736
1959,47.1077,,0,5.0,0.55,5,3,0,4.9976,1.0,wave,UNKNOWN,UNKNOWN,0.26,0,67.52
1960,47.1231,,0,5.0,0.55,5,3,0,4.9917,1.0,wave,UNKNOWN,UNKNOWN,0.26,0,67.945
1961,47.137,,0,5.0,0.55,5,3,0,4.9919,1.0,wave,UNKNOWN,UNKNOWN,0.26,0,66.916
1962,47.1542,,0,5.0,0.55,5,3,0,4.9584,1.0,wave,UNKNOWN,UNKNOWN,0.26,0,68.317
1963,47.1666,,0,5.0,0.55,5,3,0,4.9708,1.0,wave,UNKNOWN,UNKNOWN,0.26,0,65.816
1964,47.1899,,0,5.0,0.55,5,3,0,4.9941,1.0,wave,UNKNOWN,UNKNOWN,0.26,0,64.171
1965,47.21,,0,5.0,0.55,5,3,0,4.9899,1.0,wave,UNKNOWN,UNKNOWN,0.26,0,65.409
1966,47.2232,,0,5.0,0.55,5,3,0,4.9866,1.0,wave,UNKNOWN,UNKNOWN,0.26,0,66.311
1967,47.2365,,0,5.0,0.55,5,3,0,4.9999,1.0,wave,UNKNOWN,UNKNOWN,0.26,0,67.019
1968,47.2502,,0,5.0,0.55,5,3,0,4.9952,1.0,wave,UNKNOWN,UNKNOWN,0.26,0,68.381
1969,47.2625,,0,5.0,0.55,5,3,0,4.9953,1.0,wave,UNKNOWN,UNKNOWN,0.27,1,63.47
1970,47.3146,,0,5.0,0.55,5,3,0,4.99,1.0,wave,UNKNOWN,UNKNOWN,0.27,0,61.892
1971,47.3353,,0,5.0,0.55,5,3,0,4.9976,1.0,wave,UNKNOWN,UNKNOWN,0.27,0,63.013
1972,47.349,,0,5.0,0.55,5,3,0,4.9992,1.0,wave,UNKNOWN,UNKNOWN,0.27,0,64.039
1973,47.3626,,0,5.0,0.55,5,3,0,4.9982,1.0,wave,UNKNOWN,UNKNOWN,0.27,0,65.703
1974,47.3752,,0,5.0,0.55,5,3,0,4.9968,1.0,wave,UNKNOWN,UNKNOWN,0.27,0,67.308
1975,47.3873,,0,5.0,0.55,5,3,0,4.9952,1.0,wave,UNKNOWN,UNKNOWN,0.27,0,65.341
1976,47.4086,,0,5.0,0.55,5,3,0,4.9532,1.0,wave,UNKNOWN,UNKNOWN,0.27,0,66.808
1977,47.4206,,0,5.0,0.55,5,3,0,4.9652,1.0,wave,UNKNOWN,UNKNOWN,0.27,0,68.339
1978,47.4331,,0,5.0,0.55,5,3,0,4.9777,1.0,wave,UNKNOWN,UNKNOWN,0.27,0,68.786
1979,47.4466,,0,5.0,0.55,5,3,0,4.9913,1.0,wave,UNKNOWN,UNKNOWN,0.27,0,68.289
1980,47.4624,,0,5.0,0.55,5,3,0,4.994,1.0,wave,UNKNOWN,UNKNOWN,0.27,0,69.347
1981,47.4755,,0,5.0,0.55,5,3,0,4.9917,1.0,wave,UNKNOWN,UNKNOWN,0.27,0,70.477
1982,47.4879,,0,5.0,0.55,5,3,0,4.9917,1.0,wave,UNKNOWN,UNKNOWN,0.27,0,70.803
1983,47.501,,0,5.0,0.55,5,3,0,4.9921,1.0,wave,UNKNOWN,UNKNOWN,0.27,0,71.051
1984,47.5146,,0,5.0,0.55,5,3,0,4.9913,1.0,wave,UNKNOWN,UNKNOWN,0.2833,1,65.896
1985,47.5661,,0,5.0,0.55,5,3,0,4.9883,1.0,wave,UNKNOWN,UNKNOWN,0.2833,0,65.593
1986,47.5818,,0,5.0,0.55,5,3,0,4.9904,1.0,wave,UNKNOWN,UNKNOWN,0.2833,0,67.042
1987,47.5944,,0,5.0,0.55,5,3,0,4.9892,1.0,wave,UNKNOWN,UNKNOWN,0.2833,0,68.342
1988,47.607,,0,5.0,0.55,5,3,0,4.9895,1.0,wave,UNKNOWN,UNKNOWN,0.2833,0,67.839
1989,47.623,,0,5.0,0.55,5,3,0,4.9938,1.0,wave,UNKNOWN,UNKNOWN,0.2833,0,68.093
1990,47.6369,,0,5.0,0.55,5,3,0,4.9933,1.0,wave,UNKNOWN,UNKNOWN,0.2833,0,68.782
1991,47.65,,0,5.0,0.55,5,3,0,4.9929,1.0,wave,UNKNOWN,UNKNOWN,0.2833,0,69.446
1992,47.6634,,0,5.0,0.55,5,3,0,4.9454,1.0,wave,UNKNOWN,UNKNOWN,0.2833,0,70.034
1993,47.6768,,0,5.0,0.55,5,3,0,4.9588,1.0,wave,UNKNOWN,UNKNOWN,0.2833,0,71.385
1994,47.6887,,0,5.0,0.55,5,3,0,4.9707,1.0,wave,UNKNOWN,UNKNOWN,0.2833,0,71.833
1995,47.7017,,0,5.0,0.55,5,3,0,4.9837,1.0,wave,UNKNOWN,UNKNOWN,0.2833,0,72.369
1996,47.7147,,0,5.0,0.55,5,3,0,4.9967,1.0,wave,UNKNOWN,UNKNOWN,0.2833,0,72.672
1997,47.728,,0,5.0,0.55,5,3,0,4.9924,1.0,wave,UNKNOWN,UNKNOWN,0.2833,0,73.41
1998,47.7408,,0,5.0,0.55,5,3,0,4.9856,1.0,wave,UNKNOWN,UNKNOWN,0.2833,0,74.363
1999,47.7523,,0,5.0,0.55,5,3,0,4.9971,1.0,wave,UNKNOWN,UNKNOWN,0.2833,0,75.336
2000,47.7645,,0,5.0,0.55,5,3,0,4.9904,1.0,wave,UNKNOWN,UNKNOWN,0.2833,0,74.714
2001,47.779,,0,5.0,0.55,5,3,0,4.9843,1.0,wave,UNKNOWN,UNKNOWN,0.3033,1,69.077
2002,47.8339,,0,5.0,0.55,5,3,0,4.9829,1.0,wave,UNKNOWN,UNKNOWN,0.3033,0,69.818
2003,47.8465,,0,5.0,0.55,5,3,0,4.9955,1.0,wave,UNKNOWN,UNKNOWN,0.3033,0,69.645
2004,47.8612,,0,5.0,0.55,5,3,0,4.9974,1.0,wave,UNKNOWN,UNKNOWN,0.3033,0,71.084
2005,47.8732,,0,5.0,0.55,5,3,0,4.9965,1.0,wave,UNKNOWN,UNKNOWN,0.3033,0,71.752
2006,47.886,,0,5.0,0.55,5,3,0,4.9889,1.0,wave,UNKNOWN,UNKNOWN,0.3033,0,71.412
2007,47.9007,,0,5.0,0.55,5,3,0,4.9904,1.0,wave,UNKNOWN,UNKNOWN,0.3033,0,71.239
2008,47.915,,0,5.0,0.55,5,3,0,4.9475,1.0,wave,UNKNOWN,UNKNOWN,0.3033,0,71.573
2009,47.9283,,0,5.0,0.55,5,3,0,4.9608,1.0,wave,UNKNOWN,UNKNOWN,0.3033,0,72.62
2010,47.9406,,0,5.0,0.55,5,3,0,4.9731,1.0,wave,UNKNOWN,UNKNOWN,0.3033,0,73.729
2011,47.9524,,0,5.0,0.55,5,3,0,4.9849,1.0,wave,UNKNOWN,UNKNOWN,0.3033,0,72.182
2012,47.9697,,0,5.0,0.55,5,3,0,4.9856,1.0,wave,UNKNOWN,UNKNOWN,0.3033,0,72.445
2013,47.983,,0,5.0,0.55,5,3,0,4.9989,1.0,wave,UNKNOWN,UNKNOWN,0.3033,0,72.203
2014,47.9973,,0,5.0,0.55,5,3,0,4.9994,1.0,wave,UNKNOWN,UNKNOWN,0.3033,0,71.594
2015,48.0126,,0,5.0,0.55,5,3,0,4.9899,1.0,wave,UNKNOWN,UNKNOWN,0.3033,0,72.385
2016,48.0252,,0,5.0,0.55,5,3,0,4.9904,1.0,wave,UNKNOWN,UNKNOWN,0.3033,0,73.34
2017,48.0372,,0,5.0,0.55,5,3,0,4.9892,1.0,wave,UNKNOWN,UNKNOWN,0.29,1,67.595
2018,48.1002,,0,5.0,0.55,5,3,0,4.9923,1.0,wave,UNKNOWN,UNKNOWN,0.29,0,67.511
2019,48.1152,,0,5.0,0.55,5,3,0,4.9841,1.0,wave,UNKNOWN,UNKNOWN,0.29,0,67.896
2020,48.1292,,0,5.0,0.55,5,3,0,4.998,1.0,wave,UNKNOWN,UNKNOWN,0.29,0,69.147
2021,48.1414,,0,5.0,0.55,5,3,0,4.9963,1.0,wave,UNKNOWN,UNKNOWN,0.29,0,70.715
2022,48.1534,,0,5.0,0.55,5,3,0,4.9906,1.0,wave,UNKNOWN,UNKNOWN,0.29,0,70.79
2023,48.1673,,0,5.0,0.55,5,3,0,4.8744,1.0,wave,UNKNOWN,UNKNOWN,0.29,0,70.26
2024,48.1826,,0,5.0,0.55,5,3,0,4.8896,1.0,wave,UNKNOWN,UNKNOWN,0.29,0,70.342
2025,48.1967,,0,5.0,0.55,5,3,0,4.9037,1.0,wave,UNKNOWN,UNKNOWN,0.29,0,71.096
2026,48.2097,,0,5.0,0.55,5,3,0,4.9167,1.0,wave,UNKNOWN,UNKNOWN,0.29,0,72.229
2027,48.2216,,0,5.0,0.55,5,3,0,4.9286,1.0,wave,UNKNOWN,UNKNOWN,0.29,0,69.781
2028,48.2428,,0,5.0,0.55,5,3,0,4.9498,1.0,wave,UNKNOWN,UNKNOWN,0.29,0,70.918
2029,48.2549,,0,5.0,0.55,5,3,0,4.9619,1.0,wave,UNKNOWN,UNKNOWN,0.29,0,71.572
2030,48.2678,,0,5.0,0.55,5,3,0,4.9748,1.0,wave,UNKNOWN,UNKNOWN,0.29,0,71.737
2031,48.2814,,0,5.0,0.55,5,3,0,4.9885,1.0,wave,UNKNOWN,UNKNOWN,0.29,0,72.528
2032,48.294,,0,5.0,0.55,5,3,0,4.9831,1.0,wave,UNKNOWN,UNKNOWN,0.2667,1,67.141
2033,48.348,,0,5.0,0.55,5,3,0,4.9941,1.0,wave,UNKNOWN,UNKNOWN,0.2667,0,66.447
2034,48.3644,,0,5.0,0.55,5,3,0,4.989,1.0,wave,UNKNOWN,UNKNOWN,0.2667,0,66.706
2035,48.3787,,0,5.0,0.55,5,3,0,4.9888,1.0,wave,UNKNOWN,UNKNOWN,0.2667,0,67.335
2036,48.3926,,0,5.0,0.55,5,3,0,4.9907,1.0,wave,UNKNOWN,UNKNOWN,0.2667,0,68.824
2037,48.4048,,0,5.0,0.55,5,3,0,4.9905,1.0,wave,UNKNOWN,UNKNOWN,0.2667,0,69.344
2038,48.418,,0,5.0,0.55,5,3,0,4.9438,1.0,wave,UNKNOWN,UNKNOWN,0.2667,0,69.833
2039,48.4316,,0,5.0,0.55,5,3,0,4.9574,1.0,wave,UNKNOWN,UNKNOWN,0.2667,0,69.734
2040,48.4461,,0,5.0,0.55,5,3,0,4.972,1.0,wave,UNKNOWN,UNKNOWN,0.2667,0,67.145
2041,48.4689,,0,5.0,0.55,5,3,0,4.9947,1.0,wave,UNKNOWN,UNKNOWN,0.2667,0,67.966
2042,48.4821,,0,5.0,0.55,5,3,0,4.9931,1.0,wave,UNKNOWN,UNKNOWN,0.2667,0,68.338
2043,48.4963,,0,5.0,0.55,5,3,0,4.9944,1.0,wave,UNKNOWN,UNKNOWN,0.2667,0,68.715
2044,48.5102,,0,5.0,0.55,5,3,0,4.9924,1.0,wave,UNKNOWN,UNKNOWN,0.2667,0,69.621
2045,48.523,,0,5.0,0.55,5,3,0,4.9927,1.0,wave,UNKNOWN,UNKNOWN,0.2667,0,70.576
2046,48.5355,,0,5.0,0.55,5,3,0,4.9916,1.0,wave,UNKNOWN,UNKNOWN,0.2667,0,71.277
2047,48.5484,,0,5.0,0.55,5,3,0,4.9899,1.0,wave,UNKNOWN,UNKNOWN,0.3033,1,66.081
2048,48.6003,,0,5.0,0.55,5,3,0,4.9906,1.0,wave,UNKNOWN,UNKNOWN,0.3033,0,67.336
2049,48.6129,,0,5.0,0.55,5,3,0,4.9892,1.0,wave,UNKNOWN,UNKNOWN,0.3033,0,68.904
2050,48.6249,,0,5.0,0.55,5,3,0,4.989,1.0,wave,UNKNOWN,UNKNOWN,0.3033,0,69.494
2051,48.6383,,0,5.0,0.55,5,3,0,4.9902,1.0,wave,UNKNOWN,UNKNOWN,0.3033,0,70.394
2052,48.6509,,0,5.0,0.55,5,3,0,4.9881,1.0,wave,UNKNOWN,UNKNOWN,0.3033,0,70.857
2053,48.6643,,0,5.0,0.55,5,3,0,4.9875,1.0,wave,UNKNOWN,UNKNOWN,0.3033,0,71.548
2054,48.6773,,0,5.0,0.55,5,3,0,4.9493,1.0,wave,UNKNOWN,UNKNOWN,0.3033,0,72.662
2055,48.6896,,0,5.0,0.55,5,3,0,4.9615,1.0,wave,UNKNOWN,UNKNOWN,0.3033,0,72.466
2056,48.7035,,0,5.0,0.55,5,3,0,4.9754,1.0,wave,UNKNOWN,UNKNOWN,0.3033,0,69.781
2057,48.7257,,0,5.0,0.55,5,3,0,4.9976,1.0,wave,UNKNOWN,UNKNOWN,0.3033,0,69.339
2058,48.7408,,0,5.0,0.55,5,3,0,4.9978,1.0,wave,UNKNOWN,UNKNOWN,0.3033,0,70.211
2059,48.7535,,0,5.0,0.55,5,3,0,4.9977,1.0,wave,UNKNOWN,UNKNOWN,0.3033,0,70.967
2060,48.7663,,0,5.0,0.55,5,3,0,4.9988,1.0,wave,UNKNOWN,UNKNOWN,0.3033,0,70.195
2061,48.7822,,0,5.0,0.55,5,3,0,4.9987,1.0,wave,UNKNOWN,UNKNOWN,0.3033,0,70.032
2062,48.7967,,0,5.0,0.55,5,3,0,4.991,1.0,wave,UNKNOWN,UNKNOWN,0.3033,0,70.727
2063,48.8098,,0,5.0,0.55,5,3,0,4.9921,1.0,wave,UNKNOWN,UNKNOWN,0.2967,1,65.455
2064,48.8655,,0,5.0,0.55,5,3,0,4.9948,1.0,wave,UNKNOWN,UNKNOWN,0.2967,0,65.071
2065,48.8814,,0,5.0,0.55,5,3,0,4.9993,1.0,wave,UNKNOWN,UNKNOWN,0.2967,0,66.534
2066,48.894,,0,5.0,0.55,5,3,0,4.9986,1.0,wave,UNKNOWN,UNKNOWN,0.2967,0,68.079
2067,48.9062,,0,5.0,0.55,5,3,0,4.9971,1.0,wave,UNKNOWN,UNKNOWN,0.2967,0,68.78
2068,48.9196,,0,5.0,0.55,5,3,0,4.9958,1.0,wave,UNKNOWN,UNKNOWN,0.2967,0,69.33
2069,48.933,,0,5.0,0.55,5,3,0,4.9977,1.0,wave,UNKNOWN,UNKNOWN,0.2967,0,69.482
2070,48.9471,,0,5.0,0.55,5,3,0,4.9619,1.0,wave,UNKNOWN,UNKNOWN,0.2967,0,69.031
2071,48.9626,,0,5.0,0.55,5,3,0,4.9774,1.0,wave,UNKNOWN,UNKNOWN,0.2967,0,69.568
2072,48.9761,,0,5.0,0.55,5,3,0,4.9909,1.0,wave,UNKNOWN,UNKNOWN,0.2967,0,70.736
2073,48.9883,,0,5.0,0.55,5,3,0,4.9906,1.0,wave,UNKNOWN,UNKNOWN,0.2967,0,71.088
2074,49.0017,,0,5.0,0.55,5,3,0,4.9912,1.0,wave,UNKNOWN,UNKNOWN,0.2967,0,71.079
2075,49.0158,,0,5.0,0.55,5,3,0,4.9892,1.0,wave,UNKNOWN,UNKNOWN,0.2967,0,70.578
2076,49.0309,,0,5.0,0.55,5,3,0,4.9844,1.0,wave,UNKNOWN,UNKNOWN,0.2967,0,70.681
2077,49.0449,,0,5.0,0.55,5,3,0,4.9984,1.0,wave,UNKNOWN,UNKNOWN,0.2967,0,71.912
2078,49.0575,,0,5.0,0.55,5,3,0,4.9919,1.0,wave,UNKNOWN,UNKNOWN,0.2967,0,72.171
2079,49.0703,,0,5.0,0.55,5,3,0,4.9842,1.0,wave,UNKNOWN,UNKNOWN,0.3233,1,66.903
2080,49.122,,0,5.0,0.55,5,3,0,4.9959,1.0,wave,UNKNOWN,UNKNOWN,0.3233,0,67.406
2081,49.1356,,0,5.0,0.55,5,3,0,4.9972,1.0,wave,UNKNOWN,UNKNOWN,0.3233,0,66.291
2082,49.1534,,0,5.0,0.55,5,3,0,4.9821,1.0,wave,UNKNOWN,UNKNOWN,0.3233,0,64.59
2083,49.174,,0,5.0,0.55,5,3,0,4.9797,1.0,wave,UNKNOWN,UNKNOWN,0.3233,0,65.221
2084,49.1878,,0,5.0,0.55,5,3,0,4.9936,1.0,wave,UNKNOWN,UNKNOWN,0.3233,0,64.825
2085,49.2043,,0,5.0,0.55,5,3,0,4.9533,1.0,wave,UNKNOWN,UNKNOWN,0.3233,0,63.143
2086,49.225,,0,5.0,0.55,5,3,0,4.9741,1.0,wave,UNKNOWN,UNKNOWN,0.3233,0,63.306
2087,49.2405,,0,5.0,0.55,5,3,0,4.9895,1.0,wave,UNKNOWN,UNKNOWN,0.3233,0,64.435
2088,49.2538,,0,5.0,0.55,5,3,0,4.9879,1.0,wave,UNKNOWN,UNKNOWN,0.3233,0,65.383
2089,49.2672,,0,5.0,0.55,5,3,0,4.9838,1.0,wave,UNKNOWN,UNKNOWN,0.3233,0,66.159
2090,49.281,,0,5.0,0.55,5,3,0,4.9975,1.0,wave,UNKNOWN,UNKNOWN,0.3233,0,67.89
2091,49.2929,,0,5.0,0.55,5,3,0,4.9969,1.0,wave,UNKNOWN,UNKNOWN,0.3233,0,69.463
2092,49.3049,,0,5.0,0.55,5,3,0,4.9965,1.0,wave,UNKNOWN,UNKNOWN,0.3233,0,70.255
2093,49.3177,,0,5.0,0.55,5,3,0,4.9936,1.0,wave,UNKNOWN,UNKNOWN,0.3233,0,69.002
2094,49.3352,,0,5.0,0.55,5,3,0,4.9976,1.0,wave,UNKNOWN,UNKNOWN,0.3,1,64.031
2095,49.3872,,0,5.0,0.55,5,3,0,4.9892,1.0,wave,UNKNOWN,UNKNOWN,0.3,0,64.376
2096,49.4018,,0,5.0,0.55,5,3,0,4.9916,1.0,wave,UNKNOWN,UNKNOWN,0.3,0,65.857
2097,49.4145,,0,5.0,0.55,5,3,0,4.9913,1.0,wave,UNKNOWN,UNKNOWN,0.3,0,66.391
2098,49.4285,,0,5.0,0.55,5,3,0,4.9912,1.0,wave,UNKNOWN,UNKNOWN,0.3,0,67.557
2099,49.4415,,0,5.0,0.55,5,3,0,4.9912,1.0,wave,UNKNOWN,UNKNOWN,0.3,0,68.238
2100,49.4548,,0,5.0,0.55,5,3,0,4.9531,1.0,wave,UNKNOWN,UNKNOWN,0.3,0,68.74
2101,49.4684,,0,5.0,0.55,5,3,0,4.9666,1.0,wave,UNKNOWN,UNKNOWN,0.3,0,68.627
2102,49.4832,,0,5.0,0.55,5,3,0,4.9815,1.0,wave,UNKNOWN,UNKNOWN,0.3,0,69.292
2103,49.4967,,0,5.0,0.55,5,3,0,4.995,1.0,wave,UNKNOWN,UNKNOWN,0.3,0,69.256
2104,49.5115,,0,5.0,0.55,5,3,0,4.9974,1.0,wave,UNKNOWN,UNKNOWN,0.3,0,70.17
2105,49.5238,,0,5.0,0.55,5,3,0,4.9973,1.0,wave,UNKNOWN,UNKNOWN,0.3,0,70.596
2106,49.5371,,0,5.0,0.55,5,3,0,4.998,1.0,wave,UNKNOWN,UNKNOWN,0.3,0,70.965
2107,49.5506,,0,5.0,0.55,5,3,0,4.9987,1.0,wave,UNKNOWN,UNKNOWN,0.3,0,71.742
2108,49.5633,,0,5.0,0.55,5,3,0,4.9916,1.0,wave,UNKNOWN,UNKNOWN,0.3,0,72.883
2109,49.5755,,0,5.0,0.55,5,3,0,4.9844,1.0,wave,UNKNOWN,UNKNOWN,0.3,0,73.815
2110,49.5874,,0,5.0,0.55,5,3,0,4.9963,1.0,wave,UNKNOWN,UNKNOWN,0.3,1,68.387
2111,49.6394,,0,5.0,0.55,5,3,0,4.9883,1.0,wave,UNKNOWN,UNKNOWN,0.3,0,67.893
2112,49.6546,,0,5.0,0.55,5,3,0,4.9904,1.0,wave,UNKNOWN,UNKNOWN,0.3,0,68.159
2113,49.6688,,0,5.0,0.55,5,3,0,4.9917,1.0,wave,UNKNOWN,UNKNOWN,0.3,0,68.985
2114,49.6817,,0,5.0,0.55,5,3,0,4.9917,1.0,wave,UNKNOWN,UNKNOWN,0.3,0,69.869
2115,49.6945,,0,5.0,0.55,5,3,0,4.9856,1.0,wave,UNKNOWN,UNKNOWN,0.3,0,71.056
2116,49.7068,,0,5.0,0.55,5,3,0,4.9979,1.0,wave,UNKNOWN,UNKNOWN,0.3,0,70.441
2117,49.7222,,0,5.0,0.55,5,3,0,4.9569,1.0,wave,UNKNOWN,UNKNOWN,0.3,0,70.665
2118,49.7358,,0,5.0,0.55,5,3,0,4.9705,1.0,wave,UNKNOWN,UNKNOWN,0.3,0,71.326
2119,49.7491,,0,5.0,0.55,5,3,0,4.9837,1.0,wave,UNKNOWN,UNKNOWN,0.3,0,69.027
2120,49.7696,,0,5.0,0.55,5,3,0,4.9898,1.0,wave,UNKNOWN,UNKNOWN,0.3,0,69.825
2121,49.7828,,0,5.0,0.55,5,3,0,4.9898,1.0,wave,UNKNOWN,UNKNOWN,0.3,0,70.253
2122,49.796,,0,5.0,0.55,5,3,0,4.9831,1.0,wave,UNKNOWN,UNKNOWN,0.3,0,71.092
2123,49.8088,,0,5.0,0.55,5,3,0,4.9959,1.0,wave,UNKNOWN,UNKNOWN,0.3,0,68.918
2124,49.8292,,0,5.0,0.55,5,3,0,4.9956,1.0,wave,UNKNOWN,UNKNOWN,0.3,0,70.131
2125,49.8416,,0,5.0,0.55,5,3,0,4.9943,1.0,wave,UNKNOWN,UNKNOWN,0.28,1,65.1
2126,49.8921,,0,5.0,0.55,5,3,0,4.9867,1.0,wave,UNKNOWN,UNKNOWN,0.28,0,66.045
2127,49.9055,,0,5.0,0.55,5,3,0,4.9818,1.0,wave,UNKNOWN,UNKNOWN,0.28,0,67.157
2128,49.9182,,0,5.0,0.55,5,3,0,4.9945,1.0,wave,UNKNOWN,UNKNOWN,0.28,0,68.247
2129,49.931,,0,5.0,0.55,5,3,0,4.9922,1.0,wave,UNKNOWN,UNKNOWN,0.28,0,68.684
2130,49.9448,,0,5.0,0.55,5,3,0,4.9913,1.0,wave,UNKNOWN,UNKNOWN,0.28,0,68.13
2131,49.9606,,0,5.0,0.55,5,3,0,4.992,1.0,wave,UNKNOWN,UNKNOWN,0.28,0,68.318
2132,49.9752,,0,5.0,0.55,5,3,0,4.9551,1.0,wave,UNKNOWN,UNKNOWN,0.28,0,68.945
2133,49.9884,,0,5.0,0.55,5,3,0,4.9683,1.0,wave,UNKNOWN,UNKNOWN,0.28,0,69.667
2134,50.0017,,0,5.0,0.55,5,3,0,4.9815,1.0,wave,UNKNOWN,UNKNOWN,0.28,0,68.714
2135,50.0181,,0,5.0,0.55,5,3,0,4.998,1.0,wave,UNKNOWN,UNKNOWN,0.28,0,66.695
2136,50.0389,,0,5.0,0.55,5,3,0,4.9941,1.0,wave,UNKNOWN,UNKNOWN,0.28,0,64.97
2137,50.0591,,0,5.0,0.55,5,3,0,4.9813,1.0,wave,UNKNOWN,UNKNOWN,0.28,0,63.478
2138,50.0791,,0,5.0,0.55,5,3,0,4.9797,1.0,wave,UNKNOWN,UNKNOWN,0.28,0,64.516
2139,50.0925,,0,5.0,0.55,5,3,0,4.9931,1.0,wave,UNKNOWN,UNKNOWN,0.28,1,60.069
2140,50.1426,,0,5.0,0.55,5,3,0,4.9919,1.0,wave,UNKNOWN,UNKNOWN,0.28,0,61.924
2141,50.1551,,0,5.0,0.55,5,3,0,4.9919,1.0,wave,UNKNOWN,UNKNOWN,0.28,0,63.616
2142,50.1677,,0,5.0,0.55,5,3,0,4.992,1.0,wave,UNKNOWN,UNKNOWN,0.28,0,64.301
2143,50.1818,,0,5.0,0.55,5,3,0,4.9933,1.0,wave,UNKNOWN,UNKNOWN,0.28,0,65.148
2144,50.1956,,0,5.0,0.55,5,3,0,4.993,1.0,wave,UNKNOWN,UNKNOWN,0.28,0,66.487
2145,50.2087,,0,5.0,0.55,5,3,0,4.9931,1.0,wave,UNKNOWN,UNKNOWN,0.28,0,67.616
2146,50.2213,,0,5.0,0.55,5,3,0,4.9932,1.0,wave,UNKNOWN,UNKNOWN,0.28,0,68.422
2147,50.2343,,0,5.0,0.55,5,3,0,4.9522,1.0,wave,UNKNOWN,UNKNOWN,0.28,0,69.85
2148,50.2466,,0,5.0,0.55,5,3,0,4.9645,1.0,wave,UNKNOWN,UNKNOWN,0.28,0,69.391
2149,50.2619,,0,5.0,0.55,5,3,0,4.9798,1.0,wave,UNKNOWN,UNKNOWN,0.28,0,69.852
2150,50.2756,,0,5.0,0.55,5,3,0,4.9935,1.0,wave,UNKNOWN,UNKNOWN,0.28,0,71.15
2151,50.2874,,0,5.0,0.55,5,3,0,4.9864,1.0,wave,UNKNOWN,UNKNOWN,0.28,0,72.472
2152,50.2993,,0,5.0,0.55,5,3,0,4.9983,1.0,wave,UNKNOWN,UNKNOWN,0.28,0,72.787
2153,50.3125,,0,5.0,0.55,5,3,0,4.9971,1.0,wave,UNKNOWN,UNKNOWN,0.28,0,72.804
2154,50.3262,,0,5.0,0.55,5,3,0,4.9972,1.0,wave,UNKNOWN,UNKNOWN,0.28,0,72.168
2155,50.3414,,0,5.0,0.55,5,3,0,4.9989,1.0,wave,UNKNOWN,UNKNOWN,0.28,0,73.129
2156,50.3538,,0,5.0,0.55,5,3,0,4.9991,1.0,wave,UNKNOWN,UNKNOWN,0.2833,1,67.597
2157,50.4097,,0,5.0,0.55,5,3,0,4.9866,1.0,wave,UNKNOWN,UNKNOWN,0.2833,0,66.857
2158,50.4264,,0,5.0,0.55,5,3,0,4.9909,1.0,wave,UNKNOWN,UNKNOWN,0.2833,0,65.764
2159,50.4446,,0,5.0,0.55,5,3,0,4.992,1.0,wave,UNKNOWN,UNKNOWN,0.2833,0,66.491
2160,50.4582,,0,5.0,0.55,5,3,0,4.9927,1.0,wave,UNKNOWN,UNKNOWN,0.2833,0,64.877
2161,50.4778,,0,5.0,0.55,5,3,0,4.9975,1.0,wave,UNKNOWN,UNKNOWN,0.2833,0,63.896
2162,50.4959,,0,5.0,0.55,5,3,0,4.963,1.0,wave,UNKNOWN,UNKNOWN,0.2833,0,62.951
2163,50.5146,,0,5.0,0.55,5,3,0,4.9817,1.0,wave,UNKNOWN,UNKNOWN,0.2833,0,63.722
2164,50.5284,,0,5.0,0.55,5,3,0,4.9956,1.0,wave,UNKNOWN,UNKNOWN,0.2833,0,65.61
2165,50.5405,,0,5.0,0.55,5,3,0,4.9952,1.0,wave,UNKNOWN,UNKNOWN,0.2833,0,66.649
2166,50.5536,,0,5.0,0.55,5,3,0,4.9953,1.0,wave,UNKNOWN,UNKNOWN,0.2833,0,68.383
2167,50.5656,,0,5.0,0.55,5,3,0,4.9947,1.0,wave,UNKNOWN,UNKNOWN,0.2833,0,68.119
2168,50.5809,,0,5.0,0.55,5,3,0,4.9967,1.0,wave,UNKNOWN,UNKNOWN,0.2833,0,68.977
2169,50.5938,,0,5.0,0.55,5,3,0,4.9954,1.0,wave,UNKNOWN,UNKNOWN,0.2833,0,70.301
2170,50.606,,0,5.0,0.55,5,3,0,4.995,1.0,wave,UNKNOWN,UNKNOWN,0.2833,1,65.085
2171,50.6615,,0,5.0,0.55,5,3,0,4.9996,1.0,wave,UNKNOWN,UNKNOWN,0.2833,0,64.261
2172,50.6787,,0,5.0,0.55,5,3,0,4.9905,1.0,wave,UNKNOWN,UNKNOWN,0.2833,0,62.602
2173,50.6997,,0,5.0,0.55,5,3,0,4.9967,1.0,wave,UNKNOWN,UNKNOWN,0.2833,0,62.745
2174,50.7153,,0,5.0,0.55,5,3,0,4.9994,1.0,wave,UNKNOWN,UNKNOWN,0.2833,0,63.708
2175,50.7291,,0,5.0,0.55,5,3,0,4.9982,1.0,wave,UNKNOWN,UNKNOWN,0.2833,0,65.026
2176,50.7423,,0,5.0,0.55,5,3,0,4.9552,1.0,wave,UNKNOWN,UNKNOWN,0.2833,0,66.558
2177,50.7545,,0,5.0,0.55,5,3,0,4.9675,1.0,wave,UNKNOWN,UNKNOWN,0.2833,0,64.729
2178,50.7756,,0,5.0,0.55,5,3,0,4.9885,1.0,wave,UNKNOWN,UNKNOWN,0.2833,0,65.596
2179,50.789,,0,5.0,0.55,5,3,0,4.9857,1.0,wave,UNKNOWN,UNKNOWN,0.2833,0,67.197
2180,50.8013,,0,5.0,0.55,5,3,0,4.9979,1.0,wave,UNKNOWN,UNKNOWN,0.2833,0,67.77
2181,50.815,,0,5.0,0.55,5,3,0,4.9991,1.0,wave,UNKNOWN,UNKNOWN,0.2833,0,68.369
2182,50.8284,,0,5.0,0.55,5,3,0,4.9854,1.0,wave,UNKNOWN,UNKNOWN,0.2833,0,69.517
2183,50.8411,,0,5.0,0.55,5,3,0,4.9981,1.0,wave,UNKNOWN,UNKNOWN,0.2833,0,70.782
2184,50.8532,,0,5.0,0.55,5,3,0,4.9974,1.0,wave,UNKNOWN,UNKNOWN,0.2833,0,71.694
2185,50.8655,,0,5.0,0.55,5,3,0,4.9962,1.0,wave,UNKNOWN,UNKNOWN,0.3067,1,66.538
2186,50.9156,,0,5.0,0.55,5,3,0,4.9858,1.0,wave,UNKNOWN,UNKNOWN,0.3067,0,66.436
2187,50.9306,,0,5.0,0.55,5,3,0,4.988,1.0,wave,UNKNOWN,UNKNOWN,0.3067,0,66.658
2188,50.9452,,0,5.0,0.55,5,3,0,4.9894,1.0,wave,UNKNOWN,UNKNOWN,0.3067,0,66.557
2189,50.9606,,0,5.0,0.55,5,3,0,4.9856,1.0,wave,UNKNOWN,UNKNOWN,0.3067,0,68.101
2190,50.9729,,0,5.0,0.55,5,3,0,4.9978,1.0,wave,UNKNOWN,UNKNOWN,0.3067,0,68.424
2191,50.9866,,0,5.0,0.55,5,3,0,4.9988,1.0,wave,UNKNOWN,UNKNOWN,0.3067,0,66.303
2192,51.0084,,0,5.0,0.55,5,3,0,4.9579,1.0,wave,UNKNOWN,UNKNOWN,0.3067,0,66.761
2193,51.022,,0,5.0,0.55,5,3,0,4.9716,1.0,wave,UNKNOWN,UNKNOWN,0.3067,0,66.874
2194,51.0367,,0,5.0,0.55,5,3,0,4.9862,1.0,wave,UNKNOWN,UNKNOWN,0.3067,0,67.634
2195,51.0501,,0,5.0,0.55,5,3,0,4.9996,1.0,wave,UNKNOWN,UNKNOWN,0.3067,0,67.712
2196,51.0648,,0,5.0,0.55,5,3,0,4.9994,1.0,wave,UNKNOWN,UNKNOWN,0.3067,0,66.98
2197,51.0813,,0,5.0,0.55,5,3,0,4.9803,1.0,wave,UNKNOWN,UNKNOWN,0.3067,0,66.99
2198,51.0961,,0,5.0,0.55,5,3,0,4.9952,1.0,wave,UNKNOWN,UNKNOWN,0.3067,0,68.496
2199,51.1086,,0,5.0,0.55,5,3,0,4.9941,1.0,wave,UNKNOWN,UNKNOWN,0.3067,0,69.312
2200,51.1213,,0,5.0,0.55,5,3,0,4.993,1.0,wave,UNKNOWN,UNKNOWN,0.3,1,64.33
2201,51.1734,,0,5.0,0.55,5,3,0,4.997,1.0,wave,UNKNOWN,UNKNOWN,0.3,0,64.162
2202,51.1888,,0,5.0,0.55,5,3,0,4.9995,1.0,wave,UNKNOWN,UNKNOWN,0.3,0,65.459
2203,51.2016,,0,5.0,0.55,5,3,0,4.9984,1.0,wave,UNKNOWN,UNKNOWN,0.3,0,66.011
2204,51.2158,,0,5.0,0.55,5,3,0,4.9998,1.0,wave,UNKNOWN,UNKNOWN,0.3,0,66.404
2205,51.23,,0,5.0,0.55,5,3,0,4.9883,1.0,wave,UNKNOWN,UNKNOWN,0.3,0,68.174
2206,51.2423,,0,5.0,0.55,5,3,0,4.9498,1.0,wave,UNKNOWN,UNKNOWN,0.3,0,69.091
2207,51.2547,,0,5.0,0.55,5,3,0,4.9623,1.0,wave,UNKNOWN,UNKNOWN,0.3,0,69.669
2208,51.2682,,0,5.0,0.55,5,3,0,4.9757,1.0,wave,UNKNOWN,UNKNOWN,0.3,0,70.177
2209,51.2819,,0,5.0,0.55,5,3,0,4.9895,1.0,wave,UNKNOWN,UNKNOWN,0.3,0,70.514
2210,51.2951,,0,5.0,0.55,5,3,0,4.9883,1.0,wave,UNKNOWN,UNKNOWN,0.3,0,71.908
2211,51.307,,0,5.0,0.55,5,3,0,4.9855,1.0,wave,UNKNOWN,UNKNOWN,0.3,0,70.956
2212,51.3238,,0,5.0,0.55,5,3,0,4.9878,1.0,wave,UNKNOWN,UNKNOWN,0.3,0,70.79
2213,51.3374,,0,5.0,0.55,5,3,0,4.9887,1.0,wave,UNKNOWN,UNKNOWN,0.3,0,70.666
2214,51.3518,,0,5.0,0.55,5,3,0,4.9896,1.0,wave,UNKNOWN,UNKNOWN,0.3,0,70.379
2215,51.3666,,0,5.0,0.55,5,3,0,4.9872,1.0,wave,UNKNOWN,UNKNOWN,0.3,0,69.607
2216,51.3826,,0,5.0,0.55,5,3,0,4.9874,1.0,wave,UNKNOWN,UNKNOWN,0.2933,1,64.221
2217,51.4465,,0,5.0,0.55,5,3,0,4.9879,1.0,wave,UNKNOWN,UNKNOWN,0.2933,0,65.967
2218,51.4583,,0,5.0,0.55,5,3,0,4.9997,1.0,wave,UNKNOWN,UNKNOWN,0.2933,0,67.321
2219,51.4709,,0,5.0,0.55,5,3,0,4.9884,1.0,wave,UNKNOWN,UNKNOWN,0.2933,0,68.646
2220,51.4835,,0,5.0,0.55,5,3,0,4.9877,1.0,wave,UNKNOWN,UNKNOWN,0.2933,0,68.939
2221,51.4973,,0,5.0,0.55,5,3,0,4.9485,1.0,wave,UNKNOWN,UNKNOWN,0.2933,0,70.817
2222,51.509,,0,5.0,0.55,5,3,0,4.9603,1.0,wave,UNKNOWN,UNKNOWN,0.2933,0,71.466
2223,51.5218,,0,5.0,0.55,5,3,0,4.973,1.0,wave,UNKNOWN,UNKNOWN,0.2933,0,71.529
2224,51.5355,,0,5.0,0.55,5,3,0,4.9867,1.0,wave,UNKNOWN,UNKNOWN,0.2933,0,71.996
2225,51.5486,,0,5.0,0.55,5,3,0,4.9998,1.0,wave,UNKNOWN,UNKNOWN,0.2933,0,72.946
2226,51.561,,0,5.0,0.55,5,3,0,4.9985,1.0,wave,UNKNOWN,UNKNOWN,0.2933,0,74.189
2227,51.5725,,0,5.0,0.55,5,3,0,4.9971,1.0,wave,UNKNOWN,UNKNOWN,0.2933,0,74.2
2228,51.586,,0,5.0,0.55,5,3,0,4.9987,1.0,wave,UNKNOWN,UNKNOWN,0.2933,0,74.692
2229,51.5987,,0,5.0,0.55,5,3,0,4.9922,1.0,wave,UNKNOWN,UNKNOWN,0.2933,0,74.791
2230,51.6119,,0,5.0,0.55,5,3,0,4.9934,1.0,wave,UNKNOWN,UNKNOWN,0.2933,0,75.953
2231,51.6241,,0,5.0,0.55,5,3,0,4.9926,1.0,wave,UNKNOWN,UNKNOWN,0.2933,0,76.119
2232,51.6364,,0,5.0,0.55,5,3,0,4.9897,1.0,wave,UNKNOWN,UNKNOWN,0.31,1,70.452
2233,51.6882,,0,5.0,0.55,5,3,0,4.9949,1.0,wave,UNKNOWN,UNKNOWN,0.31,0,70.676
2234,51.7016,,0,5.0,0.55,5,3,0,4.9966,1.0,wave,UNKNOWN,UNKNOWN,0.31,0,68.436
2235,51.7224,,0,5.0,0.55,5,3,0,4.9872,1.0,wave,UNKNOWN,UNKNOWN,0.31,0,68.483
2236,51.7369,,0,5.0,0.55,5,3,0,4.9888,1.0,wave,UNKNOWN,UNKNOWN,0.31,0,68.825
2237,51.7506,,0,5.0,0.55,5,3,0,4.9505,1.0,wave,UNKNOWN,UNKNOWN,0.31,0,69.697
2238,51.7638,,0,5.0,0.55,5,3,0,4.9637,1.0,wave,UNKNOWN,UNKNOWN,0.31,0,68.349
2239,51.7814,,0,5.0,0.55,5,3,0,4.9813,1.0,wave,UNKNOWN,UNKNOWN,0.31,0,67.366
2240,51.7984,,0,5.0,0.55,5,3,0,4.9983,1.0,wave,UNKNOWN,UNKNOWN,0.31,0,65.498
2241,51.819,,0,5.0,0.55,5,3,0,4.9907,1.0,wave,UNKNOWN,UNKNOWN,0.31,0,63.776
2242,51.8403,,0,5.0,0.55,5,3,0,4.9979,1.0,wave,UNKNOWN,UNKNOWN,0.31,0,64.768
2243,51.8533,,0,5.0,0.55,5,3,0,4.9987,1.0,wave,UNKNOWN,UNKNOWN,0.31,0,66.371
2244,51.8657,,0,5.0,0.55,5,3,0,4.995,1.0,wave,UNKNOWN,UNKNOWN,0.31,0,67.745
2245,51.8784,,0,5.0,0.55,5,3,0,4.9944,1.0,wave,UNKNOWN,UNKNOWN,0.31,0,69.297
2246,51.8906,,0,5.0,0.55,5,3,0,4.9934,1.0,wave,UNKNOWN,UNKNOWN,0.2867,1,63.986
2247,51.9523,,0,5.0,0.55,5,3,0,4.9828,1.0,wave,UNKNOWN,UNKNOWN,0.2867,0,63.434
2248,51.969,,0,5.0,0.55,5,3,0,4.9994,1.0,wave,UNKNOWN,UNKNOWN,0.2867,0,64.794
2249,51.9819,,0,5.0,0.55,5,3,0,4.997,1.0,wave,UNKNOWN,UNKNOWN,0.2867,0,66.489
2250,51.9952,,0,5.0,0.55,5,3,0,4.9949,1.0,wave,UNKNOWN,UNKNOWN,0.2867,0,67.464
2251,52.0076,,0,5.0,0.55,5,3,0,4.9528,1.0,wave,UNKNOWN,UNKNOWN,0.2867,0,68.395
2252,52.0203,,0,5.0,0.55,5,3,0,4.9656,1.0,wave,UNKNOWN,UNKNOWN,0.2867,0,69.226
2253,52.0334,,0,5.0,0.55,5,3,0,4.9787,1.0,wave,UNKNOWN,UNKNOWN,0.2867,0,69.79
2254,52.0468,,0,5.0,0.55,5,3,0,4.9921,1.0,wave,UNKNOWN,UNKNOWN,0.2867,0,67.512
2255,52.0681,,0,5.0,0.55,5,3,0,4.986,1.0,wave,UNKNOWN,UNKNOWN,0.2867,0,65.651
2256,52.0885,,0,5.0,0.55,5,3,0,4.9937,1.0,wave,UNKNOWN,UNKNOWN,0.2867,0,66.941
2257,52.1012,,0,5.0,0.55,5,3,0,4.9935,1.0,wave,UNKNOWN,UNKNOWN,0.2867,0,64.987
2258,52.1223,,0,5.0,0.55,5,3,0,4.9992,1.0,wave,UNKNOWN,UNKNOWN,0.2867,0,66.156
2259,52.1354,,0,5.0,0.55,5,3,0,4.9983,1.0,wave,UNKNOWN,UNKNOWN,0.2867,0,64.378
2260,52.1561,,0,5.0,0.55,5,3,0,4.9894,1.0,wave,UNKNOWN,UNKNOWN,0.2867,1,59.89
2261,52.2076,,0,5.0,0.55,5,3,0,4.9975,1.0,wave,UNKNOWN,UNKNOWN,0.2867,0,61.829
2262,52.2198,,0,5.0,0.55,5,3,0,4.9966,1.0,wave,UNKNOWN,UNKNOWN,0.2867,0,63.698
2263,52.2323,,0,5.0,0.55,5,3,0,4.9958,1.0,wave,UNKNOWN,UNKNOWN,0.2867,0,65.339
2264,52.2451,,0,5.0,0.55,5,3,0,4.995,1.0,wave,UNKNOWN,UNKNOWN,0.2867,0,66.806
2265,52.2579,,0,5.0,0.55,5,3,0,4.9953,1.0,wave,UNKNOWN,UNKNOWN,0.2867,0,67.761
2266,52.2703,,0,5.0,0.55,5,3,0,4.9558,1.0,wave,UNKNOWN,UNKNOWN,0.2867,0,69.138
2267,52.2826,,0,5.0,0.55,5,3,0,4.968,1.0,wave,UNKNOWN,UNKNOWN,0.2867,0,70.573
2268,52.2945,,0,5.0,0.55,5,3,0,4.9799,1.0,wave,UNKNOWN,UNKNOWN,0.2867,0,71.924
2269,52.3065,,0,5.0,0.55,5,3,0,4.992,1.0,wave,UNKNOWN,UNKNOWN,0.2867,0,71.995
2270,52.3203,,0,5.0,0.55,5,3,0,4.985,1.0,wave,UNKNOWN,UNKNOWN,0.2867,0,72.811
2271,52.3327,,0,5.0,0.55,5,3,0,4.9974,1.0,wave,UNKNOWN,UNKNOWN,0.2867,0,73.438
2272,52.3454,,0,5.0,0.55,5,3,0,4.9964,1.0,wave,UNKNOWN,UNKNOWN,0.2867,0,74.561
2273,52.3575,,0,5.0,0.55,5,3,0,4.995,1.0,wave,UNKNOWN,UNKNOWN,0.2867,0,75.147
2274,52.3695,,0,5.0,0.55,5,3,0,4.9944,1.0,wave,UNKNOWN,UNKNOWN,0.2867,0,74.973
2275,52.3837,,0,5.0,0.55,5,3,0,4.9964,1.0,wave,UNKNOWN,UNKNOWN,0.2867,0,74.921
2276,52.3968,,0,5.0,0.55,5,3,0,4.9882,1.0,wave,UNKNOWN,UNKNOWN,0.2867,0,75.977
2277,52.4083,,0,5.0,0.55,5,3,0,4.9997,1.0,wave,UNKNOWN,UNKNOWN,0.2967,1,70.359
2278,52.4593,,0,5.0,0.55,5,3,0,4.997,1.0,wave,UNKNOWN,UNKNOWN,0.2967,0,68.463
2279,52.4784,,0,5.0,0.55,5,3,0,4.9905,1.0,wave,UNKNOWN,UNKNOWN,0.2967,0,66.898
2280,52.4973,,0,5.0,0.55,5,3,0,4.9963,1.0,wave,UNKNOWN,UNKNOWN,0.2967,0,65.951
2281,52.5147,,0,5.0,0.55,5,3,0,4.9486,1.0,wave,UNKNOWN,UNKNOWN,0.2967,0,64.816
2282,52.5332,,0,5.0,0.55,5,3,0,4.9671,1.0,wave,UNKNOWN,UNKNOWN,0.2967,0,66.231
2283,52.5457,,0,5.0,0.55,5,3,0,4.9796,1.0,wave,UNKNOWN,UNKNOWN,0.2967,0,67.498
2284,52.5583,,0,5.0,0.55,5,3,0,4.9922,1.0,wave,UNKNOWN,UNKNOWN,0.2967,0,68.959
2285,52.5705,,0,5.0,0.55,5,3,0,4.9887,1.0,wave,UNKNOWN,UNKNOWN,0.2967,0,70.664
2286,52.5823,,0,5.0,0.55,5,3,0,4.9879,1.0,wave,UNKNOWN,UNKNOWN,0.2967,0,71.509
2287,52.5948,,0,5.0,0.55,5,3,0,4.9878,1.0,wave,UNKNOWN,UNKNOWN,0.2967,0,72.892
2288,52.6065,,0,5.0,0.55,5,3,0,4.9995,1.0,wave,UNKNOWN,UNKNOWN,0.2967,0,74.06
2289,52.6185,,0,5.0,0.55,5,3,0,4.9956,1.0,wave,UNKNOWN,UNKNOWN,0.2967,0,74.809
2290,52.6307,,0,5.0,0.55,5,3,0,4.9938,1.0,wave,UNKNOWN,UNKNOWN,0.2967,0,75.833
2291,52.6422,,0,5.0,0.55,5,3,0,4.9922,1.0,wave,UNKNOWN,UNKNOWN,0.2967,0,75.848
2292,52.6555,,0,5.0,0.55,5,3,0,4.9921,1.0,wave,UNKNOWN,UNKNOWN,0.2967,0,74.444
2293,52.6718,,0,5.0,0.55,5,3,0,4.995,1.0,wave,UNKNOWN,UNKNOWN,0.2833,1,69.002
2294,52.722,,0,5.0,0.55,5,3,0,4.994,1.0,wave,UNKNOWN,UNKNOWN,0.2833,0,69.357
2295,52.7355,,0,5.0,0.55,5,3,0,4.9947,1.0,wave,UNKNOWN,UNKNOWN,0.2833,0,69.895
2296,52.7492,,0,5.0,0.55,5,3,0,4.9969,1.0,wave,UNKNOWN,UNKNOWN,0.2833,0,67.852
2297,52.7691,,0,5.0,0.55,5,3,0,4.9902,1.0,wave,UNKNOWN,UNKNOWN,0.2833,0,68.079
2298,52.7833,,0,5.0,0.55,5,3,0,4.9495,1.0,wave,UNKNOWN,UNKNOWN,0.2833,0,69.693
2299,52.7958,,0,5.0,0.55,5,3,0,4.962,1.0,wave,UNKNOWN,UNKNOWN,0.2833,0,70.764
2300,52.8078,,0,5.0,0.55,5,3,0,4.9739,1.0,wave,UNKNOWN,UNKNOWN,0.2833,0,71.836
2301,52.8199,,0,5.0,0.55,5,3,0,4.9861,1.0,wave,UNKNOWN,UNKNOWN,0.2833,0,73.028
2302,52.8319,,0,5.0,0.55,5,3,0,4.998,1.0,wave,UNKNOWN,UNKNOWN,0.2833,0,74.557
2303,52.8432,,0,5.0,0.55,5,3,0,4.9967,1.0,wave,UNKNOWN,UNKNOWN,0.2833,0,75.279
2304,52.8554,,0,5.0,0.55,5,3,0,4.9941,1.0,wave,UNKNOWN,UNKNOWN,0.2833,0,75.963
2305,52.8676,,0,5.0,0.55,5,3,0,4.9944,1.0,wave,UNKNOWN,UNKNOWN,0.2833,0,76.218
2306,52.8808,,0,5.0,0.55,5,3,0,4.9948,1.0,wave,UNKNOWN,UNKNOWN,0.2833,0,76.4
2307,52.8933,,0,5.0,0.55,5,3,0,4.9926,1.0,wave,UNKNOWN,UNKNOWN,0.2833,0,76.915
2308,52.9053,,0,5.0,0.55,5,3,0,4.9903,1.0,wave,UNKNOWN,UNKNOWN,0.2833,0,76.701
2309,52.9187,,0,5.0,0.55,5,3,0,4.9904,1.0,wave,UNKNOWN,UNKNOWN,0.2833,0,76.479
2310,52.9322,,0,5.0,0.55,5,3,0,4.9916,1.0,wave,UNKNOWN,UNKNOWN,0.29,1,70.778
2311,52.9838,,0,5.0,0.55,5,3,0,4.9865,1.0,wave,UNKNOWN,UNKNOWN,0.29,0,70.523
2312,52.9982,,0,5.0,0.55,5,3,0,4.9856,1.0,wave,UNKNOWN,UNKNOWN,0.29,0,72.307
2313,53.0096,,0,5.0,0.55,5,3,0,4.997,1.0,wave,UNKNOWN,UNKNOWN,0.29,0,73.505
2314,53.0213,,0,5.0,0.55,5,3,0,4.9961,1.0,wave,UNKNOWN,UNKNOWN,0.29,0,74.435
2315,53.0334,,0,5.0,0.55,5,3,0,4.9962,1.0,wave,UNKNOWN,UNKNOWN,0.29,0,75.519
2316,53.0456,,0,5.0,0.55,5,3,0,4.9454,1.0,wave,UNKNOWN,UNKNOWN,0.29,0,76.264
2317,53.0572,,0,5.0,0.55,5,3,0,4.9571,1.0,wave,UNKNOWN,UNKNOWN,0.29,0,76.86
2318,53.0693,,0,5.0,0.55,5,3,0,4.9691,1.0,wave,UNKNOWN,UNKNOWN,0.29,0,77.611
2319,53.0812,,0,5.0,0.55,5,3,0,4.981,1.0,wave,UNKNOWN,UNKNOWN,0.29,0,78.852
2320,53.0929,,0,5.0,0.55,5,3,0,4.9927,1.0,wave,UNKNOWN,UNKNOWN,0.29,0,78.893
2321,53.1049,,0,5.0,0.55,5,3,0,4.9897,1.0,wave,UNKNOWN,UNKNOWN,0.29,0,77.299
2322,53.1209,,0,5.0,0.55,5,3,0,4.9917,1.0,wave,UNKNOWN,UNKNOWN,0.29,0,77.375
2323,53.1337,,0,5.0,0.55,5,3,0,4.9923,1.0,wave,UNKNOWN,UNKNOWN,0.29,0,78.072
2324,53.1455,,0,5.0,0.55,5,3,0,4.992,1.0,wave,UNKNOWN,UNKNOWN,0.29,0,78.508
2325,53.1575,,0,5.0,0.55,5,3,0,4.9902,1.0,wave,UNKNOWN,UNKNOWN,0.29,0,78.37
2326,53.1706,,0,5.0,0.55,5,3,0,4.9881,1.0,wave,UNKNOWN,UNKNOWN,0.29,0,78.719
2327,53.1828,,0,5.0,0.55,5,3,0,4.9861,1.0,wave,UNKNOWN,UNKNOWN,0.2867,1,72.789
2328,53.2347,,0,5.0,0.55,5,3,0,4.992,1.0,wave,UNKNOWN,UNKNOWN,0.2867,0,72.847
2329,53.248,,0,5.0,0.55,5,3,0,4.9931,1.0,wave,UNKNOWN,UNKNOWN,0.2867,0,71.143
2330,53.2659,,0,5.0,0.55,5,3,0,4.9981,1.0,wave,UNKNOWN,UNKNOWN,0.2867,0,71.49
2331,53.2794,,0,5.0,0.55,5,3,0,4.998,1.0,wave,UNKNOWN,UNKNOWN,0.2867,0,72.662
2332,53.2913,,0,5.0,0.55,5,3,0,4.9973,1.0,wave,UNKNOWN,UNKNOWN,0.2867,0,73.187
2333,53.3042,,0,5.0,0.55,5,3,0,4.9562,1.0,wave,UNKNOWN,UNKNOWN,0.2867,0,73.48
2334,53.3173,,0,5.0,0.55,5,3,0,4.9693,1.0,wave,UNKNOWN,UNKNOWN,0.2867,0,74.018
2335,53.33,,0,5.0,0.55,5,3,0,4.982,1.0,wave,UNKNOWN,UNKNOWN,0.2867,0,75.264
2336,53.3418,,0,5.0,0.55,5,3,0,4.9938,1.0,wave,UNKNOWN,UNKNOWN,0.2867,0,75.623
2337,53.3541,,0,5.0,0.55,5,3,0,4.9897,1.0,wave,UNKNOWN,UNKNOWN,0.2867,0,73.049
2338,53.3745,,0,5.0,0.55,5,3,0,4.9958,1.0,wave,UNKNOWN,UNKNOWN,0.2867,0,73.356
2339,53.3873,,0,5.0,0.55,5,3,0,4.9947,1.0,wave,UNKNOWN,UNKNOWN,0.2867,0,73.534
2340,53.4006,,0,5.0,0.55,5,3,0,4.9959,1.0,wave,UNKNOWN,UNKNOWN,0.2867,0,74.359
2341,53.4129,,0,5.0,0.55,5,3,0,4.9949,1.0,wave,UNKNOWN,UNKNOWN,0.2867,0,75.569
2342,53.4243,,0,5.0,0.55,5,3,0,4.9928,1.0,wave,UNKNOWN,UNKNOWN,0.2867,0,72.386
2343,53.4474,,0,5.0,0.55,5,3,0,4.9785,1.0,wave,UNKNOWN,UNKNOWN,0.28,1,67.05
2344,53.5005,,0,5.0,0.55,5,3,0,4.9903,1.0,wave,UNKNOWN,UNKNOWN,0.28,0,65.802
2345,53.5183,,0,5.0,0.55,5,3,0,4.9953,1.0,wave,UNKNOWN,UNKNOWN,0.28,0,64.22
2346,53.5383,,0,5.0,0.55,5,3,0,4.99,1.0,wave,UNKNOWN,UNKNOWN,0.28,0,63.513
2347,53.5558,,0,5.0,0.55,5,3,0,4.9554,1.0,wave,UNKNOWN,UNKNOWN,0.28,0,64.601
2348,53.5693,,0,5.0,0.55,5,3,0,4.969,1.0,wave,UNKNOWN,UNKNOWN,0.28,0,65.308
2349,53.5832,,0,5.0,0.55,5,3,0,4.9829,1.0,wave,UNKNOWN,UNKNOWN,0.28,0,66.479
2350,53.5965,,0,5.0,0.55,5,3,0,4.9961,1.0,wave,UNKNOWN,UNKNOWN,0.28,0,68.023
2351,53.6087,,0,5.0,0.55,5,3,0,4.9959,1.0,wave,UNKNOWN,UNKNOWN,0.28,0,68.698
2352,53.6217,,0,5.0,0.55,5,3,0,4.9968,1.0,wave,UNKNOWN,UNKNOWN,0.28,0,69.343
2353,53.635,,0,5.0,0.55,5,3,0,4.9966,1.0,wave,UNKNOWN,UNKNOWN,0.28,0,69.541
2354,53.6491,,0,5.0,0.55,5,3,0,4.9982,1.0,wave,UNKNOWN,UNKNOWN,0.28,0,70.712
2355,53.6617,,0,5.0,0.55,5,3,0,4.9973,1.0,wave,UNKNOWN,UNKNOWN,0.28,0,71.025
2356,53.6755,,0,5.0,0.55,5,3,0,4.9982,1.0,wave,UNKNOWN,UNKNOWN,0.28,0,67.376
2357,53.7041,,0,5.0,0.55,5,3,0,4.9785,1.0,wave,UNKNOWN,UNKNOWN,0.2633,1,62.375
2358,53.762,,0,5.0,0.55,5,3,0,4.9957,1.0,wave,UNKNOWN,UNKNOWN,0.2633,0,63.938
2359,53.7742,,0,5.0,0.55,5,3,0,4.9921,1.0,wave,UNKNOWN,UNKNOWN,0.2633,0,64.083
2360,53.7896,,0,5.0,0.55,5,3,0,4.9929,1.0,wave,UNKNOWN,UNKNOWN,0.2633,0,63.934
2361,53.8057,,0,5.0,0.55,5,3,0,4.9959,1.0,wave,UNKNOWN,UNKNOWN,0.2633,0,64.2
2362,53.8205,,0,5.0,0.55,5,3,0,4.955,1.0,wave,UNKNOWN,UNKNOWN,0.2633,0,64.279
2363,53.836,,0,5.0,0.55,5,3,0,4.9705,1.0,wave,UNKNOWN,UNKNOWN,0.2633,0,63.87
2364,53.8527,,0,5.0,0.55,5,3,0,4.9872,1.0,wave,UNKNOWN,UNKNOWN,0.2633,0,63.964
2365,53.8681,,0,5.0,0.55,5,3,0,4.9866,1.0,wave,UNKNOWN,UNKNOWN,0.2633,0,64.029
2366,53.8838,,0,5.0,0.55,5,3,0,4.9899,1.0,wave,UNKNOWN,UNKNOWN,0.2633,0,63.662
2367,53.9002,,0,5.0,0.55,5,3,0,4.994,1.0,wave,UNKNOWN,UNKNOWN,0.2633,0,64.881
2368,53.9135,,0,5.0,0.55,5,3,0,4.994,1.0,wave,UNKNOWN,UNKNOWN,0.2633,0,66.297
2369,53.9261,,0,5.0,0.55,5,3,0,4.9931,1.0,wave,UNKNOWN,UNKNOWN,0.2633,0,66.66
2370,53.9401,,0,5.0,0.55,5,3,0,4.993,1.0,wave,UNKNOWN,UNKNOWN,0.2633,0,67.476
2371,53.9537,,0,5.0,0.55,5,3,0,4.9911,1.0,wave,UNKNOWN,UNKNOWN,0.2633,0,67.583
2372,53.9687,,0,5.0,0.55,5,3,0,4.9925,1.0,wave,UNKNOWN,UNKNOWN,0.2733,1,62.369
2373,54.0333,,0,5.0,0.55,5,3,0,4.9884,1.0,wave,UNKNOWN,UNKNOWN,0.2733,0,63.728
2374,54.047,,0,5.0,0.55,5,3,0,4.9895,1.0,wave,UNKNOWN,UNKNOWN,0.2733,0,65.049
2375,54.0598,,0,5.0,0.55,5,3,0,4.9895,1.0,wave,UNKNOWN,UNKNOWN,0.2733,0,65.649
2376,54.073,,0,5.0,0.55,5,3,0,4.951,1.0,wave,UNKNOWN,UNKNOWN,0.2733,0,66.392
2377,54.0868,,0,5.0,0.55,5,3,0,4.9647,1.0,wave,UNKNOWN,UNKNOWN,0.2733,0,66.762
2378,54.1011,,0,5.0,0.55,5,3,0,4.9791,1.0,wave,UNKNOWN,UNKNOWN,0.2733,0,67.55
2379,54.1148,,0,5.0,0.55,5,3,0,4.9928,1.0,wave,UNKNOWN,UNKNOWN,0.2733,0,68.9
2380,54.127,,0,5.0,0.55,5,3,0,4.9914,1.0,wave,UNKNOWN,UNKNOWN,0.2733,0,69.864
2381,54.1395,,0,5.0,0.55,5,3,0,4.9861,1.0,wave,UNKNOWN,UNKNOWN,0.2733,0,67.446
2382,54.1624,,0,5.0,0.55,5,3,0,4.9884,1.0,wave,UNKNOWN,UNKNOWN,0.2733,0,68.174
2383,54.1749,,0,5.0,0.55,5,3,0,4.987,1.0,wave,UNKNOWN,UNKNOWN,0.2733,0,68.019
2384,54.19,,0,5.0,0.55,5,3,0,4.9858,1.0,wave,UNKNOWN,UNKNOWN,0.2733,0,67.832
2385,54.205,,0,5.0,0.55,5,3,0,4.9799,1.0,wave,UNKNOWN,UNKNOWN,0.2733,0,65.569
2386,54.2272,,0,5.0,0.55,5,3,0,4.9868,1.0,wave,UNKNOWN,UNKNOWN,0.25,1,60.606
2387,54.2903,,0,5.0,0.55,5,3,0,4.9973,1.0,wave,UNKNOWN,UNKNOWN,0.25,0,61.236
2388,54.3048,,0,5.0,0.55,5,3,0,5.0,1.0,wave,UNKNOWN,UNKNOWN,0.25,0,61.322
2389,54.3209,,0,5.0,0.55,5,3,0,4.9857,1.0,wave,UNKNOWN,UNKNOWN,0.25,0,61.989
2390,54.3357,,0,5.0,0.55,5,3,0,4.9485,1.0,wave,UNKNOWN,UNKNOWN,0.25,0,62.302
2391,54.3509,,0,5.0,0.55,5,3,0,4.9637,1.0,wave,UNKNOWN,UNKNOWN,0.25,0,63.672
2392,54.3643,,0,5.0,0.55,5,3,0,4.9772,1.0,wave,UNKNOWN,UNKNOWN,0.25,0,63.709
2393,54.3801,,0,5.0,0.55,5,3,0,4.993,1.0,wave,UNKNOWN,UNKNOWN,0.25,0,65.116
2394,54.3928,,0,5.0,0.55,5,3,0,4.991,1.0,wave,UNKNOWN,UNKNOWN,0.25,0,65.668
2395,54.4067,,0,5.0,0.55,5,3,0,4.9922,1.0,wave,UNKNOWN,UNKNOWN,0.25,0,65.394
2396,54.4228,,0,5.0,0.55,5,3,0,4.9943,1.0,wave,UNKNOWN,UNKNOWN,0.25,0,64.689
2397,54.4398,,0,5.0,0.55,5,3,0,4.9983,1.0,wave,UNKNOWN,UNKNOWN,0.25,0,64.269
2398,54.4563,,0,5.0,0.55,5,3,0,4.9879,1.0,wave,UNKNOWN,UNKNOWN,0.25,0,64.628
2399,54.471,,0,5.0,0.55,5,3,0,4.9878,1.0,wave,UNKNOWN,UNKNOWN,0.25,0,63.887
2400,54.4886,,0,5.0,0.55,5,3,0,4.9919,1.0,wave,UNKNOWN,UNKNOWN,0.26,1,59.367
2401,54.5426,,0,5.0,0.55,5,3,0,4.992,1.0,wave,UNKNOWN,UNKNOWN,0.26,0,60.588
2402,54.556,,0,5.0,0.55,5,3,0,4.9928,1.0,wave,UNKNOWN,UNKNOWN,0.26,0,61.228
2403,54.5708,,0,5.0,0.55,5,3,0,4.9953,1.0,wave,UNKNOWN,UNKNOWN,0.26,0,62.197
2404,54.5851,,0,5.0,0.55,5,3,0,4.9977,1.0,wave,UNKNOWN,UNKNOWN,0.26,0,62.119
2405,54.6014,,0,5.0,0.55,5,3,0,4.962,1.0,wave,UNKNOWN,UNKNOWN,0.26,0,62.698
2406,54.616,,0,5.0,0.55,5,3,0,4.9766,1.0,wave,UNKNOWN,UNKNOWN,0.26,0,64.833
2407,54.6282,,0,5.0,0.55,5,3,0,4.9888,1.0,wave,UNKNOWN,UNKNOWN,0.26,0,66.322
2408,54.6403,,0,5.0,0.55,5,3,0,4.9857,1.0,wave,UNKNOWN,UNKNOWN,0.26,0,67.14
2409,54.6538,,0,5.0,0.55,5,3,0,4.9992,1.0,wave,UNKNOWN,UNKNOWN,0.26,0,67.348
2410,54.6682,,0,5.0,0.55,5,3,0,4.9994,1.0,wave,UNKNOWN,UNKNOWN,0.26,0,67.626
2411,54.6826,,0,5.0,0.55,5,3,0,4.9882,1.0,wave,UNKNOWN,UNKNOWN,0.26,0,68.891
2412,54.6955,,0,5.0,0.55,5,3,0,4.9887,1.0,wave,UNKNOWN,UNKNOWN,0.26,0,69.78
2413,54.7078,,0,5.0,0.55,5,3,0,4.9856,1.0,wave,UNKNOWN,UNKNOWN,0.26,0,70.207
2414,54.7215,,0,5.0,0.55,5,3,0,4.9993,1.0,wave,UNKNOWN,UNKNOWN,0.26,0,68.619
2415,54.7397,,0,5.0,0.55,5,3,0,4.9907,1.0,wave,UNKNOWN,UNKNOWN,0.28,1,63.651
2416,54.7931,,0,5.0,0.55,5,3,0,4.9971,1.0,wave,UNKNOWN,UNKNOWN,0.28,0,64.991
2417,54.8055,,0,5.0,0.55,5,3,0,4.9967,1.0,wave,UNKNOWN,UNKNOWN,0.28,0,65.106
2418,54.8207,,0,5.0,0.55,5,3,0,4.9915,1.0,wave,UNKNOWN,UNKNOWN,0.28,0,65.719
2419,54.8347,,0,5.0,0.55,5,3,0,4.9931,1.0,wave,UNKNOWN,UNKNOWN,0.28,0,66.03
2420,54.8493,,0,5.0,0.55,5,3,0,4.9572,1.0,wave,UNKNOWN,UNKNOWN,0.28,0,67.736
2421,54.8614,,0,5.0,0.55,5,3,0,4.9693,1.0,wave,UNKNOWN,UNKNOWN,0.28,0,68.751
2422,54.8741,,0,5.0,0.55,5,3,0,4.982,1.0,wave,UNKNOWN,UNKNOWN,0.28,0,69.407
2423,54.8875,,0,5.0,0.55,5,3,0,4.9954,1.0,wave,UNKNOWN,UNKNOWN,0.28,0,69.397
2424,54.9021,,0,5.0,0.55,5,3,0,4.9966,1.0,wave,UNKNOWN,UNKNOWN,0.28,0,69.203
2425,54.9168,,0,5.0,0.55,5,3,0,4.9986,1.0,wave,UNKNOWN,UNKNOWN,0.28,0,70.627
2426,54.9291,,0,5.0,0.55,5,3,0,4.9982,1.0,wave,UNKNOWN,UNKNOWN,0.28,0,71.094
2427,54.9419,,0,5.0,0.55,5,3,0,4.9971,1.0,wave,UNKNOWN,UNKNOWN,0.28,0,71.085
2428,54.956,,0,5.0,0.55,5,3,0,4.9954,1.0,wave,UNKNOWN,UNKNOWN,0.28,0,71.183
2429,54.9698,,0,5.0,0.55,5,3,0,4.9946,1.0,wave,UNKNOWN,UNKNOWN,0.28,0,70.82
2430,54.9847,,0,5.0,0.55,5,3,0,4.9963,1.0,wave,UNKNOWN,UNKNOWN,0.28,0,70.093
2431,55.0004,,0,5.0,0.55,5,3,0,4.9987,1.0,wave,UNKNOWN,UNKNOWN,0.2767,1,65.067
2432,55.0512,,0,5.0,0.55,5,3,0,4.9921,1.0,wave,UNKNOWN,UNKNOWN,0.2767,0,66.247
2433,55.064,,0,5.0,0.55,5,3,0,4.9849,1.0,wave,UNKNOWN,UNKNOWN,0.2767,0,68.328
2434,55.0755,,0,5.0,0.55,5,3,0,4.9964,1.0,wave,UNKNOWN,UNKNOWN,0.2767,0,69.394
2435,55.088,,0,5.0,0.55,5,3,0,4.9954,1.0,wave,UNKNOWN,UNKNOWN,0.2767,0,70.033
2436,55.1013,,0,5.0,0.55,5,3,0,4.9586,1.0,wave,UNKNOWN,UNKNOWN,0.2767,0,71.547
2437,55.1135,,0,5.0,0.55,5,3,0,4.9709,1.0,wave,UNKNOWN,UNKNOWN,0.2767,0,72.437
2438,55.1253,,0,5.0,0.55,5,3,0,4.9827,1.0,wave,UNKNOWN,UNKNOWN,0.2767,0,73.327
2439,55.1376,,0,5.0,0.55,5,3,0,4.995,1.0,wave,UNKNOWN,UNKNOWN,0.2767,0,73.493
2440,55.151,,0,5.0,0.55,5,3,0,4.9959,1.0,wave,UNKNOWN,UNKNOWN,0.2767,0,74.736
2441,55.1635,,0,5.0,0.55,5,3,0,4.9958,1.0,wave,UNKNOWN,UNKNOWN,0.2767,0,75.244
2442,55.1753,,0,5.0,0.55,5,3,0,4.9934,1.0,wave,UNKNOWN,UNKNOWN,0.2767,0,75.43
2443,55.1881,,0,5.0,0.55,5,3,0,4.9925,1.0,wave,UNKNOWN,UNKNOWN,0.2767,0,75.998
2444,55.2006,,0,5.0,0.55,5,3,0,4.9919,1.0,wave,UNKNOWN,UNKNOWN,0.2767,0,77.154
2445,55.212,,0,5.0,0.55,5,3,0,4.9906,1.0,wave,UNKNOWN,UNKNOWN,0.2767,0,76.746
2446,55.2258,,0,5.0,0.55,5,3,0,4.9915,1.0,wave,UNKNOWN,UNKNOWN,0.2767,0,76.841
2447,55.2384,,0,5.0,0.55,5,3,0,4.9918,1.0,wave,UNKNOWN,UNKNOWN,0.2767,0,77.522
2448,55.2504,,0,5.0,0.55,5,3,0,4.9885,1.0,wave,UNKNOWN,UNKNOWN,0.28,1,71.767
2449,55.3008,,0,5.0,0.55,5,3,0,4.9882,1.0,wave,UNKNOWN,UNKNOWN,0.28,0,72.69
2450,55.3131,,0,5.0,0.55,5,3,0,4.9869,1.0,wave,UNKNOWN,UNKNOWN,0.28,0,73.684
2451,55.3248,,0,5.0,0.55,5,3,0,4.9986,1.0,wave,UNKNOWN,UNKNOWN,0.28,0,74.829
2452,55.3366,,0,5.0,0.55,5,3,0,4.9952,1.0,wave,UNKNOWN,UNKNOWN,0.28,0,75.118
2453,55.3496,,0,5.0,0.55,5,3,0,4.9958,1.0,wave,UNKNOWN,UNKNOWN,0.28,0,76.0
2454,55.3614,,0,5.0,0.55,5,3,0,4.9517,1.0,wave,UNKNOWN,UNKNOWN,0.28,0,76.977
2455,55.3731,,0,5.0,0.55,5,3,0,4.9634,1.0,wave,UNKNOWN,UNKNOWN,0.28,0,76.971
2456,55.3861,,0,5.0,0.55,5,3,0,4.9764,1.0,wave,UNKNOWN,UNKNOWN,0.28,0,77.0
2457,55.3993,,0,5.0,0.55,5,3,0,4.9895,1.0,wave,UNKNOWN,UNKNOWN,0.28,0,77.182
2458,55.412,,0,5.0,0.55,5,3,0,4.9856,1.0,wave,UNKNOWN,UNKNOWN,0.28,0,74.326
2459,55.4324,,0,5.0,0.55,5,3,0,4.9878,1.0,wave,UNKNOWN,UNKNOWN,0.28,0,75.337
2460,55.4442,,0,5.0,0.55,5,3,0,4.9997,1.0,wave,UNKNOWN,UNKNOWN,0.28,0,73.41
2461,55.4625,,0,5.0,0.55,5,3,0,4.9847,1.0,wave,UNKNOWN,UNKNOWN,0.28,0,74.021
2462,55.4746,,0,5.0,0.55,5,3,0,4.9969,1.0,wave,UNKNOWN,UNKNOWN,0.28,0,74.245
2463,55.4878,,0,5.0,0.55,5,3,0,4.9919,1.0,wave,UNKNOWN,UNKNOWN,0.28,0,74.664
2464,55.5005,,0,5.0,0.55,5,3,0,4.9859,1.0,wave,UNKNOWN,UNKNOWN,0.2767,1,69.139
2465,55.5522,,0,5.0,0.55,5,3,0,4.9986,1.0,wave,UNKNOWN,UNKNOWN,0.2767,0,69.526
2466,55.5657,,0,5.0,0.55,5,3,0,4.9848,1.0,wave,UNKNOWN,UNKNOWN,0.2767,0,71.059
2467,55.5775,,0,5.0,0.55,5,3,0,4.9966,1.0,wave,UNKNOWN,UNKNOWN,0.2767,0,72.26
2468,55.5894,,0,5.0,0.55,5,3,0,4.9956,1.0,wave,UNKNOWN,UNKNOWN,0.2767,0,73.702
2469,55.601,,0,5.0,0.55,5,3,0,4.995,1.0,wave,UNKNOWN,UNKNOWN,0.2767,0,75.045
2470,55.613,,0,5.0,0.55,5,3,0,4.9515,1.0,wave,UNKNOWN,UNKNOWN,0.2767,0,75.602
2471,55.6248,,0,5.0,0.55,5,3,0,4.9634,1.0,wave,UNKNOWN,UNKNOWN,0.2767,0,76.339
2472,55.637,,0,5.0,0.55,5,3,0,4.9755,1.0,wave,UNKNOWN,UNKNOWN,0.2767,0,76.329
2473,55.6501,,0,5.0,0.55,5,3,0,4.9886,1.0,wave,UNKNOWN,UNKNOWN,0.2767,0,77.514
2474,55.6612,,0,5.0,0.55,5,3,0,4.9998,1.0,wave,UNKNOWN,UNKNOWN,0.2767,0,78.485
2475,55.6727,,0,5.0,0.55,5,3,0,4.994,1.0,wave,UNKNOWN,UNKNOWN,0.2767,0,76.53
2476,55.69,,0,5.0,0.55,5,3,0,4.9903,1.0,wave,UNKNOWN,UNKNOWN,0.2767,0,76.876
2477,55.7023,,0,5.0,0.55,5,3,0,4.987,1.0,wave,UNKNOWN,UNKNOWN,0.2767,0,74.358
2478,55.7217,,0,5.0,0.55,5,3,0,4.9926,1.0,wave,UNKNOWN,UNKNOWN,0.2767,0,75.069
2479,55.734,,0,5.0,0.55,5,3,0,4.9917,1.0,wave,UNKNOWN,UNKNOWN,0.2767,0,74.065
2480,55.7494,,0,5.0,0.55,5,3,0,4.9948,1.0,wave,UNKNOWN,UNKNOWN,0.2767,0,75.01
2481,55.7614,,0,5.0,0.55,5,3,0,4.9858,1.0,wave,UNKNOWN,UNKNOWN,0.2567,1,69.186
2482,55.8215,,0,5.0,0.55,5,3,0,4.993,1.0,wave,UNKNOWN,UNKNOWN,0.2567,0,69.876
2483,55.834,,0,5.0,0.55,5,3,0,4.993,1.0,wave,UNKNOWN,UNKNOWN,0.2567,0,71.207
2484,55.8466,,0,5.0,0.55,5,3,0,4.9933,1.0,wave,UNKNOWN,UNKNOWN,0.2567,0,71.766
2485,55.8591,,0,5.0,0.55,5,3,0,4.9936,1.0,wave,UNKNOWN,UNKNOWN,0.2567,0,72.493
2486,55.8717,,0,5.0,0.55,5,3,0,4.9561,1.0,wave,UNKNOWN,UNKNOWN,0.2567,0,72.268
2487,55.886,,0,5.0,0.55,5,3,0,4.9704,1.0,wave,UNKNOWN,UNKNOWN,0.2567,0,71.875
2488,55.9006,,0,5.0,0.55,5,3,0,4.985,1.0,wave,UNKNOWN,UNKNOWN,0.2567,0,71.013
2489,55.9165,,0,5.0,0.55,5,3,0,4.9859,1.0,wave,UNKNOWN,UNKNOWN,0.2567,0,72.396
2490,55.9285,,0,5.0,0.55,5,3,0,4.9979,1.0,wave,UNKNOWN,UNKNOWN,0.2567,0,72.482
2491,55.9419,,0,5.0,0.55,5,3,0,4.9967,1.0,wave,UNKNOWN,UNKNOWN,0.2567,0,72.654
2492,55.9553,,0,5.0,0.55,5,3,0,4.9947,1.0,wave,UNKNOWN,UNKNOWN,0.2567,0,73.299
2493,55.9681,,0,5.0,0.55,5,3,0,4.9952,1.0,wave,UNKNOWN,UNKNOWN,0.2567,0,73.467
2494,55.9817,,0,5.0,0.55,5,3,0,4.9952,1.0,wave,UNKNOWN,UNKNOWN,0.2567,0,74.301
2495,55.9938,,0,5.0,0.55,5,3,0,4.9854,1.0,wave,UNKNOWN,UNKNOWN,0.2567,0,74.514
2496,56.0067,,0,5.0,0.55,5,3,0,4.9982,1.0,wave,UNKNOWN,UNKNOWN,0.2567,0,73.963
2497,56.0211,,0,5.0,0.55,5,3,0,4.9991,1.0,wave,UNKNOWN,UNKNOWN,0.2633,1,68.179
2498,56.0837,,0,5.0,0.55,5,3,0,4.9875,1.0,wave,UNKNOWN,UNKNOWN,0.2633,0,69.428
2499,56.0958,,0,5.0,0.55,5,3,0,4.9996,1.0,wave,UNKNOWN,UNKNOWN,0.2633,0,70.2
2500,56.1085,,0,5.0,0.55,5,3,0,5.0,1.0,wave,UNKNOWN,UNKNOWN,0.2633,0,70.432
2501,56.1223,,0,5.0,0.55,5,3,0,4.9489,1.0,wave,UNKNOWN,UNKNOWN,0.2633,0,71.475
2502,56.1348,,0,5.0,0.55,5,3,0,4.9614,1.0,wave,UNKNOWN,UNKNOWN,0.2633,0,72.703
2503,56.1473,,0,5.0,0.55,5,3,0,4.9739,1.0,wave,UNKNOWN,UNKNOWN,0.2633,0,73.489
2504,56.1592,,0,5.0,0.55,5,3,0,4.9858,1.0,wave,UNKNOWN,UNKNOWN,0.2633,0,73.84
2505,56.1721,,0,5.0,0.55,5,3,0,4.9987,1.0,wave,UNKNOWN,UNKNOWN,0.2633,0,74.233
2506,56.1849,,0,5.0,0.55,5,3,0,4.9961,1.0,wave,UNKNOWN,UNKNOWN,0.2633,0,75.245
2507,56.197,,0,5.0,0.55,5,3,0,4.9954,1.0,wave,UNKNOWN,UNKNOWN,0.2633,0,75.94
2508,56.209,,0,5.0,0.55,5,3,0,4.9932,1.0,wave,UNKNOWN,UNKNOWN,0.2633,0,75.741
2509,56.2224,,0,5.0,0.55,5,3,0,4.9924,1.0,wave,UNKNOWN,UNKNOWN,0.2633,0,75.794
2510,56.2355,,0,5.0,0.55,5,3,0,4.9933,1.0,wave,UNKNOWN,UNKNOWN,0.2633,0,75.789
2511,56.2488,,0,5.0,0.55,5,3,0,4.9941,1.0,wave,UNKNOWN,UNKNOWN,0.2633,0,76.543
2512,56.2608,,0,5.0,0.55,5,3,0,4.9926,1.0,wave,UNKNOWN,UNKNOWN,0.2633,0,77.122
2513,56.2729,,0,5.0,0.55,5,3,0,4.991,1.0,wave,UNKNOWN,UNKNOWN,0.2433,1,71.37
2514,56.3239,,0,5.0,0.55,5,3,0,4.9865,1.0,wave,UNKNOWN,UNKNOWN,0.2433,0,71.6
2515,56.3374,,0,5.0,0.55,5,3,0,4.9856,0.9967,wave,UNKNOWN,UNKNOWN,0.2433,0,70.37
2516,56.3543,,0,5.0,0.55,5,3,0,4.9877,0.9934,wave,UNKNOWN,UNKNOWN,0.2433,0,68.796
2517,56.3727,,0,5.0,0.55,5,3,0,4.9901,0.9901,wave,UNKNOWN,UNKNOWN,0.2433,0,71.141
2518,56.3836,,0,5.0,0.55,5,3,0,4.9372,0.9868,wave,UNKNOWN,UNKNOWN,0.2433,0,71.286
2519,56.3973,,0,5.0,0.55,5,3,0,4.9508,0.9835,wave,UNKNOWN,UNKNOWN,0.2433,0,73.367
2520,56.4081,,0,5.0,0.55,5,3,0,4.9617,0.9803,wave,UNKNOWN,UNKNOWN,0.2433,0,75.063
2521,56.4192,,0,5.0,0.55,5,3,0,4.9727,0.977,wave,UNKNOWN,UNKNOWN,0.2433,0,74.621
2522,56.4335,,0,5.0,0.55,5,3,0,4.987,0.9739,wave,UNKNOWN,UNKNOWN,0.2433,0,76.143
2523,56.4446,,0,5.0,0.55,5,3,0,4.9981,0.9707,wave,UNKNOWN,UNKNOWN,0.2433,0,76.803
2524,56.4565,,0,5.0,0.55,5,3,0,4.9982,0.9674,wave,UNKNOWN,UNKNOWN,0.2433,0,77.157
2525,56.469,,0,5.0,0.55,5,3,0,4.9982,0.9642,wave,UNKNOWN,UNKNOWN,0.2433,0,78.913
2526,56.4798,,0,5.0,0.55,5,3,0,4.9963,0.9609,wave,UNKNOWN,UNKNOWN,0.2433,0,80.037
2527,56.4906,,0,5.0,0.55,5,3,0,4.9933,0.9577,wave,UNKNOWN,UNKNOWN,0.2433,0,80.322
2528,56.5027,,0,5.0,0.55,5,3,0,4.9936,0.9544,wave,UNKNOWN,UNKNOWN,0.2433,0,82.087
2529,56.513,,0,5.0,0.55,5,3,0,4.9912,0.9511,wave,UNKNOWN,UNKNOWN,0.2433,0,79.881
2530,56.5296,,0,5.0,0.55,5,3,0,4.9942,0.9479,drink_return,UNKNOWN,UNKNOWN,0.2233,1,73.948
2531,56.5791,,0,5.0,0.55,5,3,0,4.9931,0.9441,drink_return,UNKNOWN,UNKNOWN,0.2233,0,74.746
2532,56.5905,,0,5.0,0.55,5,3,0,4.9919,0.9408,drink_return,UNKNOWN,UNKNOWN,0.2233,0,72.704
2533,56.6089,,0,5.0,0.55,5,3,0,4.997,0.9375,drink_return,UNKNOWN,UNKNOWN,0.2233,0,74.167
2534,56.6203,,0,5.0,0.55,5,3,0,4.9962,0.9342,drink_return,UNKNOWN,UNKNOWN,0.2233,0,75.651
2535,56.6316,,0,5.0,0.55,5,3,0,4.9951,0.9309,drink_return,UNKNOWN,UNKNOWN,0.2233,0,77.133
2536,56.6427,,0,5.0,0.55,5,3,0,4.9545,0.9276,drink_return,UNKNOWN,UNKNOWN,0.2233,0,77.815
2537,56.655,,0,5.0,0.55,5,3,0,4.9668,0.9246,drink_return,UNKNOWN,UNKNOWN,0.2233,0,78.666
2538,56.666,,0,5.0,0.55,5,3,0,4.9778,0.9216,drink_return,UNKNOWN,UNKNOWN,0.2233,0,80.151
2539,56.6768,,0,5.0,0.55,5,3,0,4.9886,0.9186,drink_return,UNKNOWN,UNKNOWN,0.2233,0,81.235
2540,56.688,,0,5.0,0.55,5,3,0,4.9998,0.9156,drink_return,UNKNOWN,UNKNOWN,0.2233,0,79.39
2541,56.7042,,0,5.0,0.55,5,3,0,4.9819,0.9121,drink_return,UNKNOWN,UNKNOWN,0.2233,0,76.787
2542,56.7225,,0,5.0,0.55,5,3,0,4.9856,0.9088,drink_return,UNKNOWN,UNKNOWN,0.2233,0,78.371
2543,56.7332,,0,5.0,0.55,5,3,0,4.9964,0.9058,drink_return,UNKNOWN,UNKNOWN,0.2233,0,79.698
2544,56.7441,,0,5.0,0.55,5,3,0,4.9935,0.9026,drink_return,UNKNOWN,UNKNOWN,0.2233,0,81.045
2545,56.755,,0,5.0,0.55,5,3,0,4.9912,0.8994,drink_return,UNKNOWN,UNKNOWN,0.2233,0,78.588
2546,56.7726,,0,5.0,0.55,5,3,0,4.9912,0.8961,drink_return,UNKNOWN,UNKNOWN,0.2233,0,80.355
2547,56.7829,,0,5.0,0.55,5,3,0,4.9845,0.8929,wave,UNKNOWN,UNKNOWN,0.2333,1,74.067
2548,56.8409,,0,5.0,0.55,5,3,0,4.9876,0.8889,wave,UNKNOWN,UNKNOWN,0.2333,0,71.493
2549,56.8612,,0,5.0,0.55,5,3,0,4.9955,0.8856,wave,UNKNOWN,UNKNOWN,0.2333,0,73.096
2550,56.8723,,0,5.0,0.55,5,3,0,4.9939,0.8824,wave,UNKNOWN,UNKNOWN,0.2333,0,73.626
2551,56.8852,,0,5.0,0.55,5,3,0,4.9946,0.8791,wave,UNKNOWN,UNKNOWN,0.2333,0,71.643
2552,56.9036,,0,5.0,0.55,5,3,0,4.9513,0.8758,wave,UNKNOWN,UNKNOWN,0.2333,0,71.001
2553,56.9191,,0,5.0,0.55,5,3,0,4.9668,0.873,wave,UNKNOWN,UNKNOWN,0.2333,0,72.787
2554,56.9305,,0,5.0,0.55,5,3,0,4.9782,0.8701,wave,UNKNOWN,UNKNOWN,0.2333,0,71.573
2555,56.947,,0,5.0,0.55,5,3,0,4.9947,0.8673,wave,UNKNOWN,UNKNOWN,0.2333,0,69.35
2556,56.967,,0,5.0,0.55,5,3,0,4.998,0.8641,wave,UNKNOWN,UNKNOWN,0.2333,0,68.095
2557,56.9847,,0,5.0,0.55,5,3,0,4.9896,0.8604,wave,UNKNOWN,UNKNOWN,0.2333,0,70.37
2558,56.9955,,0,5.0,0.55,5,3,0,4.9879,0.8571,wave,UNKNOWN,UNKNOWN,0.2333,0,72.389
2559,57.0065,,0,5.0,0.55,5,3,0,4.999,0.8544,wave,UNKNOWN,UNKNOWN,0.2333,0,74.241
2560,57.0175,,0,5.0,0.55,5,3,0,4.9972,0.8511,wave,UNKNOWN,UNKNOWN,0.2333,0,75.482
2561,57.0292,,0,5.0,0.55,5,3,0,4.9958,0.8479,wave,UNKNOWN,UNKNOWN,0.2333,0,76.221
2562,57.0411,,0,5.0,0.55,5,3,0,4.9943,0.8447,wave,UNKNOWN,UNKNOWN,0.2367,1,70.636
2563,57.091,,0,5.0,0.55,5,3,0,4.9898,0.8404,wave,UNKNOWN,UNKNOWN,0.2367,0,71.723
2564,57.1027,,0,5.0,0.55,5,3,0,4.9804,0.8371,wave,UNKNOWN,UNKNOWN,0.2367,0,73.391
2565,57.1139,,0,5.0,0.55,5,3,0,4.9916,0.8344,wave,UNKNOWN,UNKNOWN,0.2367,0,74.678
2566,57.1257,,0,5.0,0.55,5,3,0,4.9904,0.8312,wave,UNKNOWN,UNKNOWN,0.2367,0,74.755
2567,57.1389,,0,5.0,0.55,5,3,0,4.9828,0.8279,wave,UNKNOWN,UNKNOWN,0.2367,0,75.461
2568,57.1512,,0,5.0,0.55,5,3,0,4.9951,0.8252,wave,UNKNOWN,UNKNOWN,0.2367,0,76.591
2569,57.1625,,0,5.0,0.55,5,3,0,4.9549,0.822,wave,UNKNOWN,UNKNOWN,0.2367,0,77.461
2570,57.1742,,0,5.0,0.55,5,3,0,4.9666,0.8194,wave,UNKNOWN,UNKNOWN,0.2367,0,77.753
2571,57.1868,,0,5.0,0.55,5,3,0,4.9792,0.8167,wave,UNKNOWN,UNKNOWN,0.2367,0,79.262
2572,57.1975,,0,5.0,0.55,5,3,0,4.9899,0.8141,wave,UNKNOWN,UNKNOWN,0.2367,0,79.96
2573,57.209,,0,5.0,0.55,5,3,0,4.9891,0.8109,wave,UNKNOWN,UNKNOWN,0.2367,0,80.588
2574,57.2206,,0,5.0,0.55,5,3,0,4.9883,0.8077,wave,UNKNOWN,UNKNOWN,0.2367,0,79.227
2575,57.2357,,0,5.0,0.55,5,3,0,4.9905,0.8045,wave,UNKNOWN,UNKNOWN,0.2367,0,77.175
2576,57.2527,,0,5.0,0.55,5,3,0,4.9948,0.8013,wave,UNKNOWN,UNKNOWN,0.2367,0,78.723
2577,57.2633,,0,5.0,0.55,5,3,0,4.993,0.7981,wave,UNKNOWN,UNKNOWN,0.2367,0,76.075
2578,57.2827,,0,5.0,0.55,5,3,0,4.9882,0.7942,wave,UNKNOWN,UNKNOWN,0.2367,0,76.828
2579,57.2945,,0,5.0,0.55,5,3,0,5.0,0.7917,leg_raise_lower,UNKNOWN,UNKNOWN,0.2333,1,71.166
2580,57.3448,,0,5.0,0.55,5,3,0,4.9994,0.7864,leg_raise_lower,UNKNOWN,UNKNOWN,0.2333,0,72.503
2581,57.356,,0,5.0,0.55,5,3,0,4.9985,0.7832,leg_raise_lower,UNKNOWN,UNKNOWN,0.2333,0,73.466
2582,57.3681,,0,5.0,0.55,5,3,0,4.9985,0.7799,leg_raise_lower,UNKNOWN,UNKNOWN,0.2333,0,74.826
2583,57.3795,,0,5.0,0.55,5,3,0,4.9958,0.7767,leg_raise_lower,UNKNOWN,UNKNOWN,0.2333,0,75.362
2584,57.392,,0,5.0,0.55,5,3,0,4.9952,0.7735,leg_raise_lower,UNKNOWN,UNKNOWN,0.2333,0,77.26
2585,57.4025,,0,5.0,0.55,5,3,0,4.9942,0.7702,leg_raise_lower,UNKNOWN,UNKNOWN,0.2333,0,78.801
2586,57.4134,,0,5.0,0.55,5,3,0,4.9541,0.767,leg_raise_lower,UNKNOWN,UNKNOWN,0.2333,0,79.105
2587,57.4256,,0,5.0,0.55,5,3,0,4.9662,0.7645,leg_raise_lower,UNKNOWN,UNKNOWN,0.2333,0,80.797
2588,57.436,,0,5.0,0.55,5,3,0,4.9766,0.7621,leg_raise_lower,UNKNOWN,UNKNOWN,0.2333,0,81.038
2589,57.4481,,0,5.0,0.55,5,3,0,4.9887,0.7596,leg_raise_lower,UNKNOWN,UNKNOWN,0.2333,0,80.91
2590,57.4607,,0,5.0,0.55,5,3,0,4.9824,0.7564,leg_raise_lower,UNKNOWN,UNKNOWN,0.2333,0,80.59
2591,57.4734,,0,5.0,0.55,5,3,0,4.995,0.754,leg_raise_lower,UNKNOWN,UNKNOWN,0.2333,0,81.031
2592,57.4856,,0,5.0,0.55,5,3,0,4.9882,0.7508,leg_raise_lower,UNKNOWN,UNKNOWN,0.2333,0,81.955
2593,57.4962,,0,5.0,0.55,5,3,0,4.9988,0.7484,leg_raise_lower,UNKNOWN,UNKNOWN,0.2333,0,82.329
2594,57.5079,,0,5.0,0.55,5,3,0,4.9931,0.7452,leg_raise_lower,UNKNOWN,UNKNOWN,0.2333,0,82.956
2595,57.5194,,0,5.0,0.55,5,3,0,4.9862,0.742,leg_raise_lower,UNKNOWN,UNKNOWN,0.2333,0,83.982
2596,57.5297,,0,5.0,0.55,5,3,0,4.9965,0.7397,leg_raise_lower,UNKNOWN,UNKNOWN,0.2333,0,84.606
2597,57.541,,0,5.0,0.55,5,3,0,4.9954,0.7365,leg_raise_lower,UNKNOWN,UNKNOWN,0.2333,0,85.01
2598,57.5525,,0,5.0,0.55,5,3,0,4.9942,0.7333,wave,UNKNOWN,UNKNOWN,0.21,1,78.343
2599,57.6076,,0,5.0,0.55,5,3,0,4.9891,0.7267,wave,UNKNOWN,UNKNOWN,0.21,0,77.606
2600,57.6211,,0,5.0,0.55,5,3,0,4.9904,0.7235,wave,UNKNOWN,UNKNOWN,0.21,0,79.045
2601,57.6321,,0,5.0,0.55,5,3,0,4.9899,0.7203,wave,UNKNOWN,UNKNOWN,0.21,0,79.712
2602,57.6434,,0,5.0,0.55,5,3,0,4.9879,0.717,wave,UNKNOWN,UNKNOWN,0.21,0,79.889
2603,57.6558,,0,5.0,0.55,5,3,0,4.984,0.7138,wave,UNKNOWN,UNKNOWN,0.21,0,80.098
2604,57.6685,,0,5.0,0.55,5,3,0,4.9967,0.7115,wave,UNKNOWN,UNKNOWN,0.21,0,80.91
2605,57.6793,,0,5.0,0.55,5,3,0,4.9573,0.7083,wave,UNKNOWN,UNKNOWN,0.21,0,81.347
2606,57.691,,0,5.0,0.55,5,3,0,4.969,0.7061,wave,UNKNOWN,UNKNOWN,0.21,0,81.484
2607,57.7031,,0,5.0,0.55,5,3,0,4.9811,0.7038,wave,UNKNOWN,UNKNOWN,0.21,0,80.424
2608,57.7174,,0,5.0,0.55,5,3,0,4.9954,0.7016,wave,UNKNOWN,UNKNOWN,0.21,0,80.884
2609,57.7288,,0,5.0,0.55,5,3,0,4.9933,0.6984,wave,UNKNOWN,UNKNOWN,0.21,0,81.569
2610,57.7402,,0,5.0,0.55,5,3,0,4.991,0.6952,wave,UNKNOWN,UNKNOWN,0.21,0,82.234
2611,57.7518,,0,5.0,0.55,5,3,0,4.9827,0.6921,wave,UNKNOWN,UNKNOWN,0.21,0,82.691
2612,57.7632,,0,5.0,0.55,5,3,0,4.994,0.6899,wave,UNKNOWN,UNKNOWN,0.21,0,82.576
2613,57.7756,,0,5.0,0.55,5,3,0,4.9923,0.6867,wave,UNKNOWN,UNKNOWN,0.21,0,82.202
2614,57.7882,,0,5.0,0.55,5,3,0,4.9924,0.6835,wave,UNKNOWN,UNKNOWN,0.21,0,81.181
2615,57.8022,,0,5.0,0.55,5,3,0,4.9945,0.6804,wave,UNKNOWN,UNKNOWN,0.21,0,82.012
2616,57.8132,,0,5.0,0.55,5,3,0,4.9933,0.6772,wave,UNKNOWN,UNKNOWN,0.2233,1,75.784
2617,57.8647,,0,5.0,0.55,5,3,0,4.9971,0.6709,wave,UNKNOWN,UNKNOWN,0.2233,0,75.731
2618,57.8771,,0,5.0,0.55,5,3,0,4.9964,0.6677,wave,UNKNOWN,UNKNOWN,0.2233,0,77.012
2619,57.8883,,0,5.0,0.55,5,3,0,4.995,0.6645,wave,UNKNOWN,UNKNOWN,0.2233,0,74.49
2620,57.9082,,0,5.0,0.55,5,3,0,4.9894,0.6603,wave,UNKNOWN,UNKNOWN,0.2233,0,75.648
2621,57.9194,,0,5.0,0.55,5,3,0,4.9872,0.6571,wave,UNKNOWN,UNKNOWN,0.2233,0,76.702
2622,57.9311,,0,5.0,0.55,5,3,0,4.9988,0.655,wave,UNKNOWN,UNKNOWN,0.2233,0,77.847
2623,57.9424,,0,5.0,0.55,5,3,0,4.9586,0.6518,wave,UNKNOWN,UNKNOWN,0.2233,0,77.273
2624,57.9562,,0,5.0,0.55,5,3,0,4.9724,0.6497,wave,UNKNOWN,UNKNOWN,0.2233,0,78.263
2625,57.9677,,0,5.0,0.55,5,3,0,4.9839,0.6476,wave,UNKNOWN,UNKNOWN,0.2233,0,79.204
2626,57.9792,,0,5.0,0.55,5,3,0,4.9954,0.6456,wave,UNKNOWN,UNKNOWN,0.2233,0,80.173
2627,57.9905,,0,5.0,0.55,5,3,0,4.9923,0.6424,wave,UNKNOWN,UNKNOWN,0.2233,0,81.123
2628,58.0015,,0,5.0,0.55,5,3,0,4.9919,0.6392,wave,UNKNOWN,UNKNOWN,0.2233,0,81.96
2629,58.0127,,0,5.0,0.55,5,3,0,4.9914,0.6361,wave,UNKNOWN,UNKNOWN,0.2233,0,81.726
2630,58.0251,,0,5.0,0.55,5,3,0,4.9917,0.6329,wave,UNKNOWN,UNKNOWN,0.2233,0,82.867
2631,58.0361,,0,5.0,0.55,5,3,0,4.9906,0.6297,wave,UNKNOWN,UNKNOWN,0.2233,0,81.263
2632,58.0511,,0,5.0,0.55,5,3,0,4.9939,0.6266,wave,UNKNOWN,UNKNOWN,0.2233,0,81.984
2633,58.0623,,0,5.0,0.55,5,3,0,4.993,0.6234,wave,UNKNOWN,UNKNOWN,0.2233,0,82.141
2634,58.0743,,0,5.0,0.55,5,3,0,4.9931,0.6203,wave,UNKNOWN,UNKNOWN,0.22,1,75.982
2635,58.1236,,0,5.0,0.55,5,3,0,4.9899,0.6134,wave,UNKNOWN,UNKNOWN,0.22,0,75.305
2636,58.1374,,0,5.0,0.55,5,3,0,4.9919,0.6102,wave,UNKNOWN,UNKNOWN,0.22,0,73.748
2637,58.1541,,0,5.0,0.55,5,3,0,4.9965,0.607,wave,UNKNOWN,UNKNOWN,0.22,0,75.545
2638,58.1651,,0,5.0,0.55,5,3,0,4.9944,0.6038,wave,UNKNOWN,UNKNOWN,0.22,0,75.631
2639,58.1782,,0,5.0,0.55,5,3,0,4.9953,0.6006,wave,UNKNOWN,UNKNOWN,0.22,0,76.048
2640,58.1906,,0,5.0,0.55,5,3,0,4.9558,0.5974,WARMING_UP,WARMING_UP,WARMING_UP,0.0,0,77.856
2641,58.2013,,0,5.0,0.55,5,3,0,4.9666,0.5955,WARMING_UP,WARMING_UP,WARMING_UP,0.0,0,79.103
2642,58.2122,,0,5.0,0.55,5,3,0,4.9775,0.5937,WARMING_UP,WARMING_UP,WARMING_UP,0.0,0,80.06
2643,58.2236,,0,5.0,0.55,5,3,0,4.9888,0.5918,WARMING_UP,WARMING_UP,WARMING_UP,0.0,0,79.387
2644,58.2372,,0,5.0,0.55,5,3,0,4.9892,0.5886,WARMING_UP,WARMING_UP,WARMING_UP,0.0,0,80.921
2645,58.2477,,0,5.0,0.55,5,3,0,4.9997,0.5868,WARMING_UP,WARMING_UP,WARMING_UP,0.0,0,82.065
2646,58.2585,,0,5.0,0.55,5,3,0,4.9926,0.5836,WARMING_UP,WARMING_UP,WARMING_UP,0.0,0,82.152
2647,58.2706,,0,5.0,0.55,5,3,0,4.9912,0.5804,WARMING_UP,WARMING_UP,WARMING_UP,0.0,0,80.29
2648,58.2864,,0,5.0,0.55,5,3,0,4.9951,0.5773,WARMING_UP,WARMING_UP,WARMING_UP,0.0,0,78.281
2649,58.303,,0,5.0,0.55,5,3,0,4.9988,0.5741,WARMING_UP,WARMING_UP,WARMING_UP,0.0,0,77.044
2650,58.3183,,0,5.0,0.55,5,3,0,4.9883,0.5696,WARMING_UP,WARMING_UP,WARMING_UP,0.0,0,78.475
2651,58.329,,0,5.0,0.55,5,3,0,4.9991,0.5678,WARMING_UP,WARMING_UP,WARMING_UP,0.0,0,79.983
2652,58.3397,,0,5.0,0.55,5,3,0,4.9979,0.5647,WARMING_UP,WARMING_UP,WARMING_UP,0.0,0,80.069
2653,58.3522,,0,5.0,0.55,5,3,0,4.9981,0.5615,WARMING_UP,WARMING_UP,WARMING_UP,0.0,0,81.376
2654,58.3637,,0,5.0,0.55,5,3,0,4.9892,0.5584,WARMING_UP,WARMING_UP,WARMING_UP,0.0,0,81.824
2655,58.3745,,0,5.0,0.55,5,3,0,4.9872,0.5552,WARMING_UP,WARMING_UP,WARMING_UP,0.0,0,80.743
2656,58.3887,,0,5.0,0.55,5,3,0,4.9881,0.5521,WARMING_UP,WARMING_UP,WARMING_UP,0.0,0,79.811
2657,58.4027,,0,5.0,0.55,5,3,0,4.9898,0.5489,WARMING_UP,WARMING_UP,WARMING_UP,0.0,0,80.871
2658,58.4137,,0,5.0,0.55,5,3,0,4.9894,0.5457,WARMING_UP,WARMING_UP,WARMING_UP,0.0,0,81.524
2659,58.4254,,0,5.0,0.55,5,3,0,4.978,0.5426,WARMING_UP,WARMING_UP,WARMING_UP,0.0,0,80.785
2660,58.4388,,0,5.0,0.55,5,3,0,4.9914,0.5409,WARMING_UP,WARMING_UP,WARMING_UP,0.0,0,79.322
2661,58.4538,,0,5.0,0.55,5,3,0,4.9533,0.5377,WARMING_UP,WARMING_UP,WARMING_UP,0.0,0,80.614
2662,58.4645,,0,5.0,0.55,5,3,0,4.964,0.5361,WARMING_UP,WARMING_UP,WARMING_UP,0.0,0,81.416
2663,58.4759,,0,5.0,0.55,5,3,0,4.9753,0.5344,WARMING_UP,WARMING_UP,WARMING_UP,0.0,0,79.452
2664,58.4921,,0,5.0,0.55,5,3,0,4.9916,0.5327,WARMING_UP,WARMING_UP,WARMING_UP,0.0,0,76.871
2665,58.5107,,0,5.0,0.55,5,3,0,4.9924,0.5296,WARMING_UP,WARMING_UP,WARMING_UP,0.0,0,77.851
2666,58.5222,,0,5.0,0.55,5,3,0,4.9839,0.5265,WARMING_UP,WARMING_UP,WARMING_UP,0.0,0,76.671
2667,58.5374,,0,5.0,0.55,5,3,0,4.9991,0.5248,WARMING_UP,WARMING_UP,WARMING_UP,0.0,0,75.385
2668,58.5531,,0,5.0,0.55,5,3,0,4.9973,0.5217,WARMING_UP,WARMING_UP,WARMING_UP,0.0,0,76.633
2669,58.5644,,0,5.0,0.55,5,3,0,4.9951,0.5186,WARMING_UP,WARMING_UP,WARMING_UP,0.0,0,78.501
2670,58.5754,,0,5.0,0.55,5,3,0,4.9922,0.5155,WARMING_UP,WARMING_UP,WARMING_UP,0.0,0,78.418
2671,58.5879,,0,5.0,0.55,5,3,0,4.9915,0.5124,WARMING_UP,WARMING_UP,WARMING_UP,0.0,0,75.931
2672,58.6065,,0,5.0,0.55,5,3,0,4.9978,0.5093,WARMING_UP,WARMING_UP,WARMING_UP,0.0,0,76.052
2673,58.6196,,0,5.0,0.55,5,3,0,4.9979,0.5062,WARMING_UP,WARMING_UP,WARMING_UP,0.0,0,74.181
2674,58.6369,,0,5.0,0.55,5,3,0,4.9878,0.5016,WARMING_UP,WARMING_UP,WARMING_UP,0.0,0,75.406
2675,58.649,,0,5.0,0.55,5,3,0,4.9999,0.5,WARMING_UP,WARMING_UP,WARMING_UP,0.0,0,76.817
2676,58.6595,,0,5.0,0.55,5,3,0,4.9978,0.4969,WARMING_UP,WARMING_UP,WARMING_UP,0.0,0,78.486
2677,58.6704,,0,5.0,0.55,5,3,0,4.9949,0.4938,WARMING_UP,WARMING_UP,WARMING_UP,0.0,0,77.444
2678,58.6851,,0,5.0,0.55,5,3,0,4.981,0.4907,WARMING_UP,WARMING_UP,WARMING_UP,0.0,0,78.894
2679,58.6961,,0,5.0,0.55,5,3,0,4.992,0.4892,WARMING_UP,WARMING_UP,WARMING_UP,0.0,0,79.844
2680,58.7071,,0,5.0,0.55,5,3,0,4.9452,0.4861,WARMING_UP,WARMING_UP,WARMING_UP,0.0,0,80.291
2681,58.7191,,0,5.0,0.55,5,3,0,4.9571,0.4846,WARMING_UP,WARMING_UP,WARMING_UP,0.0,0,81.904
2682,58.7295,,0,5.0,0.55,5,3,0,4.9675,0.4831,WARMING_UP,WARMING_UP,WARMING_UP,0.0,0,82.403
2683,58.7409,,0,5.0,0.55,5,3,0,4.979,0.4816,WARMING_UP,WARMING_UP,WARMING_UP,0.0,0,83.609
2684,58.7515,,0,5.0,0.55,5,3,0,4.9895,0.4801,WARMING_UP,WARMING_UP,WARMING_UP,0.0,0,80.91
2685,58.7693,,0,5.0,0.55,5,3,0,4.995,0.4771,WARMING_UP,WARMING_UP,WARMING_UP,0.0,0,82.107
2686,58.7799,,0,5.0,0.55,5,3,0,4.9903,0.474,WARMING_UP,WARMING_UP,WARMING_UP,0.0,0,83.474
2687,58.7903,,0,5.0,0.55,5,3,0,4.9846,0.4709,WARMING_UP,WARMING_UP,WARMING_UP,0.0,0,84.531
2688,58.801,,0,5.0,0.55,5,3,0,4.9953,0.4726,WARMING_UP,WARMING_UP,WARMING_UP,0.0,0,84.949
2689,58.8123,,0,5.0,0.55,5,3,0,4.9917,0.4695,WARMING_UP,WARMING_UP,WARMING_UP,0.0,0,85.222
2690,58.8236,,0,5.0,0.55,5,3,0,4.9876,0.4695,WARMING_UP,WARMING_UP,WARMING_UP,0.0,0,85.011
2691,58.8361,,0,5.0,0.55,5,3,0,4.9834,0.4665,WARMING_UP,WARMING_UP,WARMING_UP,0.0,0,85.657
2692,58.8467,,0,5.0,0.55,5,3,0,4.994,0.465,WARMING_UP,WARMING_UP,WARMING_UP,0.0,0,86.24
2693,58.8575,,0,5.0,0.55,5,3,0,4.9894,0.462,WARMING_UP,WARMING_UP,WARMING_UP,0.0,0,86.906
2694,58.8687,,0,5.0,0.55,5,3,0,4.9849,0.459,WARMING_UP,WARMING_UP,WARMING_UP,0.0,0,87.678
2695,58.8789,,0,5.0,0.55,5,3,0,4.9951,0.4576,WARMING_UP,WARMING_UP,WARMING_UP,0.0,0,84.548
2696,58.8967,,0,5.0,0.55,5,3,0,4.9965,0.4576,WARMING_UP,WARMING_UP,WARMING_UP,0.0,0,83.984
2697,58.9093,,0,5.0,0.55,5,3,0,4.9957,0.4545,WARMING_UP,WARMING_UP,WARMING_UP,0.0,0,84.377
2698,58.9207,,0,5.0,0.55,5,3,0,4.9946,0.4515,WARMING_UP,WARMING_UP,WARMING_UP,0.0,0,85.655
2699,58.9309,,0,5.0,0.55,5,3,0,4.9908,0.4485,WARMING_UP,WARMING_UP,WARMING_UP,0.0,0,86.587
2700,58.9414,,0,5.0,0.55,5,3,0,4.9878,0.4455,WARMING_UP,WARMING_UP,WARMING_UP,0.0,0,86.737
2701,58.9529,,0,5.0,0.55,5,3,0,4.9992,0.4471,WARMING_UP,WARMING_UP,WARMING_UP,0.0,0,87.21
2702,58.9638,,0,5.0,0.55,5,3,0,4.9951,0.4471,WARMING_UP,WARMING_UP,WARMING_UP,0.0,0,86.552
2703,58.9762,,0,5.0,0.55,5,3,0,4.9428,0.4471,WARMING_UP,WARMING_UP,WARMING_UP,0.0,0,86.162
2704,58.9882,,0,5.0,0.55,5,3,0,4.9549,0.4488,WARMING_UP,WARMING_UP,WARMING_UP,0.0,0,85.248
2705,59.0012,,0,5.0,0.55,5,3,0,4.9679,0.4505,WARMING_UP,WARMING_UP,WARMING_UP,0.0,0,85.794
2706,59.0126,,0,5.0,0.55,5,3,0,4.9793,0.4521,WARMING_UP,WARMING_UP,WARMING_UP,0.0,0,85.171
2707,59.0249,,0,5.0,0.55,5,3,0,4.9916,0.4537,WARMING_UP,WARMING_UP,WARMING_UP,0.0,0,83.358
2708,59.0399,,0,5.0,0.55,5,3,0,4.9929,0.4537,WARMING_UP,WARMING_UP,WARMING_UP,0.0,0,82.74
2709,59.0528,,0,5.0,0.55,5,3,0,4.9929,0.4537,WARMING_UP,WARMING_UP,WARMING_UP,0.0,0,83.443
2710,59.0639,,0,5.0,0.55,5,3,0,4.9909,0.4537,WARMING_UP,WARMING_UP,WARMING_UP,0.0,0,83.725
2711,59.0754,,0,5.0,0.55,5,3,0,4.9886,0.4537,WARMING_UP,WARMING_UP,WARMING_UP,0.0,0,83.822
2712,59.0874,,0,5.0,0.55,5,3,0,4.9862,0.4537,WARMING_UP,WARMING_UP,WARMING_UP,0.0,0,84.413
2713,59.0994,,0,5.0,0.55,5,3,0,4.9983,0.4554,WARMING_UP,WARMING_UP,WARMING_UP,0.0,0,83.916
2714,59.1108,,0,5.0,0.55,5,3,0,4.996,0.4554,WARMING_UP,WARMING_UP,WARMING_UP,0.0,0,83.912
2715,59.123,,0,5.0,0.55,5,3,0,4.996,0.4554,WARMING_UP,WARMING_UP,WARMING_UP,0.0,0,83.191
2716,59.136,,0,5.0,0.55,5,3,0,4.9965,0.4554,WARMING_UP,WARMING_UP,WARMING_UP,0.0,0,83.809
2717,59.147,,0,5.0,0.55,5,3,0,4.9847,0.4554,WARMING_UP,WARMING_UP,WARMING_UP,0.0,0,80.502
2718,59.1671,,0,5.0,0.55,5,3,0,4.9922,0.4554,WARMING_UP,WARMING_UP,WARMING_UP,0.0,0,80.025
2719,59.1805,,0,5.0,0.55,5,3,0,4.9905,0.4554,WARMING_UP,WARMING_UP,WARMING_UP,0.0,0,80.357
2720,59.1919,,0,5.0,0.55,5,3,0,4.987,0.4554,WARMING_UP,WARMING_UP,WARMING_UP,0.0,0,78.469
2721,59.2083,,0,5.0,0.55,5,3,0,4.981,0.4554,WARMING_UP,WARMING_UP,WARMING_UP,0.0,0,78.98
2722,59.2203,,0,5.0,0.55,5,3,0,4.9931,0.457,WARMING_UP,WARMING_UP,WARMING_UP,0.0,0,80.11
2723,59.2315,,0,5.0,0.55,5,3,0,4.9413,0.457,WARMING_UP,WARMING_UP,WARMING_UP,0.0,0,80.713
2724,59.2429,,0,5.0,0.55,5,3,0,4.9527,0.4586,WARMING_UP,WARMING_UP,WARMING_UP,0.0,0,78.284
2725,59.2608,,0,5.0,0.55,5,3,0,4.9705,0.4602,WARMING_UP,WARMING_UP,WARMING_UP,0.0,0,78.077
2726,59.2738,,0,5.0,0.55,5,3,0,4.9835,0.4618,WARMING_UP,WARMING_UP,WARMING_UP,0.0,0,77.787
2727,59.2872,,0,5.0,0.55,5,3,0,4.9969,0.4633,WARMING_UP,WARMING_UP,WARMING_UP,0.0,0,78.824
2728,59.2985,,0,5.0,0.55,5,3,0,4.9936,0.4633,WARMING_UP,WARMING_UP,WARMING_UP,0.0,0,75.972
2729,59.3184,,0,5.0,0.55,5,3,0,4.9975,0.4633,WARMING_UP,WARMING_UP,WARMING_UP,0.0,0,74.748
2730,59.3343,,0,5.0,0.55,5,3,0,4.9987,0.4633,WARMING_UP,WARMING_UP,WARMING_UP,0.0,0,72.601
2731,59.3528,,0,5.0,0.55,5,3,0,4.9885,0.4618,WARMING_UP,WARMING_UP,WARMING_UP,0.0,0,73.776
2732,59.3647,,0,5.0,0.55,5,3,0,4.9846,0.4618,WARMING_UP,WARMING_UP,WARMING_UP,0.0,0,74.824
2733,59.3765,,0,5.0,0.55,5,3,0,4.9964,0.4633,WARMING_UP,WARMING_UP,WARMING_UP,0.0,0,75.2
2734,59.3893,,0,5.0,0.55,5,3,0,4.9965,0.4633,WARMING_UP,WARMING_UP,WARMING_UP,0.0,0,75.485
2735,59.402,,0,5.0,0.55,5,3,0,4.9953,0.4633,WARMING_UP,WARMING_UP,WARMING_UP,0.0,0,77.008
2736,59.4134,,0,5.0,0.55,5,3,0,4.9906,0.4633,WARMING_UP,WARMING_UP,WARMING_UP,0.0,0,77.301
2737,59.4256,,0,5.0,0.55,5,3,0,4.9858,0.4633,WARMING_UP,WARMING_UP,WARMING_UP,0.0,0,78.073
2738,59.4374,,0,5.0,0.55,5,3,0,4.9977,0.4649,WARMING_UP,WARMING_UP,WARMING_UP,0.0,0,78.327
2739,59.4502,,0,5.0,0.55,5,3,0,4.9939,0.4649,WARMING_UP,WARMING_UP,WARMING_UP,0.0,0,78.75
2740,59.4617,,0,5.0,0.55,5,3,0,4.9907,0.4649,WARMING_UP,WARMING_UP,WARMING_UP,0.0,0,79.793
2741,59.4733,,0,5.0,0.55,5,3,0,4.9847,0.4649,WARMING_UP,WARMING_UP,WARMING_UP,0.0,0,79.357
2742,59.4867,,0,5.0,0.55,5,3,0,4.9981,0.4665,WARMING_UP,WARMING_UP,WARMING_UP,0.0,0,79.23
2743,59.4997,,0,5.0,0.55,5,3,0,4.9571,0.4665,WARMING_UP,WARMING_UP,WARMING_UP,0.0,0,79.22
2744,59.5118,,0,5.0,0.55,5,3,0,4.9692,0.468,WARMING_UP,WARMING_UP,WARMING_UP,0.0,0,76.386
2745,59.5316,,0,5.0,0.55,5,3,0,4.989,0.4696,WARMING_UP,WARMING_UP,WARMING_UP,0.0,0,77.052
2746,59.5437,,0,5.0,0.55,5,3,0,4.9876,0.4696,WARMING_UP,WARMING_UP,WARMING_UP,0.0,0,77.695
2747,59.5558,,0,5.0,0.55,5,3,0,4.9998,0.4711,WARMING_UP,WARMING_UP,WARMING_UP,0.0,0,77.343
2748,59.569,,0,5.0,0.55,5,3,0,4.9982,0.4711,WARMING_UP,WARMING_UP,WARMING_UP,0.0,0,78.039
2749,59.581,,0,5.0,0.55,5,3,0,4.9959,0.4711,WARMING_UP,WARMING_UP,WARMING_UP,0.0,0,77.499
2750,59.5946,,0,5.0,0.55,5,3,0,4.9932,0.4711,WARMING_UP,WARMING_UP,WARMING_UP,0.0,0,75.036
2751,59.6137,,0,5.0,0.55,5,3,0,4.9977,0.4711,WARMING_UP,WARMING_UP,WARMING_UP,0.0,0,75.976
2752,59.6252,,0,5.0,0.55,5,3,0,4.9971,0.4711,WARMING_UP,WARMING_UP,WARMING_UP,0.0,0,76.508
2753,59.6377,,0,5.0,0.55,5,3,0,4.9974,0.4711,WARMING_UP,WARMING_UP,WARMING_UP,0.0,0,77.637
2754,59.6499,,0,5.0,0.55,5,3,0,4.9961,0.4711,WARMING_UP,WARMING_UP,WARMING_UP,0.0,0,77.714
2755,59.6617,,0,5.0,0.55,5,3,0,4.9935,0.4711,WARMING_UP,WARMING_UP,WARMING_UP,0.0,0,78.309
2756,59.6737,,0,5.0,0.55,5,3,0,4.9911,0.4711,WARMING_UP,WARMING_UP,WARMING_UP,0.0,0,78.47
2757,59.6866,,0,5.0,0.55,5,3,0,4.9911,0.4711,WARMING_UP,WARMING_UP,WARMING_UP,0.0,0,76.098
2758,59.7045,,0,5.0,0.55,5,3,0,4.9967,0.4711,WARMING_UP,WARMING_UP,WARMING_UP,0.0,0,77.626
2759,59.7159,,0,5.0,0.55,5,3,0,4.9944,0.4711,WARMING_UP,WARMING_UP,WARMING_UP,0.0,0,77.54
2760,59.7285,,0,5.0,0.55,5,3,0,4.9888,0.4711,WARMING_UP,WARMING_UP,WARMING_UP,0.0,0,78.142
2761,59.7404,,0,5.0,0.55,5,3,0,4.9474,0.4711,WARMING_UP,WARMING_UP,WARMING_UP,0.0,0,78.68
2762,59.7524,,0,5.0,0.55,5,3,0,4.9594,0.4726,WARMING_UP,WARMING_UP,WARMING_UP,0.0,0,79.665
2763,59.7638,,0,5.0,0.55,5,3,0,4.9708,0.4741,WARMING_UP,WARMING_UP,WARMING_UP,0.0,0,79.382
2764,59.7767,,0,5.0,0.55,5,3,0,4.9836,0.4756,WARMING_UP,WARMING_UP,WARMING_UP,0.0,0,79.235
2765,59.7896,,0,5.0,0.55,5,3,0,4.9966,0.4771,WARMING_UP,WARMING_UP,WARMING_UP,0.0,0,78.61
2766,59.8033,,0,5.0,0.55,5,3,0,4.9978,0.4771,WARMING_UP,WARMING_UP,WARMING_UP,0.0,0,78.983
2767,59.8159,,0,5.0,0.55,5,3,0,4.9952,0.4771,WARMING_UP,WARMING_UP,WARMING_UP,0.0,0,78.636
2768,59.8287,,0,5.0,0.55,5,3,0,4.994,0.4771,WARMING_UP,WARMING_UP,WARMING_UP,0.0,0,78.448
2769,59.8417,,0,5.0,0.55,5,3,0,4.9924,0.4771,WARMING_UP,WARMING_UP,WARMING_UP,0.0,0,78.596
2770,59.8543,,0,5.0,0.55,5,3,0,4.9929,0.4771,WARMING_UP,WARMING_UP,WARMING_UP,0.0,0,79.36
2771,59.8662,,0,5.0,0.55,5,3,0,4.9921,0.4771,WARMING_UP,WARMING_UP,WARMING_UP,0.0,0,79.792
2772,59.8776,,0,5.0,0.55,5,3,0,4.9901,0.4771,WARMING_UP,WARMING_UP,WARMING_UP,0.0,0,80.538
2773,59.8892,,0,5.0,0.55,5,3,0,4.9871,0.4771,WARMING_UP,WARMING_UP,WARMING_UP,0.0,0,78.046
2774,59.9072,,0,5.0,0.55,5,3,0,4.9904,0.4771,WARMING_UP,WARMING_UP,WARMING_UP,0.0,0,77.518
2775,59.921,,0,5.0,0.55,5,3,0,4.9919,0.4771,WARMING_UP,WARMING_UP,WARMING_UP,0.0,0,78.072
2776,59.9334,,0,5.0,0.55,5,3,0,4.9915,0.4771,WARMING_UP,WARMING_UP,WARMING_UP,0.0,0,78.414
2777,59.9452,,0,5.0,0.55,5,3,0,4.9892,0.4771,WARMING_UP,WARMING_UP,WARMING_UP,0.0,0,78.312
2778,59.9582,,0,5.0,0.55,5,3,0,4.9883,0.4771,WARMING_UP,WARMING_UP,WARMING_UP,0.0,0,77.304
2779,59.973,,0,5.0,0.55,5,3,0,4.9883,0.4771,WARMING_UP,WARMING_UP,WARMING_UP,0.0,0,77.398
2780,59.9856,,0,5.0,0.55,5,3,0,4.9853,0.4771,WARMING_UP,WARMING_UP,WARMING_UP,0.0,0,78.557
2781,59.9975,,0,5.0,0.55,5,3,0,4.9972,0.4786,WARMING_UP,WARMING_UP,WARMING_UP,0.0,0,76.218
2782,60.015,,0,5.0,0.55,5,3,0,4.9638,0.4786,WARMING_UP,WARMING_UP,WARMING_UP,0.0,0,77.386
2783,60.0262,,0,5.0,0.55,5,3,0,4.9751,0.4801,WARMING_UP,WARMING_UP,WARMING_UP,0.0,0,74.947
2784,60.0453,,0,5.0,0.55,5,3,0,4.9941,0.4816,WARMING_UP,WARMING_UP,WARMING_UP,0.0,0,72.437
2785,60.0654,,0,5.0,0.55,5,3,0,4.99,0.4801,WARMING_UP,WARMING_UP,WARMING_UP,0.0,0,71.088
2786,60.0827,,0,5.0,0.55,5,3,0,4.9948,0.4801,WARMING_UP,WARMING_UP,WARMING_UP,0.0,0,68.821
2787,60.103,,0,5.0,0.55,5,3,0,4.9895,0.4786,WARMING_UP,WARMING_UP,WARMING_UP,0.0,0,70.277
2788,60.1149,,0,5.0,0.55,5,3,0,4.9896,0.4786,WARMING_UP,WARMING_UP,WARMING_UP,0.0,0,68.44
2789,60.1343,,0,5.0,0.55,5,3,0,4.9966,0.4786,WARMING_UP,WARMING_UP,WARMING_UP,0.0,0,67.061
2790,60.1525,,0,5.0,0.55,5,3,0,4.989,0.4771,WARMING_UP,WARMING_UP,WARMING_UP,0.0,0,69.01
2791,60.1642,,0,5.0,0.55,5,3,0,4.9889,0.4771,WARMING_UP,WARMING_UP,WARMING_UP,0.0,0,70.733
2792,60.1759,,0,5.0,0.55,5,3,0,4.9878,0.4771,WARMING_UP,WARMING_UP,WARMING_UP,0.0,0,71.235
2793,60.1891,,0,5.0,0.55,5,3,0,4.9885,0.4771,WARMING_UP,WARMING_UP,WARMING_UP,0.0,0,71.492
2794,60.2024,,0,5.0,0.55,5,3,0,4.9904,0.4771,WARMING_UP,WARMING_UP,WARMING_UP,0.0,0,70.205
2795,60.2195,,0,5.0,0.55,5,3,0,4.9937,0.4771,WARMING_UP,WARMING_UP,WARMING_UP,0.0,0,71.851
2796,60.231,,0,5.0,0.55,5,3,0,4.9926,0.4771,WARMING_UP,WARMING_UP,WARMING_UP,0.0,0,72.535
2797,60.2441,,0,5.0,0.55,5,3,0,4.9937,0.4771,WARMING_UP,WARMING_UP,WARMING_UP,0.0,0,72.958
2798,60.2566,,0,5.0,0.55,5,3,0,4.9559,0.4771,WARMING_UP,WARMING_UP,WARMING_UP,0.0,0,70.856
2799,60.276,,0,5.0,0.55,5,3,0,4.9752,0.4786,WARMING_UP,WARMING_UP,WARMING_UP,0.0,0,69.665
2800,60.2929,,0,5.0,0.55,5,3,0,4.9922,0.4801,WARMING_UP,WARMING_UP,WARMING_UP,0.0,0,71.228
2801,60.3046,,0,5.0,0.55,5,3,0,4.9915,0.4801,WARMING_UP,WARMING_UP,WARMING_UP,0.0,0,72.402
2802,60.317,,0,5.0,0.55,5,3,0,4.9921,0.4801,WARMING_UP,WARMING_UP,WARMING_UP,0.0,0,73.082
2803,60.3293,,0,5.0,0.55,5,3,0,4.9927,0.4801,WARMING_UP,WARMING_UP,WARMING_UP,0.0,0,74.466
2804,60.3407,,0,5.0,0.55,5,3,0,4.9912,0.4801,WARMING_UP,WARMING_UP,WARMING_UP,0.0,0,72.492
2805,60.3591,,0,5.0,0.55,5,3,0,4.9977,0.4801,WARMING_UP,WARMING_UP,WARMING_UP,0.0,0,73.119
2806,60.3722,,0,5.0,0.55,5,3,0,4.9992,0.4801,WARMING_UP,WARMING_UP,WARMING_UP,0.0,0,70.912
2807,60.3915,,0,5.0,0.55,5,3,0,4.9922,0.4786,WARMING_UP,WARMING_UP,WARMING_UP,0.0,0,72.797
2808,60.4027,,0,5.0,0.55,5,3,0,4.9907,0.4786,WARMING_UP,WARMING_UP,WARMING_UP,0.0,0,73.665
2809,60.4148,,0,5.0,0.55,5,3,0,4.9824,0.4786,WARMING_UP,WARMING_UP,WARMING_UP,0.0,0,74.337
2810,60.4272,,0,5.0,0.55,5,3,0,4.9949,0.4801,WARMING_UP,WARMING_UP,WARMING_UP,0.0,0,75.416
2811,60.4389,,0,5.0,0.55,5,3,0,4.9947,0.4801,WARMING_UP,WARMING_UP,WARMING_UP,0.0,0,76.584
2812,60.4507,,0,5.0,0.55,5,3,0,4.9882,0.4801,WARMING_UP,WARMING_UP,WARMING_UP,0.0,0,73.369
2813,60.473,,0,5.0,0.55,5,3,0,4.9984,0.4801,WARMING_UP,WARMING_UP,WARMING_UP,0.0,0,74.637
2814,60.4849,,0,5.0,0.55,5,3,0,4.9971,0.4801,WARMING_UP,WARMING_UP,WARMING_UP,0.0,0,72.697
2815,60.5029,,0,5.0,0.55,5,3,0,4.9507,0.4786,WARMING_UP,WARMING_UP,WARMING_UP,0.0,0,73.666
2816,60.5151,,0,5.0,0.55,5,3,0,4.9629,0.4801,WARMING_UP,WARMING_UP,WARMING_UP,0.0,0,71.283
2817,60.5351,,0,5.0,0.55,5,3,0,4.9829,0.4816,WARMING_UP,WARMING_UP,WARMING_UP,0.0,0,72.535
2818,60.5468,,0,5.0,0.55,5,3,0,4.9945,0.4831,WARMING_UP,WARMING_UP,WARMING_UP,0.0,0,70.356
2819,60.5673,,0,5.0,0.55,5,3,0,4.9898,0.4816,WARMING_UP,WARMING_UP,WARMING_UP,0.0,0,71.202
2820,60.5791,,0,5.0,0.55,5,3,0,4.9897,0.4816,WARMING_UP,WARMING_UP,WARMING_UP,0.0,0,68.788
2821,60.601,,0,5.0,0.55,5,3,0,5.0,0.4816,WARMING_UP,WARMING_UP,WARMING_UP,0.0,0,70.025
2822,60.6126,,0,5.0,0.55,5,3,0,4.9997,0.4816,WARMING_UP,WARMING_UP,WARMING_UP,0.0,0,71.122
2823,60.6251,,0,5.0,0.55,5,3,0,4.9882,0.4801,WARMING_UP,WARMING_UP,WARMING_UP,0.0,0,71.606
2824,60.6384,,0,5.0,0.55,5,3,0,4.9883,0.4801,WARMING_UP,WARMING_UP,WARMING_UP,0.0,0,73.074
2825,60.6503,,0,5.0,0.55,5,3,0,4.9891,0.4801,WARMING_UP,WARMING_UP,WARMING_UP,0.0,0,74.005
2826,60.6619,,0,5.0,0.55,5,3,0,4.9891,0.4801,WARMING_UP,WARMING_UP,WARMING_UP,0.0,0,74.854
2827,60.6741,,0,5.0,0.55,5,3,0,4.9842,0.4801,WARMING_UP,WARMING_UP,WARMING_UP,0.0,0,75.073
2828,60.6871,,0,5.0,0.55,5,3,0,4.9972,0.4816,WARMING_UP,WARMING_UP,WARMING_UP,0.0,0,75.681
2829,60.6999,,0,5.0,0.55,5,3,0,4.9975,0.4816,WARMING_UP,WARMING_UP,WARMING_UP,0.0,0,72.817
2830,60.7209,,0,5.0,0.55,5,3,0,4.9992,0.4816,WARMING_UP,WARMING_UP,WARMING_UP,0.0,0,74.038
2831,60.7324,,0,5.0,0.55,5,3,0,4.9984,0.4816,WARMING_UP,WARMING_UP,WARMING_UP,0.0,0,75.427
2832,60.7439,,0,5.0,0.55,5,3,0,4.9945,0.4816,WARMING_UP,WARMING_UP,WARMING_UP,0.0,0,75.755
2833,60.7566,,0,5.0,0.55,5,3,0,4.9952,0.4816,WARMING_UP,WARMING_UP,WARMING_UP,0.0,0,76.613
2834,60.7685,,0,5.0,0.55,5,3,0,4.9471,0.4816,WARMING_UP,WARMING_UP,WARMING_UP,0.0,0,77.186
2835,60.7809,,0,5.0,0.55,5,3,0,4.9595,0.4831,WARMING_UP,WARMING_UP,WARMING_UP,0.0,0,77.448
2836,60.7931,,0,5.0,0.55,5,3,0,4.9717,0.4845,WARMING_UP,WARMING_UP,WARMING_UP,0.0,0,77.514
2837,60.8059,,0,5.0,0.55,5,3,0,4.9845,0.486,WARMING_UP,WARMING_UP,WARMING_UP,0.0,0,76.797
2838,60.8201,,0,5.0,0.55,5,3,0,4.9987,0.4874,WARMING_UP,WARMING_UP,WARMING_UP,0.0,0,77.89
2839,60.8316,,0,5.0,0.55,5,3,0,4.9976,0.4874,WARMING_UP,WARMING_UP,WARMING_UP,0.0,0,78.37
2840,60.8436,,0,5.0,0.55,5,3,0,4.997,0.4874,WARMING_UP,WARMING_UP,WARMING_UP,0.0,0,76.347
2841,60.8614,,0,5.0,0.55,5,3,0,4.9897,0.486,WARMING_UP,WARMING_UP,WARMING_UP,0.0,0,76.457
2842,60.8737,,0,5.0,0.55,5,3,0,4.9877,0.486,WARMING_UP,WARMING_UP,WARMING_UP,0.0,0,73.841
2843,60.8938,,0,5.0,0.55,5,3,0,4.9932,0.486,WARMING_UP,WARMING_UP,WARMING_UP,0.0,0,71.382
2844,60.9146,,0,5.0,0.55,5,3,0,4.9981,0.486,WARMING_UP,WARMING_UP,WARMING_UP,0.0,0,72.08
2845,60.9269,,0,5.0,0.55,5,3,0,4.9984,0.486,WARMING_UP,WARMING_UP,WARMING_UP,0.0,0,72.323
2846,60.9401,,0,5.0,0.55,5,3,0,4.9982,0.486,WARMING_UP,WARMING_UP,WARMING_UP,0.0,0,70.336
2847,60.9593,,0,5.0,0.55,5,3,0,4.9912,0.4845,WARMING_UP,WARMING_UP,WARMING_UP,0.0,0,68.603
2848,60.9781,,0,5.0,0.55,5,3,0,4.9964,0.4845,WARMING_UP,WARMING_UP,WARMING_UP,0.0,0,69.509
2849,60.9909,,0,5.0,0.55,5,3,0,4.9971,0.4845,WARMING_UP,WARMING_UP,WARMING_UP,0.0,0,69.853
2850,61.0046,,0,5.0,0.55,5,3,0,4.998,0.4845,WARMING_UP,WARMING_UP,WARMING_UP,0.0,0,71.334
2851,61.0166,,0,5.0,0.55,5,3,0,4.9955,0.4845,WARMING_UP,WARMING_UP,WARMING_UP,0.0,0,72.448
2852,61.0285,,0,5.0,0.55,5,3,0,4.9448,0.4845,WARMING_UP,WARMING_UP,WARMING_UP,0.0,0,73.306
2853,61.0415,,0,5.0,0.55,5,3,0,4.9578,0.486,WARMING_UP,WARMING_UP,WARMING_UP,0.0,0,72.849
2854,61.0554,,0,5.0,0.55,5,3,0,4.9718,0.4874,WARMING_UP,WARMING_UP,WARMING_UP,0.0,0,74.285
2855,61.0675,,0,5.0,0.55,5,3,0,4.9838,0.4888,WARMING_UP,WARMING_UP,WARMING_UP,0.0,0,74.932
2856,61.0793,,0,5.0,0.55,5,3,0,4.9956,0.4903,WARMING_UP,WARMING_UP,WARMING_UP,0.0,0,72.383
2857,61.0996,,0,5.0,0.55,5,3,0,4.9911,0.4888,WARMING_UP,WARMING_UP,WARMING_UP,0.0,0,70.01
2858,61.1202,,0,5.0,0.55,5,3,0,4.9979,0.4888,WARMING_UP,WARMING_UP,WARMING_UP,0.0,0,68.393
2859,61.1391,,0,5.0,0.55,5,3,0,4.9918,0.4874,WARMING_UP,WARMING_UP,WARMING_UP,0.0,0,66.257
2860,61.1599,,0,5.0,0.55,5,3,0,4.9878,0.486,WARMING_UP,WARMING_UP,WARMING_UP,0.0,0,67.109
2861,61.1734,,0,5.0,0.55,5,3,0,4.9885,0.486,WARMING_UP,WARMING_UP,WARMING_UP,0.0,0,65.748
2862,61.192,,0,5.0,0.55,5,3,0,4.995,0.486,WARMING_UP,WARMING_UP,WARMING_UP,0.0,0,64.556
2863,61.2105,,0,5.0,0.55,5,3,0,4.9881,0.4845,WARMING_UP,WARMING_UP,WARMING_UP,0.0,0,66.027
2864,61.2231,,0,5.0,0.55,5,3,0,4.9876,0.4845,WARMING_UP,WARMING_UP,WARMING_UP,0.0,0,66.11
2865,61.2384,,0,5.0,0.55,5,3,0,4.9896,0.4845,WARMING_UP,WARMING_UP,WARMING_UP,0.0,0,67.185
2866,61.2515,,0,5.0,0.55,5,3,0,4.9907,0.4845,WARMING_UP,WARMING_UP,WARMING_UP,0.0,0,68.482
2867,61.2637,,0,5.0,0.55,5,3,0,4.9908,0.4845,WARMING_UP,WARMING_UP,WARMING_UP,0.0,0,68.646
2868,61.2778,,0,5.0,0.55,5,3,0,4.9539,0.4845,WARMING_UP,WARMING_UP,WARMING_UP,0.0,0,69.623
2869,61.2908,,0,5.0,0.55,5,3,0,4.9669,0.486,WARMING_UP,WARMING_UP,WARMING_UP,0.0,0,69.723
2870,61.3048,,0,5.0,0.55,5,3,0,4.9809,0.4874,WARMING_UP,WARMING_UP,WARMING_UP,0.0,0,67.611
2871,61.3254,,0,5.0,0.55,5,3,0,4.9879,0.4874,WARMING_UP,WARMING_UP,WARMING_UP,0.0,0,65.716
2872,61.3459,,0,5.0,0.55,5,3,0,4.9916,0.4902,WARMING_UP,WARMING_UP,WARMING_UP,0.0,0,67.015
2873,61.3586,,0,5.0,0.55,5,3,0,4.9859,0.493,WARMING_UP,WARMING_UP,WARMING_UP,0.0,0,67.103
2874,61.3734,,0,5.0,0.55,5,3,0,4.9897,0.4958,WARMING_UP,WARMING_UP,WARMING_UP,0.0,0,66.825
2875,61.3889,,0,5.0,0.55,5,3,0,4.9916,0.4986,WARMING_UP,WARMING_UP,WARMING_UP,0.0,0,68.821
2876,61.4011,,0,5.0,0.55,5,3,0,4.993,0.5014,WARMING_UP,WARMING_UP,WARMING_UP,0.0,0,70.002
2877,61.4127,,0,5.0,0.55,5,3,0,4.9935,0.5042,WARMING_UP,WARMING_UP,WARMING_UP,0.0,0,70.983
2878,61.4253,,0,5.0,0.55,5,3,0,4.9918,0.507,WARMING_UP,WARMING_UP,WARMING_UP,0.0,0,71.4
2879,61.4386,,0,5.0,0.55,5,3,0,4.9941,0.5098,WARMING_UP,WARMING_UP,WARMING_UP,0.0,0,72.73
2880,61.4512,,0,5.0,0.55,5,3,0,4.9947,0.5126,WARMING_UP,WARMING_UP,WARMING_UP,0.0,0,73.34
2881,61.4631,,0,5.0,0.55,5,3,0,4.9941,0.5154,WARMING_UP,WARMING_UP,WARMING_UP,0.0,0,73.513
2882,61.4765,,0,5.0,0.55,5,3,0,4.9967,0.5182,WARMING_UP,WARMING_UP,WARMING_UP,0.0,0,73.337
2883,61.4905,,0,5.0,0.55,5,3,0,4.9999,0.521,WARMING_UP,WARMING_UP,WARMING_UP,0.0,0,73.138
2884,61.5045,,0,5.0,0.55,5,3,0,4.9914,0.5253,WARMING_UP,WARMING_UP,WARMING_UP,0.0,0,70.739
2885,61.5249,,0,5.0,0.55,5,3,0,4.9953,0.5281,WARMING_UP,WARMING_UP,WARMING_UP,0.0,0,70.714
2886,61.539,,0,5.0,0.55,5,3,0,4.9598,0.5309,WARMING_UP,WARMING_UP,WARMING_UP,0.0,0,72.284
2887,61.5508,,0,5.0,0.55,5,3,0,4.9717,0.5322,WARMING_UP,WARMING_UP,WARMING_UP,0.0,0,73.37
2888,61.5624,,0,5.0,0.55,5,3,0,4.9833,0.5335,WARMING_UP,WARMING_UP,WARMING_UP,0.0,0,73.049
2889,61.577,,0,5.0,0.55,5,3,0,4.9979,0.5348,WARMING_UP,WARMING_UP,WARMING_UP,0.0,0,72.594
2890,61.5915,,0,5.0,0.55,5,3,0,4.9826,0.5391,WARMING_UP,WARMING_UP,WARMING_UP,0.0,0,72.419
2891,61.6055,,0,5.0,0.55,5,3,0,4.9966,0.5404,WARMING_UP,WARMING_UP,WARMING_UP,0.0,0,73.559
2892,61.6179,,0,5.0,0.55,5,3,0,4.9976,0.5432,WARMING_UP,WARMING_UP,WARMING_UP,0.0,0,71.207
2893,61.6375,,0,5.0,0.55,5,3,0,4.9948,0.5475,WARMING_UP,WARMING_UP,WARMING_UP,0.0,0,68.875
2894,61.6585,,0,5.0,0.55,5,3,0,4.9925,0.5518,WARMING_UP,WARMING_UP,WARMING_UP,0.0,0,69.333
2895,61.672,,0,5.0,0.55,5,3,0,4.9952,0.5546,WARMING_UP,WARMING_UP,WARMING_UP,0.0,0,70.801
2896,61.684,,0,5.0,0.55,5,3,0,4.996,0.5574,WARMING_UP,WARMING_UP,WARMING_UP,0.0,0,71.759
2897,61.6962,,0,5.0,0.55,5,3,0,4.992,0.5602,WARMING_UP,WARMING_UP,WARMING_UP,0.0,0,72.444
2898,61.7091,,0,5.0,0.55,5,3,0,4.9866,0.563,WARMING_UP,WARMING_UP,WARMING_UP,0.0,0,71.638
2899,61.7246,,0,5.0,0.55,5,3,0,4.9914,0.5658,WARMING_UP,WARMING_UP,WARMING_UP,0.0,0,69.764
2900,61.7435,,0,5.0,0.55,5,3,0,4.9994,0.5686,WARMING_UP,WARMING_UP,WARMING_UP,0.0,0,69.974
2901,61.7574,,0,5.0,0.55,5,3,0,4.9848,0.573,WARMING_UP,WARMING_UP,WARMING_UP,0.0,0,70.255
2902,61.771,,0,5.0,0.55,5,3,0,4.9985,0.5742,WARMING_UP,WARMING_UP,WARMING_UP,0.0,0,71.425
2903,61.7834,,0,5.0,0.55,5,3,0,4.9425,0.5787,WARMING_UP,WARMING_UP,WARMING_UP,0.0,0,72.49
2904,61.7954,,0,5.0,0.55,5,3,0,4.9546,0.5798,WARMING_UP,WARMING_UP,WARMING_UP,0.0,0,70.69
2905,61.8138,,0,5.0,0.55,5,3,0,4.9729,0.581,WARMING_UP,WARMING_UP,WARMING_UP,0.0,0,71.651
2906,61.8262,,0,5.0,0.55,5,3,0,4.9854,0.5822,WARMING_UP,WARMING_UP,WARMING_UP,0.0,0,72.064
2907,61.8396,,0,5.0,0.55,5,3,0,4.9987,0.5833,WARMING_UP,WARMING_UP,WARMING_UP,0.0,0,71.565
2908,61.8547,,0,5.0,0.55,5,3,0,4.9935,0.5861,WARMING_UP,WARMING_UP,WARMING_UP,0.0,0,72.091
2909,61.868,,0,5.0,0.55,5,3,0,4.9958,0.5889,WARMING_UP,WARMING_UP,WARMING_UP,0.0,0,72.351
2910,61.881,,0,5.0,0.55,5,3,0,4.9959,0.5917,WARMING_UP,WARMING_UP,WARMING_UP,0.0,0,71.242
2911,61.8971,,0,5.0,0.55,5,3,0,4.9935,0.5944,WARMING_UP,WARMING_UP,WARMING_UP,0.0,0,69.59
2912,61.9155,,0,5.0,0.55,5,3,0,4.9964,0.5972,WARMING_UP,WARMING_UP,WARMING_UP,0.0,0,70.97
2913,61.9274,,0,5.0,0.55,5,3,0,4.9969,0.6,leg_raise_lower,UNKNOWN,UNKNOWN,0.25,1,65.844
2914,61.9786,,0,5.0,0.55,5,3,0,4.9938,0.6061,leg_raise_lower,UNKNOWN,UNKNOWN,0.25,0,66.842
2915,61.9914,,0,5.0,0.55,5,3,0,4.9959,0.6089,leg_raise_lower,UNKNOWN,UNKNOWN,0.25,0,67.758
2916,62.0044,,0,5.0,0.55,5,3,0,4.9979,0.6117,leg_raise_lower,UNKNOWN,UNKNOWN,0.25,0,68.201
2917,62.0185,,0,5.0,0.55,5,3,0,4.9893,0.6162,leg_raise_lower,UNKNOWN,UNKNOWN,0.25,0,66.31
2918,62.0387,,0,5.0,0.55,5,3,0,4.9976,0.619,leg_raise_lower,UNKNOWN,UNKNOWN,0.25,0,67.638
2919,62.0515,,0,5.0,0.55,5,3,0,4.9605,0.6218,leg_raise_lower,UNKNOWN,UNKNOWN,0.25,0,68.456
2920,62.0645,,0,5.0,0.55,5,3,0,4.9734,0.6229,leg_raise_lower,UNKNOWN,UNKNOWN,0.25,0,69.241
2921,62.0775,,0,5.0,0.55,5,3,0,4.9864,0.624,leg_raise_lower,UNKNOWN,UNKNOWN,0.25,0,69.729
2922,62.0909,,0,5.0,0.55,5,3,0,4.9999,0.625,leg_raise_lower,UNKNOWN,UNKNOWN,0.25,0,70.416
2923,62.1042,,0,5.0,0.55,5,3,0,4.9903,0.6295,leg_raise_lower,UNKNOWN,UNKNOWN,0.25,0,71.59
2924,62.1163,,0,5.0,0.55,5,3,0,4.9905,0.6323,leg_raise_lower,UNKNOWN,UNKNOWN,0.25,0,72.188
2925,62.129,,0,5.0,0.55,5,3,0,4.9902,0.6351,leg_raise_lower,UNKNOWN,UNKNOWN,0.25,0,72.096
2926,62.1431,,0,5.0,0.55,5,3,0,4.9919,0.6379,leg_raise_lower,UNKNOWN,UNKNOWN,0.25,0,71.888
2927,62.1574,,0,5.0,0.55,5,3,0,4.9949,0.6407,leg_raise_lower,UNKNOWN,UNKNOWN,0.25,0,70.312
2928,62.1752,,0,5.0,0.55,5,3,0,4.9884,0.6453,leg_raise_lower,UNKNOWN,UNKNOWN,0.25,0,70.083
2929,62.19,,0,5.0,0.55,5,3,0,4.9925,0.648,leg_raise_lower,UNKNOWN,UNKNOWN,0.2333,1,64.723
2930,62.251,,0,5.0,0.55,5,3,0,4.9983,0.6563,leg_raise_lower,UNKNOWN,UNKNOWN,0.2333,0,66.088
2931,62.2634,,0,5.0,0.55,5,3,0,4.9807,0.661,leg_raise_lower,UNKNOWN,UNKNOWN,0.2333,0,66.92
2932,62.2767,,0,5.0,0.55,5,3,0,4.994,0.662,leg_raise_lower,UNKNOWN,UNKNOWN,0.2333,0,68.351
2933,62.2891,,0,5.0,0.55,5,3,0,4.9946,0.6648,leg_raise_lower,UNKNOWN,UNKNOWN,0.2333,0,69.129
2934,62.3025,,0,5.0,0.55,5,3,0,4.9577,0.6676,leg_raise_lower,UNKNOWN,UNKNOWN,0.2333,0,68.392
2935,62.3188,,0,5.0,0.55,5,3,0,4.9739,0.6685,leg_raise_lower,UNKNOWN,UNKNOWN,0.2333,0,66.511
2936,62.3385,,0,5.0,0.55,5,3,0,4.9937,0.6695,leg_raise_lower,UNKNOWN,UNKNOWN,0.2333,0,65.538
2937,62.3562,,0,5.0,0.55,5,3,0,4.9881,0.6742,leg_raise_lower,UNKNOWN,UNKNOWN,0.2333,0,64.057
2938,62.376,,0,5.0,0.55,5,3,0,4.9965,0.677,leg_raise_lower,UNKNOWN,UNKNOWN,0.2333,0,62.728
2939,62.3956,,0,5.0,0.55,5,3,0,4.9931,0.6817,leg_raise_lower,UNKNOWN,UNKNOWN,0.2333,0,61.433
2940,62.4158,,0,5.0,0.55,5,3,0,4.9902,0.6864,leg_raise_lower,UNKNOWN,UNKNOWN,0.2333,0,62.111
2941,62.4303,,0,5.0,0.55,5,3,0,4.9943,0.6893,leg_raise_lower,UNKNOWN,UNKNOWN,0.2333,0,63.736
2942,62.4432,,0,5.0,0.55,5,3,0,4.9951,0.6921,wave,UNKNOWN,UNKNOWN,0.2567,1,59.288
2943,62.4953,,0,5.0,0.55,5,3,0,4.9991,0.7009,wave,UNKNOWN,UNKNOWN,0.2567,0,58.716
2944,62.5137,,0,5.0,0.55,5,3,0,4.9942,0.7057,wave,UNKNOWN,UNKNOWN,0.2567,0,58.386
2945,62.5318,,0,5.0,0.55,5,3,0,4.9908,0.7106,wave,UNKNOWN,UNKNOWN,0.2567,0,60.097
2946,62.5449,,0,5.0,0.55,5,3,0,4.9924,0.7135,wave,UNKNOWN,UNKNOWN,0.2567,0,61.136
2947,62.5594,,0,5.0,0.55,5,3,0,4.9518,0.7163,wave,UNKNOWN,UNKNOWN,0.2567,0,62.368
2948,62.573,,0,5.0,0.55,5,3,0,4.9654,0.7171,wave,UNKNOWN,UNKNOWN,0.2567,0,61.362
2949,62.592,,0,5.0,0.55,5,3,0,4.9844,0.7179,wave,UNKNOWN,UNKNOWN,0.2567,0,62.469
2950,62.6059,,0,5.0,0.55,5,3,0,4.9983,0.7188,wave,UNKNOWN,UNKNOWN,0.2567,0,64.396
2951,62.6181,,0,5.0,0.55,5,3,0,4.997,0.7216,wave,UNKNOWN,UNKNOWN,0.2567,0,65.471
2952,62.6311,,0,5.0,0.55,5,3,0,4.999,0.7244,wave,UNKNOWN,UNKNOWN,0.2567,0,66.601
2953,62.6442,,0,5.0,0.55,5,3,0,4.9885,0.7293,wave,UNKNOWN,UNKNOWN,0.2567,0,66.209
2954,62.6603,,0,5.0,0.55,5,3,0,4.9918,0.7322,wave,UNKNOWN,UNKNOWN,0.2567,0,67.294
2955,62.6734,,0,5.0,0.55,5,3,0,4.9941,0.735,wave,UNKNOWN,UNKNOWN,0.2567,0,68.744
2956,62.6855,,0,5.0,0.55,5,3,0,4.9945,0.7379,wave,UNKNOWN,UNKNOWN,0.2567,0,69.525
2957,62.6987,,0,5.0,0.55,5,3,0,4.9956,0.7407,wave,UNKNOWN,UNKNOWN,0.2767,1,64.506
2958,62.7504,,0,5.0,0.55,5,3,0,4.9985,0.75,wave,UNKNOWN,UNKNOWN,0.2767,0,65.889
2959,62.7631,,0,5.0,0.55,5,3,0,5.0,0.7529,wave,UNKNOWN,UNKNOWN,0.2767,0,67.438
2960,62.7753,,0,5.0,0.55,5,3,0,4.9997,0.7557,wave,UNKNOWN,UNKNOWN,0.2767,0,65.804
2961,62.7951,,0,5.0,0.55,5,3,0,4.9929,0.7608,wave,UNKNOWN,UNKNOWN,0.2767,0,66.884
2962,62.8079,,0,5.0,0.55,5,3,0,4.9947,0.7637,wave,UNKNOWN,UNKNOWN,0.2767,0,65.51
2963,62.827,,0,5.0,0.55,5,3,0,4.9623,0.7666,wave,UNKNOWN,UNKNOWN,0.2767,0,63.904
2964,62.8469,,0,5.0,0.55,5,3,0,4.9822,0.7672,wave,UNKNOWN,UNKNOWN,0.2767,0,62.502
2965,62.867,,0,5.0,0.55,5,3,0,4.9899,0.7701,wave,UNKNOWN,UNKNOWN,0.2767,0,61.416
2966,62.8865,,0,5.0,0.55,5,3,0,4.9982,0.773,wave,UNKNOWN,UNKNOWN,0.2767,0,60.132
2967,62.9069,,0,5.0,0.55,5,3,0,4.9988,0.7759,wave,UNKNOWN,UNKNOWN,0.2767,0,62.052
2968,62.9201,,0,5.0,0.55,5,3,0,4.9891,0.781,wave,UNKNOWN,UNKNOWN,0.2767,0,61.639
2969,62.9369,,0,5.0,0.55,5,3,0,4.9945,0.7839,wave,UNKNOWN,UNKNOWN,0.2767,0,63.215
2970,62.9499,,0,5.0,0.55,5,3,0,4.9937,0.7867,wave,UNKNOWN,UNKNOWN,0.2767,1,58.841
2971,63.0016,,0,5.0,0.55,5,3,0,4.9889,0.7988,wave,UNKNOWN,UNKNOWN,0.2767,0,59.806
2972,63.0157,,0,5.0,0.55,5,3,0,4.9906,0.8017,wave,UNKNOWN,UNKNOWN,0.2767,0,62.167
2973,63.0277,,0,5.0,0.55,5,3,0,4.9916,0.8047,wave,UNKNOWN,UNKNOWN,0.2767,0,63.694
2974,63.0406,,0,5.0,0.55,5,3,0,4.9895,0.8076,wave,UNKNOWN,UNKNOWN,0.2767,0,62.255
2975,63.0611,,0,5.0,0.55,5,3,0,4.9988,0.8105,wave,UNKNOWN,UNKNOWN,0.2767,0,60.634
2976,63.0826,,0,5.0,0.55,5,3,0,4.959,0.8158,wave,UNKNOWN,UNKNOWN,0.2767,0,59.094
2977,63.1048,,0,5.0,0.55,5,3,0,4.9811,0.8163,wave,UNKNOWN,UNKNOWN,0.2767,0,58.713
2978,63.1231,,0,5.0,0.55,5,3,0,4.9994,0.8169,wave,UNKNOWN,UNKNOWN,0.2767,0,59.429
2979,63.1381,,0,5.0,0.55,5,3,0,4.984,0.8222,wave,UNKNOWN,UNKNOWN,0.2767,0,58.937
2980,63.1565,,0,5.0,0.55,5,3,0,4.9915,0.8251,wave,UNKNOWN,UNKNOWN,0.2767,0,61.363
2981,63.1685,,0,5.0,0.55,5,3,0,4.9903,0.828,wave,UNKNOWN,UNKNOWN,0.2767,0,62.815
2982,63.1817,,0,5.0,0.55,5,3,0,4.9911,0.8309,wave,UNKNOWN,UNKNOWN,0.2767,0,63.295
2983,63.1963,,0,5.0,0.55,5,3,0,4.995,0.8338,wave,UNKNOWN,UNKNOWN,0.2767,0,62.813
2984,63.2134,,0,5.0,0.55,5,3,0,4.9899,0.8392,wave,UNKNOWN,UNKNOWN,0.3,1,58.222
2985,63.273,,0,5.0,0.55,5,3,0,4.9867,0.8521,wave,UNKNOWN,UNKNOWN,0.3,0,59.927
2986,63.2862,,0,5.0,0.55,5,3,0,4.9998,0.8525,wave,UNKNOWN,UNKNOWN,0.3,0,61.599
2987,63.2993,,0,5.0,0.55,5,3,0,4.9963,0.8555,wave,UNKNOWN,UNKNOWN,0.3,0,63.192
2988,63.3117,,0,5.0,0.55,5,3,0,4.9935,0.8584,wave,UNKNOWN,UNKNOWN,0.3,0,61.811
2989,63.3323,,0,5.0,0.55,5,3,0,4.9926,0.8639,wave,UNKNOWN,UNKNOWN,0.3,0,63.066
2990,63.3455,,0,5.0,0.55,5,3,0,4.9932,0.8669,wave,UNKNOWN,UNKNOWN,0.3,0,63.867
2991,63.3596,,0,5.0,0.55,5,3,0,4.9959,0.8698,wave,UNKNOWN,UNKNOWN,0.3,0,64.625
2992,63.3735,,0,5.0,0.55,5,3,0,4.9989,0.8728,wave,UNKNOWN,UNKNOWN,0.3,0,66.382
2993,63.3862,,0,5.0,0.55,5,3,0,4.9975,0.8757,wave,UNKNOWN,UNKNOWN,0.3,0,64.251
2994,63.4079,,0,5.0,0.55,5,3,0,4.9942,0.8813,wave,UNKNOWN,UNKNOWN,0.3,0,62.58
2995,63.429,,0,5.0,0.55,5,3,0,4.9902,0.8869,wave,UNKNOWN,UNKNOWN,0.3,0,63.684
2996,63.4425,,0,5.0,0.55,5,3,0,4.9886,0.8899,wave,UNKNOWN,UNKNOWN,0.3,0,61.875
2997,63.4646,,0,5.0,0.55,5,3,0,4.9887,0.8955,wave,UNKNOWN,UNKNOWN,0.2533,1,57.634
2998,63.5166,,0,5.0,0.55,5,3,0,4.9944,0.9039,wave,UNKNOWN,UNKNOWN,0.2533,0,56.363
2999,63.5381,,0,5.0,0.55,5,3,0,4.985,0.9096,wave,UNKNOWN,UNKNOWN,0.2533,0,57.093
3000,63.5538,,0,5.0,0.55,5,3,0,4.9894,0.9127,wave,UNKNOWN,UNKNOWN,0.2533,0,57.841
3001,63.5697,,0,5.0,0.55,5,3,0,4.9942,0.9157,wave,UNKNOWN,UNKNOWN,0.2533,0,59.394
3002,63.5833,,0,5.0,0.55,5,3,0,4.9954,0.9187,wave,UNKNOWN,UNKNOWN,0.2533,0,60.553
3003,63.597,,0,5.0,0.55,5,3,0,4.9905,0.9217,wave,UNKNOWN,UNKNOWN,0.2533,0,61.772
3004,63.6108,,0,5.0,0.55,5,3,0,4.9912,0.9247,wave,UNKNOWN,UNKNOWN,0.2533,0,61.039
3005,63.6297,,0,5.0,0.55,5,3,0,4.9927,0.9277,wave,UNKNOWN,UNKNOWN,0.2533,0,59.471
3006,63.6514,,0,5.0,0.55,5,3,0,4.9919,0.9335,wave,UNKNOWN,UNKNOWN,0.2533,0,60.852
3007,63.6649,,0,5.0,0.55,5,3,0,4.9945,0.9366,wave,UNKNOWN,UNKNOWN,0.2533,0,62.485
3008,63.6779,,0,5.0,0.55,5,3,0,4.9927,0.9396,wave,UNKNOWN,UNKNOWN,0.2533,0,63.202
3009,63.6924,,0,5.0,0.55,5,3,0,4.9963,0.9426,wave,UNKNOWN,UNKNOWN,0.2533,0,63.878
3010,63.7067,,0,5.0,0.55,5,3,0,4.9996,0.9456,wave,UNKNOWN,UNKNOWN,0.2533,0,65.493
3011,63.7194,,0,5.0,0.55,5,3,0,4.9899,0.9515,wave,UNKNOWN,UNKNOWN,0.2733,1,60.597
3012,63.7797,,0,5.0,0.55,5,3,0,4.9997,0.9633,wave,UNKNOWN,UNKNOWN,0.2733,0,61.486
3013,63.794,,0,5.0,0.55,5,3,0,4.993,0.9693,wave,UNKNOWN,UNKNOWN,0.2733,0,61.909
3014,63.8092,,0,5.0,0.55,5,3,0,4.9969,0.9693,wave,UNKNOWN,UNKNOWN,0.2733,0,61.821
3015,63.8255,,0,5.0,0.55,5,3,0,4.9894,0.9723,wave,UNKNOWN,UNKNOWN,0.2733,0,62.325
3016,63.8405,,0,5.0,0.55,5,3,0,4.9938,0.9754,wave,UNKNOWN,UNKNOWN,0.2733,0,61.828
3017,63.858,,0,5.0,0.55,5,3,0,4.9893,0.9815,wave,UNKNOWN,UNKNOWN,0.2733,0,63.26
3018,63.8711,,0,5.0,0.55,5,3,0,4.9922,0.9846,wave,UNKNOWN,UNKNOWN,0.2733,0,63.674
3019,63.8872,,0,5.0,0.55,5,3,0,4.9905,0.9877,wave,UNKNOWN,UNKNOWN,0.2733,0,64.134
3020,63.9008,,0,5.0,0.55,5,3,0,4.9915,0.9877,wave,UNKNOWN,UNKNOWN,0.2733,0,62.81
3021,63.9224,,0,5.0,0.55,5,3,0,4.9915,0.9938,wave,UNKNOWN,UNKNOWN,0.2733,0,61.007
3022,63.9438,,0,5.0,0.55,5,3,0,4.9909,1.0,wave,UNKNOWN,UNKNOWN,0.2733,0,61.055
3023,63.9588,,0,5.0,0.55,5,3,0,4.9951,1.0,wave,UNKNOWN,UNKNOWN,0.2733,0,61.725
3024,63.9735,,0,5.0,0.55,5,3,0,4.9974,1.0,wave,UNKNOWN,UNKNOWN,0.2533,1,57.222
3025,64.0337,,0,5.0,0.55,5,3,0,4.9938,1.0,wave,UNKNOWN,UNKNOWN,0.2533,0,58.842
3026,64.0469,,0,5.0,0.55,5,3,0,4.9941,1.0,wave,UNKNOWN,UNKNOWN,0.2533,0,60.141
3027,64.0613,,0,5.0,0.55,5,3,0,4.9974,1.0,wave,UNKNOWN,UNKNOWN,0.2533,0,59.709
3028,64.079,,0,5.0,0.55,5,3,0,4.9916,1.0,wave,UNKNOWN,UNKNOWN,0.2533,0,58.11
3029,64.1025,,0,5.0,0.55,5,3,0,4.9916,1.0,wave,UNKNOWN,UNKNOWN,0.2533,0,59.599
3030,64.1156,,0,5.0,0.55,5,3,0,4.9926,1.0,wave,UNKNOWN,UNKNOWN,0.2533,0,61.201
3031,64.1286,,0,5.0,0.55,5,3,0,4.9926,1.0,wave,UNKNOWN,UNKNOWN,0.2533,0,59.908
3032,64.1495,,0,5.0,0.55,5,3,0,4.9825,1.0,wave,UNKNOWN,UNKNOWN,0.2533,0,61.945
3033,64.1616,,0,5.0,0.55,5,3,0,4.9946,1.0,wave,UNKNOWN,UNKNOWN,0.2533,0,64.159
3034,64.1736,,0,5.0,0.55,5,3,0,4.9931,1.0,wave,UNKNOWN,UNKNOWN,0.2533,0,66.29
3035,64.1854,,0,5.0,0.55,5,3,0,4.9934,1.0,wave,UNKNOWN,UNKNOWN,0.2533,0,68.062
3036,64.1971,,0,5.0,0.55,5,3,0,4.9888,1.0,wave,UNKNOWN,UNKNOWN,0.2533,0,69.442
3037,64.2093,,0,5.0,0.55,5,3,0,4.989,1.0,wave,UNKNOWN,UNKNOWN,0.2533,0,68.022
3038,64.2275,,0,5.0,0.55,5,3,0,4.9959,1.0,wave,UNKNOWN,UNKNOWN,0.2567,1,62.63
3039,64.2989,,0,5.0,0.55,5,3,0,4.9805,1.0,wave,UNKNOWN,UNKNOWN,0.2567,0,63.441
3040,64.3132,,0,5.0,0.55,5,3,0,4.9948,1.0,wave,UNKNOWN,UNKNOWN,0.2567,0,64.261
3041,64.3269,,0,5.0,0.55,5,3,0,4.9925,1.0,wave,UNKNOWN,UNKNOWN,0.2567,0,65.047
3042,64.3407,,0,5.0,0.55,5,3,0,4.9879,1.0,wave,UNKNOWN,UNKNOWN,0.2567,0,65.226
3043,64.3556,,0,5.0,0.55,5,3,0,4.9909,1.0,wave,UNKNOWN,UNKNOWN,0.2567,0,67.024
3044,64.3675,,0,5.0,0.55,5,3,0,4.991,1.0,wave,UNKNOWN,UNKNOWN,0.2567,0,68.636
3045,64.3794,,0,5.0,0.55,5,3,0,4.9901,1.0,wave,UNKNOWN,UNKNOWN,0.2567,0,69.481
3046,64.3926,,0,5.0,0.55,5,3,0,4.9907,1.0,wave,UNKNOWN,UNKNOWN,0.2567,0,70.477
3047,64.4051,,0,5.0,0.55,5,3,0,4.9917,1.0,wave,UNKNOWN,UNKNOWN,0.2567,0,71.444
3048,64.4174,,0,5.0,0.55,5,3,0,4.9918,1.0,wave,UNKNOWN,UNKNOWN,0.2567,0,70.244
3049,64.4344,,0,5.0,0.55,5,3,0,4.9969,1.0,wave,UNKNOWN,UNKNOWN,0.2567,0,67.954
3050,64.4554,,0,5.0,0.55,5,3,0,4.9937,1.0,wave,UNKNOWN,UNKNOWN,0.2567,0,69.045
3051,64.4683,,0,5.0,0.55,5,3,0,4.995,1.0,wave,UNKNOWN,UNKNOWN,0.2567,0,69.824
3052,64.481,,0,5.0,0.55,5,3,0,4.9943,1.0,wave,UNKNOWN,UNKNOWN,0.2767,1,64.751
3053,64.5341,,0,5.0,0.55,5,3,0,4.9904,1.0,wave,UNKNOWN,UNKNOWN,0.2767,0,64.914
3054,64.5485,,0,5.0,0.55,5,3,0,4.9927,1.0,wave,UNKNOWN,UNKNOWN,0.2767,0,66.309
3055,64.5616,,0,5.0,0.55,5,3,0,4.9925,1.0,wave,UNKNOWN,UNKNOWN,0.2767,0,67.194
3056,64.5746,,0,5.0,0.55,5,3,0,4.9936,1.0,wave,UNKNOWN,UNKNOWN,0.2767,0,68.28
3057,64.5878,,0,5.0,0.55,5,3,0,4.9932,1.0,wave,UNKNOWN,UNKNOWN,0.2767,0,69.222
3058,64.6003,,0,5.0,0.55,5,3,0,4.9866,1.0,wave,UNKNOWN,UNKNOWN,0.2767,0,69.314
3059,64.6147,,0,5.0,0.55,5,3,0,4.9894,1.0,wave,UNKNOWN,UNKNOWN,0.2767,0,69.388
3060,64.6296,,0,5.0,0.55,5,3,0,4.9919,1.0,wave,UNKNOWN,UNKNOWN,0.2767,0,69.869
3061,64.6426,,0,5.0,0.55,5,3,0,4.9927,1.0,wave,UNKNOWN,UNKNOWN,0.2767,0,70.309
3062,64.6559,,0,5.0,0.55,5,3,0,4.9942,1.0,wave,UNKNOWN,UNKNOWN,0.2767,0,71.145
3063,64.6683,,0,5.0,0.55,5,3,0,4.9946,1.0,wave,UNKNOWN,UNKNOWN,0.2767,0,72.19
3064,64.6806,,0,5.0,0.55,5,3,0,4.994,1.0,wave,UNKNOWN,UNKNOWN,0.2767,0,72.848
3065,64.6937,,0,5.0,0.55,5,3,0,4.9892,1.0,wave,UNKNOWN,UNKNOWN,0.2767,0,73.108
3066,64.7068,,0,5.0,0.55,5,3,0,4.9908,1.0,wave,UNKNOWN,UNKNOWN,0.2767,0,73.415
3067,64.7199,,0,5.0,0.55,5,3,0,4.9914,1.0,wave,UNKNOWN,UNKNOWN,0.2767,0,73.345
3068,64.7342,,0,5.0,0.55,5,3,0,4.9937,1.0,wave,UNKNOWN,UNKNOWN,0.2867,1,67.968
3069,64.7847,,0,5.0,0.55,5,3,0,4.9951,1.0,wave,UNKNOWN,UNKNOWN,0.2867,0,67.569
3070,64.8002,,0,5.0,0.55,5,3,0,4.997,1.0,wave,UNKNOWN,UNKNOWN,0.2867,0,68.997
3071,64.8127,,0,5.0,0.55,5,3,0,4.9968,1.0,wave,UNKNOWN,UNKNOWN,0.2867,0,70.082
3072,64.825,,0,5.0,0.55,5,3,0,4.9963,1.0,wave,UNKNOWN,UNKNOWN,0.2867,0,68.062
3073,64.8453,,0,5.0,0.55,5,3,0,4.991,1.0,wave,UNKNOWN,UNKNOWN,0.2867,0,68.705
3074,64.8585,,0,5.0,0.55,5,3,0,4.9923,1.0,wave,UNKNOWN,UNKNOWN,0.2867,0,70.222
3075,64.8704,,0,5.0,0.55,5,3,0,4.9927,1.0,wave,UNKNOWN,UNKNOWN,0.2867,0,68.399
3076,64.8897,,0,5.0,0.55,5,3,0,4.9825,1.0,wave,UNKNOWN,UNKNOWN,0.2867,0,69.383
3077,64.9022,,0,5.0,0.55,5,3,0,4.995,1.0,wave,UNKNOWN,UNKNOWN,0.2867,0,70.616
3078,64.9145,,0,5.0,0.55,5,3,0,4.9935,1.0,wave,UNKNOWN,UNKNOWN,0.2867,0,71.677
3079,64.927,,0,5.0,0.55,5,3,0,4.9936,1.0,wave,UNKNOWN,UNKNOWN,0.2867,0,73.012
3080,64.9384,,0,5.0,0.55,5,3,0,4.9932,1.0,wave,UNKNOWN,UNKNOWN,0.2867,0,73.829
3081,64.9509,,0,5.0,0.55,5,3,0,4.9927,1.0,wave,UNKNOWN,UNKNOWN,0.2867,0,74.837
3082,64.9627,,0,5.0,0.55,5,3,0,4.9897,1.0,wave,UNKNOWN,UNKNOWN,0.2867,0,75.451
3083,64.9757,,0,5.0,0.55,5,3,0,4.9901,1.0,wave,UNKNOWN,UNKNOWN,0.2867,0,75.819
3084,64.9879,,0,5.0,0.55,5,3,0,4.9904,1.0,wave,UNKNOWN,UNKNOWN,0.2967,1,69.944
3085,65.0464,,0,5.0,0.55,5,3,0,4.981,1.0,wave,UNKNOWN,UNKNOWN,0.2967,0,68.487
3086,65.0645,,0,5.0,0.55,5,3,0,4.9991,1.0,wave,UNKNOWN,UNKNOWN,0.2967,0,67.02
3087,65.083,,0,5.0,0.55,5,3,0,4.98,1.0,wave,UNKNOWN,UNKNOWN,0.2967,0,65.775
3088,65.1014,,0,5.0,0.55,5,3,0,4.9984,1.0,wave,UNKNOWN,UNKNOWN,0.2967,0,66.959
3089,65.1143,,0,5.0,0.55,5,3,0,4.9994,1.0,wave,UNKNOWN,UNKNOWN,0.2967,0,68.045
3090,65.1271,,0,5.0,0.55,5,3,0,4.9928,1.0,wave,UNKNOWN,UNKNOWN,0.2967,0,67.978
3091,65.142,,0,5.0,0.55,5,3,0,4.9895,1.0,wave,UNKNOWN,UNKNOWN,0.2967,0,66.511
3092,65.1609,,0,5.0,0.55,5,3,0,4.9967,1.0,wave,UNKNOWN,UNKNOWN,0.2967,0,67.046
3093,65.1748,,0,5.0,0.55,5,3,0,4.9989,1.0,wave,UNKNOWN,UNKNOWN,0.2967,0,68.379
3094,65.1879,,0,5.0,0.55,5,3,0,4.9988,1.0,wave,UNKNOWN,UNKNOWN,0.2967,0,66.427
3095,65.2076,,0,5.0,0.55,5,3,0,4.9881,1.0,wave,UNKNOWN,UNKNOWN,0.2967,0,67.883
3096,65.2198,,0,5.0,0.55,5,3,0,4.9889,1.0,wave,UNKNOWN,UNKNOWN,0.2967,0,69.245
3097,65.232,,0,5.0,0.55,5,3,0,4.9879,1.0,wave,UNKNOWN,UNKNOWN,0.2967,0,70.522
3098,65.2443,,0,5.0,0.55,5,3,0,4.9877,1.0,wave,UNKNOWN,UNKNOWN,0.2933,1,65.444
3099,65.2951,,0,5.0,0.55,5,3,0,4.9904,1.0,wave,UNKNOWN,UNKNOWN,0.2933,0,64.316
3100,65.3134,,0,5.0,0.55,5,3,0,4.9964,1.0,wave,UNKNOWN,UNKNOWN,0.2933,0,62.826
3101,65.334,,0,5.0,0.55,5,3,0,4.9933,1.0,wave,UNKNOWN,UNKNOWN,0.2933,0,63.31
3102,65.3485,,0,5.0,0.55,5,3,0,4.9894,1.0,wave,UNKNOWN,UNKNOWN,0.2933,0,61.79
3103,65.3695,,0,5.0,0.55,5,3,0,4.9972,1.0,wave,UNKNOWN,UNKNOWN,0.2933,0,61.126
3104,65.3878,,0,5.0,0.55,5,3,0,4.9963,1.0,wave,UNKNOWN,UNKNOWN,0.2933,0,61.194
3105,65.4038,,0,5.0,0.55,5,3,0,4.989,1.0,wave,UNKNOWN,UNKNOWN,0.2933,0,60.998
3106,65.4205,,0,5.0,0.55,5,3,0,4.9933,1.0,wave,UNKNOWN,UNKNOWN,0.2933,0,60.23
3107,65.4397,,0,5.0,0.55,5,3,0,4.989,1.0,wave,UNKNOWN,UNKNOWN,0.2933,0,59.598
3108,65.4578,,0,5.0,0.55,5,3,0,4.9848,1.0,wave,UNKNOWN,UNKNOWN,0.2933,0,60.749
3109,65.472,,0,5.0,0.55,5,3,0,4.999,1.0,wave,UNKNOWN,UNKNOWN,0.2933,0,61.919
3110,65.486,,0,5.0,0.55,5,3,0,4.983,1.0,wave,UNKNOWN,UNKNOWN,0.2933,0,60.429
3111,65.507,,0,5.0,0.55,5,3,0,4.9919,1.0,wave,UNKNOWN,UNKNOWN,0.2733,1,56.101
3112,65.5658,,0,5.0,0.55,5,3,0,4.9984,1.0,wave,UNKNOWN,UNKNOWN,0.2733,0,57.583
3113,65.5794,,0,5.0,0.55,5,3,0,4.9784,1.0,wave,UNKNOWN,UNKNOWN,0.2733,0,59.775
3114,65.5922,,0,5.0,0.55,5,3,0,4.9912,1.0,wave,UNKNOWN,UNKNOWN,0.2733,0,61.102
3115,65.6058,,0,5.0,0.55,5,3,0,4.9931,1.0,wave,UNKNOWN,UNKNOWN,0.2733,0,63.287
3116,65.6176,,0,5.0,0.55,5,3,0,4.9924,1.0,wave,UNKNOWN,UNKNOWN,0.2733,0,65.192
3117,65.6297,,0,5.0,0.55,5,3,0,4.9914,1.0,wave,UNKNOWN,UNKNOWN,0.2733,0,67.186
3118,65.6417,,0,5.0,0.55,5,3,0,4.9913,1.0,wave,UNKNOWN,UNKNOWN,0.2733,0,67.548
3119,65.6561,,0,5.0,0.55,5,3,0,4.9943,1.0,wave,UNKNOWN,UNKNOWN,0.2733,0,65.116
3120,65.679,,0,5.0,0.55,5,3,0,4.9918,1.0,wave,UNKNOWN,UNKNOWN,0.2733,0,66.646
3121,65.6918,,0,5.0,0.55,5,3,0,4.992,1.0,wave,UNKNOWN,UNKNOWN,0.2733,0,67.959
3122,65.7038,,0,5.0,0.55,5,3,0,4.9829,1.0,wave,UNKNOWN,UNKNOWN,0.2733,0,69.599
3123,65.7157,,0,5.0,0.55,5,3,0,4.9948,1.0,wave,UNKNOWN,UNKNOWN,0.2733,0,70.628
3124,65.7282,,0,5.0,0.55,5,3,0,4.9959,1.0,wave,UNKNOWN,UNKNOWN,0.2733,0,68.755
3125,65.7475,,0,5.0,0.55,5,3,0,4.9909,1.0,wave,UNKNOWN,UNKNOWN,0.2733,0,69.205
3126,65.7611,,0,5.0,0.55,5,3,0,4.9926,1.0,wave,UNKNOWN,UNKNOWN,0.2933,1,64.292
3127,65.8112,,0,5.0,0.55,5,3,0,4.991,1.0,wave,UNKNOWN,UNKNOWN,0.2933,0,65.127
3128,65.8246,,0,5.0,0.55,5,3,0,4.993,1.0,wave,UNKNOWN,UNKNOWN,0.2933,0,63.805
3129,65.844,,0,5.0,0.55,5,3,0,4.9826,1.0,wave,UNKNOWN,UNKNOWN,0.2933,0,63.855
3130,65.8599,,0,5.0,0.55,5,3,0,4.9985,1.0,wave,UNKNOWN,UNKNOWN,0.2933,0,62.401
3131,65.88,,0,5.0,0.55,5,3,0,4.9862,1.0,wave,UNKNOWN,UNKNOWN,0.2933,0,64.006
3132,65.8925,,0,5.0,0.55,5,3,0,4.9988,1.0,wave,UNKNOWN,UNKNOWN,0.2933,0,65.669
3133,65.9056,,0,5.0,0.55,5,3,0,4.991,1.0,wave,UNKNOWN,UNKNOWN,0.2933,0,66.596
3134,65.9189,,0,5.0,0.55,5,3,0,4.992,1.0,wave,UNKNOWN,UNKNOWN,0.2933,0,66.239
3135,65.9345,,0,5.0,0.55,5,3,0,4.9944,1.0,wave,UNKNOWN,UNKNOWN,0.2933,0,67.078
3136,65.9475,,0,5.0,0.55,5,3,0,4.9882,1.0,wave,UNKNOWN,UNKNOWN,0.2933,0,68.013
3137,65.9607,,0,5.0,0.55,5,3,0,4.9826,1.0,wave,UNKNOWN,UNKNOWN,0.2933,0,68.794
3138,65.9738,,0,5.0,0.55,5,3,0,4.9958,1.0,wave,UNKNOWN,UNKNOWN,0.2933,0,67.378
3139,65.9921,,0,5.0,0.55,5,3,0,4.9874,1.0,wave,UNKNOWN,UNKNOWN,0.2933,0,67.45
3140,66.0072,,0,5.0,0.55,5,3,0,4.9906,1.0,wave,UNKNOWN,UNKNOWN,0.2933,0,68.148
3141,66.0206,,0,5.0,0.55,5,3,0,4.9921,1.0,wave,UNKNOWN,UNKNOWN,0.28,1,63.205
3142,66.0738,,0,5.0,0.55,5,3,0,4.9946,1.0,wave,UNKNOWN,UNKNOWN,0.28,0,65.002
3143,66.0862,,0,5.0,0.55,5,3,0,4.9866,1.0,wave,UNKNOWN,UNKNOWN,0.28,0,65.651
3144,66.101,,0,5.0,0.55,5,3,0,4.9807,1.0,wave,UNKNOWN,UNKNOWN,0.28,0,65.196
3145,66.1164,,0,5.0,0.55,5,3,0,4.9962,1.0,wave,UNKNOWN,UNKNOWN,0.28,0,65.751
3146,66.1306,,0,5.0,0.55,5,3,0,4.9916,1.0,wave,UNKNOWN,UNKNOWN,0.28,0,66.002
3147,66.1451,,0,5.0,0.55,5,3,0,4.9852,1.0,wave,UNKNOWN,UNKNOWN,0.28,0,66.578
3148,66.16,,0,5.0,0.55,5,3,0,4.9866,1.0,wave,UNKNOWN,UNKNOWN,0.28,0,66.903
3149,66.1735,,0,5.0,0.55,5,3,0,4.9815,1.0,wave,UNKNOWN,UNKNOWN,0.28,0,67.789
3150,66.1869,,0,5.0,0.55,5,3,0,4.9949,1.0,wave,UNKNOWN,UNKNOWN,0.28,0,69.152
3151,66.199,,0,5.0,0.55,5,3,0,4.9885,1.0,wave,UNKNOWN,UNKNOWN,0.28,0,70.104
3152,66.2116,,0,5.0,0.55,5,3,0,4.9884,1.0,wave,UNKNOWN,UNKNOWN,0.28,0,70.535
3153,66.225,,0,5.0,0.55,5,3,0,4.9866,1.0,wave,UNKNOWN,UNKNOWN,0.28,0,71.521
3154,66.2376,,0,5.0,0.55,5,3,0,4.9992,1.0,wave,UNKNOWN,UNKNOWN,0.28,0,72.71
3155,66.2497,,0,5.0,0.55,5,3,0,4.9982,1.0,wave,UNKNOWN,UNKNOWN,0.28,0,72.645
3156,66.2637,,0,5.0,0.55,5,3,0,5.0,1.0,wave,UNKNOWN,UNKNOWN,0.28,0,73.077
3157,66.2762,,0,5.0,0.55,5,3,0,4.9984,1.0,wave,UNKNOWN,UNKNOWN,0.2933,1,67.383
3158,66.3386,,0,5.0,0.55,5,3,0,4.9927,1.0,wave,UNKNOWN,UNKNOWN,0.2933,0,68.808
3159,66.3507,,0,5.0,0.55,5,3,0,4.9921,1.0,wave,UNKNOWN,UNKNOWN,0.2933,0,69.723
3160,66.3634,,0,5.0,0.55,5,3,0,4.99,1.0,wave,UNKNOWN,UNKNOWN,0.2933,0,70.489
3161,66.3762,,0,5.0,0.55,5,3,0,4.9872,1.0,wave,UNKNOWN,UNKNOWN,0.2933,0,71.905
3162,66.3885,,0,5.0,0.55,5,3,0,4.9996,1.0,wave,UNKNOWN,UNKNOWN,0.2933,0,72.552
3163,66.4008,,0,5.0,0.55,5,3,0,4.9997,1.0,wave,UNKNOWN,UNKNOWN,0.2933,0,73.707
3164,66.4129,,0,5.0,0.55,5,3,0,4.9876,1.0,wave,UNKNOWN,UNKNOWN,0.2933,0,74.265
3165,66.4253,,0,5.0,0.55,5,3,0,4.9867,1.0,wave,UNKNOWN,UNKNOWN,0.2933,0,74.755
3166,66.4384,,0,5.0,0.55,5,3,0,4.9997,1.0,wave,UNKNOWN,UNKNOWN,0.2933,0,72.691
3167,66.4568,,0,5.0,0.55,5,3,0,4.9938,1.0,wave,UNKNOWN,UNKNOWN,0.2933,0,72.141
3168,66.4717,,0,5.0,0.55,5,3,0,4.9951,1.0,wave,UNKNOWN,UNKNOWN,0.2933,0,69.757
3169,66.4921,,0,5.0,0.55,5,3,0,4.9876,1.0,wave,UNKNOWN,UNKNOWN,0.2933,0,71.312
3170,66.5037,,0,5.0,0.55,5,3,0,4.9993,1.0,wave,UNKNOWN,UNKNOWN,0.2933,0,72.538
3171,66.5157,,0,5.0,0.55,5,3,0,4.9908,1.0,wave,UNKNOWN,UNKNOWN,0.2933,0,73.445
3172,66.5284,,0,5.0,0.55,5,3,0,4.9895,1.0,wave,UNKNOWN,UNKNOWN,0.3,1,67.785
3173,66.5881,,0,5.0,0.55,5,3,0,4.9966,1.0,wave,UNKNOWN,UNKNOWN,0.3,0,68.046
3174,66.6016,,0,5.0,0.55,5,3,0,4.9961,1.0,wave,UNKNOWN,UNKNOWN,0.3,0,69.692
3175,66.6133,,0,5.0,0.55,5,3,0,4.9954,1.0,wave,UNKNOWN,UNKNOWN,0.3,0,68.888
3176,66.6297,,0,5.0,0.55,5,3,0,4.9921,1.0,wave,UNKNOWN,UNKNOWN,0.3,0,69.256
3177,66.6433,,0,5.0,0.55,5,3,0,4.9849,1.0,wave,UNKNOWN,UNKNOWN,0.3,0,70.442
3178,66.656,,0,5.0,0.55,5,3,0,4.9976,1.0,wave,UNKNOWN,UNKNOWN,0.3,0,71.351
3179,66.6687,,0,5.0,0.55,5,3,0,4.9967,1.0,wave,UNKNOWN,UNKNOWN,0.3,0,72.398
3180,66.6805,,0,5.0,0.55,5,3,0,4.9965,1.0,wave,UNKNOWN,UNKNOWN,0.3,0,72.781
3181,66.6936,,0,5.0,0.55,5,3,0,4.9973,1.0,wave,UNKNOWN,UNKNOWN,0.3,0,72.636
3182,66.7076,,0,5.0,0.55,5,3,0,4.9985,1.0,wave,UNKNOWN,UNKNOWN,0.3,0,73.863
3183,66.7196,,0,5.0,0.55,5,3,0,4.995,1.0,wave,UNKNOWN,UNKNOWN,0.3,0,74.776
3184,66.7316,,0,5.0,0.55,5,3,0,4.9881,1.0,wave,UNKNOWN,UNKNOWN,0.3,0,75.752
3185,66.7431,,0,5.0,0.55,5,3,0,4.9996,1.0,wave,UNKNOWN,UNKNOWN,0.3,0,75.406
3186,66.7571,,0,5.0,0.55,5,3,0,4.9998,1.0,wave,UNKNOWN,UNKNOWN,0.3,0,75.687
3187,66.77,,0,5.0,0.55,5,3,0,4.9989,1.0,wave,UNKNOWN,UNKNOWN,0.3,0,75.751
3188,66.783,,0,5.0,0.55,5,3,0,4.9996,1.0,wave,UNKNOWN,UNKNOWN,0.2667,1,70.157
3189,66.8339,,0,5.0,0.55,5,3,0,4.9943,1.0,wave,UNKNOWN,UNKNOWN,0.2667,0,70.895
3190,66.8463,,0,5.0,0.55,5,3,0,4.9916,1.0,wave,UNKNOWN,UNKNOWN,0.2667,0,72.234
3191,66.8583,,0,5.0,0.55,5,3,0,4.9903,1.0,wave,UNKNOWN,UNKNOWN,0.2667,0,73.428
3192,66.8701,,0,5.0,0.55,5,3,0,4.989,1.0,wave,UNKNOWN,UNKNOWN,0.2667,0,73.943
3193,66.8827,,0,5.0,0.55,5,3,0,4.9856,1.0,wave,UNKNOWN,UNKNOWN,0.2667,0,74.559
3194,66.8954,,0,5.0,0.55,5,3,0,4.9983,1.0,wave,UNKNOWN,UNKNOWN,0.2667,0,75.279
3195,66.9077,,0,5.0,0.55,5,3,0,4.9922,1.0,wave,UNKNOWN,UNKNOWN,0.2667,0,75.685
3196,66.9201,,0,5.0,0.55,5,3,0,4.9927,1.0,wave,UNKNOWN,UNKNOWN,0.2667,0,76.024
3197,66.9328,,0,5.0,0.55,5,3,0,4.9543,1.0,wave,UNKNOWN,UNKNOWN,0.2667,0,76.825
3198,66.9448,,0,5.0,0.55,5,3,0,4.9662,1.0,wave,UNKNOWN,UNKNOWN,0.2667,0,77.318
3199,66.9571,,0,5.0,0.55,5,3,0,4.9785,1.0,wave,UNKNOWN,UNKNOWN,0.2667,0,74.489
3200,66.9775,,0,5.0,0.55,5,3,0,4.999,1.0,wave,UNKNOWN,UNKNOWN,0.2667,0,74.562
3201,66.9907,,0,5.0,0.55,5,3,0,4.9993,1.0,wave,UNKNOWN,UNKNOWN,0.2667,0,75.453
3202,67.0025,,0,5.0,0.55,5,3,0,4.9981,1.0,wave,UNKNOWN,UNKNOWN,0.2667,0,76.075
3203,67.0148,,0,5.0,0.55,5,3,0,4.9963,1.0,wave,UNKNOWN,UNKNOWN,0.2667,0,76.668
3204,67.027,,0,5.0,0.55,5,3,0,4.9883,1.0,wave,UNKNOWN,UNKNOWN,0.2667,0,77.59
3205,67.0389,,0,5.0,0.55,5,3,0,4.9874,1.0,wave,UNKNOWN,UNKNOWN,0.25,1,71.49
3206,67.0991,,0,5.0,0.55,5,3,0,4.9949,1.0,wave,UNKNOWN,UNKNOWN,0.25,0,70.786
3207,67.1145,,0,5.0,0.55,5,3,0,4.9982,1.0,wave,UNKNOWN,UNKNOWN,0.25,0,72.272
3208,67.1263,,0,5.0,0.55,5,3,0,4.9972,1.0,wave,UNKNOWN,UNKNOWN,0.25,0,73.67
3209,67.1377,,0,5.0,0.55,5,3,0,4.9946,1.0,wave,UNKNOWN,UNKNOWN,0.25,0,71.479
3210,67.1572,,0,5.0,0.55,5,3,0,4.9998,1.0,wave,UNKNOWN,UNKNOWN,0.25,0,72.899
3211,67.1689,,0,5.0,0.55,5,3,0,4.9937,1.0,wave,UNKNOWN,UNKNOWN,0.25,0,72.806
3212,67.1827,,0,5.0,0.55,5,3,0,4.9927,1.0,wave,UNKNOWN,UNKNOWN,0.25,0,73.359
3213,67.1955,,0,5.0,0.55,5,3,0,4.9445,1.0,wave,UNKNOWN,UNKNOWN,0.25,0,73.902
3214,67.2083,,0,5.0,0.55,5,3,0,4.9573,1.0,wave,UNKNOWN,UNKNOWN,0.25,0,74.187
3215,67.2214,,0,5.0,0.55,5,3,0,4.9704,1.0,wave,UNKNOWN,UNKNOWN,0.25,0,73.868
3216,67.2353,,0,5.0,0.55,5,3,0,4.9843,1.0,wave,UNKNOWN,UNKNOWN,0.25,0,72.023
3217,67.2535,,0,5.0,0.55,5,3,0,4.9901,1.0,wave,UNKNOWN,UNKNOWN,0.25,0,72.737
3218,67.2659,,0,5.0,0.55,5,3,0,4.9891,1.0,wave,UNKNOWN,UNKNOWN,0.25,0,73.459
3219,67.2785,,0,5.0,0.55,5,3,0,4.9894,1.0,wave,UNKNOWN,UNKNOWN,0.25,0,73.374
3220,67.2922,,0,5.0,0.55,5,3,0,4.9897,1.0,wave,UNKNOWN,UNKNOWN,0.2933,1,67.655
3221,67.354,,0,5.0,0.55,5,3,0,4.9979,1.0,wave,UNKNOWN,UNKNOWN,0.2933,0,68.516
3222,67.367,,0,5.0,0.55,5,3,0,4.991,1.0,wave,UNKNOWN,UNKNOWN,0.2933,0,66.863
3223,67.3865,,0,5.0,0.55,5,3,0,4.9909,1.0,wave,UNKNOWN,UNKNOWN,0.2933,0,68.141
3224,67.3988,,0,5.0,0.55,5,3,0,4.983,1.0,wave,UNKNOWN,UNKNOWN,0.2933,0,69.369
3225,67.4115,,0,5.0,0.55,5,3,0,4.9957,1.0,wave,UNKNOWN,UNKNOWN,0.2933,0,69.401
3226,67.4256,,0,5.0,0.55,5,3,0,4.9954,1.0,wave,UNKNOWN,UNKNOWN,0.2933,0,70.296
3227,67.4386,,0,5.0,0.55,5,3,0,4.9954,1.0,wave,UNKNOWN,UNKNOWN,0.2933,0,70.982
3228,67.4521,,0,5.0,0.55,5,3,0,4.9569,1.0,wave,UNKNOWN,UNKNOWN,0.2933,0,70.609
3229,67.4663,,0,5.0,0.55,5,3,0,4.971,1.0,wave,UNKNOWN,UNKNOWN,0.2933,0,71.041
3230,67.48,,0,5.0,0.55,5,3,0,4.9848,1.0,wave,UNKNOWN,UNKNOWN,0.2933,0,70.771
3231,67.4943,,0,5.0,0.55,5,3,0,4.999,1.0,wave,UNKNOWN,UNKNOWN,0.2933,0,68.314
3232,67.516,,0,5.0,0.55,5,3,0,4.9842,1.0,wave,UNKNOWN,UNKNOWN,0.2933,0,68.281
3233,67.5306,,0,5.0,0.55,5,3,0,4.9988,1.0,wave,UNKNOWN,UNKNOWN,0.2933,0,68.372
3234,67.5452,,0,5.0,0.55,5,3,0,4.9857,1.0,wave,UNKNOWN,UNKNOWN,0.2867,1,63.368
3235,67.5999,,0,5.0,0.55,5,3,0,4.994,1.0,wave,UNKNOWN,UNKNOWN,0.2867,0,63.447
3236,67.6152,,0,5.0,0.55,5,3,0,4.9971,1.0,wave,UNKNOWN,UNKNOWN,0.2867,0,64.946
3237,67.6282,,0,5.0,0.55,5,3,0,4.997,1.0,wave,UNKNOWN,UNKNOWN,0.2867,0,66.228
3238,67.6413,,0,5.0,0.55,5,3,0,4.997,1.0,wave,UNKNOWN,UNKNOWN,0.2867,0,64.295
3239,67.6621,,0,5.0,0.55,5,3,0,4.9886,1.0,wave,UNKNOWN,UNKNOWN,0.2867,0,66.364
3240,67.6741,,0,5.0,0.55,5,3,0,4.9886,1.0,wave,UNKNOWN,UNKNOWN,0.2867,0,66.821
3241,67.6881,,0,5.0,0.55,5,3,0,4.9894,1.0,wave,UNKNOWN,UNKNOWN,0.2867,0,67.65
3242,67.7011,,0,5.0,0.55,5,3,0,4.9507,1.0,wave,UNKNOWN,UNKNOWN,0.2867,0,68.924
3243,67.7138,,0,5.0,0.55,5,3,0,4.9635,1.0,wave,UNKNOWN,UNKNOWN,0.2867,0,68.689
3244,67.729,,0,5.0,0.55,5,3,0,4.9786,1.0,wave,UNKNOWN,UNKNOWN,0.2867,0,68.559
3245,67.7436,,0,5.0,0.55,5,3,0,4.9932,1.0,wave,UNKNOWN,UNKNOWN,0.2867,0,66.662
3246,67.7638,,0,5.0,0.55,5,3,0,4.9885,1.0,wave,UNKNOWN,UNKNOWN,0.2867,0,67.092
3247,67.7779,,0,5.0,0.55,5,3,0,4.9828,1.0,wave,UNKNOWN,UNKNOWN,0.2867,0,66.942
3248,67.7934,,0,5.0,0.55,5,3,0,4.9983,1.0,wave,UNKNOWN,UNKNOWN,0.2867,0,68.475
3249,67.8054,,0,5.0,0.55,5,3,0,4.9975,1.0,wave,UNKNOWN,UNKNOWN,0.31,1,63.283
3250,67.8658,,0,5.0,0.55,5,3,0,4.9988,1.0,wave,UNKNOWN,UNKNOWN,0.31,0,63.835
3251,67.8802,,0,5.0,0.55,5,3,0,4.9936,1.0,wave,UNKNOWN,UNKNOWN,0.31,0,64.438
3252,67.8945,,0,5.0,0.55,5,3,0,4.9876,1.0,wave,UNKNOWN,UNKNOWN,0.31,0,65.472
3253,67.908,,0,5.0,0.55,5,3,0,4.9879,1.0,wave,UNKNOWN,UNKNOWN,0.31,0,63.917
3254,67.928,,0,5.0,0.55,5,3,0,4.9912,1.0,wave,UNKNOWN,UNKNOWN,0.31,0,65.691
3255,67.9402,,0,5.0,0.55,5,3,0,4.9903,1.0,wave,UNKNOWN,UNKNOWN,0.31,0,65.988
3256,67.9549,,0,5.0,0.55,5,3,0,4.9533,1.0,wave,UNKNOWN,UNKNOWN,0.31,0,66.466
3257,67.9692,,0,5.0,0.55,5,3,0,4.9676,1.0,wave,UNKNOWN,UNKNOWN,0.31,0,65.463
3258,67.987,,0,5.0,0.55,5,3,0,4.9854,1.0,wave,UNKNOWN,UNKNOWN,0.31,0,66.263
3259,68.0002,,0,5.0,0.55,5,3,0,4.9986,1.0,wave,UNKNOWN,UNKNOWN,0.31,0,64.364
3260,68.0217,,0,5.0,0.55,5,3,0,4.9939,1.0,wave,UNKNOWN,UNKNOWN,0.31,0,65.695
3261,68.0342,,0,5.0,0.55,5,3,0,4.9936,1.0,wave,UNKNOWN,UNKNOWN,0.31,0,65.303
3262,68.0504,,0,5.0,0.55,5,3,0,4.9893,1.0,wave,UNKNOWN,UNKNOWN,0.31,0,65.719
3263,68.0648,,0,5.0,0.55,5,3,0,4.9822,1.0,wave,UNKNOWN,UNKNOWN,0.2933,1,60.957
3264,68.1203,,0,5.0,0.55,5,3,0,4.9973,1.0,wave,UNKNOWN,UNKNOWN,0.2933,0,62.5
3265,68.1331,,0,5.0,0.55,5,3,0,4.995,1.0,wave,UNKNOWN,UNKNOWN,0.2933,0,63.554
3266,68.1471,,0,5.0,0.55,5,3,0,4.9905,1.0,wave,UNKNOWN,UNKNOWN,0.2933,0,63.864
3267,68.1618,,0,5.0,0.55,5,3,0,4.9933,1.0,wave,UNKNOWN,UNKNOWN,0.2933,0,65.822
3268,68.1743,,0,5.0,0.55,5,3,0,4.9926,1.0,wave,UNKNOWN,UNKNOWN,0.2933,0,66.935
3269,68.1871,,0,5.0,0.55,5,3,0,4.9908,1.0,wave,UNKNOWN,UNKNOWN,0.2933,0,67.753
3270,68.2002,,0,5.0,0.55,5,3,0,4.9868,1.0,wave,UNKNOWN,UNKNOWN,0.2933,0,67.825
3271,68.2147,,0,5.0,0.55,5,3,0,4.9416,1.0,wave,UNKNOWN,UNKNOWN,0.2933,0,65.703
3272,68.2365,,0,5.0,0.55,5,3,0,4.9635,1.0,wave,UNKNOWN,UNKNOWN,0.2933,0,63.381
3273,68.2598,,0,5.0,0.55,5,3,0,4.9867,1.0,wave,UNKNOWN,UNKNOWN,0.2933,0,63.08
3274,68.2761,,0,5.0,0.55,5,3,0,4.99,1.0,wave,UNKNOWN,UNKNOWN,0.2933,0,64.613
3275,68.2889,,0,5.0,0.55,5,3,0,4.9897,1.0,wave,UNKNOWN,UNKNOWN,0.2933,0,66.246
3276,68.3013,,0,5.0,0.55,5,3,0,4.9895,1.0,wave,UNKNOWN,UNKNOWN,0.2933,0,66.508
3277,68.316,,0,5.0,0.55,5,3,0,4.9837,1.0,wave,UNKNOWN,UNKNOWN,0.2933,1,61.781
3278,68.3683,,0,5.0,0.55,5,3,0,4.9948,1.0,wave,UNKNOWN,UNKNOWN,0.2933,0,62.454
3279,68.3825,,0,5.0,0.55,5,3,0,4.9962,1.0,wave,UNKNOWN,UNKNOWN,0.2933,0,63.591
3280,68.3962,,0,5.0,0.55,5,3,0,4.9882,1.0,wave,UNKNOWN,UNKNOWN,0.2933,0,62.174
3281,68.4163,,0,5.0,0.55,5,3,0,4.9873,1.0,wave,UNKNOWN,UNKNOWN,0.2933,0,64.065
3282,68.4287,,0,5.0,0.55,5,3,0,4.9997,1.0,wave,UNKNOWN,UNKNOWN,0.2933,0,62.669
3283,68.4485,,0,5.0,0.55,5,3,0,4.984,1.0,wave,UNKNOWN,UNKNOWN,0.2933,0,61.318
3284,68.4689,,0,5.0,0.55,5,3,0,4.9523,1.0,wave,UNKNOWN,UNKNOWN,0.2933,0,60.062
3285,68.49,,0,5.0,0.55,5,3,0,4.9734,1.0,wave,UNKNOWN,UNKNOWN,0.2933,0,58.876
3286,68.5101,,0,5.0,0.55,5,3,0,4.9935,1.0,wave,UNKNOWN,UNKNOWN,0.2933,0,60.87
3287,68.5233,,0,5.0,0.55,5,3,0,4.9852,1.0,wave,UNKNOWN,UNKNOWN,0.2933,0,62.354
3288,68.5362,,0,5.0,0.55,5,3,0,4.9981,1.0,wave,UNKNOWN,UNKNOWN,0.2933,0,59.66
3289,68.5649,,0,5.0,0.55,5,3,0,4.9952,1.0,wave,UNKNOWN,UNKNOWN,0.2933,0,59.651
3290,68.5811,,0,5.0,0.55,5,3,0,4.9978,1.0,wave,UNKNOWN,UNKNOWN,0.27,1,55.605
3291,68.6334,,0,5.0,0.55,5,3,0,4.982,1.0,wave,UNKNOWN,UNKNOWN,0.27,0,56.711
3292,68.6482,,0,5.0,0.55,5,3,0,4.9968,1.0,wave,UNKNOWN,UNKNOWN,0.27,0,57.579
3293,68.6641,,0,5.0,0.55,5,3,0,4.9992,1.0,wave,UNKNOWN,UNKNOWN,0.27,0,58.215
3294,68.6799,,0,5.0,0.55,5,3,0,4.9875,1.0,wave,UNKNOWN,UNKNOWN,0.27,0,58.238
3295,68.6963,,0,5.0,0.55,5,3,0,4.9895,1.0,wave,UNKNOWN,UNKNOWN,0.27,0,57.949
3296,68.7143,,0,5.0,0.55,5,3,0,4.9949,1.0,wave,UNKNOWN,UNKNOWN,0.27,0,58.859
3297,68.7293,,0,5.0,0.55,5,3,0,4.9496,1.0,wave,UNKNOWN,UNKNOWN,0.27,0,59.44
3298,68.7449,,0,5.0,0.55,5,3,0,4.9652,1.0,wave,UNKNOWN,UNKNOWN,0.27,0,59.788
3299,68.7608,,0,5.0,0.55,5,3,0,4.9811,1.0,wave,UNKNOWN,UNKNOWN,0.27,0,60.841
3300,68.775,,0,5.0,0.55,5,3,0,4.9954,1.0,wave,UNKNOWN,UNKNOWN,0.27,0,62.854
3301,68.7872,,0,5.0,0.55,5,3,0,4.9932,1.0,wave,UNKNOWN,UNKNOWN,0.27,0,63.746
3302,68.801,,0,5.0,0.55,5,3,0,4.9918,1.0,wave,UNKNOWN,UNKNOWN,0.27,0,65.349
3303,68.8135,,0,5.0,0.55,5,3,0,4.988,1.0,wave,UNKNOWN,UNKNOWN,0.27,0,65.787
3304,68.8279,,0,5.0,0.55,5,3,0,4.9875,1.0,wave,UNKNOWN,UNKNOWN,0.27,0,66.309
3305,68.8421,,0,5.0,0.55,5,3,0,4.9841,1.0,wave,UNKNOWN,UNKNOWN,0.29,1,61.55
3306,68.8957,,0,5.0,0.55,5,3,0,4.9949,1.0,wave,UNKNOWN,UNKNOWN,0.29,0,62.091
3307,68.9104,,0,5.0,0.55,5,3,0,4.988,1.0,wave,UNKNOWN,UNKNOWN,0.29,0,61.716
3308,68.9275,,0,5.0,0.55,5,3,0,4.9837,1.0,wave,UNKNOWN,UNKNOWN,0.29,0,63.37
3309,68.9413,,0,5.0,0.55,5,3,0,4.9975,1.0,wave,UNKNOWN,UNKNOWN,0.29,0,63.735
3310,68.9558,,0,5.0,0.55,5,3,0,4.997,1.0,wave,UNKNOWN,UNKNOWN,0.29,0,61.479
3311,68.9796,,0,5.0,0.55,5,3,0,4.9459,1.0,wave,UNKNOWN,UNKNOWN,0.29,0,60.754
3312,68.9979,,0,5.0,0.55,5,3,0,4.9642,1.0,wave,UNKNOWN,UNKNOWN,0.29,0,60.692
3313,69.0147,,0,5.0,0.55,5,3,0,4.981,1.0,wave,UNKNOWN,UNKNOWN,0.29,0,61.242
3314,69.0298,,0,5.0,0.55,5,3,0,4.9961,1.0,wave,UNKNOWN,UNKNOWN,0.29,0,61.373
3315,69.0457,,0,5.0,0.55,5,3,0,4.9988,1.0,wave,UNKNOWN,UNKNOWN,0.29,0,62.75
3316,69.0591,,0,5.0,0.55,5,3,0,4.9978,1.0,wave,UNKNOWN,UNKNOWN,0.29,0,63.064
3317,69.0747,,0,5.0,0.55,5,3,0,4.9957,1.0,wave,UNKNOWN,UNKNOWN,0.29,0,64.54
3318,69.0871,,0,5.0,0.55,5,3,0,4.9846,1.0,wave,UNKNOWN,UNKNOWN,0.29,0,65.398
3319,69.1007,,0,5.0,0.55,5,3,0,4.9983,1.0,wave,UNKNOWN,UNKNOWN,0.3233,1,60.455
3320,69.1639,,0,5.0,0.55,5,3,0,4.9902,1.0,wave,UNKNOWN,UNKNOWN,0.3233,0,61.334
3321,69.1777,,0,5.0,0.55,5,3,0,4.9923,1.0,wave,UNKNOWN,UNKNOWN,0.3233,0,63.453
3322,69.19,,0,5.0,0.55,5,3,0,4.993,1.0,wave,UNKNOWN,UNKNOWN,0.3233,0,65.065
3323,69.2024,,0,5.0,0.55,5,3,0,4.9931,1.0,wave,UNKNOWN,UNKNOWN,0.3233,0,63.105
3324,69.2248,,0,5.0,0.55,5,3,0,4.9973,1.0,wave,UNKNOWN,UNKNOWN,0.3233,0,64.631
3325,69.2373,,0,5.0,0.55,5,3,0,4.9384,1.0,wave,UNKNOWN,UNKNOWN,0.3233,0,65.049
3326,69.2518,,0,5.0,0.55,5,3,0,4.9529,1.0,wave,UNKNOWN,UNKNOWN,0.3233,0,65.634
3327,69.2658,,0,5.0,0.55,5,3,0,4.9669,1.0,wave,UNKNOWN,UNKNOWN,0.3233,0,65.662
3328,69.281,,0,5.0,0.55,5,3,0,4.9821,1.0,wave,UNKNOWN,UNKNOWN,0.3233,0,65.746
3329,69.2961,,0,5.0,0.55,5,3,0,4.9972,1.0,wave,UNKNOWN,UNKNOWN,0.3233,0,65.241
3330,69.3125,,0,5.0,0.55,5,3,0,4.9993,1.0,wave,UNKNOWN,UNKNOWN,0.3233,0,64.467
3331,69.3299,,0,5.0,0.55,5,3,0,4.9892,1.0,wave,UNKNOWN,UNKNOWN,0.3233,0,63.588
3332,69.3479,,0,5.0,0.55,5,3,0,4.9923,1.0,wave,UNKNOWN,UNKNOWN,0.3233,0,63.195
3333,69.3646,,0,5.0,0.55,5,3,0,4.9971,1.0,wave,UNKNOWN,UNKNOWN,0.3433,1,58.426
3334,69.4295,,0,5.0,0.55,5,3,0,4.9952,1.0,wave,UNKNOWN,UNKNOWN,0.3433,0,60.058
3335,69.4431,,0,5.0,0.55,5,3,0,4.9877,1.0,wave,UNKNOWN,UNKNOWN,0.3433,0,61.707
3336,69.4559,,0,5.0,0.55,5,3,0,4.9876,1.0,wave,UNKNOWN,UNKNOWN,0.3433,0,63.269
3337,69.4685,,0,5.0,0.55,5,3,0,4.9874,1.0,wave,UNKNOWN,UNKNOWN,0.3433,0,64.276
3338,69.4822,,0,5.0,0.55,5,3,0,4.9481,1.0,wave,UNKNOWN,UNKNOWN,0.3433,0,64.772
3339,69.4965,,0,5.0,0.55,5,3,0,4.9624,1.0,wave,UNKNOWN,UNKNOWN,0.3433,0,66.445
3340,69.5092,,0,5.0,0.55,5,3,0,4.9752,1.0,wave,UNKNOWN,UNKNOWN,0.3433,0,67.696
3341,69.5217,,0,5.0,0.55,5,3,0,4.9876,1.0,wave,UNKNOWN,UNKNOWN,0.3433,0,68.377
3342,69.5348,,0,5.0,0.55,5,3,0,4.9863,1.0,wave,UNKNOWN,UNKNOWN,0.3433,0,69.228
3343,69.548,,0,5.0,0.55,5,3,0,4.9994,1.0,wave,UNKNOWN,UNKNOWN,0.3433,0,69.364
3344,69.5621,,0,5.0,0.55,5,3,0,4.9875,1.0,wave,UNKNOWN,UNKNOWN,0.3433,0,67.168
3345,69.5833,,0,5.0,0.55,5,3,0,4.9955,1.0,wave,UNKNOWN,UNKNOWN,0.3433,0,67.361
3346,69.5977,,0,5.0,0.55,5,3,0,4.9973,1.0,wave,UNKNOWN,UNKNOWN,0.3433,0,66.022
3347,69.6163,,0,5.0,0.55,5,3,0,4.9867,1.0,wave,UNKNOWN,UNKNOWN,0.3,1,61.073
3348,69.6771,,0,5.0,0.55,5,3,0,4.9965,1.0,wave,UNKNOWN,UNKNOWN,0.3,0,62.605
3349,69.6898,,0,5.0,0.55,5,3,0,4.996,1.0,wave,UNKNOWN,UNKNOWN,0.3,0,64.456
3350,69.7021,,0,5.0,0.55,5,3,0,4.9954,1.0,wave,UNKNOWN,UNKNOWN,0.3,0,64.661
3351,69.7172,,0,5.0,0.55,5,3,0,4.9972,1.0,wave,UNKNOWN,UNKNOWN,0.3,0,65.176
3352,69.7316,,0,5.0,0.55,5,3,0,4.9974,1.0,wave,UNKNOWN,UNKNOWN,0.3,0,64.948
3353,69.7474,,0,5.0,0.55,5,3,0,4.9627,1.0,wave,UNKNOWN,UNKNOWN,0.3,0,63.033
3354,69.7691,,0,5.0,0.55,5,3,0,4.9844,1.0,wave,UNKNOWN,UNKNOWN,0.3,0,64.513
3355,69.7819,,0,5.0,0.55,5,3,0,4.9972,1.0,wave,UNKNOWN,UNKNOWN,0.3,0,64.942
3356,69.7966,,0,5.0,0.55,5,3,0,4.9964,1.0,wave,UNKNOWN,UNKNOWN,0.3,0,65.528
3357,69.8106,,0,5.0,0.55,5,3,0,4.9979,1.0,wave,UNKNOWN,UNKNOWN,0.3,0,67.403
3358,69.8225,,0,5.0,0.55,5,3,0,4.9975,1.0,wave,UNKNOWN,UNKNOWN,0.3,0,65.25
3359,69.8443,,0,5.0,0.55,5,3,0,4.999,1.0,wave,UNKNOWN,UNKNOWN,0.3,0,63.579
3360,69.8652,,0,5.0,0.55,5,3,0,4.9948,1.0,wave,UNKNOWN,UNKNOWN,0.3,0,62.383
3361,69.8843,,0,5.0,0.55,5,3,0,4.9947,1.0,wave,UNKNOWN,UNKNOWN,0.29,1,57.904
3362,69.9416,,0,5.0,0.55,5,3,0,4.9907,1.0,wave,UNKNOWN,UNKNOWN,0.29,0,56.853
3363,69.9623,,0,5.0,0.55,5,3,0,4.9996,1.0,wave,UNKNOWN,UNKNOWN,0.29,0,55.591
3364,69.9851,,0,5.0,0.55,5,3,0,4.9971,1.0,wave,UNKNOWN,UNKNOWN,0.29,0,56.999
3365,69.9994,,0,5.0,0.55,5,3,0,4.9529,1.0,wave,UNKNOWN,UNKNOWN,0.29,0,58.82
3366,70.0127,,0,5.0,0.55,5,3,0,4.9662,1.0,wave,UNKNOWN,UNKNOWN,0.29,0,60.587
3367,70.0258,,0,5.0,0.55,5,3,0,4.9793,1.0,wave,UNKNOWN,UNKNOWN,0.29,0,62.765
3368,70.0378,,0,5.0,0.55,5,3,0,4.9913,1.0,wave,UNKNOWN,UNKNOWN,0.29,0,63.614
3369,70.0518,,0,5.0,0.55,5,3,0,4.9873,1.0,wave,UNKNOWN,UNKNOWN,0.29,0,64.534
3370,70.0655,,0,5.0,0.55,5,3,0,4.9824,1.0,wave,UNKNOWN,UNKNOWN,0.29,0,62.764
3371,70.0869,,0,5.0,0.55,5,3,0,4.9854,1.0,wave,UNKNOWN,UNKNOWN,0.29,0,61.496
3372,70.107,,0,5.0,0.55,5,3,0,4.9927,1.0,wave,UNKNOWN,UNKNOWN,0.29,0,63.124
3373,70.1197,,0,5.0,0.55,5,3,0,4.9926,1.0,wave,UNKNOWN,UNKNOWN,0.29,0,63.751
3374,70.1341,,0,5.0,0.55,5,3,0,4.9921,1.0,wave,UNKNOWN,UNKNOWN,0.29,0,63.974
3375,70.1492,,0,5.0,0.55,5,3,0,4.9883,1.0,drink_return,UNKNOWN,UNKNOWN,0.2567,1,59.159
3376,70.2126,,0,5.0,0.55,5,3,0,4.9928,1.0,drink_return,UNKNOWN,UNKNOWN,0.2567,0,61.012
3377,70.2258,,0,5.0,0.55,5,3,0,4.9938,1.0,drink_return,UNKNOWN,UNKNOWN,0.2567,0,62.043
3378,70.2405,,0,5.0,0.55,5,3,0,4.9962,1.0,drink_return,UNKNOWN,UNKNOWN,0.2567,0,63.122
3379,70.2531,,0,5.0,0.55,5,3,0,4.958,1.0,drink_return,UNKNOWN,UNKNOWN,0.2567,0,63.732
3380,70.2676,,0,5.0,0.55,5,3,0,4.9725,1.0,drink_return,UNKNOWN,UNKNOWN,0.2567,0,63.899
3381,70.2829,,0,5.0,0.55,5,3,0,4.9879,1.0,drink_return,UNKNOWN,UNKNOWN,0.2567,0,63.889
3382,70.2985,,0,5.0,0.55,5,3,0,4.9851,1.0,drink_return,UNKNOWN,UNKNOWN,0.2567,0,62.969
3383,70.3168,,0,5.0,0.55,5,3,0,4.9828,1.0,drink_return,UNKNOWN,UNKNOWN,0.2567,0,62.911
3384,70.3328,,0,5.0,0.55,5,3,0,4.9988,1.0,drink_return,UNKNOWN,UNKNOWN,0.2567,0,62.675
3385,70.3493,,0,5.0,0.55,5,3,0,4.9799,1.0,drink_return,UNKNOWN,UNKNOWN,0.2567,0,62.995
3386,70.3646,,0,5.0,0.55,5,3,0,4.9951,1.0,drink_return,UNKNOWN,UNKNOWN,0.2567,0,63.288
3387,70.3797,,0,5.0,0.55,5,3,0,4.9919,1.0,drink_return,UNKNOWN,UNKNOWN,0.2567,0,63.13
3388,70.3959,,0,5.0,0.55,5,3,0,4.9921,1.0,drink_return,UNKNOWN,UNKNOWN,0.2567,0,65.13
3389,70.4085,,0,5.0,0.55,5,3,0,4.9879,1.0,wave,UNKNOWN,UNKNOWN,0.28,1,60.587
3390,70.4592,,0,5.0,0.55,5,3,0,4.9872,1.0,wave,UNKNOWN,UNKNOWN,0.28,0,58.771
3391,70.4824,,0,5.0,0.55,5,3,0,4.9965,1.0,wave,UNKNOWN,UNKNOWN,0.28,0,58.792
3392,70.4993,,0,5.0,0.55,5,3,0,4.9923,1.0,wave,UNKNOWN,UNKNOWN,0.28,0,58.963
3393,70.5158,,0,5.0,0.55,5,3,0,4.95,1.0,wave,UNKNOWN,UNKNOWN,0.28,0,59.797
3394,70.5306,,0,5.0,0.55,5,3,0,4.9648,1.0,wave,UNKNOWN,UNKNOWN,0.28,0,60.913
3395,70.5447,,0,5.0,0.55,5,3,0,4.9789,1.0,wave,UNKNOWN,UNKNOWN,0.28,0,62.951
3396,70.5574,,0,5.0,0.55,5,3,0,4.9916,1.0,wave,UNKNOWN,UNKNOWN,0.28,0,60.742
3397,70.5816,,0,5.0,0.55,5,3,0,4.9894,1.0,wave,UNKNOWN,UNKNOWN,0.28,0,61.272
3398,70.5967,,0,5.0,0.55,5,3,0,4.9909,1.0,wave,UNKNOWN,UNKNOWN,0.28,0,62.789
3399,70.6098,,0,5.0,0.55,5,3,0,4.9922,1.0,wave,UNKNOWN,UNKNOWN,0.28,0,64.507
3400,70.6226,,0,5.0,0.55,5,3,0,4.9929,1.0,wave,UNKNOWN,UNKNOWN,0.28,0,62.149
3401,70.6467,,0,5.0,0.55,5,3,0,4.9905,1.0,wave,UNKNOWN,UNKNOWN,0.28,0,60.629
3402,70.668,,0,5.0,0.55,5,3,0,4.989,1.0,wave,UNKNOWN,UNKNOWN,0.2833,1,56.164
3403,70.7309,,0,5.0,0.55,5,3,0,4.9834,1.0,wave,UNKNOWN,UNKNOWN,0.2833,0,54.905
3404,70.7534,,0,5.0,0.55,5,3,0,4.9923,1.0,wave,UNKNOWN,UNKNOWN,0.2833,0,56.124
3405,70.7683,,0,5.0,0.55,5,3,0,4.9571,1.0,wave,UNKNOWN,UNKNOWN,0.2833,0,55.01
3406,70.7908,,0,5.0,0.55,5,3,0,4.9797,1.0,wave,UNKNOWN,UNKNOWN,0.2833,0,53.974
3407,70.813,,0,5.0,0.55,5,3,0,4.9883,1.0,wave,UNKNOWN,UNKNOWN,0.2833,0,56.628
3408,70.8259,,0,5.0,0.55,5,3,0,4.9818,1.0,wave,UNKNOWN,UNKNOWN,0.2833,0,58.022
3409,70.84,,0,5.0,0.55,5,3,0,4.9959,1.0,wave,UNKNOWN,UNKNOWN,0.2833,0,58.417
3410,70.856,,0,5.0,0.55,5,3,0,4.9961,1.0,wave,UNKNOWN,UNKNOWN,0.2833,0,59.298
3411,70.8706,,0,5.0,0.55,5,3,0,4.9906,1.0,wave,UNKNOWN,UNKNOWN,0.2833,0,59.654
3412,70.8865,,0,5.0,0.55,5,3,0,4.994,1.0,wave,UNKNOWN,UNKNOWN,0.2833,0,59.145
3413,70.9049,,0,5.0,0.55,5,3,0,4.9994,1.0,wave,UNKNOWN,UNKNOWN,0.2833,0,59.417
3414,70.921,,0,5.0,0.55,5,3,0,4.9865,1.0,wave,UNKNOWN,UNKNOWN,0.29,1,55.102
3415,70.9828,,0,5.0,0.55,5,3,0,4.9907,1.0,wave,UNKNOWN,UNKNOWN,0.29,0,56.461
3416,70.9971,,0,5.0,0.55,5,3,0,4.9899,1.0,wave,UNKNOWN,UNKNOWN,0.29,0,55.576
3417,71.0179,,0,5.0,0.55,5,3,0,4.9973,1.0,wave,UNKNOWN,UNKNOWN,0.29,0,55.743
3418,71.0355,,0,5.0,0.55,5,3,0,4.9617,1.0,wave,UNKNOWN,UNKNOWN,0.29,0,56.271
3419,71.0519,,0,5.0,0.55,5,3,0,4.9781,1.0,wave,UNKNOWN,UNKNOWN,0.29,0,57.053
3420,71.0675,,0,5.0,0.55,5,3,0,4.9936,1.0,wave,UNKNOWN,UNKNOWN,0.29,0,57.878
3421,71.0828,,0,5.0,0.55,5,3,0,4.9966,1.0,wave,UNKNOWN,UNKNOWN,0.29,0,58.319
3422,71.0989,,0,5.0,0.55,5,3,0,4.9979,1.0,wave,UNKNOWN,UNKNOWN,0.29,0,58.35
3423,71.1159,,0,5.0,0.55,5,3,0,4.9994,1.0,wave,UNKNOWN,UNKNOWN,0.29,0,59.18
3424,71.1309,,0,5.0,0.55,5,3,0,4.9858,1.0,wave,UNKNOWN,UNKNOWN,0.29,0,58.308
3425,71.1508,,0,5.0,0.55,5,3,0,4.9907,1.0,wave,UNKNOWN,UNKNOWN,0.29,0,58.731
3426,71.1667,,0,5.0,0.55,5,3,0,4.9932,1.0,wave,UNKNOWN,UNKNOWN,0.29,0,59.59
3427,71.1815,,0,5.0,0.55,5,3,0,4.9947,1.0,wave,UNKNOWN,UNKNOWN,0.2933,1,55.429
3428,71.2375,,0,5.0,0.55,5,3,0,4.9999,1.0,wave,UNKNOWN,UNKNOWN,0.2933,0,57.187
3429,71.2508,,0,5.0,0.55,5,3,0,4.9872,1.0,wave,UNKNOWN,UNKNOWN,0.2933,0,57.983
3430,71.2663,,0,5.0,0.55,5,3,0,4.9901,1.0,wave,UNKNOWN,UNKNOWN,0.2933,0,58.552
3431,71.2819,,0,5.0,0.55,5,3,0,4.9433,1.0,wave,UNKNOWN,UNKNOWN,0.2933,0,58.888
3432,71.298,,0,5.0,0.55,5,3,0,4.9594,1.0,wave,UNKNOWN,UNKNOWN,0.2933,0,58.682
3433,71.3157,,0,5.0,0.55,5,3,0,4.9772,1.0,wave,UNKNOWN,UNKNOWN,0.2933,0,59.388
3434,71.3309,,0,5.0,0.55,5,3,0,4.9923,1.0,wave,UNKNOWN,UNKNOWN,0.2933,0,61.168
3435,71.3439,,0,5.0,0.55,5,3,0,4.9932,1.0,wave,UNKNOWN,UNKNOWN,0.2933,0,63.277
3436,71.3563,,0,5.0,0.55,5,3,0,4.9929,1.0,wave,UNKNOWN,UNKNOWN,0.2933,0,64.261
3437,71.3696,,0,5.0,0.55,5,3,0,4.9935,1.0,wave,UNKNOWN,UNKNOWN,0.2933,0,65.051
3438,71.3835,,0,5.0,0.55,5,3,0,4.995,1.0,wave,UNKNOWN,UNKNOWN,0.2933,0,65.479
3439,71.398,,0,5.0,0.55,5,3,0,4.9971,1.0,wave,UNKNOWN,UNKNOWN,0.2933,0,66.694
3440,71.4112,,0,5.0,0.55,5,3,0,4.9983,1.0,wave,UNKNOWN,UNKNOWN,0.2933,0,64.962
3441,71.431,,0,5.0,0.55,5,3,0,4.9926,1.0,wave,UNKNOWN,UNKNOWN,0.2933,0,66.742
3442,71.4439,,0,5.0,0.55,5,3,0,4.9871,1.0,wave,UNKNOWN,UNKNOWN,0.29,1,61.984
3443,71.4956,,0,5.0,0.55,5,3,0,4.9918,1.0,wave,UNKNOWN,UNKNOWN,0.29,0,63.795
3444,71.5079,,0,5.0,0.55,5,3,0,4.9922,1.0,wave,UNKNOWN,UNKNOWN,0.29,0,65.328
3445,71.5204,,0,5.0,0.55,5,3,0,4.992,1.0,wave,UNKNOWN,UNKNOWN,0.29,0,66.101
3446,71.534,,0,5.0,0.55,5,3,0,4.9459,1.0,wave,UNKNOWN,UNKNOWN,0.29,0,66.322
3447,71.5488,,0,5.0,0.55,5,3,0,4.9606,1.0,wave,UNKNOWN,UNKNOWN,0.29,0,66.316
3448,71.564,,0,5.0,0.55,5,3,0,4.9758,1.0,wave,UNKNOWN,UNKNOWN,0.29,0,65.084
3449,71.5826,,0,5.0,0.55,5,3,0,4.9944,1.0,wave,UNKNOWN,UNKNOWN,0.29,0,63.862
3450,71.6014,,0,5.0,0.55,5,3,0,4.9998,1.0,wave,UNKNOWN,UNKNOWN,0.29,0,63.933
3451,71.617,,0,5.0,0.55,5,3,0,4.9873,1.0,wave,UNKNOWN,UNKNOWN,0.29,0,63.752
3452,71.6329,,0,5.0,0.55,5,3,0,4.9896,1.0,wave,UNKNOWN,UNKNOWN,0.29,0,61.869
3453,71.6554,,0,5.0,0.55,5,3,0,4.9994,1.0,wave,UNKNOWN,UNKNOWN,0.29,0,62.344
3454,71.6702,,0,5.0,0.55,5,3,0,4.9898,1.0,wave,UNKNOWN,UNKNOWN,0.29,0,63.496
3455,71.6838,,0,5.0,0.55,5,3,0,4.9902,1.0,wave,UNKNOWN,UNKNOWN,0.29,0,63.838
3456,71.6988,,0,5.0,0.55,5,3,0,4.9912,1.0,wave,UNKNOWN,UNKNOWN,0.2833,1,59.232
3457,71.7551,,0,5.0,0.55,5,3,0,4.998,1.0,wave,UNKNOWN,UNKNOWN,0.2833,0,60.276
3458,71.7691,,0,5.0,0.55,5,3,0,4.9992,1.0,wave,UNKNOWN,UNKNOWN,0.2833,0,59.834
3459,71.7871,,0,5.0,0.55,5,3,0,4.9532,1.0,wave,UNKNOWN,UNKNOWN,0.2833,0,60.696
3460,71.8017,,0,5.0,0.55,5,3,0,4.9678,1.0,wave,UNKNOWN,UNKNOWN,0.2833,0,59.436
3461,71.8227,,0,5.0,0.55,5,3,0,4.9888,1.0,wave,UNKNOWN,UNKNOWN,0.2833,0,60.844
3462,71.8361,,0,5.0,0.55,5,3,0,4.9898,1.0,wave,UNKNOWN,UNKNOWN,0.2833,0,62.636
3463,71.8489,,0,5.0,0.55,5,3,0,4.9906,1.0,wave,UNKNOWN,UNKNOWN,0.2833,0,63.276
3464,71.8636,,0,5.0,0.55,5,3,0,4.9936,1.0,wave,UNKNOWN,UNKNOWN,0.2833,0,65.024
3465,71.8759,,0,5.0,0.55,5,3,0,4.9932,1.0,wave,UNKNOWN,UNKNOWN,0.2833,0,65.137
3466,71.8908,,0,5.0,0.55,5,3,0,4.9954,1.0,wave,UNKNOWN,UNKNOWN,0.2833,0,66.592
3467,71.9033,,0,5.0,0.55,5,3,0,4.9956,1.0,wave,UNKNOWN,UNKNOWN,0.2833,0,67.471
3468,71.9166,,0,5.0,0.55,5,3,0,4.9965,1.0,wave,UNKNOWN,UNKNOWN,0.2833,0,68.046
3469,71.9304,,0,5.0,0.55,5,3,0,4.9976,1.0,wave,UNKNOWN,UNKNOWN,0.2833,0,69.295
3470,71.9428,,0,5.0,0.55,5,3,0,4.998,1.0,wave,UNKNOWN,UNKNOWN,0.2833,0,67.338
3471,71.963,,0,5.0,0.55,5,3,0,4.9854,1.0,wave,UNKNOWN,UNKNOWN,0.28,1,62.249
3472,72.0243,,0,5.0,0.55,5,3,0,4.9973,1.0,wave,UNKNOWN,UNKNOWN,0.28,0,63.378
3473,72.0372,,0,5.0,0.55,5,3,0,4.9983,1.0,wave,UNKNOWN,UNKNOWN,0.28,0,64.792
3474,72.0501,,0,5.0,0.55,5,3,0,4.951,1.0,wave,UNKNOWN,UNKNOWN,0.28,0,65.355
3475,72.0644,,0,5.0,0.55,5,3,0,4.9653,1.0,wave,UNKNOWN,UNKNOWN,0.28,0,64.42
3476,72.0821,,0,5.0,0.55,5,3,0,4.983,1.0,wave,UNKNOWN,UNKNOWN,0.28,0,66.308
3477,72.0941,,0,5.0,0.55,5,3,0,4.995,1.0,wave,UNKNOWN,UNKNOWN,0.28,0,68.051
3478,72.1061,,0,5.0,0.55,5,3,0,4.9916,1.0,wave,UNKNOWN,UNKNOWN,0.28,0,68.492
3479,72.1202,,0,5.0,0.55,5,3,0,4.994,1.0,wave,UNKNOWN,UNKNOWN,0.28,0,67.598
3480,72.1368,,0,5.0,0.55,5,3,0,4.9991,1.0,wave,UNKNOWN,UNKNOWN,0.28,0,66.819
3481,72.1537,,0,5.0,0.55,5,3,0,4.9965,1.0,wave,UNKNOWN,UNKNOWN,0.28,0,66.179
3482,72.1703,,0,5.0,0.55,5,3,0,4.9876,1.0,wave,UNKNOWN,UNKNOWN,0.28,0,65.963
3483,72.1856,,0,5.0,0.55,5,3,0,4.9901,1.0,wave,UNKNOWN,UNKNOWN,0.28,0,64.186
3484,72.2066,,0,5.0,0.55,5,3,0,4.9983,1.0,wave,UNKNOWN,UNKNOWN,0.28,0,61.493
3485,72.2332,,0,5.0,0.55,5,3,0,4.9978,1.0,wave,UNKNOWN,UNKNOWN,0.2967,1,56.833
3486,72.3007,,0,5.0,0.55,5,3,0,4.9466,1.0,wave,UNKNOWN,UNKNOWN,0.2967,0,56.996
3487,72.3175,,0,5.0,0.55,5,3,0,4.9635,1.0,wave,UNKNOWN,UNKNOWN,0.2967,0,56.457
3488,72.3368,,0,5.0,0.55,5,3,0,4.9828,1.0,wave,UNKNOWN,UNKNOWN,0.2967,0,57.038
3489,72.3529,,0,5.0,0.55,5,3,0,4.9989,1.0,wave,UNKNOWN,UNKNOWN,0.2967,0,57.456
3490,72.3693,,0,5.0,0.55,5,3,0,4.9827,1.0,wave,UNKNOWN,UNKNOWN,0.2967,0,57.723
3491,72.3859,,0,5.0,0.55,5,3,0,4.9993,1.0,wave,UNKNOWN,UNKNOWN,0.2967,0,58.456
3492,72.4013,,0,5.0,0.55,5,3,0,4.9897,1.0,wave,UNKNOWN,UNKNOWN,0.2967,0,58.997
3493,72.4169,,0,5.0,0.55,5,3,0,4.9913,1.0,wave,UNKNOWN,UNKNOWN,0.2967,0,60.541
3494,72.4302,,0,5.0,0.55,5,3,0,4.9917,1.0,wave,UNKNOWN,UNKNOWN,0.2967,0,62.438
3495,72.4436,,0,5.0,0.55,5,3,0,4.9915,1.0,wave,UNKNOWN,UNKNOWN,0.2967,0,63.889
3496,72.4559,,0,5.0,0.55,5,3,0,4.9896,1.0,wave,UNKNOWN,UNKNOWN,0.2967,0,64.565
3497,72.47,,0,5.0,0.55,5,3,0,4.99,1.0,wave,UNKNOWN,UNKNOWN,0.2967,0,65.893
3498,72.4829,,0,5.0,0.55,5,3,0,4.9887,1.0,wave,UNKNOWN,UNKNOWN,0.2967,0,66.148
3499,72.4977,,0,5.0,0.55,5,3,0,4.9817,1.0,wave,UNKNOWN,UNKNOWN,0.3067,1,61.031
3500,72.5647,,0,5.0,0.55,5,3,0,4.9648,1.0,wave,UNKNOWN,UNKNOWN,0.3067,0,61.42
3501,72.5804,,0,5.0,0.55,5,3,0,4.9806,1.0,wave,UNKNOWN,UNKNOWN,0.3067,0,61.82
3502,72.5966,,0,5.0,0.55,5,3,0,4.9968,1.0,wave,UNKNOWN,UNKNOWN,0.3067,0,62.192
3503,72.6114,,0,5.0,0.55,5,3,0,4.9962,1.0,wave,UNKNOWN,UNKNOWN,0.3067,0,62.911
3504,72.6256,,0,5.0,0.55,5,3,0,4.9974,1.0,wave,UNKNOWN,UNKNOWN,0.3067,0,63.856
3505,72.6387,,0,5.0,0.55,5,3,0,4.9974,1.0,wave,UNKNOWN,UNKNOWN,0.3067,0,64.594
3506,72.6526,,0,5.0,0.55,5,3,0,4.9905,1.0,wave,UNKNOWN,UNKNOWN,0.3067,0,65.072
3507,72.667,,0,5.0,0.55,5,3,0,4.9929,1.0,wave,UNKNOWN,UNKNOWN,0.3067,0,65.597
3508,72.6812,,0,5.0,0.55,5,3,0,4.9931,1.0,wave,UNKNOWN,UNKNOWN,0.3067,0,66.369
3509,72.6956,,0,5.0,0.55,5,3,0,4.9945,1.0,wave,UNKNOWN,UNKNOWN,0.3067,0,66.871
3510,72.7096,,0,5.0,0.55,5,3,0,4.9957,1.0,wave,UNKNOWN,UNKNOWN,0.3067,0,67.599
3511,72.7227,,0,5.0,0.55,5,3,0,4.9937,1.0,wave,UNKNOWN,UNKNOWN,0.3067,0,67.504
3512,72.7375,,0,5.0,0.55,5,3,0,4.9939,1.0,wave,UNKNOWN,UNKNOWN,0.3067,0,68.126
3513,72.7513,,0,5.0,0.55,5,3,0,4.9875,1.0,wave,UNKNOWN,UNKNOWN,0.3133,1,63.026
3514,72.8105,,0,5.0,0.55,5,3,0,4.9446,1.0,wave,UNKNOWN,UNKNOWN,0.3133,0,62.43
3515,72.8284,,0,5.0,0.55,5,3,0,4.9626,1.0,wave,UNKNOWN,UNKNOWN,0.3133,0,61.912
3516,72.8459,,0,5.0,0.55,5,3,0,4.9801,1.0,wave,UNKNOWN,UNKNOWN,0.3133,0,60.055
3517,72.8685,,0,5.0,0.55,5,3,0,4.9884,1.0,wave,UNKNOWN,UNKNOWN,0.3133,0,59.785
3518,72.8862,,0,5.0,0.55,5,3,0,4.9917,1.0,wave,UNKNOWN,UNKNOWN,0.3133,0,58.911
3519,72.9054,,0,5.0,0.55,5,3,0,4.9974,1.0,wave,UNKNOWN,UNKNOWN,0.3133,0,58.555
3520,72.923,,0,5.0,0.55,5,3,0,4.995,1.0,wave,UNKNOWN,UNKNOWN,0.3133,0,58.781
3521,72.9409,,0,5.0,0.55,5,3,0,4.986,1.0,wave,UNKNOWN,UNKNOWN,0.3133,0,57.15
3522,72.9634,,0,5.0,0.55,5,3,0,4.9943,1.0,wave,UNKNOWN,UNKNOWN,0.3133,0,58.28
3523,72.9786,,0,5.0,0.55,5,3,0,4.9916,1.0,wave,UNKNOWN,UNKNOWN,0.3133,0,56.618
3524,73.0014,,0,5.0,0.55,5,3,0,4.9798,1.0,wave,UNKNOWN,UNKNOWN,0.2933,1,52.502
3525,73.0662,,0,5.0,0.55,5,3,0,4.9458,1.0,wave,UNKNOWN,UNKNOWN,0.2933,0,52.873
3526,73.0836,,0,5.0,0.55,5,3,0,4.9633,1.0,wave,UNKNOWN,UNKNOWN,0.2933,0,54.038
3527,73.0989,,0,5.0,0.55,5,3,0,4.9785,1.0,wave,UNKNOWN,UNKNOWN,0.2933,0,57.101
3528,73.1111,,0,5.0,0.55,5,3,0,4.9908,1.0,wave,UNKNOWN,UNKNOWN,0.2933,0,59.536
3529,73.1235,,0,5.0,0.55,5,3,0,4.9904,1.0,wave,UNKNOWN,UNKNOWN,0.2933,0,60.534
3530,73.1388,,0,5.0,0.55,5,3,0,4.9918,1.0,wave,UNKNOWN,UNKNOWN,0.2933,0,59.417
3531,73.1584,,0,5.0,0.55,5,3,0,4.9966,1.0,wave,UNKNOWN,UNKNOWN,0.2933,0,58.798
3532,73.1773,,0,5.0,0.55,5,3,0,4.9902,1.0,wave,UNKNOWN,UNKNOWN,0.2933,0,60.644
3533,73.1893,,0,5.0,0.55,5,3,0,4.9891,1.0,wave,UNKNOWN,UNKNOWN,0.2933,0,62.819
3534,73.2014,,0,5.0,0.55,5,3,0,4.9868,1.0,wave,UNKNOWN,UNKNOWN,0.2933,0,64.846
3535,73.2136,,0,5.0,0.55,5,3,0,4.9989,1.0,wave,UNKNOWN,UNKNOWN,0.2933,0,66.913
3536,73.2252,,0,5.0,0.55,5,3,0,4.9887,1.0,wave,UNKNOWN,UNKNOWN,0.2933,0,68.728
3537,73.237,,0,5.0,0.55,5,3,0,4.9772,1.0,wave,UNKNOWN,UNKNOWN,0.2933,0,67.943
3538,73.254,,0,5.0,0.55,5,3,0,4.9942,1.0,wave,UNKNOWN,UNKNOWN,0.2867,1,62.691
3539,73.3185,,0,5.0,0.55,5,3,0,4.9502,1.0,wave,UNKNOWN,UNKNOWN,0.2867,0,63.54
3540,73.3323,,0,5.0,0.55,5,3,0,4.964,1.0,wave,UNKNOWN,UNKNOWN,0.2867,0,65.796
3541,73.3442,,0,5.0,0.55,5,3,0,4.976,1.0,wave,UNKNOWN,UNKNOWN,0.2867,0,66.233
3542,73.3582,,0,5.0,0.55,5,3,0,4.9899,1.0,wave,UNKNOWN,UNKNOWN,0.2867,0,67.443
3543,73.3708,,0,5.0,0.55,5,3,0,4.9883,1.0,wave,UNKNOWN,UNKNOWN,0.2867,0,68.907
3544,73.383,,0,5.0,0.55,5,3,0,4.9868,1.0,wave,UNKNOWN,UNKNOWN,0.2867,0,70.733
3545,73.3949,,0,5.0,0.55,5,3,0,4.9987,1.0,wave,UNKNOWN,UNKNOWN,0.2867,0,71.871
3546,73.4065,,0,5.0,0.55,5,3,0,4.9902,1.0,wave,UNKNOWN,UNKNOWN,0.2867,0,72.623
3547,73.4193,,0,5.0,0.55,5,3,0,4.9906,1.0,wave,UNKNOWN,UNKNOWN,0.2867,0,72.291
3548,73.4337,,0,5.0,0.55,5,3,0,4.9852,1.0,wave,UNKNOWN,UNKNOWN,0.2867,0,72.691
3549,73.4468,,0,5.0,0.55,5,3,0,4.9983,1.0,wave,UNKNOWN,UNKNOWN,0.2867,0,74.323
3550,73.4581,,0,5.0,0.55,5,3,0,4.9893,1.0,wave,UNKNOWN,UNKNOWN,0.2867,0,74.705
3551,73.4715,,0,5.0,0.55,5,3,0,4.9815,1.0,wave,UNKNOWN,UNKNOWN,0.2867,0,72.807
3552,73.4898,,0,5.0,0.55,5,3,0,4.9998,1.0,wave,UNKNOWN,UNKNOWN,0.2867,0,70.906
3553,73.5093,,0,5.0,0.55,5,3,0,4.9992,1.0,wave,UNKNOWN,UNKNOWN,0.2833,1,65.577
3554,73.5655,,0,5.0,0.55,5,3,0,4.9843,1.0,wave,UNKNOWN,UNKNOWN,0.2833,0,64.222
3555,73.5843,,0,5.0,0.55,5,3,0,4.9508,1.0,wave,UNKNOWN,UNKNOWN,0.2833,0,63.725
3556,73.6012,,0,5.0,0.55,5,3,0,4.9677,1.0,wave,UNKNOWN,UNKNOWN,0.2833,0,63.574
3557,73.6173,,0,5.0,0.55,5,3,0,4.9838,1.0,wave,UNKNOWN,UNKNOWN,0.2833,0,62.682
3558,73.636,,0,5.0,0.55,5,3,0,4.9878,1.0,wave,UNKNOWN,UNKNOWN,0.2833,0,61.403
3559,73.6568,,0,5.0,0.55,5,3,0,4.9927,1.0,wave,UNKNOWN,UNKNOWN,0.2833,0,60.279
3560,73.6757,,0,5.0,0.55,5,3,0,4.9959,1.0,wave,UNKNOWN,UNKNOWN,0.2833,0,61.442
3561,73.6885,,0,5.0,0.55,5,3,0,4.9923,1.0,wave,UNKNOWN,UNKNOWN,0.2833,0,63.149
3562,73.7014,,0,5.0,0.55,5,3,0,4.9871,1.0,wave,UNKNOWN,UNKNOWN,0.2833,0,64.684
3563,73.7147,,0,5.0,0.55,5,3,0,4.9854,1.0,wave,UNKNOWN,UNKNOWN,0.2833,0,63.454
3564,73.7347,,0,5.0,0.55,5,3,0,4.9898,1.0,wave,UNKNOWN,UNKNOWN,0.2833,0,62.253
3565,73.7545,,0,5.0,0.55,5,3,0,4.9937,1.0,wave,UNKNOWN,UNKNOWN,0.2833,0,60.482
3566,73.7765,,0,5.0,0.55,5,3,0,4.9893,1.0,wave,UNKNOWN,UNKNOWN,0.2767,1,55.889
3567,73.8457,,0,5.0,0.55,5,3,0,4.95,1.0,wave,UNKNOWN,UNKNOWN,0.2767,0,55.258
3568,73.8645,,0,5.0,0.55,5,3,0,4.9688,1.0,wave,UNKNOWN,UNKNOWN,0.2767,0,56.138
3569,73.8801,,0,5.0,0.55,5,3,0,4.9844,1.0,wave,UNKNOWN,UNKNOWN,0.2767,0,55.944
3570,73.8989,,0,5.0,0.55,5,3,0,4.9885,1.0,wave,UNKNOWN,UNKNOWN,0.2767,0,55.764
3571,73.918,,0,5.0,0.55,5,3,0,4.9905,1.0,wave,UNKNOWN,UNKNOWN,0.2767,0,56.509
3572,73.9329,,0,5.0,0.55,5,3,0,4.9916,1.0,wave,UNKNOWN,UNKNOWN,0.2767,0,55.927
3573,73.953,,0,5.0,0.55,5,3,0,4.9972,1.0,wave,UNKNOWN,UNKNOWN,0.2767,0,55.526
3574,73.9725,,0,5.0,0.55,5,3,0,4.9929,1.0,wave,UNKNOWN,UNKNOWN,0.2767,0,55.48
3575,73.9911,,0,5.0,0.55,5,3,0,4.9932,1.0,wave,UNKNOWN,UNKNOWN,0.2767,0,55.016
3576,74.011,,0,5.0,0.55,5,3,0,4.9963,1.0,wave,UNKNOWN,UNKNOWN,0.2767,0,54.881
3577,74.0295,,0,5.0,0.55,5,3,0,4.9998,1.0,wave,UNKNOWN,UNKNOWN,0.3,1,50.789
3578,74.1006,,0,5.0,0.55,5,3,0,4.9999,1.0,wave,UNKNOWN,UNKNOWN,0.3,0,50.964
3579,74.1193,,0,5.0,0.55,5,3,0,4.9554,1.0,wave,UNKNOWN,UNKNOWN,0.3,0,52.505
3580,74.1339,,0,5.0,0.55,5,3,0,4.9701,1.0,wave,UNKNOWN,UNKNOWN,0.3,0,52.87
3581,74.1523,,0,5.0,0.55,5,3,0,4.9884,1.0,wave,UNKNOWN,UNKNOWN,0.3,0,53.94
3582,74.1671,,0,5.0,0.55,5,3,0,4.9894,1.0,wave,UNKNOWN,UNKNOWN,0.3,0,55.323
3583,74.1818,,0,5.0,0.55,5,3,0,4.9917,1.0,wave,UNKNOWN,UNKNOWN,0.3,0,58.439
3584,74.1932,,0,5.0,0.55,5,3,0,4.9908,1.0,wave,UNKNOWN,UNKNOWN,0.3,0,61.154
3585,74.205,,0,5.0,0.55,5,3,0,4.9802,1.0,wave,UNKNOWN,UNKNOWN,0.3,0,63.427
3586,74.2169,,0,5.0,0.55,5,3,0,4.9921,1.0,wave,UNKNOWN,UNKNOWN,0.3,0,65.289
3587,74.2292,,0,5.0,0.55,5,3,0,4.9919,1.0,wave,UNKNOWN,UNKNOWN,0.3,0,67.416
3588,74.241,,0,5.0,0.55,5,3,0,4.9892,1.0,wave,UNKNOWN,UNKNOWN,0.3,0,64.153
3589,74.2701,,0,5.0,0.55,5,3,0,4.9891,1.0,wave,UNKNOWN,UNKNOWN,0.3,0,62.017
3590,74.2943,,0,5.0,0.55,5,3,0,4.9982,1.0,wave,UNKNOWN,UNKNOWN,0.2933,1,57.218
3591,74.3656,,0,5.0,0.55,5,3,0,4.9361,1.0,wave,UNKNOWN,UNKNOWN,0.2933,0,56.437
3592,74.385,,0,5.0,0.55,5,3,0,4.9555,1.0,wave,UNKNOWN,UNKNOWN,0.2933,0,56.022
3593,74.4035,,0,5.0,0.55,5,3,0,4.974,1.0,wave,UNKNOWN,UNKNOWN,0.2933,0,57.342
3594,74.4179,,0,5.0,0.55,5,3,0,4.9883,1.0,wave,UNKNOWN,UNKNOWN,0.2933,0,59.342
3595,74.4309,,0,5.0,0.55,5,3,0,4.9878,1.0,wave,UNKNOWN,UNKNOWN,0.2933,0,62.031
3596,74.4427,,0,5.0,0.55,5,3,0,4.9996,1.0,wave,UNKNOWN,UNKNOWN,0.2933,0,64.082
3597,74.4543,,0,5.0,0.55,5,3,0,4.9985,1.0,wave,UNKNOWN,UNKNOWN,0.2933,0,65.485
3598,74.4673,,0,5.0,0.55,5,3,0,4.9988,1.0,wave,UNKNOWN,UNKNOWN,0.2933,0,67.466
3599,74.4795,,0,5.0,0.55,5,3,0,4.9974,1.0,wave,UNKNOWN,UNKNOWN,0.2933,0,68.977
3600,74.4915,,0,5.0,0.55,5,3,0,4.995,1.0,wave,UNKNOWN,UNKNOWN,0.2933,0,68.993
3601,74.5058,,0,5.0,0.55,5,3,0,4.9966,1.0,wave,UNKNOWN,UNKNOWN,0.2933,0,69.552
3602,74.519,,0,5.0,0.55,5,3,0,4.9973,1.0,wave,UNKNOWN,UNKNOWN,0.2933,0,69.378
3603,74.5337,,0,5.0,0.55,5,3,0,4.9989,1.0,wave,UNKNOWN,UNKNOWN,0.2933,0,67.364
3604,74.5541,,0,5.0,0.55,5,3,0,4.992,1.0,wave,UNKNOWN,UNKNOWN,0.3133,1,62.383
3605,74.6117,,0,5.0,0.55,5,3,0,4.9954,1.0,wave,UNKNOWN,UNKNOWN,0.3133,0,63.735
3606,74.6241,,0,5.0,0.55,5,3,0,4.9471,1.0,wave,UNKNOWN,UNKNOWN,0.3133,0,65.551
3607,74.6365,,0,5.0,0.55,5,3,0,4.9594,1.0,wave,UNKNOWN,UNKNOWN,0.3133,0,67.182
3608,74.6486,,0,5.0,0.55,5,3,0,4.9715,1.0,wave,UNKNOWN,UNKNOWN,0.3133,0,68.766
3609,74.6606,,0,5.0,0.55,5,3,0,4.9836,1.0,wave,UNKNOWN,UNKNOWN,0.3133,0,69.834
3610,74.6732,,0,5.0,0.55,5,3,0,4.9961,1.0,wave,UNKNOWN,UNKNOWN,0.3133,0,69.822
3611,74.6879,,0,5.0,0.55,5,3,0,4.9981,1.0,wave,UNKNOWN,UNKNOWN,0.3133,0,70.116
3612,74.7014,,0,5.0,0.55,5,3,0,4.9993,1.0,wave,UNKNOWN,UNKNOWN,0.3133,0,71.036
3613,74.714,,0,5.0,0.55,5,3,0,4.9969,1.0,wave,UNKNOWN,UNKNOWN,0.3133,0,72.441
3614,74.7258,,0,5.0,0.55,5,3,0,4.9942,1.0,wave,UNKNOWN,UNKNOWN,0.3133,0,73.006
3615,74.7385,,0,5.0,0.55,5,3,0,4.9911,1.0,wave,UNKNOWN,UNKNOWN,0.3133,0,74.087
3616,74.7504,,0,5.0,0.55,5,3,0,4.9813,1.0,wave,UNKNOWN,UNKNOWN,0.3133,0,74.821
3617,74.763,,0,5.0,0.55,5,3,0,4.9938,1.0,wave,UNKNOWN,UNKNOWN,0.3133,0,75.458
3618,74.7754,,0,5.0,0.55,5,3,0,4.9935,1.0,wave,UNKNOWN,UNKNOWN,0.3133,0,75.923
3619,74.7875,,0,5.0,0.55,5,3,0,4.9909,1.0,wave,UNKNOWN,UNKNOWN,0.3133,0,77.072
3620,74.799,,0,5.0,0.55,5,3,0,4.9884,1.0,wave,UNKNOWN,UNKNOWN,0.3133,0,77.864
3621,74.8108,,0,5.0,0.55,5,3,0,4.9882,1.0,wave,UNKNOWN,UNKNOWN,0.31,1,72.039
3622,74.8622,,0,5.0,0.55,5,3,0,4.997,1.0,wave,UNKNOWN,UNKNOWN,0.31,0,72.996
3623,74.874,,0,5.0,0.55,5,3,0,4.9896,1.0,wave,UNKNOWN,UNKNOWN,0.31,0,73.539
3624,74.8867,,0,5.0,0.55,5,3,0,4.9452,1.0,wave,UNKNOWN,UNKNOWN,0.31,0,74.658
3625,74.8985,,0,5.0,0.55,5,3,0,4.9569,1.0,wave,UNKNOWN,UNKNOWN,0.31,0,75.778
3626,74.9102,,0,5.0,0.55,5,3,0,4.9686,1.0,wave,UNKNOWN,UNKNOWN,0.31,0,73.346
3627,74.9297,,0,5.0,0.55,5,3,0,4.9881,1.0,wave,UNKNOWN,UNKNOWN,0.31,0,70.993
3628,74.9499,,0,5.0,0.55,5,3,0,4.9876,1.0,wave,UNKNOWN,UNKNOWN,0.31,0,72.365
3629,74.962,,0,5.0,0.55,5,3,0,4.9997,1.0,wave,UNKNOWN,UNKNOWN,0.31,0,69.879
3630,74.9827,,0,5.0,0.55,5,3,0,4.9976,1.0,wave,UNKNOWN,UNKNOWN,0.31,0,70.41
3631,74.996,,0,5.0,0.55,5,3,0,4.9966,1.0,wave,UNKNOWN,UNKNOWN,0.31,0,69.35
3632,75.0127,,0,5.0,0.55,5,3,0,4.9869,1.0,wave,UNKNOWN,UNKNOWN,0.31,0,70.767
3633,75.0244,,0,5.0,0.55,5,3,0,4.9987,1.0,wave,UNKNOWN,UNKNOWN,0.31,0,71.744
3634,75.037,,0,5.0,0.55,5,3,0,4.9992,1.0,wave,UNKNOWN,UNKNOWN,0.31,0,72.928
3635,75.0489,,0,5.0,0.55,5,3,0,4.9971,1.0,wave,UNKNOWN,UNKNOWN,0.31,0,74.233
3636,75.0605,,0,5.0,0.55,5,3,0,4.995,1.0,wave,UNKNOWN,UNKNOWN,0.31,0,75.703
3637,75.0717,,0,5.0,0.55,5,3,0,4.9848,1.0,wave,UNKNOWN,UNKNOWN,0.3133,1,69.984
3638,75.1259,,0,5.0,0.55,5,3,0,4.9918,1.0,wave,UNKNOWN,UNKNOWN,0.3133,0,70.898
3639,75.1383,,0,5.0,0.55,5,3,0,4.9891,1.0,wave,UNKNOWN,UNKNOWN,0.3133,0,69.169
3640,75.1571,,0,5.0,0.55,5,3,0,4.9445,1.0,wave,UNKNOWN,UNKNOWN,0.3133,0,70.706
3641,75.169,,0,5.0,0.55,5,3,0,4.9564,1.0,wave,UNKNOWN,UNKNOWN,0.3133,0,71.732
3642,75.1812,,0,5.0,0.55,5,3,0,4.9686,1.0,wave,UNKNOWN,UNKNOWN,0.3133,0,73.009
3643,75.1931,,0,5.0,0.55,5,3,0,4.9805,1.0,wave,UNKNOWN,UNKNOWN,0.3133,0,74.094
3644,75.205,,0,5.0,0.55,5,3,0,4.9923,1.0,wave,UNKNOWN,UNKNOWN,0.3133,0,75.024
3645,75.2173,,0,5.0,0.55,5,3,0,4.9915,1.0,wave,UNKNOWN,UNKNOWN,0.3133,0,74.196
3646,75.232,,0,5.0,0.55,5,3,0,4.9915,1.0,wave,UNKNOWN,UNKNOWN,0.3133,0,75.656
3647,75.2433,,0,5.0,0.55,5,3,0,4.9902,1.0,wave,UNKNOWN,UNKNOWN,0.3133,0,72.978
3648,75.2639,,0,5.0,0.55,5,3,0,4.9963,1.0,wave,UNKNOWN,UNKNOWN,0.3133,0,74.206
3649,75.2757,,0,5.0,0.55,5,3,0,4.9928,1.0,wave,UNKNOWN,UNKNOWN,0.3133,0,74.812
3650,75.2879,,0,5.0,0.55,5,3,0,4.9894,1.0,wave,UNKNOWN,UNKNOWN,0.3133,0,74.585
3651,75.3018,,0,5.0,0.55,5,3,0,4.985,1.0,wave,UNKNOWN,UNKNOWN,0.3133,0,72.585
3652,75.32,,0,5.0,0.55,5,3,0,4.9872,1.0,wave,UNKNOWN,UNKNOWN,0.3133,0,73.008
3653,75.3331,,0,5.0,0.55,5,3,0,4.9838,1.0,wave,UNKNOWN,UNKNOWN,0.3033,1,67.739
3654,75.3825,,0,5.0,0.55,5,3,0,4.9866,1.0,wave,UNKNOWN,UNKNOWN,0.3033,0,69.101
3655,75.3946,,0,5.0,0.55,5,3,0,4.9988,1.0,wave,UNKNOWN,UNKNOWN,0.3033,0,70.417
3656,75.4067,,0,5.0,0.55,5,3,0,4.9982,1.0,wave,UNKNOWN,UNKNOWN,0.3033,0,71.653
3657,75.4187,,0,5.0,0.55,5,3,0,4.9595,1.0,wave,UNKNOWN,UNKNOWN,0.3033,0,72.651
3658,75.431,,0,5.0,0.55,5,3,0,4.9718,1.0,wave,UNKNOWN,UNKNOWN,0.3033,0,72.459
3659,75.4454,,0,5.0,0.55,5,3,0,4.9861,1.0,wave,UNKNOWN,UNKNOWN,0.3033,0,72.078
3660,75.4597,,0,5.0,0.55,5,3,0,4.9773,1.0,wave,UNKNOWN,UNKNOWN,0.3033,0,70.124
3661,75.4793,,0,5.0,0.55,5,3,0,4.9969,1.0,wave,UNKNOWN,UNKNOWN,0.3033,0,70.68
3662,75.4921,,0,5.0,0.55,5,3,0,4.9929,1.0,wave,UNKNOWN,UNKNOWN,0.3033,0,71.732
3663,75.5044,,0,5.0,0.55,5,3,0,4.9886,1.0,wave,UNKNOWN,UNKNOWN,0.3033,0,72.817
3664,75.5163,,0,5.0,0.55,5,3,0,4.9857,1.0,wave,UNKNOWN,UNKNOWN,0.3033,0,73.766
3665,75.5287,,0,5.0,0.55,5,3,0,4.9981,1.0,wave,UNKNOWN,UNKNOWN,0.3033,0,74.407
3666,75.5409,,0,5.0,0.55,5,3,0,4.9962,1.0,wave,UNKNOWN,UNKNOWN,0.3033,0,75.67
3667,75.5524,,0,5.0,0.55,5,3,0,4.995,1.0,wave,UNKNOWN,UNKNOWN,0.3033,0,75.783
3668,75.5655,,0,5.0,0.55,5,3,0,4.9839,1.0,wave,UNKNOWN,UNKNOWN,0.3033,0,76.932
3669,75.577,,0,5.0,0.55,5,3,0,4.9955,1.0,wave,UNKNOWN,UNKNOWN,0.3033,0,75.12
3670,75.594,,0,5.0,0.55,5,3,0,4.9972,1.0,wave,UNKNOWN,UNKNOWN,0.3133,1,69.582
3671,75.6451,,0,5.0,0.55,5,3,0,4.9984,1.0,wave,UNKNOWN,UNKNOWN,0.3133,0,70.766
3672,75.6568,,0,5.0,0.55,5,3,0,4.9889,1.0,wave,UNKNOWN,UNKNOWN,0.3133,0,71.851
3673,75.6691,,0,5.0,0.55,5,3,0,4.9382,1.0,wave,UNKNOWN,UNKNOWN,0.3133,0,72.575
3674,75.6817,,0,5.0,0.55,5,3,0,4.9508,1.0,wave,UNKNOWN,UNKNOWN,0.3133,0,72.878
3675,75.6951,,0,5.0,0.55,5,3,0,4.9642,1.0,wave,UNKNOWN,UNKNOWN,0.3133,0,74.112
3676,75.7066,,0,5.0,0.55,5,3,0,4.9757,1.0,wave,UNKNOWN,UNKNOWN,0.3133,0,75.987
3677,75.7175,,0,5.0,0.55,5,3,0,4.9866,1.0,wave,UNKNOWN,UNKNOWN,0.3133,0,76.591
3678,75.7298,,0,5.0,0.55,5,3,0,4.9989,1.0,wave,UNKNOWN,UNKNOWN,0.3133,0,76.479
3679,75.743,,0,5.0,0.55,5,3,0,4.9896,1.0,wave,UNKNOWN,UNKNOWN,0.3133,0,77.05
3680,75.755,,0,5.0,0.55,5,3,0,4.9867,1.0,wave,UNKNOWN,UNKNOWN,0.3133,0,78.213
3681,75.7665,,0,5.0,0.55,5,3,0,4.9983,1.0,wave,UNKNOWN,UNKNOWN,0.3133,0,79.037
3682,75.7779,,0,5.0,0.55,5,3,0,4.987,1.0,wave,UNKNOWN,UNKNOWN,0.3133,0,76.358
3683,75.7971,,0,5.0,0.55,5,3,0,4.9841,1.0,wave,UNKNOWN,UNKNOWN,0.3133,0,76.199
3684,75.811,,0,5.0,0.55,5,3,0,4.9981,1.0,wave,UNKNOWN,UNKNOWN,0.3133,0,74.969
3685,75.8266,,0,5.0,0.55,5,3,0,4.9867,1.0,wave,UNKNOWN,UNKNOWN,0.3133,0,74.309
3686,75.8408,,0,5.0,0.55,5,3,0,4.9848,1.0,wave,UNKNOWN,UNKNOWN,0.3133,0,71.78
3687,75.8615,,0,5.0,0.55,5,3,0,4.9909,1.0,wave,UNKNOWN,UNKNOWN,0.31,1,66.588
3688,75.9121,,0,5.0,0.55,5,3,0,4.9912,1.0,wave,UNKNOWN,UNKNOWN,0.31,0,67.965
3689,75.9239,,0,5.0,0.55,5,3,0,4.9411,1.0,wave,UNKNOWN,UNKNOWN,0.31,0,69.513
3690,75.9363,,0,5.0,0.55,5,3,0,4.9535,1.0,wave,UNKNOWN,UNKNOWN,0.31,0,70.205
3691,75.9492,,0,5.0,0.55,5,3,0,4.9664,1.0,wave,UNKNOWN,UNKNOWN,0.31,0,69.699
3692,75.9645,,0,5.0,0.55,5,3,0,4.9817,1.0,wave,UNKNOWN,UNKNOWN,0.31,0,71.347
3693,75.9761,,0,5.0,0.55,5,3,0,4.9933,1.0,wave,UNKNOWN,UNKNOWN,0.31,0,72.482
3694,75.9882,,0,5.0,0.55,5,3,0,4.9912,1.0,wave,UNKNOWN,UNKNOWN,0.31,0,73.3
3695,76.0006,,0,5.0,0.55,5,3,0,4.9826,1.0,wave,UNKNOWN,UNKNOWN,0.31,0,74.444
3696,76.0133,,0,5.0,0.55,5,3,0,4.9954,1.0,wave,UNKNOWN,UNKNOWN,0.31,0,74.136
3697,76.0267,,0,5.0,0.55,5,3,0,4.9911,1.0,wave,UNKNOWN,UNKNOWN,0.31,0,74.514
3698,76.0391,,0,5.0,0.55,5,3,0,4.9872,1.0,wave,UNKNOWN,UNKNOWN,0.31,0,75.754
3699,76.0506,,0,5.0,0.55,5,3,0,4.9987,1.0,wave,UNKNOWN,UNKNOWN,0.31,0,76.984
3700,76.062,,0,5.0,0.55,5,3,0,4.9946,1.0,wave,UNKNOWN,UNKNOWN,0.31,0,77.889
3701,76.0737,,0,5.0,0.55,5,3,0,4.9909,1.0,wave,UNKNOWN,UNKNOWN,0.31,0,77.389
3702,76.0873,,0,5.0,0.55,5,3,0,4.9885,1.0,wave,UNKNOWN,UNKNOWN,0.31,0,77.298
3703,76.1006,,0,5.0,0.55,5,3,0,4.9847,1.0,wave,UNKNOWN,UNKNOWN,0.31,0,78.005
3704,76.1126,,0,5.0,0.55,5,3,0,4.9967,1.0,wave,UNKNOWN,UNKNOWN,0.29,1,72.222
3705,76.1624,,0,5.0,0.55,5,3,0,4.9957,1.0,wave,UNKNOWN,UNKNOWN,0.29,0,72.146
3706,76.1761,,0,5.0,0.55,5,3,0,4.9945,1.0,wave,UNKNOWN,UNKNOWN,0.29,0,71.956
3707,76.1902,,0,5.0,0.55,5,3,0,4.9527,1.0,wave,UNKNOWN,UNKNOWN,0.29,0,72.961
3708,76.2022,,0,5.0,0.55,5,3,0,4.9647,1.0,wave,UNKNOWN,UNKNOWN,0.29,0,73.874
3709,76.2145,,0,5.0,0.55,5,3,0,4.977,1.0,wave,UNKNOWN,UNKNOWN,0.29,0,74.363
3710,76.2271,,0,5.0,0.55,5,3,0,4.9896,1.0,wave,UNKNOWN,UNKNOWN,0.29,0,75.113
3711,76.2395,,0,5.0,0.55,5,3,0,4.9887,1.0,wave,UNKNOWN,UNKNOWN,0.29,0,72.625
3712,76.2596,,0,5.0,0.55,5,3,0,4.9933,1.0,wave,UNKNOWN,UNKNOWN,0.29,0,73.573
3713,76.2716,,0,5.0,0.55,5,3,0,4.9897,1.0,wave,UNKNOWN,UNKNOWN,0.29,0,73.534
3714,76.2853,,0,5.0,0.55,5,3,0,4.9873,1.0,wave,UNKNOWN,UNKNOWN,0.29,0,73.187
3715,76.2994,,0,5.0,0.55,5,3,0,4.9837,1.0,wave,UNKNOWN,UNKNOWN,0.29,0,71.578
3716,76.317,,0,5.0,0.55,5,3,0,4.9862,1.0,wave,UNKNOWN,UNKNOWN,0.29,0,72.633
3717,76.3292,,0,5.0,0.55,5,3,0,4.9984,1.0,wave,UNKNOWN,UNKNOWN,0.29,0,72.875
3718,76.3425,,0,5.0,0.55,5,3,0,4.9986,1.0,wave,UNKNOWN,UNKNOWN,0.29,0,73.208
3719,76.3555,,0,5.0,0.55,5,3,0,4.9992,1.0,wave,UNKNOWN,UNKNOWN,0.29,0,71.945
3720,76.3721,,0,5.0,0.55,5,3,0,4.9885,1.0,wave,UNKNOWN,UNKNOWN,0.2933,1,66.659
3721,76.4246,,0,5.0,0.55,5,3,0,4.9936,1.0,wave,UNKNOWN,UNKNOWN,0.2933,0,65.03
3722,76.4445,,0,5.0,0.55,5,3,0,4.9489,1.0,wave,UNKNOWN,UNKNOWN,0.2933,0,64.767
3723,76.4603,,0,5.0,0.55,5,3,0,4.9647,1.0,wave,UNKNOWN,UNKNOWN,0.2933,0,66.411
3724,76.4727,,0,5.0,0.55,5,3,0,4.9771,1.0,wave,UNKNOWN,UNKNOWN,0.2933,0,66.827
3725,76.4868,,0,5.0,0.55,5,3,0,4.9912,1.0,wave,UNKNOWN,UNKNOWN,0.2933,0,67.179
3726,76.5013,,0,5.0,0.55,5,3,0,4.9934,1.0,wave,UNKNOWN,UNKNOWN,0.2933,0,68.667
3727,76.5134,,0,5.0,0.55,5,3,0,4.993,1.0,wave,UNKNOWN,UNKNOWN,0.2933,0,69.375
3728,76.5263,,0,5.0,0.55,5,3,0,4.9923,1.0,wave,UNKNOWN,UNKNOWN,0.2933,0,70.817
3729,76.5383,,0,5.0,0.55,5,3,0,4.9895,1.0,wave,UNKNOWN,UNKNOWN,0.2933,0,71.849
3730,76.5506,,0,5.0,0.55,5,3,0,4.9866,1.0,wave,UNKNOWN,UNKNOWN,0.2933,0,73.438
3731,76.5621,,0,5.0,0.55,5,3,0,4.9981,1.0,wave,UNKNOWN,UNKNOWN,0.2933,0,71.079
3732,76.5822,,0,5.0,0.55,5,3,0,4.9997,1.0,wave,UNKNOWN,UNKNOWN,0.2933,0,72.495
3733,76.5937,,0,5.0,0.55,5,3,0,4.9922,1.0,wave,UNKNOWN,UNKNOWN,0.2933,0,73.409
3734,76.6061,,0,5.0,0.55,5,3,0,4.9891,1.0,wave,UNKNOWN,UNKNOWN,0.2933,0,71.063
3735,76.6262,,0,5.0,0.55,5,3,0,4.9932,1.0,wave,UNKNOWN,UNKNOWN,0.2933,1,65.61
3736,76.6867,,0,5.0,0.55,5,3,0,4.9879,1.0,wave,UNKNOWN,UNKNOWN,0.2933,0,66.793
3737,76.6996,,0,5.0,0.55,5,3,0,4.9445,1.0,wave,UNKNOWN,UNKNOWN,0.2933,0,68.518
3738,76.7114,,0,5.0,0.55,5,3,0,4.9562,1.0,wave,UNKNOWN,UNKNOWN,0.2933,0,67.249
3739,76.7297,,0,5.0,0.55,5,3,0,4.9746,1.0,wave,UNKNOWN,UNKNOWN,0.2933,0,68.75
3740,76.7413,,0,5.0,0.55,5,3,0,4.9862,1.0,wave,UNKNOWN,UNKNOWN,0.2933,0,69.354
3741,76.7548,,0,5.0,0.55,5,3,0,4.9997,1.0,wave,UNKNOWN,UNKNOWN,0.2933,0,70.113
3742,76.7678,,0,5.0,0.55,5,3,0,4.9987,1.0,wave,UNKNOWN,UNKNOWN,0.2933,0,68.138
3743,76.7876,,0,5.0,0.55,5,3,0,4.9859,1.0,wave,UNKNOWN,UNKNOWN,0.2933,0,69.348
3744,76.8002,,0,5.0,0.55,5,3,0,4.9984,1.0,wave,UNKNOWN,UNKNOWN,0.2933,0,71.103
3745,76.812,,0,5.0,0.55,5,3,0,4.9893,1.0,wave,UNKNOWN,UNKNOWN,0.2933,0,72.181
3746,76.8237,,0,5.0,0.55,5,3,0,4.9876,1.0,wave,UNKNOWN,UNKNOWN,0.2933,0,73.028
3747,76.8362,,0,5.0,0.55,5,3,0,4.9873,1.0,wave,UNKNOWN,UNKNOWN,0.2933,0,73.973
3748,76.8484,,0,5.0,0.55,5,3,0,4.9995,1.0,wave,UNKNOWN,UNKNOWN,0.2933,0,75.275
3749,76.86,,0,5.0,0.55,5,3,0,4.9964,1.0,wave,UNKNOWN,UNKNOWN,0.2933,0,75.912
3750,76.872,,0,5.0,0.55,5,3,0,4.9961,1.0,wave,UNKNOWN,UNKNOWN,0.2933,0,76.787
3751,76.884,,0,5.0,0.55,5,3,0,4.9931,1.0,wave,UNKNOWN,UNKNOWN,0.28,1,71.109
3752,76.934,,0,5.0,0.55,5,3,0,4.9912,1.0,wave,UNKNOWN,UNKNOWN,0.28,0,70.919
3753,76.9483,,0,5.0,0.55,5,3,0,4.9853,1.0,wave,UNKNOWN,UNKNOWN,0.28,0,72.63
3754,76.9596,,0,5.0,0.55,5,3,0,4.9967,1.0,wave,UNKNOWN,UNKNOWN,0.28,0,71.203
3755,76.9772,,0,5.0,0.55,5,3,0,4.9529,1.0,wave,UNKNOWN,UNKNOWN,0.28,0,72.246
3756,76.9889,,0,5.0,0.55,5,3,0,4.9647,1.0,wave,UNKNOWN,UNKNOWN,0.28,0,72.74
3757,77.002,,0,5.0,0.55,5,3,0,4.9777,1.0,wave,UNKNOWN,UNKNOWN,0.28,0,73.265
3758,77.015,,0,5.0,0.55,5,3,0,4.9907,1.0,wave,UNKNOWN,UNKNOWN,0.28,0,74.562
3759,77.0265,,0,5.0,0.55,5,3,0,4.9893,1.0,wave,UNKNOWN,UNKNOWN,0.28,0,75.099
3760,77.0391,,0,5.0,0.55,5,3,0,4.989,1.0,wave,UNKNOWN,UNKNOWN,0.28,0,75.857
3761,77.051,,0,5.0,0.55,5,3,0,4.9866,1.0,wave,UNKNOWN,UNKNOWN,0.28,0,76.575
3762,77.0632,,0,5.0,0.55,5,3,0,4.9987,1.0,wave,UNKNOWN,UNKNOWN,0.28,0,77.503
3763,77.0751,,0,5.0,0.55,5,3,0,4.993,1.0,wave,UNKNOWN,UNKNOWN,0.28,0,77.959
3764,77.0868,,0,5.0,0.55,5,3,0,4.9927,1.0,wave,UNKNOWN,UNKNOWN,0.28,0,78.026
3765,77.0997,,0,5.0,0.55,5,3,0,4.9936,1.0,wave,UNKNOWN,UNKNOWN,0.28,0,78.568
3766,77.1117,,0,5.0,0.55,5,3,0,4.9914,1.0,wave,UNKNOWN,UNKNOWN,0.28,0,77.481
3767,77.1265,,0,5.0,0.55,5,3,0,4.9897,1.0,wave,UNKNOWN,UNKNOWN,0.28,0,78.135
3768,77.1382,,0,5.0,0.55,5,3,0,4.9845,1.0,wave,UNKNOWN,UNKNOWN,0.3,1,72.294
3769,77.1896,,0,5.0,0.55,5,3,0,4.983,1.0,wave,UNKNOWN,UNKNOWN,0.3,0,72.71
3770,77.202,,0,5.0,0.55,5,3,0,4.9954,1.0,wave,UNKNOWN,UNKNOWN,0.3,0,73.773
3771,77.2143,,0,5.0,0.55,5,3,0,4.9811,1.0,wave,UNKNOWN,UNKNOWN,0.3,0,74.53
3772,77.2264,,0,5.0,0.55,5,3,0,4.9932,1.0,wave,UNKNOWN,UNKNOWN,0.3,0,74.838
3773,77.2392,,0,5.0,0.55,5,3,0,4.9386,1.0,wave,UNKNOWN,UNKNOWN,0.3,0,76.059
3774,77.2506,,0,5.0,0.55,5,3,0,4.9499,1.0,wave,UNKNOWN,UNKNOWN,0.3,0,77.267
3775,77.262,,0,5.0,0.55,5,3,0,4.9613,1.0,wave,UNKNOWN,UNKNOWN,0.3,0,74.485
3776,77.2827,,0,5.0,0.55,5,3,0,4.982,1.0,wave,UNKNOWN,UNKNOWN,0.3,0,75.285
3777,77.2945,,0,5.0,0.55,5,3,0,4.9939,1.0,wave,UNKNOWN,UNKNOWN,0.3,0,75.549
3778,77.3071,,0,5.0,0.55,5,3,0,4.9896,1.0,wave,UNKNOWN,UNKNOWN,0.3,0,75.957
3779,77.3198,,0,5.0,0.55,5,3,0,4.983,1.0,wave,UNKNOWN,UNKNOWN,0.3,0,77.264
3780,77.3314,,0,5.0,0.55,5,3,0,4.9946,1.0,wave,UNKNOWN,UNKNOWN,0.3,0,77.597
3781,77.3434,,0,5.0,0.55,5,3,0,4.9905,1.0,wave,UNKNOWN,UNKNOWN,0.3,0,77.447
3782,77.3566,,0,5.0,0.55,5,3,0,4.9873,1.0,wave,UNKNOWN,UNKNOWN,0.3,0,77.519
3783,77.3695,,0,5.0,0.55,5,3,0,4.9836,1.0,wave,UNKNOWN,UNKNOWN,0.3,0,78.105
3784,77.3818,,0,5.0,0.55,5,3,0,4.9959,1.0,wave,UNKNOWN,UNKNOWN,0.3,0,78.522
3785,77.3935,,0,5.0,0.55,5,3,0,4.9923,1.0,wave,UNKNOWN,UNKNOWN,0.3,1,72.685
3786,77.4437,,0,5.0,0.55,5,3,0,4.9879,1.0,wave,UNKNOWN,UNKNOWN,0.3,0,73.33
3787,77.4559,,0,5.0,0.55,5,3,0,4.9859,1.0,wave,UNKNOWN,UNKNOWN,0.3,0,74.036
3788,77.4682,,0,5.0,0.55,5,3,0,4.9982,1.0,wave,UNKNOWN,UNKNOWN,0.3,0,73.49
3789,77.483,,0,5.0,0.55,5,3,0,4.9854,1.0,wave,UNKNOWN,UNKNOWN,0.3,0,72.837
3790,77.4979,,0,5.0,0.55,5,3,0,4.9332,1.0,wave,UNKNOWN,UNKNOWN,0.3,0,73.096
3791,77.5111,,0,5.0,0.55,5,3,0,4.9464,1.0,wave,UNKNOWN,UNKNOWN,0.3,0,73.367
3792,77.5242,,0,5.0,0.55,5,3,0,4.9595,1.0,wave,UNKNOWN,UNKNOWN,0.3,0,74.576
3793,77.5363,,0,5.0,0.55,5,3,0,4.9716,1.0,wave,UNKNOWN,UNKNOWN,0.3,0,74.492
3794,77.5499,,0,5.0,0.55,5,3,0,4.9852,1.0,wave,UNKNOWN,UNKNOWN,0.3,0,72.625
3795,77.5676,,0,5.0,0.55,5,3,0,4.9872,1.0,wave,UNKNOWN,UNKNOWN,0.3,0,73.673
3796,77.5794,,0,5.0,0.55,5,3,0,4.9989,1.0,wave,UNKNOWN,UNKNOWN,0.3,0,74.529
3797,77.5916,,0,5.0,0.55,5,3,0,4.995,1.0,wave,UNKNOWN,UNKNOWN,0.3,0,73.592
3798,77.607,,0,5.0,0.55,5,3,0,4.9956,1.0,wave,UNKNOWN,UNKNOWN,0.3,0,74.273
3799,77.6194,,0,5.0,0.55,5,3,0,4.9939,1.0,wave,UNKNOWN,UNKNOWN,0.3,0,71.583
3800,77.6405,,0,5.0,0.55,5,3,0,4.9879,1.0,wave,UNKNOWN,UNKNOWN,0.3,0,71.11
3801,77.6555,,0,5.0,0.55,5,3,0,4.9885,1.0,wave,UNKNOWN,UNKNOWN,0.2967,1,65.774
3802,77.7123,,0,5.0,0.55,5,3,0,4.9896,1.0,wave,UNKNOWN,UNKNOWN,0.2967,0,64.04
3803,77.7325,,0,5.0,0.55,5,3,0,4.995,1.0,wave,UNKNOWN,UNKNOWN,0.2967,0,65.494
3804,77.7454,,0,5.0,0.55,5,3,0,4.9941,1.0,wave,UNKNOWN,UNKNOWN,0.2967,0,66.239
3805,77.7588,,0,5.0,0.55,5,3,0,4.9484,1.0,wave,UNKNOWN,UNKNOWN,0.2967,0,64.979
3806,77.7776,,0,5.0,0.55,5,3,0,4.9671,1.0,wave,UNKNOWN,UNKNOWN,0.2967,0,66.37
3807,77.7903,,0,5.0,0.55,5,3,0,4.9799,1.0,wave,UNKNOWN,UNKNOWN,0.2967,0,64.63
3808,77.8108,,0,5.0,0.55,5,3,0,4.9824,1.0,wave,UNKNOWN,UNKNOWN,0.2967,0,65.43
3809,77.8244,,0,5.0,0.55,5,3,0,4.996,1.0,wave,UNKNOWN,UNKNOWN,0.2967,0,66.644
3810,77.8375,,0,5.0,0.55,5,3,0,4.9916,1.0,wave,UNKNOWN,UNKNOWN,0.2967,0,66.107
3811,77.8537,,0,5.0,0.55,5,3,0,4.9852,1.0,wave,UNKNOWN,UNKNOWN,0.2967,0,65.897
3812,77.8695,,0,5.0,0.55,5,3,0,4.9833,1.0,wave,UNKNOWN,UNKNOWN,0.2967,0,65.088
3813,77.8867,,0,5.0,0.55,5,3,0,4.9813,1.0,wave,UNKNOWN,UNKNOWN,0.2967,0,63.771
3814,77.9058,,0,5.0,0.55,5,3,0,4.9829,1.0,wave,UNKNOWN,UNKNOWN,0.31,1,59.185
3815,77.9622,,0,5.0,0.55,5,3,0,4.9988,1.0,wave,UNKNOWN,UNKNOWN,0.31,0,58.747
3816,77.9805,,0,5.0,0.55,5,3,0,4.9791,1.0,wave,UNKNOWN,UNKNOWN,0.31,0,58.854
3817,77.9968,,0,5.0,0.55,5,3,0,4.9953,1.0,wave,UNKNOWN,UNKNOWN,0.31,0,60.343
3818,78.0106,,0,5.0,0.55,5,3,0,4.9445,1.0,wave,UNKNOWN,UNKNOWN,0.31,0,61.29
3819,78.0246,,0,5.0,0.55,5,3,0,4.9585,1.0,wave,UNKNOWN,UNKNOWN,0.31,0,62.935
3820,78.0377,,0,5.0,0.55,5,3,0,4.9715,1.0,wave,UNKNOWN,UNKNOWN,0.31,0,61.184
3821,78.0596,,0,5.0,0.55,5,3,0,4.9934,1.0,wave,UNKNOWN,UNKNOWN,0.31,0,62.396
3822,78.0733,,0,5.0,0.55,5,3,0,4.9896,1.0,wave,UNKNOWN,UNKNOWN,0.31,0,63.589
3823,78.0868,,0,5.0,0.55,5,3,0,4.9879,1.0,wave,UNKNOWN,UNKNOWN,0.31,0,64.106
3824,78.1012,,0,5.0,0.55,5,3,0,4.9901,1.0,wave,UNKNOWN,UNKNOWN,0.31,0,63.556
3825,78.1185,,0,5.0,0.55,5,3,0,4.995,1.0,wave,UNKNOWN,UNKNOWN,0.31,0,64.613
3826,78.132,,0,5.0,0.55,5,3,0,4.9932,1.0,wave,UNKNOWN,UNKNOWN,0.31,0,65.773
3827,78.1448,,0,5.0,0.55,5,3,0,4.9865,1.0,wave,UNKNOWN,UNKNOWN,0.31,0,66.56
3828,78.1583,,0,5.0,0.55,5,3,0,5.0,1.0,wave,UNKNOWN,UNKNOWN,0.3067,1,61.835
3829,78.2104,,0,5.0,0.55,5,3,0,4.9969,1.0,wave,UNKNOWN,UNKNOWN,0.3067,0,62.8
3830,78.2241,,0,5.0,0.55,5,3,0,4.9988,1.0,wave,UNKNOWN,UNKNOWN,0.3067,0,63.919
3831,78.2379,,0,5.0,0.55,5,3,0,4.9839,1.0,wave,UNKNOWN,UNKNOWN,0.3067,0,64.4
3832,78.2521,,0,5.0,0.55,5,3,0,4.9981,1.0,wave,UNKNOWN,UNKNOWN,0.3067,0,62.731
3833,78.273,,0,5.0,0.55,5,3,0,4.9545,1.0,wave,UNKNOWN,UNKNOWN,0.3067,0,64.312
3834,78.2861,,0,5.0,0.55,5,3,0,4.9676,1.0,wave,UNKNOWN,UNKNOWN,0.3067,0,65.852
3835,78.2988,,0,5.0,0.55,5,3,0,4.9803,1.0,wave,UNKNOWN,UNKNOWN,0.3067,0,66.951
3836,78.3112,,0,5.0,0.55,5,3,0,4.9927,1.0,wave,UNKNOWN,UNKNOWN,0.3067,0,66.95
3837,78.3262,,0,5.0,0.55,5,3,0,4.9939,1.0,wave,UNKNOWN,UNKNOWN,0.3067,0,67.918
3838,78.3393,,0,5.0,0.55,5,3,0,4.9951,1.0,wave,UNKNOWN,UNKNOWN,0.3067,0,68.707
3839,78.3526,,0,5.0,0.55,5,3,0,4.9944,1.0,wave,UNKNOWN,UNKNOWN,0.3067,0,69.872
3840,78.3652,,0,5.0,0.55,5,3,0,4.9944,1.0,wave,UNKNOWN,UNKNOWN,0.3067,0,70.942
3841,78.3773,,0,5.0,0.55,5,3,0,4.9943,1.0,wave,UNKNOWN,UNKNOWN,0.3067,0,71.277
3842,78.3908,,0,5.0,0.55,5,3,0,4.9959,1.0,wave,UNKNOWN,UNKNOWN,0.3067,0,71.092
3843,78.4052,,0,5.0,0.55,5,3,0,4.9986,1.0,wave,UNKNOWN,UNKNOWN,0.3067,0,71.714
3844,78.4182,,0,5.0,0.55,5,3,0,4.9989,1.0,wave,UNKNOWN,UNKNOWN,0.31,1,66.482
3845,78.47,,0,5.0,0.55,5,3,0,4.9985,1.0,wave,UNKNOWN,UNKNOWN,0.31,0,67.35
3846,78.4831,,0,5.0,0.55,5,3,0,4.9933,1.0,wave,UNKNOWN,UNKNOWN,0.31,0,68.375
3847,78.4959,,0,5.0,0.55,5,3,0,4.9866,1.0,wave,UNKNOWN,UNKNOWN,0.31,0,69.676
3848,78.5081,,0,5.0,0.55,5,3,0,4.9988,1.0,wave,UNKNOWN,UNKNOWN,0.31,0,70.275
3849,78.5214,,0,5.0,0.55,5,3,0,4.9559,1.0,wave,UNKNOWN,UNKNOWN,0.31,0,69.95
3850,78.5363,,0,5.0,0.55,5,3,0,4.9708,1.0,wave,UNKNOWN,UNKNOWN,0.31,0,69.271
3851,78.5522,,0,5.0,0.55,5,3,0,4.9867,1.0,wave,UNKNOWN,UNKNOWN,0.31,0,70.884
3852,78.5638,,0,5.0,0.55,5,3,0,4.9983,1.0,wave,UNKNOWN,UNKNOWN,0.31,0,72.451
3853,78.5753,,0,5.0,0.55,5,3,0,4.991,1.0,wave,UNKNOWN,UNKNOWN,0.31,0,71.726
3854,78.5908,,0,5.0,0.55,5,3,0,4.9896,1.0,wave,UNKNOWN,UNKNOWN,0.31,0,71.841
3855,78.6045,,0,5.0,0.55,5,3,0,4.9873,1.0,wave,UNKNOWN,UNKNOWN,0.31,0,71.946
3856,78.6182,,0,5.0,0.55,5,3,0,4.9822,1.0,wave,UNKNOWN,UNKNOWN,0.31,0,72.863
3857,78.6305,,0,5.0,0.55,5,3,0,4.9944,1.0,wave,UNKNOWN,UNKNOWN,0.31,0,73.843
3858,78.6426,,0,5.0,0.55,5,3,0,4.9859,1.0,wave,UNKNOWN,UNKNOWN,0.31,0,74.299
3859,78.6554,,0,5.0,0.55,5,3,0,4.9987,1.0,wave,UNKNOWN,UNKNOWN,0.31,0,73.992
3860,78.6694,,0,5.0,0.55,5,3,0,4.9937,1.0,wave,UNKNOWN,UNKNOWN,0.28,1,68.538
3861,78.7211,,0,5.0,0.55,5,3,0,4.9864,1.0,wave,UNKNOWN,UNKNOWN,0.28,0,68.501
3862,78.7355,,0,5.0,0.55,5,3,0,4.981,1.0,wave,UNKNOWN,UNKNOWN,0.28,0,70.11
3863,78.7478,,0,5.0,0.55,5,3,0,4.9933,1.0,wave,UNKNOWN,UNKNOWN,0.28,0,70.989
3864,78.7599,,0,5.0,0.55,5,3,0,4.9834,1.0,wave,UNKNOWN,UNKNOWN,0.28,0,71.4
3865,78.7733,,0,5.0,0.55,5,3,0,4.9968,1.0,wave,UNKNOWN,UNKNOWN,0.28,0,71.649
3866,78.7868,,0,5.0,0.55,5,3,0,4.9411,1.0,wave,UNKNOWN,UNKNOWN,0.28,0,72.547
3867,78.7994,,0,5.0,0.55,5,3,0,4.9537,1.0,wave,UNKNOWN,UNKNOWN,0.28,0,73.634
3868,78.8113,,0,5.0,0.55,5,3,0,4.9656,1.0,wave,UNKNOWN,UNKNOWN,0.28,0,73.644
3869,78.8248,,0,5.0,0.55,5,3,0,4.979,1.0,wave,UNKNOWN,UNKNOWN,0.28,0,73.601
3870,78.8385,,0,5.0,0.55,5,3,0,4.9927,1.0,wave,UNKNOWN,UNKNOWN,0.28,0,73.08
3871,78.8531,,0,5.0,0.55,5,3,0,4.9886,1.0,wave,UNKNOWN,UNKNOWN,0.28,0,74.174
3872,78.8655,,0,5.0,0.55,5,3,0,4.9854,1.0,wave,UNKNOWN,UNKNOWN,0.28,0,74.616
3873,78.8776,,0,5.0,0.55,5,3,0,4.9975,1.0,wave,UNKNOWN,UNKNOWN,0.28,0,74.531
3874,78.8914,,0,5.0,0.55,5,3,0,4.9925,1.0,wave,UNKNOWN,UNKNOWN,0.28,0,73.962
3875,78.9058,,0,5.0,0.55,5,3,0,4.9878,1.0,wave,UNKNOWN,UNKNOWN,0.28,0,73.99
3876,78.9192,,0,5.0,0.55,5,3,0,4.9863,1.0,wave,UNKNOWN,UNKNOWN,0.28,0,75.097
3877,78.931,,0,5.0,0.55,5,3,0,4.9982,1.0,wave,UNKNOWN,UNKNOWN,0.2933,1,69.437
3878,78.9854,,0,5.0,0.55,5,3,0,4.9943,1.0,wave,UNKNOWN,UNKNOWN,0.2933,0,69.847
3879,78.999,,0,5.0,0.55,5,3,0,4.988,1.0,wave,UNKNOWN,UNKNOWN,0.2933,0,70.917
3880,79.0111,,0,5.0,0.55,5,3,0,4.9815,1.0,wave,UNKNOWN,UNKNOWN,0.2933,0,70.445
3881,79.0262,,0,5.0,0.55,5,3,0,4.9967,1.0,wave,UNKNOWN,UNKNOWN,0.2933,0,70.307
3882,79.0407,,0,5.0,0.55,5,3,0,4.9401,1.0,wave,UNKNOWN,UNKNOWN,0.2933,0,68.056
3883,79.0618,,0,5.0,0.55,5,3,0,4.9612,1.0,wave,UNKNOWN,UNKNOWN,0.2933,0,66.056
3884,79.0828,,0,5.0,0.55,5,3,0,4.9822,1.0,wave,UNKNOWN,UNKNOWN,0.2933,0,65.14
3885,79.1002,,0,5.0,0.55,5,3,0,4.9996,1.0,wave,UNKNOWN,UNKNOWN,0.2933,0,63.571
3886,79.1203,,0,5.0,0.55,5,3,0,4.9863,1.0,wave,UNKNOWN,UNKNOWN,0.2933,0,62.858
3887,79.1381,,0,5.0,0.55,5,3,0,4.9858,1.0,wave,UNKNOWN,UNKNOWN,0.2933,0,62.822
3888,79.154,,0,5.0,0.55,5,3,0,4.9869,1.0,wave,UNKNOWN,UNKNOWN,0.2933,0,63.339
3889,79.1687,,0,5.0,0.55,5,3,0,4.9869,1.0,wave,UNKNOWN,UNKNOWN,0.2933,0,61.822
3890,79.1896,,0,5.0,0.55,5,3,0,4.9964,1.0,wave,UNKNOWN,UNKNOWN,0.2833,1,57.441
3891,79.2452,,0,5.0,0.55,5,3,0,4.9751,1.0,wave,UNKNOWN,UNKNOWN,0.2833,0,58.589
3892,79.2596,,0,5.0,0.55,5,3,0,4.9895,1.0,wave,UNKNOWN,UNKNOWN,0.2833,0,60.7
3893,79.2724,,0,5.0,0.55,5,3,0,4.9781,1.0,wave,UNKNOWN,UNKNOWN,0.2833,0,61.337
3894,79.287,,0,5.0,0.55,5,3,0,4.9928,1.0,wave,UNKNOWN,UNKNOWN,0.2833,0,63.354
3895,79.2997,,0,5.0,0.55,5,3,0,4.9341,1.0,wave,UNKNOWN,UNKNOWN,0.2833,0,64.459
3896,79.3128,,0,5.0,0.55,5,3,0,4.9472,1.0,wave,UNKNOWN,UNKNOWN,0.2833,0,65.328
3897,79.3263,,0,5.0,0.55,5,3,0,4.9607,1.0,wave,UNKNOWN,UNKNOWN,0.2833,0,66.703
3898,79.3391,,0,5.0,0.55,5,3,0,4.9735,1.0,wave,UNKNOWN,UNKNOWN,0.2833,0,68.25
3899,79.3513,,0,5.0,0.55,5,3,0,4.9856,1.0,wave,UNKNOWN,UNKNOWN,0.2833,0,69.184
3900,79.364,,0,5.0,0.55,5,3,0,4.9984,1.0,wave,UNKNOWN,UNKNOWN,0.2833,0,67.923
3901,79.3824,,0,5.0,0.55,5,3,0,4.9974,1.0,wave,UNKNOWN,UNKNOWN,0.2833,0,67.373
3902,79.3977,,0,5.0,0.55,5,3,0,4.9942,1.0,wave,UNKNOWN,UNKNOWN,0.2833,0,67.084
3903,79.4133,,0,5.0,0.55,5,3,0,4.9955,1.0,wave,UNKNOWN,UNKNOWN,0.2833,0,67.785
3904,79.4267,,0,5.0,0.55,5,3,0,4.9957,1.0,wave,UNKNOWN,UNKNOWN,0.2833,0,65.825
3905,79.4475,,0,5.0,0.55,5,3,0,4.9932,1.0,wave,UNKNOWN,UNKNOWN,0.2767,1,60.777
3906,79.5134,,0,5.0,0.55,5,3,0,4.9944,1.0,wave,UNKNOWN,UNKNOWN,0.2767,0,61.564
3907,79.5272,,0,5.0,0.55,5,3,0,4.9935,1.0,wave,UNKNOWN,UNKNOWN,0.2767,0,62.237
3908,79.5418,,0,5.0,0.55,5,3,0,4.9878,1.0,wave,UNKNOWN,UNKNOWN,0.2767,0,62.856
3909,79.5566,,0,5.0,0.55,5,3,0,4.945,1.0,wave,UNKNOWN,UNKNOWN,0.2767,0,62.443
3910,79.5736,,0,5.0,0.55,5,3,0,4.9619,1.0,wave,UNKNOWN,UNKNOWN,0.2767,0,61.535
3911,79.5923,,0,5.0,0.55,5,3,0,4.9807,1.0,wave,UNKNOWN,UNKNOWN,0.2767,0,61.399
3912,79.6091,,0,5.0,0.55,5,3,0,4.9974,1.0,wave,UNKNOWN,UNKNOWN,0.2767,0,61.221
3913,79.6257,,0,5.0,0.55,5,3,0,4.9892,1.0,wave,UNKNOWN,UNKNOWN,0.2767,0,61.554
3914,79.6411,,0,5.0,0.55,5,3,0,4.9925,1.0,wave,UNKNOWN,UNKNOWN,0.2767,0,61.501
3915,79.6575,,0,5.0,0.55,5,3,0,4.9968,1.0,wave,UNKNOWN,UNKNOWN,0.2767,0,59.918
3916,79.6798,,0,5.0,0.55,5,3,0,4.9919,1.0,wave,UNKNOWN,UNKNOWN,0.2767,0,61.485
3917,79.6926,,0,5.0,0.55,5,3,0,4.9912,1.0,wave,UNKNOWN,UNKNOWN,0.2767,0,62.406
3918,79.7068,,0,5.0,0.55,5,3,0,4.9927,1.0,wave,UNKNOWN,UNKNOWN,0.2833,1,58.127
3919,79.7582,,0,5.0,0.55,5,3,0,4.9952,1.0,wave,UNKNOWN,UNKNOWN,0.2833,0,59.357
3920,79.772,,0,5.0,0.55,5,3,0,4.9966,1.0,wave,UNKNOWN,UNKNOWN,0.2833,0,60.36
3921,79.7863,,0,5.0,0.55,5,3,0,4.9988,1.0,wave,UNKNOWN,UNKNOWN,0.2833,0,62.334
3922,79.7994,,0,5.0,0.55,5,3,0,4.9887,1.0,wave,UNKNOWN,UNKNOWN,0.2833,0,63.292
3923,79.8137,,0,5.0,0.55,5,3,0,4.9515,1.0,wave,UNKNOWN,UNKNOWN,0.2833,0,63.983
3924,79.827,,0,5.0,0.55,5,3,0,4.9648,1.0,wave,UNKNOWN,UNKNOWN,0.2833,0,64.899
3925,79.8407,,0,5.0,0.55,5,3,0,4.9785,1.0,wave,UNKNOWN,UNKNOWN,0.2833,0,65.386
3926,79.8551,,0,5.0,0.55,5,3,0,4.9929,1.0,wave,UNKNOWN,UNKNOWN,0.2833,0,65.544
3927,79.87,,0,5.0,0.55,5,3,0,4.996,1.0,wave,UNKNOWN,UNKNOWN,0.2833,0,67.337
3928,79.8825,,0,5.0,0.55,5,3,0,4.9958,1.0,wave,UNKNOWN,UNKNOWN,0.2833,0,67.684
3929,79.8964,,0,5.0,0.55,5,3,0,4.998,1.0,wave,UNKNOWN,UNKNOWN,0.2833,0,67.684
3930,79.9108,,0,5.0,0.55,5,3,0,4.9812,1.0,wave,UNKNOWN,UNKNOWN,0.2833,0,67.844
3931,79.9253,,0,5.0,0.55,5,3,0,4.9956,1.0,wave,UNKNOWN,UNKNOWN,0.2833,0,68.122
3932,79.9394,,0,5.0,0.55,5,3,0,4.9896,1.0,wave,UNKNOWN,UNKNOWN,0.2833,0,67.748
3933,79.955,,0,5.0,0.55,5,3,0,4.993,1.0,wave,UNKNOWN,UNKNOWN,0.2833,0,68.296
3934,79.9688,,0,5.0,0.55,5,3,0,4.9861,1.0,wave,UNKNOWN,UNKNOWN,0.27,1,63.216
3935,80.0258,,0,5.0,0.55,5,3,0,4.9888,1.0,wave,UNKNOWN,UNKNOWN,0.27,0,63.583
3936,80.0408,,0,5.0,0.55,5,3,0,4.9919,1.0,wave,UNKNOWN,UNKNOWN,0.27,0,61.697
3937,80.0634,,0,5.0,0.55,5,3,0,4.9918,1.0,wave,UNKNOWN,UNKNOWN,0.27,0,62.908
3938,80.0766,,0,5.0,0.55,5,3,0,4.9507,1.0,wave,UNKNOWN,UNKNOWN,0.27,0,62.447
3939,80.0938,,0,5.0,0.55,5,3,0,4.9679,1.0,wave,UNKNOWN,UNKNOWN,0.27,0,62.923
3940,80.1088,,0,5.0,0.55,5,3,0,4.9829,1.0,wave,UNKNOWN,UNKNOWN,0.27,0,63.265
3941,80.1239,,0,5.0,0.55,5,3,0,4.9981,1.0,wave,UNKNOWN,UNKNOWN,0.27,0,63.648
3942,80.1388,,0,5.0,0.55,5,3,0,4.9816,1.0,wave,UNKNOWN,UNKNOWN,0.27,0,63.568
3943,80.1546,,0,5.0,0.55,5,3,0,4.9974,1.0,wave,UNKNOWN,UNKNOWN,0.27,0,64.074
3944,80.1693,,0,5.0,0.55,5,3,0,4.9881,1.0,wave,UNKNOWN,UNKNOWN,0.27,0,64.998
3945,80.1833,,0,5.0,0.55,5,3,0,4.9902,1.0,wave,UNKNOWN,UNKNOWN,0.27,0,66.058
3946,80.1961,,0,5.0,0.55,5,3,0,4.9912,1.0,wave,UNKNOWN,UNKNOWN,0.27,0,65.349
3947,80.2162,,0,5.0,0.55,5,3,0,4.999,1.0,wave,UNKNOWN,UNKNOWN,0.27,0,64.01
3948,80.2331,,0,5.0,0.55,5,3,0,4.9898,1.0,wave,UNKNOWN,UNKNOWN,0.3,1,59.141
3949,80.298,,0,5.0,0.55,5,3,0,4.9962,1.0,wave,UNKNOWN,UNKNOWN,0.3,0,60.94
3950,80.3104,,0,5.0,0.55,5,3,0,4.9904,1.0,wave,UNKNOWN,UNKNOWN,0.3,0,62.39
3951,80.3237,,0,5.0,0.55,5,3,0,4.9906,1.0,wave,UNKNOWN,UNKNOWN,0.3,0,62.819
3952,80.3387,,0,5.0,0.55,5,3,0,4.9562,1.0,wave,UNKNOWN,UNKNOWN,0.3,0,63.235
3953,80.3538,,0,5.0,0.55,5,3,0,4.9713,1.0,wave,UNKNOWN,UNKNOWN,0.3,0,64.868
3954,80.3668,,0,5.0,0.55,5,3,0,4.9843,1.0,wave,UNKNOWN,UNKNOWN,0.3,0,65.942
3955,80.3796,,0,5.0,0.55,5,3,0,4.9971,1.0,wave,UNKNOWN,UNKNOWN,0.3,0,66.142
3956,80.3941,,0,5.0,0.55,5,3,0,4.9995,1.0,wave,UNKNOWN,UNKNOWN,0.3,0,66.167
3957,80.4093,,0,5.0,0.55,5,3,0,4.9906,1.0,wave,UNKNOWN,UNKNOWN,0.3,0,64.13
3958,80.4312,,0,5.0,0.55,5,3,0,4.9859,1.0,wave,UNKNOWN,UNKNOWN,0.3,0,65.663
3959,80.4436,,0,5.0,0.55,5,3,0,4.9983,1.0,wave,UNKNOWN,UNKNOWN,0.3,0,65.939
3960,80.4582,,0,5.0,0.55,5,3,0,4.9985,1.0,wave,UNKNOWN,UNKNOWN,0.3,0,65.176
3961,80.4754,,0,5.0,0.55,5,3,0,4.9961,1.0,wave,UNKNOWN,UNKNOWN,0.3,0,65.081
3962,80.491,,0,5.0,0.55,5,3,0,4.9988,1.0,wave,UNKNOWN,UNKNOWN,0.3,1,60.332
3963,80.5483,,0,5.0,0.55,5,3,0,4.9959,1.0,wave,UNKNOWN,UNKNOWN,0.3,0,60.139
3964,80.565,,0,5.0,0.55,5,3,0,4.9995,1.0,wave,UNKNOWN,UNKNOWN,0.3,0,61.879
3965,80.5778,,0,5.0,0.55,5,3,0,4.9838,1.0,wave,UNKNOWN,UNKNOWN,0.3,0,62.493
3966,80.5925,,0,5.0,0.55,5,3,0,4.9986,1.0,wave,UNKNOWN,UNKNOWN,0.3,0,62.805
3967,80.6081,,0,5.0,0.55,5,3,0,4.9631,1.0,wave,UNKNOWN,UNKNOWN,0.3,0,62.786
3968,80.6241,,0,5.0,0.55,5,3,0,4.979,1.0,wave,UNKNOWN,UNKNOWN,0.3,0,63.032
3969,80.6391,,0,5.0,0.55,5,3,0,4.994,1.0,wave,UNKNOWN,UNKNOWN,0.3,0,63.413
3970,80.6541,,0,5.0,0.55,5,3,0,4.9973,1.0,wave,UNKNOWN,UNKNOWN,0.3,0,65.122
3971,80.6671,,0,5.0,0.55,5,3,0,4.998,1.0,wave,UNKNOWN,UNKNOWN,0.3,0,65.945
3972,80.6808,,0,5.0,0.55,5,3,0,4.999,1.0,wave,UNKNOWN,UNKNOWN,0.3,0,66.076
3973,80.6949,,0,5.0,0.55,5,3,0,4.9998,1.0,wave,UNKNOWN,UNKNOWN,0.3,0,66.381
3974,80.7094,,0,5.0,0.55,5,3,0,4.9918,1.0,wave,UNKNOWN,UNKNOWN,0.3,0,66.872
3975,80.7234,,0,5.0,0.55,5,3,0,4.9936,1.0,wave,UNKNOWN,UNKNOWN,0.3,0,66.748
3976,80.7389,,0,5.0,0.55,5,3,0,4.9958,1.0,wave,UNKNOWN,UNKNOWN,0.3,0,67.752
3977,80.752,,0,5.0,0.55,5,3,0,4.997,1.0,wave,UNKNOWN,UNKNOWN,0.2833,1,62.907
3978,80.8039,,0,5.0,0.55,5,3,0,4.9929,1.0,wave,UNKNOWN,UNKNOWN,0.2833,0,64.475
3979,80.8169,,0,5.0,0.55,5,3,0,4.9903,1.0,wave,UNKNOWN,UNKNOWN,0.2833,0,65.793
3980,80.829,,0,5.0,0.55,5,3,0,4.9881,1.0,wave,UNKNOWN,UNKNOWN,0.2833,0,66.468
3981,80.8429,,0,5.0,0.55,5,3,0,4.9814,1.0,wave,UNKNOWN,UNKNOWN,0.2833,0,66.801
3982,80.8571,,0,5.0,0.55,5,3,0,4.9957,1.0,wave,UNKNOWN,UNKNOWN,0.2833,0,66.501
3983,80.8729,,0,5.0,0.55,5,3,0,4.9608,1.0,wave,UNKNOWN,UNKNOWN,0.2833,0,66.497
3984,80.888,,0,5.0,0.55,5,3,0,4.9759,1.0,wave,UNKNOWN,UNKNOWN,0.2833,0,68.19
3985,80.9008,,0,5.0,0.55,5,3,0,4.9887,1.0,wave,UNKNOWN,UNKNOWN,0.2833,0,68.85
3986,80.9133,,0,5.0,0.55,5,3,0,4.9894,1.0,wave,UNKNOWN,UNKNOWN,0.2833,0,69.819
3987,80.926,,0,5.0,0.55,5,3,0,4.9897,1.0,wave,UNKNOWN,UNKNOWN,0.2833,0,69.669
3988,80.9407,,0,5.0,0.55,5,3,0,4.9915,1.0,wave,UNKNOWN,UNKNOWN,0.2833,0,69.054
3989,80.9564,,0,5.0,0.55,5,3,0,4.9919,1.0,wave,UNKNOWN,UNKNOWN,0.2833,0,67.74
3990,80.9744,,0,5.0,0.55,5,3,0,4.9983,1.0,wave,UNKNOWN,UNKNOWN,0.2833,0,67.848
3991,80.9888,,0,5.0,0.55,5,3,0,4.9882,1.0,wave,UNKNOWN,UNKNOWN,0.2833,0,69.003
3992,81.0015,,0,5.0,0.55,5,3,0,4.9882,1.0,wave,UNKNOWN,UNKNOWN,0.2833,0,70.224
3993,81.0138,,0,5.0,0.55,5,3,0,4.9871,1.0,wave,UNKNOWN,UNKNOWN,0.27,1,65.161
3994,81.0649,,0,5.0,0.55,5,3,0,4.9913,1.0,wave,UNKNOWN,UNKNOWN,0.27,0,66.433
3995,81.0775,,0,5.0,0.55,5,3,0,4.9902,1.0,wave,UNKNOWN,UNKNOWN,0.27,0,65.942
3996,81.0939,,0,5.0,0.55,5,3,0,4.9933,1.0,wave,UNKNOWN,UNKNOWN,0.27,0,66.016
3997,81.109,,0,5.0,0.55,5,3,0,4.9964,1.0,wave,UNKNOWN,UNKNOWN,0.27,0,63.985
3998,81.131,,0,5.0,0.55,5,3,0,4.9686,1.0,wave,UNKNOWN,UNKNOWN,0.27,0,64.797
3999,81.1446,,0,5.0,0.55,5,3,0,4.9822,1.0,wave,UNKNOWN,UNKNOWN,0.27,0,65.289
4000,81.159,,0,5.0,0.55,5,3,0,4.9966,1.0,wave,UNKNOWN,UNKNOWN,0.27,0,65.437
4001,81.174,,0,5.0,0.55,5,3,0,4.9979,1.0,wave,UNKNOWN,UNKNOWN,0.27,0,65.787
4002,81.1884,,0,5.0,0.55,5,3,0,4.9982,1.0,wave,UNKNOWN,UNKNOWN,0.27,0,67.492
4003,81.2009,,0,5.0,0.55,5,3,0,4.9987,1.0,wave,UNKNOWN,UNKNOWN,0.27,0,68.619
4004,81.2134,,0,5.0,0.55,5,3,0,4.9989,1.0,wave,UNKNOWN,UNKNOWN,0.27,0,69.323
4005,81.2264,,0,5.0,0.55,5,3,0,4.9992,1.0,wave,UNKNOWN,UNKNOWN,0.27,0,68.849
4006,81.2419,,0,5.0,0.55,5,3,0,4.9823,1.0,wave,UNKNOWN,UNKNOWN,0.27,0,69.105
4007,81.2558,,0,5.0,0.55,5,3,0,4.9962,1.0,wave,UNKNOWN,UNKNOWN,0.27,0,68.095
4008,81.2728,,0,5.0,0.55,5,3,0,4.9875,1.0,wave,UNKNOWN,UNKNOWN,0.2667,1,63.169
4009,81.3262,,0,5.0,0.55,5,3,0,4.997,1.0,wave,UNKNOWN,UNKNOWN,0.2667,0,61.711
4010,81.3468,,0,5.0,0.55,5,3,0,4.9913,1.0,wave,UNKNOWN,UNKNOWN,0.2667,0,60.935
4011,81.3652,,0,5.0,0.55,5,3,0,4.9931,1.0,wave,UNKNOWN,UNKNOWN,0.2667,0,62.114
4012,81.3787,,0,5.0,0.55,5,3,0,4.9541,1.0,wave,UNKNOWN,UNKNOWN,0.2667,0,63.073
4013,81.3928,,0,5.0,0.55,5,3,0,4.9682,1.0,wave,UNKNOWN,UNKNOWN,0.2667,0,63.194
4014,81.4083,,0,5.0,0.55,5,3,0,4.9837,1.0,wave,UNKNOWN,UNKNOWN,0.2667,0,61.663
4015,81.4292,,0,5.0,0.55,5,3,0,4.9847,1.0,wave,UNKNOWN,UNKNOWN,0.2667,0,60.205
4016,81.451,,0,5.0,0.55,5,3,0,4.9907,1.0,wave,UNKNOWN,UNKNOWN,0.2667,0,58.748
4017,81.4726,,0,5.0,0.55,5,3,0,4.9999,1.0,wave,UNKNOWN,UNKNOWN,0.2667,0,58.618
4018,81.4897,,0,5.0,0.55,5,3,0,4.9884,1.0,wave,UNKNOWN,UNKNOWN,0.2667,0,59.593
4019,81.5043,,0,5.0,0.55,5,3,0,4.991,1.0,wave,UNKNOWN,UNKNOWN,0.2667,0,59.115
4020,81.5226,,0,5.0,0.55,5,3,0,4.9963,1.0,wave,UNKNOWN,UNKNOWN,0.2667,0,61.209
4021,81.5352,,0,5.0,0.55,5,3,0,4.9969,1.0,wave,UNKNOWN,UNKNOWN,0.3033,1,56.974
4022,81.5885,,0,5.0,0.55,5,3,0,4.9949,1.0,wave,UNKNOWN,UNKNOWN,0.3033,0,59.261
4023,81.6013,,0,5.0,0.55,5,3,0,4.9952,1.0,wave,UNKNOWN,UNKNOWN,0.3033,0,57.728
4024,81.6234,,0,5.0,0.55,5,3,0,4.9972,1.0,wave,UNKNOWN,UNKNOWN,0.3033,0,58.914
4025,81.6378,,0,5.0,0.55,5,3,0,4.951,1.0,wave,UNKNOWN,UNKNOWN,0.3033,0,61.372
4026,81.6497,,0,5.0,0.55,5,3,0,4.9629,1.0,wave,UNKNOWN,UNKNOWN,0.3033,0,63.526
4027,81.6617,,0,5.0,0.55,5,3,0,4.975,1.0,wave,UNKNOWN,UNKNOWN,0.3033,0,64.958
4028,81.6746,,0,5.0,0.55,5,3,0,4.9879,1.0,wave,UNKNOWN,UNKNOWN,0.3033,0,65.358
4029,81.6892,,0,5.0,0.55,5,3,0,4.9896,1.0,wave,UNKNOWN,UNKNOWN,0.3033,0,65.637
4030,81.7038,,0,5.0,0.55,5,3,0,4.9924,1.0,wave,UNKNOWN,UNKNOWN,0.3033,0,67.164
4031,81.7163,,0,5.0,0.55,5,3,0,4.9866,1.0,wave,UNKNOWN,UNKNOWN,0.3033,0,68.625
4032,81.7284,,0,5.0,0.55,5,3,0,4.9987,1.0,wave,UNKNOWN,UNKNOWN,0.3033,0,69.576
4033,81.7412,,0,5.0,0.55,5,3,0,4.9999,1.0,wave,UNKNOWN,UNKNOWN,0.3033,0,69.449
4034,81.7559,,0,5.0,0.55,5,3,0,4.9881,1.0,wave,UNKNOWN,UNKNOWN,0.3033,0,68.191
4035,81.7735,,0,5.0,0.55,5,3,0,4.9858,1.0,wave,UNKNOWN,UNKNOWN,0.3033,0,68.321
4036,81.7879,,0,5.0,0.55,5,3,0,4.9878,1.0,wave,UNKNOWN,UNKNOWN,0.2967,1,63.488
4037,81.8383,,0,5.0,0.55,5,3,0,4.9899,1.0,wave,UNKNOWN,UNKNOWN,0.2967,0,64.811
4038,81.8514,,0,5.0,0.55,5,3,0,4.9914,1.0,wave,UNKNOWN,UNKNOWN,0.2967,0,66.563
4039,81.8628,,0,5.0,0.55,5,3,0,4.9908,1.0,wave,UNKNOWN,UNKNOWN,0.2967,0,66.781
4040,81.8775,,0,5.0,0.55,5,3,0,4.9935,1.0,wave,UNKNOWN,UNKNOWN,0.2967,0,65.746
4041,81.8953,,0,5.0,0.55,5,3,0,4.9613,1.0,wave,UNKNOWN,UNKNOWN,0.2967,0,67.466
4042,81.9074,,0,5.0,0.55,5,3,0,4.9734,1.0,wave,UNKNOWN,UNKNOWN,0.2967,0,68.783
4043,81.9197,,0,5.0,0.55,5,3,0,4.9857,1.0,wave,UNKNOWN,UNKNOWN,0.2967,0,70.501
4044,81.9315,,0,5.0,0.55,5,3,0,4.9975,1.0,wave,UNKNOWN,UNKNOWN,0.2967,0,71.452
4045,81.944,,0,5.0,0.55,5,3,0,4.9956,1.0,wave,UNKNOWN,UNKNOWN,0.2967,0,71.347
4046,81.958,,0,5.0,0.55,5,3,0,4.9984,1.0,wave,UNKNOWN,UNKNOWN,0.2967,0,71.548
4047,81.9717,,0,5.0,0.55,5,3,0,4.9945,1.0,wave,UNKNOWN,UNKNOWN,0.2967,0,73.227
4048,81.9829,,0,5.0,0.55,5,3,0,4.994,1.0,wave,UNKNOWN,UNKNOWN,0.2967,0,74.517
4049,81.9945,,0,5.0,0.55,5,3,0,4.9925,1.0,wave,UNKNOWN,UNKNOWN,0.2967,0,75.671
4050,82.0061,,0,5.0,0.55,5,3,0,4.9911,1.0,wave,UNKNOWN,UNKNOWN,0.2967,0,76.153
4051,82.0188,,0,5.0,0.55,5,3,0,4.9923,1.0,wave,UNKNOWN,UNKNOWN,0.2967,0,76.93
4052,82.0307,,0,5.0,0.55,5,3,0,4.9917,1.0,wave,UNKNOWN,UNKNOWN,0.2967,0,77.148
4053,82.0432,,0,5.0,0.55,5,3,0,4.9922,1.0,wave,UNKNOWN,UNKNOWN,0.3067,1,71.454
4054,82.0928,,0,5.0,0.55,5,3,0,4.9932,1.0,wave,UNKNOWN,UNKNOWN,0.3067,0,72.372
4055,82.1052,,0,5.0,0.55,5,3,0,4.9935,1.0,wave,UNKNOWN,UNKNOWN,0.3067,0,70.681
4056,82.1231,,0,5.0,0.55,5,3,0,4.9966,1.0,wave,UNKNOWN,UNKNOWN,0.3067,0,71.869
4057,82.1353,,0,5.0,0.55,5,3,0,4.9971,1.0,wave,UNKNOWN,UNKNOWN,0.3067,0,70.594
4058,82.1524,,0,5.0,0.55,5,3,0,4.9629,1.0,wave,UNKNOWN,UNKNOWN,0.3067,0,71.864
4059,82.1643,,0,5.0,0.55,5,3,0,4.9748,1.0,wave,UNKNOWN,UNKNOWN,0.3067,0,71.774
4060,82.1783,,0,5.0,0.55,5,3,0,4.9887,1.0,wave,UNKNOWN,UNKNOWN,0.3067,0,72.549
4061,82.1912,,0,5.0,0.55,5,3,0,4.9892,1.0,wave,UNKNOWN,UNKNOWN,0.3067,0,72.182
4062,82.2054,,0,5.0,0.55,5,3,0,4.9912,1.0,wave,UNKNOWN,UNKNOWN,0.3067,0,73.705
4063,82.2169,,0,5.0,0.55,5,3,0,4.9905,1.0,wave,UNKNOWN,UNKNOWN,0.3067,0,74.537
4064,82.229,,0,5.0,0.55,5,3,0,4.9898,1.0,wave,UNKNOWN,UNKNOWN,0.3067,0,74.771
4065,82.242,,0,5.0,0.55,5,3,0,4.9915,1.0,wave,UNKNOWN,UNKNOWN,0.3067,0,74.929
4066,82.2551,,0,5.0,0.55,5,3,0,4.9931,1.0,wave,UNKNOWN,UNKNOWN,0.3067,0,76.242
4067,82.2666,,0,5.0,0.55,5,3,0,4.9839,1.0,wave,UNKNOWN,UNKNOWN,0.3067,0,77.015
4068,82.2783,,0,5.0,0.55,5,3,0,4.9956,1.0,wave,UNKNOWN,UNKNOWN,0.3067,0,77.535
4069,82.2905,,0,5.0,0.55,5,3,0,4.996,1.0,wave,UNKNOWN,UNKNOWN,0.3067,0,78.174
4070,82.3031,,0,5.0,0.55,5,3,0,4.996,1.0,wave,UNKNOWN,UNKNOWN,0.3,1,72.23
4071,82.3563,,0,5.0,0.55,5,3,0,4.9997,1.0,wave,UNKNOWN,UNKNOWN,0.3,0,72.868
4072,82.3691,,0,5.0,0.55,5,3,0,4.9997,1.0,wave,UNKNOWN,UNKNOWN,0.3,0,73.492
4073,82.3813,,0,5.0,0.55,5,3,0,4.9995,1.0,wave,UNKNOWN,UNKNOWN,0.3,0,73.543
4074,82.3946,,0,5.0,0.55,5,3,0,4.9509,1.0,wave,UNKNOWN,UNKNOWN,0.3,0,71.92
4075,82.4125,,0,5.0,0.55,5,3,0,4.9687,1.0,wave,UNKNOWN,UNKNOWN,0.3,0,72.298
4076,82.4253,,0,5.0,0.55,5,3,0,4.9816,1.0,wave,UNKNOWN,UNKNOWN,0.3,0,72.326
4077,82.4391,,0,5.0,0.55,5,3,0,4.9954,1.0,wave,UNKNOWN,UNKNOWN,0.3,0,73.607
4078,82.4513,,0,5.0,0.55,5,3,0,4.9954,1.0,wave,UNKNOWN,UNKNOWN,0.3,0,74.408
4079,82.4632,,0,5.0,0.55,5,3,0,4.995,1.0,wave,UNKNOWN,UNKNOWN,0.3,0,71.99
4080,82.4832,,0,5.0,0.55,5,3,0,4.9853,1.0,wave,UNKNOWN,UNKNOWN,0.3,0,72.963
4081,82.4953,,0,5.0,0.55,5,3,0,4.9974,1.0,wave,UNKNOWN,UNKNOWN,0.3,0,70.712
4082,82.5152,,0,5.0,0.55,5,3,0,4.9911,1.0,wave,UNKNOWN,UNKNOWN,0.3,0,71.841
4083,82.5272,,0,5.0,0.55,5,3,0,4.991,1.0,wave,UNKNOWN,UNKNOWN,0.3,0,71.299
4084,82.5425,,0,5.0,0.55,5,3,0,4.9926,1.0,wave,UNKNOWN,UNKNOWN,0.3,0,71.2
4085,82.5566,,0,5.0,0.55,5,3,0,4.989,1.0,wave,UNKNOWN,UNKNOWN,0.31,1,66.066
4086,82.6073,,0,5.0,0.55,5,3,0,4.9879,1.0,wave,UNKNOWN,UNKNOWN,0.31,0,67.479
4087,82.6201,,0,5.0,0.55,5,3,0,4.9796,1.0,wave,UNKNOWN,UNKNOWN,0.31,0,68.72
4088,82.632,,0,5.0,0.55,5,3,0,4.9915,1.0,wave,UNKNOWN,UNKNOWN,0.31,0,69.383
4089,82.6451,,0,5.0,0.55,5,3,0,4.9896,1.0,wave,UNKNOWN,UNKNOWN,0.31,0,70.601
4090,82.6574,,0,5.0,0.55,5,3,0,4.9451,1.0,wave,UNKNOWN,UNKNOWN,0.31,0,71.657
4091,82.6701,,0,5.0,0.55,5,3,0,4.9578,1.0,wave,UNKNOWN,UNKNOWN,0.31,0,72.569
4092,82.6824,,0,5.0,0.55,5,3,0,4.9701,1.0,wave,UNKNOWN,UNKNOWN,0.31,0,70.95
4093,82.7003,,0,5.0,0.55,5,3,0,4.988,1.0,wave,UNKNOWN,UNKNOWN,0.31,0,68.719
4094,82.7205,,0,5.0,0.55,5,3,0,4.988,1.0,wave,UNKNOWN,UNKNOWN,0.31,0,70.361
4095,82.7323,,0,5.0,0.55,5,3,0,4.9998,1.0,wave,UNKNOWN,UNKNOWN,0.31,0,71.315
4096,82.7446,,0,5.0,0.55,5,3,0,4.9992,1.0,wave,UNKNOWN,UNKNOWN,0.31,0,72.453
4097,82.7569,,0,5.0,0.55,5,3,0,4.998,1.0,wave,UNKNOWN,UNKNOWN,0.31,0,73.821
4098,82.769,,0,5.0,0.55,5,3,0,4.9914,1.0,wave,UNKNOWN,UNKNOWN,0.31,0,73.917
4099,82.7819,,0,5.0,0.55,5,3,0,4.9916,1.0,wave,UNKNOWN,UNKNOWN,0.31,0,74.621
4100,82.7941,,0,5.0,0.55,5,3,0,4.9833,1.0,wave,UNKNOWN,UNKNOWN,0.31,0,75.226
4101,82.8069,,0,5.0,0.55,5,3,0,4.9961,1.0,wave,UNKNOWN,UNKNOWN,0.3433,1,69.464
4102,82.8636,,0,5.0,0.55,5,3,0,4.9941,1.0,wave,UNKNOWN,UNKNOWN,0.3433,0,67.279
4103,82.8848,,0,5.0,0.55,5,3,0,4.998,1.0,wave,UNKNOWN,UNKNOWN,0.3433,0,68.529
4104,82.8968,,0,5.0,0.55,5,3,0,4.9909,1.0,wave,UNKNOWN,UNKNOWN,0.3433,0,69.797
4105,82.9092,,0,5.0,0.55,5,3,0,4.947,1.0,wave,UNKNOWN,UNKNOWN,0.3433,0,70.095
4106,82.9231,,0,5.0,0.55,5,3,0,4.9609,1.0,wave,UNKNOWN,UNKNOWN,0.3433,0,71.534
4107,82.9351,,0,5.0,0.55,5,3,0,4.9729,1.0,wave,UNKNOWN,UNKNOWN,0.3433,0,72.3
4108,82.9473,,0,5.0,0.55,5,3,0,4.9851,1.0,wave,UNKNOWN,UNKNOWN,0.3433,0,73.404
4109,82.9594,,0,5.0,0.55,5,3,0,4.9972,1.0,wave,UNKNOWN,UNKNOWN,0.3433,0,73.903
4110,82.9722,,0,5.0,0.55,5,3,0,4.9917,1.0,wave,UNKNOWN,UNKNOWN,0.3433,0,74.923
4111,82.984,,0,5.0,0.55,5,3,0,4.9872,1.0,wave,UNKNOWN,UNKNOWN,0.3433,0,75.761
4112,82.996,,0,5.0,0.55,5,3,0,4.9992,1.0,wave,UNKNOWN,UNKNOWN,0.3433,0,76.398
4113,83.0081,,0,5.0,0.55,5,3,0,4.9975,1.0,wave,UNKNOWN,UNKNOWN,0.3433,0,76.554
4114,83.0211,,0,5.0,0.55,5,3,0,4.9964,1.0,wave,UNKNOWN,UNKNOWN,0.3433,0,73.805
4115,83.0414,,0,5.0,0.55,5,3,0,4.9818,1.0,wave,UNKNOWN,UNKNOWN,0.3433,0,74.877
4116,83.0533,,0,5.0,0.55,5,3,0,4.9936,1.0,wave,UNKNOWN,UNKNOWN,0.3433,0,75.808
4117,83.0651,,0,5.0,0.55,5,3,0,4.9918,1.0,wave,UNKNOWN,UNKNOWN,0.3067,1,70.082
4118,83.1196,,0,5.0,0.55,5,3,0,4.9876,1.0,wave,UNKNOWN,UNKNOWN,0.3067,0,70.823
4119,83.1323,,0,5.0,0.55,5,3,0,4.9874,1.0,wave,UNKNOWN,UNKNOWN,0.3067,0,71.621
4120,83.1447,,0,5.0,0.55,5,3,0,4.9998,1.0,wave,UNKNOWN,UNKNOWN,0.3067,0,71.78
4121,83.1584,,0,5.0,0.55,5,3,0,4.948,1.0,wave,UNKNOWN,UNKNOWN,0.3067,0,71.301
4122,83.1732,,0,5.0,0.55,5,3,0,4.9628,1.0,wave,UNKNOWN,UNKNOWN,0.3067,0,72.615
4123,83.186,,0,5.0,0.55,5,3,0,4.9755,1.0,wave,UNKNOWN,UNKNOWN,0.3067,0,72.626
4124,83.199,,0,5.0,0.55,5,3,0,4.9886,1.0,wave,UNKNOWN,UNKNOWN,0.3067,0,72.735
4125,83.2127,,0,5.0,0.55,5,3,0,4.9886,1.0,wave,UNKNOWN,UNKNOWN,0.3067,0,73.516
4126,83.2248,,0,5.0,0.55,5,3,0,4.9869,1.0,wave,UNKNOWN,UNKNOWN,0.3067,0,73.469
4127,83.2387,,0,5.0,0.55,5,3,0,4.9866,1.0,wave,UNKNOWN,UNKNOWN,0.3067,0,73.571
4128,83.2527,,0,5.0,0.55,5,3,0,4.9797,1.0,wave,UNKNOWN,UNKNOWN,0.3067,0,73.875
4129,83.2652,,0,5.0,0.55,5,3,0,4.9922,1.0,wave,UNKNOWN,UNKNOWN,0.3067,0,74.302
4130,83.2778,,0,5.0,0.55,5,3,0,4.9917,1.0,wave,UNKNOWN,UNKNOWN,0.3067,0,74.761
4131,83.2906,,0,5.0,0.55,5,3,0,4.9918,1.0,wave,UNKNOWN,UNKNOWN,0.3067,0,74.583
4132,83.3043,,0,5.0,0.55,5,3,0,4.9931,1.0,wave,UNKNOWN,UNKNOWN,0.3067,0,75.325
4133,83.3166,,0,5.0,0.55,5,3,0,4.9904,1.0,wave,UNKNOWN,UNKNOWN,0.3033,1,69.417
4134,83.3791,,0,5.0,0.55,5,3,0,4.9884,1.0,wave,UNKNOWN,UNKNOWN,0.3033,0,69.753
4135,83.3918,,0,5.0,0.55,5,3,0,4.9866,1.0,wave,UNKNOWN,UNKNOWN,0.3033,0,67.935
4136,83.4112,,0,5.0,0.55,5,3,0,4.993,1.0,wave,UNKNOWN,UNKNOWN,0.3033,0,68.959
4137,83.4239,,0,5.0,0.55,5,3,0,4.9539,1.0,wave,UNKNOWN,UNKNOWN,0.3033,0,69.824
4138,83.4372,,0,5.0,0.55,5,3,0,4.9671,1.0,wave,UNKNOWN,UNKNOWN,0.3033,0,70.204
4139,83.4504,,0,5.0,0.55,5,3,0,4.9804,1.0,wave,UNKNOWN,UNKNOWN,0.3033,0,71.439
4140,83.4625,,0,5.0,0.55,5,3,0,4.9924,1.0,wave,UNKNOWN,UNKNOWN,0.3033,0,71.952
4141,83.4755,,0,5.0,0.55,5,3,0,4.9924,1.0,wave,UNKNOWN,UNKNOWN,0.3033,0,72.083
4142,83.4891,,0,5.0,0.55,5,3,0,4.9932,1.0,wave,UNKNOWN,UNKNOWN,0.3033,0,73.152
4143,83.5012,,0,5.0,0.55,5,3,0,4.9931,1.0,wave,UNKNOWN,UNKNOWN,0.3033,0,73.681
4144,83.5139,,0,5.0,0.55,5,3,0,4.9926,1.0,wave,UNKNOWN,UNKNOWN,0.3033,0,74.637
4145,83.5261,,0,5.0,0.55,5,3,0,4.9899,1.0,wave,UNKNOWN,UNKNOWN,0.3033,0,74.863
4146,83.5389,,0,5.0,0.55,5,3,0,4.9866,1.0,wave,UNKNOWN,UNKNOWN,0.3033,0,75.337
4147,83.5521,,0,5.0,0.55,5,3,0,4.9999,1.0,wave,UNKNOWN,UNKNOWN,0.3033,0,75.415
4148,83.5646,,0,5.0,0.55,5,3,0,4.9892,1.0,wave,UNKNOWN,UNKNOWN,0.3033,0,75.581
4149,83.5776,,0,5.0,0.55,5,3,0,4.9868,1.0,wave,UNKNOWN,UNKNOWN,0.3033,1,69.823
4150,83.6338,,0,5.0,0.55,5,3,0,4.9912,1.0,wave,UNKNOWN,UNKNOWN,0.3033,0,70.485
4151,83.6462,,0,5.0,0.55,5,3,0,4.9908,1.0,wave,UNKNOWN,UNKNOWN,0.3033,0,70.873
4152,83.6598,,0,5.0,0.55,5,3,0,4.9904,1.0,wave,UNKNOWN,UNKNOWN,0.3033,0,71.14
4153,83.6736,,0,5.0,0.55,5,3,0,4.9525,1.0,wave,UNKNOWN,UNKNOWN,0.3033,0,71.951
4154,83.6868,,0,5.0,0.55,5,3,0,4.9657,1.0,wave,UNKNOWN,UNKNOWN,0.3033,0,72.225
4155,83.6995,,0,5.0,0.55,5,3,0,4.9784,1.0,wave,UNKNOWN,UNKNOWN,0.3033,0,69.256
4156,83.7229,,0,5.0,0.55,5,3,0,4.9873,1.0,wave,UNKNOWN,UNKNOWN,0.3033,0,70.669
4157,83.7348,,0,5.0,0.55,5,3,0,4.9992,1.0,wave,UNKNOWN,UNKNOWN,0.3033,0,71.611
4158,83.7472,,0,5.0,0.55,5,3,0,4.9994,1.0,wave,UNKNOWN,UNKNOWN,0.3033,0,69.294
4159,83.7682,,0,5.0,0.55,5,3,0,4.9949,1.0,wave,UNKNOWN,UNKNOWN,0.3033,0,70.16
4160,83.7808,,0,5.0,0.55,5,3,0,4.994,1.0,wave,UNKNOWN,UNKNOWN,0.3033,0,70.488
4161,83.7944,,0,5.0,0.55,5,3,0,4.995,1.0,wave,UNKNOWN,UNKNOWN,0.3033,0,70.354
4162,83.8088,,0,5.0,0.55,5,3,0,4.9975,1.0,wave,UNKNOWN,UNKNOWN,0.3033,0,71.43
4163,83.8213,,0,5.0,0.55,5,3,0,4.9965,1.0,wave,UNKNOWN,UNKNOWN,0.3033,0,72.456
4164,83.8336,,0,5.0,0.55,5,3,0,4.9951,1.0,wave,UNKNOWN,UNKNOWN,0.33,1,67.152
4165,83.8855,,0,5.0,0.55,5,3,0,4.9941,1.0,wave,UNKNOWN,UNKNOWN,0.33,0,68.091
4166,83.8979,,0,5.0,0.55,5,3,0,4.9921,1.0,wave,UNKNOWN,UNKNOWN,0.33,0,68.992
4167,83.9109,,0,5.0,0.55,5,3,0,4.9917,1.0,wave,UNKNOWN,UNKNOWN,0.33,0,68.747
4168,83.926,,0,5.0,0.55,5,3,0,4.9949,1.0,wave,UNKNOWN,UNKNOWN,0.33,0,69.08
4169,83.9399,,0,5.0,0.55,5,3,0,4.9545,1.0,wave,UNKNOWN,UNKNOWN,0.33,0,66.865
4170,83.9611,,0,5.0,0.55,5,3,0,4.9757,1.0,wave,UNKNOWN,UNKNOWN,0.33,0,64.959
4171,83.9822,,0,5.0,0.55,5,3,0,4.9968,1.0,wave,UNKNOWN,UNKNOWN,0.33,0,65.941
4172,83.9954,,0,5.0,0.55,5,3,0,4.9964,1.0,wave,UNKNOWN,UNKNOWN,0.33,0,66.636
4173,84.0091,,0,5.0,0.55,5,3,0,4.9981,1.0,wave,UNKNOWN,UNKNOWN,0.33,0,67.199
4174,84.023,,0,5.0,0.55,5,3,0,4.9968,1.0,wave,UNKNOWN,UNKNOWN,0.33,0,67.75
4175,84.0373,,0,5.0,0.55,5,3,0,4.9966,1.0,wave,UNKNOWN,UNKNOWN,0.33,0,68.886
4176,84.0498,,0,5.0,0.55,5,3,0,4.988,1.0,wave,UNKNOWN,UNKNOWN,0.33,0,69.748
4177,84.0622,,0,5.0,0.55,5,3,0,4.9794,1.0,wave,UNKNOWN,UNKNOWN,0.33,0,70.454
4178,84.0753,,0,5.0,0.55,5,3,0,4.9924,1.0,wave,UNKNOWN,UNKNOWN,0.33,0,71.491
4179,84.0878,,0,5.0,0.55,5,3,0,4.9877,1.0,wave,UNKNOWN,UNKNOWN,0.31,1,66.014
4180,84.1481,,0,5.0,0.55,5,3,0,4.9941,1.0,wave,UNKNOWN,UNKNOWN,0.31,0,64.338
4181,84.1679,,0,5.0,0.55,5,3,0,4.9992,1.0,wave,UNKNOWN,UNKNOWN,0.31,0,63.592
4182,84.1861,,0,5.0,0.55,5,3,0,4.9964,1.0,wave,UNKNOWN,UNKNOWN,0.31,0,64.808
4183,84.1987,,0,5.0,0.55,5,3,0,4.9535,1.0,wave,UNKNOWN,UNKNOWN,0.31,0,64.533
4184,84.2147,,0,5.0,0.55,5,3,0,4.9695,1.0,wave,UNKNOWN,UNKNOWN,0.31,0,64.514
4185,84.2304,,0,5.0,0.55,5,3,0,4.9852,1.0,wave,UNKNOWN,UNKNOWN,0.31,0,62.515
4186,84.2536,,0,5.0,0.55,5,3,0,4.994,1.0,wave,UNKNOWN,UNKNOWN,0.31,0,63.079
4187,84.2675,,0,5.0,0.55,5,3,0,4.9952,1.0,wave,UNKNOWN,UNKNOWN,0.31,0,64.151
4188,84.281,,0,5.0,0.55,5,3,0,4.994,1.0,wave,UNKNOWN,UNKNOWN,0.31,0,64.567
4189,84.2956,,0,5.0,0.55,5,3,0,4.9959,1.0,wave,UNKNOWN,UNKNOWN,0.31,0,64.042
4190,84.3124,,0,5.0,0.55,5,3,0,4.9995,1.0,wave,UNKNOWN,UNKNOWN,0.31,0,64.293
4191,84.3275,,0,5.0,0.55,5,3,0,4.9884,1.0,wave,UNKNOWN,UNKNOWN,0.31,0,62.442
4192,84.3496,,0,5.0,0.55,5,3,0,4.9984,1.0,wave,UNKNOWN,UNKNOWN,0.31,1,58.137
4193,84.4014,,0,5.0,0.55,5,3,0,4.988,1.0,wave,UNKNOWN,UNKNOWN,0.31,0,58.743
4194,84.4169,,0,5.0,0.55,5,3,0,4.9903,1.0,wave,UNKNOWN,UNKNOWN,0.31,0,58.471
4195,84.4346,,0,5.0,0.55,5,3,0,4.9871,1.0,wave,UNKNOWN,UNKNOWN,0.31,0,59.89
4196,84.4481,,0,5.0,0.55,5,3,0,4.9347,1.0,wave,UNKNOWN,UNKNOWN,0.31,0,59.143
4197,84.4676,,0,5.0,0.55,5,3,0,4.9543,1.0,wave,UNKNOWN,UNKNOWN,0.31,0,60.862
4198,84.4802,,0,5.0,0.55,5,3,0,4.9669,1.0,wave,UNKNOWN,UNKNOWN,0.31,0,61.294
4199,84.4956,,0,5.0,0.55,5,3,0,4.9822,1.0,wave,UNKNOWN,UNKNOWN,0.31,0,60.732
4200,84.5136,,0,5.0,0.55,5,3,0,4.9864,1.0,wave,UNKNOWN,UNKNOWN,0.31,0,58.305
4201,84.541,,0,5.0,0.55,5,3,0,4.9992,1.0,wave,UNKNOWN,UNKNOWN,0.31,0,59.204
4202,84.556,,0,5.0,0.55,5,3,0,4.9994,1.0,wave,UNKNOWN,UNKNOWN,0.31,0,57.721
4203,84.5784,,0,5.0,0.55,5,3,0,4.9861,1.0,wave,UNKNOWN,UNKNOWN,0.31,0,58.693
4204,84.5932,,0,5.0,0.55,5,3,0,4.9841,1.0,wave,UNKNOWN,UNKNOWN,0.31,0,57.334
4205,84.6154,,0,5.0,0.55,5,3,0,4.9897,1.0,wave,UNKNOWN,UNKNOWN,0.2867,1,53.003
4206,84.6875,,0,5.0,0.55,5,3,0,4.9949,1.0,wave,UNKNOWN,UNKNOWN,0.2867,0,52.339
4207,84.7085,,0,5.0,0.55,5,3,0,4.9503,1.0,wave,UNKNOWN,UNKNOWN,0.2867,0,53.173
4208,84.7247,,0,5.0,0.55,5,3,0,4.9665,1.0,wave,UNKNOWN,UNKNOWN,0.2867,0,52.994
4209,84.7441,,0,5.0,0.55,5,3,0,4.9859,1.0,wave,UNKNOWN,UNKNOWN,0.2867,0,53.972
4210,84.7601,,0,5.0,0.55,5,3,0,4.9881,1.0,wave,UNKNOWN,UNKNOWN,0.2867,0,54.968
4211,84.7757,,0,5.0,0.55,5,3,0,4.9893,1.0,wave,UNKNOWN,UNKNOWN,0.2867,0,54.92
4212,84.794,,0,5.0,0.55,5,3,0,4.9946,1.0,wave,UNKNOWN,UNKNOWN,0.2867,0,54.996
4213,84.8122,,0,5.0,0.55,5,3,0,4.9985,1.0,wave,UNKNOWN,UNKNOWN,0.2867,0,55.778
4214,84.828,,0,5.0,0.55,5,3,0,4.9873,1.0,wave,UNKNOWN,UNKNOWN,0.2867,0,56.831
4215,84.8432,,0,5.0,0.55,5,3,0,4.9881,1.0,wave,UNKNOWN,UNKNOWN,0.2867,0,55.816
4216,84.8645,,0,5.0,0.55,5,3,0,4.9945,1.0,wave,UNKNOWN,UNKNOWN,0.2867,0,57.35
4217,84.8784,,0,5.0,0.55,5,3,0,4.9959,1.0,wave,UNKNOWN,UNKNOWN,0.29,1,53.51
4218,84.9315,,0,5.0,0.55,5,3,0,4.9921,1.0,wave,UNKNOWN,UNKNOWN,0.29,0,53.843
4219,84.9489,,0,5.0,0.55,5,3,0,4.994,1.0,wave,UNKNOWN,UNKNOWN,0.29,0,53.582
4220,84.9686,,0,5.0,0.55,5,3,0,4.9997,1.0,wave,UNKNOWN,UNKNOWN,0.29,0,53.387
4221,84.9888,,0,5.0,0.55,5,3,0,4.963,1.0,wave,UNKNOWN,UNKNOWN,0.29,0,54.297
4222,85.0042,,0,5.0,0.55,5,3,0,4.9784,1.0,wave,UNKNOWN,UNKNOWN,0.29,0,53.36
4223,85.026,,0,5.0,0.55,5,3,0,4.9852,1.0,wave,UNKNOWN,UNKNOWN,0.29,0,53.551
4224,85.0441,,0,5.0,0.55,5,3,0,4.9807,1.0,wave,UNKNOWN,UNKNOWN,0.29,0,52.978
4225,85.0651,,0,5.0,0.55,5,3,0,4.9885,1.0,wave,UNKNOWN,UNKNOWN,0.29,0,54.989
4226,85.0786,,0,5.0,0.55,5,3,0,4.9848,1.0,wave,UNKNOWN,UNKNOWN,0.29,0,56.146
4227,85.0939,,0,5.0,0.55,5,3,0,4.985,1.0,wave,UNKNOWN,UNKNOWN,0.29,0,56.042
4228,85.1119,,0,5.0,0.55,5,3,0,4.9879,1.0,wave,UNKNOWN,UNKNOWN,0.29,0,57.173
4229,85.1271,,0,5.0,0.55,5,3,0,4.9883,1.0,wave,UNKNOWN,UNKNOWN,0.29,0,56.803
4230,85.1454,,0,5.0,0.55,5,3,0,4.9909,1.0,wave,UNKNOWN,UNKNOWN,0.2933,1,52.868
4231,85.2037,,0,5.0,0.55,5,3,0,4.9875,1.0,wave,UNKNOWN,UNKNOWN,0.2933,0,54.545
4232,85.2174,,0,5.0,0.55,5,3,0,4.9843,1.0,wave,UNKNOWN,UNKNOWN,0.2933,0,54.276
4233,85.2368,,0,5.0,0.55,5,3,0,4.9388,1.0,wave,UNKNOWN,UNKNOWN,0.2933,0,56.527
4234,85.2493,,0,5.0,0.55,5,3,0,4.9513,1.0,wave,UNKNOWN,UNKNOWN,0.2933,0,55.496
4235,85.2716,,0,5.0,0.55,5,3,0,4.9736,1.0,wave,UNKNOWN,UNKNOWN,0.2933,0,54.04
4236,85.2954,,0,5.0,0.55,5,3,0,4.9975,1.0,wave,UNKNOWN,UNKNOWN,0.2933,0,54.934
4237,85.3114,,0,5.0,0.55,5,3,0,4.9877,1.0,wave,UNKNOWN,UNKNOWN,0.2933,0,55.661
4238,85.3274,,0,5.0,0.55,5,3,0,4.9887,1.0,wave,UNKNOWN,UNKNOWN,0.2933,0,56.434
4239,85.3432,,0,5.0,0.55,5,3,0,4.9893,1.0,wave,UNKNOWN,UNKNOWN,0.2933,0,57.635
4240,85.3577,,0,5.0,0.55,5,3,0,4.991,1.0,wave,UNKNOWN,UNKNOWN,0.2933,0,60.175
4241,85.3699,,0,5.0,0.55,5,3,0,4.9903,1.0,wave,UNKNOWN,UNKNOWN,0.2933,0,62.207
4242,85.3821,,0,5.0,0.55,5,3,0,4.988,1.0,wave,UNKNOWN,UNKNOWN,0.2933,0,62.932
4243,85.3967,,0,5.0,0.55,5,3,0,4.9874,1.0,wave,UNKNOWN,UNKNOWN,0.3,1,58.342
4244,85.4559,,0,5.0,0.55,5,3,0,4.9977,1.0,wave,UNKNOWN,UNKNOWN,0.3,0,60.467
4245,85.4685,,0,5.0,0.55,5,3,0,4.9931,1.0,wave,UNKNOWN,UNKNOWN,0.3,0,61.966
4246,85.481,,0,5.0,0.55,5,3,0,4.9901,1.0,wave,UNKNOWN,UNKNOWN,0.3,0,63.942
4247,85.4933,,0,5.0,0.55,5,3,0,4.945,1.0,wave,UNKNOWN,UNKNOWN,0.3,0,65.524
4248,85.5061,,0,5.0,0.55,5,3,0,4.9577,1.0,wave,UNKNOWN,UNKNOWN,0.3,0,67.366
4249,85.5185,,0,5.0,0.55,5,3,0,4.9702,1.0,wave,UNKNOWN,UNKNOWN,0.3,0,68.343
4250,85.5307,,0,5.0,0.55,5,3,0,4.9824,1.0,wave,UNKNOWN,UNKNOWN,0.3,0,66.574
4251,85.5507,,0,5.0,0.55,5,3,0,4.9857,1.0,wave,UNKNOWN,UNKNOWN,0.3,0,67.124
4252,85.5643,,0,5.0,0.55,5,3,0,4.9993,1.0,wave,UNKNOWN,UNKNOWN,0.3,0,68.711
4253,85.5764,,0,5.0,0.55,5,3,0,4.9987,1.0,wave,UNKNOWN,UNKNOWN,0.3,0,69.99
4254,85.5889,,0,5.0,0.55,5,3,0,4.9963,1.0,wave,UNKNOWN,UNKNOWN,0.3,0,68.436
4255,85.6071,,0,5.0,0.55,5,3,0,4.9989,1.0,wave,UNKNOWN,UNKNOWN,0.3,0,70.061
4256,85.6189,,0,5.0,0.55,5,3,0,4.9948,1.0,wave,UNKNOWN,UNKNOWN,0.3,0,71.484
4257,85.6309,,0,5.0,0.55,5,3,0,4.9917,1.0,wave,UNKNOWN,UNKNOWN,0.3,0,71.938
4258,85.6439,,0,5.0,0.55,5,3,0,4.9897,1.0,wave,UNKNOWN,UNKNOWN,0.3,0,69.704
4259,85.6642,,0,5.0,0.55,5,3,0,4.9971,1.0,wave,UNKNOWN,UNKNOWN,0.3067,1,64.437
4260,85.7229,,0,5.0,0.55,5,3,0,4.9995,1.0,wave,UNKNOWN,UNKNOWN,0.3067,0,63.128
4261,85.7421,,0,5.0,0.55,5,3,0,4.9901,1.0,wave,UNKNOWN,UNKNOWN,0.3067,0,61.986
4262,85.7617,,0,5.0,0.55,5,3,0,4.9578,1.0,wave,UNKNOWN,UNKNOWN,0.3067,0,61.228
4263,85.78,,0,5.0,0.55,5,3,0,4.9761,1.0,wave,UNKNOWN,UNKNOWN,0.3067,0,62.957
4264,85.7927,,0,5.0,0.55,5,3,0,4.9887,1.0,wave,UNKNOWN,UNKNOWN,0.3067,0,63.84
4265,85.8066,,0,5.0,0.55,5,3,0,4.9897,1.0,wave,UNKNOWN,UNKNOWN,0.3067,0,65.742
4266,85.8189,,0,5.0,0.55,5,3,0,4.9899,1.0,wave,UNKNOWN,UNKNOWN,0.3067,0,65.58
4267,85.8348,,0,5.0,0.55,5,3,0,4.9919,1.0,wave,UNKNOWN,UNKNOWN,0.3067,0,64.075
4268,85.8547,,0,5.0,0.55,5,3,0,4.9976,1.0,wave,UNKNOWN,UNKNOWN,0.3067,0,65.476
4269,85.8667,,0,5.0,0.55,5,3,0,4.9939,1.0,wave,UNKNOWN,UNKNOWN,0.3067,0,67.19
4270,85.8789,,0,5.0,0.55,5,3,0,4.9909,1.0,wave,UNKNOWN,UNKNOWN,0.3067,0,68.171
4271,85.892,,0,5.0,0.55,5,3,0,4.9912,1.0,wave,UNKNOWN,UNKNOWN,0.3067,0,67.988
4272,85.9071,,0,5.0,0.55,5,3,0,4.9938,1.0,wave,UNKNOWN,UNKNOWN,0.3067,0,69.253
4273,85.9195,,0,5.0,0.55,5,3,0,4.9935,1.0,wave,UNKNOWN,UNKNOWN,0.2933,1,64.343
4274,85.9692,,0,5.0,0.55,5,3,0,4.9948,1.0,wave,UNKNOWN,UNKNOWN,0.2933,0,65.996
4275,85.9815,,0,5.0,0.55,5,3,0,4.9927,1.0,wave,UNKNOWN,UNKNOWN,0.2933,0,67.45
4276,85.9938,,0,5.0,0.55,5,3,0,4.9923,1.0,wave,UNKNOWN,UNKNOWN,0.2933,0,68.49
4277,86.0066,,0,5.0,0.55,5,3,0,4.9928,1.0,wave,UNKNOWN,UNKNOWN,0.2933,0,70.02
4278,86.0185,,0,5.0,0.55,5,3,0,4.9536,1.0,wave,UNKNOWN,UNKNOWN,0.2933,0,71.272
4279,86.031,,0,5.0,0.55,5,3,0,4.966,1.0,wave,UNKNOWN,UNKNOWN,0.2933,0,72.345
4280,86.0429,,0,5.0,0.55,5,3,0,4.9779,1.0,wave,UNKNOWN,UNKNOWN,0.2933,0,72.967
4281,86.0556,,0,5.0,0.55,5,3,0,4.9907,1.0,wave,UNKNOWN,UNKNOWN,0.2933,0,74.253
4282,86.0672,,0,5.0,0.55,5,3,0,4.9896,1.0,wave,UNKNOWN,UNKNOWN,0.2933,0,74.996
4283,86.0796,,0,5.0,0.55,5,3,0,4.9857,1.0,wave,UNKNOWN,UNKNOWN,0.2933,0,75.915
4284,86.0914,,0,5.0,0.55,5,3,0,4.9975,1.0,wave,UNKNOWN,UNKNOWN,0.2933,0,76.609
4285,86.1037,,0,5.0,0.55,5,3,0,4.9947,1.0,wave,UNKNOWN,UNKNOWN,0.2933,0,77.119
4286,86.1157,,0,5.0,0.55,5,3,0,4.9847,1.0,wave,UNKNOWN,UNKNOWN,0.2933,0,77.089
4287,86.1288,,0,5.0,0.55,5,3,0,4.9978,1.0,wave,UNKNOWN,UNKNOWN,0.2933,0,77.172
4288,86.1416,,0,5.0,0.55,5,3,0,4.997,1.0,wave,UNKNOWN,UNKNOWN,0.2933,0,78.043
4289,86.1532,,0,5.0,0.55,5,3,0,4.9943,1.0,wave,UNKNOWN,UNKNOWN,0.2933,0,78.085
4290,86.166,,0,5.0,0.55,5,3,0,4.992,1.0,wave,UNKNOWN,UNKNOWN,0.2933,0,78.338
4291,86.1784,,0,5.0,0.55,5,3,0,4.99,1.0,wave,UNKNOWN,UNKNOWN,0.2967,1,72.354
4292,86.2327,,0,5.0,0.55,5,3,0,4.9908,1.0,wave,UNKNOWN,UNKNOWN,0.2967,0,72.587
4293,86.2458,,0,5.0,0.55,5,3,0,4.99,1.0,wave,UNKNOWN,UNKNOWN,0.2967,0,72.991
4294,86.2592,,0,5.0,0.55,5,3,0,4.9864,1.0,wave,UNKNOWN,UNKNOWN,0.2967,0,73.559
4295,86.2721,,0,5.0,0.55,5,3,0,4.9993,1.0,wave,UNKNOWN,UNKNOWN,0.2967,0,73.7
4296,86.2851,,0,5.0,0.55,5,3,0,4.9589,1.0,wave,UNKNOWN,UNKNOWN,0.2967,0,74.334
4297,86.2974,,0,5.0,0.55,5,3,0,4.9712,1.0,wave,UNKNOWN,UNKNOWN,0.2967,0,74.097
4298,86.3114,,0,5.0,0.55,5,3,0,4.9852,1.0,wave,UNKNOWN,UNKNOWN,0.2967,0,74.555
4299,86.324,,0,5.0,0.55,5,3,0,4.9978,1.0,wave,UNKNOWN,UNKNOWN,0.2967,0,72.058
4300,86.3443,,0,5.0,0.55,5,3,0,4.9975,1.0,wave,UNKNOWN,UNKNOWN,0.2967,0,69.713
4301,86.3648,,0,5.0,0.55,5,3,0,4.9996,1.0,wave,UNKNOWN,UNKNOWN,0.2967,0,70.755
4302,86.3772,,0,5.0,0.55,5,3,0,4.9985,1.0,wave,UNKNOWN,UNKNOWN,0.2967,0,70.972
4303,86.3912,,0,5.0,0.55,5,3,0,4.9984,1.0,wave,UNKNOWN,UNKNOWN,0.2967,0,72.134
4304,86.4029,,0,5.0,0.55,5,3,0,4.9946,1.0,wave,UNKNOWN,UNKNOWN,0.2967,0,73.324
4305,86.4149,,0,5.0,0.55,5,3,0,4.9857,1.0,wave,UNKNOWN,UNKNOWN,0.2967,0,74.48
4306,86.4267,,0,5.0,0.55,5,3,0,4.9975,1.0,wave,UNKNOWN,UNKNOWN,0.2967,0,75.855
4307,86.4383,,0,5.0,0.55,5,3,0,4.9874,1.0,wave,UNKNOWN,UNKNOWN,0.2933,1,69.953
4308,86.4976,,0,5.0,0.55,5,3,0,4.9932,1.0,wave,UNKNOWN,UNKNOWN,0.2933,0,69.222
4309,86.5134,,0,5.0,0.55,5,3,0,4.9908,1.0,wave,UNKNOWN,UNKNOWN,0.2933,0,70.87
4310,86.5254,,0,5.0,0.55,5,3,0,4.9902,1.0,wave,UNKNOWN,UNKNOWN,0.2933,0,72.255
4311,86.5367,,0,5.0,0.55,5,3,0,4.9482,1.0,wave,UNKNOWN,UNKNOWN,0.2933,0,73.558
4312,86.5485,,0,5.0,0.55,5,3,0,4.9599,1.0,wave,UNKNOWN,UNKNOWN,0.2933,0,73.994
4313,86.5615,,0,5.0,0.55,5,3,0,4.9729,1.0,wave,UNKNOWN,UNKNOWN,0.2933,0,74.295
4314,86.5748,,0,5.0,0.55,5,3,0,4.9863,1.0,wave,UNKNOWN,UNKNOWN,0.2933,0,74.677
4315,86.5874,,0,5.0,0.55,5,3,0,4.9989,1.0,wave,UNKNOWN,UNKNOWN,0.2933,0,75.383
4316,86.5995,,0,5.0,0.55,5,3,0,4.9982,1.0,wave,UNKNOWN,UNKNOWN,0.2933,0,75.926
4317,86.6119,,0,5.0,0.55,5,3,0,4.9885,1.0,wave,UNKNOWN,UNKNOWN,0.2933,0,75.765
4318,86.6253,,0,5.0,0.55,5,3,0,4.9876,1.0,wave,UNKNOWN,UNKNOWN,0.2933,0,76.319
4319,86.6379,,0,5.0,0.55,5,3,0,4.9882,1.0,wave,UNKNOWN,UNKNOWN,0.2933,0,76.399
4320,86.6505,,0,5.0,0.55,5,3,0,4.9888,1.0,wave,UNKNOWN,UNKNOWN,0.2933,0,77.062
4321,86.6626,,0,5.0,0.55,5,3,0,4.988,1.0,wave,UNKNOWN,UNKNOWN,0.2933,0,76.873
4322,86.676,,0,5.0,0.55,5,3,0,4.9868,1.0,wave,UNKNOWN,UNKNOWN,0.2933,0,74.782
4323,86.6938,,0,5.0,0.55,5,3,0,4.99,1.0,wave,UNKNOWN,UNKNOWN,0.29,1,68.962
4324,86.7545,,0,5.0,0.55,5,3,0,4.9986,1.0,wave,UNKNOWN,UNKNOWN,0.29,0,69.077
4325,86.7687,,0,5.0,0.55,5,3,0,4.9953,1.0,wave,UNKNOWN,UNKNOWN,0.29,0,70.222
4326,86.7808,,0,5.0,0.55,5,3,0,4.9929,1.0,wave,UNKNOWN,UNKNOWN,0.29,0,71.222
4327,86.7932,,0,5.0,0.55,5,3,0,4.9549,1.0,wave,UNKNOWN,UNKNOWN,0.29,0,72.779
4328,86.805,,0,5.0,0.55,5,3,0,4.9667,1.0,wave,UNKNOWN,UNKNOWN,0.29,0,73.863
4329,86.8168,,0,5.0,0.55,5,3,0,4.9785,1.0,wave,UNKNOWN,UNKNOWN,0.29,0,74.724
4330,86.8289,,0,5.0,0.55,5,3,0,4.9906,1.0,wave,UNKNOWN,UNKNOWN,0.29,0,74.758
4331,86.8422,,0,5.0,0.55,5,3,0,4.9908,1.0,wave,UNKNOWN,UNKNOWN,0.29,0,75.464
4332,86.8546,,0,5.0,0.55,5,3,0,4.9918,1.0,wave,UNKNOWN,UNKNOWN,0.29,0,75.763
4333,86.8671,,0,5.0,0.55,5,3,0,4.9896,1.0,wave,UNKNOWN,UNKNOWN,0.29,0,76.556
4334,86.8795,,0,5.0,0.55,5,3,0,4.9842,1.0,wave,UNKNOWN,UNKNOWN,0.29,0,76.178
4335,86.8929,,0,5.0,0.55,5,3,0,4.9976,1.0,wave,UNKNOWN,UNKNOWN,0.29,0,76.218
4336,86.906,,0,5.0,0.55,5,3,0,4.9987,1.0,wave,UNKNOWN,UNKNOWN,0.29,0,76.734
4337,86.9182,,0,5.0,0.55,5,3,0,4.9985,1.0,wave,UNKNOWN,UNKNOWN,0.29,0,77.113
4338,86.9305,,0,5.0,0.55,5,3,0,4.999,1.0,wave,UNKNOWN,UNKNOWN,0.29,0,77.745
4339,86.9427,,0,5.0,0.55,5,3,0,4.9987,1.0,wave,UNKNOWN,UNKNOWN,0.29,0,77.995
4340,86.9556,,0,5.0,0.55,5,3,0,4.9976,1.0,wave,UNKNOWN,UNKNOWN,0.28,1,72.11
4341,87.0076,,0,5.0,0.55,5,3,0,4.9889,1.0,wave,UNKNOWN,UNKNOWN,0.28,0,73.112
4342,87.0198,,0,5.0,0.55,5,3,0,4.9891,1.0,wave,UNKNOWN,UNKNOWN,0.28,0,73.914
4343,87.0318,,0,5.0,0.55,5,3,0,4.9886,1.0,wave,UNKNOWN,UNKNOWN,0.28,0,74.463
4344,87.0444,,0,5.0,0.55,5,3,0,4.9515,1.0,wave,UNKNOWN,UNKNOWN,0.28,0,75.113
4345,87.0567,,0,5.0,0.55,5,3,0,4.9639,1.0,wave,UNKNOWN,UNKNOWN,0.28,0,75.917
4346,87.0691,,0,5.0,0.55,5,3,0,4.9763,1.0,wave,UNKNOWN,UNKNOWN,0.28,0,76.663
4347,87.0807,,0,5.0,0.55,5,3,0,4.9879,1.0,wave,UNKNOWN,UNKNOWN,0.28,0,76.167
4348,87.0947,,0,5.0,0.55,5,3,0,4.9895,1.0,wave,UNKNOWN,UNKNOWN,0.28,0,76.437
4349,87.1074,,0,5.0,0.55,5,3,0,4.9843,1.0,wave,UNKNOWN,UNKNOWN,0.28,0,77.229
4350,87.1194,,0,5.0,0.55,5,3,0,4.9963,1.0,wave,UNKNOWN,UNKNOWN,0.28,0,77.905
4351,87.131,,0,5.0,0.55,5,3,0,4.9956,1.0,wave,UNKNOWN,UNKNOWN,0.28,0,77.302
4352,87.145,,0,5.0,0.55,5,3,0,4.9925,1.0,wave,UNKNOWN,UNKNOWN,0.28,0,77.223
4353,87.1582,,0,5.0,0.55,5,3,0,4.9939,1.0,wave,UNKNOWN,UNKNOWN,0.28,0,78.121
4354,87.1697,,0,5.0,0.55,5,3,0,4.9914,1.0,wave,UNKNOWN,UNKNOWN,0.28,0,78.647
4355,87.1817,,0,5.0,0.55,5,3,0,4.9905,1.0,wave,UNKNOWN,UNKNOWN,0.28,0,79.257
4356,87.1935,,0,5.0,0.55,5,3,0,4.988,1.0,wave,UNKNOWN,UNKNOWN,0.28,0,79.435
4357,87.2059,,0,5.0,0.55,5,3,0,4.9891,1.0,wave,UNKNOWN,UNKNOWN,0.29,1,73.361
4358,87.2599,,0,5.0,0.55,5,3,0,4.9934,1.0,wave,UNKNOWN,UNKNOWN,0.29,0,73.632
4359,87.2732,,0,5.0,0.55,5,3,0,4.9949,1.0,wave,UNKNOWN,UNKNOWN,0.29,0,73.694
4360,87.2862,,0,5.0,0.55,5,3,0,4.9956,1.0,wave,UNKNOWN,UNKNOWN,0.29,0,73.609
4361,87.2998,,0,5.0,0.55,5,3,0,4.9967,1.0,wave,UNKNOWN,UNKNOWN,0.29,0,73.133
4362,87.3143,,0,5.0,0.55,5,3,0,4.9579,1.0,wave,UNKNOWN,UNKNOWN,0.29,0,72.29
4363,87.3298,,0,5.0,0.55,5,3,0,4.9735,1.0,wave,UNKNOWN,UNKNOWN,0.29,0,71.911
4364,87.3444,,0,5.0,0.55,5,3,0,4.9881,1.0,wave,UNKNOWN,UNKNOWN,0.29,0,69.554
4365,87.3652,,0,5.0,0.55,5,3,0,4.9961,1.0,wave,UNKNOWN,UNKNOWN,0.29,0,67.303
4366,87.3866,,0,5.0,0.55,5,3,0,4.992,1.0,wave,UNKNOWN,UNKNOWN,0.29,0,65.738
4367,87.4058,,0,5.0,0.55,5,3,0,4.9933,1.0,wave,UNKNOWN,UNKNOWN,0.29,0,63.776
4368,87.4274,,0,5.0,0.55,5,3,0,4.9883,1.0,wave,UNKNOWN,UNKNOWN,0.29,0,65.321
4369,87.4402,,0,5.0,0.55,5,3,0,4.9889,1.0,wave,UNKNOWN,UNKNOWN,0.29,0,66.371
4370,87.4531,,0,5.0,0.55,5,3,0,4.99,1.0,wave,UNKNOWN,UNKNOWN,0.29,0,67.171
4371,87.4668,,0,5.0,0.55,5,3,0,4.9836,1.0,wave,UNKNOWN,UNKNOWN,0.2867,1,62.329
4372,87.5204,,0,5.0,0.55,5,3,0,4.9932,1.0,wave,UNKNOWN,UNKNOWN,0.2867,0,63.745
4373,87.5329,,0,5.0,0.55,5,3,0,4.9904,1.0,wave,UNKNOWN,UNKNOWN,0.2867,0,62.581
4374,87.5525,,0,5.0,0.55,5,3,0,4.9959,1.0,wave,UNKNOWN,UNKNOWN,0.2867,0,63.337
4375,87.5664,,0,5.0,0.55,5,3,0,4.9591,1.0,wave,UNKNOWN,UNKNOWN,0.2867,0,61.803
4376,87.5875,,0,5.0,0.55,5,3,0,4.9801,1.0,wave,UNKNOWN,UNKNOWN,0.2867,0,63.299
4377,87.6003,,0,5.0,0.55,5,3,0,4.9929,1.0,wave,UNKNOWN,UNKNOWN,0.2867,0,62.209
4378,87.6196,,0,5.0,0.55,5,3,0,4.9995,1.0,wave,UNKNOWN,UNKNOWN,0.2867,0,63.725
4379,87.6322,,0,5.0,0.55,5,3,0,4.9871,1.0,wave,UNKNOWN,UNKNOWN,0.2867,0,64.727
4380,87.6458,,0,5.0,0.55,5,3,0,4.9883,1.0,wave,UNKNOWN,UNKNOWN,0.2867,0,64.736
4381,87.6613,,0,5.0,0.55,5,3,0,4.9913,1.0,wave,UNKNOWN,UNKNOWN,0.2867,0,65.329
4382,87.6753,,0,5.0,0.55,5,3,0,4.9929,1.0,wave,UNKNOWN,UNKNOWN,0.2867,0,67.136
4383,87.6875,,0,5.0,0.55,5,3,0,4.9871,1.0,wave,UNKNOWN,UNKNOWN,0.2867,0,68.469
4384,87.6997,,0,5.0,0.55,5,3,0,4.9994,1.0,wave,UNKNOWN,UNKNOWN,0.2867,0,67.424
4385,87.7171,,0,5.0,0.55,5,3,0,4.9966,1.0,wave,UNKNOWN,UNKNOWN,0.29,1,62.634
4386,87.7686,,0,5.0,0.55,5,3,0,4.9996,1.0,wave,UNKNOWN,UNKNOWN,0.29,0,61.551
4387,87.7877,,0,5.0,0.55,5,3,0,4.9937,1.0,wave,UNKNOWN,UNKNOWN,0.29,0,60.615
4388,87.8068,,0,5.0,0.55,5,3,0,4.9999,1.0,wave,UNKNOWN,UNKNOWN,0.29,0,59.822
4389,87.8257,,0,5.0,0.55,5,3,0,4.9621,1.0,wave,UNKNOWN,UNKNOWN,0.29,0,58.663
4390,87.8465,,0,5.0,0.55,5,3,0,4.9828,1.0,wave,UNKNOWN,UNKNOWN,0.29,0,59.36
4391,87.8617,,0,5.0,0.55,5,3,0,4.998,1.0,wave,UNKNOWN,UNKNOWN,0.29,0,60.582
4392,87.8758,,0,5.0,0.55,5,3,0,4.991,1.0,wave,UNKNOWN,UNKNOWN,0.29,0,62.832
4393,87.8878,,0,5.0,0.55,5,3,0,4.991,1.0,wave,UNKNOWN,UNKNOWN,0.29,0,64.592
4394,87.9001,,0,5.0,0.55,5,3,0,4.9909,1.0,wave,UNKNOWN,UNKNOWN,0.29,0,63.327
4395,87.9198,,0,5.0,0.55,5,3,0,4.9967,1.0,wave,UNKNOWN,UNKNOWN,0.29,0,64.251
4396,87.9332,,0,5.0,0.55,5,3,0,4.9981,1.0,wave,UNKNOWN,UNKNOWN,0.29,0,65.084
4397,87.947,,0,5.0,0.55,5,3,0,4.9996,1.0,wave,UNKNOWN,UNKNOWN,0.29,0,65.682
4398,87.961,,0,5.0,0.55,5,3,0,4.9888,1.0,wave,UNKNOWN,UNKNOWN,0.29,0,66.905
4399,87.9738,,0,5.0,0.55,5,3,0,4.9898,1.0,wave,UNKNOWN,UNKNOWN,0.2833,1,62.138
4400,88.0261,,0,5.0,0.55,5,3,0,4.9847,1.0,wave,UNKNOWN,UNKNOWN,0.2833,0,63.482
4401,88.0397,,0,5.0,0.55,5,3,0,4.9983,1.0,wave,UNKNOWN,UNKNOWN,0.2833,0,64.448
4402,88.053,,0,5.0,0.55,5,3,0,4.9997,1.0,wave,UNKNOWN,UNKNOWN,0.2833,0,65.552
4403,88.066,,0,5.0,0.55,5,3,0,4.9464,1.0,wave,UNKNOWN,UNKNOWN,0.2833,0,65.843
4404,88.0806,,0,5.0,0.55,5,3,0,4.961,1.0,wave,UNKNOWN,UNKNOWN,0.2833,0,66.064
4405,88.0953,,0,5.0,0.55,5,3,0,4.9757,1.0,wave,UNKNOWN,UNKNOWN,0.2833,0,66.454
4406,88.1097,,0,5.0,0.55,5,3,0,4.9901,1.0,wave,UNKNOWN,UNKNOWN,0.2833,0,68.037
4407,88.1218,,0,5.0,0.55,5,3,0,4.9896,1.0,wave,UNKNOWN,UNKNOWN,0.2833,0,69.446
4408,88.1338,,0,5.0,0.55,5,3,0,4.9892,1.0,wave,UNKNOWN,UNKNOWN,0.2833,0,69.897
4409,88.1474,,0,5.0,0.55,5,3,0,4.9891,1.0,wave,UNKNOWN,UNKNOWN,0.2833,0,70.2
4410,88.1611,,0,5.0,0.55,5,3,0,4.9878,1.0,wave,UNKNOWN,UNKNOWN,0.2833,0,71.544
4411,88.1737,,0,5.0,0.55,5,3,0,4.9877,1.0,wave,UNKNOWN,UNKNOWN,0.2833,0,72.065
4412,88.1866,,0,5.0,0.55,5,3,0,4.9876,1.0,wave,UNKNOWN,UNKNOWN,0.2833,0,69.128
4413,88.2096,,0,5.0,0.55,5,3,0,4.9968,1.0,wave,UNKNOWN,UNKNOWN,0.2833,0,69.826
4414,88.2237,,0,5.0,0.55,5,3,0,4.9989,1.0,wave,UNKNOWN,UNKNOWN,0.2833,0,69.746
4415,88.2372,,0,5.0,0.55,5,3,0,4.9985,1.0,wave,UNKNOWN,UNKNOWN,0.28,1,64.716
4416,88.2891,,0,5.0,0.55,5,3,0,4.9985,1.0,wave,UNKNOWN,UNKNOWN,0.28,0,65.207
4417,88.3032,,0,5.0,0.55,5,3,0,4.9989,1.0,wave,UNKNOWN,UNKNOWN,0.28,0,66.789
4418,88.3153,,0,5.0,0.55,5,3,0,4.9987,1.0,wave,UNKNOWN,UNKNOWN,0.28,0,67.543
4419,88.3288,,0,5.0,0.55,5,3,0,4.9496,1.0,wave,UNKNOWN,UNKNOWN,0.28,0,68.269
4420,88.3421,,0,5.0,0.55,5,3,0,4.963,1.0,wave,UNKNOWN,UNKNOWN,0.28,0,69.167
4421,88.3549,,0,5.0,0.55,5,3,0,4.9758,1.0,wave,UNKNOWN,UNKNOWN,0.28,0,66.934
4422,88.3764,,0,5.0,0.55,5,3,0,4.9973,1.0,wave,UNKNOWN,UNKNOWN,0.28,0,67.797
4423,88.39,,0,5.0,0.55,5,3,0,4.9982,1.0,wave,UNKNOWN,UNKNOWN,0.28,0,68.393
4424,88.4032,,0,5.0,0.55,5,3,0,4.992,1.0,wave,UNKNOWN,UNKNOWN,0.28,0,69.364
4425,88.416,,0,5.0,0.55,5,3,0,4.992,1.0,wave,UNKNOWN,UNKNOWN,0.28,0,70.475
4426,88.4284,,0,5.0,0.55,5,3,0,4.9912,1.0,wave,UNKNOWN,UNKNOWN,0.28,0,68.512
4427,88.4481,,0,5.0,0.55,5,3,0,4.9977,1.0,wave,UNKNOWN,UNKNOWN,0.28,0,68.633
4428,88.4625,,0,5.0,0.55,5,3,0,4.987,1.0,wave,UNKNOWN,UNKNOWN,0.28,0,68.026
4429,88.4786,,0,5.0,0.55,5,3,0,4.9895,1.0,wave,UNKNOWN,UNKNOWN,0.28,0,66.067
4430,88.499,,0,5.0,0.55,5,3,0,4.9978,1.0,wave,UNKNOWN,UNKNOWN,0.29,1,61.151
4431,88.5586,,0,5.0,0.55,5,3,0,4.9941,1.0,wave,UNKNOWN,UNKNOWN,0.29,0,60.112
4432,88.578,,0,5.0,0.55,5,3,0,4.9442,1.0,wave,UNKNOWN,UNKNOWN,0.29,0,58.799
4433,88.5993,,0,5.0,0.55,5,3,0,4.9655,1.0,wave,UNKNOWN,UNKNOWN,0.29,0,59.732
4434,88.6141,,0,5.0,0.55,5,3,0,4.9804,1.0,wave,UNKNOWN,UNKNOWN,0.29,0,60.167
4435,88.6295,,0,5.0,0.55,5,3,0,4.9957,1.0,wave,UNKNOWN,UNKNOWN,0.29,0,60.775
4436,88.6445,,0,5.0,0.55,5,3,0,4.9984,1.0,wave,UNKNOWN,UNKNOWN,0.29,0,62.48
4437,88.6577,,0,5.0,0.55,5,3,0,4.9979,1.0,wave,UNKNOWN,UNKNOWN,0.29,0,64.356
4438,88.6698,,0,5.0,0.55,5,3,0,4.9962,1.0,wave,UNKNOWN,UNKNOWN,0.29,0,65.065
4439,88.6837,,0,5.0,0.55,5,3,0,4.997,1.0,wave,UNKNOWN,UNKNOWN,0.29,0,66.128
4440,88.6969,,0,5.0,0.55,5,3,0,4.9974,1.0,wave,UNKNOWN,UNKNOWN,0.29,0,66.446
4441,88.7115,,0,5.0,0.55,5,3,0,4.9886,1.0,wave,UNKNOWN,UNKNOWN,0.29,0,67.718
4442,88.7242,,0,5.0,0.55,5,3,0,4.9895,1.0,wave,UNKNOWN,UNKNOWN,0.29,0,69.065
4443,88.7365,,0,5.0,0.55,5,3,0,4.9893,1.0,wave,UNKNOWN,UNKNOWN,0.29,0,68.775
4444,88.7514,,0,5.0,0.55,5,3,0,4.9832,1.0,wave,UNKNOWN,UNKNOWN,0.31,1,63.549
4445,88.8126,,0,5.0,0.55,5,3,0,4.9913,1.0,wave,UNKNOWN,UNKNOWN,0.31,0,64.352
4446,88.8259,,0,5.0,0.55,5,3,0,4.9923,1.0,wave,UNKNOWN,UNKNOWN,0.31,0,66.229
4447,88.8381,,0,5.0,0.55,5,3,0,4.9526,1.0,wave,UNKNOWN,UNKNOWN,0.31,0,67.341
4448,88.8509,,0,5.0,0.55,5,3,0,4.9654,1.0,wave,UNKNOWN,UNKNOWN,0.31,0,68.522
4449,88.8635,,0,5.0,0.55,5,3,0,4.9781,1.0,wave,UNKNOWN,UNKNOWN,0.31,0,68.491
4450,88.8782,,0,5.0,0.55,5,3,0,4.9927,1.0,wave,UNKNOWN,UNKNOWN,0.31,0,69.922
4451,88.8906,,0,5.0,0.55,5,3,0,4.9928,1.0,wave,UNKNOWN,UNKNOWN,0.31,0,70.83
4452,88.9027,,0,5.0,0.55,5,3,0,4.9918,1.0,wave,UNKNOWN,UNKNOWN,0.31,0,71.175
4453,88.9163,,0,5.0,0.55,5,3,0,4.9904,1.0,wave,UNKNOWN,UNKNOWN,0.31,0,71.277
4454,88.9302,,0,5.0,0.55,5,3,0,4.9903,1.0,wave,UNKNOWN,UNKNOWN,0.31,0,71.165
4455,88.9446,,0,5.0,0.55,5,3,0,4.9834,1.0,wave,UNKNOWN,UNKNOWN,0.31,0,70.38
4456,88.9603,,0,5.0,0.55,5,3,0,4.9992,1.0,wave,UNKNOWN,UNKNOWN,0.31,0,71.822
4457,88.9722,,0,5.0,0.55,5,3,0,4.99,1.0,wave,UNKNOWN,UNKNOWN,0.31,0,72.965
4458,88.9841,,0,5.0,0.55,5,3,0,4.9887,1.0,wave,UNKNOWN,UNKNOWN,0.31,0,73.124
4459,88.9975,,0,5.0,0.55,5,3,0,4.9884,1.0,wave,UNKNOWN,UNKNOWN,0.31,0,73.03
4460,89.0114,,0,5.0,0.55,5,3,0,4.9884,1.0,wave,UNKNOWN,UNKNOWN,0.2967,1,67.612
4461,89.0648,,0,5.0,0.55,5,3,0,4.9895,1.0,wave,UNKNOWN,UNKNOWN,0.2967,0,67.737
4462,89.0789,,0,5.0,0.55,5,3,0,4.9911,1.0,wave,UNKNOWN,UNKNOWN,0.2967,0,69.299
4463,89.091,,0,5.0,0.55,5,3,0,4.9429,1.0,wave,UNKNOWN,UNKNOWN,0.2967,0,70.227
4464,89.1036,,0,5.0,0.55,5,3,0,4.9555,1.0,wave,UNKNOWN,UNKNOWN,0.2967,0,71.04
4465,89.1165,,0,5.0,0.55,5,3,0,4.9683,1.0,wave,UNKNOWN,UNKNOWN,0.2967,0,71.054
4466,89.1305,,0,5.0,0.55,5,3,0,4.9824,1.0,wave,UNKNOWN,UNKNOWN,0.2967,0,70.867
4467,89.145,,0,5.0,0.55,5,3,0,4.9969,1.0,wave,UNKNOWN,UNKNOWN,0.2967,0,72.244
4468,89.1573,,0,5.0,0.55,5,3,0,4.9894,1.0,wave,UNKNOWN,UNKNOWN,0.2967,0,73.011
4469,89.1691,,0,5.0,0.55,5,3,0,4.983,1.0,wave,UNKNOWN,UNKNOWN,0.2967,0,73.506
4470,89.1821,,0,5.0,0.55,5,3,0,4.9961,1.0,wave,UNKNOWN,UNKNOWN,0.2967,0,73.298
4471,89.1961,,0,5.0,0.55,5,3,0,4.9974,1.0,wave,UNKNOWN,UNKNOWN,0.2967,0,72.726
4472,89.2109,,0,5.0,0.55,5,3,0,4.9962,1.0,wave,UNKNOWN,UNKNOWN,0.2967,0,73.757
4473,89.2235,,0,5.0,0.55,5,3,0,4.9931,1.0,wave,UNKNOWN,UNKNOWN,0.2967,0,74.37
4474,89.2353,,0,5.0,0.55,5,3,0,4.9817,1.0,wave,UNKNOWN,UNKNOWN,0.2967,0,74.741
4475,89.2482,,0,5.0,0.55,5,3,0,4.9946,1.0,wave,UNKNOWN,UNKNOWN,0.2967,0,74.114
4476,89.2629,,0,5.0,0.55,5,3,0,4.9954,1.0,wave,UNKNOWN,UNKNOWN,0.2967,1,68.637
4477,89.3149,,0,5.0,0.55,5,3,0,4.9874,1.0,wave,UNKNOWN,UNKNOWN,0.2967,0,67.379
4478,89.3324,,0,5.0,0.55,5,3,0,4.9828,1.0,wave,UNKNOWN,UNKNOWN,0.2967,0,66.916
4479,89.3483,,0,5.0,0.55,5,3,0,4.9987,1.0,wave,UNKNOWN,UNKNOWN,0.2967,0,65.236
4480,89.3683,,0,5.0,0.55,5,3,0,4.9669,1.0,wave,UNKNOWN,UNKNOWN,0.2967,0,66.291
4481,89.3815,,0,5.0,0.55,5,3,0,4.9801,1.0,wave,UNKNOWN,UNKNOWN,0.2967,0,66.454
4482,89.3962,,0,5.0,0.55,5,3,0,4.9948,1.0,wave,UNKNOWN,UNKNOWN,0.2967,0,67.629
4483,89.409,,0,5.0,0.55,5,3,0,4.9921,1.0,wave,UNKNOWN,UNKNOWN,0.2967,0,69.329
4484,89.4207,,0,5.0,0.55,5,3,0,4.9861,1.0,wave,UNKNOWN,UNKNOWN,0.2967,0,70.363
4485,89.4333,,0,5.0,0.55,5,3,0,4.9987,1.0,wave,UNKNOWN,UNKNOWN,0.2967,0,70.153
4486,89.448,,0,5.0,0.55,5,3,0,4.9999,1.0,wave,UNKNOWN,UNKNOWN,0.2967,0,70.801
4487,89.461,,0,5.0,0.55,5,3,0,4.9934,1.0,wave,UNKNOWN,UNKNOWN,0.2967,0,72.314
4488,89.4729,,0,5.0,0.55,5,3,0,4.9927,1.0,wave,UNKNOWN,UNKNOWN,0.2967,0,72.35
4489,89.4864,,0,5.0,0.55,5,3,0,4.9908,1.0,wave,UNKNOWN,UNKNOWN,0.2967,0,72.357
4490,89.5002,,0,5.0,0.55,5,3,0,4.9866,1.0,wave,UNKNOWN,UNKNOWN,0.2967,0,72.645
4491,89.5135,,0,5.0,0.55,5,3,0,4.9999,1.0,wave,UNKNOWN,UNKNOWN,0.3033,1,67.029
4492,89.5743,,0,5.0,0.55,5,3,0,4.9959,1.0,wave,UNKNOWN,UNKNOWN,0.3033,0,67.116
4493,89.589,,0,5.0,0.55,5,3,0,4.9958,1.0,wave,UNKNOWN,UNKNOWN,0.3033,0,66.093
4494,89.6068,,0,5.0,0.55,5,3,0,4.9914,1.0,wave,UNKNOWN,UNKNOWN,0.3033,0,66.313
4495,89.6212,,0,5.0,0.55,5,3,0,4.9337,1.0,wave,UNKNOWN,UNKNOWN,0.3033,0,67.836
4496,89.6336,,0,5.0,0.55,5,3,0,4.9461,1.0,wave,UNKNOWN,UNKNOWN,0.3033,0,68.099
4497,89.6477,,0,5.0,0.55,5,3,0,4.9601,1.0,wave,UNKNOWN,UNKNOWN,0.3033,0,68.829
4498,89.6609,,0,5.0,0.55,5,3,0,4.9733,1.0,wave,UNKNOWN,UNKNOWN,0.3033,0,69.674
4499,89.6743,,0,5.0,0.55,5,3,0,4.9868,1.0,wave,UNKNOWN,UNKNOWN,0.3033,0,68.311
4500,89.6917,,0,5.0,0.55,5,3,0,4.9832,1.0,wave,UNKNOWN,UNKNOWN,0.3033,0,68.762
4501,89.7054,,0,5.0,0.55,5,3,0,4.9969,1.0,wave,UNKNOWN,UNKNOWN,0.3033,0,70.076
4502,89.7177,,0,5.0,0.55,5,3,0,4.993,1.0,wave,UNKNOWN,UNKNOWN,0.3033,0,70.436
4503,89.7314,,0,5.0,0.55,5,3,0,4.9873,1.0,wave,UNKNOWN,UNKNOWN,0.3033,0,70.252
4504,89.7459,,0,5.0,0.55,5,3,0,4.9857,1.0,wave,UNKNOWN,UNKNOWN,0.3033,0,70.533
4505,89.7596,,0,5.0,0.55,5,3,0,4.9995,1.0,wave,UNKNOWN,UNKNOWN,0.3033,0,68.783
4506,89.7784,,0,5.0,0.55,5,3,0,4.9844,1.0,wave,UNKNOWN,UNKNOWN,0.3067,1,63.883
4507,89.8291,,0,5.0,0.55,5,3,0,4.986,1.0,wave,UNKNOWN,UNKNOWN,0.3067,0,65.155
4508,89.8419,,0,5.0,0.55,5,3,0,4.9987,1.0,wave,UNKNOWN,UNKNOWN,0.3067,0,66.502
4509,89.8548,,0,5.0,0.55,5,3,0,4.9903,1.0,wave,UNKNOWN,UNKNOWN,0.3067,0,66.996
4510,89.8687,,0,5.0,0.55,5,3,0,4.9902,1.0,wave,UNKNOWN,UNKNOWN,0.3067,0,67.96
4511,89.8816,,0,5.0,0.55,5,3,0,4.9501,1.0,wave,UNKNOWN,UNKNOWN,0.3067,0,67.708
4512,89.8969,,0,5.0,0.55,5,3,0,4.9654,1.0,wave,UNKNOWN,UNKNOWN,0.3067,0,68.025
4513,89.9111,,0,5.0,0.55,5,3,0,4.9795,1.0,wave,UNKNOWN,UNKNOWN,0.3067,0,69.593
4514,89.9229,,0,5.0,0.55,5,3,0,4.9914,1.0,wave,UNKNOWN,UNKNOWN,0.3067,0,71.039
4515,89.9349,,0,5.0,0.55,5,3,0,4.9859,1.0,wave,UNKNOWN,UNKNOWN,0.3067,0,71.139
4516,89.9487,,0,5.0,0.55,5,3,0,4.9998,1.0,wave,UNKNOWN,UNKNOWN,0.3067,0,71.37
4517,89.9623,,0,5.0,0.55,5,3,0,4.9938,1.0,wave,UNKNOWN,UNKNOWN,0.3067,0,72.429
4518,89.9749,,0,5.0,0.55,5,3,0,4.9861,1.0,wave,UNKNOWN,UNKNOWN,0.3067,0,69.951
4519,89.9956,,0,5.0,0.55,5,3,0,4.9914,1.0,wave,UNKNOWN,UNKNOWN,0.3067,0,68.573
4520,90.0134,,0,5.0,0.55,5,3,0,4.9874,1.0,wave,UNKNOWN,UNKNOWN,0.3067,0,66.203
4521,90.0358,,0,5.0,0.55,5,3,0,4.9917,1.0,wave,UNKNOWN,UNKNOWN,0.29,1,61.552
4522,90.0865,,0,5.0,0.55,5,3,0,4.9927,1.0,wave,UNKNOWN,UNKNOWN,0.29,0,63.255
4523,90.0993,,0,5.0,0.55,5,3,0,4.9874,1.0,wave,UNKNOWN,UNKNOWN,0.29,0,64.445
4524,90.1126,,0,5.0,0.55,5,3,0,4.9855,1.0,wave,UNKNOWN,UNKNOWN,0.29,0,65.717
4525,90.1255,,0,5.0,0.55,5,3,0,4.9984,1.0,wave,UNKNOWN,UNKNOWN,0.29,0,63.863
4526,90.1469,,0,5.0,0.55,5,3,0,4.9432,1.0,wave,UNKNOWN,UNKNOWN,0.29,0,62.198
4527,90.1679,,0,5.0,0.55,5,3,0,4.9642,1.0,wave,UNKNOWN,UNKNOWN,0.29,0,63.296
4528,90.1814,,0,5.0,0.55,5,3,0,4.9777,1.0,wave,UNKNOWN,UNKNOWN,0.29,0,64.278
4529,90.1954,,0,5.0,0.55,5,3,0,4.9917,1.0,wave,UNKNOWN,UNKNOWN,0.29,0,65.877
4530,90.2079,,0,5.0,0.55,5,3,0,4.9905,1.0,wave,UNKNOWN,UNKNOWN,0.29,0,66.713
4531,90.2211,,0,5.0,0.55,5,3,0,4.9843,1.0,wave,UNKNOWN,UNKNOWN,0.29,0,66.189
4532,90.2373,,0,5.0,0.55,5,3,0,4.988,1.0,wave,UNKNOWN,UNKNOWN,0.29,0,67.213
4533,90.2504,,0,5.0,0.55,5,3,0,4.9788,1.0,wave,UNKNOWN,UNKNOWN,0.29,0,67.413
4534,90.2653,,0,5.0,0.55,5,3,0,4.9937,1.0,wave,UNKNOWN,UNKNOWN,0.29,0,67.43
4535,90.2797,,0,5.0,0.55,5,3,0,4.9843,1.0,wave,UNKNOWN,UNKNOWN,0.29,0,68.093
4536,90.2933,,0,5.0,0.55,5,3,0,4.9979,1.0,wave,UNKNOWN,UNKNOWN,0.3033,1,62.881
4537,90.3564,,0,5.0,0.55,5,3,0,4.9986,1.0,wave,UNKNOWN,UNKNOWN,0.3033,0,64.18
4538,90.369,,0,5.0,0.55,5,3,0,4.9991,1.0,wave,UNKNOWN,UNKNOWN,0.3033,0,65.908
4539,90.3812,,0,5.0,0.55,5,3,0,4.9991,1.0,wave,UNKNOWN,UNKNOWN,0.3033,0,66.638
4540,90.3949,,0,5.0,0.55,5,3,0,4.9982,1.0,wave,UNKNOWN,UNKNOWN,0.3033,0,67.533
4541,90.4085,,0,5.0,0.55,5,3,0,4.9526,1.0,wave,UNKNOWN,UNKNOWN,0.3033,0,68.188
4542,90.4216,,0,5.0,0.55,5,3,0,4.9657,1.0,wave,UNKNOWN,UNKNOWN,0.3033,0,69.399
4543,90.4341,,0,5.0,0.55,5,3,0,4.9782,1.0,wave,UNKNOWN,UNKNOWN,0.3033,0,67.505
4544,90.4539,,0,5.0,0.55,5,3,0,4.9979,1.0,wave,UNKNOWN,UNKNOWN,0.3033,0,66.652
4545,90.4709,,0,5.0,0.55,5,3,0,4.9899,1.0,wave,UNKNOWN,UNKNOWN,0.3033,0,66.303
4546,90.4866,,0,5.0,0.55,5,3,0,4.9933,1.0,wave,UNKNOWN,UNKNOWN,0.3033,0,67.848
4547,90.4991,,0,5.0,0.55,5,3,0,4.993,1.0,wave,UNKNOWN,UNKNOWN,0.3033,0,68.729
4548,90.512,,0,5.0,0.55,5,3,0,4.9935,1.0,wave,UNKNOWN,UNKNOWN,0.3033,0,70.17
4549,90.5241,,0,5.0,0.55,5,3,0,4.9934,1.0,wave,UNKNOWN,UNKNOWN,0.3033,0,70.536
4550,90.5378,,0,5.0,0.55,5,3,0,4.987,1.0,wave,UNKNOWN,UNKNOWN,0.3033,0,70.627
4551,90.5515,,0,5.0,0.55,5,3,0,4.9872,1.0,wave,UNKNOWN,UNKNOWN,0.2667,1,65.535
4552,90.6027,,0,5.0,0.55,5,3,0,4.9957,1.0,wave,UNKNOWN,UNKNOWN,0.2667,0,66.601
4553,90.6155,,0,5.0,0.55,5,3,0,4.9966,1.0,wave,UNKNOWN,UNKNOWN,0.2667,0,67.791
4554,90.628,,0,5.0,0.55,5,3,0,4.9972,1.0,wave,UNKNOWN,UNKNOWN,0.2667,0,69.431
4555,90.6399,,0,5.0,0.55,5,3,0,4.9961,1.0,wave,UNKNOWN,UNKNOWN,0.2667,0,70.242
4556,90.6528,,0,5.0,0.55,5,3,0,4.9886,1.0,wave,UNKNOWN,UNKNOWN,0.2667,0,67.956
4557,90.6743,,0,5.0,0.55,5,3,0,4.9513,1.0,wave,UNKNOWN,UNKNOWN,0.2667,0,68.925
4558,90.6868,,0,5.0,0.55,5,3,0,4.9638,1.0,wave,UNKNOWN,UNKNOWN,0.2667,0,69.612
4559,90.7,,0,5.0,0.55,5,3,0,4.9771,1.0,wave,UNKNOWN,UNKNOWN,0.2667,0,71.207
4560,90.7119,,0,5.0,0.55,5,3,0,4.989,1.0,wave,UNKNOWN,UNKNOWN,0.2667,0,70.7
4561,90.7272,,0,5.0,0.55,5,3,0,4.9851,1.0,wave,UNKNOWN,UNKNOWN,0.2667,0,71.623
4562,90.7394,,0,5.0,0.55,5,3,0,4.9972,1.0,wave,UNKNOWN,UNKNOWN,0.2667,0,71.48
4563,90.7537,,0,5.0,0.55,5,3,0,4.992,1.0,wave,UNKNOWN,UNKNOWN,0.2667,0,71.422
4564,90.7678,,0,5.0,0.55,5,3,0,4.9878,1.0,wave,UNKNOWN,UNKNOWN,0.2667,0,71.677
4565,90.7812,,0,5.0,0.55,5,3,0,4.9886,1.0,wave,UNKNOWN,UNKNOWN,0.2667,0,72.228
4566,90.7943,,0,5.0,0.55,5,3,0,4.9877,1.0,wave,UNKNOWN,UNKNOWN,0.2667,0,71.899
4567,90.8092,,0,5.0,0.55,5,3,0,4.9903,1.0,wave,UNKNOWN,UNKNOWN,0.2733,1,65.457
4568,90.9427,,0,5.0,0.55,5,3,0,4.9735,1.0,wave,UNKNOWN,UNKNOWN,0.2733,0,66.141
4569,90.9563,,0,5.0,0.55,5,3,0,4.9872,1.0,wave,UNKNOWN,UNKNOWN,0.2733,0,64.699
4570,90.9759,,0,5.0,0.55,5,3,0,4.9944,1.0,wave,UNKNOWN,UNKNOWN,0.2733,0,63.301
4571,90.9955,,0,5.0,0.55,5,3,0,4.9889,1.0,wave,UNKNOWN,UNKNOWN,0.2733,0,62.208
4572,91.0146,,0,5.0,0.55,5,3,0,4.9961,1.0,wave,UNKNOWN,UNKNOWN,0.2733,0,61.611
4573,91.0324,,0,5.0,0.55,5,3,0,4.9895,1.0,wave,UNKNOWN,UNKNOWN,0.2733,0,63.221
4574,91.0451,,0,5.0,0.55,5,3,0,4.9895,1.0,wave,UNKNOWN,UNKNOWN,0.2733,0,63.17
4575,91.0611,,0,5.0,0.55,5,3,0,4.9939,1.0,wave,UNKNOWN,UNKNOWN,0.2667,1,58.654
4576,91.1171,,0,5.0,0.55,5,3,0,4.9883,1.0,wave,UNKNOWN,UNKNOWN,0.2667,0,59.207
4577,91.1322,,0,5.0,0.55,5,3,0,4.9906,1.0,wave,UNKNOWN,UNKNOWN,0.2667,0,59.182
4578,91.1493,,0,5.0,0.55,5,3,0,4.9961,1.0,wave,UNKNOWN,UNKNOWN,0.2667,0,60.757
4579,91.1624,,0,5.0,0.55,5,3,0,4.9965,1.0,wave,UNKNOWN,UNKNOWN,0.2667,0,61.902
4580,91.1766,,0,5.0,0.55,5,3,0,4.9982,1.0,wave,UNKNOWN,UNKNOWN,0.2667,0,63.913
4581,91.1885,,0,5.0,0.55,5,3,0,4.9557,1.0,wave,UNKNOWN,UNKNOWN,0.2667,0,65.17
4582,91.2016,,0,5.0,0.55,5,3,0,4.9688,1.0,wave,UNKNOWN,UNKNOWN,0.2667,0,66.057
4583,91.2157,,0,5.0,0.55,5,3,0,4.983,1.0,wave,UNKNOWN,UNKNOWN,0.2667,0,66.238
4584,91.2301,,0,5.0,0.55,5,3,0,4.9973,1.0,wave,UNKNOWN,UNKNOWN,0.2667,0,66.681
4585,91.2444,,0,5.0,0.55,5,3,0,4.9986,1.0,wave,UNKNOWN,UNKNOWN,0.2667,0,64.622
4586,91.2658,,0,5.0,0.55,5,3,0,4.9937,1.0,wave,UNKNOWN,UNKNOWN,0.2667,0,65.202
4587,91.28,,0,5.0,0.55,5,3,0,4.9949,1.0,wave,UNKNOWN,UNKNOWN,0.2667,0,66.633
4588,91.2928,,0,5.0,0.55,5,3,0,4.9954,1.0,wave,UNKNOWN,UNKNOWN,0.2667,0,66.337
4589,91.3085,,0,5.0,0.55,5,3,0,4.9972,1.0,wave,UNKNOWN,UNKNOWN,0.2667,0,67.562
4590,91.321,,0,5.0,0.55,5,3,0,4.9969,1.0,wave,UNKNOWN,UNKNOWN,0.27,1,62.8
4591,91.3712,,0,5.0,0.55,5,3,0,4.994,1.0,wave,UNKNOWN,UNKNOWN,0.27,0,60.787
4592,91.3946,,0,5.0,0.55,5,3,0,4.9916,1.0,wave,UNKNOWN,UNKNOWN,0.27,0,62.673
4593,91.407,,0,5.0,0.55,5,3,0,4.9922,1.0,wave,UNKNOWN,UNKNOWN,0.27,0,61.257
4594,91.4277,,0,5.0,0.55,5,3,0,4.9894,1.0,wave,UNKNOWN,UNKNOWN,0.27,0,63.3
4595,91.44,,0,5.0,0.55,5,3,0,4.9424,1.0,wave,UNKNOWN,UNKNOWN,0.27,0,62.883
4596,91.4569,,0,5.0,0.55,5,3,0,4.9593,1.0,wave,UNKNOWN,UNKNOWN,0.27,0,62.877
4597,91.473,,0,5.0,0.55,5,3,0,4.9755,1.0,wave,UNKNOWN,UNKNOWN,0.27,0,63.018
4598,91.4888,,0,5.0,0.55,5,3,0,4.9912,1.0,wave,UNKNOWN,UNKNOWN,0.27,0,61.433
4599,91.5097,,0,5.0,0.55,5,3,0,4.9963,1.0,wave,UNKNOWN,UNKNOWN,0.27,0,63.566
4600,91.5214,,0,5.0,0.55,5,3,0,4.9961,1.0,wave,UNKNOWN,UNKNOWN,0.27,0,64.799
4601,91.5347,,0,5.0,0.55,5,3,0,4.998,1.0,wave,UNKNOWN,UNKNOWN,0.27,0,65.716
4602,91.5482,,0,5.0,0.55,5,3,0,4.9998,1.0,wave,UNKNOWN,UNKNOWN,0.27,0,67.063
4603,91.5611,,0,5.0,0.55,5,3,0,4.9997,1.0,wave,UNKNOWN,UNKNOWN,0.27,0,68.496
4604,91.573,,0,5.0,0.55,5,3,0,4.9982,1.0,wave,UNKNOWN,UNKNOWN,0.2667,1,63.596
4605,91.625,,0,5.0,0.55,5,3,0,4.9996,1.0,wave,UNKNOWN,UNKNOWN,0.2667,0,65.011
4606,91.6373,,0,5.0,0.55,5,3,0,4.9994,1.0,wave,UNKNOWN,UNKNOWN,0.2667,0,64.155
4607,91.6551,,0,5.0,0.55,5,3,0,4.9925,1.0,wave,UNKNOWN,UNKNOWN,0.2667,0,65.824
4608,91.6675,,0,5.0,0.55,5,3,0,4.9915,1.0,wave,UNKNOWN,UNKNOWN,0.2667,0,67.274
4609,91.68,,0,5.0,0.55,5,3,0,4.9862,1.0,wave,UNKNOWN,UNKNOWN,0.2667,0,67.095
4610,91.6951,,0,5.0,0.55,5,3,0,4.9406,1.0,wave,UNKNOWN,UNKNOWN,0.2667,0,67.714
4611,91.7092,,0,5.0,0.55,5,3,0,4.9547,1.0,wave,UNKNOWN,UNKNOWN,0.2667,0,68.306
4612,91.7222,,0,5.0,0.55,5,3,0,4.9677,1.0,wave,UNKNOWN,UNKNOWN,0.2667,0,69.595
4613,91.7348,,0,5.0,0.55,5,3,0,4.9803,1.0,wave,UNKNOWN,UNKNOWN,0.2667,0,69.914
4614,91.7484,,0,5.0,0.55,5,3,0,4.9939,1.0,wave,UNKNOWN,UNKNOWN,0.2667,0,70.368
4615,91.7618,,0,5.0,0.55,5,3,0,4.9931,1.0,wave,UNKNOWN,UNKNOWN,0.2667,0,71.295
4616,91.7744,,0,5.0,0.55,5,3,0,4.9936,1.0,wave,UNKNOWN,UNKNOWN,0.2667,0,71.413
4617,91.7881,,0,5.0,0.55,5,3,0,4.9949,1.0,wave,UNKNOWN,UNKNOWN,0.2667,0,71.03
4618,91.803,,0,5.0,0.55,5,3,0,4.998,1.0,wave,UNKNOWN,UNKNOWN,0.2667,0,72.135
4619,91.8156,,0,5.0,0.55,5,3,0,4.9989,1.0,wave,UNKNOWN,UNKNOWN,0.2667,0,72.087
4620,91.8291,,0,5.0,0.55,5,3,0,4.9869,1.0,wave,UNKNOWN,UNKNOWN,0.2833,1,66.756
4621,91.8827,,0,5.0,0.55,5,3,0,4.9898,1.0,wave,UNKNOWN,UNKNOWN,0.2833,0,66.481
4622,91.898,,0,5.0,0.55,5,3,0,4.992,1.0,wave,UNKNOWN,UNKNOWN,0.2833,0,67.983
4623,91.9104,,0,5.0,0.55,5,3,0,4.9922,1.0,wave,UNKNOWN,UNKNOWN,0.2833,0,69.056
4624,91.923,,0,5.0,0.55,5,3,0,4.9925,1.0,wave,UNKNOWN,UNKNOWN,0.2833,0,69.077
4625,91.9373,,0,5.0,0.55,5,3,0,4.9947,1.0,wave,UNKNOWN,UNKNOWN,0.2833,0,69.376
4626,91.9515,,0,5.0,0.55,5,3,0,4.9959,1.0,wave,UNKNOWN,UNKNOWN,0.2833,0,67.091
4627,91.9729,,0,5.0,0.55,5,3,0,4.9653,1.0,wave,UNKNOWN,UNKNOWN,0.2833,0,67.147
4628,91.9877,,0,5.0,0.55,5,3,0,4.98,1.0,wave,UNKNOWN,UNKNOWN,0.2833,0,67.739
4629,92.0013,,0,5.0,0.55,5,3,0,4.9937,1.0,wave,UNKNOWN,UNKNOWN,0.2833,0,67.542
4630,92.0166,,0,5.0,0.55,5,3,0,4.9968,1.0,wave,UNKNOWN,UNKNOWN,0.2833,0,67.766
4631,92.0308,,0,5.0,0.55,5,3,0,4.999,1.0,wave,UNKNOWN,UNKNOWN,0.2833,0,66.879
4632,92.0478,,0,5.0,0.55,5,3,0,4.9911,1.0,wave,UNKNOWN,UNKNOWN,0.2833,0,67.945
4633,92.0608,,0,5.0,0.55,5,3,0,4.9917,1.0,wave,UNKNOWN,UNKNOWN,0.2833,0,69.489
4634,92.0729,,0,5.0,0.55,5,3,0,4.9922,1.0,wave,UNKNOWN,UNKNOWN,0.2833,0,66.505
4635,92.0979,,0,5.0,0.55,5,3,0,4.9905,1.0,wave,UNKNOWN,UNKNOWN,0.2667,1,61.879
4636,92.1478,,0,5.0,0.55,5,3,0,4.9896,1.0,wave,UNKNOWN,UNKNOWN,0.2667,0,63.204
4637,92.1607,,0,5.0,0.55,5,3,0,4.9909,1.0,wave,UNKNOWN,UNKNOWN,0.2667,0,65.114
4638,92.1727,,0,5.0,0.55,5,3,0,4.991,1.0,wave,UNKNOWN,UNKNOWN,0.2667,0,65.999
4639,92.1862,,0,5.0,0.55,5,3,0,4.9927,1.0,wave,UNKNOWN,UNKNOWN,0.2667,0,66.979
4640,92.1994,,0,5.0,0.55,5,3,0,4.9935,1.0,wave,UNKNOWN,UNKNOWN,0.2667,0,66.55
4641,92.2155,,0,5.0,0.55,5,3,0,4.9555,1.0,wave,UNKNOWN,UNKNOWN,0.2667,0,66.989
4642,92.2295,,0,5.0,0.55,5,3,0,4.9695,1.0,wave,UNKNOWN,UNKNOWN,0.2667,0,68.101
4643,92.2427,,0,5.0,0.55,5,3,0,4.9828,1.0,wave,UNKNOWN,UNKNOWN,0.2667,0,68.205
4644,92.2569,,0,5.0,0.55,5,3,0,4.997,1.0,wave,UNKNOWN,UNKNOWN,0.2667,0,69.155
4645,92.2695,,0,5.0,0.55,5,3,0,4.9963,1.0,wave,UNKNOWN,UNKNOWN,0.2667,0,69.702
4646,92.283,,0,5.0,0.55,5,3,0,4.9968,1.0,wave,UNKNOWN,UNKNOWN,0.2667,0,70.026
4647,92.2969,,0,5.0,0.55,5,3,0,4.997,1.0,wave,UNKNOWN,UNKNOWN,0.2667,0,71.151
4648,92.3095,,0,5.0,0.55,5,3,0,4.9953,1.0,wave,UNKNOWN,UNKNOWN,0.2667,0,71.754
4649,92.3219,,0,5.0,0.55,5,3,0,4.9921,1.0,wave,UNKNOWN,UNKNOWN,0.2667,0,71.96
4650,92.3356,,0,5.0,0.55,5,3,0,4.9912,1.0,wave,UNKNOWN,UNKNOWN,0.2667,0,72.013
4651,92.3494,,0,5.0,0.55,5,3,0,4.9842,1.0,wave,UNKNOWN,UNKNOWN,0.28,1,66.439
4652,92.4111,,0,5.0,0.55,5,3,0,4.9837,1.0,wave,UNKNOWN,UNKNOWN,0.28,0,65.842
4653,92.4274,,0,5.0,0.55,5,3,0,4.9872,1.0,wave,UNKNOWN,UNKNOWN,0.28,0,67.366
4654,92.4397,,0,5.0,0.55,5,3,0,4.9994,1.0,wave,UNKNOWN,UNKNOWN,0.28,0,68.76
4655,92.4519,,0,5.0,0.55,5,3,0,4.9988,1.0,wave,UNKNOWN,UNKNOWN,0.28,0,69.733
4656,92.4647,,0,5.0,0.55,5,3,0,4.9979,1.0,wave,UNKNOWN,UNKNOWN,0.28,0,69.927
4657,92.4787,,0,5.0,0.55,5,3,0,4.9583,1.0,wave,UNKNOWN,UNKNOWN,0.28,0,70.616
4658,92.4917,,0,5.0,0.55,5,3,0,4.9713,1.0,wave,UNKNOWN,UNKNOWN,0.28,0,69.787
4659,92.5078,,0,5.0,0.55,5,3,0,4.9874,1.0,wave,UNKNOWN,UNKNOWN,0.28,0,71.019
4660,92.52,,0,5.0,0.55,5,3,0,4.9996,1.0,wave,UNKNOWN,UNKNOWN,0.28,0,71.435
4661,92.5333,,0,5.0,0.55,5,3,0,4.9808,1.0,wave,UNKNOWN,UNKNOWN,0.28,0,70.771
4662,92.5489,,0,5.0,0.55,5,3,0,4.9964,1.0,wave,UNKNOWN,UNKNOWN,0.28,0,68.105
4663,92.5713,,0,5.0,0.55,5,3,0,4.9839,1.0,wave,UNKNOWN,UNKNOWN,0.28,0,68.209
4664,92.586,,0,5.0,0.55,5,3,0,4.9986,1.0,wave,UNKNOWN,UNKNOWN,0.28,0,68.738
4665,92.5993,,0,5.0,0.55,5,3,0,4.999,1.0,wave,UNKNOWN,UNKNOWN,0.28,0,69.289
4666,92.6128,,0,5.0,0.55,5,3,0,4.9932,1.0,leg_raise_lower,UNKNOWN,UNKNOWN,0.2633,1,64.298
4667,92.6648,,0,5.0,0.55,5,3,0,4.9894,1.0,leg_raise_lower,UNKNOWN,UNKNOWN,0.2633,0,63.448
4668,92.6823,,0,5.0,0.55,5,3,0,4.9948,1.0,leg_raise_lower,UNKNOWN,UNKNOWN,0.2633,0,63.561
4669,92.6978,,0,5.0,0.55,5,3,0,4.9981,1.0,leg_raise_lower,UNKNOWN,UNKNOWN,0.2633,0,63.868
4670,92.7128,,0,5.0,0.55,5,3,0,4.9958,1.0,leg_raise_lower,UNKNOWN,UNKNOWN,0.2633,0,65.075
4671,92.7262,,0,5.0,0.55,5,3,0,4.9576,1.0,leg_raise_lower,UNKNOWN,UNKNOWN,0.2633,0,66.596
4672,92.7383,,0,5.0,0.55,5,3,0,4.9697,1.0,leg_raise_lower,UNKNOWN,UNKNOWN,0.2633,0,67.329
4673,92.752,,0,5.0,0.55,5,3,0,4.9834,1.0,leg_raise_lower,UNKNOWN,UNKNOWN,0.2633,0,67.346
4674,92.7668,,0,5.0,0.55,5,3,0,4.9982,1.0,leg_raise_lower,UNKNOWN,UNKNOWN,0.2633,0,67.894
4675,92.7805,,0,5.0,0.55,5,3,0,4.9927,1.0,leg_raise_lower,UNKNOWN,UNKNOWN,0.2633,0,69.81
4676,92.792,,0,5.0,0.55,5,3,0,4.9852,1.0,leg_raise_lower,UNKNOWN,UNKNOWN,0.2633,0,69.471
4677,92.8074,,0,5.0,0.55,5,3,0,4.9817,1.0,leg_raise_lower,UNKNOWN,UNKNOWN,0.2633,0,66.921
4678,92.8298,,0,5.0,0.55,5,3,0,4.9833,1.0,leg_raise_lower,UNKNOWN,UNKNOWN,0.2633,0,68.628
4679,92.8417,,0,5.0,0.55,5,3,0,4.9952,1.0,leg_raise_lower,UNKNOWN,UNKNOWN,0.2633,0,70.046
4680,92.8541,,0,5.0,0.55,5,3,0,4.9924,1.0,leg_raise_lower,UNKNOWN,UNKNOWN,0.2633,0,70.476
4681,92.8674,,0,5.0,0.55,5,3,0,4.9917,1.0,leg_raise_lower,UNKNOWN,UNKNOWN,0.29,1,65.341
4682,92.9199,,0,5.0,0.55,5,3,0,4.9868,1.0,leg_raise_lower,UNKNOWN,UNKNOWN,0.29,0,65.732
4683,92.9339,,0,5.0,0.55,5,3,0,4.987,1.0,leg_raise_lower,UNKNOWN,UNKNOWN,0.29,0,67.065
4684,92.9468,,0,5.0,0.55,5,3,0,4.9999,1.0,leg_raise_lower,UNKNOWN,UNKNOWN,0.29,0,66.689
4685,92.9625,,0,5.0,0.55,5,3,0,4.9887,1.0,leg_raise_lower,UNKNOWN,UNKNOWN,0.29,0,67.903
4686,92.975,,0,5.0,0.55,5,3,0,4.9489,1.0,leg_raise_lower,UNKNOWN,UNKNOWN,0.29,0,67.26
4687,92.9914,,0,5.0,0.55,5,3,0,4.9653,1.0,leg_raise_lower,UNKNOWN,UNKNOWN,0.29,0,68.273
4688,93.0043,,0,5.0,0.55,5,3,0,4.9781,1.0,leg_raise_lower,UNKNOWN,UNKNOWN,0.29,0,68.723
4689,93.0181,,0,5.0,0.55,5,3,0,4.9919,1.0,leg_raise_lower,UNKNOWN,UNKNOWN,0.29,0,69.38
4690,93.0313,,0,5.0,0.55,5,3,0,4.9916,1.0,leg_raise_lower,UNKNOWN,UNKNOWN,0.29,0,68.221
4691,93.0486,,0,5.0,0.55,5,3,0,4.9956,1.0,leg_raise_lower,UNKNOWN,UNKNOWN,0.29,0,68.177
4692,93.0635,,0,5.0,0.55,5,3,0,4.9975,1.0,leg_raise_lower,UNKNOWN,UNKNOWN,0.29,0,66.62
4693,93.0825,,0,5.0,0.55,5,3,0,4.9872,1.0,leg_raise_lower,UNKNOWN,UNKNOWN,0.29,0,65.661
4694,93.0999,,0,5.0,0.55,5,3,0,4.9902,1.0,leg_raise_lower,UNKNOWN,UNKNOWN,0.29,0,64.587
4695,93.1181,,0,5.0,0.55,5,3,0,4.9963,1.0,leg_raise_lower,UNKNOWN,UNKNOWN,0.2833,1,59.805
4696,93.1783,,0,5.0,0.55,5,3,0,4.9917,1.0,leg_raise_lower,UNKNOWN,UNKNOWN,0.2833,0,60.474
4697,93.1928,,0,5.0,0.55,5,3,0,4.9833,1.0,leg_raise_lower,UNKNOWN,UNKNOWN,0.2833,0,62.217
4698,93.2057,,0,5.0,0.55,5,3,0,4.9962,1.0,leg_raise_lower,UNKNOWN,UNKNOWN,0.2833,0,63.711
4699,93.2186,,0,5.0,0.55,5,3,0,4.995,1.0,leg_raise_lower,UNKNOWN,UNKNOWN,0.2833,0,63.028
4700,93.2362,,0,5.0,0.55,5,3,0,4.999,1.0,leg_raise_lower,UNKNOWN,UNKNOWN,0.2833,0,62.649
4701,93.2532,,0,5.0,0.55,5,3,0,4.9641,1.0,leg_raise_lower,UNKNOWN,UNKNOWN,0.2833,0,64.025
4702,93.2661,,0,5.0,0.55,5,3,0,4.977,1.0,leg_raise_lower,UNKNOWN,UNKNOWN,0.2833,0,64.787
4703,93.2801,,0,5.0,0.55,5,3,0,4.991,1.0,leg_raise_lower,UNKNOWN,UNKNOWN,0.2833,0,65.67
4704,93.2941,,0,5.0,0.55,5,3,0,4.9909,1.0,leg_raise_lower,UNKNOWN,UNKNOWN,0.2833,0,65.918
4705,93.3085,,0,5.0,0.55,5,3,0,4.9932,1.0,leg_raise_lower,UNKNOWN,UNKNOWN,0.2833,0,67.19
4706,93.3211,,0,5.0,0.55,5,3,0,4.9923,1.0,leg_raise_lower,UNKNOWN,UNKNOWN,0.2833,0,68.034
4707,93.3342,,0,5.0,0.55,5,3,0,4.9921,1.0,leg_raise_lower,UNKNOWN,UNKNOWN,0.2833,0,67.647
4708,93.35,,0,5.0,0.55,5,3,0,4.9951,1.0,leg_raise_lower,UNKNOWN,UNKNOWN,0.2833,0,67.87
4709,93.3642,,0,5.0,0.55,5,3,0,4.9877,1.0,leg_raise_lower,UNKNOWN,UNKNOWN,0.2833,0,67.135
4710,93.3808,,0,5.0,0.55,5,3,0,4.9908,1.0,leg_raise_lower,UNKNOWN,UNKNOWN,0.2733,1,62.407
4711,93.4316,,0,5.0,0.55,5,3,0,4.9835,1.0,leg_raise_lower,UNKNOWN,UNKNOWN,0.2733,0,63.612
4712,93.4448,,0,5.0,0.55,5,3,0,4.9967,1.0,leg_raise_lower,UNKNOWN,UNKNOWN,0.2733,0,65.299
4713,93.4571,,0,5.0,0.55,5,3,0,4.9945,1.0,leg_raise_lower,UNKNOWN,UNKNOWN,0.2733,0,63.477
4714,93.4785,,0,5.0,0.55,5,3,0,4.9999,1.0,leg_raise_lower,UNKNOWN,UNKNOWN,0.2733,0,65.206
4715,93.491,,0,5.0,0.55,5,3,0,4.9919,1.0,leg_raise_lower,UNKNOWN,UNKNOWN,0.2733,0,63.015
4716,93.5137,,0,5.0,0.55,5,3,0,4.9551,1.0,leg_raise_lower,UNKNOWN,UNKNOWN,0.2733,0,64.873
4717,93.5261,,0,5.0,0.55,5,3,0,4.9674,1.0,leg_raise_lower,UNKNOWN,UNKNOWN,0.2733,0,62.704
4718,93.5491,,0,5.0,0.55,5,3,0,4.9905,1.0,leg_raise_lower,UNKNOWN,UNKNOWN,0.2733,0,62.22
4719,93.5664,,0,5.0,0.55,5,3,0,4.9884,1.0,leg_raise_lower,UNKNOWN,UNKNOWN,0.2733,0,62.706
4720,93.5812,,0,5.0,0.55,5,3,0,4.982,1.0,leg_raise_lower,UNKNOWN,UNKNOWN,0.2733,0,64.872
4721,93.5934,,0,5.0,0.55,5,3,0,4.9941,1.0,leg_raise_lower,UNKNOWN,UNKNOWN,0.2733,0,66.411
4722,93.6056,,0,5.0,0.55,5,3,0,4.9914,1.0,leg_raise_lower,UNKNOWN,UNKNOWN,0.2733,0,67.34
4723,93.6188,,0,5.0,0.55,5,3,0,4.9893,1.0,leg_raise_lower,UNKNOWN,UNKNOWN,0.2733,0,67.948
4724,93.6326,,0,5.0,0.55,5,3,0,4.9881,1.0,wave,UNKNOWN,UNKNOWN,0.2633,1,62.805
4725,93.6935,,0,5.0,0.55,5,3,0,4.9966,1.0,wave,UNKNOWN,UNKNOWN,0.2633,0,61.606
4726,93.7126,,0,5.0,0.55,5,3,0,4.9884,1.0,wave,UNKNOWN,UNKNOWN,0.2633,0,60.88
4727,93.731,,0,5.0,0.55,5,3,0,4.9945,1.0,wave,UNKNOWN,UNKNOWN,0.2633,0,61.054
4728,93.747,,0,5.0,0.55,5,3,0,4.9956,1.0,wave,UNKNOWN,UNKNOWN,0.2633,0,62.625
4729,93.7604,,0,5.0,0.55,5,3,0,4.9479,1.0,wave,UNKNOWN,UNKNOWN,0.2633,0,62.663
4730,93.7759,,0,5.0,0.55,5,3,0,4.9633,1.0,wave,UNKNOWN,UNKNOWN,0.2633,0,63.62
4731,93.7898,,0,5.0,0.55,5,3,0,4.9773,1.0,wave,UNKNOWN,UNKNOWN,0.2633,0,65.035
4732,93.8027,,0,5.0,0.55,5,3,0,4.9901,1.0,wave,UNKNOWN,UNKNOWN,0.2633,0,66.208
4733,93.8157,,0,5.0,0.55,5,3,0,4.9898,1.0,wave,UNKNOWN,UNKNOWN,0.2633,0,65.402
4734,93.8331,,0,5.0,0.55,5,3,0,4.995,1.0,wave,UNKNOWN,UNKNOWN,0.2633,0,65.649
4735,93.8477,,0,5.0,0.55,5,3,0,4.9968,1.0,wave,UNKNOWN,UNKNOWN,0.2633,0,66.089
4736,93.8618,,0,5.0,0.55,5,3,0,4.9983,1.0,wave,UNKNOWN,UNKNOWN,0.2633,0,67.124
4737,93.8749,,0,5.0,0.55,5,3,0,4.9967,1.0,wave,UNKNOWN,UNKNOWN,0.2633,0,68.437
4738,93.8873,,0,5.0,0.55,5,3,0,4.9967,1.0,wave,UNKNOWN,UNKNOWN,0.2633,1,63.587
4739,93.9377,,0,5.0,0.55,5,3,0,4.9932,1.0,wave,UNKNOWN,UNKNOWN,0.2633,0,64.182
4740,93.952,,0,5.0,0.55,5,3,0,4.9916,1.0,wave,UNKNOWN,UNKNOWN,0.2633,0,63.236
4741,93.9702,,0,5.0,0.55,5,3,0,4.998,1.0,wave,UNKNOWN,UNKNOWN,0.2633,0,62.976
4742,93.9867,,0,5.0,0.55,5,3,0,4.9892,1.0,wave,UNKNOWN,UNKNOWN,0.2633,0,62.685
4743,94.0034,,0,5.0,0.55,5,3,0,4.9921,1.0,wave,UNKNOWN,UNKNOWN,0.2633,0,61.861
4744,94.0217,,0,5.0,0.55,5,3,0,4.957,1.0,wave,UNKNOWN,UNKNOWN,0.2633,0,62.824
4745,94.0357,,0,5.0,0.55,5,3,0,4.9709,1.0,wave,UNKNOWN,UNKNOWN,0.2633,0,63.602
4746,94.0499,,0,5.0,0.55,5,3,0,4.9851,1.0,wave,UNKNOWN,UNKNOWN,0.2633,0,64.707
4747,94.0633,,0,5.0,0.55,5,3,0,4.9985,1.0,wave,UNKNOWN,UNKNOWN,0.2633,0,63.276
4748,94.0831,,0,5.0,0.55,5,3,0,4.9921,1.0,wave,UNKNOWN,UNKNOWN,0.2633,0,62.889
4749,94.1,,0,5.0,0.55,5,3,0,4.9963,1.0,wave,UNKNOWN,UNKNOWN,0.2633,0,64.535
4750,94.1126,,0,5.0,0.55,5,3,0,4.9961,1.0,wave,UNKNOWN,UNKNOWN,0.2633,0,65.571
4751,94.1259,,0,5.0,0.55,5,3,0,4.9954,1.0,wave,UNKNOWN,UNKNOWN,0.2633,0,67.305
4752,94.1379,,0,5.0,0.55,5,3,0,4.9929,1.0,wave,UNKNOWN,UNKNOWN,0.2667,1,62.448
4753,94.1919,,0,5.0,0.55,5,3,0,4.9958,1.0,wave,UNKNOWN,UNKNOWN,0.2667,0,63.183
4754,94.2055,,0,5.0,0.55,5,3,0,4.9946,1.0,wave,UNKNOWN,UNKNOWN,0.2667,0,62.034
4755,94.2251,,0,5.0,0.55,5,3,0,4.9898,1.0,wave,UNKNOWN,UNKNOWN,0.2667,0,63.607
4756,94.2379,,0,5.0,0.55,5,3,0,4.9897,1.0,wave,UNKNOWN,UNKNOWN,0.2667,0,65.012
4757,94.251,,0,5.0,0.55,5,3,0,4.9881,1.0,wave,UNKNOWN,UNKNOWN,0.2667,0,64.928
4758,94.2663,,0,5.0,0.55,5,3,0,4.9515,1.0,wave,UNKNOWN,UNKNOWN,0.2667,0,66.297
4759,94.279,,0,5.0,0.55,5,3,0,4.9641,1.0,wave,UNKNOWN,UNKNOWN,0.2667,0,67.648
4760,94.2918,,0,5.0,0.55,5,3,0,4.9769,1.0,wave,UNKNOWN,UNKNOWN,0.2667,0,65.162
4761,94.315,,0,5.0,0.55,5,3,0,4.9826,1.0,wave,UNKNOWN,UNKNOWN,0.2667,0,66.546
4762,94.3277,,0,5.0,0.55,5,3,0,4.9953,1.0,wave,UNKNOWN,UNKNOWN,0.2667,0,66.499
4763,94.3433,,0,5.0,0.55,5,3,0,4.995,1.0,wave,UNKNOWN,UNKNOWN,0.2667,0,67.415
4764,94.3559,,0,5.0,0.55,5,3,0,4.9876,1.0,wave,UNKNOWN,UNKNOWN,0.2667,0,67.931
4765,94.3699,,0,5.0,0.55,5,3,0,4.9884,1.0,wave,UNKNOWN,UNKNOWN,0.2667,0,66.557
4766,94.3882,,0,5.0,0.55,5,3,0,4.9921,1.0,wave,UNKNOWN,UNKNOWN,0.27,1,61.53
4767,94.4501,,0,5.0,0.55,5,3,0,4.9891,1.0,wave,UNKNOWN,UNKNOWN,0.27,0,63.009
4768,94.4627,,0,5.0,0.55,5,3,0,4.9898,1.0,wave,UNKNOWN,UNKNOWN,0.27,0,64.942
4769,94.4749,,0,5.0,0.55,5,3,0,4.9885,1.0,wave,UNKNOWN,UNKNOWN,0.27,0,65.783
4770,94.4883,,0,5.0,0.55,5,3,0,4.9881,1.0,wave,UNKNOWN,UNKNOWN,0.27,0,65.144
4771,94.5053,,0,5.0,0.55,5,3,0,4.9918,1.0,wave,UNKNOWN,UNKNOWN,0.27,0,65.741
4772,94.5194,,0,5.0,0.55,5,3,0,4.945,1.0,wave,UNKNOWN,UNKNOWN,0.27,0,66.036
4773,94.5339,,0,5.0,0.55,5,3,0,4.9595,1.0,wave,UNKNOWN,UNKNOWN,0.27,0,66.303
4774,94.5485,,0,5.0,0.55,5,3,0,4.9742,1.0,wave,UNKNOWN,UNKNOWN,0.27,0,67.998
4775,94.5607,,0,5.0,0.55,5,3,0,4.9863,1.0,wave,UNKNOWN,UNKNOWN,0.27,0,69.356
4776,94.5726,,0,5.0,0.55,5,3,0,4.9983,1.0,wave,UNKNOWN,UNKNOWN,0.27,0,69.12
4777,94.5878,,0,5.0,0.55,5,3,0,4.9988,1.0,wave,UNKNOWN,UNKNOWN,0.27,0,69.07
4778,94.6022,,0,5.0,0.55,5,3,0,4.9954,1.0,wave,UNKNOWN,UNKNOWN,0.27,0,66.721
4779,94.6243,,0,5.0,0.55,5,3,0,4.9907,1.0,wave,UNKNOWN,UNKNOWN,0.27,0,67.159
4780,94.6382,,0,5.0,0.55,5,3,0,4.9905,1.0,wave,UNKNOWN,UNKNOWN,0.27,0,67.227
4781,94.6532,,0,5.0,0.55,5,3,0,4.9923,1.0,wave,UNKNOWN,UNKNOWN,0.3,1,62.116
4782,94.7156,,0,5.0,0.55,5,3,0,4.9979,1.0,wave,UNKNOWN,UNKNOWN,0.3,0,63.495
4783,94.729,,0,5.0,0.55,5,3,0,4.9977,1.0,wave,UNKNOWN,UNKNOWN,0.3,0,64.614
4784,94.7417,,0,5.0,0.55,5,3,0,4.9959,1.0,wave,UNKNOWN,UNKNOWN,0.3,0,65.695
4785,94.7547,,0,5.0,0.55,5,3,0,4.9951,1.0,wave,UNKNOWN,UNKNOWN,0.3,0,66.062
4786,94.7692,,0,5.0,0.55,5,3,0,4.9909,1.0,wave,UNKNOWN,UNKNOWN,0.3,0,66.195
4787,94.7841,,0,5.0,0.55,5,3,0,4.955,1.0,wave,UNKNOWN,UNKNOWN,0.3,0,66.333
4788,94.7988,,0,5.0,0.55,5,3,0,4.9697,1.0,wave,UNKNOWN,UNKNOWN,0.3,0,65.046
4789,94.8176,,0,5.0,0.55,5,3,0,4.9885,1.0,wave,UNKNOWN,UNKNOWN,0.3,0,64.423
4790,94.8346,,0,5.0,0.55,5,3,0,4.9928,1.0,wave,UNKNOWN,UNKNOWN,0.3,0,62.56
4791,94.8566,,0,5.0,0.55,5,3,0,4.9879,1.0,wave,UNKNOWN,UNKNOWN,0.3,0,61.428
4792,94.8763,,0,5.0,0.55,5,3,0,4.9947,1.0,wave,UNKNOWN,UNKNOWN,0.3,0,63.427
4793,94.8883,,0,5.0,0.55,5,3,0,4.9914,1.0,wave,UNKNOWN,UNKNOWN,0.3,0,63.999
4794,94.9027,,0,5.0,0.55,5,3,0,4.9916,1.0,wave,UNKNOWN,UNKNOWN,0.3,0,63.663
4795,94.9193,,0,5.0,0.55,5,3,0,4.9964,1.0,wave,UNKNOWN,UNKNOWN,0.2967,1,59.073
4796,94.9759,,0,5.0,0.55,5,3,0,4.9803,1.0,wave,UNKNOWN,UNKNOWN,0.2967,0,58.155
4797,94.9972,,0,5.0,0.55,5,3,0,4.9838,1.0,wave,UNKNOWN,UNKNOWN,0.2967,0,59.403
4798,95.0097,,0,5.0,0.55,5,3,0,4.9963,1.0,wave,UNKNOWN,UNKNOWN,0.2967,0,61.596
4799,95.022,,0,5.0,0.55,5,3,0,4.9862,1.0,wave,UNKNOWN,UNKNOWN,0.2967,0,62.599
4800,95.0359,,0,5.0,0.55,5,3,0,4.9494,1.0,wave,UNKNOWN,UNKNOWN,0.2967,0,63.297
4801,95.0503,,0,5.0,0.55,5,3,0,4.9638,1.0,wave,UNKNOWN,UNKNOWN,0.2967,0,62.767
4802,95.0677,,0,5.0,0.55,5,3,0,4.9812,1.0,wave,UNKNOWN,UNKNOWN,0.2967,0,63.443
4803,95.082,,0,5.0,0.55,5,3,0,4.9954,1.0,wave,UNKNOWN,UNKNOWN,0.2967,0,65.482
4804,95.0938,,0,5.0,0.55,5,3,0,4.9945,1.0,wave,UNKNOWN,UNKNOWN,0.2967,0,66.115
4805,95.108,,0,5.0,0.55,5,3,0,4.9954,1.0,wave,UNKNOWN,UNKNOWN,0.2967,0,66.317
4806,95.1224,,0,5.0,0.55,5,3,0,4.9969,1.0,wave,UNKNOWN,UNKNOWN,0.2967,0,64.593
4807,95.1429,,0,5.0,0.55,5,3,0,4.996,1.0,wave,UNKNOWN,UNKNOWN,0.2967,0,66.285
4808,95.155,,0,5.0,0.55,5,3,0,4.9871,1.0,wave,UNKNOWN,UNKNOWN,0.2967,0,66.838
4809,95.1691,,0,5.0,0.55,5,3,0,4.9876,1.0,wave,UNKNOWN,UNKNOWN,0.2967,0,66.673
4810,95.1844,,0,5.0,0.55,5,3,0,4.989,1.0,wave,UNKNOWN,UNKNOWN,0.28,1,61.819
4811,95.2397,,0,5.0,0.55,5,3,0,4.9893,1.0,wave,UNKNOWN,UNKNOWN,0.28,0,61.388
4812,95.2569,,0,5.0,0.55,5,3,0,4.9916,1.0,wave,UNKNOWN,UNKNOWN,0.28,0,60.74
4813,95.2752,,0,5.0,0.55,5,3,0,4.9955,1.0,wave,UNKNOWN,UNKNOWN,0.28,0,62.076
4814,95.2886,,0,5.0,0.55,5,3,0,4.9953,1.0,wave,UNKNOWN,UNKNOWN,0.28,0,62.86
4815,95.3029,,0,5.0,0.55,5,3,0,4.9466,1.0,wave,UNKNOWN,UNKNOWN,0.28,0,63.336
4816,95.3178,,0,5.0,0.55,5,3,0,4.9614,1.0,wave,UNKNOWN,UNKNOWN,0.28,0,63.396
4817,95.3334,,0,5.0,0.55,5,3,0,4.977,1.0,wave,UNKNOWN,UNKNOWN,0.28,0,65.311
4818,95.3459,,0,5.0,0.55,5,3,0,4.9895,1.0,wave,UNKNOWN,UNKNOWN,0.28,0,66.082
4819,95.3595,,0,5.0,0.55,5,3,0,4.9905,1.0,wave,UNKNOWN,UNKNOWN,0.28,0,65.012
4820,95.3776,,0,5.0,0.55,5,3,0,4.9964,1.0,wave,UNKNOWN,UNKNOWN,0.28,0,66.27
4821,95.3902,,0,5.0,0.55,5,3,0,4.9953,1.0,wave,UNKNOWN,UNKNOWN,0.28,0,67.018
4822,95.4037,,0,5.0,0.55,5,3,0,4.9952,1.0,wave,UNKNOWN,UNKNOWN,0.28,0,67.387
4823,95.4178,,0,5.0,0.55,5,3,0,4.9962,1.0,wave,UNKNOWN,UNKNOWN,0.28,0,67.128
4824,95.4335,,0,5.0,0.55,5,3,0,4.9994,1.0,wave,UNKNOWN,UNKNOWN,0.28,0,66.846
4825,95.4488,,0,5.0,0.55,5,3,0,4.9949,1.0,wave,UNKNOWN,UNKNOWN,0.26,1,61.806
4826,95.5107,,0,5.0,0.55,5,3,0,4.9987,1.0,wave,UNKNOWN,UNKNOWN,0.26,0,62.775
4827,95.5238,,0,5.0,0.55,5,3,0,4.9997,1.0,wave,UNKNOWN,UNKNOWN,0.26,0,63.484
4828,95.5379,,0,5.0,0.55,5,3,0,4.9863,1.0,wave,UNKNOWN,UNKNOWN,0.26,0,64.314
4829,95.5518,,0,5.0,0.55,5,3,0,4.9491,1.0,wave,UNKNOWN,UNKNOWN,0.26,0,64.366
4830,95.5673,,0,5.0,0.55,5,3,0,4.9646,1.0,wave,UNKNOWN,UNKNOWN,0.26,0,65.843
4831,95.5804,,0,5.0,0.55,5,3,0,4.9777,1.0,wave,UNKNOWN,UNKNOWN,0.26,0,64.053
4832,95.6008,,0,5.0,0.55,5,3,0,4.9981,1.0,wave,UNKNOWN,UNKNOWN,0.26,0,62.903
4833,95.6199,,0,5.0,0.55,5,3,0,4.9919,1.0,wave,UNKNOWN,UNKNOWN,0.26,0,62.846
4834,95.6359,,0,5.0,0.55,5,3,0,4.996,1.0,wave,UNKNOWN,UNKNOWN,0.26,0,63.396
4835,95.6507,,0,5.0,0.55,5,3,0,4.9979,1.0,wave,UNKNOWN,UNKNOWN,0.26,0,63.02
4836,95.6677,,0,5.0,0.55,5,3,0,4.9934,1.0,wave,UNKNOWN,UNKNOWN,0.26,0,64.31
4837,95.6807,,0,5.0,0.55,5,3,0,4.994,1.0,wave,UNKNOWN,UNKNOWN,0.26,0,65.601
4838,95.6935,,0,5.0,0.55,5,3,0,4.9935,1.0,wave,UNKNOWN,UNKNOWN,0.26,0,65.901
4839,95.7079,,0,5.0,0.55,5,3,0,4.996,1.0,wave,UNKNOWN,UNKNOWN,0.2667,1,60.913
4840,95.7706,,0,5.0,0.55,5,3,0,4.9894,1.0,wave,UNKNOWN,UNKNOWN,0.2667,0,60.307
4841,95.7886,,0,5.0,0.55,5,3,0,4.9944,1.0,wave,UNKNOWN,UNKNOWN,0.2667,0,61.645
4842,95.8022,,0,5.0,0.55,5,3,0,4.993,1.0,wave,UNKNOWN,UNKNOWN,0.2667,0,62.374
4843,95.8167,,0,5.0,0.55,5,3,0,4.874,1.0,wave,UNKNOWN,UNKNOWN,0.2667,0,64.166
4844,95.8299,,0,5.0,0.55,5,3,0,4.8873,1.0,wave,UNKNOWN,UNKNOWN,0.2667,0,62.487
4845,95.8506,,0,5.0,0.55,5,3,0,4.9079,1.0,wave,UNKNOWN,UNKNOWN,0.2667,0,63.899
4846,95.8642,,0,5.0,0.55,5,3,0,4.9215,1.0,wave,UNKNOWN,UNKNOWN,0.2667,0,64.463
4847,95.8792,,0,5.0,0.55,5,3,0,4.9365,1.0,wave,UNKNOWN,UNKNOWN,0.2667,0,64.531
4848,95.8937,,0,5.0,0.55,5,3,0,4.951,1.0,wave,UNKNOWN,UNKNOWN,0.2667,0,64.765
4849,95.9089,,0,5.0,0.55,5,3,0,4.9662,1.0,wave,UNKNOWN,UNKNOWN,0.2667,0,63.601
4850,95.9283,,0,5.0,0.55,5,3,0,4.9857,1.0,wave,UNKNOWN,UNKNOWN,0.2667,0,62.629
4851,95.9466,,0,5.0,0.55,5,3,0,4.9903,1.0,wave,UNKNOWN,UNKNOWN,0.2667,0,63.488
4852,95.9597,,0,5.0,0.55,5,3,0,4.9838,1.0,wave,UNKNOWN,UNKNOWN,0.2733,1,59.047
4853,96.0123,,0,5.0,0.55,5,3,0,4.9977,1.0,wave,UNKNOWN,UNKNOWN,0.2733,0,57.657
4854,96.034,,0,5.0,0.55,5,3,0,4.989,1.0,wave,UNKNOWN,UNKNOWN,0.2733,0,58.984
4855,96.0484,,0,5.0,0.55,5,3,0,4.9873,1.0,wave,UNKNOWN,UNKNOWN,0.2733,0,59.629
4856,96.0639,,0,5.0,0.55,5,3,0,4.9468,1.0,wave,UNKNOWN,UNKNOWN,0.2733,0,60.239
4857,96.079,,0,5.0,0.55,5,3,0,4.9619,1.0,wave,UNKNOWN,UNKNOWN,0.2733,0,58.428
4858,96.1028,,0,5.0,0.55,5,3,0,4.9857,1.0,wave,UNKNOWN,UNKNOWN,0.2733,0,59.007
4859,96.1181,,0,5.0,0.55,5,3,0,4.9859,1.0,wave,UNKNOWN,UNKNOWN,0.2733,0,58.333
4860,96.1374,,0,5.0,0.55,5,3,0,4.9881,1.0,wave,UNKNOWN,UNKNOWN,0.2733,0,57.901
4861,96.1562,,0,5.0,0.55,5,3,0,4.9938,1.0,wave,UNKNOWN,UNKNOWN,0.2733,0,53.921
4862,96.2125,,0,5.0,0.55,5,3,0,4.9968,1.0,wave,UNKNOWN,UNKNOWN,0.31,1,49.71
4863,96.2975,,0,5.0,0.55,5,3,0,4.989,1.0,wave,UNKNOWN,UNKNOWN,0.31,0,48.964
4864,96.3201,,0,5.0,0.55,5,3,0,4.9991,1.0,wave,UNKNOWN,UNKNOWN,0.31,0,49.425
4865,96.3384,,0,5.0,0.55,5,3,0,4.9673,1.0,wave,UNKNOWN,UNKNOWN,0.31,0,50.569
4866,96.3553,,0,5.0,0.55,5,3,0,4.9841,1.0,wave,UNKNOWN,UNKNOWN,0.31,0,51.444
4867,96.3731,,0,5.0,0.55,5,3,0,4.9786,1.0,wave,UNKNOWN,UNKNOWN,0.31,0,51.393
4868,96.3923,,0,5.0,0.55,5,3,0,4.9977,1.0,wave,UNKNOWN,UNKNOWN,0.31,0,49.973
4869,96.4187,,0,5.0,0.55,5,3,0,4.9909,1.0,wave,UNKNOWN,UNKNOWN,0.31,0,50.098
4870,96.4378,,0,5.0,0.55,5,3,0,4.9978,1.0,wave,UNKNOWN,UNKNOWN,0.31,0,50.373
4871,96.4576,,0,5.0,0.55,5,3,0,4.9845,1.0,wave,UNKNOWN,UNKNOWN,0.31,0,49.674
4872,96.4806,,0,5.0,0.55,5,3,0,4.9918,1.0,wave,UNKNOWN,UNKNOWN,0.2967,1,46.004
4873,96.5571,,0,5.0,0.55,5,3,0,4.9959,1.0,wave,UNKNOWN,UNKNOWN,0.2967,0,46.575
4874,96.5769,,0,5.0,0.55,5,3,0,4.9519,1.0,wave,UNKNOWN,UNKNOWN,0.2967,0,46.022
4875,96.6015,,0,5.0,0.55,5,3,0,4.9765,1.0,wave,UNKNOWN,UNKNOWN,0.2967,0,46.187
4876,96.622,,0,5.0,0.55,5,3,0,4.9971,1.0,wave,UNKNOWN,UNKNOWN,0.2967,0,46.82
4877,96.6417,,0,5.0,0.55,5,3,0,4.9865,1.0,wave,UNKNOWN,UNKNOWN,0.2967,0,46.686
4878,96.664,,0,5.0,0.55,5,3,0,4.9965,1.0,wave,UNKNOWN,UNKNOWN,0.2967,0,45.27
4879,96.6939,,0,5.0,0.55,5,3,0,4.9988,1.0,wave,UNKNOWN,UNKNOWN,0.2967,0,46.315
4880,96.7123,,0,5.0,0.55,5,3,0,4.9901,1.0,wave,UNKNOWN,UNKNOWN,0.2967,0,48.563
4881,96.7269,,0,5.0,0.55,5,3,0,4.9921,1.0,wave,UNKNOWN,UNKNOWN,0.2967,0,49.105
4882,96.7441,,0,5.0,0.55,5,3,0,4.9957,1.0,wave,UNKNOWN,UNKNOWN,0.3133,1,45.542
4883,96.8178,,0,5.0,0.55,5,3,0,4.9887,1.0,wave,UNKNOWN,UNKNOWN,0.3133,0,46.597
4884,96.8357,,0,5.0,0.55,5,3,0,4.9531,1.0,wave,UNKNOWN,UNKNOWN,0.3133,0,49.368
4885,96.8492,,0,5.0,0.55,5,3,0,4.9666,1.0,wave,UNKNOWN,UNKNOWN,0.3133,0,52.95
4886,96.8609,,0,5.0,0.55,5,3,0,4.9782,1.0,wave,UNKNOWN,UNKNOWN,0.3133,0,55.814
4887,96.8731,,0,5.0,0.55,5,3,0,4.9904,1.0,wave,UNKNOWN,UNKNOWN,0.3133,0,56.553
4888,96.8889,,0,5.0,0.55,5,3,0,4.9909,1.0,wave,UNKNOWN,UNKNOWN,0.3133,0,58.41
4889,96.9023,,0,5.0,0.55,5,3,0,4.9919,1.0,wave,UNKNOWN,UNKNOWN,0.3133,0,60.76
4890,96.9145,,0,5.0,0.55,5,3,0,4.9915,1.0,wave,UNKNOWN,UNKNOWN,0.3133,0,60.017
4891,96.9333,,0,5.0,0.55,5,3,0,4.996,1.0,wave,UNKNOWN,UNKNOWN,0.3133,0,59.724
4892,96.9508,,0,5.0,0.55,5,3,0,4.9993,1.0,wave,UNKNOWN,UNKNOWN,0.3133,0,62.499
4893,96.9623,,0,5.0,0.55,5,3,0,4.9894,1.0,wave,UNKNOWN,UNKNOWN,0.3133,0,63.983
4894,96.9761,,0,5.0,0.55,5,3,0,4.9885,1.0,wave,UNKNOWN,UNKNOWN,0.3133,0,63.36
4895,96.9924,,0,5.0,0.55,5,3,0,4.9911,1.0,wave,UNKNOWN,UNKNOWN,0.3133,0,65.01
4896,97.0049,,0,5.0,0.55,5,3,0,4.9884,1.0,wave,UNKNOWN,UNKNOWN,0.3133,1,60.391
4897,97.0585,,0,5.0,0.55,5,3,0,4.9977,1.0,wave,UNKNOWN,UNKNOWN,0.3133,0,61.542
4898,97.072,,0,5.0,0.55,5,3,0,4.9992,1.0,wave,UNKNOWN,UNKNOWN,0.3133,0,63.009
4899,97.0853,,0,5.0,0.55,5,3,0,4.9874,1.0,wave,UNKNOWN,UNKNOWN,0.3133,0,64.751
4900,97.0976,,0,5.0,0.55,5,3,0,4.9997,1.0,wave,UNKNOWN,UNKNOWN,0.3133,0,66.543
4901,97.1098,,0,5.0,0.55,5,3,0,4.9621,1.0,wave,UNKNOWN,UNKNOWN,0.3133,0,67.536
4902,97.1226,,0,5.0,0.55,5,3,0,4.9749,1.0,wave,UNKNOWN,UNKNOWN,0.3133,0,69.857
4903,97.1338,,0,5.0,0.55,5,3,0,4.9861,1.0,wave,UNKNOWN,UNKNOWN,0.3133,0,70.515
4904,97.1469,,0,5.0,0.55,5,3,0,4.9991,1.0,wave,UNKNOWN,UNKNOWN,0.3133,0,68.369
4905,97.1676,,0,5.0,0.55,5,3,0,4.9949,1.0,wave,UNKNOWN,UNKNOWN,0.3133,0,69.859
4906,97.179,,0,5.0,0.55,5,3,0,4.9928,1.0,wave,UNKNOWN,UNKNOWN,0.3133,0,70.734
4907,97.1919,,0,5.0,0.55,5,3,0,4.9925,1.0,wave,UNKNOWN,UNKNOWN,0.3133,0,68.76
4908,97.2119,,0,5.0,0.55,5,3,0,4.9965,1.0,wave,UNKNOWN,UNKNOWN,0.3133,0,66.138
4909,97.2362,,0,5.0,0.55,5,3,0,4.9935,1.0,wave,UNKNOWN,UNKNOWN,0.3133,0,64.938
4910,97.2544,,0,5.0,0.55,5,3,0,4.9975,1.0,wave,UNKNOWN,UNKNOWN,0.3133,0,64.082
4911,97.2732,,0,5.0,0.55,5,3,0,4.9902,1.0,wave,UNKNOWN,UNKNOWN,0.3133,1,59.363
4912,97.3311,,0,5.0,0.55,5,3,0,4.9955,1.0,wave,UNKNOWN,UNKNOWN,0.3133,0,60.997
4913,97.344,,0,5.0,0.55,5,3,0,4.9945,1.0,wave,UNKNOWN,UNKNOWN,0.3133,0,62.573
4914,97.3566,,0,5.0,0.55,5,3,0,4.9455,1.0,wave,UNKNOWN,UNKNOWN,0.3133,0,64.036
4915,97.3697,,0,5.0,0.55,5,3,0,4.9586,1.0,wave,UNKNOWN,UNKNOWN,0.3133,0,65.773
4916,97.3819,,0,5.0,0.55,5,3,0,4.9709,1.0,wave,UNKNOWN,UNKNOWN,0.3133,0,66.701
4917,97.3954,,0,5.0,0.55,5,3,0,4.9843,1.0,wave,UNKNOWN,UNKNOWN,0.3133,0,67.545
4918,97.4098,,0,5.0,0.55,5,3,0,4.9988,1.0,wave,UNKNOWN,UNKNOWN,0.3133,0,64.549
4919,97.4362,,0,5.0,0.55,5,3,0,4.9965,1.0,wave,UNKNOWN,UNKNOWN,0.3133,0,63.165
4920,97.455,,0,5.0,0.55,5,3,0,4.9903,1.0,wave,UNKNOWN,UNKNOWN,0.3133,0,61.71
4921,97.4756,,0,5.0,0.55,5,3,0,4.9969,1.0,wave,UNKNOWN,UNKNOWN,0.3133,0,63.879
4922,97.4875,,0,5.0,0.55,5,3,0,4.9958,1.0,wave,UNKNOWN,UNKNOWN,0.3133,0,66.005
4923,97.4993,,0,5.0,0.55,5,3,0,4.9914,1.0,wave,UNKNOWN,UNKNOWN,0.3133,0,67.804
4924,97.5111,,0,5.0,0.55,5,3,0,4.9911,1.0,wave,UNKNOWN,UNKNOWN,0.3133,0,69.379
4925,97.5233,,0,5.0,0.55,5,3,0,4.99,1.0,wave,UNKNOWN,UNKNOWN,0.3267,1,64.415
4926,97.5738,,0,5.0,0.55,5,3,0,4.9878,1.0,wave,UNKNOWN,UNKNOWN,0.3267,0,62.763
4927,97.5948,,0,5.0,0.55,5,3,0,4.9954,1.0,wave,UNKNOWN,UNKNOWN,0.3267,0,63.58
4928,97.6086,,0,5.0,0.55,5,3,0,4.9958,1.0,wave,UNKNOWN,UNKNOWN,0.3267,0,65.847
4929,97.6203,,0,5.0,0.55,5,3,0,4.9555,1.0,wave,UNKNOWN,UNKNOWN,0.3267,0,67.914
4930,97.6319,,0,5.0,0.55,5,3,0,4.9671,1.0,wave,UNKNOWN,UNKNOWN,0.3267,0,69.668
4931,97.6435,,0,5.0,0.55,5,3,0,4.9787,1.0,wave,UNKNOWN,UNKNOWN,0.3267,0,67.773
4932,97.6635,,0,5.0,0.55,5,3,0,4.9987,1.0,wave,UNKNOWN,UNKNOWN,0.3267,0,69.572
4933,97.6749,,0,5.0,0.55,5,3,0,4.9926,1.0,wave,UNKNOWN,UNKNOWN,0.3267,0,70.729
4934,97.6872,,0,5.0,0.55,5,3,0,4.9894,1.0,wave,UNKNOWN,UNKNOWN,0.3267,0,69.717
4935,97.704,,0,5.0,0.55,5,3,0,4.9912,1.0,wave,UNKNOWN,UNKNOWN,0.3267,0,69.464
4936,97.7186,,0,5.0,0.55,5,3,0,4.9924,1.0,wave,UNKNOWN,UNKNOWN,0.3267,0,71.456
4937,97.73,,0,5.0,0.55,5,3,0,4.9916,1.0,wave,UNKNOWN,UNKNOWN,0.3267,0,72.812
4938,97.7415,,0,5.0,0.55,5,3,0,4.9895,1.0,wave,UNKNOWN,UNKNOWN,0.3267,0,70.334
4939,97.7625,,0,5.0,0.55,5,3,0,4.9958,1.0,wave,UNKNOWN,UNKNOWN,0.3267,0,71.629
4940,97.7744,,0,5.0,0.55,5,3,0,4.9939,1.0,wave,UNKNOWN,UNKNOWN,0.3267,1,66.296
4941,97.8296,,0,5.0,0.55,5,3,0,4.9998,1.0,wave,UNKNOWN,UNKNOWN,0.3267,0,67.646
4942,97.8416,,0,5.0,0.55,5,3,0,4.9999,1.0,wave,UNKNOWN,UNKNOWN,0.3267,0,69.049
4943,97.8538,,0,5.0,0.55,5,3,0,4.9997,1.0,wave,UNKNOWN,UNKNOWN,0.3267,0,70.624
4944,97.8655,,0,5.0,0.55,5,3,0,4.9981,1.0,wave,UNKNOWN,UNKNOWN,0.3267,0,72.436
4945,97.8773,,0,5.0,0.55,5,3,0,4.9574,1.0,wave,UNKNOWN,UNKNOWN,0.3267,0,72.248
4946,97.8912,,0,5.0,0.55,5,3,0,4.9713,1.0,wave,UNKNOWN,UNKNOWN,0.3267,0,72.916
4947,97.9039,,0,5.0,0.55,5,3,0,4.9839,1.0,wave,UNKNOWN,UNKNOWN,0.3267,0,72.206
4948,97.9192,,0,5.0,0.55,5,3,0,4.9993,1.0,wave,UNKNOWN,UNKNOWN,0.3267,0,70.948
4949,97.9358,,0,5.0,0.55,5,3,0,4.989,1.0,wave,UNKNOWN,UNKNOWN,0.3267,0,72.601
4950,97.9473,,0,5.0,0.55,5,3,0,4.9848,1.0,wave,UNKNOWN,UNKNOWN,0.3267,0,73.742
4951,97.959,,0,5.0,0.55,5,3,0,4.9964,1.0,wave,UNKNOWN,UNKNOWN,0.3267,0,75.044
4952,97.9706,,0,5.0,0.55,5,3,0,4.9955,1.0,wave,UNKNOWN,UNKNOWN,0.3267,0,72.527
4953,97.9906,,0,5.0,0.55,5,3,0,4.9992,1.0,wave,UNKNOWN,UNKNOWN,0.3267,0,70.303
4954,98.0107,,0,5.0,0.55,5,3,0,4.9926,1.0,wave,UNKNOWN,UNKNOWN,0.3267,0,71.53
4955,98.0226,,0,5.0,0.55,5,3,0,4.9913,1.0,wave,UNKNOWN,UNKNOWN,0.3267,0,72.534
4956,98.0349,,0,5.0,0.55,5,3,0,4.9863,1.0,wave,UNKNOWN,UNKNOWN,0.3067,1,67.266
4957,98.0859,,0,5.0,0.55,5,3,0,4.986,1.0,wave,UNKNOWN,UNKNOWN,0.3067,0,65.563
4958,98.1051,,0,5.0,0.55,5,3,0,4.987,1.0,wave,UNKNOWN,UNKNOWN,0.3067,0,67.119
4959,98.1175,,0,5.0,0.55,5,3,0,4.9993,1.0,wave,UNKNOWN,UNKNOWN,0.3067,0,69.151
4960,98.1289,,0,5.0,0.55,5,3,0,4.9506,1.0,wave,UNKNOWN,UNKNOWN,0.3067,0,70.514
4961,98.1409,,0,5.0,0.55,5,3,0,4.9626,1.0,wave,UNKNOWN,UNKNOWN,0.3067,0,71.83
4962,98.1529,,0,5.0,0.55,5,3,0,4.9746,1.0,wave,UNKNOWN,UNKNOWN,0.3067,0,73.39
4963,98.1648,,0,5.0,0.55,5,3,0,4.9865,1.0,wave,UNKNOWN,UNKNOWN,0.3067,0,74.323
4964,98.1763,,0,5.0,0.55,5,3,0,4.9979,1.0,wave,UNKNOWN,UNKNOWN,0.3067,0,72.811
4965,98.1955,,0,5.0,0.55,5,3,0,4.9898,1.0,wave,UNKNOWN,UNKNOWN,0.3067,0,70.429
4966,98.2151,,0,5.0,0.55,5,3,0,4.9965,1.0,wave,UNKNOWN,UNKNOWN,0.3067,0,67.883
4967,98.2369,,0,5.0,0.55,5,3,0,4.9837,1.0,wave,UNKNOWN,UNKNOWN,0.3067,0,66.391
4968,98.257,,0,5.0,0.55,5,3,0,4.9909,1.0,wave,UNKNOWN,UNKNOWN,0.3067,0,64.496
4969,98.2773,,0,5.0,0.55,5,3,0,4.9972,1.0,wave,UNKNOWN,UNKNOWN,0.3067,0,62.823
4970,98.298,,0,5.0,0.55,5,3,0,4.9895,1.0,wave,UNKNOWN,UNKNOWN,0.3233,1,58.104
4971,98.3622,,0,5.0,0.55,5,3,0,4.9981,1.0,wave,UNKNOWN,UNKNOWN,0.3233,0,57.862
4972,98.3802,,0,5.0,0.55,5,3,0,4.9995,1.0,wave,UNKNOWN,UNKNOWN,0.3233,0,56.656
4973,98.4024,,0,5.0,0.55,5,3,0,4.9708,1.0,wave,UNKNOWN,UNKNOWN,0.3233,0,55.187
4974,98.4259,,0,5.0,0.55,5,3,0,4.9943,1.0,wave,UNKNOWN,UNKNOWN,0.3233,0,54.844
4975,98.4461,,0,5.0,0.55,5,3,0,4.989,1.0,wave,UNKNOWN,UNKNOWN,0.3233,0,54.025
4976,98.4676,,0,5.0,0.55,5,3,0,4.9891,1.0,wave,UNKNOWN,UNKNOWN,0.3233,0,53.186
4977,98.4883,,0,5.0,0.55,5,3,0,4.9973,1.0,wave,UNKNOWN,UNKNOWN,0.3233,0,53.36
4978,98.506,,0,5.0,0.55,5,3,0,4.9923,1.0,wave,UNKNOWN,UNKNOWN,0.3233,0,53.223
4979,98.5253,,0,5.0,0.55,5,3,0,4.9992,1.0,wave,UNKNOWN,UNKNOWN,0.3233,0,51.386
4980,98.5545,,0,5.0,0.55,5,3,0,4.9881,1.0,wave,UNKNOWN,UNKNOWN,0.31,1,47.625
4981,98.6269,,0,5.0,0.55,5,3,0,4.9942,1.0,wave,UNKNOWN,UNKNOWN,0.31,0,48.007
4982,98.6461,,0,5.0,0.55,5,3,0,4.9526,1.0,wave,UNKNOWN,UNKNOWN,0.31,0,49.324
4983,98.663,,0,5.0,0.55,5,3,0,4.9694,1.0,wave,UNKNOWN,UNKNOWN,0.31,0,50.492
4984,98.6794,,0,5.0,0.55,5,3,0,4.9859,1.0,wave,UNKNOWN,UNKNOWN,0.31,0,51.159
4985,98.6969,,0,5.0,0.55,5,3,0,4.9843,1.0,wave,UNKNOWN,UNKNOWN,0.31,0,51.058
4986,98.7164,,0,5.0,0.55,5,3,0,4.9854,1.0,wave,UNKNOWN,UNKNOWN,0.31,0,52.428
4987,98.7328,,0,5.0,0.55,5,3,0,4.9858,1.0,wave,UNKNOWN,UNKNOWN,0.31,0,51.0
4988,98.7578,,0,5.0,0.55,5,3,0,4.9974,1.0,wave,UNKNOWN,UNKNOWN,0.31,0,52.069
4989,98.7743,,0,5.0,0.55,5,3,0,4.9984,1.0,wave,UNKNOWN,UNKNOWN,0.31,0,52.984
4990,98.7903,,0,5.0,0.55,5,3,0,4.9876,1.0,wave,UNKNOWN,UNKNOWN,0.31,0,54.086
4991,98.8058,,0,5.0,0.55,5,3,0,4.9901,1.0,wave,UNKNOWN,UNKNOWN,0.32,1,50.16
4992,98.8741,,0,5.0,0.55,5,3,0,4.9993,1.0,wave,UNKNOWN,UNKNOWN,0.32,0,49.776
4993,98.8956,,0,5.0,0.55,5,3,0,4.9578,1.0,wave,UNKNOWN,UNKNOWN,0.32,0,50.844
4994,98.9124,,0,5.0,0.55,5,3,0,4.9747,1.0,wave,UNKNOWN,UNKNOWN,0.32,0,51.878
4995,98.9287,,0,5.0,0.55,5,3,0,4.9909,1.0,wave,UNKNOWN,UNKNOWN,0.32,0,53.078
4996,98.9439,,0,5.0,0.55,5,3,0,4.9919,1.0,wave,UNKNOWN,UNKNOWN,0.32,0,51.238
4997,98.9724,,0,5.0,0.55,5,3,0,4.9857,1.0,wave,UNKNOWN,UNKNOWN,0.32,0,52.164
4998,98.9891,,0,5.0,0.55,5,3,0,4.9856,1.0,wave,UNKNOWN,UNKNOWN,0.32,0,52.905
4999,99.0056,,0,5.0,0.55,5,3,0,4.9839,1.0,wave,UNKNOWN,UNKNOWN,0.32,0,53.639
5000,99.0223,,0,5.0,0.55,5,3,0,4.9866,1.0,wave,UNKNOWN,UNKNOWN,0.32,0,52.261
5001,99.0489,,0,5.0,0.55,5,3,0,4.999,1.0,wave,UNKNOWN,UNKNOWN,0.32,0,51.275
5002,99.071,,0,5.0,0.55,5,3,0,4.9879,1.0,wave,UNKNOWN,UNKNOWN,0.3233,1,47.672
5003,99.1367,,0,5.0,0.55,5,3,0,4.9989,1.0,wave,UNKNOWN,UNKNOWN,0.3233,0,48.695
5004,99.1531,,0,5.0,0.55,5,3,0,4.9612,1.0,wave,UNKNOWN,UNKNOWN,0.3233,0,50.317
5005,99.1692,,0,5.0,0.55,5,3,0,4.9773,1.0,wave,UNKNOWN,UNKNOWN,0.3233,0,50.251
5006,99.1893,,0,5.0,0.55,5,3,0,4.9974,1.0,wave,UNKNOWN,UNKNOWN,0.3233,0,51.145
5007,99.2061,,0,5.0,0.55,5,3,0,4.981,1.0,wave,UNKNOWN,UNKNOWN,0.3233,0,52.074
5008,99.2228,,0,5.0,0.55,5,3,0,4.9977,1.0,wave,UNKNOWN,UNKNOWN,0.3233,0,52.892
5009,99.2395,,0,5.0,0.55,5,3,0,4.9885,1.0,wave,UNKNOWN,UNKNOWN,0.3233,0,53.533
5010,99.2562,,0,5.0,0.55,5,3,0,4.9899,1.0,wave,UNKNOWN,UNKNOWN,0.3233,0,54.353
5011,99.2726,,0,5.0,0.55,5,3,0,4.9936,1.0,wave,UNKNOWN,UNKNOWN,0.3233,0,54.844
5012,99.2893,,0,5.0,0.55,5,3,0,4.9976,1.0,wave,UNKNOWN,UNKNOWN,0.3233,0,55.205
5013,99.3064,,0,5.0,0.55,5,3,0,4.9914,1.0,wave,UNKNOWN,UNKNOWN,0.3233,0,55.595
5014,99.3234,,0,5.0,0.55,5,3,0,4.9957,1.0,wave,UNKNOWN,UNKNOWN,0.3033,1,51.578
5015,99.388,,0,5.0,0.55,5,3,0,4.9997,1.0,wave,UNKNOWN,UNKNOWN,0.3033,0,54.021
5016,99.4006,,0,5.0,0.55,5,3,0,4.9506,1.0,wave,UNKNOWN,UNKNOWN,0.3033,0,56.777
5017,99.4134,,0,5.0,0.55,5,3,0,4.9634,1.0,wave,UNKNOWN,UNKNOWN,0.3033,0,58.321
5018,99.4268,,0,5.0,0.55,5,3,0,4.9767,1.0,wave,UNKNOWN,UNKNOWN,0.3033,0,60.176
5019,99.4403,,0,5.0,0.55,5,3,0,4.9902,1.0,wave,UNKNOWN,UNKNOWN,0.3033,0,60.807
5020,99.4553,,0,5.0,0.55,5,3,0,4.9927,1.0,wave,UNKNOWN,UNKNOWN,0.3033,0,60.51
5021,99.4723,,0,5.0,0.55,5,3,0,4.9974,1.0,wave,UNKNOWN,UNKNOWN,0.3033,0,60.376
5022,99.4897,,0,5.0,0.55,5,3,0,4.9844,1.0,wave,UNKNOWN,UNKNOWN,0.3033,0,60.562
5023,99.5056,,0,5.0,0.55,5,3,0,4.9862,1.0,wave,UNKNOWN,UNKNOWN,0.3033,0,58.187
5024,99.5335,,0,5.0,0.55,5,3,0,4.9996,1.0,wave,UNKNOWN,UNKNOWN,0.3033,0,56.811
5025,99.5549,,0,5.0,0.55,5,3,0,4.9942,1.0,wave,UNKNOWN,UNKNOWN,0.3033,0,57.283
5026,99.5714,,0,5.0,0.55,5,3,0,4.9988,1.0,wave,UNKNOWN,UNKNOWN,0.3033,0,59.294
5027,99.5841,,0,5.0,0.55,5,3,0,4.9963,1.0,wave,UNKNOWN,UNKNOWN,0.2767,1,55.093
5028,99.6427,,0,5.0,0.55,5,3,0,4.9895,1.0,wave,UNKNOWN,UNKNOWN,0.2767,0,54.95
5029,99.6605,,0,5.0,0.55,5,3,0,4.9449,1.0,wave,UNKNOWN,UNKNOWN,0.2767,0,57.219
5030,99.6733,,0,5.0,0.55,5,3,0,4.9577,1.0,wave,UNKNOWN,UNKNOWN,0.2767,0,58.924
5031,99.6868,,0,5.0,0.55,5,3,0,4.9712,1.0,wave,UNKNOWN,UNKNOWN,0.2767,0,61.106
5032,99.6995,,0,5.0,0.55,5,3,0,4.9839,1.0,wave,UNKNOWN,UNKNOWN,0.2767,0,60.034
5033,99.7191,,0,5.0,0.55,5,3,0,4.99,1.0,wave,UNKNOWN,UNKNOWN,0.2767,0,59.828
5034,99.7362,,0,5.0,0.55,5,3,0,4.9945,1.0,wave,UNKNOWN,UNKNOWN,0.2767,0,59.898
5035,99.7529,,0,5.0,0.55,5,3,0,4.9982,1.0,wave,UNKNOWN,UNKNOWN,0.2767,0,61.231
5036,99.7671,,0,5.0,0.55,5,3,0,4.9978,1.0,wave,UNKNOWN,UNKNOWN,0.2767,0,63.254
5037,99.7787,,0,5.0,0.55,5,3,0,4.9946,1.0,wave,UNKNOWN,UNKNOWN,0.2767,0,64.648
5038,99.7916,,0,5.0,0.55,5,3,0,4.9928,1.0,wave,UNKNOWN,UNKNOWN,0.2767,0,64.721
5039,99.807,,0,5.0,0.55,5,3,0,4.9894,1.0,wave,UNKNOWN,UNKNOWN,0.2767,0,64.966
5040,99.8218,,0,5.0,0.55,5,3,0,4.9872,1.0,wave,UNKNOWN,UNKNOWN,0.2767,0,67.309
5041,99.8334,,0,5.0,0.55,5,3,0,4.9988,1.0,wave,UNKNOWN,UNKNOWN,0.2767,0,68.621
5042,99.8455,,0,5.0,0.55,5,3,0,4.9889,1.0,wave,UNKNOWN,UNKNOWN,0.3133,1,63.795
5043,99.8953,,0,5.0,0.55,5,3,0,4.9926,1.0,wave,UNKNOWN,UNKNOWN,0.3133,0,62.408
5044,99.915,,0,5.0,0.55,5,3,0,4.9957,1.0,wave,UNKNOWN,UNKNOWN,0.3133,0,64.518
5045,99.9267,,0,5.0,0.55,5,3,0,4.9508,1.0,wave,UNKNOWN,UNKNOWN,0.3133,0,66.856
5046,99.9381,,0,5.0,0.55,5,3,0,4.9622,1.0,wave,UNKNOWN,UNKNOWN,0.3133,0,69.007
5047,99.9492,,0,5.0,0.55,5,3,0,4.9733,1.0,wave,UNKNOWN,UNKNOWN,0.3133,0,69.463
5048,99.9631,,0,5.0,0.55,5,3,0,4.9872,1.0,wave,UNKNOWN,UNKNOWN,0.3133,0,70.449
5049,99.9757,,0,5.0,0.55,5,3,0,4.9998,1.0,wave,UNKNOWN,UNKNOWN,0.3133,0,71.682
5050,99.9877,,0,5.0,0.55,5,3,0,4.9906,1.0,wave,UNKNOWN,UNKNOWN,0.3133,0,73.135
5051,99.9991,,0,5.0,0.55,5,3,0,4.9894,1.0,wave,UNKNOWN,UNKNOWN,0.3133,0,73.995
5052,100.0126,,0,5.0,0.55,5,3,0,4.9906,1.0,wave,UNKNOWN,UNKNOWN,0.3133,0,72.435
5053,100.0304,,0,5.0,0.55,5,3,0,4.9945,1.0,wave,UNKNOWN,UNKNOWN,0.3133,0,69.16
5054,100.0539,,0,5.0,0.55,5,3,0,4.9862,1.0,wave,UNKNOWN,UNKNOWN,0.3133,0,68.138
5055,100.0708,,0,5.0,0.55,5,3,0,4.9889,1.0,wave,UNKNOWN,UNKNOWN,0.3133,0,66.477
5056,100.0902,,0,5.0,0.55,5,3,0,4.9964,1.0,wave,UNKNOWN,UNKNOWN,0.3133,0,68.167
5057,100.1024,,0,5.0,0.55,5,3,0,4.9945,1.0,wave,UNKNOWN,UNKNOWN,0.3033,1,63.026
5058,100.1625,,0,5.0,0.55,5,3,0,4.9934,1.0,wave,UNKNOWN,UNKNOWN,0.3033,0,64.1
5059,100.1755,,0,5.0,0.55,5,3,0,4.9911,1.0,wave,UNKNOWN,UNKNOWN,0.3033,0,66.15
5060,100.1874,,0,5.0,0.55,5,3,0,4.9477,1.0,wave,UNKNOWN,UNKNOWN,0.3033,0,67.848
5061,100.1997,,0,5.0,0.55,5,3,0,4.96,1.0,wave,UNKNOWN,UNKNOWN,0.3033,0,66.515
5062,100.2176,,0,5.0,0.55,5,3,0,4.978,1.0,wave,UNKNOWN,UNKNOWN,0.3033,0,67.601
5063,100.2305,,0,5.0,0.55,5,3,0,4.9909,1.0,wave,UNKNOWN,UNKNOWN,0.3033,0,69.528
5064,100.242,,0,5.0,0.55,5,3,0,4.9851,1.0,wave,UNKNOWN,UNKNOWN,0.3033,0,71.649
5065,100.2529,,0,5.0,0.55,5,3,0,4.996,1.0,wave,UNKNOWN,UNKNOWN,0.3033,0,72.901
5066,100.2647,,0,5.0,0.55,5,3,0,4.9895,1.0,wave,UNKNOWN,UNKNOWN,0.3033,0,74.813
5067,100.2757,,0,5.0,0.55,5,3,0,4.9872,1.0,wave,UNKNOWN,UNKNOWN,0.3033,0,75.757
5068,100.2877,,0,5.0,0.55,5,3,0,4.9991,1.0,wave,UNKNOWN,UNKNOWN,0.3033,0,73.23
5069,100.3076,,0,5.0,0.55,5,3,0,4.9898,1.0,wave,UNKNOWN,UNKNOWN,0.3033,0,74.442
5070,100.3197,,0,5.0,0.55,5,3,0,4.9863,1.0,wave,UNKNOWN,UNKNOWN,0.3033,0,73.717
5071,100.334,,0,5.0,0.55,5,3,0,4.9881,1.0,wave,UNKNOWN,UNKNOWN,0.3033,0,73.711
5072,100.3476,,0,5.0,0.55,5,3,0,4.988,1.0,wave,UNKNOWN,UNKNOWN,0.3033,0,74.953
5073,100.3592,,0,5.0,0.55,5,3,0,4.9997,1.0,wave,UNKNOWN,UNKNOWN,0.31,1,69.485
5074,100.409,,0,5.0,0.55,5,3,0,4.9912,1.0,wave,UNKNOWN,UNKNOWN,0.31,0,69.762
5075,100.4225,,0,5.0,0.55,5,3,0,4.989,1.0,wave,UNKNOWN,UNKNOWN,0.31,0,68.594
5076,100.4398,,0,5.0,0.55,5,3,0,4.9911,1.0,wave,UNKNOWN,UNKNOWN,0.31,0,70.14
5077,100.4517,,0,5.0,0.55,5,3,0,4.941,1.0,wave,UNKNOWN,UNKNOWN,0.31,0,68.046
5078,100.4719,,0,5.0,0.55,5,3,0,4.9612,1.0,wave,UNKNOWN,UNKNOWN,0.31,0,67.976
5079,100.4868,,0,5.0,0.55,5,3,0,4.976,1.0,wave,UNKNOWN,UNKNOWN,0.31,0,69.135
5080,100.5,,0,5.0,0.55,5,3,0,4.9893,1.0,wave,UNKNOWN,UNKNOWN,0.31,0,69.914
5081,100.5123,,0,5.0,0.55,5,3,0,4.9885,1.0,wave,UNKNOWN,UNKNOWN,0.31,0,70.57
5082,100.5255,,0,5.0,0.55,5,3,0,4.9877,1.0,wave,UNKNOWN,UNKNOWN,0.31,0,68.497
5083,100.5456,,0,5.0,0.55,5,3,0,4.9938,1.0,wave,UNKNOWN,UNKNOWN,0.31,0,69.838
5084,100.5576,,0,5.0,0.55,5,3,0,4.9903,1.0,wave,UNKNOWN,UNKNOWN,0.31,0,69.919
5085,100.5718,,0,5.0,0.55,5,3,0,4.9914,1.0,wave,UNKNOWN,UNKNOWN,0.31,0,69.083
5086,100.588,,0,5.0,0.55,5,3,0,4.9872,1.0,wave,UNKNOWN,UNKNOWN,0.31,0,68.116
5087,100.605,,0,5.0,0.55,5,3,0,4.9851,1.0,wave,UNKNOWN,UNKNOWN,0.31,0,66.897
5088,100.6228,,0,5.0,0.55,5,3,0,4.9869,1.0,wave,UNKNOWN,UNKNOWN,0.3067,1,62.154
5089,100.6745,,0,5.0,0.55,5,3,0,4.9938,1.0,wave,UNKNOWN,UNKNOWN,0.3067,0,64.023
5090,100.6865,,0,5.0,0.55,5,3,0,4.9929,1.0,wave,UNKNOWN,UNKNOWN,0.3067,0,66.188
5091,100.6982,,0,5.0,0.55,5,3,0,4.9902,1.0,wave,UNKNOWN,UNKNOWN,0.3067,0,68.161
5092,100.7097,,0,5.0,0.55,5,3,0,4.9391,1.0,wave,UNKNOWN,UNKNOWN,0.3067,0,69.638
5093,100.7219,,0,5.0,0.55,5,3,0,4.9513,1.0,wave,UNKNOWN,UNKNOWN,0.3067,0,71.518
5094,100.7334,,0,5.0,0.55,5,3,0,4.9628,1.0,wave,UNKNOWN,UNKNOWN,0.3067,0,72.766
5095,100.745,,0,5.0,0.55,5,3,0,4.9744,1.0,wave,UNKNOWN,UNKNOWN,0.3067,0,71.175
5096,100.7628,,0,5.0,0.55,5,3,0,4.9921,1.0,wave,UNKNOWN,UNKNOWN,0.3067,0,72.004
5097,100.7755,,0,5.0,0.55,5,3,0,4.9868,1.0,wave,UNKNOWN,UNKNOWN,0.3067,0,73.006
5098,100.7874,,0,5.0,0.55,5,3,0,4.9988,1.0,wave,UNKNOWN,UNKNOWN,0.3067,0,74.771
5099,100.7984,,0,5.0,0.55,5,3,0,4.9962,1.0,wave,UNKNOWN,UNKNOWN,0.3067,0,75.86
5100,100.8102,,0,5.0,0.55,5,3,0,4.9935,1.0,wave,UNKNOWN,UNKNOWN,0.3067,0,76.71
5101,100.822,,0,5.0,0.55,5,3,0,4.9921,1.0,wave,UNKNOWN,UNKNOWN,0.3067,0,77.45
5102,100.8341,,0,5.0,0.55,5,3,0,4.9835,1.0,wave,UNKNOWN,UNKNOWN,0.3067,0,78.314
5103,100.8455,,0,5.0,0.55,5,3,0,4.9949,1.0,wave,UNKNOWN,UNKNOWN,0.3067,0,75.223
5104,100.8668,,0,5.0,0.55,5,3,0,4.9876,1.0,wave,UNKNOWN,UNKNOWN,0.3067,0,76.294
5105,100.8782,,0,5.0,0.55,5,3,0,4.9991,1.0,wave,UNKNOWN,UNKNOWN,0.32,1,70.41
5106,100.936,,0,5.0,0.55,5,3,0,4.9894,1.0,wave,UNKNOWN,UNKNOWN,0.32,0,69.084
5107,100.9531,,0,5.0,0.55,5,3,0,4.9934,1.0,wave,UNKNOWN,UNKNOWN,0.32,0,70.795
5108,100.9647,,0,5.0,0.55,5,3,0,4.9524,1.0,wave,UNKNOWN,UNKNOWN,0.32,0,71.842
5109,100.9769,,0,5.0,0.55,5,3,0,4.9646,1.0,wave,UNKNOWN,UNKNOWN,0.32,0,72.207
5110,100.9902,,0,5.0,0.55,5,3,0,4.9779,1.0,wave,UNKNOWN,UNKNOWN,0.32,0,73.487
5111,101.0019,,0,5.0,0.55,5,3,0,4.9896,1.0,wave,UNKNOWN,UNKNOWN,0.32,0,73.458
5112,101.0157,,0,5.0,0.55,5,3,0,4.9817,1.0,wave,UNKNOWN,UNKNOWN,0.32,0,73.632
5113,101.0294,,0,5.0,0.55,5,3,0,4.9954,1.0,wave,UNKNOWN,UNKNOWN,0.32,0,73.574
5114,101.0427,,0,5.0,0.55,5,3,0,4.9943,1.0,wave,UNKNOWN,UNKNOWN,0.32,0,73.295
5115,101.0575,,0,5.0,0.55,5,3,0,4.9936,1.0,wave,UNKNOWN,UNKNOWN,0.32,0,71.681
5116,101.0744,,0,5.0,0.55,5,3,0,4.9954,1.0,wave,UNKNOWN,UNKNOWN,0.32,0,71.293
5117,101.0891,,0,5.0,0.55,5,3,0,4.9863,1.0,wave,UNKNOWN,UNKNOWN,0.32,0,71.307
5118,101.1047,,0,5.0,0.55,5,3,0,4.9866,1.0,wave,UNKNOWN,UNKNOWN,0.32,0,69.338
5119,101.1228,,0,5.0,0.55,5,3,0,4.9855,1.0,wave,UNKNOWN,UNKNOWN,0.32,0,69.119
5120,101.1377,,0,5.0,0.55,5,3,0,4.9815,1.0,wave,UNKNOWN,UNKNOWN,0.2967,1,64.064
5121,101.1915,,0,5.0,0.55,5,3,0,4.979,1.0,wave,UNKNOWN,UNKNOWN,0.2967,0,64.973
5122,101.2051,,0,5.0,0.55,5,3,0,4.9927,1.0,wave,UNKNOWN,UNKNOWN,0.2967,0,63.388
5123,101.2254,,0,5.0,0.55,5,3,0,4.9278,1.0,wave,UNKNOWN,UNKNOWN,0.2967,0,63.492
5124,101.2409,,0,5.0,0.55,5,3,0,4.9434,1.0,wave,UNKNOWN,UNKNOWN,0.2967,0,63.964
5125,101.2559,,0,5.0,0.55,5,3,0,4.9584,1.0,wave,UNKNOWN,UNKNOWN,0.2967,0,64.06
5126,101.2712,,0,5.0,0.55,5,3,0,4.9737,1.0,wave,UNKNOWN,UNKNOWN,0.2967,0,64.024
5127,101.2873,,0,5.0,0.55,5,3,0,4.9897,1.0,wave,UNKNOWN,UNKNOWN,0.2967,0,65.29
5128,101.3005,,0,5.0,0.55,5,3,0,4.9804,1.0,wave,UNKNOWN,UNKNOWN,0.2967,0,63.855
5129,101.3196,,0,5.0,0.55,5,3,0,4.9995,1.0,wave,UNKNOWN,UNKNOWN,0.2967,0,65.171
5130,101.3323,,0,5.0,0.55,5,3,0,4.9939,1.0,wave,UNKNOWN,UNKNOWN,0.2967,0,66.855
5131,101.3443,,0,5.0,0.55,5,3,0,4.9891,1.0,wave,UNKNOWN,UNKNOWN,0.2967,0,68.587
5132,101.3562,,0,5.0,0.55,5,3,0,4.9831,1.0,wave,UNKNOWN,UNKNOWN,0.2967,0,69.7
5133,101.3688,,0,5.0,0.55,5,3,0,4.9956,1.0,wave,UNKNOWN,UNKNOWN,0.2967,0,71.329
5134,101.3805,,0,5.0,0.55,5,3,0,4.9882,1.0,wave,UNKNOWN,UNKNOWN,0.2967,0,72.172
5135,101.3928,,0,5.0,0.55,5,3,0,4.9742,1.0,wave,UNKNOWN,UNKNOWN,0.2867,1,66.987
5136,101.4426,,0,5.0,0.55,5,3,0,4.985,1.0,wave,UNKNOWN,UNKNOWN,0.2867,0,68.104
5137,101.4549,,0,5.0,0.55,5,3,0,4.9973,1.0,wave,UNKNOWN,UNKNOWN,0.2867,0,69.697
5138,101.4675,,0,5.0,0.55,5,3,0,4.9869,1.0,wave,UNKNOWN,UNKNOWN,0.2867,0,70.598
5139,101.4802,,0,5.0,0.55,5,3,0,4.9996,1.0,wave,UNKNOWN,UNKNOWN,0.2867,0,71.328
5140,101.4923,,0,5.0,0.55,5,3,0,4.9352,1.0,wave,UNKNOWN,UNKNOWN,0.2867,0,70.124
5141,101.5093,,0,5.0,0.55,5,3,0,4.9522,1.0,wave,UNKNOWN,UNKNOWN,0.2867,0,70.656
5142,101.5225,,0,5.0,0.55,5,3,0,4.9654,1.0,wave,UNKNOWN,UNKNOWN,0.2867,0,72.363
5143,101.5341,,0,5.0,0.55,5,3,0,4.9771,1.0,wave,UNKNOWN,UNKNOWN,0.2867,0,73.078
5144,101.5468,,0,5.0,0.55,5,3,0,4.9897,1.0,wave,UNKNOWN,UNKNOWN,0.2867,0,71.599
5145,101.564,,0,5.0,0.55,5,3,0,4.9871,1.0,wave,UNKNOWN,UNKNOWN,0.2867,0,72.057
5146,101.5768,,0,5.0,0.55,5,3,0,4.9999,1.0,wave,UNKNOWN,UNKNOWN,0.2867,0,69.873
5147,101.5972,,0,5.0,0.55,5,3,0,4.9957,1.0,wave,UNKNOWN,UNKNOWN,0.2867,0,69.998
5148,101.611,,0,5.0,0.55,5,3,0,4.989,1.0,wave,UNKNOWN,UNKNOWN,0.2867,0,70.261
5149,101.6247,,0,5.0,0.55,5,3,0,4.983,1.0,wave,UNKNOWN,UNKNOWN,0.2867,0,70.75
5150,101.6379,,0,5.0,0.55,5,3,0,4.9962,1.0,wave,UNKNOWN,UNKNOWN,0.2867,0,72.122
5151,101.6501,,0,5.0,0.55,5,3,0,4.986,1.0,wave,UNKNOWN,UNKNOWN,0.2867,1,66.92
5152,101.7,,0,5.0,0.55,5,3,0,4.9877,1.0,wave,UNKNOWN,UNKNOWN,0.2867,0,67.876
5153,101.7125,,0,5.0,0.55,5,3,0,4.9856,1.0,wave,UNKNOWN,UNKNOWN,0.2867,0,69.482
5154,101.7243,,0,5.0,0.55,5,3,0,4.9974,1.0,wave,UNKNOWN,UNKNOWN,0.2867,0,70.254
5155,101.7372,,0,5.0,0.55,5,3,0,4.9931,1.0,wave,UNKNOWN,UNKNOWN,0.2867,0,71.221
5156,101.7501,,0,5.0,0.55,5,3,0,4.9323,1.0,wave,UNKNOWN,UNKNOWN,0.2867,0,72.004
5157,101.7624,,0,5.0,0.55,5,3,0,4.9446,1.0,wave,UNKNOWN,UNKNOWN,0.2867,0,72.876
5158,101.7748,,0,5.0,0.55,5,3,0,4.957,1.0,wave,UNKNOWN,UNKNOWN,0.2867,0,73.725
5159,101.7872,,0,5.0,0.55,5,3,0,4.9693,1.0,wave,UNKNOWN,UNKNOWN,0.2867,0,73.957
5160,101.8003,,0,5.0,0.55,5,3,0,4.9825,1.0,wave,UNKNOWN,UNKNOWN,0.2867,0,75.009
5161,101.8121,,0,5.0,0.55,5,3,0,4.9942,1.0,wave,UNKNOWN,UNKNOWN,0.2867,0,76.279
5162,101.8236,,0,5.0,0.55,5,3,0,4.9878,1.0,wave,UNKNOWN,UNKNOWN,0.2867,0,76.562
5163,101.8364,,0,5.0,0.55,5,3,0,4.9871,1.0,wave,UNKNOWN,UNKNOWN,0.2867,0,73.637
5164,101.8577,,0,5.0,0.55,5,3,0,4.9968,1.0,wave,UNKNOWN,UNKNOWN,0.2867,0,73.916
5165,101.8708,,0,5.0,0.55,5,3,0,4.9977,1.0,wave,UNKNOWN,UNKNOWN,0.2867,0,74.207
5166,101.8839,,0,5.0,0.55,5,3,0,4.995,1.0,wave,UNKNOWN,UNKNOWN,0.2867,0,74.443
5167,101.8967,,0,5.0,0.55,5,3,0,4.9944,1.0,wave,UNKNOWN,UNKNOWN,0.2867,0,71.768
5168,101.9175,,0,5.0,0.55,5,3,0,4.9842,1.0,wave,UNKNOWN,UNKNOWN,0.3067,1,66.39
5169,101.9735,,0,5.0,0.55,5,3,0,4.9974,1.0,wave,UNKNOWN,UNKNOWN,0.3067,0,65.829
5170,101.9897,,0,5.0,0.55,5,3,0,4.9973,1.0,wave,UNKNOWN,UNKNOWN,0.3067,0,66.978
5171,102.0026,,0,5.0,0.55,5,3,0,4.9977,1.0,wave,UNKNOWN,UNKNOWN,0.3067,0,67.078
5172,102.0173,,0,5.0,0.55,5,3,0,4.9588,1.0,wave,UNKNOWN,UNKNOWN,0.3067,0,65.898
5173,102.0354,,0,5.0,0.55,5,3,0,4.9769,1.0,wave,UNKNOWN,UNKNOWN,0.3067,0,65.017
5174,102.0527,,0,5.0,0.55,5,3,0,4.9943,1.0,wave,UNKNOWN,UNKNOWN,0.3067,0,63.873
5175,102.0715,,0,5.0,0.55,5,3,0,4.9995,1.0,wave,UNKNOWN,UNKNOWN,0.3067,0,62.444
5176,102.0916,,0,5.0,0.55,5,3,0,4.994,1.0,wave,UNKNOWN,UNKNOWN,0.3067,0,62.51
5177,102.1074,,0,5.0,0.55,5,3,0,4.9976,1.0,wave,UNKNOWN,UNKNOWN,0.3067,0,64.435
5178,102.1197,,0,5.0,0.55,5,3,0,4.9971,1.0,wave,UNKNOWN,UNKNOWN,0.3067,0,66.15
5179,102.1322,,0,5.0,0.55,5,3,0,4.9983,1.0,wave,UNKNOWN,UNKNOWN,0.3067,0,67.119
5180,102.1454,,0,5.0,0.55,5,3,0,4.9985,1.0,wave,UNKNOWN,UNKNOWN,0.3067,0,67.856
5181,102.1585,,0,5.0,0.55,5,3,0,4.9909,1.0,wave,UNKNOWN,UNKNOWN,0.3067,0,69.475
5182,102.1706,,0,5.0,0.55,5,3,0,4.9916,1.0,wave,UNKNOWN,UNKNOWN,0.33,1,64.473
5183,102.2221,,0,5.0,0.55,5,3,0,4.986,1.0,wave,UNKNOWN,UNKNOWN,0.33,0,66.143
5184,102.2343,,0,5.0,0.55,5,3,0,4.9981,1.0,wave,UNKNOWN,UNKNOWN,0.33,0,67.507
5185,102.2466,,0,5.0,0.55,5,3,0,4.9922,1.0,wave,UNKNOWN,UNKNOWN,0.33,0,67.603
5186,102.2611,,0,5.0,0.55,5,3,0,4.9879,1.0,wave,UNKNOWN,UNKNOWN,0.33,0,68.894
5187,102.2737,,0,5.0,0.55,5,3,0,4.9425,1.0,wave,UNKNOWN,UNKNOWN,0.33,0,69.898
5188,102.2868,,0,5.0,0.55,5,3,0,4.9557,1.0,wave,UNKNOWN,UNKNOWN,0.33,0,69.246
5189,102.3028,,0,5.0,0.55,5,3,0,4.9717,1.0,wave,UNKNOWN,UNKNOWN,0.33,0,69.345
5190,102.3166,,0,5.0,0.55,5,3,0,4.9855,1.0,wave,UNKNOWN,UNKNOWN,0.33,0,66.988
5191,102.3383,,0,5.0,0.55,5,3,0,4.9943,1.0,wave,UNKNOWN,UNKNOWN,0.33,0,67.95
5192,102.3514,,0,5.0,0.55,5,3,0,4.9948,1.0,wave,UNKNOWN,UNKNOWN,0.33,0,69.227
5193,102.3641,,0,5.0,0.55,5,3,0,4.9945,1.0,wave,UNKNOWN,UNKNOWN,0.33,0,70.169
5194,102.3765,,0,5.0,0.55,5,3,0,4.9946,1.0,wave,UNKNOWN,UNKNOWN,0.33,0,71.044
5195,102.389,,0,5.0,0.55,5,3,0,4.9936,1.0,wave,UNKNOWN,UNKNOWN,0.33,0,72.197
5196,102.4013,,0,5.0,0.55,5,3,0,4.9914,1.0,wave,UNKNOWN,UNKNOWN,0.33,0,73.283
5197,102.4133,,0,5.0,0.55,5,3,0,4.9771,1.0,wave,UNKNOWN,UNKNOWN,0.33,0,73.711
5198,102.4262,,0,5.0,0.55,5,3,0,4.99,1.0,wave,UNKNOWN,UNKNOWN,0.3033,1,68.342
5199,102.4765,,0,5.0,0.55,5,3,0,4.989,1.0,wave,UNKNOWN,UNKNOWN,0.3033,0,68.88
5200,102.4896,,0,5.0,0.55,5,3,0,4.9904,1.0,wave,UNKNOWN,UNKNOWN,0.3033,0,70.538
5201,102.5015,,0,5.0,0.55,5,3,0,4.9904,1.0,wave,UNKNOWN,UNKNOWN,0.3033,0,70.969
5202,102.5146,,0,5.0,0.55,5,3,0,4.9913,1.0,wave,UNKNOWN,UNKNOWN,0.3033,0,72.209
5203,102.5267,,0,5.0,0.55,5,3,0,4.9529,1.0,wave,UNKNOWN,UNKNOWN,0.3033,0,73.132
5204,102.5391,,0,5.0,0.55,5,3,0,4.9653,1.0,wave,UNKNOWN,UNKNOWN,0.3033,0,74.219
5205,102.5512,,0,5.0,0.55,5,3,0,4.9774,1.0,wave,UNKNOWN,UNKNOWN,0.3033,0,74.624
5206,102.5642,,0,5.0,0.55,5,3,0,4.9904,1.0,wave,UNKNOWN,UNKNOWN,0.3033,0,71.514
5207,102.5867,,0,5.0,0.55,5,3,0,4.9919,1.0,wave,UNKNOWN,UNKNOWN,0.3033,0,69.908
5208,102.6046,,0,5.0,0.55,5,3,0,4.9959,1.0,wave,UNKNOWN,UNKNOWN,0.3033,0,68.577
5209,102.6223,,0,5.0,0.55,5,3,0,4.9904,1.0,wave,UNKNOWN,UNKNOWN,0.3033,0,67.406
5210,102.64,,0,5.0,0.55,5,3,0,4.9965,1.0,wave,UNKNOWN,UNKNOWN,0.3033,0,68.918
5211,102.6525,,0,5.0,0.55,5,3,0,4.989,1.0,wave,UNKNOWN,UNKNOWN,0.3033,0,70.016
5212,102.6646,,0,5.0,0.55,5,3,0,4.9897,1.0,wave,UNKNOWN,UNKNOWN,0.3033,0,70.925
5213,102.6771,,0,5.0,0.55,5,3,0,4.9899,1.0,wave,UNKNOWN,UNKNOWN,0.2833,1,65.469
5214,102.7387,,0,5.0,0.55,5,3,0,4.9971,1.0,wave,UNKNOWN,UNKNOWN,0.2833,0,66.89
5215,102.751,,0,5.0,0.55,5,3,0,4.9885,1.0,wave,UNKNOWN,UNKNOWN,0.2833,0,68.6
5216,102.7627,,0,5.0,0.55,5,3,0,4.9883,1.0,wave,UNKNOWN,UNKNOWN,0.2833,0,69.692
5217,102.7753,,0,5.0,0.55,5,3,0,4.9457,1.0,wave,UNKNOWN,UNKNOWN,0.2833,0,69.746
5218,102.7895,,0,5.0,0.55,5,3,0,4.9599,1.0,wave,UNKNOWN,UNKNOWN,0.2833,0,70.858
5219,102.8022,,0,5.0,0.55,5,3,0,4.9726,1.0,wave,UNKNOWN,UNKNOWN,0.2833,0,69.297
5220,102.8201,,0,5.0,0.55,5,3,0,4.9905,1.0,wave,UNKNOWN,UNKNOWN,0.2833,0,70.606
5221,102.8323,,0,5.0,0.55,5,3,0,4.9907,1.0,wave,UNKNOWN,UNKNOWN,0.2833,0,71.609
5222,102.8446,,0,5.0,0.55,5,3,0,4.9908,1.0,wave,UNKNOWN,UNKNOWN,0.2833,0,72.496
5223,102.8569,,0,5.0,0.55,5,3,0,4.9914,1.0,wave,UNKNOWN,UNKNOWN,0.2833,0,73.974
5224,102.8683,,0,5.0,0.55,5,3,0,4.991,1.0,wave,UNKNOWN,UNKNOWN,0.2833,0,75.124
5225,102.8802,,0,5.0,0.55,5,3,0,4.989,1.0,wave,UNKNOWN,UNKNOWN,0.2833,0,75.431
5226,102.8929,,0,5.0,0.55,5,3,0,4.989,1.0,wave,UNKNOWN,UNKNOWN,0.2833,0,76.029
5227,102.9052,,0,5.0,0.55,5,3,0,4.9859,1.0,wave,UNKNOWN,UNKNOWN,0.2833,0,76.921
5228,102.9169,,0,5.0,0.55,5,3,0,4.9977,1.0,wave,UNKNOWN,UNKNOWN,0.2833,0,76.855
5229,102.9303,,0,5.0,0.55,5,3,0,4.9945,1.0,wave,UNKNOWN,UNKNOWN,0.2933,1,70.622
5230,102.9996,,0,5.0,0.55,5,3,0,4.9889,1.0,wave,UNKNOWN,UNKNOWN,0.2933,0,71.352
5231,103.0118,,0,5.0,0.55,5,3,0,4.9892,1.0,wave,UNKNOWN,UNKNOWN,0.2933,0,71.556
5232,103.0254,,0,5.0,0.55,5,3,0,4.9905,1.0,wave,UNKNOWN,UNKNOWN,0.2933,0,72.352
5233,103.0379,,0,5.0,0.55,5,3,0,4.9521,1.0,wave,UNKNOWN,UNKNOWN,0.2933,0,73.673
5234,103.0497,,0,5.0,0.55,5,3,0,4.9638,1.0,wave,UNKNOWN,UNKNOWN,0.2933,0,74.597
5235,103.0617,,0,5.0,0.55,5,3,0,4.9758,1.0,wave,UNKNOWN,UNKNOWN,0.2933,0,75.337
5236,103.0738,,0,5.0,0.55,5,3,0,4.9879,1.0,wave,UNKNOWN,UNKNOWN,0.2933,0,75.897
5237,103.0863,,0,5.0,0.55,5,3,0,4.9811,1.0,wave,UNKNOWN,UNKNOWN,0.2933,0,75.674
5238,103.1002,,0,5.0,0.55,5,3,0,4.995,1.0,wave,UNKNOWN,UNKNOWN,0.2933,0,74.763
5239,103.1149,,0,5.0,0.55,5,3,0,4.9975,1.0,wave,UNKNOWN,UNKNOWN,0.2933,0,75.546
5240,103.1269,,0,5.0,0.55,5,3,0,4.998,1.0,wave,UNKNOWN,UNKNOWN,0.2933,0,76.424
5241,103.1388,,0,5.0,0.55,5,3,0,4.9979,1.0,wave,UNKNOWN,UNKNOWN,0.2933,0,77.218
5242,103.151,,0,5.0,0.55,5,3,0,4.998,1.0,wave,UNKNOWN,UNKNOWN,0.2933,0,77.602
5243,103.1629,,0,5.0,0.55,5,3,0,4.9981,1.0,wave,UNKNOWN,UNKNOWN,0.2933,0,74.563
5244,103.185,,0,5.0,0.55,5,3,0,4.9895,1.0,wave,UNKNOWN,UNKNOWN,0.2767,1,69.017
5245,103.2371,,0,5.0,0.55,5,3,0,4.9801,1.0,wave,UNKNOWN,UNKNOWN,0.2767,0,67.93
5246,103.2538,,0,5.0,0.55,5,3,0,4.9967,1.0,wave,UNKNOWN,UNKNOWN,0.2767,0,68.054
5247,103.2685,,0,5.0,0.55,5,3,0,4.9912,1.0,wave,UNKNOWN,UNKNOWN,0.2767,0,68.016
5248,103.283,,0,5.0,0.55,5,3,0,4.985,1.0,wave,UNKNOWN,UNKNOWN,0.2767,0,69.436
5249,103.2951,,0,5.0,0.55,5,3,0,4.9971,1.0,wave,UNKNOWN,UNKNOWN,0.2767,0,70.091
5250,103.3083,,0,5.0,0.55,5,3,0,4.9461,1.0,wave,UNKNOWN,UNKNOWN,0.2767,0,69.633
5251,103.3237,,0,5.0,0.55,5,3,0,4.9614,1.0,wave,UNKNOWN,UNKNOWN,0.2767,0,69.419
5252,103.3384,,0,5.0,0.55,5,3,0,4.9762,1.0,wave,UNKNOWN,UNKNOWN,0.2767,0,70.022
5253,103.3518,,0,5.0,0.55,5,3,0,4.9895,1.0,wave,UNKNOWN,UNKNOWN,0.2767,0,71.349
5254,103.3635,,0,5.0,0.55,5,3,0,4.9833,1.0,wave,UNKNOWN,UNKNOWN,0.2767,0,72.558
5255,103.3757,,0,5.0,0.55,5,3,0,4.9954,1.0,wave,UNKNOWN,UNKNOWN,0.2767,0,73.254
5256,103.3882,,0,5.0,0.55,5,3,0,4.9858,1.0,wave,UNKNOWN,UNKNOWN,0.2767,0,74.31
5257,103.4003,,0,5.0,0.55,5,3,0,4.9979,1.0,wave,UNKNOWN,UNKNOWN,0.2767,0,74.845
5258,103.4127,,0,5.0,0.55,5,3,0,4.9867,1.0,wave,UNKNOWN,UNKNOWN,0.2767,0,75.899
5259,103.4244,,0,5.0,0.55,5,3,0,4.9984,1.0,wave,UNKNOWN,UNKNOWN,0.2767,0,75.558
5260,103.4383,,0,5.0,0.55,5,3,0,4.9922,1.0,wave,UNKNOWN,UNKNOWN,0.2967,1,69.98
5261,103.489,,0,5.0,0.55,5,3,0,4.983,1.0,wave,UNKNOWN,UNKNOWN,0.2967,0,69.919
5262,103.5031,,0,5.0,0.55,5,3,0,4.9972,1.0,wave,UNKNOWN,UNKNOWN,0.2967,0,70.946
5263,103.516,,0,5.0,0.55,5,3,0,4.9908,1.0,wave,UNKNOWN,UNKNOWN,0.2967,0,71.472
5264,103.5287,,0,5.0,0.55,5,3,0,4.9743,1.0,wave,UNKNOWN,UNKNOWN,0.2967,0,71.296
5265,103.5431,,0,5.0,0.55,5,3,0,4.9886,1.0,wave,UNKNOWN,UNKNOWN,0.2967,0,72.35
5266,103.5556,,0,5.0,0.55,5,3,0,4.9288,1.0,wave,UNKNOWN,UNKNOWN,0.2967,0,71.329
5267,103.5714,,0,5.0,0.55,5,3,0,4.9446,1.0,wave,UNKNOWN,UNKNOWN,0.2967,0,68.91
5268,103.5927,,0,5.0,0.55,5,3,0,4.9658,1.0,wave,UNKNOWN,UNKNOWN,0.2967,0,69.164
5269,103.6067,,0,5.0,0.55,5,3,0,4.9799,1.0,wave,UNKNOWN,UNKNOWN,0.2967,0,68.471
5270,103.6229,,0,5.0,0.55,5,3,0,4.996,1.0,wave,UNKNOWN,UNKNOWN,0.2967,0,69.822
5271,103.6355,,0,5.0,0.55,5,3,0,4.9894,1.0,wave,UNKNOWN,UNKNOWN,0.2967,0,70.815
5272,103.6477,,0,5.0,0.55,5,3,0,4.9847,1.0,wave,UNKNOWN,UNKNOWN,0.2967,0,71.064
5273,103.6612,,0,5.0,0.55,5,3,0,4.9982,1.0,wave,UNKNOWN,UNKNOWN,0.2967,0,68.937
5274,103.6812,,0,5.0,0.55,5,3,0,4.9843,1.0,wave,UNKNOWN,UNKNOWN,0.2967,0,68.829
5275,103.6963,,0,5.0,0.55,5,3,0,4.9994,1.0,wave,UNKNOWN,UNKNOWN,0.2867,1,63.665
5276,103.7544,,0,5.0,0.55,5,3,0,4.9966,1.0,wave,UNKNOWN,UNKNOWN,0.2867,0,65.177
5277,103.7668,,0,5.0,0.55,5,3,0,4.9925,1.0,wave,UNKNOWN,UNKNOWN,0.2867,0,67.012
5278,103.7787,,0,5.0,0.55,5,3,0,4.9885,1.0,wave,UNKNOWN,UNKNOWN,0.2867,0,67.798
5279,103.7921,,0,5.0,0.55,5,3,0,4.9862,1.0,wave,UNKNOWN,UNKNOWN,0.2867,0,68.446
5280,103.8056,,0,5.0,0.55,5,3,0,4.9997,1.0,wave,UNKNOWN,UNKNOWN,0.2867,0,69.613
5281,103.8182,,0,5.0,0.55,5,3,0,4.944,1.0,wave,UNKNOWN,UNKNOWN,0.2867,0,71.184
5282,103.8301,,0,5.0,0.55,5,3,0,4.9559,1.0,wave,UNKNOWN,UNKNOWN,0.2867,0,71.221
5283,103.8437,,0,5.0,0.55,5,3,0,4.9696,1.0,wave,UNKNOWN,UNKNOWN,0.2867,0,71.534
5284,103.8571,,0,5.0,0.55,5,3,0,4.983,1.0,wave,UNKNOWN,UNKNOWN,0.2867,0,70.611
5285,103.8733,,0,5.0,0.55,5,3,0,4.9992,1.0,wave,UNKNOWN,UNKNOWN,0.2867,0,70.842
5286,103.887,,0,5.0,0.55,5,3,0,4.9914,1.0,wave,UNKNOWN,UNKNOWN,0.2867,0,72.117
5287,103.8989,,0,5.0,0.55,5,3,0,4.9865,1.0,wave,UNKNOWN,UNKNOWN,0.2867,0,72.573
5288,103.9125,,0,5.0,0.55,5,3,0,4.9839,1.0,wave,UNKNOWN,UNKNOWN,0.2867,0,73.195
5289,103.9246,,0,5.0,0.55,5,3,0,4.996,1.0,wave,UNKNOWN,UNKNOWN,0.2867,0,73.784
5290,103.9372,,0,5.0,0.55,5,3,0,4.9933,1.0,wave,UNKNOWN,UNKNOWN,0.2867,0,74.315
5291,103.95,,0,5.0,0.55,5,3,0,4.9776,1.0,wave,UNKNOWN,UNKNOWN,0.3,1,68.85
5292,104.0011,,0,5.0,0.55,5,3,0,4.9955,1.0,wave,UNKNOWN,UNKNOWN,0.3,0,69.788
5293,104.0136,,0,5.0,0.55,5,3,0,4.9913,1.0,wave,UNKNOWN,UNKNOWN,0.3,0,67.741
5294,104.0339,,0,5.0,0.55,5,3,0,4.985,1.0,wave,UNKNOWN,UNKNOWN,0.3,0,69.143
5295,104.046,,0,5.0,0.55,5,3,0,4.9971,1.0,wave,UNKNOWN,UNKNOWN,0.3,0,70.191
5296,104.0586,,0,5.0,0.55,5,3,0,4.9875,1.0,wave,UNKNOWN,UNKNOWN,0.3,0,71.064
5297,104.0713,,0,5.0,0.55,5,3,0,4.9346,1.0,wave,UNKNOWN,UNKNOWN,0.3,0,71.927
5298,104.0841,,0,5.0,0.55,5,3,0,4.9473,1.0,wave,UNKNOWN,UNKNOWN,0.3,0,72.519
5299,104.0967,,0,5.0,0.55,5,3,0,4.9599,1.0,wave,UNKNOWN,UNKNOWN,0.3,0,73.039
5300,104.1099,,0,5.0,0.55,5,3,0,4.9731,1.0,wave,UNKNOWN,UNKNOWN,0.3,0,73.539
5301,104.1225,,0,5.0,0.55,5,3,0,4.9857,1.0,wave,UNKNOWN,UNKNOWN,0.3,0,74.459
5302,104.1345,,0,5.0,0.55,5,3,0,4.9977,1.0,wave,UNKNOWN,UNKNOWN,0.3,0,75.263
5303,104.1466,,0,5.0,0.55,5,3,0,4.9934,1.0,wave,UNKNOWN,UNKNOWN,0.3,0,75.771
5304,104.1591,,0,5.0,0.55,5,3,0,4.9899,1.0,wave,UNKNOWN,UNKNOWN,0.3,0,76.371
5305,104.1713,,0,5.0,0.55,5,3,0,4.982,1.0,wave,UNKNOWN,UNKNOWN,0.3,0,76.741
5306,104.1838,,0,5.0,0.55,5,3,0,4.9945,1.0,wave,UNKNOWN,UNKNOWN,0.3,0,75.664
5307,104.199,,0,5.0,0.55,5,3,0,4.9929,1.0,wave,UNKNOWN,UNKNOWN,0.3,0,75.903
5308,104.2117,,0,5.0,0.55,5,3,0,4.9889,1.0,wave,UNKNOWN,UNKNOWN,0.2967,1,70.313
5309,104.262,,0,5.0,0.55,5,3,0,4.9895,1.0,wave,UNKNOWN,UNKNOWN,0.2967,0,70.855
5310,104.2749,,0,5.0,0.55,5,3,0,4.9856,1.0,wave,UNKNOWN,UNKNOWN,0.2967,0,70.704
5311,104.2896,,0,5.0,0.55,5,3,0,4.9832,1.0,wave,UNKNOWN,UNKNOWN,0.2967,0,71.325
5312,104.3027,,0,5.0,0.55,5,3,0,4.9964,1.0,wave,UNKNOWN,UNKNOWN,0.2967,0,72.112
5313,104.3149,,0,5.0,0.55,5,3,0,4.9915,1.0,wave,UNKNOWN,UNKNOWN,0.2967,0,72.949
5314,104.3274,,0,5.0,0.55,5,3,0,4.9394,1.0,wave,UNKNOWN,UNKNOWN,0.2967,0,69.806
5315,104.3518,,0,5.0,0.55,5,3,0,4.9638,1.0,wave,UNKNOWN,UNKNOWN,0.2967,0,70.186
5316,104.3651,,0,5.0,0.55,5,3,0,4.9771,1.0,wave,UNKNOWN,UNKNOWN,0.2967,0,70.596
5317,104.3786,,0,5.0,0.55,5,3,0,4.9906,1.0,wave,UNKNOWN,UNKNOWN,0.2967,0,71.145
5318,104.3917,,0,5.0,0.55,5,3,0,4.9911,1.0,wave,UNKNOWN,UNKNOWN,0.2967,0,71.825
5319,104.4045,,0,5.0,0.55,5,3,0,4.9911,1.0,wave,UNKNOWN,UNKNOWN,0.2967,0,69.881
5320,104.4236,,0,5.0,0.55,5,3,0,4.9968,1.0,wave,UNKNOWN,UNKNOWN,0.2967,0,71.489
5321,104.4357,,0,5.0,0.55,5,3,0,4.9954,1.0,wave,UNKNOWN,UNKNOWN,0.2967,0,68.93
5322,104.4571,,0,5.0,0.55,5,3,0,4.9848,1.0,wave,UNKNOWN,UNKNOWN,0.2967,0,66.729
5323,104.4783,,0,5.0,0.55,5,3,0,4.9886,1.0,wave,UNKNOWN,UNKNOWN,0.3067,1,61.686
5324,104.5403,,0,5.0,0.55,5,3,0,4.9854,1.0,wave,UNKNOWN,UNKNOWN,0.3067,0,63.275
5325,104.5532,,0,5.0,0.55,5,3,0,4.9983,1.0,wave,UNKNOWN,UNKNOWN,0.3067,0,64.71
5326,104.5653,,0,5.0,0.55,5,3,0,4.9939,1.0,wave,UNKNOWN,UNKNOWN,0.3067,0,64.575
5327,104.5813,,0,5.0,0.55,5,3,0,4.9973,1.0,wave,UNKNOWN,UNKNOWN,0.3067,0,65.838
5328,104.5943,,0,5.0,0.55,5,3,0,4.9516,1.0,wave,UNKNOWN,UNKNOWN,0.3067,0,66.628
5329,104.6078,,0,5.0,0.55,5,3,0,4.9651,1.0,wave,UNKNOWN,UNKNOWN,0.3067,0,66.462
5330,104.6232,,0,5.0,0.55,5,3,0,4.9805,1.0,wave,UNKNOWN,UNKNOWN,0.3067,0,68.361
5331,104.6349,,0,5.0,0.55,5,3,0,4.9922,1.0,wave,UNKNOWN,UNKNOWN,0.3067,0,69.798
5332,104.6469,,0,5.0,0.55,5,3,0,4.9864,1.0,wave,UNKNOWN,UNKNOWN,0.3067,0,70.399
5333,104.6602,,0,5.0,0.55,5,3,0,4.9997,1.0,wave,UNKNOWN,UNKNOWN,0.3067,0,70.482
5334,104.6742,,0,5.0,0.55,5,3,0,4.9874,1.0,wave,UNKNOWN,UNKNOWN,0.3067,0,71.832
5335,104.6865,,0,5.0,0.55,5,3,0,4.9997,1.0,wave,UNKNOWN,UNKNOWN,0.3067,0,72.342
5336,104.6991,,0,5.0,0.55,5,3,0,4.9997,1.0,wave,UNKNOWN,UNKNOWN,0.3067,0,72.757
5337,104.7121,,0,5.0,0.55,5,3,0,4.9931,1.0,wave,UNKNOWN,UNKNOWN,0.3067,0,72.672
5338,104.7261,,0,5.0,0.55,5,3,0,4.9899,1.0,wave,UNKNOWN,UNKNOWN,0.3067,0,72.485
5339,104.7402,,0,5.0,0.55,5,3,0,4.9873,1.0,wave,UNKNOWN,UNKNOWN,0.31,1,67.072
5340,104.795,,0,5.0,0.55,5,3,0,4.988,1.0,wave,UNKNOWN,UNKNOWN,0.31,0,66.922
5341,104.8099,,0,5.0,0.55,5,3,0,4.9881,1.0,wave,UNKNOWN,UNKNOWN,0.31,0,67.011
5342,104.8247,,0,5.0,0.55,5,3,0,4.9913,1.0,wave,UNKNOWN,UNKNOWN,0.31,0,66.465
5343,104.8409,,0,5.0,0.55,5,3,0,4.9954,1.0,wave,UNKNOWN,UNKNOWN,0.31,0,64.314
5344,104.8631,,0,5.0,0.55,5,3,0,4.9678,1.0,wave,UNKNOWN,UNKNOWN,0.31,0,65.463
5345,104.8764,,0,5.0,0.55,5,3,0,4.9811,1.0,wave,UNKNOWN,UNKNOWN,0.31,0,65.984
5346,104.8905,,0,5.0,0.55,5,3,0,4.9952,1.0,wave,UNKNOWN,UNKNOWN,0.31,0,67.417
5347,104.9037,,0,5.0,0.55,5,3,0,4.9887,1.0,wave,UNKNOWN,UNKNOWN,0.31,0,68.486
5348,104.9156,,0,5.0,0.55,5,3,0,4.989,1.0,wave,UNKNOWN,UNKNOWN,0.31,0,69.299
5349,104.9288,,0,5.0,0.55,5,3,0,4.9907,1.0,wave,UNKNOWN,UNKNOWN,0.31,0,69.563
5350,104.9427,,0,5.0,0.55,5,3,0,4.9935,1.0,wave,UNKNOWN,UNKNOWN,0.31,0,69.866
5351,104.9565,,0,5.0,0.55,5,3,0,4.9934,1.0,wave,UNKNOWN,UNKNOWN,0.31,0,71.352
5352,104.9685,,0,5.0,0.55,5,3,0,4.9928,1.0,wave,UNKNOWN,UNKNOWN,0.31,0,72.306
5353,104.9806,,0,5.0,0.55,5,3,0,4.9928,1.0,wave,UNKNOWN,UNKNOWN,0.31,0,72.914
5354,104.9935,,0,5.0,0.55,5,3,0,4.9944,1.0,wave,UNKNOWN,UNKNOWN,0.3033,1,67.557
5355,105.0454,,0,5.0,0.55,5,3,0,4.9915,1.0,wave,UNKNOWN,UNKNOWN,0.3033,0,67.933
5356,105.0591,,0,5.0,0.55,5,3,0,4.9883,1.0,wave,UNKNOWN,UNKNOWN,0.3033,0,68.51
5357,105.0728,,0,5.0,0.55,5,3,0,4.9826,1.0,wave,UNKNOWN,UNKNOWN,0.3033,0,69.841
5358,105.0849,,0,5.0,0.55,5,3,0,4.9947,1.0,wave,UNKNOWN,UNKNOWN,0.3033,0,70.667
5359,105.0977,,0,5.0,0.55,5,3,0,4.9952,1.0,wave,UNKNOWN,UNKNOWN,0.3033,0,71.371
5360,105.1106,,0,5.0,0.55,5,3,0,4.9481,1.0,wave,UNKNOWN,UNKNOWN,0.3033,0,71.313
5361,105.1247,,0,5.0,0.55,5,3,0,4.9622,1.0,wave,UNKNOWN,UNKNOWN,0.3033,0,72.733
5362,105.1367,,0,5.0,0.55,5,3,0,4.9742,1.0,wave,UNKNOWN,UNKNOWN,0.3033,0,73.638
5363,105.1485,,0,5.0,0.55,5,3,0,4.986,1.0,wave,UNKNOWN,UNKNOWN,0.3033,0,73.982
5364,105.1617,,0,5.0,0.55,5,3,0,4.9992,1.0,wave,UNKNOWN,UNKNOWN,0.3033,0,73.841
5365,105.1754,,0,5.0,0.55,5,3,0,4.9999,1.0,wave,UNKNOWN,UNKNOWN,0.3033,0,74.243
5366,105.1886,,0,5.0,0.55,5,3,0,4.9889,1.0,wave,UNKNOWN,UNKNOWN,0.3033,0,73.743
5367,105.2033,,0,5.0,0.55,5,3,0,4.9856,1.0,wave,UNKNOWN,UNKNOWN,0.3033,0,74.298
5368,105.2152,,0,5.0,0.55,5,3,0,4.9975,1.0,wave,UNKNOWN,UNKNOWN,0.3033,0,71.707
5369,105.2367,,0,5.0,0.55,5,3,0,4.9947,1.0,wave,UNKNOWN,UNKNOWN,0.3033,0,69.612
5370,105.2558,,0,5.0,0.55,5,3,0,4.9911,1.0,wave,UNKNOWN,UNKNOWN,0.2867,1,64.571
5371,105.308,,0,5.0,0.55,5,3,0,4.9884,1.0,wave,UNKNOWN,UNKNOWN,0.2867,0,64.121
5372,105.3245,,0,5.0,0.55,5,3,0,4.9904,1.0,wave,UNKNOWN,UNKNOWN,0.2867,0,65.133
5373,105.338,,0,5.0,0.55,5,3,0,4.9904,1.0,wave,UNKNOWN,UNKNOWN,0.2867,0,66.921
5374,105.3498,,0,5.0,0.55,5,3,0,4.9906,1.0,wave,UNKNOWN,UNKNOWN,0.2867,0,67.696
5375,105.3633,,0,5.0,0.55,5,3,0,4.9543,1.0,wave,UNKNOWN,UNKNOWN,0.2867,0,67.908
5376,105.3777,,0,5.0,0.55,5,3,0,4.9687,1.0,wave,UNKNOWN,UNKNOWN,0.2867,0,68.208
5377,105.3918,,0,5.0,0.55,5,3,0,4.9828,1.0,wave,UNKNOWN,UNKNOWN,0.2867,0,68.572
5378,105.4056,,0,5.0,0.55,5,3,0,4.9966,1.0,wave,UNKNOWN,UNKNOWN,0.2867,0,70.091
5379,105.4177,,0,5.0,0.55,5,3,0,4.9952,1.0,wave,UNKNOWN,UNKNOWN,0.2867,0,71.021
5380,105.4301,,0,5.0,0.55,5,3,0,4.9902,1.0,wave,UNKNOWN,UNKNOWN,0.2867,0,71.786
5381,105.4429,,0,5.0,0.55,5,3,0,4.9912,1.0,wave,UNKNOWN,UNKNOWN,0.2867,0,69.479
5382,105.4635,,0,5.0,0.55,5,3,0,4.9916,1.0,wave,UNKNOWN,UNKNOWN,0.2867,0,70.917
5383,105.4753,,0,5.0,0.55,5,3,0,4.9885,1.0,wave,UNKNOWN,UNKNOWN,0.2867,0,71.748
5384,105.4881,,0,5.0,0.55,5,3,0,4.9881,1.0,wave,UNKNOWN,UNKNOWN,0.2867,0,71.691
5385,105.5024,,0,5.0,0.55,5,3,0,4.99,1.0,wave,UNKNOWN,UNKNOWN,0.2867,0,72.134
5386,105.5152,,0,5.0,0.55,5,3,0,4.9896,1.0,wave,UNKNOWN,UNKNOWN,0.2967,1,66.749
5387,105.5705,,0,5.0,0.55,5,3,0,4.9987,1.0,wave,UNKNOWN,UNKNOWN,0.2967,0,67.624
5388,105.5831,,0,5.0,0.55,5,3,0,4.9951,1.0,wave,UNKNOWN,UNKNOWN,0.2967,0,69.122
5389,105.5951,,0,5.0,0.55,5,3,0,4.9902,1.0,wave,UNKNOWN,UNKNOWN,0.2967,0,70.07
5390,105.6079,,0,5.0,0.55,5,3,0,4.9851,1.0,wave,UNKNOWN,UNKNOWN,0.2967,0,71.096
5391,105.6205,,0,5.0,0.55,5,3,0,4.9977,1.0,wave,UNKNOWN,UNKNOWN,0.2967,0,72.101
5392,105.6327,,0,5.0,0.55,5,3,0,4.9581,1.0,wave,UNKNOWN,UNKNOWN,0.2967,0,72.615
5393,105.646,,0,5.0,0.55,5,3,0,4.9715,1.0,wave,UNKNOWN,UNKNOWN,0.2967,0,72.492
5394,105.6598,,0,5.0,0.55,5,3,0,4.9853,1.0,wave,UNKNOWN,UNKNOWN,0.2967,0,70.037
5395,105.6805,,0,5.0,0.55,5,3,0,4.994,1.0,wave,UNKNOWN,UNKNOWN,0.2967,0,71.149
5396,105.6927,,0,5.0,0.55,5,3,0,4.9945,1.0,wave,UNKNOWN,UNKNOWN,0.2967,0,69.867
5397,105.71,,0,5.0,0.55,5,3,0,4.9881,1.0,wave,UNKNOWN,UNKNOWN,0.2967,0,69.353
5398,105.7255,,0,5.0,0.55,5,3,0,4.9921,1.0,wave,UNKNOWN,UNKNOWN,0.2967,0,70.392
5399,105.738,,0,5.0,0.55,5,3,0,4.9929,1.0,wave,UNKNOWN,UNKNOWN,0.2967,0,71.631
5400,105.75,,0,5.0,0.55,5,3,0,4.9873,1.0,wave,UNKNOWN,UNKNOWN,0.2967,0,72.689
5401,105.7623,,0,5.0,0.55,5,3,0,4.9995,1.0,wave,UNKNOWN,UNKNOWN,0.2967,0,73.168
5402,105.7751,,0,5.0,0.55,5,3,0,4.9997,1.0,wave,UNKNOWN,UNKNOWN,0.2967,1,67.573
5403,105.8338,,0,5.0,0.55,5,3,0,4.9997,1.0,wave,UNKNOWN,UNKNOWN,0.2967,0,68.129
5404,105.8471,,0,5.0,0.55,5,3,0,4.9803,1.0,wave,UNKNOWN,UNKNOWN,0.2967,0,67.891
5405,105.8621,,0,5.0,0.55,5,3,0,4.9953,1.0,wave,UNKNOWN,UNKNOWN,0.2967,0,69.117
5406,105.8744,,0,5.0,0.55,5,3,0,4.9962,1.0,wave,UNKNOWN,UNKNOWN,0.2967,0,70.613
5407,105.8866,,0,5.0,0.55,5,3,0,4.9505,1.0,wave,UNKNOWN,UNKNOWN,0.2967,0,71.536
5408,105.8989,,0,5.0,0.55,5,3,0,4.9629,1.0,wave,UNKNOWN,UNKNOWN,0.2967,0,72.249
5409,105.9118,,0,5.0,0.55,5,3,0,4.9757,1.0,wave,UNKNOWN,UNKNOWN,0.2967,0,72.51
5410,105.9253,,0,5.0,0.55,5,3,0,4.9893,1.0,wave,UNKNOWN,UNKNOWN,0.2967,0,73.288
5411,105.9374,,0,5.0,0.55,5,3,0,4.9843,1.0,wave,UNKNOWN,UNKNOWN,0.2967,0,74.483
5412,105.9493,,0,5.0,0.55,5,3,0,4.9962,1.0,wave,UNKNOWN,UNKNOWN,0.2967,0,74.596
5413,105.9625,,0,5.0,0.55,5,3,0,4.9978,1.0,wave,UNKNOWN,UNKNOWN,0.2967,0,74.104
5414,105.9768,,0,5.0,0.55,5,3,0,4.9999,1.0,wave,UNKNOWN,UNKNOWN,0.2967,0,74.659
5415,105.9893,,0,5.0,0.55,5,3,0,4.9991,1.0,wave,UNKNOWN,UNKNOWN,0.2967,0,75.526
5416,106.0013,,0,5.0,0.55,5,3,0,4.9993,1.0,wave,UNKNOWN,UNKNOWN,0.2967,0,76.235
5417,106.0135,,0,5.0,0.55,5,3,0,4.9977,1.0,wave,UNKNOWN,UNKNOWN,0.2967,0,76.425
5418,106.0262,,0,5.0,0.55,5,3,0,4.9968,1.0,wave,UNKNOWN,UNKNOWN,0.3,1,70.793
5419,106.0764,,0,5.0,0.55,5,3,0,4.9873,1.0,wave,UNKNOWN,UNKNOWN,0.3,0,71.062
5420,106.0896,,0,5.0,0.55,5,3,0,4.9849,1.0,wave,UNKNOWN,UNKNOWN,0.3,0,72.074
5421,106.102,,0,5.0,0.55,5,3,0,4.9973,1.0,wave,UNKNOWN,UNKNOWN,0.3,0,73.174
5422,106.114,,0,5.0,0.55,5,3,0,4.9911,1.0,wave,UNKNOWN,UNKNOWN,0.3,0,73.385
5423,106.1272,,0,5.0,0.55,5,3,0,4.9895,1.0,wave,UNKNOWN,UNKNOWN,0.3,0,72.899
5424,106.1418,,0,5.0,0.55,5,3,0,4.9503,0.9967,wave,UNKNOWN,UNKNOWN,0.3,0,74.928
5425,106.1525,,0,5.0,0.55,5,3,0,4.961,0.9934,wave,UNKNOWN,UNKNOWN,0.3,0,76.586
5426,106.1633,,0,5.0,0.55,5,3,0,4.9718,0.9902,wave,UNKNOWN,UNKNOWN,0.3,0,77.981
5427,106.1746,,0,5.0,0.55,5,3,0,4.9831,0.987,wave,UNKNOWN,UNKNOWN,0.3,0,79.433
5428,106.1854,,0,5.0,0.55,5,3,0,4.9939,0.9838,wave,UNKNOWN,UNKNOWN,0.3,0,80.575
5429,106.1962,,0,5.0,0.55,5,3,0,4.9911,0.9805,wave,UNKNOWN,UNKNOWN,0.3,0,78.852
5430,106.2121,,0,5.0,0.55,5,3,0,4.9867,0.9773,wave,UNKNOWN,UNKNOWN,0.3,0,80.058
5431,106.2231,,0,5.0,0.55,5,3,0,4.9977,0.9741,wave,UNKNOWN,UNKNOWN,0.3,0,81.35
5432,106.2342,,0,5.0,0.55,5,3,0,4.9933,0.9709,wave,UNKNOWN,UNKNOWN,0.3,0,81.502
5433,106.246,,0,5.0,0.55,5,3,0,4.9901,0.9676,wave,UNKNOWN,UNKNOWN,0.3,0,81.858
5434,106.2577,,0,5.0,0.55,5,3,0,4.9865,0.9644,wave,UNKNOWN,UNKNOWN,0.3,0,82.797
5435,106.2687,,0,5.0,0.55,5,3,0,4.9975,0.9613,wave,UNKNOWN,UNKNOWN,0.3,0,82.731
5436,106.2808,,0,5.0,0.55,5,3,0,4.9935,0.9581,wave,UNKNOWN,UNKNOWN,0.2833,1,76.541
5437,106.3295,,0,5.0,0.55,5,3,0,4.9972,0.9545,wave,UNKNOWN,UNKNOWN,0.2833,0,77.308
5438,106.3406,,0,5.0,0.55,5,3,0,4.9963,0.9513,wave,UNKNOWN,UNKNOWN,0.2833,0,77.736
5439,106.3533,,0,5.0,0.55,5,3,0,4.9971,0.9481,wave,UNKNOWN,UNKNOWN,0.2833,0,78.739
5440,106.3643,,0,5.0,0.55,5,3,0,4.9955,0.9448,wave,UNKNOWN,UNKNOWN,0.2833,0,79.852
5441,106.3755,,0,5.0,0.55,5,3,0,4.995,0.9416,wave,UNKNOWN,UNKNOWN,0.2833,0,80.983
5442,106.3863,,0,5.0,0.55,5,3,0,4.9934,0.9383,wave,UNKNOWN,UNKNOWN,0.2833,0,80.915
5443,106.3989,,0,5.0,0.55,5,3,0,4.9563,0.9351,wave,UNKNOWN,UNKNOWN,0.2833,0,81.903
5444,106.4101,,0,5.0,0.55,5,3,0,4.9675,0.932,wave,UNKNOWN,UNKNOWN,0.2833,0,80.726
5445,106.4243,,0,5.0,0.55,5,3,0,4.9817,0.929,wave,UNKNOWN,UNKNOWN,0.2833,0,81.978
5446,106.4348,,0,5.0,0.55,5,3,0,4.9922,0.926,wave,UNKNOWN,UNKNOWN,0.2833,0,82.859
5447,106.4459,,0,5.0,0.55,5,3,0,4.991,0.9228,wave,UNKNOWN,UNKNOWN,0.2833,0,82.8
5448,106.4581,,0,5.0,0.55,5,3,0,4.9906,0.9196,wave,UNKNOWN,UNKNOWN,0.2833,0,84.044
5449,106.4683,,0,5.0,0.55,5,3,0,4.9881,0.9164,wave,UNKNOWN,UNKNOWN,0.2833,0,84.08
5450,106.4803,,0,5.0,0.55,5,3,0,4.988,0.9132,wave,UNKNOWN,UNKNOWN,0.2833,0,84.851
5451,106.4913,,0,5.0,0.55,5,3,0,4.999,0.9103,wave,UNKNOWN,UNKNOWN,0.2833,0,85.927
5452,106.5017,,0,5.0,0.55,5,3,0,4.9925,0.9071,wave,UNKNOWN,UNKNOWN,0.2833,0,86.244
5453,106.513,,0,5.0,0.55,5,3,0,4.9905,0.9038,wave,UNKNOWN,UNKNOWN,0.2833,0,85.664
5454,106.5254,,0,5.0,0.55,5,3,0,4.9913,0.9006,wave,UNKNOWN,UNKNOWN,0.2833,0,86.307
5455,106.5363,,0,5.0,0.55,5,3,0,4.9895,0.8974,wave,UNKNOWN,UNKNOWN,0.29,1,79.79
5456,106.5844,,0,5.0,0.55,5,3,0,4.9872,0.8935,wave,UNKNOWN,UNKNOWN,0.29,0,79.504
5457,106.5966,,0,5.0,0.55,5,3,0,4.9993,0.8907,wave,UNKNOWN,UNKNOWN,0.29,0,80.605
5458,106.6076,,0,5.0,0.55,5,3,0,4.9966,0.8875,wave,UNKNOWN,UNKNOWN,0.29,0,80.436
5459,106.6206,,0,5.0,0.55,5,3,0,4.9959,0.8842,wave,UNKNOWN,UNKNOWN,0.29,0,81.115
5460,106.6317,,0,5.0,0.55,5,3,0,4.9939,0.881,wave,UNKNOWN,UNKNOWN,0.29,0,82.012
5461,106.6431,,0,5.0,0.55,5,3,0,4.993,0.8778,wave,UNKNOWN,UNKNOWN,0.29,0,82.552
5462,106.6545,,0,5.0,0.55,5,3,0,4.9545,0.8746,wave,UNKNOWN,UNKNOWN,0.29,0,83.477
5463,106.665,,0,5.0,0.55,5,3,0,4.965,0.8718,wave,UNKNOWN,UNKNOWN,0.29,0,83.888
5464,106.6769,,0,5.0,0.55,5,3,0,4.9769,0.869,wave,UNKNOWN,UNKNOWN,0.29,0,84.713
5465,106.6875,,0,5.0,0.55,5,3,0,4.9875,0.8662,wave,UNKNOWN,UNKNOWN,0.29,0,83.508
5466,106.7012,,0,5.0,0.55,5,3,0,4.9887,0.8631,wave,UNKNOWN,UNKNOWN,0.29,0,84.173
5467,106.7125,,0,5.0,0.55,5,3,0,5.0,0.8603,wave,UNKNOWN,UNKNOWN,0.29,0,83.087
5468,106.7261,,0,5.0,0.55,5,3,0,4.9889,0.8567,wave,UNKNOWN,UNKNOWN,0.29,0,84.168
5469,106.7365,,0,5.0,0.55,5,3,0,4.9992,0.854,wave,UNKNOWN,UNKNOWN,0.29,0,84.688
5470,106.7477,,0,5.0,0.55,5,3,0,4.9976,0.8508,wave,UNKNOWN,UNKNOWN,0.29,0,84.055
5471,106.7605,,0,5.0,0.55,5,3,0,4.9981,0.8476,wave,UNKNOWN,UNKNOWN,0.29,0,85.346
5472,106.771,,0,5.0,0.55,5,3,0,4.9962,0.8444,wave,UNKNOWN,UNKNOWN,0.29,0,85.615
5473,106.7822,,0,5.0,0.55,5,3,0,4.995,0.8413,wave,UNKNOWN,UNKNOWN,0.29,0,86.261
5474,106.7931,,0,5.0,0.55,5,3,0,4.9927,0.8381,wave,UNKNOWN,UNKNOWN,0.2933,1,79.694
5475,106.8423,,0,5.0,0.55,5,3,0,4.9846,0.8333,wave,UNKNOWN,UNKNOWN,0.2933,0,80.047
5476,106.8537,,0,5.0,0.55,5,3,0,4.996,0.8307,wave,UNKNOWN,UNKNOWN,0.2933,0,81.053
5477,106.8646,,0,5.0,0.55,5,3,0,4.9939,0.8275,wave,UNKNOWN,UNKNOWN,0.2933,0,81.289
5478,106.8768,,0,5.0,0.55,5,3,0,4.9929,0.8243,wave,UNKNOWN,UNKNOWN,0.2933,0,82.547
5479,106.8876,,0,5.0,0.55,5,3,0,4.9909,0.8211,wave,UNKNOWN,UNKNOWN,0.2933,0,81.855
5480,106.9007,,0,5.0,0.55,5,3,0,4.9832,0.8179,wave,UNKNOWN,UNKNOWN,0.2933,0,82.102
5481,106.9125,,0,5.0,0.55,5,3,0,4.995,0.8153,wave,UNKNOWN,UNKNOWN,0.2933,0,82.735
5482,106.9238,,0,5.0,0.55,5,3,0,4.9503,0.8121,wave,UNKNOWN,UNKNOWN,0.2933,0,84.011
5483,106.9341,,0,5.0,0.55,5,3,0,4.9606,0.8095,wave,UNKNOWN,UNKNOWN,0.2933,0,84.527
5484,106.9454,,0,5.0,0.55,5,3,0,4.9719,0.807,wave,UNKNOWN,UNKNOWN,0.2933,0,84.394
5485,106.9576,,0,5.0,0.55,5,3,0,4.9841,0.8044,wave,UNKNOWN,UNKNOWN,0.2933,0,84.805
5486,106.9688,,0,5.0,0.55,5,3,0,4.9953,0.805,wave,UNKNOWN,UNKNOWN,0.2933,0,84.027
5487,106.9819,,0,5.0,0.55,5,3,0,4.9921,0.805,wave,UNKNOWN,UNKNOWN,0.2933,0,83.393
5488,106.9946,,0,5.0,0.55,5,3,0,4.992,0.805,wave,UNKNOWN,UNKNOWN,0.2933,0,82.962
5489,107.0073,,0,5.0,0.55,5,3,0,4.99,0.805,wave,UNKNOWN,UNKNOWN,0.2933,0,82.786
5490,107.0196,,0,5.0,0.55,5,3,0,4.9842,0.805,wave,UNKNOWN,UNKNOWN,0.2933,0,83.131
5491,107.0311,,0,5.0,0.55,5,3,0,4.9957,0.8056,wave,UNKNOWN,UNKNOWN,0.2933,0,82.821
5492,107.0438,,0,5.0,0.55,5,3,0,4.9911,0.8056,wave,UNKNOWN,UNKNOWN,0.2633,1,76.571
5493,107.0934,,0,5.0,0.55,5,3,0,4.986,0.8013,wave,UNKNOWN,UNKNOWN,0.2633,0,77.615
5494,107.1047,,0,5.0,0.55,5,3,0,4.9973,0.8019,wave,UNKNOWN,UNKNOWN,0.2633,0,76.595
5495,107.1194,,0,5.0,0.55,5,3,0,4.9997,0.8019,wave,UNKNOWN,UNKNOWN,0.2633,0,76.62
5496,107.1325,,0,5.0,0.55,5,3,0,4.9871,0.7981,wave,UNKNOWN,UNKNOWN,0.2633,0,77.214
5497,107.1444,,0,5.0,0.55,5,3,0,4.9991,0.7956,wave,UNKNOWN,UNKNOWN,0.2633,0,78.354
5498,107.1559,,0,5.0,0.55,5,3,0,4.9974,0.7925,wave,UNKNOWN,UNKNOWN,0.2633,0,77.912
5499,107.1696,,0,5.0,0.55,5,3,0,4.999,0.7893,wave,UNKNOWN,UNKNOWN,0.2633,0,79.032
5500,107.1805,,0,5.0,0.55,5,3,0,4.9583,0.7862,wave,UNKNOWN,UNKNOWN,0.2633,0,79.529
5501,107.1924,,0,5.0,0.55,5,3,0,4.9703,0.7837,wave,UNKNOWN,UNKNOWN,0.2633,0,80.914
5502,107.203,,0,5.0,0.55,5,3,0,4.9808,0.7812,wave,UNKNOWN,UNKNOWN,0.2633,0,80.763
5503,107.2155,,0,5.0,0.55,5,3,0,4.9934,0.7788,wave,UNKNOWN,UNKNOWN,0.2633,0,81.476
5504,107.2271,,0,5.0,0.55,5,3,0,4.9928,0.7757,wave,UNKNOWN,UNKNOWN,0.2633,0,80.823
5505,107.2405,,0,5.0,0.55,5,3,0,4.9939,0.7726,wave,UNKNOWN,UNKNOWN,0.2633,0,81.986
5506,107.2514,,0,5.0,0.55,5,3,0,4.9902,0.7695,wave,UNKNOWN,UNKNOWN,0.2633,0,82.778
5507,107.2622,,0,5.0,0.55,5,3,0,4.9885,0.7664,wave,UNKNOWN,UNKNOWN,0.2633,0,84.007
5508,107.2729,,0,5.0,0.55,5,3,0,4.9993,0.764,wave,UNKNOWN,UNKNOWN,0.2633,0,84.627
5509,107.2838,,0,5.0,0.55,5,3,0,4.9971,0.7609,wave,UNKNOWN,UNKNOWN,0.2633,0,85.543
5510,107.2945,,0,5.0,0.55,5,3,0,4.9917,0.7578,wave,UNKNOWN,UNKNOWN,0.2733,1,78.747
5511,107.3523,,0,5.0,0.55,5,3,0,4.9882,0.7524,wave,UNKNOWN,UNKNOWN,0.2733,0,79.139
5512,107.3636,,0,5.0,0.55,5,3,0,4.9995,0.75,wave,UNKNOWN,UNKNOWN,0.2733,0,79.791
5513,107.3753,,0,5.0,0.55,5,3,0,4.9987,0.7469,wave,UNKNOWN,UNKNOWN,0.2733,0,80.803
5514,107.3863,,0,5.0,0.55,5,3,0,4.9973,0.7438,wave,UNKNOWN,UNKNOWN,0.2733,0,81.601
5515,107.3976,,0,5.0,0.55,5,3,0,4.9963,0.7406,wave,UNKNOWN,UNKNOWN,0.2733,0,83.142
5516,107.4077,,0,5.0,0.55,5,3,0,4.9944,0.7375,wave,UNKNOWN,UNKNOWN,0.2733,0,83.32
5517,107.4196,,0,5.0,0.55,5,3,0,4.9935,0.7344,wave,UNKNOWN,UNKNOWN,0.2733,0,84.738
5518,107.4298,,0,5.0,0.55,5,3,0,4.9533,0.7312,wave,UNKNOWN,UNKNOWN,0.2733,0,84.891
5519,107.4415,,0,5.0,0.55,5,3,0,4.9651,0.729,wave,UNKNOWN,UNKNOWN,0.2733,0,85.791
5520,107.4527,,0,5.0,0.55,5,3,0,4.9762,0.7267,wave,UNKNOWN,UNKNOWN,0.2733,0,85.053
5521,107.465,,0,5.0,0.55,5,3,0,4.9885,0.7245,wave,UNKNOWN,UNKNOWN,0.2733,0,85.544
5522,107.4766,,0,5.0,0.55,5,3,0,4.987,0.7214,wave,UNKNOWN,UNKNOWN,0.2733,0,85.294
5523,107.4883,,0,5.0,0.55,5,3,0,4.9987,0.7191,wave,UNKNOWN,UNKNOWN,0.2733,0,84.584
5524,107.5008,,0,5.0,0.55,5,3,0,4.9993,0.716,wave,UNKNOWN,UNKNOWN,0.2733,0,84.916
5525,107.5123,,0,5.0,0.55,5,3,0,4.9977,0.713,wave,UNKNOWN,UNKNOWN,0.2733,0,84.885
5526,107.5241,,0,5.0,0.55,5,3,0,4.9974,0.7099,wave,UNKNOWN,UNKNOWN,0.2733,0,85.723
5527,107.5347,,0,5.0,0.55,5,3,0,4.9956,0.7068,wave,UNKNOWN,UNKNOWN,0.2733,0,86.101
5528,107.546,,0,5.0,0.55,5,3,0,4.9949,0.7037,wave,UNKNOWN,UNKNOWN,0.2767,1,79.428
5529,107.5983,,0,5.0,0.55,5,3,0,4.9937,0.6988,wave,UNKNOWN,UNKNOWN,0.2767,0,79.659
5530,107.6099,,0,5.0,0.55,5,3,0,4.9876,0.6957,wave,UNKNOWN,UNKNOWN,0.2767,0,80.905
5531,107.6206,,0,5.0,0.55,5,3,0,4.9983,0.6935,wave,UNKNOWN,UNKNOWN,0.2767,0,81.876
5532,107.6317,,0,5.0,0.55,5,3,0,4.9917,0.6904,wave,UNKNOWN,UNKNOWN,0.2767,0,82.845
5533,107.6428,,0,5.0,0.55,5,3,0,4.9903,0.6873,wave,UNKNOWN,UNKNOWN,0.2767,0,83.899
5534,107.6532,,0,5.0,0.55,5,3,0,4.9886,0.6842,wave,UNKNOWN,UNKNOWN,0.2767,0,84.587
5535,107.6645,,0,5.0,0.55,5,3,0,4.9999,0.6821,wave,UNKNOWN,UNKNOWN,0.2767,0,84.955
5536,107.6758,,0,5.0,0.55,5,3,0,4.9986,0.679,wave,UNKNOWN,UNKNOWN,0.2767,0,86.044
5537,107.6861,,0,5.0,0.55,5,3,0,4.9474,0.6759,wave,UNKNOWN,UNKNOWN,0.2767,0,86.383
5538,107.6973,,0,5.0,0.55,5,3,0,4.9586,0.6738,wave,UNKNOWN,UNKNOWN,0.2767,0,86.061
5539,107.7095,,0,5.0,0.55,5,3,0,4.9708,0.6718,wave,UNKNOWN,UNKNOWN,0.2767,0,86.695
5540,107.7203,,0,5.0,0.55,5,3,0,4.9817,0.6697,wave,UNKNOWN,UNKNOWN,0.2767,0,86.864
5541,107.7316,,0,5.0,0.55,5,3,0,4.9929,0.6677,wave,UNKNOWN,UNKNOWN,0.2767,0,86.927
5542,107.7429,,0,5.0,0.55,5,3,0,4.9919,0.6646,wave,UNKNOWN,UNKNOWN,0.2767,0,87.646
5543,107.7536,,0,5.0,0.55,5,3,0,4.991,0.6616,wave,UNKNOWN,UNKNOWN,0.2767,0,87.759
5544,107.7649,,0,5.0,0.55,5,3,0,4.9895,0.6585,wave,UNKNOWN,UNKNOWN,0.2767,0,87.409
5545,107.7768,,0,5.0,0.55,5,3,0,4.9873,0.6555,wave,UNKNOWN,UNKNOWN,0.2767,0,88.081
5546,107.7873,,0,5.0,0.55,5,3,0,4.9978,0.6535,wave,UNKNOWN,UNKNOWN,0.2767,0,86.608
5547,107.801,,0,5.0,0.55,5,3,0,4.9988,0.6505,wave,UNKNOWN,UNKNOWN,0.2767,1,79.895
5548,107.8531,,0,5.0,0.55,5,3,0,4.9962,0.6442,wave,UNKNOWN,UNKNOWN,0.2767,0,80.171
5549,107.8645,,0,5.0,0.55,5,3,0,4.9962,0.6411,wave,UNKNOWN,UNKNOWN,0.2767,0,80.838
5550,107.8759,,0,5.0,0.55,5,3,0,4.9957,0.638,wave,UNKNOWN,UNKNOWN,0.2767,0,81.912
5551,107.8869,,0,5.0,0.55,5,3,0,4.994,0.635,wave,UNKNOWN,UNKNOWN,0.2767,0,80.747
5552,107.9011,,0,5.0,0.55,5,3,0,4.9959,0.6319,wave,UNKNOWN,UNKNOWN,0.2767,0,82.081
5553,107.9119,,0,5.0,0.55,5,3,0,4.995,0.6288,wave,UNKNOWN,UNKNOWN,0.2767,0,82.518
5554,107.9233,,0,5.0,0.55,5,3,0,4.993,0.6258,wave,UNKNOWN,UNKNOWN,0.2767,0,83.352
5555,107.9342,,0,5.0,0.55,5,3,0,4.9346,0.6227,wave,UNKNOWN,UNKNOWN,0.2767,0,83.766
5556,107.9458,,0,5.0,0.55,5,3,0,4.9462,0.6208,wave,UNKNOWN,UNKNOWN,0.2767,0,84.752
5557,107.9562,,0,5.0,0.55,5,3,0,4.9566,0.6189,wave,UNKNOWN,UNKNOWN,0.2767,0,85.504
5558,107.9673,,0,5.0,0.55,5,3,0,4.9677,0.617,wave,UNKNOWN,UNKNOWN,0.2767,0,84.854
5559,107.9799,,0,5.0,0.55,5,3,0,4.9803,0.6152,wave,UNKNOWN,UNKNOWN,0.2767,0,83.77
5560,107.9938,,0,5.0,0.55,5,3,0,4.9941,0.6133,wave,UNKNOWN,UNKNOWN,0.2767,0,84.423
5561,108.0045,,0,5.0,0.55,5,3,0,4.9927,0.6103,wave,UNKNOWN,UNKNOWN,0.2767,0,84.984
5562,108.0155,,0,5.0,0.55,5,3,0,4.9901,0.6073,wave,UNKNOWN,UNKNOWN,0.2767,0,85.349
5563,108.0271,,0,5.0,0.55,5,3,0,4.9892,0.6042,wave,UNKNOWN,UNKNOWN,0.2767,0,84.636
5564,108.04,,0,5.0,0.55,5,3,0,4.9903,0.6012,wave,UNKNOWN,UNKNOWN,0.2767,0,84.116
5565,108.0523,,0,5.0,0.55,5,3,0,4.9906,0.5982,WARMING_UP,WARMING_UP,WARMING_UP,0.0,0,84.379
5566,108.0638,,0,5.0,0.55,5,3,0,4.99,0.5952,WARMING_UP,WARMING_UP,WARMING_UP,0.0,0,84.862
5567,108.0755,,0,5.0,0.55,5,3,0,4.9893,0.5921,WARMING_UP,WARMING_UP,WARMING_UP,0.0,0,85.466
5568,108.0859,,0,5.0,0.55,5,3,0,4.9996,0.5904,WARMING_UP,WARMING_UP,WARMING_UP,0.0,0,85.786
5569,108.0972,,0,5.0,0.55,5,3,0,4.997,0.5873,WARMING_UP,WARMING_UP,WARMING_UP,0.0,0,86.197
5570,108.1085,,0,5.0,0.55,5,3,0,4.9936,0.5843,WARMING_UP,WARMING_UP,WARMING_UP,0.0,0,86.559
5571,108.1195,,0,5.0,0.55,5,3,0,4.9926,0.5813,WARMING_UP,WARMING_UP,WARMING_UP,0.0,0,87.162
5572,108.1302,,0,5.0,0.55,5,3,0,4.9914,0.5783,WARMING_UP,WARMING_UP,WARMING_UP,0.0,0,86.724
5573,108.1424,,0,5.0,0.55,5,3,0,4.9914,0.5753,WARMING_UP,WARMING_UP,WARMING_UP,0.0,0,87.306
5574,108.153,,0,5.0,0.55,5,3,0,4.99,0.5723,WARMING_UP,WARMING_UP,WARMING_UP,0.0,0,88.047
5575,108.1637,,0,5.0,0.55,5,3,0,4.9786,0.5693,WARMING_UP,WARMING_UP,WARMING_UP,0.0,0,88.349
5576,108.1747,,0,5.0,0.55,5,3,0,4.9897,0.5676,WARMING_UP,WARMING_UP,WARMING_UP,0.0,0,89.14
5577,108.1849,,0,5.0,0.55,5,3,0,4.9998,0.5659,WARMING_UP,WARMING_UP,WARMING_UP,0.0,0,88.921
5578,108.1967,,0,5.0,0.55,5,3,0,4.9596,0.5629,WARMING_UP,WARMING_UP,WARMING_UP,0.0,0,88.283
5579,108.2089,,0,5.0,0.55,5,3,0,4.9717,0.5612,WARMING_UP,WARMING_UP,WARMING_UP,0.0,0,86.26
5580,108.2238,,0,5.0,0.55,5,3,0,4.9867,0.5595,WARMING_UP,WARMING_UP,WARMING_UP,0.0,0,86.026
5581,108.2354,,0,5.0,0.55,5,3,0,4.9983,0.5579,WARMING_UP,WARMING_UP,WARMING_UP,0.0,0,86.2
5582,108.2467,,0,5.0,0.55,5,3,0,4.993,0.5549,WARMING_UP,WARMING_UP,WARMING_UP,0.0,0,84.624
5583,108.261,,0,5.0,0.55,5,3,0,4.9925,0.5519,WARMING_UP,WARMING_UP,WARMING_UP,0.0,0,84.989
5584,108.273,,0,5.0,0.55,5,3,0,4.99,0.549,WARMING_UP,WARMING_UP,WARMING_UP,0.0,0,85.291
5585,108.2834,,0,5.0,0.55,5,3,0,4.9883,0.546,WARMING_UP,WARMING_UP,WARMING_UP,0.0,0,85.984
5586,108.2945,,0,5.0,0.55,5,3,0,4.9995,0.5444,WARMING_UP,WARMING_UP,WARMING_UP,0.0,0,86.116
5587,108.3063,,0,5.0,0.55,5,3,0,4.998,0.5414,WARMING_UP,WARMING_UP,WARMING_UP,0.0,0,84.521
5588,108.3205,,0,5.0,0.55,5,3,0,4.9968,0.5385,WARMING_UP,WARMING_UP,WARMING_UP,0.0,0,85.098
5589,108.3313,,0,5.0,0.55,5,3,0,4.9929,0.5355,WARMING_UP,WARMING_UP,WARMING_UP,0.0,0,85.08
5590,108.343,,0,5.0,0.55,5,3,0,4.9913,0.5325,WARMING_UP,WARMING_UP,WARMING_UP,0.0,0,85.835
5591,108.354,,0,5.0,0.55,5,3,0,4.9905,0.5296,WARMING_UP,WARMING_UP,WARMING_UP,0.0,0,86.312
5592,108.3647,,0,5.0,0.55,5,3,0,4.9891,0.5266,WARMING_UP,WARMING_UP,WARMING_UP,0.0,0,86.838
5593,108.3758,,0,5.0,0.55,5,3,0,4.9876,0.5237,WARMING_UP,WARMING_UP,WARMING_UP,0.0,0,87.682
5594,108.3863,,0,5.0,0.55,5,3,0,4.9981,0.5221,WARMING_UP,WARMING_UP,WARMING_UP,0.0,0,88.107
5595,108.397,,0,5.0,0.55,5,3,0,4.9967,0.5192,WARMING_UP,WARMING_UP,WARMING_UP,0.0,0,88.53
5596,108.4079,,0,5.0,0.55,5,3,0,4.9952,0.5162,WARMING_UP,WARMING_UP,WARMING_UP,0.0,0,88.484
5597,108.4195,,0,5.0,0.55,5,3,0,4.9952,0.5133,WARMING_UP,WARMING_UP,WARMING_UP,0.0,0,88.464
5598,108.4306,,0,5.0,0.55,5,3,0,4.9923,0.5103,WARMING_UP,WARMING_UP,WARMING_UP,0.0,0,88.067
5599,108.4425,,0,5.0,0.55,5,3,0,4.9536,0.5074,WARMING_UP,WARMING_UP,WARMING_UP,0.0,0,88.527
5600,108.4534,,0,5.0,0.55,5,3,0,4.9644,0.5059,WARMING_UP,WARMING_UP,WARMING_UP,0.0,0,87.985
5601,108.4654,,0,5.0,0.55,5,3,0,4.9764,0.5044,WARMING_UP,WARMING_UP,WARMING_UP,0.0,0,88.109
5602,108.4765,,0,5.0,0.55,5,3,0,4.9876,0.5029,WARMING_UP,WARMING_UP,WARMING_UP,0.0,0,88.059
5603,108.488,,0,5.0,0.55,5,3,0,4.999,0.5015,WARMING_UP,WARMING_UP,WARMING_UP,0.0,0,88.843
5604,108.4984,,0,5.0,0.55,5,3,0,4.9953,0.4985,WARMING_UP,WARMING_UP,WARMING_UP,0.0,0,88.576
5605,108.5101,,0,5.0,0.55,5,3,0,4.9941,0.4956,WARMING_UP,WARMING_UP,WARMING_UP,0.0,0,88.924
5606,108.5208,,0,5.0,0.55,5,3,0,4.992,0.4927,WARMING_UP,WARMING_UP,WARMING_UP,0.0,0,89.317
5607,108.5318,,0,5.0,0.55,5,3,0,4.9887,0.4898,WARMING_UP,WARMING_UP,WARMING_UP,0.0,0,89.142
5608,108.5431,,0,5.0,0.55,5,3,0,5.0,0.4884,WARMING_UP,WARMING_UP,WARMING_UP,0.0,0,89.156
5609,108.5542,,0,5.0,0.55,5,3,0,4.9986,0.4855,WARMING_UP,WARMING_UP,WARMING_UP,0.0,0,89.783
5610,108.5651,,0,5.0,0.55,5,3,0,4.9937,0.4826,WARMING_UP,WARMING_UP,WARMING_UP,0.0,0,89.453
5611,108.5763,,0,5.0,0.55,5,3,0,4.9836,0.4797,WARMING_UP,WARMING_UP,WARMING_UP,0.0,0,89.945
5612,108.587,,0,5.0,0.55,5,3,0,4.9944,0.4783,WARMING_UP,WARMING_UP,WARMING_UP,0.0,0,90.04
5613,108.598,,0,5.0,0.55,5,3,0,4.9913,0.4754,WARMING_UP,WARMING_UP,WARMING_UP,0.0,0,89.504
5614,108.6097,,0,5.0,0.55,5,3,0,4.9868,0.4725,WARMING_UP,WARMING_UP,WARMING_UP,0.0,0,89.964
5615,108.6205,,0,5.0,0.55,5,3,0,4.9976,0.4711,WARMING_UP,WARMING_UP,WARMING_UP,0.0,0,89.964
5616,108.6314,,0,5.0,0.55,5,3,0,4.9959,0.4682,WARMING_UP,WARMING_UP,WARMING_UP,0.0,0,89.763
5617,108.6429,,0,5.0,0.55,5,3,0,4.9952,0.4653,WARMING_UP,WARMING_UP,WARMING_UP,0.0,0,89.819
5618,108.6541,,0,5.0,0.55,5,3,0,4.9929,0.4624,WARMING_UP,WARMING_UP,WARMING_UP,0.0,0,89.432
5619,108.6656,,0,5.0,0.55,5,3,0,4.9844,0.4595,WARMING_UP,WARMING_UP,WARMING_UP,0.0,0,87.494
5620,108.68,,0,5.0,0.55,5,3,0,4.9988,0.4582,WARMING_UP,WARMING_UP,WARMING_UP,0.0,0,87.465
5621,108.6914,,0,5.0,0.55,5,3,0,4.9951,0.4553,WARMING_UP,WARMING_UP,WARMING_UP,0.0,0,87.871
5622,108.7021,,0,5.0,0.55,5,3,0,4.9477,0.4524,WARMING_UP,WARMING_UP,WARMING_UP,0.0,0,86.379
5623,108.716,,0,5.0,0.55,5,3,0,4.9616,0.4511,WARMING_UP,WARMING_UP,WARMING_UP,0.0,0,86.837
5624,108.7268,,0,5.0,0.55,5,3,0,4.9724,0.4499,WARMING_UP,WARMING_UP,WARMING_UP,0.0,0,86.305
5625,108.7394,,0,5.0,0.55,5,3,0,4.985,0.4486,WARMING_UP,WARMING_UP,WARMING_UP,0.0,0,84.836
5626,108.7531,,0,5.0,0.55,5,3,0,4.9988,0.4473,WARMING_UP,WARMING_UP,WARMING_UP,0.0,0,81.835
5627,108.7714,,0,5.0,0.55,5,3,0,4.9927,0.4429,WARMING_UP,WARMING_UP,WARMING_UP,0.0,0,82.886
5628,108.7821,,0,5.0,0.55,5,3,0,4.9901,0.44,WARMING_UP,WARMING_UP,WARMING_UP,0.0,0,82.327
5629,108.7951,,0,5.0,0.55,5,3,0,4.9896,0.4371,WARMING_UP,WARMING_UP,WARMING_UP,0.0,0,83.827
5630,108.8052,,0,5.0,0.55,5,3,0,4.9996,0.4359,WARMING_UP,WARMING_UP,WARMING_UP,0.0,0,84.661
5631,108.8162,,0,5.0,0.55,5,3,0,4.998,0.433,WARMING_UP,WARMING_UP,WARMING_UP,0.0,0,84.98
5632,108.8276,,0,5.0,0.55,5,3,0,4.9976,0.4302,WARMING_UP,WARMING_UP,WARMING_UP,0.0,0,84.913
5633,108.8398,,0,5.0,0.55,5,3,0,4.9961,0.4274,WARMING_UP,WARMING_UP,WARMING_UP,0.0,0,81.95
5634,108.8578,,0,5.0,0.55,5,3,0,4.9845,0.4229,WARMING_UP,WARMING_UP,WARMING_UP,0.0,0,82.498
5635,108.869,,0,5.0,0.55,5,3,0,4.9957,0.4217,WARMING_UP,WARMING_UP,WARMING_UP,0.0,0,83.442
5636,108.8799,,0,5.0,0.55,5,3,0,4.9929,0.4188,WARMING_UP,WARMING_UP,WARMING_UP,0.0,0,84.523
5637,108.8909,,0,5.0,0.55,5,3,0,4.992,0.416,WARMING_UP,WARMING_UP,WARMING_UP,0.0,0,85.223
5638,108.9013,,0,5.0,0.55,5,3,0,4.9888,0.4131,WARMING_UP,WARMING_UP,WARMING_UP,0.0,0,85.752
5639,108.9126,,0,5.0,0.55,5,3,0,4.988,0.4103,WARMING_UP,WARMING_UP,WARMING_UP,0.0,0,86.238
5640,108.9243,,0,5.0,0.55,5,3,0,4.9997,0.4091,WARMING_UP,WARMING_UP,WARMING_UP,0.0,0,86.242
5641,108.9349,,0,5.0,0.55,5,3,0,4.9977,0.4062,WARMING_UP,WARMING_UP,WARMING_UP,0.0,0,83.069
5642,108.9538,,0,5.0,0.55,5,3,0,4.9527,0.4017,WARMING_UP,WARMING_UP,WARMING_UP,0.0,0,83.74
5643,108.9645,,0,5.0,0.55,5,3,0,4.9634,0.4006,WARMING_UP,WARMING_UP,WARMING_UP,0.0,0,84.146
5644,108.976,,0,5.0,0.55,5,3,0,4.9748,0.3994,WARMING_UP,WARMING_UP,WARMING_UP,0.0,0,85.482
5645,108.9861,,0,5.0,0.55,5,3,0,4.985,0.3983,WARMING_UP,WARMING_UP,WARMING_UP,0.0,0,84.309
5646,108.9998,,0,5.0,0.55,5,3,0,4.9986,0.3972,WARMING_UP,WARMING_UP,WARMING_UP,0.0,0,85.087
5647,109.0106,,0,5.0,0.55,5,3,0,4.997,0.3944,WARMING_UP,WARMING_UP,WARMING_UP,0.0,0,86.401
5648,109.0208,,0,5.0,0.55,5,3,0,4.9869,0.3915,WARMING_UP,WARMING_UP,WARMING_UP,0.0,0,86.921
5649,109.0317,,0,5.0,0.55,5,3,0,4.9978,0.3904,WARMING_UP,WARMING_UP,WARMING_UP,0.0,0,87.497
5650,109.0425,,0,5.0,0.55,5,3,0,4.9965,0.3876,WARMING_UP,WARMING_UP,WARMING_UP,0.0,0,88.245
5651,109.053,,0,5.0,0.55,5,3,0,4.9944,0.3848,WARMING_UP,WARMING_UP,WARMING_UP,0.0,0,88.468
5652,109.0641,,0,5.0,0.55,5,3,0,4.9928,0.382,WARMING_UP,WARMING_UP,WARMING_UP,0.0,0,88.296
5653,109.0758,,0,5.0,0.55,5,3,0,4.9917,0.3792,WARMING_UP,WARMING_UP,WARMING_UP,0.0,0,87.752
5654,109.0878,,0,5.0,0.55,5,3,0,4.9912,0.3764,WARMING_UP,WARMING_UP,WARMING_UP,0.0,0,88.458
5655,109.0981,,0,5.0,0.55,5,3,0,4.9882,0.3736,WARMING_UP,WARMING_UP,WARMING_UP,0.0,0,87.979
5656,109.1104,,0,5.0,0.55,5,3,0,4.9879,0.3708,WARMING_UP,WARMING_UP,WARMING_UP,0.0,0,88.476
5657,109.121,,0,5.0,0.55,5,3,0,4.9985,0.3697,WARMING_UP,WARMING_UP,WARMING_UP,0.0,0,88.878
5658,109.1317,,0,5.0,0.55,5,3,0,4.9972,0.3669,WARMING_UP,WARMING_UP,WARMING_UP,0.0,0,88.388
5659,109.1437,,0,5.0,0.55,5,3,0,4.9972,0.3641,WARMING_UP,WARMING_UP,WARMING_UP,0.0,0,88.979
5660,109.1544,,0,5.0,0.55,5,3,0,4.9954,0.3613,WARMING_UP,WARMING_UP,WARMING_UP,0.0,0,89.387
5661,109.165,,0,5.0,0.55,5,3,0,4.9937,0.3585,WARMING_UP,WARMING_UP,WARMING_UP,0.0,0,88.961
5662,109.1768,,0,5.0,0.55,5,3,0,4.993,0.3557,WARMING_UP,WARMING_UP,WARMING_UP,0.0,0,89.677
5663,109.1872,,0,5.0,0.55,5,3,0,4.9882,0.3529,WARMING_UP,WARMING_UP,WARMING_UP,0.0,0,89.96
5664,109.1982,,0,5.0,0.55,5,3,0,4.9992,0.352,WARMING_UP,WARMING_UP,WARMING_UP,0.0,0,89.609
5665,109.2096,,0,5.0,0.55,5,3,0,4.9979,0.3492,WARMING_UP,WARMING_UP,WARMING_UP,0.0,0,88.339
5666,109.2229,,0,5.0,0.55,5,3,0,4.9609,0.3464,WARMING_UP,WARMING_UP,WARMING_UP,0.0,0,88.306
5667,109.2341,,0,5.0,0.55,5,3,0,4.9721,0.3454,WARMING_UP,WARMING_UP,WARMING_UP,0.0,0,88.488
5668,109.245,,0,5.0,0.55,5,3,0,4.9829,0.3444,WARMING_UP,WARMING_UP,WARMING_UP,0.0,0,88.507
5669,109.2568,,0,5.0,0.55,5,3,0,4.9948,0.3435,WARMING_UP,WARMING_UP,WARMING_UP,0.0,0,88.066
5670,109.2681,,0,5.0,0.55,5,3,0,4.9931,0.3407,WARMING_UP,WARMING_UP,WARMING_UP,0.0,0,84.556
5671,109.2871,,0,5.0,0.55,5,3,0,4.9976,0.338,WARMING_UP,WARMING_UP,WARMING_UP,0.0,0,85.473
5672,109.2976,,0,5.0,0.55,5,3,0,4.9949,0.3352,WARMING_UP,WARMING_UP,WARMING_UP,0.0,0,85.467
5673,109.3095,,0,5.0,0.55,5,3,0,4.9946,0.3324,WARMING_UP,WARMING_UP,WARMING_UP,0.0,0,86.29
5674,109.3204,,0,5.0,0.55,5,3,0,4.993,0.3296,WARMING_UP,WARMING_UP,WARMING_UP,0.0,0,86.501
5675,109.3317,,0,5.0,0.55,5,3,0,4.9799,0.3269,WARMING_UP,WARMING_UP,WARMING_UP,0.0,0,87.192
5676,109.342,,0,5.0,0.55,5,3,0,4.9902,0.326,WARMING_UP,WARMING_UP,WARMING_UP,0.0,0,85.995
5677,109.3555,,0,5.0,0.55,5,3,0,4.9904,0.3232,WARMING_UP,WARMING_UP,WARMING_UP,0.0,0,86.444
5678,109.3664,,0,5.0,0.55,5,3,0,4.9878,0.3204,WARMING_UP,WARMING_UP,WARMING_UP,0.0,0,85.33
5679,109.3805,,0,5.0,0.55,5,3,0,4.9888,0.3177,WARMING_UP,WARMING_UP,WARMING_UP,0.0,0,85.285
5680,109.3915,,0,5.0,0.55,5,3,0,4.9998,0.3168,WARMING_UP,WARMING_UP,WARMING_UP,0.0,0,86.408
5681,109.4018,,0,5.0,0.55,5,3,0,4.9973,0.314,WARMING_UP,WARMING_UP,WARMING_UP,0.0,0,87.315
5682,109.4127,,0,5.0,0.55,5,3,0,4.9891,0.3113,WARMING_UP,WARMING_UP,WARMING_UP,0.0,0,87.278
5683,109.4241,,0,5.0,0.55,5,3,0,4.9884,0.3085,WARMING_UP,WARMING_UP,WARMING_UP,0.0,0,87.278
5684,109.4352,,0,5.0,0.55,5,3,0,4.9996,0.3077,WARMING_UP,WARMING_UP,WARMING_UP,0.0,0,87.945
5685,109.4461,,0,5.0,0.55,5,3,0,4.989,0.3049,WARMING_UP,WARMING_UP,WARMING_UP,0.0,0,88.304
5686,109.4569,,0,5.0,0.55,5,3,0,4.9998,0.3041,WARMING_UP,WARMING_UP,WARMING_UP,0.0,0,88.461
5687,109.468,,0,5.0,0.55,5,3,0,4.9897,0.3014,WARMING_UP,WARMING_UP,WARMING_UP,0.0,0,88.55
5688,109.4792,,0,5.0,0.55,5,3,0,4.9389,0.2986,WARMING_UP,WARMING_UP,WARMING_UP,0.0,0,89.271
5689,109.4897,,0,5.0,0.55,5,3,0,4.9494,0.2978,WARMING_UP,WARMING_UP,WARMING_UP,0.0,0,89.44
5690,109.5007,,0,5.0,0.55,5,3,0,4.9604,0.297,WARMING_UP,WARMING_UP,WARMING_UP,0.0,0,89.491
5691,109.5118,,0,5.0,0.55,5,3,0,4.9715,0.2962,WARMING_UP,WARMING_UP,WARMING_UP,0.0,0,89.869
5692,109.5224,,0,5.0,0.55,5,3,0,4.9821,0.2954,WARMING_UP,WARMING_UP,WARMING_UP,0.0,0,89.975
5693,109.5335,,0,5.0,0.55,5,3,0,4.9932,0.2946,WARMING_UP,WARMING_UP,WARMING_UP,0.0,0,89.622
5694,109.5451,,0,5.0,0.55,5,3,0,4.9918,0.2919,WARMING_UP,WARMING_UP,WARMING_UP,0.0,0,90.368
5695,109.5552,,0,5.0,0.55,5,3,0,4.9899,0.2892,WARMING_UP,WARMING_UP,WARMING_UP,0.0,0,90.571
5696,109.5662,,0,5.0,0.55,5,3,0,4.9849,0.2865,WARMING_UP,WARMING_UP,WARMING_UP,0.0,0,89.248
5697,109.5792,,0,5.0,0.55,5,3,0,4.9979,0.2857,WARMING_UP,WARMING_UP,WARMING_UP,0.0,0,89.319
5698,109.5905,,0,5.0,0.55,5,3,0,4.9962,0.283,WARMING_UP,WARMING_UP,WARMING_UP,0.0,0,89.464
5699,109.6013,,0,5.0,0.55,5,3,0,4.9935,0.2803,WARMING_UP,WARMING_UP,WARMING_UP,0.0,0,88.19
5700,109.6144,,0,5.0,0.55,5,3,0,4.9912,0.2776,WARMING_UP,WARMING_UP,WARMING_UP,0.0,0,88.081
5701,109.6259,,0,5.0,0.55,5,3,0,4.991,0.2749,WARMING_UP,WARMING_UP,WARMING_UP,0.0,0,86.985
5702,109.6388,,0,5.0,0.55,5,3,0,4.9919,0.2722,WARMING_UP,WARMING_UP,WARMING_UP,0.0,0,87.418
5703,109.6497,,0,5.0,0.55,5,3,0,4.9895,0.2695,WARMING_UP,WARMING_UP,WARMING_UP,0.0,0,86.767
5704,109.6622,,0,5.0,0.55,5,3,0,4.988,0.2668,WARMING_UP,WARMING_UP,WARMING_UP,0.0,0,87.627
5705,109.6725,,0,5.0,0.55,5,3,0,4.9983,0.2661,WARMING_UP,WARMING_UP,WARMING_UP,0.0,0,88.39
5706,109.683,,0,5.0,0.55,5,3,0,4.9965,0.2634,WARMING_UP,WARMING_UP,WARMING_UP,0.0,0,87.935
5707,109.695,,0,5.0,0.55,5,3,0,4.9959,0.2608,WARMING_UP,WARMING_UP,WARMING_UP,0.0,0,88.464
5708,109.7056,,0,5.0,0.55,5,3,0,4.9935,0.2581,WARMING_UP,WARMING_UP,WARMING_UP,0.0,0,87.052
5709,109.7191,,0,5.0,0.55,5,3,0,4.9931,0.2554,WARMING_UP,WARMING_UP,WARMING_UP,0.0,0,87.028
5710,109.7306,,0,5.0,0.55,5,3,0,4.9904,0.2527,WARMING_UP,WARMING_UP,WARMING_UP,0.0,0,87.907
5711,109.7412,,0,5.0,0.55,5,3,0,4.9462,0.25,WARMING_UP,WARMING_UP,WARMING_UP,0.0,0,88.484
5712,109.7516,,0,5.0,0.55,5,3,0,4.9566,0.2493,WARMING_UP,WARMING_UP,WARMING_UP,0.0,0,85.0
5713,109.7708,,0,5.0,0.55,5,3,0,4.9758,0.2487,WARMING_UP,WARMING_UP,WARMING_UP,0.0,0,85.277
5714,109.7818,,0,5.0,0.55,5,3,0,4.9867,0.248,WARMING_UP,WARMING_UP,WARMING_UP,0.0,0,85.312
5715,109.7935,,0,5.0,0.55,5,3,0,4.9985,0.2473,WARMING_UP,WARMING_UP,WARMING_UP,0.0,0,86.411
5716,109.8036,,0,5.0,0.55,5,3,0,4.9937,0.2447,WARMING_UP,WARMING_UP,WARMING_UP,0.0,0,87.416
5717,109.8141,,0,5.0,0.55,5,3,0,4.9894,0.242,WARMING_UP,WARMING_UP,WARMING_UP,0.0,0,88.392
5718,109.8247,,0,5.0,0.55,5,3,0,4.9999,0.2414,WARMING_UP,WARMING_UP,WARMING_UP,0.0,0,88.987
5719,109.8349,,0,5.0,0.55,5,3,0,4.994,0.2387,WARMING_UP,WARMING_UP,WARMING_UP,0.0,0,89.451
5720,109.8458,,0,5.0,0.55,5,3,0,4.9827,0.2361,WARMING_UP,WARMING_UP,WARMING_UP,0.0,0,87.39
5721,109.8605,,0,5.0,0.55,5,3,0,4.9974,0.2354,WARMING_UP,WARMING_UP,WARMING_UP,0.0,0,87.497
5722,109.8716,,0,5.0,0.55,5,3,0,4.9952,0.2328,WARMING_UP,WARMING_UP,WARMING_UP,0.0,0,88.353
5723,109.8819,,0,5.0,0.55,5,3,0,4.9914,0.2302,WARMING_UP,WARMING_UP,WARMING_UP,0.0,0,87.938
5724,109.894,,0,5.0,0.55,5,3,0,4.9903,0.2275,WARMING_UP,WARMING_UP,WARMING_UP,0.0,0,88.754
5725,109.9044,,0,5.0,0.55,5,3,0,4.9888,0.2249,WARMING_UP,WARMING_UP,WARMING_UP,0.0,0,88.893
5726,109.9155,,0,5.0,0.55,5,3,0,4.9998,0.2243,WARMING_UP,WARMING_UP,WARMING_UP,0.0,0,88.329
5727,109.9275,,0,5.0,0.55,5,3,0,4.9987,0.2216,WARMING_UP,WARMING_UP,WARMING_UP,0.0,0,88.12
5728,109.939,,0,5.0,0.55,5,3,0,4.9963,0.219,WARMING_UP,WARMING_UP,WARMING_UP,0.0,0,88.275
5729,109.9501,,0,5.0,0.55,5,3,0,4.9936,0.2164,WARMING_UP,WARMING_UP,WARMING_UP,0.0,0,88.678
5730,109.961,,0,5.0,0.55,5,3,0,4.9925,0.2137,WARMING_UP,WARMING_UP,WARMING_UP,0.0,0,89.142
5731,109.9718,,0,5.0,0.55,5,3,0,4.9912,0.2111,WARMING_UP,WARMING_UP,WARMING_UP,0.0,0,89.608
5732,109.9824,,0,5.0,0.55,5,3,0,4.989,0.2084,WARMING_UP,WARMING_UP,WARMING_UP,0.0,0,89.152
5733,109.9942,,0,5.0,0.55,5,3,0,4.9487,0.2058,WARMING_UP,WARMING_UP,WARMING_UP,0.0,0,89.626
5734,110.0048,,0,5.0,0.55,5,3,0,4.9593,0.2053,WARMING_UP,WARMING_UP,WARMING_UP,0.0,0,89.752
5735,110.0158,,0,5.0,0.55,5,3,0,4.9703,0.2047,WARMING_UP,WARMING_UP,WARMING_UP,0.0,0,89.653
5736,110.027,,0,5.0,0.55,5,3,0,4.9816,0.2042,WARMING_UP,WARMING_UP,WARMING_UP,0.0,0,88.686
5737,110.0397,,0,5.0,0.55,5,3,0,4.9942,0.2037,WARMING_UP,WARMING_UP,WARMING_UP,0.0,0,88.965
5738,110.0505,,0,5.0,0.55,5,3,0,4.9913,0.201,WARMING_UP,WARMING_UP,WARMING_UP,0.0,0,88.765
5739,110.062,,0,5.0,0.55,5,3,0,4.9892,0.1984,WARMING_UP,WARMING_UP,WARMING_UP,0.0,0,85.095
5740,110.0813,,0,5.0,0.55,5,3,0,4.9964,0.1958,WARMING_UP,WARMING_UP,WARMING_UP,0.0,0,85.627
5741,110.0924,,0,5.0,0.55,5,3,0,4.9947,0.1932,WARMING_UP,WARMING_UP,WARMING_UP,0.0,0,86.285
5742,110.103,,0,5.0,0.55,5,3,0,4.9924,0.1906,WARMING_UP,WARMING_UP,WARMING_UP,0.0,0,87.127
5743,110.1137,,0,5.0,0.55,5,3,0,4.989,0.188,WARMING_UP,WARMING_UP,WARMING_UP,0.0,0,87.499
5744,110.125,,0,5.0,0.55,5,3,0,4.9884,0.1854,WARMING_UP,WARMING_UP,WARMING_UP,0.0,0,85.944
5745,110.1386,,0,5.0,0.55,5,3,0,4.9901,0.1828,WARMING_UP,WARMING_UP,WARMING_UP,0.0,0,86.259
5746,110.1498,,0,5.0,0.55,5,3,0,4.9881,0.1802,WARMING_UP,WARMING_UP,WARMING_UP,0.0,0,86.896
5747,110.1608,,0,5.0,0.55,5,3,0,4.9991,0.1797,WARMING_UP,WARMING_UP,WARMING_UP,0.0,0,87.461
5748,110.1714,,0,5.0,0.55,5,3,0,4.996,0.1771,WARMING_UP,WARMING_UP,WARMING_UP,0.0,0,88.083
5749,110.1821,,0,5.0,0.55,5,3,0,4.9935,0.1745,WARMING_UP,WARMING_UP,WARMING_UP,0.0,0,88.178
5750,110.1934,,0,5.0,0.55,5,3,0,4.9901,0.1719,WARMING_UP,WARMING_UP,WARMING_UP,0.0,0,88.817
5751,110.2038,,0,5.0,0.55,5,3,0,4.9886,0.1693,WARMING_UP,WARMING_UP,WARMING_UP,0.0,0,89.029
5752,110.2148,,0,5.0,0.55,5,3,0,4.9997,0.1688,WARMING_UP,WARMING_UP,WARMING_UP,0.0,0,89.066
5753,110.2262,,0,5.0,0.55,5,3,0,4.9895,0.1662,WARMING_UP,WARMING_UP,WARMING_UP,0.0,0,89.255
5754,110.2371,,0,5.0,0.55,5,3,0,4.9813,0.1636,WARMING_UP,WARMING_UP,WARMING_UP,0.0,0,85.346
5755,110.2578,,0,5.0,0.55,5,3,0,4.9497,0.161,WARMING_UP,WARMING_UP,WARMING_UP,0.0,0,85.252
5756,110.2688,,0,5.0,0.55,5,3,0,4.9608,0.1606,WARMING_UP,WARMING_UP,WARMING_UP,0.0,0,85.953
5757,110.2798,,0,5.0,0.55,5,3,0,4.9718,0.1602,WARMING_UP,WARMING_UP,WARMING_UP,0.0,0,86.947
5758,110.2902,,0,5.0,0.55,5,3,0,4.9822,0.1598,WARMING_UP,WARMING_UP,WARMING_UP,0.0,0,86.13
5759,110.3027,,0,5.0,0.55,5,3,0,4.9947,0.1594,WARMING_UP,WARMING_UP,WARMING_UP,0.0,0,86.622
5760,110.3138,,0,5.0,0.55,5,3,0,4.9894,0.1568,WARMING_UP,WARMING_UP,WARMING_UP,0.0,0,86.181
5761,110.3265,,0,5.0,0.55,5,3,0,4.9885,0.1542,WARMING_UP,WARMING_UP,WARMING_UP,0.0,0,85.55
5762,110.3384,,0,5.0,0.55,5,3,0,4.9886,0.1517,WARMING_UP,WARMING_UP,WARMING_UP,0.0,0,86.137
5763,110.3493,,0,5.0,0.55,5,3,0,4.9996,0.1513,WARMING_UP,WARMING_UP,WARMING_UP,0.0,0,86.653
5764,110.3604,,0,5.0,0.55,5,3,0,4.9971,0.1487,WARMING_UP,WARMING_UP,WARMING_UP,0.0,0,87.593
5765,110.3707,,0,5.0,0.55,5,3,0,4.993,0.1462,WARMING_UP,WARMING_UP,WARMING_UP,0.0,0,87.249
5766,110.3827,,0,5.0,0.55,5,3,0,4.9908,0.1436,WARMING_UP,WARMING_UP,WARMING_UP,0.0,0,86.595
5767,110.3951,,0,5.0,0.55,5,3,0,4.9894,0.141,WARMING_UP,WARMING_UP,WARMING_UP,0.0,0,87.523
5768,110.4057,,0,5.0,0.55,5,3,0,4.988,0.1385,WARMING_UP,WARMING_UP,WARMING_UP,0.0,0,86.094
5769,110.4191,,0,5.0,0.55,5,3,0,4.989,0.1359,WARMING_UP,WARMING_UP,WARMING_UP,0.0,0,86.067
5770,110.4308,,0,5.0,0.55,5,3,0,4.9879,0.1333,WARMING_UP,WARMING_UP,WARMING_UP,0.0,0,86.956
5771,110.442,,0,5.0,0.55,5,3,0,4.9991,0.133,WARMING_UP,WARMING_UP,WARMING_UP,0.0,0,86.838
5772,110.4529,,0,5.0,0.55,5,3,0,4.9893,0.1304,WARMING_UP,WARMING_UP,WARMING_UP,0.0,0,87.078
5773,110.4642,,0,5.0,0.55,5,3,0,4.9889,0.1279,WARMING_UP,WARMING_UP,WARMING_UP,0.0,0,86.671
5774,110.4763,,0,5.0,0.55,5,3,0,4.9882,0.1253,WARMING_UP,WARMING_UP,WARMING_UP,0.0,0,87.65
5775,110.4864,,0,5.0,0.55,5,3,0,4.9983,0.125,WARMING_UP,WARMING_UP,WARMING_UP,0.0,0,86.893
5776,110.499,,0,5.0,0.55,5,3,0,4.9967,0.1224,WARMING_UP,WARMING_UP,WARMING_UP,0.0,0,87.24
5777,110.5101,,0,5.0,0.55,5,3,0,4.995,0.1199,WARMING_UP,WARMING_UP,WARMING_UP,0.0,0,87.584
5778,110.5213,,0,5.0,0.55,5,3,0,4.9509,0.1173,WARMING_UP,WARMING_UP,WARMING_UP,0.0,0,87.476
5779,110.5329,,0,5.0,0.55,5,3,0,4.9624,0.117,WARMING_UP,WARMING_UP,WARMING_UP,0.0,0,87.888
5780,110.5437,,0,5.0,0.55,5,3,0,4.9732,0.1168,WARMING_UP,WARMING_UP,WARMING_UP,0.0,0,88.461
5781,110.5544,,0,5.0,0.55,5,3,0,4.9839,0.1165,WARMING_UP,WARMING_UP,WARMING_UP,0.0,0,88.842
5782,110.5651,,0,5.0,0.55,5,3,0,4.9946,0.1162,WARMING_UP,WARMING_UP,WARMING_UP,0.0,0,86.975
5783,110.5795,,0,5.0,0.55,5,3,0,4.9964,0.1136,WARMING_UP,WARMING_UP,WARMING_UP,0.0,0,87.26
5784,110.5909,,0,5.0,0.55,5,3,0,4.9958,0.1111,WARMING_UP,WARMING_UP,WARMING_UP,0.0,0,87.51
5785,110.6016,,0,5.0,0.55,5,3,0,4.9937,0.1086,WARMING_UP,WARMING_UP,WARMING_UP,0.0,0,87.724
5786,110.6128,,0,5.0,0.55,5,3,0,4.9923,0.1061,WARMING_UP,WARMING_UP,WARMING_UP,0.0,0,88.226
5787,110.6239,,0,5.0,0.55,5,3,0,4.9912,0.1035,WARMING_UP,WARMING_UP,WARMING_UP,0.0,0,88.408
5788,110.6346,,0,5.0,0.55,5,3,0,4.9886,0.101,WARMING_UP,WARMING_UP,WARMING_UP,0.0,0,87.59
5789,110.6473,,0,5.0,0.55,5,3,0,4.9875,0.0985,WARMING_UP,WARMING_UP,WARMING_UP,0.0,0,85.839
5790,110.6616,,0,5.0,0.55,5,3,0,4.981,0.096,WARMING_UP,WARMING_UP,WARMING_UP,0.0,0,86.69
5791,110.6721,,0,5.0,0.55,5,3,0,4.9915,0.0957,WARMING_UP,WARMING_UP,WARMING_UP,0.0,0,87.502
5792,110.6825,,0,5.0,0.55,5,3,0,4.9898,0.0932,WARMING_UP,WARMING_UP,WARMING_UP,0.0,0,86.916
5793,110.695,,0,5.0,0.55,5,3,0,4.9849,0.0907,WARMING_UP,WARMING_UP,WARMING_UP,0.0,0,87.521
5794,110.706,,0,5.0,0.55,5,3,0,4.996,0.0905,WARMING_UP,WARMING_UP,WARMING_UP,0.0,0,86.709
5795,110.7186,,0,5.0,0.55,5,3,0,4.9931,0.0879,WARMING_UP,WARMING_UP,WARMING_UP,0.0,0,86.096
5796,110.7311,,0,5.0,0.55,5,3,0,4.9932,0.0854,WARMING_UP,WARMING_UP,WARMING_UP,0.0,0,85.204
5797,110.7438,,0,5.0,0.55,5,3,0,4.9937,0.0829,WARMING_UP,WARMING_UP,WARMING_UP,0.0,0,85.33
5798,110.7553,,0,5.0,0.55,5,3,0,4.9931,0.0804,WARMING_UP,WARMING_UP,WARMING_UP,0.0,0,85.996
5799,110.7661,,0,5.0,0.55,5,3,0,4.9909,0.0779,WARMING_UP,WARMING_UP,WARMING_UP,0.0,0,85.117
5800,110.779,,0,5.0,0.55,5,3,0,4.9453,0.0754,WARMING_UP,WARMING_UP,WARMING_UP,0.0,0,85.875
5801,110.7898,,0,5.0,0.55,5,3,0,4.956,0.0752,WARMING_UP,WARMING_UP,WARMING_UP,0.0,0,86.598
5802,110.8005,,0,5.0,0.55,5,3,0,4.9667,0.075,WARMING_UP,WARMING_UP,WARMING_UP,0.0,0,86.965
5803,110.8116,,0,5.0,0.55,5,3,0,4.9779,0.0748,WARMING_UP,WARMING_UP,WARMING_UP,0.0,0,87.524
5804,110.8227,,0,5.0,0.55,5,3,0,4.9889,0.0746,WARMING_UP,WARMING_UP,WARMING_UP,0.0,0,87.707
5805,110.8338,,0,5.0,0.55,5,3,0,4.9867,0.0721,WARMING_UP,WARMING_UP,WARMING_UP,0.0,0,87.916
5806,110.8447,,0,5.0,0.55,5,3,0,4.9976,0.072,WARMING_UP,WARMING_UP,WARMING_UP,0.0,0,88.193
5807,110.8558,,0,5.0,0.55,5,3,0,4.9937,0.0695,WARMING_UP,WARMING_UP,WARMING_UP,0.0,0,88.81
5808,110.8665,,0,5.0,0.55,5,3,0,4.9921,0.067,WARMING_UP,WARMING_UP,WARMING_UP,0.0,0,87.647
5809,110.8793,,0,5.0,0.55,5,3,0,4.9927,0.0645,WARMING_UP,WARMING_UP,WARMING_UP,0.0,0,87.851
5810,110.8907,,0,5.0,0.55,5,3,0,4.9918,0.062,WARMING_UP,WARMING_UP,WARMING_UP,0.0,0,88.145
5811,110.9014,,0,5.0,0.55,5,3,0,4.9896,0.0596,WARMING_UP,WARMING_UP,WARMING_UP,0.0,0,87.625
5812,110.9135,,0,5.0,0.55,5,3,0,4.9882,0.0571,WARMING_UP,WARMING_UP,WARMING_UP,0.0,0,88.144
5813,110.9249,,0,5.0,0.55,5,3,0,4.9995,0.0569,WARMING_UP,WARMING_UP,WARMING_UP,0.0,0,87.352
5814,110.9367,,0,5.0,0.55,5,3,0,4.9993,0.0545,WARMING_UP,WARMING_UP,WARMING_UP,0.0,0,88.311
5815,110.9469,,0,5.0,0.55,5,3,0,4.9976,0.052,WARMING_UP,WARMING_UP,WARMING_UP,0.0,0,88.093
5816,110.9586,,0,5.0,0.55,5,3,0,4.9961,0.0495,WARMING_UP,WARMING_UP,WARMING_UP,0.0,0,88.365
5817,110.9696,,0,5.0,0.55,5,3,0,4.9928,0.047,WARMING_UP,WARMING_UP,WARMING_UP,0.0,0,88.866
5818,110.9806,,0,5.0,0.55,5,3,0,4.9913,0.0446,WARMING_UP,WARMING_UP,WARMING_UP,0.0,0,89.102
5819,110.9921,,0,5.0,0.55,5,3,0,4.9908,0.0421,WARMING_UP,WARMING_UP,WARMING_UP,0.0,0,88.682
5820,111.0031,,0,5.0,0.55,5,3,0,4.9896,0.0396,WARMING_UP,WARMING_UP,WARMING_UP,0.0,0,88.934
5821,111.0143,,0,5.0,0.55,5,3,0,4.9881,0.0371,WARMING_UP,WARMING_UP,WARMING_UP,0.0,0,89.145
5822,111.0252,,0,5.0,0.55,5,3,0,4.9989,0.037,WARMING_UP,WARMING_UP,WARMING_UP,0.0,0,84.894
5823,111.0466,,0,5.0,0.55,5,3,0,4.9702,0.0346,WARMING_UP,WARMING_UP,WARMING_UP,0.0,0,84.494
5824,111.0593,,0,5.0,0.55,5,3,0,4.9828,0.0345,WARMING_UP,WARMING_UP,WARMING_UP,0.0,0,85.086
5825,111.0699,,0,5.0,0.55,5,3,0,4.9934,0.0344,WARMING_UP,WARMING_UP,WARMING_UP,0.0,0,86.007
5826,111.0805,,0,5.0,0.55,5,3,0,4.9909,0.0319,WARMING_UP,WARMING_UP,WARMING_UP,0.0,0,87.115
5827,111.0912,,0,5.0,0.55,5,3,0,4.9892,0.0295,WARMING_UP,WARMING_UP,WARMING_UP,0.0,0,87.312
5828,111.102,,0,5.0,0.55,5,3,0,5.0,0.0294,WARMING_UP,WARMING_UP,WARMING_UP,0.0,0,87.303
5829,111.1136,,0,5.0,0.55,5,3,0,4.9996,0.027,WARMING_UP,WARMING_UP,WARMING_UP,0.0,0,88.286
5830,111.1238,,0,5.0,0.55,5,3,0,4.9965,0.0245,WARMING_UP,WARMING_UP,WARMING_UP,0.0,0,84.692
5831,111.143,,0,5.0,0.55,5,3,0,4.9905,0.0221,WARMING_UP,WARMING_UP,WARMING_UP,0.0,0,85.527
5832,111.1535,,0,5.0,0.55,5,3,0,4.9902,0.0221,WARMING_UP,WARMING_UP,WARMING_UP,0.0,0,86.585
5833,111.164,,0,5.0,0.55,5,3,0,4.9895,0.0221,WARMING_UP,WARMING_UP,WARMING_UP,0.0,0,87.791
5834,111.1742,,0,5.0,0.55,5,3,0,4.9997,0.0221,WARMING_UP,WARMING_UP,WARMING_UP,0.0,0,88.003
5835,111.1854,,0,5.0,0.55,5,3,0,4.9892,0.0221,WARMING_UP,WARMING_UP,WARMING_UP,0.0,0,86.266
5836,111.1996,,0,5.0,0.55,5,3,0,4.9875,0.0221,WARMING_UP,WARMING_UP,WARMING_UP,0.0,0,86.392
5837,111.2109,,0,5.0,0.55,5,3,0,4.9989,0.0221,WARMING_UP,WARMING_UP,WARMING_UP,0.0,0,86.405
5838,111.223,,0,5.0,0.55,5,3,0,4.9999,0.0221,WARMING_UP,WARMING_UP,WARMING_UP,0.0,0,86.3
5839,111.2342,,0,5.0,0.55,5,3,0,5.0,0.0221,WARMING_UP,WARMING_UP,WARMING_UP,0.0,0,86.321
5840,111.2458,,0,5.0,0.55,5,3,0,4.9998,0.0221,WARMING_UP,WARMING_UP,WARMING_UP,0.0,0,85.526
5841,111.2593,,0,5.0,0.55,5,3,0,4.9905,0.0221,WARMING_UP,WARMING_UP,WARMING_UP,0.0,0,85.633
5842,111.27,,0,5.0,0.55,5,3,0,4.9892,0.0221,WARMING_UP,WARMING_UP,WARMING_UP,0.0,0,86.285
5843,111.2809,,0,5.0,0.55,5,3,0,4.9514,0.0221,WARMING_UP,WARMING_UP,WARMING_UP,0.0,0,86.711
5844,111.2925,,0,5.0,0.55,5,3,0,4.963,0.0221,WARMING_UP,WARMING_UP,WARMING_UP,0.0,0,86.989
5845,111.303,,0,5.0,0.55,5,3,0,4.9734,0.022,WARMING_UP,WARMING_UP,WARMING_UP,0.0,0,87.259
5846,111.3143,,0,5.0,0.55,5,3,0,4.9847,0.022,WARMING_UP,WARMING_UP,WARMING_UP,0.0,0,88.25
5847,111.3252,,0,5.0,0.55,5,3,0,4.9956,0.0219,WARMING_UP,WARMING_UP,WARMING_UP,0.0,0,88.076
5848,111.336,,0,5.0,0.55,5,3,0,4.9953,0.0219,WARMING_UP,WARMING_UP,WARMING_UP,0.0,0,88.628
5849,111.3469,,0,5.0,0.55,5,3,0,4.9936,0.0219,WARMING_UP,WARMING_UP,WARMING_UP,0.0,0,87.99
5850,111.359,,0,5.0,0.55,5,3,0,4.9947,0.0219,WARMING_UP,WARMING_UP,WARMING_UP,0.0,0,88.905
5851,111.369,,0,5.0,0.55,5,3,0,4.9935,0.0219,WARMING_UP,WARMING_UP,WARMING_UP,0.0,0,89.126
5852,111.3803,,0,5.0,0.55,5,3,0,4.994,0.0219,WARMING_UP,WARMING_UP,WARMING_UP,0.0,0,89.703
5853,111.391,,0,5.0,0.55,5,3,0,4.9921,0.0219,WARMING_UP,WARMING_UP,WARMING_UP,0.0,0,89.874
5854,111.4016,,0,5.0,0.55,5,3,0,4.9915,0.0219,WARMING_UP,WARMING_UP,WARMING_UP,0.0,0,90.223
5855,111.4125,,0,5.0,0.55,5,3,0,4.9882,0.0219,WARMING_UP,WARMING_UP,WARMING_UP,0.0,0,90.723
5856,111.4233,,0,5.0,0.55,5,3,0,4.999,0.0218,WARMING_UP,WARMING_UP,WARMING_UP,0.0,0,90.71
5857,111.4339,,0,5.0,0.55,5,3,0,4.999,0.0218,WARMING_UP,WARMING_UP,WARMING_UP,0.0,0,87.039
5858,111.4528,,0,5.0,0.55,5,3,0,4.9947,0.0219,WARMING_UP,WARMING_UP,WARMING_UP,0.0,0,86.93
5859,111.4641,,0,5.0,0.55,5,3,0,4.9958,0.0219,WARMING_UP,WARMING_UP,WARMING_UP,0.0,0,87.305
5860,111.4753,,0,5.0,0.55,5,3,0,4.995,0.0219,WARMING_UP,WARMING_UP,WARMING_UP,0.0,0,87.871
5861,111.4859,,0,5.0,0.55,5,3,0,4.9945,0.0219,WARMING_UP,WARMING_UP,WARMING_UP,0.0,0,85.378
5862,111.5018,,0,5.0,0.55,5,3,0,4.9889,0.022,WARMING_UP,WARMING_UP,WARMING_UP,0.0,0,85.514
5863,111.5135,,0,5.0,0.55,5,3,0,4.988,0.022,WARMING_UP,WARMING_UP,WARMING_UP,0.0,0,86.58
5864,111.5237,,0,5.0,0.55,5,3,0,4.9982,0.0219,WARMING_UP,WARMING_UP,WARMING_UP,0.0,0,87.264
5865,111.5344,,0,5.0,0.55,5,3,0,4.9981,0.0219,WARMING_UP,WARMING_UP,WARMING_UP,0.0,0,87.855
5866,111.5452,,0,5.0,0.55,5,3,0,4.9607,0.0219,WARMING_UP,WARMING_UP,WARMING_UP,0.0,0,85.663
5867,111.5605,,0,5.0,0.55,5,3,0,4.976,0.0218,WARMING_UP,WARMING_UP,WARMING_UP,0.0,0,86.533
5868,111.5709,,0,5.0,0.55,5,3,0,4.9864,0.0218,WARMING_UP,WARMING_UP,WARMING_UP,0.0,0,83.138
5869,111.5901,,0,5.0,0.55,5,3,0,4.9936,0.0218,WARMING_UP,WARMING_UP,WARMING_UP,0.0,0,83.894
5870,111.6009,,0,5.0,0.55,5,3,0,4.9934,0.0218,WARMING_UP,WARMING_UP,WARMING_UP,0.0,0,83.399
5871,111.6137,,0,5.0,0.55,5,3,0,4.9931,0.0218,WARMING_UP,WARMING_UP,WARMING_UP,0.0,0,80.268
5872,111.6331,,0,5.0,0.55,5,3,0,4.99,0.0218,WARMING_UP,WARMING_UP,WARMING_UP,0.0,0,80.805
5873,111.6446,,0,5.0,0.55,5,3,0,4.9901,0.0218,WARMING_UP,WARMING_UP,WARMING_UP,0.0,0,81.577
5874,111.656,,0,5.0,0.55,5,3,0,4.9909,0.0218,WARMING_UP,WARMING_UP,WARMING_UP,0.0,0,82.678
5875,111.6669,,0,5.0,0.55,5,3,0,4.99,0.0218,WARMING_UP,WARMING_UP,WARMING_UP,0.0,0,81.602
5876,111.6807,,0,5.0,0.55,5,3,0,4.9932,0.0218,WARMING_UP,WARMING_UP,WARMING_UP,0.0,0,82.498
5877,111.6919,,0,5.0,0.55,5,3,0,4.9907,0.0218,WARMING_UP,WARMING_UP,WARMING_UP,0.0,0,83.349
5878,111.7025,,0,5.0,0.55,5,3,0,4.9901,0.0218,WARMING_UP,WARMING_UP,WARMING_UP,0.0,0,81.288
5879,111.7186,,0,5.0,0.55,5,3,0,4.9925,0.0218,WARMING_UP,WARMING_UP,WARMING_UP,0.0,0,79.007
5880,111.7356,,0,5.0,0.55,5,3,0,4.9992,0.0218,WARMING_UP,WARMING_UP,WARMING_UP,0.0,0,79.928
5881,111.747,,0,5.0,0.55,5,3,0,4.9993,0.0218,WARMING_UP,WARMING_UP,WARMING_UP,0.0,0,80.146
5882,111.7593,,0,5.0,0.55,5,3,0,4.9988,0.0218,WARMING_UP,WARMING_UP,WARMING_UP,0.0,0,81.292
5883,111.7699,,0,5.0,0.55,5,3,0,4.9989,0.0218,WARMING_UP,WARMING_UP,WARMING_UP,0.0,0,82.71
5884,111.7806,,0,5.0,0.55,5,3,0,4.9984,0.0218,WARMING_UP,WARMING_UP,WARMING_UP,0.0,0,83.616
5885,111.7917,,0,5.0,0.55,5,3,0,4.9986,0.0218,WARMING_UP,WARMING_UP,WARMING_UP,0.0,0,84.155
5886,111.8026,,0,5.0,0.55,5,3,0,4.9603,0.0218,WARMING_UP,WARMING_UP,WARMING_UP,0.0,0,85.154
5887,111.8135,,0,5.0,0.55,5,3,0,4.9712,0.0218,WARMING_UP,WARMING_UP,WARMING_UP,0.0,0,83.224
5888,111.8285,,0,5.0,0.55,5,3,0,4.9862,0.0217,WARMING_UP,WARMING_UP,WARMING_UP,0.0,0,84.147
5889,111.8396,,0,5.0,0.55,5,3,0,4.9973,0.0217,WARMING_UP,WARMING_UP,WARMING_UP,0.0,0,84.076
5890,111.8512,,0,5.0,0.55,5,3,0,4.9975,0.0217,WARMING_UP,WARMING_UP,WARMING_UP,0.0,0,84.065
5891,111.8633,,0,5.0,0.55,5,3,0,4.9987,0.0217,WARMING_UP,WARMING_UP,WARMING_UP,0.0,0,84.983
5892,111.8738,,0,5.0,0.55,5,3,0,4.9971,0.0217,WARMING_UP,WARMING_UP,WARMING_UP,0.0,0,81.858
5893,111.8928,,0,5.0,0.55,5,3,0,4.9921,0.0217,WARMING_UP,WARMING_UP,WARMING_UP,0.0,0,82.75
5894,111.9034,,0,5.0,0.55,5,3,0,4.9909,0.0217,WARMING_UP,WARMING_UP,WARMING_UP,0.0,0,81.871
5895,111.9171,,0,5.0,0.55,5,3,0,4.9933,0.0217,WARMING_UP,WARMING_UP,WARMING_UP,0.0,0,82.324
5896,111.9287,,0,5.0,0.55,5,3,0,4.9946,0.0217,WARMING_UP,WARMING_UP,WARMING_UP,0.0,0,80.721
5897,111.9441,,0,5.0,0.55,5,3,0,4.9986,0.0217,WARMING_UP,WARMING_UP,WARMING_UP,0.0,0,81.523
5898,111.9548,,0,5.0,0.55,5,3,0,4.9972,0.0217,WARMING_UP,WARMING_UP,WARMING_UP,0.0,0,82.202
5899,111.9663,,0,5.0,0.55,5,3,0,4.9975,0.0217,WARMING_UP,WARMING_UP,WARMING_UP,0.0,0,81.646
5900,111.9794,,0,5.0,0.55,5,3,0,4.9975,0.0193,WARMING_UP,WARMING_UP,WARMING_UP,0.0,0,82.712
5901,111.9905,,0,5.0,0.55,5,3,0,4.9959,0.0169,WARMING_UP,WARMING_UP,WARMING_UP,0.0,0,83.369
5902,112.0014,,0,5.0,0.55,5,3,0,4.9941,0.0145,WARMING_UP,WARMING_UP,WARMING_UP,0.0,0,81.614
5903,112.0166,,0,5.0,0.55,5,3,0,4.997,0.0121,WARMING_UP,WARMING_UP,WARMING_UP,0.0,0,82.27
5904,112.0279,,0,5.0,0.55,5,3,0,4.9968,0.0097,WARMING_UP,WARMING_UP,WARMING_UP,0.0,0,83.681
5905,112.0381,,0,5.0,0.55,5,3,0,4.9943,0.0072,WARMING_UP,WARMING_UP,WARMING_UP,0.0,0,84.313
5906,112.0494,,0,5.0,0.55,5,3,0,4.956,0.0048,WARMING_UP,WARMING_UP,WARMING_UP,0.0,0,84.523
5907,112.0611,,0,5.0,0.55,5,3,0,4.9676,0.0048,WARMING_UP,WARMING_UP,WARMING_UP,0.0,0,85.287
5908,112.0719,,0,5.0,0.55,5,3,0,4.9785,0.0048,WARMING_UP,WARMING_UP,WARMING_UP,0.0,0,82.022
5909,112.091,,0,5.0,0.55,5,3,0,4.9976,0.0048,WARMING_UP,WARMING_UP,WARMING_UP,0.0,0,82.853
5910,112.1018,,0,5.0,0.55,5,3,0,4.9971,0.0048,WARMING_UP,WARMING_UP,WARMING_UP,0.0,0,83.404
5911,112.1132,,0,5.0,0.55,5,3,0,4.9938,0.0024,WARMING_UP,WARMING_UP,WARMING_UP,0.0,0,84.557
5912,112.1241,,0,5.0,0.55,5,3,0,4.9916,0.0,WARMING_UP,WARMING_UP,WARMING_UP,0.0,0,85.008
5913,112.1348,,0,5.0,0.55,5,3,0,4.9904,0.0,WARMING_UP,WARMING_UP,WARMING_UP,0.0,0,85.894
5914,112.1457,,0,5.0,0.55,5,3,0,4.9898,0.0,WARMING_UP,WARMING_UP,WARMING_UP,0.0,0,86.835
5915,112.1561,,0,5.0,0.55,5,3,0,4.9865,0.0,WARMING_UP,WARMING_UP,WARMING_UP,0.0,0,87.026
5916,112.1674,,0,5.0,0.55,5,3,0,4.9977,0.0,WARMING_UP,WARMING_UP,WARMING_UP,0.0,0,86.539
5917,112.1797,,0,5.0,0.55,5,3,0,4.9992,0.0,WARMING_UP,WARMING_UP,WARMING_UP,0.0,0,86.786
5918,112.1908,,0,5.0,0.55,5,3,0,4.9983,0.0,WARMING_UP,WARMING_UP,WARMING_UP,0.0,0,87.376
5919,112.2015,,0,5.0,0.55,5,3,0,4.9985,0.0,WARMING_UP,WARMING_UP,WARMING_UP,0.0,0,86.971
5920,112.2136,,0,5.0,0.55,5,3,0,4.998,0.0,WARMING_UP,WARMING_UP,WARMING_UP,0.0,0,85.746
5921,112.227,,0,5.0,0.55,5,3,0,4.9998,0.0,WARMING_UP,WARMING_UP,WARMING_UP,0.0,0,85.928
5922,112.2387,,0,5.0,0.55,5,3,0,4.9982,0.0,WARMING_UP,WARMING_UP,WARMING_UP,0.0,0,82.557
5923,112.2576,,0,5.0,0.55,5,3,0,4.9954,0.0,WARMING_UP,WARMING_UP,WARMING_UP,0.0,0,83.442
5924,112.2685,,0,5.0,0.55,5,3,0,4.9955,0.0,WARMING_UP,WARMING_UP,WARMING_UP,0.0,0,80.395
5925,112.2876,,0,5.0,0.55,5,3,0,4.9931,0.0,WARMING_UP,WARMING_UP,WARMING_UP,0.0,0,77.706
5926,112.3063,,0,5.0,0.55,5,3,0,4.954,0.0,WARMING_UP,WARMING_UP,WARMING_UP,0.0,0,77.55
5927,112.3194,,0,5.0,0.55,5,3,0,4.9671,0.0,WARMING_UP,WARMING_UP,WARMING_UP,0.0,0,78.382
5928,112.3308,,0,5.0,0.55,5,3,0,4.9785,0.0,WARMING_UP,WARMING_UP,WARMING_UP,0.0,0,79.658
5929,112.342,,0,5.0,0.55,5,3,0,4.9897,0.0,WARMING_UP,WARMING_UP,WARMING_UP,0.0,0,76.776
5930,112.3616,,0,5.0,0.55,5,3,0,4.998,0.0,WARMING_UP,WARMING_UP,WARMING_UP,0.0,0,74.265
5931,112.3809,,0,5.0,0.55,5,3,0,4.9946,0.0,WARMING_UP,WARMING_UP,WARMING_UP,0.0,0,75.989
5932,112.3918,,0,5.0,0.55,5,3,0,4.9942,0.0,WARMING_UP,WARMING_UP,WARMING_UP,0.0,0,77.602
5933,112.4025,,0,5.0,0.55,5,3,0,4.9948,0.0,WARMING_UP,WARMING_UP,WARMING_UP,0.0,0,78.943
5934,112.4135,,0,5.0,0.55,5,3,0,4.9939,0.0,WARMING_UP,WARMING_UP,WARMING_UP,0.0,0,80.178
5935,112.4245,,0,5.0,0.55,5,3,0,4.9947,0.0,WARMING_UP,WARMING_UP,WARMING_UP,0.0,0,81.359
5936,112.4354,,0,5.0,0.55,5,3,0,4.9938,0.0,WARMING_UP,WARMING_UP,WARMING_UP,0.0,0,78.933
5937,112.4529,,0,5.0,0.55,5,3,0,4.9879,0.0,WARMING_UP,WARMING_UP,WARMING_UP,0.0,0,78.58
5938,112.4667,,0,5.0,0.55,5,3,0,4.99,0.0,WARMING_UP,WARMING_UP,WARMING_UP,0.0,0,77.708
5939,112.4807,,0,5.0,0.55,5,3,0,4.9923,0.0,WARMING_UP,WARMING_UP,WARMING_UP,0.0,0,78.853
5940,112.4917,,0,5.0,0.55,5,3,0,4.9909,0.0,WARMING_UP,WARMING_UP,WARMING_UP,0.0,0,79.998
5941,112.5029,,0,5.0,0.55,5,3,0,4.9906,0.0,WARMING_UP,WARMING_UP,WARMING_UP,0.0,0,81.078
5942,112.5138,,0,5.0,0.55,5,3,0,4.9897,0.0,WARMING_UP,WARMING_UP,WARMING_UP,0.0,0,82.141
5943,112.5246,,0,5.0,0.55,5,3,0,4.9899,0.0,WARMING_UP,WARMING_UP,WARMING_UP,0.0,0,82.793
5944,112.5359,,0,5.0,0.55,5,3,0,4.9899,0.0,WARMING_UP,WARMING_UP,WARMING_UP,0.0,0,84.004
5945,112.5465,,0,5.0,0.55,5,3,0,4.9482,0.0,WARMING_UP,WARMING_UP,WARMING_UP,0.0,0,84.12
5946,112.5581,,0,5.0,0.55,5,3,0,4.9598,0.0,WARMING_UP,WARMING_UP,WARMING_UP,0.0,0,85.146
5947,112.5688,,0,5.0,0.55,5,3,0,4.9705,0.0,WARMING_UP,WARMING_UP,WARMING_UP,0.0,0,85.566
5948,112.5805,,0,5.0,0.55,5,3,0,4.9822,0.0,WARMING_UP,WARMING_UP,WARMING_UP,0.0,0,86.221
5949,112.5908,,0,5.0,0.55,5,3,0,4.9925,0.0,WARMING_UP,WARMING_UP,WARMING_UP,0.0,0,86.059
5950,112.6027,,0,5.0,0.55,5,3,0,4.9928,0.0,WARMING_UP,WARMING_UP,WARMING_UP,0.0,0,86.483
5951,112.6139,,0,5.0,0.55,5,3,0,4.9932,0.0,WARMING_UP,WARMING_UP,WARMING_UP,0.0,0,87.171
5952,112.6245,,0,5.0,0.55,5,3,0,4.9928,0.0,WARMING_UP,WARMING_UP,WARMING_UP,0.0,0,87.196
5953,112.636,,0,5.0,0.55,5,3,0,4.9932,0.0,WARMING_UP,WARMING_UP,WARMING_UP,0.0,0,83.608
5954,112.6556,,0,5.0,0.55,5,3,0,4.9911,0.0,WARMING_UP,WARMING_UP,WARMING_UP,0.0,0,84.342
5955,112.6664,,0,5.0,0.55,5,3,0,4.9906,0.0,WARMING_UP,WARMING_UP,WARMING_UP,0.0,0,84.518
5956,112.6782,,0,5.0,0.55,5,3,0,4.9922,0.0,WARMING_UP,WARMING_UP,WARMING_UP,0.0,0,85.399
5957,112.6887,,0,5.0,0.55,5,3,0,4.9914,0.0,WARMING_UP,WARMING_UP,WARMING_UP,0.0,0,85.739
5958,112.7,,0,5.0,0.55,5,3,0,4.9905,0.0,WARMING_UP,WARMING_UP,WARMING_UP,0.0,0,86.967
5959,112.7104,,0,5.0,0.55,5,3,0,4.9901,0.0,WARMING_UP,WARMING_UP,WARMING_UP,0.0,0,87.07
5960,112.7216,,0,5.0,0.55,5,3,0,4.99,0.0,WARMING_UP,WARMING_UP,WARMING_UP,0.0,0,86.773
5961,112.7336,,0,5.0,0.55,5,3,0,4.9906,0.0,WARMING_UP,WARMING_UP,WARMING_UP,0.0,0,86.484
5962,112.7455,,0,5.0,0.55,5,3,0,4.9919,0.0,WARMING_UP,WARMING_UP,WARMING_UP,0.0,0,86.352
5963,112.7573,,0,5.0,0.55,5,3,0,4.9925,0.0,WARMING_UP,WARMING_UP,WARMING_UP,0.0,0,86.659
5964,112.7683,,0,5.0,0.55,5,3,0,4.9916,0.0,WARMING_UP,WARMING_UP,WARMING_UP,0.0,0,86.769
5965,112.7798,,0,5.0,0.55,5,3,0,4.9925,0.0,WARMING_UP,WARMING_UP,WARMING_UP,0.0,0,84.739
5966,112.7948,,0,5.0,0.55,5,3,0,4.9938,0.0,WARMING_UP,WARMING_UP,WARMING_UP,0.0,0,85.574
5967,112.8053,,0,5.0,0.55,5,3,0,4.9522,0.0,WARMING_UP,WARMING_UP,WARMING_UP,0.0,0,84.98
5968,112.818,,0,5.0,0.55,5,3,0,4.9649,0.0,WARMING_UP,WARMING_UP,WARMING_UP,0.0,0,84.906
5969,112.8299,,0,5.0,0.55,5,3,0,4.9768,0.0,WARMING_UP,WARMING_UP,WARMING_UP,0.0,0,86.06
5970,112.8405,,0,5.0,0.55,5,3,0,4.9873,0.0,WARMING_UP,WARMING_UP,WARMING_UP,0.0,0,82.696
5971,112.8597,,0,5.0,0.55,5,3,0,4.9952,0.0,WARMING_UP,WARMING_UP,WARMING_UP,0.0,0,83.477
5972,112.8702,,0,5.0,0.55,5,3,0,4.9943,0.0,WARMING_UP,WARMING_UP,WARMING_UP,0.0,0,84.145
5973,112.8816,,0,5.0,0.55,5,3,0,4.9947,0.0,WARMING_UP,WARMING_UP,WARMING_UP,0.0,0,84.38
5974,112.8933,,0,5.0,0.55,5,3,0,4.9922,0.0,WARMING_UP,WARMING_UP,WARMING_UP,0.0,0,85.133
5975,112.9038,,0,5.0,0.55,5,3,0,4.9919,0.0,WARMING_UP,WARMING_UP,WARMING_UP,0.0,0,83.611
5976,112.9182,,0,5.0,0.55,5,3,0,4.9949,0.0,WARMING_UP,WARMING_UP,WARMING_UP,0.0,0,83.705
5977,112.9301,,0,5.0,0.55,5,3,0,4.9959,0.0,WARMING_UP,WARMING_UP,WARMING_UP,0.0,0,84.709
5978,112.941,,0,5.0,0.55,5,3,0,4.9951,0.0,WARMING_UP,WARMING_UP,WARMING_UP,0.0,0,85.073
5979,112.9519,,0,5.0,0.55,5,3,0,4.9957,0.0,WARMING_UP,WARMING_UP,WARMING_UP,0.0,0,85.788
5980,112.9629,,0,5.0,0.55,5,3,0,4.9956,0.0,WARMING_UP,WARMING_UP,WARMING_UP,0.0,0,86.538
5981,112.9736,,0,5.0,0.55,5,3,0,4.9937,0.0,WARMING_UP,WARMING_UP,WARMING_UP,0.0,0,86.505
5982,112.9852,,0,5.0,0.55,5,3,0,4.9915,0.0,WARMING_UP,WARMING_UP,WARMING_UP,0.0,0,85.212
5983,112.9989,,0,5.0,0.55,5,3,0,4.9944,0.0,WARMING_UP,WARMING_UP,WARMING_UP,0.0,0,85.379
5984,113.0105,,0,5.0,0.55,5,3,0,4.9949,0.0,WARMING_UP,WARMING_UP,WARMING_UP,0.0,0,86.05
5985,113.0212,,0,5.0,0.55,5,3,0,4.9941,0.0,WARMING_UP,WARMING_UP,WARMING_UP,0.0,0,86.691
5986,113.0319,,0,5.0,0.55,5,3,0,4.9919,0.0,WARMING_UP,WARMING_UP,WARMING_UP,0.0,0,87.214
5987,113.0432,,0,5.0,0.55,5,3,0,4.9909,0.0,WARMING_UP,WARMING_UP,WARMING_UP,0.0,0,87.224
5988,113.0545,,0,5.0,0.55,5,3,0,4.9907,0.0,WARMING_UP,WARMING_UP,WARMING_UP,0.0,0,87.344
5989,113.0656,,0,5.0,0.55,5,3,0,4.9901,0.0,WARMING_UP,WARMING_UP,WARMING_UP,0.0,0,86.476
5990,113.0783,,0,5.0,0.55,5,3,0,4.9924,0.0,WARMING_UP,WARMING_UP,WARMING_UP,0.0,0,87.248
5991,113.0891,,0,5.0,0.55,5,3,0,4.9919,0.0,WARMING_UP,WARMING_UP,WARMING_UP,0.0,0,86.842
5992,113.1012,,0,5.0,0.55,5,3,0,4.9926,0.0,WARMING_UP,WARMING_UP,WARMING_UP,0.0,0,86.566
5993,113.1129,,0,5.0,0.55,5,3,0,4.9934,0.0,WARMING_UP,WARMING_UP,WARMING_UP,0.0,0,87.273
5994,113.1237,,0,5.0,0.55,5,3,0,4.9935,0.0,WARMING_UP,WARMING_UP,WARMING_UP,0.0,0,87.702
5995,113.1344,,0,5.0,0.55,5,3,0,4.992,0.0,WARMING_UP,WARMING_UP,WARMING_UP,0.0,0,87.947
5996,113.1456,,0,5.0,0.55,5,3,0,4.9926,0.0,WARMING_UP,WARMING_UP,WARMING_UP,0.0,0,86.951
5997,113.1583,,0,5.0,0.55,5,3,0,4.9947,0.0,WARMING_UP,WARMING_UP,WARMING_UP,0.0,0,87.456
5998,113.1692,,0,5.0,0.55,5,3,0,4.9945,0.0,WARMING_UP,WARMING_UP,WARMING_UP,0.0,0,87.978
5999,113.18,,0,5.0,0.55,5,3,0,4.9951,0.0,WARMING_UP,WARMING_UP,WARMING_UP,0.0,0,88.673
6000,113.1905,,0,5.0,0.55,5,3,0,4.9938,0.0,WARMING_UP,WARMING_UP,WARMING_UP,0.0,0,89.097
6001,113.2015,,0,5.0,0.55,5,3,0,4.9926,0.0,WARMING_UP,WARMING_UP,WARMING_UP,0.0,0,88.594
6002,113.2132,,0,5.0,0.55,5,3,0,4.9893,0.0,WARMING_UP,WARMING_UP,WARMING_UP,0.0,0,88.631
6003,113.2247,,0,5.0,0.55,5,3,0,4.9892,0.0,WARMING_UP,WARMING_UP,WARMING_UP,0.0,0,86.867
6004,113.2385,,0,5.0,0.55,5,3,0,4.9917,0.0,WARMING_UP,WARMING_UP,WARMING_UP,0.0,0,87.263
6005,113.2501,,0,5.0,0.55,5,3,0,4.9891,0.0,WARMING_UP,WARMING_UP,WARMING_UP,0.0,0,86.962
6006,113.2615,,0,5.0,0.55,5,3,0,4.9885,0.0,WARMING_UP,WARMING_UP,WARMING_UP,0.0,0,86.654
6007,113.2735,,0,5.0,0.55,5,3,0,4.9901,0.0,WARMING_UP,WARMING_UP,WARMING_UP,0.0,0,87.086
6008,113.2843,,0,5.0,0.55,5,3,0,4.9898,0.0,WARMING_UP,WARMING_UP,WARMING_UP,0.0,0,85.27
6009,113.2993,,0,5.0,0.55,5,3,0,4.9931,0.0,WARMING_UP,WARMING_UP,WARMING_UP,0.0,0,85.77
6010,113.3101,,0,5.0,0.55,5,3,0,4.9896,0.0,WARMING_UP,WARMING_UP,WARMING_UP,0.0,0,85.791
6011,113.3215,,0,5.0,0.55,5,3,0,4.9902,0.0,WARMING_UP,WARMING_UP,WARMING_UP,0.0,0,86.147
6012,113.3333,,0,5.0,0.55,5,3,0,4.9902,0.0,WARMING_UP,WARMING_UP,WARMING_UP,0.0,0,85.988
6013,113.3446,,0,5.0,0.55,5,3,0,4.9906,0.0,WARMING_UP,WARMING_UP,WARMING_UP,0.0,0,84.798
6014,113.358,,0,5.0,0.55,5,3,0,4.9933,0.0,WARMING_UP,WARMING_UP,WARMING_UP,0.0,0,85.463
6015,113.369,,0,5.0,0.55,5,3,0,4.9932,0.0,WARMING_UP,WARMING_UP,WARMING_UP,0.0,0,85.587
6016,113.3806,,0,5.0,0.55,5,3,0,4.9943,0.0,WARMING_UP,WARMING_UP,WARMING_UP,0.0,0,86.35
6017,113.3912,,0,5.0,0.55,5,3,0,4.9942,0.0,WARMING_UP,WARMING_UP,WARMING_UP,0.0,0,86.919
6018,113.4021,,0,5.0,0.55,5,3,0,4.9942,0.0,WARMING_UP,WARMING_UP,WARMING_UP,0.0,0,87.424
6019,113.413,,0,5.0,0.55,5,3,0,4.9934,0.0,WARMING_UP,WARMING_UP,WARMING_UP,0.0,0,88.056
6020,113.4238,,0,5.0,0.55,5,3,0,4.9932,0.0,WARMING_UP,WARMING_UP,WARMING_UP,0.0,0,88.109
6021,113.4349,,0,5.0,0.55,5,3,0,4.9924,0.0,WARMING_UP,WARMING_UP,WARMING_UP,0.0,0,87.803
6022,113.4468,,0,5.0,0.55,5,3,0,4.9934,0.0,WARMING_UP,WARMING_UP,WARMING_UP,0.0,0,87.819
6023,113.4581,,0,5.0,0.55,5,3,0,4.9927,0.0,WARMING_UP,WARMING_UP,WARMING_UP,0.0,0,87.957
6024,113.4693,,0,5.0,0.55,5,3,0,4.9927,0.0,WARMING_UP,WARMING_UP,WARMING_UP,0.0,0,87.737
6025,113.4814,,0,5.0,0.55,5,3,0,4.9934,0.0,WARMING_UP,WARMING_UP,WARMING_UP,0.0,0,87.824
6026,113.4923,,0,5.0,0.55,5,3,0,4.9938,0.0,WARMING_UP,WARMING_UP,WARMING_UP,0.0,0,87.253
6027,113.5045,,0,5.0,0.55,5,3,0,4.9943,0.0,WARMING_UP,WARMING_UP,WARMING_UP,0.0,0,85.936
6028,113.5179,,0,5.0,0.55,5,3,0,4.9971,0.0,WARMING_UP,WARMING_UP,WARMING_UP,0.0,0,86.342
6029,113.529,,0,5.0,0.55,5,3,0,4.9972,0.0,WARMING_UP,WARMING_UP,WARMING_UP,0.0,0,87.109
6030,113.5396,,0,5.0,0.55,5,3,0,4.9966,0.0,WARMING_UP,WARMING_UP,WARMING_UP,0.0,0,84.395
6031,113.5565,,0,5.0,0.55,5,3,0,4.9914,0.0,WARMING_UP,WARMING_UP,WARMING_UP,0.0,0,85.069
6032,113.5673,,0,5.0,0.55,5,3,0,4.9911,0.0,WARMING_UP,WARMING_UP,WARMING_UP,0.0,0,84.766
6033,113.5799,,0,5.0,0.55,5,3,0,4.9929,0.0,WARMING_UP,WARMING_UP,WARMING_UP,0.0,0,85.442
6034,113.5904,,0,5.0,0.55,5,3,0,4.9923,0.0,WARMING_UP,WARMING_UP,WARMING_UP,0.0,0,84.887
6035,113.6029,,0,5.0,0.55,5,3,0,4.9933,0.0,WARMING_UP,WARMING_UP,WARMING_UP,0.0,0,85.557
6036,113.6139,,0,5.0,0.55,5,3,0,4.9934,0.0,WARMING_UP,WARMING_UP,WARMING_UP,0.0,0,86.568
6037,113.6245,,0,5.0,0.55,5,3,0,4.9931,0.0,WARMING_UP,WARMING_UP,WARMING_UP,0.0,0,85.034
6038,113.6383,,0,5.0,0.55,5,3,0,4.9954,0.0,WARMING_UP,WARMING_UP,WARMING_UP,0.0,0,84.793
6039,113.6506,,0,5.0,0.55,5,3,0,4.9965,0.0,WARMING_UP,WARMING_UP,WARMING_UP,0.0,0,82.513
6040,113.6667,,0,5.0,0.55,5,3,0,4.9867,0.0,WARMING_UP,WARMING_UP,WARMING_UP,0.0,0,80.999
6041,113.6815,,0,5.0,0.55,5,3,0,4.9901,0.0,WARMING_UP,WARMING_UP,WARMING_UP,0.0,0,78.126
6042,113.7006,,0,5.0,0.55,5,3,0,4.9985,0.0,WARMING_UP,WARMING_UP,WARMING_UP,0.0,0,79.451
6043,113.7118,,0,5.0,0.55,5,3,0,4.9959,0.0,WARMING_UP,WARMING_UP,WARMING_UP,0.0,0,80.713
6044,113.7222,,0,5.0,0.55,5,3,0,4.9954,0.0,WARMING_UP,WARMING_UP,WARMING_UP,0.0,0,77.888
6045,113.7415,,0,5.0,0.55,5,3,0,4.9884,0.0,WARMING_UP,WARMING_UP,WARMING_UP,0.0,0,75.516
6046,113.7604,,0,5.0,0.55,5,3,0,4.989,0.0,WARMING_UP,WARMING_UP,WARMING_UP,0.0,0,73.379
6047,113.7786,,0,5.0,0.55,5,3,0,4.9964,0.0,WARMING_UP,WARMING_UP,WARMING_UP,0.0,0,71.65
6048,113.7962,,0,5.0,0.55,5,3,0,4.991,0.0,WARMING_UP,WARMING_UP,WARMING_UP,0.0,0,70.995
6049,113.8117,,0,5.0,0.55,5,3,0,4.9954,0.0,WARMING_UP,WARMING_UP,WARMING_UP,0.0,0,69.514
6050,113.8297,,0,5.0,0.55,5,3,0,4.9899,0.0,WARMING_UP,WARMING_UP,WARMING_UP,0.0,0,67.614
6051,113.8494,,0,5.0,0.55,5,3,0,4.9917,0.0,WARMING_UP,WARMING_UP,WARMING_UP,0.0,0,69.362
6052,113.8611,,0,5.0,0.55,5,3,0,4.9921,0.0,WARMING_UP,WARMING_UP,WARMING_UP,0.0,0,71.222
6053,113.8723,,0,5.0,0.55,5,3,0,4.9925,0.0,WARMING_UP,WARMING_UP,WARMING_UP,0.0,0,69.274
6054,113.8916,,0,5.0,0.55,5,3,0,4.9903,0.0,WARMING_UP,WARMING_UP,WARMING_UP,0.0,0,71.127
6055,113.903,,0,5.0,0.55,5,3,0,4.9903,0.0,WARMING_UP,WARMING_UP,WARMING_UP,0.0,0,71.38
6056,113.9167,,0,5.0,0.55,5,3,0,4.9924,0.0,WARMING_UP,WARMING_UP,WARMING_UP,0.0,0,73.162
6057,113.9281,,0,5.0,0.55,5,3,0,4.9932,0.0,WARMING_UP,WARMING_UP,WARMING_UP,0.0,0,74.392
6058,113.9395,,0,5.0,0.55,5,3,0,4.9856,0.0,WARMING_UP,WARMING_UP,WARMING_UP,0.0,0,72.301
6059,113.9583,,0,5.0,0.55,5,3,0,4.9938,0.0,WARMING_UP,WARMING_UP,WARMING_UP,0.0,0,74.502
6060,113.9687,,0,5.0,0.55,5,3,0,4.9927,0.0,WARMING_UP,WARMING_UP,WARMING_UP,0.0,0,74.633
6061,113.982,,0,5.0,0.55,5,3,0,4.9959,0.0,WARMING_UP,WARMING_UP,WARMING_UP,0.0,0,76.338
6062,113.9931,,0,5.0,0.55,5,3,0,4.9934,0.0,WARMING_UP,WARMING_UP,WARMING_UP,0.0,0,73.738
6063,114.0128,,0,5.0,0.55,5,3,0,4.992,0.0,WARMING_UP,WARMING_UP,WARMING_UP,0.0,0,75.795
6064,114.0234,,0,5.0,0.55,5,3,0,4.9917,0.0,WARMING_UP,WARMING_UP,WARMING_UP,0.0,0,77.097
6065,114.0345,,0,5.0,0.55,5,3,0,4.992,0.0,WARMING_UP,WARMING_UP,WARMING_UP,0.0,0,78.334
6066,114.0458,,0,5.0,0.55,5,3,0,4.9928,0.0,WARMING_UP,WARMING_UP,WARMING_UP,0.0,0,78.662
6067,114.0581,,0,5.0,0.55,5,3,0,4.994,0.0,WARMING_UP,WARMING_UP,WARMING_UP,0.0,0,76.058
6068,114.0775,,0,5.0,0.55,5,3,0,4.9896,0.0,WARMING_UP,WARMING_UP,WARMING_UP,0.0,0,77.371
6069,114.0881,,0,5.0,0.55,5,3,0,4.9901,0.0,WARMING_UP,WARMING_UP,WARMING_UP,0.0,0,78.781
6070,114.0992,,0,5.0,0.55,5,3,0,4.9889,0.0,WARMING_UP,WARMING_UP,WARMING_UP,0.0,0,80.376
6071,114.1098,,0,5.0,0.55,5,3,0,4.9994,0.0,WARMING_UP,WARMING_UP,WARMING_UP,0.0,0,81.561
6072,114.1205,,0,5.0,0.55,5,3,0,4.9995,0.0,WARMING_UP,WARMING_UP,WARMING_UP,0.0,0,82.745
6073,114.1313,,0,5.0,0.55,5,3,0,4.9996,0.0,WARMING_UP,WARMING_UP,WARMING_UP,0.0,0,83.971
6074,114.1418,,0,5.0,0.55,5,3,0,4.9981,0.0,WARMING_UP,WARMING_UP,WARMING_UP,0.0,0,84.431
6075,114.153,,0,5.0,0.55,5,3,0,4.9986,0.0,WARMING_UP,WARMING_UP,WARMING_UP,0.0,0,85.467
6076,114.1637,,0,5.0,0.55,5,3,0,4.9988,0.0,WARMING_UP,WARMING_UP,WARMING_UP,0.0,0,84.144
6077,114.1877,,0,5.0,0.55,5,3,0,4.9895,0.0,WARMING_UP,WARMING_UP,WARMING_UP,0.0,0,79.443
6078,114.2108,,0,5.0,0.55,5,3,0,4.9879,0.0,WARMING_UP,WARMING_UP,WARMING_UP,0.0,0,75.481
6079,114.2296,,0,5.0,0.55,5,3,0,4.9955,0.0,WARMING_UP,WARMING_UP,WARMING_UP,0.0,0,74.265
6080,114.2455,,0,5.0,0.55,5,3,0,4.9887,0.0,WARMING_UP,WARMING_UP,WARMING_UP,0.0,0,74.743
6081,114.2582,,0,5.0,0.55,5,3,0,4.9901,0.0,WARMING_UP,WARMING_UP,WARMING_UP,0.0,0,74.326
6082,114.2725,,0,5.0,0.55,5,3,0,4.9854,0.0,WARMING_UP,WARMING_UP,WARMING_UP,0.0,0,76.071
6083,114.2868,,0,5.0,0.55,5,3,0,4.9996,0.0,WARMING_UP,WARMING_UP,WARMING_UP,0.0,0,75.212
6084,114.3047,,0,5.0,0.55,5,3,0,4.9952,0.0,WARMING_UP,WARMING_UP,WARMING_UP,0.0,0,72.853
6085,114.3173,,0,5.0,0.55,5,3,0,4.9969,0.0,WARMING_UP,WARMING_UP,WARMING_UP,0.0,0,73.853
6086,114.3592,,0,5.0,0.55,5,3,0,4.9928,0.0,WARMING_UP,WARMING_UP,WARMING_UP,0.0,0,68.465
6087,114.3795,,0,5.0,0.55,5,3,0,4.9991,0.0,WARMING_UP,WARMING_UP,WARMING_UP,0.0,0,66.751
6088,114.3991,,0,5.0,0.55,5,3,0,4.9973,0.0,WARMING_UP,WARMING_UP,WARMING_UP,0.0,0,65.432
6089,114.4177,,0,5.0,0.55,5,3,0,4.9937,0.0,WARMING_UP,WARMING_UP,WARMING_UP,0.0,0,66.806
6090,114.4302,,0,5.0,0.55,5,3,0,4.995,0.0,WARMING_UP,WARMING_UP,WARMING_UP,0.0,0,69.477
6091,114.4408,,0,5.0,0.55,5,3,0,4.9947,0.0,WARMING_UP,WARMING_UP,WARMING_UP,0.0,0,71.592
6092,114.452,,0,5.0,0.55,5,3,0,4.9951,0.0,WARMING_UP,WARMING_UP,WARMING_UP,0.0,0,71.448
6093,114.4663,,0,5.0,0.55,5,3,0,4.9982,0.0,WARMING_UP,WARMING_UP,WARMING_UP,0.0,0,72.282
6094,114.479,,0,5.0,0.55,5,3,0,4.9997,0.0,WARMING_UP,WARMING_UP,WARMING_UP,0.0,0,74.161
6095,114.4968,,0,5.0,0.55,5,3,0,4.9961,0.0,WARMING_UP,WARMING_UP,WARMING_UP,0.0,0,72.318
6096,114.5093,,0,5.0,0.55,5,3,0,4.9975,0.0,WARMING_UP,WARMING_UP,WARMING_UP,0.0,0,72.733
6097,114.5212,,0,5.0,0.55,5,3,0,4.9988,0.0,WARMING_UP,WARMING_UP,WARMING_UP,0.0,0,73.655
6098,114.5329,,0,5.0,0.55,5,3,0,4.9993,0.0,WARMING_UP,WARMING_UP,WARMING_UP,0.0,0,75.512
6099,114.5467,,0,5.0,0.55,5,3,0,4.9914,0.0,WARMING_UP,WARMING_UP,WARMING_UP,0.0,0,74.909
6100,114.5652,,0,5.0,0.55,5,3,0,4.999,0.0,WARMING_UP,WARMING_UP,WARMING_UP,0.0,0,72.883
6101,114.579,,0,5.0,0.55,5,3,0,4.9998,0.0,WARMING_UP,WARMING_UP,WARMING_UP,0.0,0,72.787
6102,114.5982,,0,5.0,0.55,5,3,0,4.9969,0.0,WARMING_UP,WARMING_UP,WARMING_UP,0.0,0,70.788
6103,114.6184,,0,5.0,0.55,5,3,0,4.9925,0.0,WARMING_UP,WARMING_UP,WARMING_UP,0.0,0,68.384
6104,114.6508,,0,5.0,0.55,5,3,0,4.9886,0.0,WARMING_UP,WARMING_UP,WARMING_UP,0.0,0,64.655
6105,114.663,,0,5.0,0.55,5,3,0,4.9905,0.0,WARMING_UP,WARMING_UP,WARMING_UP,0.0,0,66.987
6106,114.6743,,0,5.0,0.55,5,3,0,4.9912,0.0,WARMING_UP,WARMING_UP,WARMING_UP,0.0,0,69.135
6107,114.6855,,0,5.0,0.55,5,3,0,4.9905,0.0,WARMING_UP,WARMING_UP,WARMING_UP,0.0,0,69.429
6108,114.7002,,0,5.0,0.55,5,3,0,4.9946,0.0,WARMING_UP,WARMING_UP,WARMING_UP,0.0,0,71.305
6109,114.7143,,0,5.0,0.55,5,3,0,4.9952,0.0,WARMING_UP,WARMING_UP,WARMING_UP,0.0,0,71.022
6110,114.748,,0,5.0,0.55,5,3,0,4.9965,0.0,WARMING_UP,WARMING_UP,WARMING_UP,0.0,0,66.878
6111,114.7594,,0,5.0,0.55,5,3,0,4.9886,0.0,WARMING_UP,WARMING_UP,WARMING_UP,0.0,0,68.416
6112,114.7714,,0,5.0,0.55,5,3,0,4.9897,0.0,WARMING_UP,WARMING_UP,WARMING_UP,0.0,0,69.832
6113,114.7836,,0,5.0,0.55,5,3,0,4.99,0.0,WARMING_UP,WARMING_UP,WARMING_UP,0.0,0,71.482
6114,114.8024,,0,5.0,0.55,5,3,0,4.9988,0.0,WARMING_UP,WARMING_UP,WARMING_UP,0.0,0,69.362
6115,114.822,,0,5.0,0.55,5,3,0,4.9973,0.0,WARMING_UP,WARMING_UP,WARMING_UP,0.0,0,67.789
6116,114.8535,,0,5.0,0.55,5,3,0,4.993,0.0,WARMING_UP,WARMING_UP,WARMING_UP,0.0,0,64.103
6117,114.8659,,0,5.0,0.55,5,3,0,4.9943,0.0,WARMING_UP,WARMING_UP,WARMING_UP,0.0,0,63.657
6118,114.8826,,0,5.0,0.55,5,3,0,4.9887,0.0,WARMING_UP,WARMING_UP,WARMING_UP,0.0,0,66.495
6119,114.8935,,0,5.0,0.55,5,3,0,4.9995,0.0,WARMING_UP,WARMING_UP,WARMING_UP,0.0,0,69.177
6120,114.9046,,0,5.0,0.55,5,3,0,4.9892,0.0,WARMING_UP,WARMING_UP,WARMING_UP,0.0,0,69.53
6121,114.9197,,0,5.0,0.55,5,3,0,4.9922,0.0,WARMING_UP,WARMING_UP,WARMING_UP,0.0,0,69.773
6122,114.932,,0,5.0,0.55,5,3,0,4.993,0.0,WARMING_UP,WARMING_UP,WARMING_UP,0.0,0,72.195
6123,114.9605,,0,5.0,0.55,5,3,0,4.9995,0.0,WARMING_UP,WARMING_UP,WARMING_UP,0.0,0,67.891
