frame_id,elapsed_sec,track_id,buffer_duration_sec,valid_feature_ratio,raw_label,threshold_label,stable_label,confidence,prediction_updated,processing_fps
0,0.0,1,0.0,1.0,WARMING_UP,WARMING_UP,WARMING_UP,0.0,0,0.0
1,15.685,1,0.0,1.0,WARMING_UP,WARMING_UP,WARMING_UP,0.0,0,0.07
2,15.7176,1,0.0325,1.0,WARMING_UP,WARMING_UP,WARMING_UP,0.0,0,3.685
3,15.7436,1,0.0586,1.0,WARMING_UP,WARMING_UP,WARMING_UP,0.0,0,6.735
4,15.7727,1,0.0876,1.0,WARMING_UP,WARMING_UP,WARMING_UP,0.0,0,9.743
5,15.7998,1,0.1148,1.0,WARMING_UP,WARMING_UP,WARMING_UP,0.0,0,12.481
6,15.8267,1,0.1417,1.0,WARMING_UP,WARMING_UP,WARMING_UP,0.0,0,14.804
7,15.8546,1,0.1695,1.0,WARMING_UP,WARMING_UP,WARMING_UP,0.0,0,17.982
8,15.8763,1,0.1912,1.0,WARMING_UP,WARMING_UP,WARMING_UP,0.0,0,21.097
9,15.8964,1,0.2114,1.0,WARMING_UP,WARMING_UP,WARMING_UP,0.0,0,23.292
10,15.92,1,0.235,1.0,WARMING_UP,WARMING_UP,WARMING_UP,0.0,0,24.65
11,15.9468,1,0.2617,1.0,WARMING_UP,WARMING_UP,WARMING_UP,0.0,0,27.075
12,15.9671,1,0.282,1.0,WARMING_UP,WARMING_UP,WARMING_UP,0.0,0,29.273
13,15.9875,1,0.3025,1.0,WARMING_UP,WARMING_UP,WARMING_UP,0.0,0,31.717
14,16.0063,1,0.3213,1.0,WARMING_UP,WARMING_UP,WARMING_UP,0.0,0,34.163
15,16.0243,1,0.3393,1.0,WARMING_UP,WARMING_UP,WARMING_UP,0.0,0,34.899
16,16.0482,1,0.3632,1.0,WARMING_UP,WARMING_UP,WARMING_UP,0.0,0,38.14
17,16.0628,1,0.3778,1.0,WARMING_UP,WARMING_UP,WARMING_UP,0.0,0,41.01
18,16.0779,1,0.3929,1.0,WARMING_UP,WARMING_UP,WARMING_UP,0.0,0,43.047
19,16.0941,1,0.4091,1.0,WARMING_UP,WARMING_UP,WARMING_UP,0.0,0,46.257
20,16.1074,1,0.4224,1.0,WARMING_UP,WARMING_UP,WARMING_UP,0.0,0,49.142
21,16.1203,1,0.4352,1.0,WARMING_UP,WARMING_UP,WARMING_UP,0.0,0,51.061
22,16.1355,1,0.4504,1.0,WARMING_UP,WARMING_UP,WARMING_UP,0.0,0,52.714
23,16.1501,1,0.4651,1.0,WARMING_UP,WARMING_UP,WARMING_UP,0.0,0,54.64
24,16.164,1,0.479,1.0,WARMING_UP,WARMING_UP,WARMING_UP,0.0,0,56.542
25,16.1775,1,0.4925,1.0,WARMING_UP,WARMING_UP,WARMING_UP,0.0,0,56.11
26,16.197,1,0.512,1.0,WARMING_UP,WARMING_UP,WARMING_UP,0.0,0,55.572
27,16.2166,1,0.5316,1.0,WARMING_UP,WARMING_UP,WARMING_UP,0.0,0,56.169
28,16.2327,1,0.5477,1.0,WARMING_UP,WARMING_UP,WARMING_UP,0.0,0,57.524
29,16.247,1,0.5619,1.0,WARMING_UP,WARMING_UP,WARMING_UP,0.0,0,59.788
30,16.2595,1,0.5744,1.0,WARMING_UP,WARMING_UP,WARMING_UP,0.0,0,61.888
31,16.2719,1,0.5869,1.0,WARMING_UP,WARMING_UP,WARMING_UP,0.0,0,63.546
32,16.2846,1,0.5996,1.0,WARMING_UP,WARMING_UP,WARMING_UP,0.0,0,62.229
33,16.3046,1,0.6195,1.0,WARMING_UP,WARMING_UP,WARMING_UP,0.0,0,63.725
34,16.3173,1,0.6322,1.0,WARMING_UP,WARMING_UP,WARMING_UP,0.0,0,62.395
35,16.3375,1,0.6525,1.0,WARMING_UP,WARMING_UP,WARMING_UP,0.0,0,63.586
36,16.3507,1,0.6657,1.0,WARMING_UP,WARMING_UP,WARMING_UP,0.0,0,64.031
37,16.3654,1,0.6804,1.0,WARMING_UP,WARMING_UP,WARMING_UP,0.0,0,62.413
38,16.3866,1,0.7016,1.0,WARMING_UP,WARMING_UP,WARMING_UP,0.0,0,61.349
39,16.4061,1,0.7211,1.0,WARMING_UP,WARMING_UP,WARMING_UP,0.0,0,60.209
40,16.4259,1,0.7409,1.0,WARMING_UP,WARMING_UP,WARMING_UP,0.0,0,62.022
41,16.4385,1,0.7534,1.0,WARMING_UP,WARMING_UP,WARMING_UP,0.0,0,61.812
42,16.4553,1,0.7702,1.0,WARMING_UP,WARMING_UP,WARMING_UP,0.0,0,61.599
43,16.4723,1,0.7873,1.0,WARMING_UP,WARMING_UP,WARMING_UP,0.0,0,59.494
44,16.4985,1,0.8135,1.0,WARMING_UP,WARMING_UP,WARMING_UP,0.0,0,57.38
45,16.5239,1,0.8388,1.0,WARMING_UP,WARMING_UP,WARMING_UP,0.0,0,57.003
46,16.5433,1,0.8583,1.0,WARMING_UP,WARMING_UP,WARMING_UP,0.0,0,57.706
47,16.5575,1,0.8724,1.0,WARMING_UP,WARMING_UP,WARMING_UP,0.0,0,59.263
48,16.5706,1,0.8856,1.0,WARMING_UP,WARMING_UP,WARMING_UP,0.0,0,59.219
49,16.5879,1,0.9029,1.0,WARMING_UP,WARMING_UP,WARMING_UP,0.0,0,60.092
50,16.6023,1,0.9173,1.0,WARMING_UP,WARMING_UP,WARMING_UP,0.0,0,60.467
51,16.6211,1,0.9361,1.0,WARMING_UP,WARMING_UP,WARMING_UP,0.0,0,60.309
52,16.6349,1,0.9499,1.0,WARMING_UP,WARMING_UP,WARMING_UP,0.0,0,60.688
53,16.6505,1,0.9655,1.0,WARMING_UP,WARMING_UP,WARMING_UP,0.0,0,61.049
54,16.6661,1,0.981,1.0,WARMING_UP,WARMING_UP,WARMING_UP,0.0,0,61.285
55,16.6819,1,0.9968,1.0,WARMING_UP,WARMING_UP,WARMING_UP,0.0,0,62.441
56,16.6955,1,1.0105,1.0,WARMING_UP,WARMING_UP,WARMING_UP,0.0,0,63.594
57,16.709,1,1.024,1.0,WARMING_UP,WARMING_UP,WARMING_UP,0.0,0,65.502
58,16.7212,1,1.0362,1.0,WARMING_UP,WARMING_UP,WARMING_UP,0.0,0,65.601
59,16.7365,1,1.0515,1.0,WARMING_UP,WARMING_UP,WARMING_UP,0.0,0,66.09
60,16.7504,1,1.0653,1.0,WARMING_UP,WARMING_UP,WARMING_UP,0.0,0,64.445
61,16.7708,1,1.0857,1.0,WARMING_UP,WARMING_UP,WARMING_UP,0.0,0,65.849
62,16.7831,1,1.0981,1.0,WARMING_UP,WARMING_UP,WARMING_UP,0.0,0,66.484
63,16.7969,1,1.1118,1.0,WARMING_UP,WARMING_UP,WARMING_UP,0.0,0,66.674
64,16.8117,1,1.1267,1.0,WARMING_UP,WARMING_UP,WARMING_UP,0.0,0,67.291
65,16.8254,1,1.1404,1.0,WARMING_UP,WARMING_UP,WARMING_UP,0.0,0,68.931
66,16.8374,1,1.1524,1.0,WARMING_UP,WARMING_UP,WARMING_UP,0.0,0,69.544
67,16.8508,1,1.1658,1.0,WARMING_UP,WARMING_UP,WARMING_UP,0.0,0,69.889
68,16.8644,1,1.1793,1.0,WARMING_UP,WARMING_UP,WARMING_UP,0.0,0,69.859
69,16.8789,1,1.1938,1.0,WARMING_UP,WARMING_UP,WARMING_UP,0.0,0,69.751
70,16.8934,1,1.2083,1.0,WARMING_UP,WARMING_UP,WARMING_UP,0.0,0,68.706
71,16.9102,1,1.2252,1.0,WARMING_UP,WARMING_UP,WARMING_UP,0.0,0,68.82
72,16.9245,1,1.2395,1.0,WARMING_UP,WARMING_UP,WARMING_UP,0.0,0,70.155
73,16.9365,1,1.2514,1.0,WARMING_UP,WARMING_UP,WARMING_UP,0.0,0,71.175
74,16.9491,1,1.2641,1.0,WARMING_UP,WARMING_UP,WARMING_UP,0.0,0,68.6
75,16.9714,1,1.2863,1.0,WARMING_UP,WARMING_UP,WARMING_UP,0.0,0,69.675
76,16.9836,1,1.2986,1.0,WARMING_UP,WARMING_UP,WARMING_UP,0.0,0,69.966
77,16.9975,1,1.3125,1.0,WARMING_UP,WARMING_UP,WARMING_UP,0.0,0,70.257
78,17.0112,1,1.3262,1.0,WARMING_UP,WARMING_UP,WARMING_UP,0.0,0,69.637
82,17.0642,1,1.3791,0.9634,WARMING_UP,WARMING_UP,WARMING_UP,0.0,0,73.0
83,17.0795,1,1.3945,0.9639,WARMING_UP,WARMING_UP,WARMING_UP,0.0,0,72.408
84,17.0942,1,1.4092,0.9643,WARMING_UP,WARMING_UP,WARMING_UP,0.0,0,72.09
85,17.1086,1,1.4235,0.9647,WARMING_UP,WARMING_UP,WARMING_UP,0.0,0,72.932
86,17.1213,1,1.4363,0.9651,WARMING_UP,WARMING_UP,WARMING_UP,0.0,0,73.497
87,17.1338,1,1.4488,0.9655,WARMING_UP,WARMING_UP,WARMING_UP,0.0,0,72.697
88,17.1492,1,1.4642,0.9659,WARMING_UP,WARMING_UP,WARMING_UP,0.0,0,72.248
89,17.1638,1,1.4788,0.9663,WARMING_UP,WARMING_UP,WARMING_UP,0.0,0,71.9
91,17.193,6,0.0,1.0,WARMING_UP,WARMING_UP,WARMING_UP,0.0,0,70.727
92,17.2087,6,0.0157,1.0,WARMING_UP,WARMING_UP,WARMING_UP,0.0,0,70.495
93,17.2234,6,0.0304,1.0,WARMING_UP,WARMING_UP,WARMING_UP,0.0,0,71.461
94,17.236,6,0.0431,1.0,WARMING_UP,WARMING_UP,WARMING_UP,0.0,0,72.075
95,17.2486,6,0.0556,1.0,WARMING_UP,WARMING_UP,WARMING_UP,0.0,0,70.136
96,17.2679,6,0.075,1.0,WARMING_UP,WARMING_UP,WARMING_UP,0.0,0,70.55
97,17.2811,6,0.0881,1.0,WARMING_UP,WARMING_UP,WARMING_UP,0.0,0,70.869
98,17.2947,6,0.1017,1.0,WARMING_UP,WARMING_UP,WARMING_UP,0.0,0,70.771
99,17.3089,6,0.116,1.0,WARMING_UP,WARMING_UP,WARMING_UP,0.0,0,71.86
100,17.3222,6,0.1292,1.0,WARMING_UP,WARMING_UP,WARMING_UP,0.0,0,72.225
101,17.3343,6,0.1413,1.0,WARMING_UP,WARMING_UP,WARMING_UP,0.0,0,72.783
102,17.3473,6,0.1543,1.0,WARMING_UP,WARMING_UP,WARMING_UP,0.0,0,72.493
103,17.3618,6,0.1688,1.0,WARMING_UP,WARMING_UP,WARMING_UP,0.0,0,72.144
104,17.3761,6,0.1832,1.0,WARMING_UP,WARMING_UP,WARMING_UP,0.0,0,71.892
105,17.3906,6,0.1976,1.0,WARMING_UP,WARMING_UP,WARMING_UP,0.0,0,70.579
106,17.4076,6,0.2146,1.0,WARMING_UP,WARMING_UP,WARMING_UP,0.0,0,71.492
107,17.4213,6,0.2284,1.0,WARMING_UP,WARMING_UP,WARMING_UP,0.0,0,71.764
108,17.4335,6,0.2406,1.0,WARMING_UP,WARMING_UP,WARMING_UP,0.0,0,72.171
109,17.4468,6,0.2538,1.0,WARMING_UP,WARMING_UP,WARMING_UP,0.0,0,72.13
110,17.4607,6,0.2677,1.0,WARMING_UP,WARMING_UP,WARMING_UP,0.0,0,71.616
111,17.4757,6,0.2827,1.0,WARMING_UP,WARMING_UP,WARMING_UP,0.0,0,71.121
112,17.491,6,0.298,1.0,WARMING_UP,WARMING_UP,WARMING_UP,0.0,0,70.161
113,17.5069,6,0.3139,1.0,WARMING_UP,WARMING_UP,WARMING_UP,0.0,0,71.036
114,17.5196,6,0.3267,1.0,WARMING_UP,WARMING_UP,WARMING_UP,0.0,0,71.657
115,17.5326,6,0.3396,1.0,WARMING_UP,WARMING_UP,WARMING_UP,0.0,0,71.273
116,17.5476,6,0.3547,1.0,WARMING_UP,WARMING_UP,WARMING_UP,0.0,0,70.935
117,17.562,6,0.369,1.0,WARMING_UP,WARMING_UP,WARMING_UP,0.0,0,70.805
118,17.5763,6,0.3834,1.0,WARMING_UP,WARMING_UP,WARMING_UP,0.0,0,70.568
119,17.5912,6,0.3982,1.0,WARMING_UP,WARMING_UP,WARMING_UP,0.0,0,69.994
120,17.6068,6,0.4138,1.0,WARMING_UP,WARMING_UP,WARMING_UP,0.0,0,68.176
121,17.6258,6,0.4328,1.0,WARMING_UP,WARMING_UP,WARMING_UP,0.0,0,68.372
122,17.64,6,0.447,1.0,WARMING_UP,WARMING_UP,WARMING_UP,0.0,0,68.504
123,17.6542,6,0.4612,1.0,WARMING_UP,WARMING_UP,WARMING_UP,0.0,0,69.536
124,17.667,6,0.4741,1.0,WARMING_UP,WARMING_UP,WARMING_UP,0.0,0,69.843
125,17.6808,6,0.4878,1.0,WARMING_UP,WARMING_UP,WARMING_UP,0.0,0,70.798
126,17.6933,6,0.5004,1.0,WARMING_UP,WARMING_UP,WARMING_UP,0.0,0,70.949
127,17.7072,6,0.5142,1.0,WARMING_UP,WARMING_UP,WARMING_UP,0.0,0,69.883
128,17.7237,6,0.5307,1.0,WARMING_UP,WARMING_UP,WARMING_UP,0.0,0,70.404
129,17.7371,6,0.5441,1.0,WARMING_UP,WARMING_UP,WARMING_UP,0.0,0,71.345
130,17.75,6,0.557,1.0,WARMING_UP,WARMING_UP,WARMING_UP,0.0,0,71.899
131,17.7626,6,0.5696,1.0,WARMING_UP,WARMING_UP,WARMING_UP,0.0,0,69.629
132,17.7831,6,0.5902,1.0,WARMING_UP,WARMING_UP,WARMING_UP,0.0,0,70.399
133,17.7958,6,0.6028,1.0,WARMING_UP,WARMING_UP,WARMING_UP,0.0,0,68.234
134,17.8166,6,0.6236,1.0,WARMING_UP,WARMING_UP,WARMING_UP,0.0,0,68.403
135,17.8308,6,0.6379,1.0,WARMING_UP,WARMING_UP,WARMING_UP,0.0,0,68.003
136,17.8463,6,0.6533,1.0,WARMING_UP,WARMING_UP,WARMING_UP,0.0,0,65.073
137,17.872,6,0.679,1.0,WARMING_UP,WARMING_UP,WARMING_UP,0.0,0,65.689
138,17.8861,6,0.6932,1.0,WARMING_UP,WARMING_UP,WARMING_UP,0.0,0,66.753
139,17.8992,6,0.7062,1.0,WARMING_UP,WARMING_UP,WARMING_UP,0.0,0,68.213
140,17.9112,6,0.7183,1.0,WARMING_UP,WARMING_UP,WARMING_UP,0.0,0,68.997
141,17.9246,6,0.7317,1.0,WARMING_UP,WARMING_UP,WARMING_UP,0.0,0,69.017
142,17.9392,6,0.7463,1.0,WARMING_UP,WARMING_UP,WARMING_UP,0.0,0,69.442
143,17.9527,6,0.7598,1.0,WARMING_UP,WARMING_UP,WARMING_UP,0.0,0,70.684
144,17.9652,6,0.7722,1.0,WARMING_UP,WARMING_UP,WARMING_UP,0.0,0,68.049
145,17.9878,6,0.7949,1.0,WARMING_UP,WARMING_UP,WARMING_UP,0.0,0,67.668
146,18.0031,6,0.8102,1.0,WARMING_UP,WARMING_UP,WARMING_UP,0.0,0,68.324
147,18.0167,6,0.8237,1.0,WARMING_UP,WARMING_UP,WARMING_UP,0.0,0,69.52
148,18.0289,6,0.8359,1.0,WARMING_UP,WARMING_UP,WARMING_UP,0.0,0,69.805
149,18.0428,6,0.8498,1.0,WARMING_UP,WARMING_UP,WARMING_UP,0.0,0,69.957
150,18.057,6,0.864,1.0,WARMING_UP,WARMING_UP,WARMING_UP,0.0,0,70.064
151,18.0708,6,0.8778,1.0,WARMING_UP,WARMING_UP,WARMING_UP,0.0,0,71.177
152,18.0839,6,0.8909,1.0,WARMING_UP,WARMING_UP,WARMING_UP,0.0,0,68.404
153,18.1066,6,0.9136,1.0,WARMING_UP,WARMING_UP,WARMING_UP,0.0,0,68.579
154,18.1206,6,0.9277,1.0,WARMING_UP,WARMING_UP,WARMING_UP,0.0,0,69.365
155,18.1335,6,0.9405,1.0,WARMING_UP,WARMING_UP,WARMING_UP,0.0,0,70.273
156,18.1464,6,0.9534,1.0,WARMING_UP,WARMING_UP,WARMING_UP,0.0,0,70.318
157,18.1605,6,0.9675,1.0,WARMING_UP,WARMING_UP,WARMING_UP,0.0,0,70.803
158,18.1736,6,0.9806,1.0,WARMING_UP,WARMING_UP,WARMING_UP,0.0,0,71.616
159,18.1871,6,0.9941,1.0,WARMING_UP,WARMING_UP,WARMING_UP,0.0,0,71.874
160,18.2001,6,1.0071,1.0,WARMING_UP,WARMING_UP,WARMING_UP,0.0,0,72.448
161,18.2126,6,1.0196,1.0,WARMING_UP,WARMING_UP,WARMING_UP,0.0,0,72.194
162,18.2272,6,1.0342,1.0,WARMING_UP,WARMING_UP,WARMING_UP,0.0,0,71.766
163,18.2419,6,1.049,1.0,WARMING_UP,WARMING_UP,WARMING_UP,0.0,0,72.658
164,18.2554,6,1.0624,1.0,WARMING_UP,WARMING_UP,WARMING_UP,0.0,0,70.033
165,18.276,6,1.083,1.0,WARMING_UP,WARMING_UP,WARMING_UP,0.0,0,69.509
166,18.2918,6,1.0988,1.0,WARMING_UP,WARMING_UP,WARMING_UP,0.0,0,68.864
167,18.3071,6,1.1142,1.0,WARMING_UP,WARMING_UP,WARMING_UP,0.0,0,69.782
168,18.3199,6,1.1269,1.0,WARMING_UP,WARMING_UP,WARMING_UP,0.0,0,70.738
169,18.3326,6,1.1396,1.0,WARMING_UP,WARMING_UP,WARMING_UP,0.0,0,70.547
170,18.3471,6,1.1541,1.0,WARMING_UP,WARMING_UP,WARMING_UP,0.0,0,70.552
171,18.3615,6,1.1686,1.0,WARMING_UP,WARMING_UP,WARMING_UP,0.0,0,70.107
173,18.3878,9,0.0,1.0,WARMING_UP,WARMING_UP,WARMING_UP,0.0,0,72.32
174,18.4008,9,0.013,1.0,WARMING_UP,WARMING_UP,WARMING_UP,0.0,0,72.259
175,18.4149,9,0.0271,1.0,WARMING_UP,WARMING_UP,WARMING_UP,0.0,0,71.979
176,18.4292,9,0.0414,1.0,WARMING_UP,WARMING_UP,WARMING_UP,0.0,0,71.746
177,18.4437,9,0.0559,1.0,WARMING_UP,WARMING_UP,WARMING_UP,0.0,0,72.001
178,18.4571,9,0.0693,1.0,WARMING_UP,WARMING_UP,WARMING_UP,0.0,0,72.521
179,18.47,9,0.0823,1.0,WARMING_UP,WARMING_UP,WARMING_UP,0.0,0,70.399
180,18.4897,9,0.1019,1.0,WARMING_UP,WARMING_UP,WARMING_UP,0.0,0,70.485
181,18.5035,9,0.1158,1.0,WARMING_UP,WARMING_UP,WARMING_UP,0.0,0,70.666
182,18.5177,9,0.1299,1.0,WARMING_UP,WARMING_UP,WARMING_UP,0.0,0,70.536
183,18.5318,9,0.144,1.0,WARMING_UP,WARMING_UP,WARMING_UP,0.0,0,69.728
184,18.5477,9,0.16,1.0,WARMING_UP,WARMING_UP,WARMING_UP,0.0,0,69.746
185,18.5621,9,0.1743,1.0,WARMING_UP,WARMING_UP,WARMING_UP,0.0,0,70.739
186,18.5754,9,0.1876,1.0,WARMING_UP,WARMING_UP,WARMING_UP,0.0,0,69.962
187,18.5904,9,0.2026,1.0,WARMING_UP,WARMING_UP,WARMING_UP,0.0,0,70.707
188,18.6034,9,0.2156,1.0,WARMING_UP,WARMING_UP,WARMING_UP,0.0,0,70.531
189,18.6181,9,0.2304,1.0,WARMING_UP,WARMING_UP,WARMING_UP,0.0,0,70.275
190,18.6326,9,0.2449,1.0,WARMING_UP,WARMING_UP,WARMING_UP,0.0,0,70.466
191,18.6465,9,0.2587,1.0,WARMING_UP,WARMING_UP,WARMING_UP,0.0,0,71.119
192,18.6597,9,0.272,1.0,WARMING_UP,WARMING_UP,WARMING_UP,0.0,0,71.298
193,18.6731,9,0.2853,1.0,WARMING_UP,WARMING_UP,WARMING_UP,0.0,0,70.84
194,18.6884,9,0.3006,1.0,WARMING_UP,WARMING_UP,WARMING_UP,0.0,0,71.199
195,18.7016,9,0.3138,1.0,WARMING_UP,WARMING_UP,WARMING_UP,0.0,0,68.804
196,18.723,9,0.3353,1.0,WARMING_UP,WARMING_UP,WARMING_UP,0.0,0,69.006
197,18.737,9,0.3492,1.0,WARMING_UP,WARMING_UP,WARMING_UP,0.0,0,67.917
198,18.7541,9,0.3663,1.0,WARMING_UP,WARMING_UP,WARMING_UP,0.0,0,66.644
198,18.7541,15,0.0,1.0,WARMING_UP,WARMING_UP,WARMING_UP,0.0,0,66.644
199,18.7725,9,0.3847,1.0,WARMING_UP,WARMING_UP,WARMING_UP,0.0,0,66.924
199,18.7725,15,0.0184,1.0,WARMING_UP,WARMING_UP,WARMING_UP,0.0,0,66.924
201,18.8025,9,0.4147,0.9655,WARMING_UP,WARMING_UP,WARMING_UP,0.0,0,66.502
204,18.8388,9,0.451,0.9062,WARMING_UP,WARMING_UP,WARMING_UP,0.0,0,70.729
205,18.8549,9,0.4671,0.9091,WARMING_UP,WARMING_UP,WARMING_UP,0.0,0,70.624
206,18.8694,9,0.4816,0.9118,WARMING_UP,WARMING_UP,WARMING_UP,0.0,0,70.356
207,18.8838,9,0.4961,0.9143,WARMING_UP,WARMING_UP,WARMING_UP,0.0,0,70.798
207,18.8838,15,0.1297,0.3,WARMING_UP,WARMING_UP,WARMING_UP,0.0,0,70.798
208,18.8979,9,0.5101,0.9167,WARMING_UP,WARMING_UP,WARMING_UP,0.0,0,71.173
208,18.8979,15,0.1437,0.3636,WARMING_UP,WARMING_UP,WARMING_UP,0.0,0,71.173
209,18.9112,9,0.5234,0.9189,WARMING_UP,WARMING_UP,WARMING_UP,0.0,0,71.095
212,18.9476,15,0.1935,0.3333,WARMING_UP,WARMING_UP,WARMING_UP,0.0,0,74.71
212,18.9476,9,0.5598,0.875,WARMING_UP,WARMING_UP,WARMING_UP,0.0,0,74.71
216,19.0019,9,0.6142,0.8182,WARMING_UP,WARMING_UP,WARMING_UP,0.0,0,74.042
217,19.0189,15,0.2648,0.3,WARMING_UP,WARMING_UP,WARMING_UP,0.0,0,74.25
218,19.0319,9,0.6441,0.8043,WARMING_UP,WARMING_UP,WARMING_UP,0.0,0,74.665
219,19.0446,9,0.6568,0.8085,WARMING_UP,WARMING_UP,WARMING_UP,0.0,0,74.016
219,19.0446,15,0.2904,0.3182,WARMING_UP,WARMING_UP,WARMING_UP,0.0,0,74.016
222,19.0822,9,0.6944,0.78,WARMING_UP,WARMING_UP,WARMING_UP,0.0,0,75.381
223,19.0981,9,0.7103,0.7843,WARMING_UP,WARMING_UP,WARMING_UP,0.0,0,72.161
223,19.0981,15,0.344,0.3077,WARMING_UP,WARMING_UP,WARMING_UP,0.0,0,72.161
224,19.1215,9,0.7337,0.7885,WARMING_UP,WARMING_UP,WARMING_UP,0.0,0,72.402
225,19.1349,9,0.7471,0.7925,WARMING_UP,WARMING_UP,WARMING_UP,0.0,0,72.511
226,19.1479,9,0.7601,0.7963,WARMING_UP,WARMING_UP,WARMING_UP,0.0,0,72.462
227,19.162,9,0.7742,0.8,WARMING_UP,WARMING_UP,WARMING_UP,0.0,0,71.487
228,19.1781,9,0.7904,0.8036,WARMING_UP,WARMING_UP,WARMING_UP,0.0,0,70.962
229,19.1932,9,0.8055,0.807,WARMING_UP,WARMING_UP,WARMING_UP,0.0,0,70.574
231,19.2185,9,0.8307,0.7966,WARMING_UP,WARMING_UP,WARMING_UP,0.0,0,73.492
232,19.2311,9,0.8434,0.8,WARMING_UP,WARMING_UP,WARMING_UP,0.0,0,73.65
233,19.2446,9,0.8568,0.8033,WARMING_UP,WARMING_UP,WARMING_UP,0.0,0,73.336
233,19.2446,15,0.4905,0.25,WARMING_UP,WARMING_UP,WARMING_UP,0.0,0,73.336
234,19.2589,9,0.8711,0.8065,WARMING_UP,WARMING_UP,WARMING_UP,0.0,0,70.641
235,19.2805,9,0.8927,0.8095,WARMING_UP,WARMING_UP,WARMING_UP,0.0,0,70.248
243,19.3927,9,1.0049,0.7324,WARMING_UP,WARMING_UP,WARMING_UP,0.0,0,72.965
244,19.4054,9,1.0176,0.7361,WARMING_UP,WARMING_UP,WARMING_UP,0.0,0,73.002
245,19.4189,9,1.0311,0.7397,WARMING_UP,WARMING_UP,WARMING_UP,0.0,0,73.337
248,19.4551,9,1.0673,0.7237,WARMING_UP,WARMING_UP,WARMING_UP,0.0,0,76.319
250,19.4808,15,0.7267,0.1887,WARMING_UP,WARMING_UP,WARMING_UP,0.0,0,75.439
250,19.4808,9,1.093,0.7179,WARMING_UP,WARMING_UP,WARMING_UP,0.0,0,75.439
251,19.4957,15,0.7416,0.2037,WARMING_UP,WARMING_UP,WARMING_UP,0.0,0,74.827
256,19.5583,15,0.8042,0.2034,WARMING_UP,WARMING_UP,WARMING_UP,0.0,0,78.092
296,20.0804,20,0.0,1.0,WARMING_UP,WARMING_UP,WARMING_UP,0.0,0,78.826
297,20.0931,20,0.0127,1.0,WARMING_UP,WARMING_UP,WARMING_UP,0.0,0,78.438
298,20.1065,20,0.0261,1.0,WARMING_UP,WARMING_UP,WARMING_UP,0.0,0,76.347
299,20.1239,20,0.0435,1.0,WARMING_UP,WARMING_UP,WARMING_UP,0.0,0,75.962
300,20.1378,20,0.0574,1.0,WARMING_UP,WARMING_UP,WARMING_UP,0.0,0,74.465
302,20.1657,20,0.0853,0.8571,WARMING_UP,WARMING_UP,WARMING_UP,0.0,0,75.709
303,20.1788,20,0.0984,0.875,WARMING_UP,WARMING_UP,WARMING_UP,0.0,0,74.659
307,20.232,20,0.1516,0.6667,WARMING_UP,WARMING_UP,WARMING_UP,0.0,0,73.085
308,20.2547,20,0.1743,0.6923,WARMING_UP,WARMING_UP,WARMING_UP,0.0,0,72.361
309,20.27,20,0.1895,0.7143,WARMING_UP,WARMING_UP,WARMING_UP,0.0,0,72.925
311,20.295,20,0.2146,0.6875,WARMING_UP,WARMING_UP,WARMING_UP,0.0,0,70.828
312,20.3166,20,0.2362,0.7059,WARMING_UP,WARMING_UP,WARMING_UP,0.0,0,71.455
313,20.3293,20,0.2488,0.7222,WARMING_UP,WARMING_UP,WARMING_UP,0.0,0,71.789
314,20.3425,20,0.262,0.7368,WARMING_UP,WARMING_UP,WARMING_UP,0.0,0,71.284
315,20.3578,20,0.2773,0.75,WARMING_UP,WARMING_UP,WARMING_UP,0.0,0,71.027
316,20.3722,20,0.2918,0.7619,WARMING_UP,WARMING_UP,WARMING_UP,0.0,0,71.248
317,20.3867,20,0.3062,0.7727,WARMING_UP,WARMING_UP,WARMING_UP,0.0,0,71.721
318,20.3991,20,0.3186,0.7826,WARMING_UP,WARMING_UP,WARMING_UP,0.0,0,71.949
319,20.4126,20,0.3321,0.7917,WARMING_UP,WARMING_UP,WARMING_UP,0.0,0,72.237
320,20.4259,20,0.3455,0.8,WARMING_UP,WARMING_UP,WARMING_UP,0.0,0,72.268
321,20.4398,20,0.3594,0.8077,WARMING_UP,WARMING_UP,WARMING_UP,0.0,0,71.373
331,20.5686,35,0.0,1.0,WARMING_UP,WARMING_UP,WARMING_UP,0.0,0,76.558
332,20.5825,35,0.014,1.0,WARMING_UP,WARMING_UP,WARMING_UP,0.0,0,75.49
333,20.5975,35,0.0289,1.0,WARMING_UP,WARMING_UP,WARMING_UP,0.0,0,74.79
334,20.6122,35,0.0436,1.0,WARMING_UP,WARMING_UP,WARMING_UP,0.0,0,74.326
335,20.6267,35,0.0581,1.0,WARMING_UP,WARMING_UP,WARMING_UP,0.0,0,73.366
336,20.642,35,0.0734,1.0,WARMING_UP,WARMING_UP,WARMING_UP,0.0,0,71.789
337,20.6595,35,0.0909,1.0,WARMING_UP,WARMING_UP,WARMING_UP,0.0,0,71.798
338,20.6739,35,0.1054,1.0,WARMING_UP,WARMING_UP,WARMING_UP,0.0,0,71.875
339,20.6866,35,0.1181,1.0,WARMING_UP,WARMING_UP,WARMING_UP,0.0,0,72.274
340,20.7,35,0.1314,1.0,WARMING_UP,WARMING_UP,WARMING_UP,0.0,0,70.251
341,20.7196,35,0.151,1.0,WARMING_UP,WARMING_UP,WARMING_UP,0.0,0,70.813
342,20.7324,35,0.1639,1.0,WARMING_UP,WARMING_UP,WARMING_UP,0.0,0,70.968
343,20.7464,35,0.1779,1.0,WARMING_UP,WARMING_UP,WARMING_UP,0.0,0,70.972
344,20.7605,35,0.1919,1.0,WARMING_UP,WARMING_UP,WARMING_UP,0.0,0,71.745
345,20.7735,35,0.2049,1.0,WARMING_UP,WARMING_UP,WARMING_UP,0.0,0,71.565
346,20.7874,35,0.2188,1.0,WARMING_UP,WARMING_UP,WARMING_UP,0.0,0,72.228
347,20.8001,35,0.2316,1.0,WARMING_UP,WARMING_UP,WARMING_UP,0.0,0,72.608
348,20.8133,35,0.2447,1.0,WARMING_UP,WARMING_UP,WARMING_UP,0.0,0,71.982
349,20.8285,35,0.26,1.0,WARMING_UP,WARMING_UP,WARMING_UP,0.0,0,71.625
350,20.843,35,0.2744,1.0,WARMING_UP,WARMING_UP,WARMING_UP,0.0,0,71.87
351,20.8565,35,0.288,1.0,WARMING_UP,WARMING_UP,WARMING_UP,0.0,0,72.589
352,20.8726,35,0.304,1.0,WARMING_UP,WARMING_UP,WARMING_UP,0.0,0,71.239
353,20.8863,35,0.3177,1.0,WARMING_UP,WARMING_UP,WARMING_UP,0.0,0,70.559
354,20.9018,35,0.3332,1.0,WARMING_UP,WARMING_UP,WARMING_UP,0.0,0,70.414
355,20.9161,35,0.3475,1.0,WARMING_UP,WARMING_UP,WARMING_UP,0.0,0,70.22
356,20.9307,35,0.3621,1.0,WARMING_UP,WARMING_UP,WARMING_UP,0.0,0,70.236
357,20.9449,35,0.3763,1.0,WARMING_UP,WARMING_UP,WARMING_UP,0.0,0,70.767
358,20.9585,35,0.39,1.0,WARMING_UP,WARMING_UP,WARMING_UP,0.0,0,71.157
359,20.9714,35,0.4029,1.0,WARMING_UP,WARMING_UP,WARMING_UP,0.0,0,71.745
360,20.9846,35,0.416,1.0,WARMING_UP,WARMING_UP,WARMING_UP,0.0,0,70.607
360,20.9846,45,0.0,1.0,WARMING_UP,WARMING_UP,WARMING_UP,0.0,0,70.607
361,21.0013,35,0.4327,1.0,WARMING_UP,WARMING_UP,WARMING_UP,0.0,0,70.536
361,21.0013,45,0.0167,1.0,WARMING_UP,WARMING_UP,WARMING_UP,0.0,0,70.536
362,21.0155,35,0.4469,1.0,WARMING_UP,WARMING_UP,WARMING_UP,0.0,0,69.897
362,21.0155,45,0.0309,1.0,WARMING_UP,WARMING_UP,WARMING_UP,0.0,0,69.897
363,21.031,35,0.4625,1.0,WARMING_UP,WARMING_UP,WARMING_UP,0.0,0,69.396
363,21.031,45,0.0465,1.0,WARMING_UP,WARMING_UP,WARMING_UP,0.0,0,69.396
364,21.0466,35,0.4781,1.0,WARMING_UP,WARMING_UP,WARMING_UP,0.0,0,68.565
364,21.0466,45,0.0621,1.0,WARMING_UP,WARMING_UP,WARMING_UP,0.0,0,68.565
365,21.063,35,0.4944,1.0,WARMING_UP,WARMING_UP,WARMING_UP,0.0,0,69.289
365,21.063,45,0.0784,1.0,WARMING_UP,WARMING_UP,WARMING_UP,0.0,0,69.289
366,21.0766,35,0.508,1.0,WARMING_UP,WARMING_UP,WARMING_UP,0.0,0,69.693
366,21.0766,45,0.0921,1.0,WARMING_UP,WARMING_UP,WARMING_UP,0.0,0,69.693
367,21.0899,35,0.5214,1.0,WARMING_UP,WARMING_UP,WARMING_UP,0.0,0,66.682
367,21.0899,45,0.1054,1.0,WARMING_UP,WARMING_UP,WARMING_UP,0.0,0,66.682
368,21.1152,35,0.5467,1.0,WARMING_UP,WARMING_UP,WARMING_UP,0.0,0,67.472
368,21.1152,45,0.1307,1.0,WARMING_UP,WARMING_UP,WARMING_UP,0.0,0,67.472
369,21.1296,35,0.561,1.0,WARMING_UP,WARMING_UP,WARMING_UP,0.0,0,67.256
369,21.1296,45,0.145,1.0,WARMING_UP,WARMING_UP,WARMING_UP,0.0,0,67.256
370,21.144,35,0.5755,1.0,WARMING_UP,WARMING_UP,WARMING_UP,0.0,0,67.595
371,21.1578,35,0.5892,1.0,WARMING_UP,WARMING_UP,WARMING_UP,0.0,0,68.231
371,21.1578,45,0.1732,0.9167,WARMING_UP,WARMING_UP,WARMING_UP,0.0,0,68.231
372,21.1715,35,0.6029,1.0,WARMING_UP,WARMING_UP,WARMING_UP,0.0,0,65.9
372,21.1715,45,0.187,0.9231,WARMING_UP,WARMING_UP,WARMING_UP,0.0,0,65.9
373,21.1943,35,0.6258,1.0,WARMING_UP,WARMING_UP,WARMING_UP,0.0,0,66.009
373,21.1943,45,0.2098,0.9286,WARMING_UP,WARMING_UP,WARMING_UP,0.0,0,66.009
374,21.209,35,0.6404,1.0,WARMING_UP,WARMING_UP,WARMING_UP,0.0,0,63.384
374,21.209,45,0.2244,0.9333,WARMING_UP,WARMING_UP,WARMING_UP,0.0,0,63.384
375,21.2338,35,0.6652,1.0,WARMING_UP,WARMING_UP,WARMING_UP,0.0,0,63.406
375,21.2338,45,0.2492,0.9375,WARMING_UP,WARMING_UP,WARMING_UP,0.0,0,63.406
376,21.2499,35,0.6814,1.0,WARMING_UP,WARMING_UP,WARMING_UP,0.0,0,63.587
376,21.2499,45,0.2654,0.9412,WARMING_UP,WARMING_UP,WARMING_UP,0.0,0,63.587
377,21.2649,35,0.6964,1.0,WARMING_UP,WARMING_UP,WARMING_UP,0.0,0,64.549
377,21.2649,45,0.2804,0.9444,WARMING_UP,WARMING_UP,WARMING_UP,0.0,0,64.549
378,21.2786,35,0.71,1.0,WARMING_UP,WARMING_UP,WARMING_UP,0.0,0,65.632
378,21.2786,45,0.294,0.9474,WARMING_UP,WARMING_UP,WARMING_UP,0.0,0,65.632
379,21.2916,35,0.7231,1.0,WARMING_UP,WARMING_UP,WARMING_UP,0.0,0,66.655
379,21.2916,45,0.3071,0.95,WARMING_UP,WARMING_UP,WARMING_UP,0.0,0,66.655
380,21.3049,35,0.7364,1.0,WARMING_UP,WARMING_UP,WARMING_UP,0.0,0,64.606
380,21.3049,45,0.3204,0.9524,WARMING_UP,WARMING_UP,WARMING_UP,0.0,0,64.606
381,21.3269,35,0.7583,1.0,WARMING_UP,WARMING_UP,WARMING_UP,0.0,0,64.659
381,21.3269,45,0.3423,0.9545,WARMING_UP,WARMING_UP,WARMING_UP,0.0,0,64.659
382,21.3419,35,0.7733,1.0,WARMING_UP,WARMING_UP,WARMING_UP,0.0,0,62.7
382,21.3419,45,0.3573,0.9565,WARMING_UP,WARMING_UP,WARMING_UP,0.0,0,62.7
383,21.3653,35,0.7968,1.0,WARMING_UP,WARMING_UP,WARMING_UP,0.0,0,63.378
383,21.3653,45,0.3808,0.9583,WARMING_UP,WARMING_UP,WARMING_UP,0.0,0,63.378
384,21.3785,35,0.81,1.0,WARMING_UP,WARMING_UP,WARMING_UP,0.0,0,64.351
384,21.3785,45,0.394,0.96,WARMING_UP,WARMING_UP,WARMING_UP,0.0,0,64.351
385,21.3924,35,0.8238,1.0,WARMING_UP,WARMING_UP,WARMING_UP,0.0,0,65.251
385,21.3924,45,0.4078,0.9615,WARMING_UP,WARMING_UP,WARMING_UP,0.0,0,65.251
386,21.4058,35,0.8372,1.0,WARMING_UP,WARMING_UP,WARMING_UP,0.0,0,65.207
386,21.4058,45,0.4212,0.963,WARMING_UP,WARMING_UP,WARMING_UP,0.0,0,65.207
387,21.4213,35,0.8527,1.0,WARMING_UP,WARMING_UP,WARMING_UP,0.0,0,65.506
387,21.4213,45,0.4367,0.9643,WARMING_UP,WARMING_UP,WARMING_UP,0.0,0,65.506
388,21.4359,35,0.8673,1.0,WARMING_UP,WARMING_UP,WARMING_UP,0.0,0,65.855
388,21.4359,45,0.4514,0.9655,WARMING_UP,WARMING_UP,WARMING_UP,0.0,0,65.855
389,21.4505,35,0.882,1.0,WARMING_UP,WARMING_UP,WARMING_UP,0.0,0,65.924
389,21.4505,45,0.466,0.9667,WARMING_UP,WARMING_UP,WARMING_UP,0.0,0,65.924
390,21.4661,35,0.8976,1.0,WARMING_UP,WARMING_UP,WARMING_UP,0.0,0,66.295
390,21.4661,45,0.4816,0.9677,WARMING_UP,WARMING_UP,WARMING_UP,0.0,0,66.295
391,21.4797,35,0.9111,1.0,WARMING_UP,WARMING_UP,WARMING_UP,0.0,0,67.255
391,21.4797,45,0.4951,0.9688,WARMING_UP,WARMING_UP,WARMING_UP,0.0,0,67.255
392,21.4933,35,0.9247,1.0,WARMING_UP,WARMING_UP,WARMING_UP,0.0,0,65.37
392,21.4933,45,0.5087,0.9697,WARMING_UP,WARMING_UP,WARMING_UP,0.0,0,65.37
393,21.5145,35,0.9459,1.0,WARMING_UP,WARMING_UP,WARMING_UP,0.0,0,66.01
393,21.5145,45,0.53,0.9706,WARMING_UP,WARMING_UP,WARMING_UP,0.0,0,66.01
394,21.5276,35,0.959,1.0,WARMING_UP,WARMING_UP,WARMING_UP,0.0,0,66.582
394,21.5276,45,0.5431,0.9714,WARMING_UP,WARMING_UP,WARMING_UP,0.0,0,66.582
395,21.5415,35,0.973,1.0,WARMING_UP,WARMING_UP,WARMING_UP,0.0,0,67.068
395,21.5415,45,0.557,0.9722,WARMING_UP,WARMING_UP,WARMING_UP,0.0,0,67.068
396,21.5553,35,0.9867,1.0,WARMING_UP,WARMING_UP,WARMING_UP,0.0,0,66.878
396,21.5553,45,0.5707,0.973,WARMING_UP,WARMING_UP,WARMING_UP,0.0,0,66.878
397,21.5708,35,1.0022,1.0,WARMING_UP,WARMING_UP,WARMING_UP,0.0,0,65.801
397,21.5708,45,0.5862,0.9737,WARMING_UP,WARMING_UP,WARMING_UP,0.0,0,65.801
398,21.5887,35,1.0201,1.0,WARMING_UP,WARMING_UP,WARMING_UP,0.0,0,65.949
398,21.5887,45,0.6041,0.9744,WARMING_UP,WARMING_UP,WARMING_UP,0.0,0,65.949
399,21.6035,35,1.035,1.0,WARMING_UP,WARMING_UP,WARMING_UP,0.0,0,66.096
399,21.6035,45,0.619,0.975,WARMING_UP,WARMING_UP,WARMING_UP,0.0,0,66.096
400,21.619,35,1.0504,1.0,WARMING_UP,WARMING_UP,WARMING_UP,0.0,0,65.648
400,21.619,45,0.6344,0.9756,WARMING_UP,WARMING_UP,WARMING_UP,0.0,0,65.648
401,21.6347,35,1.0662,1.0,WARMING_UP,WARMING_UP,WARMING_UP,0.0,0,66.313
401,21.6347,45,0.6502,0.9762,WARMING_UP,WARMING_UP,WARMING_UP,0.0,0,66.313
402,21.6484,35,1.0798,1.0,WARMING_UP,WARMING_UP,WARMING_UP,0.0,0,66.868
402,21.6484,45,0.6638,0.9767,WARMING_UP,WARMING_UP,WARMING_UP,0.0,0,66.868
403,21.6624,35,1.0938,1.0,WARMING_UP,WARMING_UP,WARMING_UP,0.0,0,66.96
403,21.6624,45,0.6778,0.9773,WARMING_UP,WARMING_UP,WARMING_UP,0.0,0,66.96
404,21.6768,35,1.1082,1.0,WARMING_UP,WARMING_UP,WARMING_UP,0.0,0,67.493
404,21.6768,45,0.6922,0.9778,WARMING_UP,WARMING_UP,WARMING_UP,0.0,0,67.493
405,21.691,35,1.1224,1.0,WARMING_UP,WARMING_UP,WARMING_UP,0.0,0,66.551
405,21.691,45,0.7065,0.9783,WARMING_UP,WARMING_UP,WARMING_UP,0.0,0,66.551
406,21.7081,35,1.1395,1.0,WARMING_UP,WARMING_UP,WARMING_UP,0.0,0,66.289
406,21.7081,45,0.7235,0.9787,WARMING_UP,WARMING_UP,WARMING_UP,0.0,0,66.289
407,21.7239,35,1.1553,1.0,WARMING_UP,WARMING_UP,WARMING_UP,0.0,0,66.224
408,21.739,35,1.1705,1.0,WARMING_UP,WARMING_UP,WARMING_UP,0.0,0,66.31
408,21.739,45,0.7545,0.9592,WARMING_UP,WARMING_UP,WARMING_UP,0.0,0,66.31
409,21.7539,35,1.1854,1.0,WARMING_UP,WARMING_UP,WARMING_UP,0.0,0,65.804
409,21.7539,45,0.7694,0.96,WARMING_UP,WARMING_UP,WARMING_UP,0.0,0,65.804
410,21.7704,35,1.2018,1.0,WARMING_UP,WARMING_UP,WARMING_UP,0.0,0,66.47
410,21.7704,45,0.7858,0.9608,WARMING_UP,WARMING_UP,WARMING_UP,0.0,0,66.47
411,21.7846,35,1.216,1.0,WARMING_UP,WARMING_UP,WARMING_UP,0.0,0,67.132
411,21.7846,45,0.8001,0.9615,WARMING_UP,WARMING_UP,WARMING_UP,0.0,0,67.132
412,21.7977,35,1.2292,1.0,WARMING_UP,WARMING_UP,WARMING_UP,0.0,0,67.324
412,21.7977,45,0.8132,0.9623,WARMING_UP,WARMING_UP,WARMING_UP,0.0,0,67.324
413,21.8123,35,1.2437,1.0,WARMING_UP,WARMING_UP,WARMING_UP,0.0,0,66.663
413,21.8123,45,0.8278,0.963,WARMING_UP,WARMING_UP,WARMING_UP,0.0,0,66.663
414,21.8289,35,1.2603,1.0,WARMING_UP,WARMING_UP,WARMING_UP,0.0,0,64.601
414,21.8289,45,0.8444,0.9636,WARMING_UP,WARMING_UP,WARMING_UP,0.0,0,64.601
415,21.8509,35,1.2823,1.0,WARMING_UP,WARMING_UP,WARMING_UP,0.0,0,65.212
415,21.8509,45,0.8663,0.9643,WARMING_UP,WARMING_UP,WARMING_UP,0.0,0,65.212
416,21.8646,35,1.296,1.0,WARMING_UP,WARMING_UP,WARMING_UP,0.0,0,65.457
416,21.8646,45,0.8801,0.9649,WARMING_UP,WARMING_UP,WARMING_UP,0.0,0,65.457
417,21.8792,35,1.3107,1.0,WARMING_UP,WARMING_UP,WARMING_UP,0.0,0,66.269
417,21.8792,45,0.8947,0.9655,WARMING_UP,WARMING_UP,WARMING_UP,0.0,0,66.269
418,21.8929,35,1.3243,1.0,WARMING_UP,WARMING_UP,WARMING_UP,0.0,0,65.461
418,21.8929,45,0.9083,0.9661,WARMING_UP,WARMING_UP,WARMING_UP,0.0,0,65.461
419,21.9101,35,1.3415,1.0,WARMING_UP,WARMING_UP,WARMING_UP,0.0,0,65.846
419,21.9101,45,0.9255,0.9667,WARMING_UP,WARMING_UP,WARMING_UP,0.0,0,65.846
420,21.9247,35,1.3562,1.0,WARMING_UP,WARMING_UP,WARMING_UP,0.0,0,63.704
420,21.9247,45,0.9402,0.9672,WARMING_UP,WARMING_UP,WARMING_UP,0.0,0,63.704
421,21.9472,35,1.3787,1.0,WARMING_UP,WARMING_UP,WARMING_UP,0.0,0,64.232
421,21.9472,45,0.9627,0.9677,WARMING_UP,WARMING_UP,WARMING_UP,0.0,0,64.232
422,21.9617,35,1.3931,1.0,WARMING_UP,WARMING_UP,WARMING_UP,0.0,0,64.338
422,21.9617,45,0.9772,0.9683,WARMING_UP,WARMING_UP,WARMING_UP,0.0,0,64.338
423,21.9769,35,1.4083,1.0,WARMING_UP,WARMING_UP,WARMING_UP,0.0,0,63.23
423,21.9769,45,0.9923,0.9688,WARMING_UP,WARMING_UP,WARMING_UP,0.0,0,63.23
424,21.9958,35,1.4272,1.0,WARMING_UP,WARMING_UP,WARMING_UP,0.0,0,61.314
424,21.9958,45,1.0112,0.9692,WARMING_UP,WARMING_UP,WARMING_UP,0.0,0,61.314
425,22.0186,35,1.45,1.0,WARMING_UP,WARMING_UP,WARMING_UP,0.0,0,62.196
425,22.0186,45,1.034,0.9697,WARMING_UP,WARMING_UP,WARMING_UP,0.0,0,62.196
426,22.0326,35,1.464,1.0,WARMING_UP,WARMING_UP,WARMING_UP,0.0,0,62.814
426,22.0326,45,1.048,0.9701,WARMING_UP,WARMING_UP,WARMING_UP,0.0,0,62.814
427,22.0473,35,1.4787,1.0,WARMING_UP,WARMING_UP,WARMING_UP,0.0,0,63.632
427,22.0473,45,1.0628,0.9706,WARMING_UP,WARMING_UP,WARMING_UP,0.0,0,63.632
428,22.0612,35,1.4927,1.0,WARMING_UP,WARMING_UP,WARMING_UP,0.0,0,63.998
428,22.0612,45,1.0767,0.971,WARMING_UP,WARMING_UP,WARMING_UP,0.0,0,63.998
429,22.0762,35,1.5076,1.0,WARMING_UP,WARMING_UP,WARMING_UP,0.0,0,63.542
429,22.0762,45,1.0916,0.9714,WARMING_UP,WARMING_UP,WARMING_UP,0.0,0,63.542
430,22.0929,35,1.5244,1.0,WARMING_UP,WARMING_UP,WARMING_UP,0.0,0,63.714
430,22.0929,45,1.1084,0.9718,WARMING_UP,WARMING_UP,WARMING_UP,0.0,0,63.714
431,22.1083,35,1.5397,1.0,WARMING_UP,WARMING_UP,WARMING_UP,0.0,0,63.953
432,22.1233,35,1.5548,1.0,WARMING_UP,WARMING_UP,WARMING_UP,0.0,0,64.845
432,22.1233,45,1.1388,0.9589,WARMING_UP,WARMING_UP,WARMING_UP,0.0,0,64.845
433,22.1385,35,1.57,1.0,WARMING_UP,WARMING_UP,WARMING_UP,0.0,0,65.06
433,22.1385,45,1.154,0.9595,WARMING_UP,WARMING_UP,WARMING_UP,0.0,0,65.06
434,22.152,35,1.5834,1.0,WARMING_UP,WARMING_UP,WARMING_UP,0.0,0,63.1
434,22.152,45,1.1675,0.96,WARMING_UP,WARMING_UP,WARMING_UP,0.0,0,63.1
435,22.1742,35,1.6056,1.0,WARMING_UP,WARMING_UP,WARMING_UP,0.0,0,64.442
435,22.1742,45,1.1897,0.9605,WARMING_UP,WARMING_UP,WARMING_UP,0.0,0,64.442
436,22.1871,35,1.6185,1.0,WARMING_UP,WARMING_UP,WARMING_UP,0.0,0,64.843
436,22.1871,45,1.2026,0.961,WARMING_UP,WARMING_UP,WARMING_UP,0.0,0,64.843
437,22.2015,35,1.6329,1.0,WARMING_UP,WARMING_UP,WARMING_UP,0.0,0,64.478
437,22.2015,45,1.2169,0.9615,WARMING_UP,WARMING_UP,WARMING_UP,0.0,0,64.478
438,22.2185,35,1.6499,1.0,WARMING_UP,WARMING_UP,WARMING_UP,0.0,0,63.356
438,22.2185,45,1.2339,0.962,WARMING_UP,WARMING_UP,WARMING_UP,0.0,0,63.356
439,22.2369,35,1.6683,1.0,WARMING_UP,WARMING_UP,WARMING_UP,0.0,0,61.387
440,22.26,35,1.6914,1.0,WARMING_UP,WARMING_UP,WARMING_UP,0.0,0,61.931
440,22.26,45,1.2754,0.9506,WARMING_UP,WARMING_UP,WARMING_UP,0.0,0,61.931
441,22.2748,35,1.7062,1.0,WARMING_UP,WARMING_UP,WARMING_UP,0.0,0,63.454
442,22.2876,35,1.719,1.0,WARMING_UP,WARMING_UP,WARMING_UP,0.0,0,64.688
442,22.2876,45,1.303,0.9398,WARMING_UP,WARMING_UP,WARMING_UP,0.0,0,64.688
443,22.3007,35,1.7322,1.0,WARMING_UP,WARMING_UP,WARMING_UP,0.0,0,65.618
444,22.3142,35,1.7456,1.0,WARMING_UP,WARMING_UP,WARMING_UP,0.0,0,65.538
445,22.3297,35,1.7612,1.0,WARMING_UP,WARMING_UP,WARMING_UP,0.0,0,65.703
446,22.3446,35,1.776,1.0,WARMING_UP,WARMING_UP,WARMING_UP,0.0,0,65.862
447,22.3593,35,1.7907,1.0,WARMING_UP,WARMING_UP,WARMING_UP,0.0,0,67.015
448,22.3726,35,1.804,1.0,WARMING_UP,WARMING_UP,WARMING_UP,0.0,0,68.207
449,22.3849,35,1.8164,1.0,WARMING_UP,WARMING_UP,WARMING_UP,0.0,0,68.051
450,22.4002,35,1.8317,1.0,WARMING_UP,WARMING_UP,WARMING_UP,0.0,0,68.429
450,22.4002,45,1.4157,0.8681,WARMING_UP,WARMING_UP,WARMING_UP,0.0,0,68.429
451,22.4141,35,1.8456,1.0,WARMING_UP,WARMING_UP,WARMING_UP,0.0,0,68.302
451,22.4141,45,1.4296,0.8696,WARMING_UP,WARMING_UP,WARMING_UP,0.0,0,68.302
452,22.429,35,1.8604,1.0,WARMING_UP,WARMING_UP,WARMING_UP,0.0,0,67.965
453,22.4442,35,1.8756,1.0,WARMING_UP,WARMING_UP,WARMING_UP,0.0,0,68.593
454,22.4587,35,1.8901,1.0,WARMING_UP,WARMING_UP,WARMING_UP,0.0,0,68.045
455,22.4735,35,1.9049,1.0,WARMING_UP,WARMING_UP,WARMING_UP,0.0,0,68.99
456,22.4863,35,1.9178,1.0,WARMING_UP,WARMING_UP,WARMING_UP,0.0,0,69.362
457,22.4998,35,1.9312,1.0,WARMING_UP,WARMING_UP,WARMING_UP,0.0,0,69.025
458,22.5155,35,1.947,1.0,WARMING_UP,WARMING_UP,WARMING_UP,0.0,0,69.075
459,22.5297,35,1.9611,1.0,WARMING_UP,WARMING_UP,WARMING_UP,0.0,0,68.877
460,22.5446,35,1.9761,1.0,WARMING_UP,WARMING_UP,WARMING_UP,0.0,0,69.965
461,22.5574,35,1.9888,1.0,WARMING_UP,WARMING_UP,WARMING_UP,0.0,0,70.568
462,22.5704,35,2.0018,1.0,WARMING_UP,WARMING_UP,WARMING_UP,0.0,0,70.911
463,22.5835,35,2.015,1.0,WARMING_UP,WARMING_UP,WARMING_UP,0.0,0,70.59
464,22.5986,35,2.0301,1.0,WARMING_UP,WARMING_UP,WARMING_UP,0.0,0,69.608
465,22.6151,35,2.0465,1.0,WARMING_UP,WARMING_UP,WARMING_UP,0.0,0,69.034
466,22.631,35,2.0624,1.0,WARMING_UP,WARMING_UP,WARMING_UP,0.0,0,68.605
467,22.6462,35,2.0776,1.0,WARMING_UP,WARMING_UP,WARMING_UP,0.0,0,66.335
468,22.6681,35,2.0995,1.0,WARMING_UP,WARMING_UP,WARMING_UP,0.0,0,64.45
469,22.6892,35,2.1206,1.0,WARMING_UP,WARMING_UP,WARMING_UP,0.0,0,65.825
470,22.7017,35,2.1331,1.0,WARMING_UP,WARMING_UP,WARMING_UP,0.0,0,66.263
471,22.7161,35,2.1475,1.0,WARMING_UP,WARMING_UP,WARMING_UP,0.0,0,66.267
472,22.7312,35,2.1626,1.0,WARMING_UP,WARMING_UP,WARMING_UP,0.0,0,66.228
473,22.7461,35,2.1775,1.0,WARMING_UP,WARMING_UP,WARMING_UP,0.0,0,67.693
474,22.7588,35,2.1903,1.0,WARMING_UP,WARMING_UP,WARMING_UP,0.0,0,68.478
475,22.772,35,2.2035,1.0,WARMING_UP,WARMING_UP,WARMING_UP,0.0,0,68.953
476,22.7857,35,2.2171,1.0,WARMING_UP,WARMING_UP,WARMING_UP,0.0,0,69.469
477,22.7991,35,2.2305,1.0,WARMING_UP,WARMING_UP,WARMING_UP,0.0,0,69.712
478,22.8129,35,2.2443,1.0,WARMING_UP,WARMING_UP,WARMING_UP,0.0,0,70.97
479,22.825,35,2.2564,1.0,WARMING_UP,WARMING_UP,WARMING_UP,0.0,0,71.938
480,22.8374,35,2.2688,1.0,WARMING_UP,WARMING_UP,WARMING_UP,0.0,0,71.108
481,22.8533,35,2.2847,1.0,WARMING_UP,WARMING_UP,WARMING_UP,0.0,0,71.436
482,22.8664,35,2.2979,1.0,WARMING_UP,WARMING_UP,WARMING_UP,0.0,0,71.505
483,22.8807,35,2.3121,1.0,WARMING_UP,WARMING_UP,WARMING_UP,0.0,0,68.472
484,22.9051,35,2.3366,1.0,WARMING_UP,WARMING_UP,WARMING_UP,0.0,0,68.854
485,22.9186,35,2.35,1.0,WARMING_UP,WARMING_UP,WARMING_UP,0.0,0,68.969
486,22.9331,35,2.3645,1.0,WARMING_UP,WARMING_UP,WARMING_UP,0.0,0,69.544
487,22.9464,35,2.3779,1.0,WARMING_UP,WARMING_UP,WARMING_UP,0.0,0,67.77
488,22.9686,35,2.4001,1.0,WARMING_UP,WARMING_UP,WARMING_UP,0.0,0,66.731
489,22.983,35,2.4144,1.0,WARMING_UP,WARMING_UP,WARMING_UP,0.0,0,67.127
490,22.9974,35,2.4288,1.0,WARMING_UP,WARMING_UP,WARMING_UP,0.0,0,68.377
491,23.0096,35,2.441,1.0,WARMING_UP,WARMING_UP,WARMING_UP,0.0,0,69.773
492,23.0219,35,2.4533,1.0,WARMING_UP,WARMING_UP,WARMING_UP,0.0,0,68.13
493,23.0407,35,2.4721,1.0,WARMING_UP,WARMING_UP,WARMING_UP,0.0,0,67.813
494,23.056,35,2.4875,1.0,WARMING_UP,WARMING_UP,WARMING_UP,0.0,0,68.489
495,23.0694,35,2.5009,1.0,WARMING_UP,WARMING_UP,WARMING_UP,0.0,0,68.842
496,23.0834,35,2.5148,1.0,WARMING_UP,WARMING_UP,WARMING_UP,0.0,0,68.076
497,23.0997,35,2.5311,1.0,WARMING_UP,WARMING_UP,WARMING_UP,0.0,0,69.203
498,23.1125,35,2.5439,1.0,WARMING_UP,WARMING_UP,WARMING_UP,0.0,0,70.06
499,23.1256,35,2.557,1.0,WARMING_UP,WARMING_UP,WARMING_UP,0.0,0,69.536
500,23.1406,35,2.572,1.0,WARMING_UP,WARMING_UP,WARMING_UP,0.0,0,70.331
501,23.1534,35,2.5849,1.0,WARMING_UP,WARMING_UP,WARMING_UP,0.0,0,70.924
502,23.1664,35,2.5978,1.0,WARMING_UP,WARMING_UP,WARMING_UP,0.0,0,71.712
503,23.1798,35,2.6112,1.0,WARMING_UP,WARMING_UP,WARMING_UP,0.0,0,71.912
504,23.1931,35,2.6246,1.0,WARMING_UP,WARMING_UP,WARMING_UP,0.0,0,72.295
505,23.2063,35,2.6377,1.0,WARMING_UP,WARMING_UP,WARMING_UP,0.0,0,72.082
506,23.2202,35,2.6517,1.0,WARMING_UP,WARMING_UP,WARMING_UP,0.0,0,71.881
507,23.2348,35,2.6662,1.0,WARMING_UP,WARMING_UP,WARMING_UP,0.0,0,71.586
508,23.2492,35,2.6806,1.0,WARMING_UP,WARMING_UP,WARMING_UP,0.0,0,72.015
509,23.2627,35,2.6941,1.0,WARMING_UP,WARMING_UP,WARMING_UP,0.0,0,71.884
510,23.2764,35,2.7079,1.0,WARMING_UP,WARMING_UP,WARMING_UP,0.0,0,72.527
511,23.2891,35,2.7205,1.0,WARMING_UP,WARMING_UP,WARMING_UP,0.0,0,72.477
512,23.3031,35,2.7345,1.0,WARMING_UP,WARMING_UP,WARMING_UP,0.0,0,71.319
513,23.3194,35,2.7509,1.0,WARMING_UP,WARMING_UP,WARMING_UP,0.0,0,70.828
514,23.3347,35,2.7661,1.0,WARMING_UP,WARMING_UP,WARMING_UP,0.0,0,69.062
515,23.3534,35,2.7849,1.0,WARMING_UP,WARMING_UP,WARMING_UP,0.0,0,69.318
516,23.3675,35,2.7989,1.0,WARMING_UP,WARMING_UP,WARMING_UP,0.0,0,70.126
517,23.3805,35,2.8119,1.0,WARMING_UP,WARMING_UP,WARMING_UP,0.0,0,70.362
518,23.3941,35,2.8256,1.0,WARMING_UP,WARMING_UP,WARMING_UP,0.0,0,70.777
519,23.4076,35,2.8391,1.0,WARMING_UP,WARMING_UP,WARMING_UP,0.0,0,70.548
520,23.4221,35,2.8535,1.0,WARMING_UP,WARMING_UP,WARMING_UP,0.0,0,70.599
521,23.4361,35,2.8675,1.0,WARMING_UP,WARMING_UP,WARMING_UP,0.0,0,69.877
522,23.4519,35,2.8833,1.0,WARMING_UP,WARMING_UP,WARMING_UP,0.0,0,69.47
523,23.4674,35,2.8988,1.0,WARMING_UP,WARMING_UP,WARMING_UP,0.0,0,70.12
524,23.4803,35,2.9118,1.0,WARMING_UP,WARMING_UP,WARMING_UP,0.0,0,70.944
525,23.493,35,2.9244,1.0,WARMING_UP,WARMING_UP,WARMING_UP,0.0,0,68.705
526,23.5141,35,2.9455,1.0,WARMING_UP,WARMING_UP,WARMING_UP,0.0,0,69.407
527,23.5266,35,2.958,1.0,WARMING_UP,WARMING_UP,WARMING_UP,0.0,0,68.097
528,23.5448,35,2.9763,1.0,WARMING_UP,WARMING_UP,WARMING_UP,0.0,0,68.382
529,23.5586,35,2.9901,1.0,WARMING_UP,WARMING_UP,WARMING_UP,0.0,0,69.249
530,23.5718,35,3.0032,1.0,WARMING_UP,WARMING_UP,WARMING_UP,0.0,0,69.404
531,23.5857,35,3.0172,1.0,WARMING_UP,WARMING_UP,WARMING_UP,0.0,0,68.462
532,23.6025,35,3.0339,1.0,WARMING_UP,WARMING_UP,WARMING_UP,0.0,0,69.357
533,23.6154,35,3.0469,1.0,WARMING_UP,WARMING_UP,WARMING_UP,0.0,0,69.714
534,23.6292,35,3.0606,1.0,WARMING_UP,WARMING_UP,WARMING_UP,0.0,0,70.566
535,23.6418,35,3.0732,1.0,WARMING_UP,WARMING_UP,WARMING_UP,0.0,0,70.349
536,23.6565,35,3.0879,1.0,WARMING_UP,WARMING_UP,WARMING_UP,0.0,0,69.496
537,23.6726,35,3.1041,1.0,WARMING_UP,WARMING_UP,WARMING_UP,0.0,0,69.804
538,23.6864,35,3.1179,1.0,WARMING_UP,WARMING_UP,WARMING_UP,0.0,0,68.965
539,23.7027,35,3.1342,1.0,WARMING_UP,WARMING_UP,WARMING_UP,0.0,0,70.041
540,23.7152,35,3.1466,1.0,WARMING_UP,WARMING_UP,WARMING_UP,0.0,0,71.235
541,23.7272,35,3.1587,1.0,WARMING_UP,WARMING_UP,WARMING_UP,0.0,0,71.16
542,23.7416,35,3.173,1.0,WARMING_UP,WARMING_UP,WARMING_UP,0.0,0,71.286
543,23.7554,35,3.1869,1.0,WARMING_UP,WARMING_UP,WARMING_UP,0.0,0,71.512
544,23.7692,35,3.2007,1.0,WARMING_UP,WARMING_UP,WARMING_UP,0.0,0,72.397
545,23.7815,35,3.2129,1.0,WARMING_UP,WARMING_UP,WARMING_UP,0.0,0,73.067
546,23.7941,35,3.2255,1.0,WARMING_UP,WARMING_UP,WARMING_UP,0.0,0,70.593
547,23.8148,35,3.2463,1.0,WARMING_UP,WARMING_UP,WARMING_UP,0.0,0,70.897
548,23.8283,35,3.2597,1.0,WARMING_UP,WARMING_UP,WARMING_UP,0.0,0,71.136
549,23.842,35,3.2735,1.0,WARMING_UP,WARMING_UP,WARMING_UP,0.0,0,70.876
550,23.8566,35,3.2881,1.0,WARMING_UP,WARMING_UP,WARMING_UP,0.0,0,70.646
551,23.871,35,3.3024,1.0,WARMING_UP,WARMING_UP,WARMING_UP,0.0,0,69.066
552,23.8896,35,3.321,1.0,WARMING_UP,WARMING_UP,WARMING_UP,0.0,0,67.079
553,23.9101,35,3.3415,1.0,WARMING_UP,WARMING_UP,WARMING_UP,0.0,0,67.22
554,23.9243,35,3.3558,1.0,WARMING_UP,WARMING_UP,WARMING_UP,0.0,0,67.122
555,23.9395,35,3.3709,1.0,WARMING_UP,WARMING_UP,WARMING_UP,0.0,0,67.135
556,23.9543,35,3.3857,1.0,WARMING_UP,WARMING_UP,WARMING_UP,0.0,0,67.724
557,23.9683,35,3.3997,1.0,WARMING_UP,WARMING_UP,WARMING_UP,0.0,0,67.944
558,23.9823,35,3.4138,1.0,WARMING_UP,WARMING_UP,WARMING_UP,0.0,0,68.587
559,23.9957,35,3.4272,1.0,WARMING_UP,WARMING_UP,WARMING_UP,0.0,0,68.759
560,24.0103,35,3.4417,1.0,WARMING_UP,WARMING_UP,WARMING_UP,0.0,0,68.545
561,24.0252,35,3.4567,1.0,WARMING_UP,WARMING_UP,WARMING_UP,0.0,0,68.306
562,24.0402,35,3.4717,1.0,WARMING_UP,WARMING_UP,WARMING_UP,0.0,0,67.741
563,24.0563,35,3.4877,1.0,WARMING_UP,WARMING_UP,WARMING_UP,0.0,0,67.383
564,24.0717,35,3.5031,1.0,WARMING_UP,WARMING_UP,WARMING_UP,0.0,0,67.943
565,24.0854,35,3.5168,1.0,WARMING_UP,WARMING_UP,WARMING_UP,0.0,0,67.804
566,24.1005,35,3.532,1.0,WARMING_UP,WARMING_UP,WARMING_UP,0.0,0,68.96
567,24.1126,35,3.5441,1.0,WARMING_UP,WARMING_UP,WARMING_UP,0.0,0,69.523
568,24.1265,35,3.5579,1.0,WARMING_UP,WARMING_UP,WARMING_UP,0.0,0,69.525
569,24.1409,35,3.5723,1.0,WARMING_UP,WARMING_UP,WARMING_UP,0.0,0,69.131
570,24.1561,35,3.5875,1.0,WARMING_UP,WARMING_UP,WARMING_UP,0.0,0,70.17
571,24.1688,35,3.6002,1.0,WARMING_UP,WARMING_UP,WARMING_UP,0.0,0,68.201
572,24.1884,35,3.6199,1.0,WARMING_UP,WARMING_UP,WARMING_UP,0.0,0,66.305
573,24.2088,35,3.6402,1.0,WARMING_UP,WARMING_UP,WARMING_UP,0.0,0,65.213
574,24.2267,35,3.6582,1.0,WARMING_UP,WARMING_UP,WARMING_UP,0.0,0,65.225
575,24.2422,35,3.6736,1.0,WARMING_UP,WARMING_UP,WARMING_UP,0.0,0,64.836
576,24.2585,35,3.6899,1.0,WARMING_UP,WARMING_UP,WARMING_UP,0.0,0,65.335
577,24.2725,35,3.7039,1.0,WARMING_UP,WARMING_UP,WARMING_UP,0.0,0,66.56
578,24.2859,35,3.7174,1.0,WARMING_UP,WARMING_UP,WARMING_UP,0.0,0,67.577
579,24.2987,35,3.7301,1.0,WARMING_UP,WARMING_UP,WARMING_UP,0.0,0,67.939
580,24.3127,35,3.7442,1.0,WARMING_UP,WARMING_UP,WARMING_UP,0.0,0,68.301
581,24.3266,35,3.758,1.0,WARMING_UP,WARMING_UP,WARMING_UP,0.0,0,67.758
582,24.3426,35,3.774,1.0,WARMING_UP,WARMING_UP,WARMING_UP,0.0,0,67.848
583,24.3572,35,3.7886,1.0,WARMING_UP,WARMING_UP,WARMING_UP,0.0,0,68.643
584,24.3711,35,3.8025,1.0,WARMING_UP,WARMING_UP,WARMING_UP,0.0,0,68.535
585,24.3851,35,3.8166,1.0,WARMING_UP,WARMING_UP,WARMING_UP,0.0,0,69.409
586,24.3981,35,3.8295,1.0,WARMING_UP,WARMING_UP,WARMING_UP,0.0,0,67.343
587,24.4188,35,3.8502,1.0,WARMING_UP,WARMING_UP,WARMING_UP,0.0,0,67.99
588,24.4322,35,3.8636,1.0,WARMING_UP,WARMING_UP,WARMING_UP,0.0,0,68.725
589,24.4456,35,3.8771,1.0,WARMING_UP,WARMING_UP,WARMING_UP,0.0,0,68.377
590,24.4609,35,3.8923,1.0,WARMING_UP,WARMING_UP,WARMING_UP,0.0,0,68.115
591,24.476,35,3.9074,1.0,WARMING_UP,WARMING_UP,WARMING_UP,0.0,0,67.867
592,24.4912,35,3.9226,1.0,WARMING_UP,WARMING_UP,WARMING_UP,0.0,0,66.91
593,24.5083,35,3.9397,1.0,WARMING_UP,WARMING_UP,WARMING_UP,0.0,0,64.932
594,24.5297,35,3.9611,1.0,WARMING_UP,WARMING_UP,WARMING_UP,0.0,0,64.891
595,24.5451,35,3.9765,1.0,WARMING_UP,WARMING_UP,WARMING_UP,0.0,0,65.531
596,24.559,35,3.9904,1.0,WARMING_UP,WARMING_UP,WARMING_UP,0.0,0,65.674
597,24.5771,35,4.0085,1.0,leg_raise_lower,UNKNOWN,UNKNOWN,0.2267,1,64.667
598,24.6601,35,4.0915,1.0,leg_raise_lower,UNKNOWN,UNKNOWN,0.2267,0,59.402
599,24.6751,35,4.1065,1.0,leg_raise_lower,UNKNOWN,UNKNOWN,0.2267,0,61.331
600,24.6881,35,4.1195,1.0,leg_raise_lower,UNKNOWN,UNKNOWN,0.2267,0,62.409
601,24.7022,35,4.1336,1.0,leg_raise_lower,UNKNOWN,UNKNOWN,0.2267,0,63.899
602,24.7145,35,4.146,1.0,leg_raise_lower,UNKNOWN,UNKNOWN,0.2267,0,64.045
603,24.7302,35,4.1616,1.0,leg_raise_lower,UNKNOWN,UNKNOWN,0.2267,0,63.708
604,24.7466,35,4.1781,1.0,leg_raise_lower,UNKNOWN,UNKNOWN,0.2267,0,64.129
605,24.7613,35,4.1927,1.0,leg_raise_lower,UNKNOWN,UNKNOWN,0.2267,0,64.703
606,24.7754,35,4.2068,1.0,leg_raise_lower,UNKNOWN,UNKNOWN,0.2267,0,64.233
607,24.7923,35,4.2237,1.0,leg_raise_lower,UNKNOWN,UNKNOWN,0.2267,0,65.39
608,24.806,35,4.2374,1.0,leg_raise_lower,UNKNOWN,UNKNOWN,0.2267,0,66.439
609,24.8186,35,4.25,1.0,leg_raise_lower,UNKNOWN,UNKNOWN,0.2267,0,67.234
610,24.8322,35,4.2636,1.0,leg_raise_lower,UNKNOWN,UNKNOWN,0.22,1,64.962
611,24.8919,35,4.3234,1.0,leg_raise_lower,UNKNOWN,UNKNOWN,0.22,0,60.274
612,24.9099,35,4.3414,1.0,leg_raise_lower,UNKNOWN,UNKNOWN,0.22,0,61.323
613,24.924,35,4.3555,1.0,leg_raise_lower,UNKNOWN,UNKNOWN,0.22,0,62.137
614,24.9384,35,4.3698,1.0,leg_raise_lower,UNKNOWN,UNKNOWN,0.22,0,63.261
615,24.9526,35,4.3841,1.0,leg_raise_lower,UNKNOWN,UNKNOWN,0.22,0,63.6
616,24.9671,35,4.3985,1.0,leg_raise_lower,UNKNOWN,UNKNOWN,0.22,0,64.572
617,24.9807,35,4.4121,1.0,leg_raise_lower,UNKNOWN,UNKNOWN,0.22,0,64.953
618,24.9955,35,4.4269,1.0,leg_raise_lower,UNKNOWN,UNKNOWN,0.22,0,65.538
619,25.0094,35,4.4408,1.0,leg_raise_lower,UNKNOWN,UNKNOWN,0.22,0,65.451
620,25.0249,35,4.4564,1.0,leg_raise_lower,UNKNOWN,UNKNOWN,0.22,0,66.237
621,25.0385,35,4.4699,1.0,leg_raise_lower,UNKNOWN,UNKNOWN,0.22,0,67.207
622,25.0517,35,4.4832,1.0,leg_raise_lower,UNKNOWN,UNKNOWN,0.22,0,66.789
623,25.0678,35,4.4993,1.0,leg_raise_lower,UNKNOWN,UNKNOWN,0.22,0,67.028
624,25.0822,35,4.5137,1.0,leg_raise_lower,UNKNOWN,UNKNOWN,0.2233,1,67.854
625,25.1421,35,4.5735,1.0,leg_raise_lower,UNKNOWN,UNKNOWN,0.2233,0,62.665
626,25.1583,35,4.5897,1.0,leg_raise_lower,UNKNOWN,UNKNOWN,0.2233,0,64.0
627,25.1715,35,4.6029,1.0,leg_raise_lower,UNKNOWN,UNKNOWN,0.2233,0,65.028
628,25.1846,35,4.616,1.0,leg_raise_lower,UNKNOWN,UNKNOWN,0.2233,0,65.15
629,25.1997,35,4.6311,1.0,leg_raise_lower,UNKNOWN,UNKNOWN,0.2233,0,65.908
630,25.2134,35,4.6448,1.0,leg_raise_lower,UNKNOWN,UNKNOWN,0.2233,0,65.749
631,25.229,35,4.6604,1.0,leg_raise_lower,UNKNOWN,UNKNOWN,0.2233,0,64.056
632,25.2496,35,4.681,1.0,leg_raise_lower,UNKNOWN,UNKNOWN,0.2233,0,64.629
633,25.264,35,4.6955,1.0,leg_raise_lower,UNKNOWN,UNKNOWN,0.2233,0,64.402
634,25.28,35,4.7114,1.0,leg_raise_lower,UNKNOWN,UNKNOWN,0.2233,0,64.006
635,25.2964,35,4.7279,1.0,leg_raise_lower,UNKNOWN,UNKNOWN,0.2233,0,64.918
636,25.31,35,4.7414,1.0,leg_raise_lower,UNKNOWN,UNKNOWN,0.2233,0,66.074
637,25.323,35,4.7544,1.0,leg_raise_lower,UNKNOWN,UNKNOWN,0.2233,0,66.603
638,25.3368,35,4.7683,1.0,leg_raise_lower,UNKNOWN,UNKNOWN,0.2267,1,67.841
639,25.3892,35,4.8206,1.0,leg_raise_lower,UNKNOWN,UNKNOWN,0.2267,0,62.889
640,25.4051,35,4.8365,1.0,leg_raise_lower,UNKNOWN,UNKNOWN,0.2267,0,63.251
641,25.4193,35,4.8508,1.0,leg_raise_lower,UNKNOWN,UNKNOWN,0.2267,0,64.498
642,25.4327,35,4.8642,1.0,leg_raise_lower,UNKNOWN,UNKNOWN,0.2267,0,64.3
643,25.4487,35,4.8802,1.0,leg_raise_lower,UNKNOWN,UNKNOWN,0.2267,0,64.732
644,25.4632,35,4.8947,1.0,leg_raise_lower,UNKNOWN,UNKNOWN,0.2267,0,66.156
645,25.4763,35,4.9077,1.0,leg_raise_lower,UNKNOWN,UNKNOWN,0.2267,0,67.007
646,25.4891,35,4.9206,1.0,leg_raise_lower,UNKNOWN,UNKNOWN,0.2267,0,66.937
647,25.5043,35,4.9358,1.0,leg_raise_lower,UNKNOWN,UNKNOWN,0.2267,0,67.646
648,25.5175,35,4.9489,1.0,leg_raise_lower,UNKNOWN,UNKNOWN,0.2267,0,67.783
649,25.533,35,4.9644,1.0,leg_raise_lower,UNKNOWN,UNKNOWN,0.2267,0,66.461
650,25.5506,35,4.982,1.0,leg_raise_lower,UNKNOWN,UNKNOWN,0.2267,0,66.895
651,25.5654,35,4.9968,1.0,leg_raise_lower,UNKNOWN,UNKNOWN,0.2267,0,66.511
652,25.5807,35,4.9982,1.0,leg_raise_lower,UNKNOWN,UNKNOWN,0.2267,0,67.63
653,25.5935,35,4.996,1.0,leg_raise_lower,UNKNOWN,UNKNOWN,0.22,1,68.817
654,25.6431,35,4.9836,1.0,leg_raise_lower,UNKNOWN,UNKNOWN,0.22,0,63.821
655,25.6598,35,4.9858,1.0,leg_raise_lower,UNKNOWN,UNKNOWN,0.22,0,63.716
656,25.6758,35,4.9892,1.0,leg_raise_lower,UNKNOWN,UNKNOWN,0.22,0,63.529
657,25.6913,35,4.9913,1.0,leg_raise_lower,UNKNOWN,UNKNOWN,0.22,0,63.775
658,25.7063,35,4.9867,1.0,leg_raise_lower,UNKNOWN,UNKNOWN,0.22,0,65.272
659,25.719,35,4.9994,1.0,leg_raise_lower,UNKNOWN,UNKNOWN,0.22,0,66.202
660,25.7325,35,4.9861,1.0,leg_raise_lower,UNKNOWN,UNKNOWN,0.22,0,66.546
661,25.7468,35,4.9864,1.0,leg_raise_lower,UNKNOWN,UNKNOWN,0.22,0,67.213
662,25.7604,35,5.0,1.0,leg_raise_lower,UNKNOWN,UNKNOWN,0.22,0,67.841
663,25.7742,35,4.9867,1.0,leg_raise_lower,UNKNOWN,UNKNOWN,0.22,0,66.809
664,25.7915,35,4.9914,1.0,leg_raise_lower,UNKNOWN,UNKNOWN,0.22,0,66.869
665,25.8063,35,4.9931,1.0,leg_raise_lower,UNKNOWN,UNKNOWN,0.22,0,67.602
666,25.8199,35,4.9913,1.0,leg_raise_lower,UNKNOWN,UNKNOWN,0.22,0,68.367
667,25.8331,35,4.9901,1.0,leg_raise_lower,UNKNOWN,UNKNOWN,0.22,0,68.826
668,25.8467,35,4.9902,1.0,leg_raise_lower,UNKNOWN,UNKNOWN,0.23,1,69.754
669,25.8965,35,4.9947,1.0,leg_raise_lower,UNKNOWN,UNKNOWN,0.23,0,64.671
670,25.9126,35,4.9965,1.0,leg_raise_lower,UNKNOWN,UNKNOWN,0.23,0,65.051
671,25.9273,35,4.9966,1.0,leg_raise_lower,UNKNOWN,UNKNOWN,0.23,0,66.21
672,25.94,35,4.9951,1.0,leg_raise_lower,UNKNOWN,UNKNOWN,0.23,0,64.046
673,25.9627,35,4.9912,1.0,leg_raise_lower,UNKNOWN,UNKNOWN,0.23,0,64.166
674,25.9784,35,4.9938,1.0,leg_raise_lower,UNKNOWN,UNKNOWN,0.23,0,64.616
675,25.9924,35,4.9911,1.0,leg_raise_lower,UNKNOWN,UNKNOWN,0.23,0,65.617
676,26.0069,35,4.9915,1.0,leg_raise_lower,UNKNOWN,UNKNOWN,0.23,0,63.4
677,26.029,35,4.9979,1.0,leg_raise_lower,UNKNOWN,UNKNOWN,0.23,0,62.97
678,26.0457,35,4.9991,1.0,leg_raise_lower,UNKNOWN,UNKNOWN,0.23,0,63.778
679,26.0598,35,4.9969,1.0,leg_raise_lower,UNKNOWN,UNKNOWN,0.23,0,64.018
680,26.075,35,4.9984,1.0,leg_raise_lower,UNKNOWN,UNKNOWN,0.23,0,63.683
681,26.0914,35,4.9761,1.0,leg_raise_lower,UNKNOWN,UNKNOWN,0.23,0,64.672
682,26.1052,35,4.99,1.0,leg_raise_lower,UNKNOWN,UNKNOWN,0.22,1,65.539
683,26.1632,35,4.9917,1.0,leg_raise_lower,UNKNOWN,UNKNOWN,0.22,0,60.656
684,26.1786,35,4.9843,1.0,leg_raise_lower,UNKNOWN,UNKNOWN,0.22,0,61.368
685,26.1935,35,4.9991,1.0,leg_raise_lower,UNKNOWN,UNKNOWN,0.22,0,62.885
686,26.2065,35,4.9975,1.0,leg_raise_lower,UNKNOWN,UNKNOWN,0.22,0,63.94
687,26.2197,35,4.9859,1.0,leg_raise_lower,UNKNOWN,UNKNOWN,0.22,0,64.516
688,26.2344,35,4.9844,1.0,leg_raise_lower,UNKNOWN,UNKNOWN,0.22,0,64.985
689,26.2487,35,4.9987,1.0,leg_raise_lower,UNKNOWN,UNKNOWN,0.22,0,65.895
690,26.2623,35,4.9973,1.0,leg_raise_lower,UNKNOWN,UNKNOWN,0.22,0,66.153
691,26.2773,35,4.9987,1.0,leg_raise_lower,UNKNOWN,UNKNOWN,0.22,0,65.97
692,26.2924,35,4.9875,1.0,leg_raise_lower,UNKNOWN,UNKNOWN,0.22,0,66.91
693,26.3055,35,4.9787,1.0,leg_raise_lower,UNKNOWN,UNKNOWN,0.22,0,67.992
694,26.3186,35,4.9918,1.0,leg_raise_lower,UNKNOWN,UNKNOWN,0.22,0,67.919
695,26.3335,35,4.9916,1.0,leg_raise_lower,UNKNOWN,UNKNOWN,0.22,0,68.214
696,26.3477,35,4.9824,1.0,leg_raise_lower,UNKNOWN,UNKNOWN,0.22,0,68.855
697,26.3608,35,4.9955,1.0,leg_raise_lower,UNKNOWN,UNKNOWN,0.2233,1,69.204
698,26.4133,35,4.992,1.0,leg_raise_lower,UNKNOWN,UNKNOWN,0.2233,0,64.141
699,26.4292,35,4.9933,1.0,leg_raise_lower,UNKNOWN,UNKNOWN,0.2233,0,65.134
700,26.4426,35,4.9921,1.0,leg_raise_lower,UNKNOWN,UNKNOWN,0.2233,0,65.774
701,26.4561,35,4.99,1.0,leg_raise_lower,UNKNOWN,UNKNOWN,0.2233,0,65.328
702,26.4728,35,4.9931,1.0,leg_raise_lower,UNKNOWN,UNKNOWN,0.2233,0,65.382
703,26.4877,35,4.9944,1.0,leg_raise_lower,UNKNOWN,UNKNOWN,0.2233,0,64.429
704,26.5058,35,4.9913,1.0,leg_raise_lower,UNKNOWN,UNKNOWN,0.2233,0,65.231
705,26.5193,35,4.9917,1.0,leg_raise_lower,UNKNOWN,UNKNOWN,0.2233,0,65.171
706,26.5347,35,4.9932,1.0,leg_raise_lower,UNKNOWN,UNKNOWN,0.2233,0,65.007
707,26.5505,35,4.9952,1.0,leg_raise_lower,UNKNOWN,UNKNOWN,0.2233,0,65.162
708,26.5654,35,4.9946,1.0,leg_raise_lower,UNKNOWN,UNKNOWN,0.2233,0,63.905
709,26.5847,35,4.996,1.0,leg_raise_lower,UNKNOWN,UNKNOWN,0.2233,0,63.601
710,26.6007,35,4.9971,1.0,leg_raise_lower,UNKNOWN,UNKNOWN,0.2233,0,64.727
711,26.6143,35,4.9953,1.0,leg_raise_lower,UNKNOWN,UNKNOWN,0.23,1,64.119
712,26.6725,35,4.9957,1.0,leg_raise_lower,UNKNOWN,UNKNOWN,0.23,0,59.373
713,26.6914,35,4.9833,1.0,leg_raise_lower,UNKNOWN,UNKNOWN,0.23,0,59.885
714,26.7069,35,4.9988,1.0,leg_raise_lower,UNKNOWN,UNKNOWN,0.23,0,60.825
715,26.7213,35,4.9974,1.0,leg_raise_lower,UNKNOWN,UNKNOWN,0.23,0,61.907
716,26.7352,35,4.9962,1.0,leg_raise_lower,UNKNOWN,UNKNOWN,0.23,0,61.629
717,26.7521,35,4.9982,1.0,leg_raise_lower,UNKNOWN,UNKNOWN,0.23,0,60.162
718,26.7735,35,4.9889,1.0,leg_raise_lower,UNKNOWN,UNKNOWN,0.23,0,60.917
719,26.7882,35,4.9905,1.0,leg_raise_lower,UNKNOWN,UNKNOWN,0.23,0,61.362
720,26.8035,35,4.9912,1.0,leg_raise_lower,UNKNOWN,UNKNOWN,0.23,0,61.803
721,26.819,35,4.9901,1.0,leg_raise_lower,UNKNOWN,UNKNOWN,0.23,0,62.067
722,26.8343,35,4.9834,1.0,leg_raise_lower,UNKNOWN,UNKNOWN,0.23,0,60.428
723,26.8563,35,4.9917,1.0,leg_raise_lower,UNKNOWN,UNKNOWN,0.23,0,60.613
724,26.8722,35,4.993,1.0,leg_raise_lower,UNKNOWN,UNKNOWN,0.2233,1,59.229
725,26.9393,35,4.9921,1.0,leg_raise_lower,UNKNOWN,UNKNOWN,0.2233,0,54.948
726,26.9548,35,4.9931,1.0,leg_raise_lower,UNKNOWN,UNKNOWN,0.2233,0,54.918
727,26.9728,35,4.996,1.0,leg_raise_lower,UNKNOWN,UNKNOWN,0.2233,0,55.901
728,26.9882,35,4.9924,1.0,leg_raise_lower,UNKNOWN,UNKNOWN,0.2233,0,57.014
729,27.0033,35,4.9847,1.0,leg_raise_lower,UNKNOWN,UNKNOWN,0.2233,0,58.098
730,27.0177,35,4.9991,1.0,leg_raise_lower,UNKNOWN,UNKNOWN,0.2233,0,58.92
731,27.0332,35,4.9859,1.0,leg_raise_lower,UNKNOWN,UNKNOWN,0.2233,0,60.797
732,27.046,35,4.9986,1.0,leg_raise_lower,UNKNOWN,UNKNOWN,0.2233,0,62.191
733,27.0594,35,4.9981,1.0,leg_raise_lower,UNKNOWN,UNKNOWN,0.2233,0,62.232
734,27.0752,35,4.999,1.0,leg_raise_lower,UNKNOWN,UNKNOWN,0.2233,0,63.283
735,27.0889,35,4.9959,1.0,leg_raise_lower,UNKNOWN,UNKNOWN,0.2233,0,61.761
736,27.1101,35,4.9867,1.0,leg_raise_lower,UNKNOWN,UNKNOWN,0.2233,0,59.902
737,27.133,35,4.9945,1.0,leg_raise_lower,UNKNOWN,UNKNOWN,0.23,1,59.028
738,27.1991,35,4.9976,1.0,leg_raise_lower,UNKNOWN,UNKNOWN,0.23,0,54.757
739,27.2139,35,4.9955,1.0,leg_raise_lower,UNKNOWN,UNKNOWN,0.23,0,57.039
740,27.2265,35,4.9896,1.0,leg_raise_lower,UNKNOWN,UNKNOWN,0.23,0,58.254
741,27.2408,35,4.9808,1.0,leg_raise_lower,UNKNOWN,UNKNOWN,0.23,0,56.8
742,27.2644,35,4.9897,1.0,leg_raise_lower,UNKNOWN,UNKNOWN,0.23,0,58.019
743,27.2787,35,4.9911,1.0,leg_raise_lower,UNKNOWN,UNKNOWN,0.23,0,58.759
744,27.2939,35,4.9932,1.0,leg_raise_lower,UNKNOWN,UNKNOWN,0.23,0,58.183
745,27.3127,35,4.9985,1.0,leg_raise_lower,UNKNOWN,UNKNOWN,0.23,0,59.197
746,27.3275,35,4.9978,1.0,leg_raise_lower,UNKNOWN,UNKNOWN,0.23,0,58.821
747,27.3453,35,4.986,1.0,leg_raise_lower,UNKNOWN,UNKNOWN,0.23,0,59.594
748,27.3604,35,4.9878,1.0,leg_raise_lower,UNKNOWN,UNKNOWN,0.23,0,59.27
749,27.3782,35,4.9933,1.0,leg_raise_lower,UNKNOWN,UNKNOWN,0.23,0,59.184
750,27.3951,35,4.9949,1.0,leg_raise_lower,UNKNOWN,UNKNOWN,0.22,1,60.83
751,27.446,35,4.9874,1.0,leg_raise_lower,UNKNOWN,UNKNOWN,0.22,0,56.479
752,27.4663,35,4.9927,1.0,leg_raise_lower,UNKNOWN,UNKNOWN,0.22,0,57.997
753,27.4804,35,4.994,1.0,leg_raise_lower,UNKNOWN,UNKNOWN,0.22,0,58.931
754,27.4949,35,4.9952,1.0,leg_raise_lower,UNKNOWN,UNKNOWN,0.22,0,60.228
755,27.5086,35,4.9931,1.0,leg_raise_lower,UNKNOWN,UNKNOWN,0.22,0,61.34
756,27.5236,35,4.9939,1.0,leg_raise_lower,UNKNOWN,UNKNOWN,0.22,0,59.804
757,27.5447,35,4.9873,1.0,leg_raise_lower,UNKNOWN,UNKNOWN,0.22,0,58.374
758,27.5667,35,4.9963,1.0,leg_raise_lower,UNKNOWN,UNKNOWN,0.22,0,57.578
759,27.5864,35,4.9877,1.0,leg_raise_lower,UNKNOWN,UNKNOWN,0.22,0,58.609
760,27.6013,35,4.9862,1.0,leg_raise_lower,UNKNOWN,UNKNOWN,0.22,0,57.835
761,27.621,35,4.99,1.0,leg_raise_lower,UNKNOWN,UNKNOWN,0.22,0,58.845
762,27.6354,35,4.9892,1.0,leg_raise_lower,UNKNOWN,UNKNOWN,0.22,0,59.534
763,27.6508,35,4.9827,1.0,leg_raise_lower,UNKNOWN,UNKNOWN,0.2367,1,61.162
764,27.7031,35,4.987,1.0,leg_raise_lower,UNKNOWN,UNKNOWN,0.2367,0,56.866
765,27.7192,35,4.9881,1.0,leg_raise_lower,UNKNOWN,UNKNOWN,0.2367,0,56.594
766,27.7374,35,4.9914,1.0,leg_raise_lower,UNKNOWN,UNKNOWN,0.2367,0,57.133
767,27.7535,35,4.9947,1.0,leg_raise_lower,UNKNOWN,UNKNOWN,0.2367,0,58.324
768,27.7679,35,4.9959,1.0,leg_raise_lower,UNKNOWN,UNKNOWN,0.2367,0,60.33
769,27.7807,35,4.9951,1.0,leg_raise_lower,UNKNOWN,UNKNOWN,0.2367,0,61.814
770,27.7939,35,4.9948,1.0,leg_raise_lower,UNKNOWN,UNKNOWN,0.2367,0,63.17
771,27.8072,35,4.9942,1.0,leg_raise_lower,UNKNOWN,UNKNOWN,0.2367,0,63.915
772,27.8243,35,4.9993,1.0,leg_raise_lower,UNKNOWN,UNKNOWN,0.2367,0,63.287
773,27.8387,35,4.9855,1.0,leg_raise_lower,UNKNOWN,UNKNOWN,0.2367,0,62.949
774,27.8554,35,4.989,1.0,leg_raise_lower,UNKNOWN,UNKNOWN,0.2367,0,63.089
775,27.8711,35,4.9904,1.0,leg_raise_lower,UNKNOWN,UNKNOWN,0.2367,0,63.59
776,27.8857,35,4.9806,1.0,leg_raise_lower,UNKNOWN,UNKNOWN,0.2367,0,65.058
777,27.8985,35,4.9934,1.0,leg_raise_lower,UNKNOWN,UNKNOWN,0.2367,0,66.068
778,27.9118,35,4.9932,1.0,leg_raise_lower,UNKNOWN,UNKNOWN,0.23,1,66.151
779,27.964,35,4.9953,1.0,leg_raise_lower,UNKNOWN,UNKNOWN,0.23,0,61.478
780,27.9782,35,4.9952,1.0,leg_raise_lower,UNKNOWN,UNKNOWN,0.23,0,61.964
781,27.9932,35,4.9958,1.0,leg_raise_lower,UNKNOWN,UNKNOWN,0.23,0,62.684
782,28.008,35,4.9985,1.0,leg_raise_lower,UNKNOWN,UNKNOWN,0.23,0,63.836
783,28.0214,35,4.9995,1.0,leg_raise_lower,UNKNOWN,UNKNOWN,0.23,0,65.156
784,28.0341,35,4.9934,1.0,leg_raise_lower,UNKNOWN,UNKNOWN,0.23,0,66.324
785,28.0471,35,4.9911,1.0,leg_raise_lower,UNKNOWN,UNKNOWN,0.23,0,67.006
786,28.0608,35,4.9914,1.0,leg_raise_lower,UNKNOWN,UNKNOWN,0.23,0,66.884
787,28.0761,35,4.9926,1.0,leg_raise_lower,UNKNOWN,UNKNOWN,0.23,0,67.143
788,28.0904,35,4.9907,1.0,leg_raise_lower,UNKNOWN,UNKNOWN,0.23,0,68.141
789,28.1032,35,4.9907,1.0,leg_raise_lower,UNKNOWN,UNKNOWN,0.23,0,69.084
790,28.1164,35,4.9908,1.0,leg_raise_lower,UNKNOWN,UNKNOWN,0.23,0,68.779
791,28.1317,35,4.9911,1.0,leg_raise_lower,UNKNOWN,UNKNOWN,0.23,0,69.121
792,28.1454,35,4.992,1.0,leg_raise_lower,UNKNOWN,UNKNOWN,0.23,0,68.962
793,28.1602,35,4.9938,1.0,leg_raise_lower,UNKNOWN,UNKNOWN,0.23,0,66.726
794,28.1848,35,4.9916,1.0,leg_raise_lower,UNKNOWN,UNKNOWN,0.2367,1,66.289
795,28.2353,35,4.9861,1.0,leg_raise_lower,UNKNOWN,UNKNOWN,0.2367,0,61.486
796,28.2523,35,4.9896,1.0,leg_raise_lower,UNKNOWN,UNKNOWN,0.2367,0,62.369
797,28.2667,35,4.9903,1.0,leg_raise_lower,UNKNOWN,UNKNOWN,0.2367,0,63.478
797,28.2667,66,0.0,1.0,WARMING_UP,WARMING_UP,WARMING_UP,0.0,0,63.478
798,28.2806,35,4.9915,1.0,leg_raise_lower,UNKNOWN,UNKNOWN,0.2367,0,64.228
798,28.2806,66,0.0139,1.0,WARMING_UP,WARMING_UP,WARMING_UP,0.0,0,64.228
799,28.2945,35,4.9915,1.0,leg_raise_lower,UNKNOWN,UNKNOWN,0.2367,0,64.605
799,28.2945,66,0.0278,1.0,WARMING_UP,WARMING_UP,WARMING_UP,0.0,0,64.605
800,28.3091,35,4.9897,1.0,leg_raise_lower,UNKNOWN,UNKNOWN,0.2367,0,64.403
800,28.3091,66,0.0423,1.0,WARMING_UP,WARMING_UP,WARMING_UP,0.0,0,64.403
801,28.3252,35,4.9905,1.0,leg_raise_lower,UNKNOWN,UNKNOWN,0.2367,0,64.848
801,28.3252,66,0.0585,1.0,WARMING_UP,WARMING_UP,WARMING_UP,0.0,0,64.848
802,28.3401,35,4.9866,1.0,leg_raise_lower,UNKNOWN,UNKNOWN,0.2367,0,62.532
803,28.3636,35,4.9961,1.0,leg_raise_lower,UNKNOWN,UNKNOWN,0.2367,0,64.107
804,28.3763,35,4.9959,1.0,leg_raise_lower,UNKNOWN,UNKNOWN,0.2367,0,65.138
804,28.3763,66,0.1096,0.75,WARMING_UP,WARMING_UP,WARMING_UP,0.0,0,65.138
805,28.3901,35,4.9959,1.0,leg_raise_lower,UNKNOWN,UNKNOWN,0.2367,0,65.558
805,28.3901,66,0.1233,0.7778,WARMING_UP,WARMING_UP,WARMING_UP,0.0,0,65.558
806,28.4042,35,4.9966,1.0,leg_raise_lower,UNKNOWN,UNKNOWN,0.2367,0,65.006
806,28.4042,66,0.1375,0.8,WARMING_UP,WARMING_UP,WARMING_UP,0.0,0,65.006
807,28.4212,35,4.9991,1.0,leg_raise_lower,UNKNOWN,UNKNOWN,0.2367,0,64.987
807,28.4212,66,0.1544,0.8182,WARMING_UP,WARMING_UP,WARMING_UP,0.0,0,64.987
808,28.4363,35,4.9844,1.0,leg_raise_lower,UNKNOWN,UNKNOWN,0.23,1,65.719
809,28.4873,35,4.9943,1.0,leg_raise_lower,UNKNOWN,UNKNOWN,0.23,0,61.015
809,28.4873,66,0.2206,0.7692,WARMING_UP,WARMING_UP,WARMING_UP,0.0,0,61.015
810,28.5034,35,4.9893,1.0,leg_raise_lower,UNKNOWN,UNKNOWN,0.23,0,60.084
810,28.5034,66,0.2366,0.7857,WARMING_UP,WARMING_UP,WARMING_UP,0.0,0,60.084
811,28.5229,35,4.9964,1.0,leg_raise_lower,UNKNOWN,UNKNOWN,0.23,0,60.008
811,28.5229,66,0.2562,0.8,WARMING_UP,WARMING_UP,WARMING_UP,0.0,0,60.008
812,28.5399,35,4.995,1.0,leg_raise_lower,UNKNOWN,UNKNOWN,0.23,0,60.35
812,28.5399,66,0.2731,0.8125,WARMING_UP,WARMING_UP,WARMING_UP,0.0,0,60.35
813,28.5555,35,4.9969,1.0,leg_raise_lower,UNKNOWN,UNKNOWN,0.23,0,60.39
813,28.5555,66,0.2888,0.8235,WARMING_UP,WARMING_UP,WARMING_UP,0.0,0,60.39
814,28.5721,35,4.9864,1.0,leg_raise_lower,UNKNOWN,UNKNOWN,0.23,0,60.68
814,28.5721,66,0.3054,0.8333,WARMING_UP,WARMING_UP,WARMING_UP,0.0,0,60.68
815,28.588,35,4.9855,1.0,leg_raise_lower,UNKNOWN,UNKNOWN,0.23,0,60.932
815,28.588,66,0.3213,0.8421,WARMING_UP,WARMING_UP,WARMING_UP,0.0,0,60.932
816,28.6035,35,4.9881,1.0,leg_raise_lower,UNKNOWN,UNKNOWN,0.23,0,62.651
816,28.6035,66,0.3368,0.85,WARMING_UP,WARMING_UP,WARMING_UP,0.0,0,62.651
817,28.6166,35,4.9875,1.0,leg_raise_lower,UNKNOWN,UNKNOWN,0.23,0,61.334
817,28.6166,66,0.3499,0.8571,WARMING_UP,WARMING_UP,WARMING_UP,0.0,0,61.334
818,28.637,35,4.9951,1.0,leg_raise_lower,UNKNOWN,UNKNOWN,0.23,0,60.492
818,28.637,66,0.3702,0.8636,WARMING_UP,WARMING_UP,WARMING_UP,0.0,0,60.492
818,28.637,69,0.0,1.0,WARMING_UP,WARMING_UP,WARMING_UP,0.0,0,60.492
819,28.6557,35,4.9992,1.0,leg_raise_lower,UNKNOWN,UNKNOWN,0.23,0,61.17
819,28.6557,66,0.389,0.8696,WARMING_UP,WARMING_UP,WARMING_UP,0.0,0,61.17
820,28.6711,35,4.9985,1.0,leg_raise_lower,UNKNOWN,UNKNOWN,0.23,0,59.89
820,28.6711,66,0.4044,0.875,WARMING_UP,WARMING_UP,WARMING_UP,0.0,0,59.89
821,28.6913,35,4.9886,1.0,leg_raise_lower,UNKNOWN,UNKNOWN,0.2333,1,60.375
821,28.6913,66,0.4246,0.88,WARMING_UP,WARMING_UP,WARMING_UP,0.0,0,60.375
821,28.6913,69,0.0544,0.5,WARMING_UP,WARMING_UP,WARMING_UP,0.0,0,60.375
822,28.7456,35,4.9902,1.0,leg_raise_lower,UNKNOWN,UNKNOWN,0.2333,0,56.03
822,28.7456,66,0.4789,0.8846,WARMING_UP,WARMING_UP,WARMING_UP,0.0,0,56.03
823,28.766,35,4.9968,1.0,leg_raise_lower,UNKNOWN,UNKNOWN,0.2333,0,57.601
823,28.766,66,0.4993,0.8889,WARMING_UP,WARMING_UP,WARMING_UP,0.0,0,57.601
824,28.7796,35,4.9982,1.0,leg_raise_lower,UNKNOWN,UNKNOWN,0.2333,0,58.381
824,28.7796,66,0.5129,0.8929,WARMING_UP,WARMING_UP,WARMING_UP,0.0,0,58.381
825,28.795,35,4.9802,1.0,leg_raise_lower,UNKNOWN,UNKNOWN,0.2333,0,58.731
825,28.795,66,0.5283,0.8966,WARMING_UP,WARMING_UP,WARMING_UP,0.0,0,58.731
826,28.8111,35,4.9963,1.0,leg_raise_lower,UNKNOWN,UNKNOWN,0.2333,0,59.677
826,28.8111,66,0.5444,0.9,WARMING_UP,WARMING_UP,WARMING_UP,0.0,0,59.677
827,28.8257,35,4.9974,1.0,leg_raise_lower,UNKNOWN,UNKNOWN,0.2333,0,60.81
827,28.8257,66,0.559,0.9032,WARMING_UP,WARMING_UP,WARMING_UP,0.0,0,60.81
828,28.8399,35,4.9979,1.0,leg_raise_lower,UNKNOWN,UNKNOWN,0.2333,0,62.031
828,28.8399,66,0.5732,0.9062,WARMING_UP,WARMING_UP,WARMING_UP,0.0,0,62.031
829,28.8536,35,4.9969,1.0,leg_raise_lower,UNKNOWN,UNKNOWN,0.2333,0,63.474
829,28.8536,66,0.5868,0.9091,WARMING_UP,WARMING_UP,WARMING_UP,0.0,0,63.474
830,28.8668,35,4.9959,1.0,leg_raise_lower,UNKNOWN,UNKNOWN,0.2333,0,64.793
830,28.8668,66,0.6001,0.9118,WARMING_UP,WARMING_UP,WARMING_UP,0.0,0,64.793
831,28.8797,35,4.9901,1.0,leg_raise_lower,UNKNOWN,UNKNOWN,0.2333,0,65.497
831,28.8797,66,0.613,0.9143,WARMING_UP,WARMING_UP,WARMING_UP,0.0,0,65.497
832,28.8935,35,4.9834,1.0,leg_raise_lower,UNKNOWN,UNKNOWN,0.2333,0,65.702
832,28.8935,66,0.6268,0.9167,WARMING_UP,WARMING_UP,WARMING_UP,0.0,0,65.702
833,28.9083,35,4.9983,1.0,leg_raise_lower,UNKNOWN,UNKNOWN,0.2333,0,65.767
833,28.9083,66,0.6416,0.9189,WARMING_UP,WARMING_UP,WARMING_UP,0.0,0,65.767
834,28.9235,35,4.9992,1.0,leg_raise_lower,UNKNOWN,UNKNOWN,0.2333,0,66.093
834,28.9235,66,0.6568,0.9211,WARMING_UP,WARMING_UP,WARMING_UP,0.0,0,66.093
835,28.9381,35,4.9986,1.0,leg_raise_lower,UNKNOWN,UNKNOWN,0.2333,0,65.602
835,28.9381,66,0.6714,0.9231,WARMING_UP,WARMING_UP,WARMING_UP,0.0,0,65.602
836,28.9543,35,4.986,1.0,leg_raise_lower,UNKNOWN,UNKNOWN,0.2333,1,66.473
836,28.9543,66,0.6876,0.925,WARMING_UP,WARMING_UP,WARMING_UP,0.0,0,66.473
837,29.0053,35,4.9951,1.0,leg_raise_lower,UNKNOWN,UNKNOWN,0.2333,0,61.738
837,29.0053,66,0.7386,0.9268,WARMING_UP,WARMING_UP,WARMING_UP,0.0,0,61.738
838,29.0202,35,4.995,1.0,leg_raise_lower,UNKNOWN,UNKNOWN,0.2333,0,62.894
838,29.0202,66,0.7535,0.9286,WARMING_UP,WARMING_UP,WARMING_UP,0.0,0,62.894
839,29.0336,35,4.9934,1.0,leg_raise_lower,UNKNOWN,UNKNOWN,0.2333,0,63.978
839,29.0336,66,0.7669,0.9302,WARMING_UP,WARMING_UP,WARMING_UP,0.0,0,63.978
840,29.0472,35,4.9909,1.0,leg_raise_lower,UNKNOWN,UNKNOWN,0.2333,0,64.14
840,29.0472,66,0.7805,0.9318,WARMING_UP,WARMING_UP,WARMING_UP,0.0,0,64.14
841,29.0625,35,4.9908,1.0,leg_raise_lower,UNKNOWN,UNKNOWN,0.2333,0,64.905
841,29.0625,66,0.7957,0.9333,WARMING_UP,WARMING_UP,WARMING_UP,0.0,0,64.905
842,29.0764,35,4.991,1.0,leg_raise_lower,UNKNOWN,UNKNOWN,0.2333,0,64.4
842,29.0764,66,0.8096,0.9348,WARMING_UP,WARMING_UP,WARMING_UP,0.0,0,64.4
843,29.0932,35,4.9926,1.0,leg_raise_lower,UNKNOWN,UNKNOWN,0.2333,0,64.738
843,29.0932,66,0.8264,0.9362,WARMING_UP,WARMING_UP,WARMING_UP,0.0,0,64.738
844,29.1079,35,4.9953,1.0,leg_raise_lower,UNKNOWN,UNKNOWN,0.2333,0,65.305
844,29.1079,66,0.8412,0.9375,WARMING_UP,WARMING_UP,WARMING_UP,0.0,0,65.305
845,29.1218,35,4.9953,1.0,leg_raise_lower,UNKNOWN,UNKNOWN,0.2333,0,66.55
845,29.1218,66,0.8551,0.9388,WARMING_UP,WARMING_UP,WARMING_UP,0.0,0,66.55
846,29.1362,35,4.9953,1.0,leg_raise_lower,UNKNOWN,UNKNOWN,0.2333,0,65.419
846,29.1362,66,0.8695,0.94,WARMING_UP,WARMING_UP,WARMING_UP,0.0,0,65.419
847,29.153,35,4.9969,1.0,leg_raise_lower,UNKNOWN,UNKNOWN,0.2333,0,65.581
847,29.153,66,0.8863,0.9412,WARMING_UP,WARMING_UP,WARMING_UP,0.0,0,65.581
848,29.1688,35,5.0,1.0,leg_raise_lower,UNKNOWN,UNKNOWN,0.2333,0,64.255
848,29.1688,66,0.9021,0.9423,WARMING_UP,WARMING_UP,WARMING_UP,0.0,0,64.255
849,29.1872,35,4.9987,1.0,leg_raise_lower,UNKNOWN,UNKNOWN,0.2333,0,65.413
849,29.1872,66,0.9204,0.9434,WARMING_UP,WARMING_UP,WARMING_UP,0.0,0,65.413
850,29.2006,35,4.9918,1.0,leg_raise_lower,UNKNOWN,UNKNOWN,0.2333,0,66.057
850,29.2006,66,0.9339,0.9444,WARMING_UP,WARMING_UP,WARMING_UP,0.0,0,66.057
851,29.2141,35,4.9874,1.0,leg_raise_lower,UNKNOWN,UNKNOWN,0.23,1,67.058
851,29.2141,66,0.9474,0.9455,WARMING_UP,WARMING_UP,WARMING_UP,0.0,0,67.058
852,29.265,35,4.9925,1.0,leg_raise_lower,UNKNOWN,UNKNOWN,0.23,0,62.245
852,29.265,66,0.9983,0.9464,WARMING_UP,WARMING_UP,WARMING_UP,0.0,0,62.245
853,29.2806,35,4.9947,1.0,leg_raise_lower,UNKNOWN,UNKNOWN,0.23,0,60.553
853,29.2806,66,1.0139,0.9474,WARMING_UP,WARMING_UP,WARMING_UP,0.0,0,60.553
854,29.3022,35,4.9895,1.0,leg_raise_lower,UNKNOWN,UNKNOWN,0.23,0,61.621
854,29.3022,66,1.0355,0.9483,WARMING_UP,WARMING_UP,WARMING_UP,0.0,0,61.621
855,29.3165,35,4.9899,1.0,leg_raise_lower,UNKNOWN,UNKNOWN,0.23,0,59.363
855,29.3165,66,1.0497,0.9492,WARMING_UP,WARMING_UP,WARMING_UP,0.0,0,59.363
856,29.345,35,4.9878,1.0,leg_raise_lower,UNKNOWN,UNKNOWN,0.23,0,59.075
856,29.345,66,1.0783,0.95,WARMING_UP,WARMING_UP,WARMING_UP,0.0,0,59.075
857,29.3596,35,4.9886,1.0,leg_raise_lower,UNKNOWN,UNKNOWN,0.23,0,60.194
857,29.3596,66,1.0929,0.9508,WARMING_UP,WARMING_UP,WARMING_UP,0.0,0,60.194
858,29.3746,35,4.9895,1.0,leg_raise_lower,UNKNOWN,UNKNOWN,0.23,0,61.319
858,29.3746,66,1.1079,0.9516,WARMING_UP,WARMING_UP,WARMING_UP,0.0,0,61.319
859,29.3878,35,4.9897,1.0,leg_raise_lower,UNKNOWN,UNKNOWN,0.23,0,61.889
859,29.3878,66,1.1211,0.9524,WARMING_UP,WARMING_UP,WARMING_UP,0.0,0,61.889
860,29.4026,35,4.9838,1.0,leg_raise_lower,UNKNOWN,UNKNOWN,0.23,0,63.568
860,29.4026,66,1.1359,0.9531,WARMING_UP,WARMING_UP,WARMING_UP,0.0,0,63.568
861,29.4152,35,4.9964,1.0,leg_raise_lower,UNKNOWN,UNKNOWN,0.23,0,64.959
861,29.4152,66,1.1485,0.9538,WARMING_UP,WARMING_UP,WARMING_UP,0.0,0,64.959
862,29.4283,35,4.9961,1.0,leg_raise_lower,UNKNOWN,UNKNOWN,0.23,0,65.731
862,29.4283,66,1.1615,0.9545,WARMING_UP,WARMING_UP,WARMING_UP,0.0,0,65.731
863,29.442,35,4.9964,1.0,leg_raise_lower,UNKNOWN,UNKNOWN,0.23,0,65.828
863,29.442,66,1.1753,0.9552,WARMING_UP,WARMING_UP,WARMING_UP,0.0,0,65.828
864,29.4571,35,4.9962,1.0,leg_raise_lower,UNKNOWN,UNKNOWN,0.23,0,64.014
864,29.4571,66,1.1903,0.9559,WARMING_UP,WARMING_UP,WARMING_UP,0.0,0,64.014
865,29.4781,35,4.9869,1.0,leg_raise_lower,UNKNOWN,UNKNOWN,0.23,1,64.274
865,29.4781,66,1.2114,0.9565,WARMING_UP,WARMING_UP,WARMING_UP,0.0,0,64.274
866,29.538,35,4.9929,1.0,leg_raise_lower,UNKNOWN,UNKNOWN,0.23,0,59.459
866,29.538,66,1.2713,0.9571,WARMING_UP,WARMING_UP,WARMING_UP,0.0,0,59.459
867,29.5552,35,4.9962,1.0,leg_raise_lower,UNKNOWN,UNKNOWN,0.23,0,59.612
867,29.5552,66,1.2884,0.9577,WARMING_UP,WARMING_UP,WARMING_UP,0.0,0,59.612
868,29.5715,35,4.9944,1.0,leg_raise_lower,UNKNOWN,UNKNOWN,0.23,0,60.19
868,29.5715,66,1.3048,0.9583,WARMING_UP,WARMING_UP,WARMING_UP,0.0,0,60.19
869,29.5868,35,4.9268,1.0,leg_raise_lower,UNKNOWN,UNKNOWN,0.23,0,61.212
869,29.5868,66,1.3201,0.9589,WARMING_UP,WARMING_UP,WARMING_UP,0.0,0,61.212
870,29.603,35,4.943,1.0,leg_raise_lower,UNKNOWN,UNKNOWN,0.23,0,60.816
870,29.603,66,1.3363,0.9595,WARMING_UP,WARMING_UP,WARMING_UP,0.0,0,60.816
871,29.6189,35,4.9589,1.0,leg_raise_lower,UNKNOWN,UNKNOWN,0.23,0,61.72
871,29.6189,66,1.3522,0.96,WARMING_UP,WARMING_UP,WARMING_UP,0.0,0,61.72
872,29.6331,35,4.973,1.0,leg_raise_lower,UNKNOWN,UNKNOWN,0.23,0,62.942
872,29.6331,66,1.3664,0.9605,WARMING_UP,WARMING_UP,WARMING_UP,0.0,0,62.942
873,29.6463,35,4.9862,1.0,leg_raise_lower,UNKNOWN,UNKNOWN,0.23,0,63.426
873,29.6463,66,1.3795,0.961,WARMING_UP,WARMING_UP,WARMING_UP,0.0,0,63.426
874,29.661,35,4.986,1.0,leg_raise_lower,UNKNOWN,UNKNOWN,0.23,0,63.443
874,29.661,66,1.3943,0.9615,WARMING_UP,WARMING_UP,WARMING_UP,0.0,0,63.443
875,29.677,35,4.9889,1.0,leg_raise_lower,UNKNOWN,UNKNOWN,0.23,0,61.358
875,29.677,66,1.4103,0.962,WARMING_UP,WARMING_UP,WARMING_UP,0.0,0,61.358
876,29.701,35,4.9988,1.0,leg_raise_lower,UNKNOWN,UNKNOWN,0.23,0,60.033
876,29.701,66,1.4342,0.9625,WARMING_UP,WARMING_UP,WARMING_UP,0.0,0,60.033
877,29.721,35,4.9908,1.0,leg_raise_lower,UNKNOWN,UNKNOWN,0.23,0,61.349
877,29.721,66,1.4543,0.963,WARMING_UP,WARMING_UP,WARMING_UP,0.0,0,61.349
878,29.7361,35,4.9894,1.0,leg_raise_lower,UNKNOWN,UNKNOWN,0.23,1,60.51
878,29.7361,66,1.4694,0.9634,WARMING_UP,WARMING_UP,WARMING_UP,0.0,0,60.51
879,29.7914,35,4.9991,1.0,leg_raise_lower,UNKNOWN,UNKNOWN,0.23,0,56.137
879,29.7914,66,1.5247,0.9639,WARMING_UP,WARMING_UP,WARMING_UP,0.0,0,56.137
880,29.8134,35,4.9948,1.0,leg_raise_lower,UNKNOWN,UNKNOWN,0.23,0,57.825
880,29.8134,66,1.5467,0.9643,WARMING_UP,WARMING_UP,WARMING_UP,0.0,0,57.825
881,29.8268,35,4.9946,1.0,leg_raise_lower,UNKNOWN,UNKNOWN,0.23,0,58.939
881,29.8268,66,1.5601,0.9647,WARMING_UP,WARMING_UP,WARMING_UP,0.0,0,58.939
882,29.8411,35,4.9491,1.0,leg_raise_lower,UNKNOWN,UNKNOWN,0.23,0,59.591
882,29.8411,66,1.5743,0.9651,WARMING_UP,WARMING_UP,WARMING_UP,0.0,0,59.591
883,29.8566,35,4.9647,1.0,leg_raise_lower,UNKNOWN,UNKNOWN,0.23,0,59.279
883,29.8566,66,1.5899,0.9655,WARMING_UP,WARMING_UP,WARMING_UP,0.0,0,59.279
884,29.8743,35,4.9824,1.0,leg_raise_lower,UNKNOWN,UNKNOWN,0.23,0,59.343
884,29.8743,66,1.6076,0.9659,WARMING_UP,WARMING_UP,WARMING_UP,0.0,0,59.343
885,29.8911,35,4.9992,1.0,leg_raise_lower,UNKNOWN,UNKNOWN,0.23,0,59.555
885,29.8911,66,1.6244,0.9663,WARMING_UP,WARMING_UP,WARMING_UP,0.0,0,59.555
886,29.9074,35,4.9974,1.0,leg_raise_lower,UNKNOWN,UNKNOWN,0.23,0,60.224
886,29.9074,66,1.6406,0.9667,WARMING_UP,WARMING_UP,WARMING_UP,0.0,0,60.224
887,29.9221,35,4.9981,1.0,leg_raise_lower,UNKNOWN,UNKNOWN,0.23,0,60.401
887,29.9221,66,1.6554,0.967,WARMING_UP,WARMING_UP,WARMING_UP,0.0,0,60.401
888,29.9386,35,4.9859,1.0,leg_raise_lower,UNKNOWN,UNKNOWN,0.23,0,60.27
888,29.9386,66,1.6718,0.9674,WARMING_UP,WARMING_UP,WARMING_UP,0.0,0,60.27
889,29.9556,35,4.9885,1.0,leg_raise_lower,UNKNOWN,UNKNOWN,0.23,0,60.756
889,29.9556,66,1.6888,0.9677,WARMING_UP,WARMING_UP,WARMING_UP,0.0,0,60.756
890,29.971,35,4.9903,1.0,leg_raise_lower,UNKNOWN,UNKNOWN,0.23,0,62.32
890,29.971,66,1.7043,0.9681,WARMING_UP,WARMING_UP,WARMING_UP,0.0,0,62.32
891,29.9844,35,4.9889,1.0,leg_raise_lower,UNKNOWN,UNKNOWN,0.23,0,63.35
891,29.9844,66,1.7177,0.9684,WARMING_UP,WARMING_UP,WARMING_UP,0.0,0,63.35
892,29.998,35,4.9886,1.0,leg_raise_lower,UNKNOWN,UNKNOWN,0.2367,1,63.125
892,29.998,66,1.7312,0.9688,WARMING_UP,WARMING_UP,WARMING_UP,0.0,0,63.125
893,30.0528,35,4.9849,1.0,leg_raise_lower,UNKNOWN,UNKNOWN,0.2367,0,58.607
893,30.0528,66,1.786,0.9691,WARMING_UP,WARMING_UP,WARMING_UP,0.0,0,58.607
894,30.0699,35,4.9877,1.0,leg_raise_lower,UNKNOWN,UNKNOWN,0.2367,0,59.91
894,30.0699,66,1.8032,0.9694,WARMING_UP,WARMING_UP,WARMING_UP,0.0,0,59.91
895,30.0837,35,4.9417,1.0,leg_raise_lower,UNKNOWN,UNKNOWN,0.2367,0,60.647
895,30.0837,66,1.817,0.9697,WARMING_UP,WARMING_UP,WARMING_UP,0.0,0,60.647
896,30.0988,35,4.9567,1.0,leg_raise_lower,UNKNOWN,UNKNOWN,0.2367,0,60.669
896,30.0988,66,1.8321,0.97,WARMING_UP,WARMING_UP,WARMING_UP,0.0,0,60.669
897,30.1154,35,4.9733,1.0,leg_raise_lower,UNKNOWN,UNKNOWN,0.2367,0,61.512
897,30.1154,66,1.8486,0.9703,WARMING_UP,WARMING_UP,WARMING_UP,0.0,0,61.512
898,30.1305,35,4.9884,1.0,leg_raise_lower,UNKNOWN,UNKNOWN,0.2367,0,60.146
898,30.1305,66,1.8637,0.9706,WARMING_UP,WARMING_UP,WARMING_UP,0.0,0,60.146
899,30.151,35,4.9928,1.0,leg_raise_lower,UNKNOWN,UNKNOWN,0.2367,0,58.627
899,30.151,66,1.8843,0.9709,WARMING_UP,WARMING_UP,WARMING_UP,0.0,0,58.627
900,30.1727,35,4.9881,1.0,leg_raise_lower,UNKNOWN,UNKNOWN,0.2367,0,59.416
900,30.1727,66,1.906,0.9712,WARMING_UP,WARMING_UP,WARMING_UP,0.0,0,59.416
901,30.1881,35,4.9884,1.0,leg_raise_lower,UNKNOWN,UNKNOWN,0.2367,0,60.725
901,30.1881,66,1.9214,0.9714,WARMING_UP,WARMING_UP,WARMING_UP,0.0,0,60.725
902,30.2018,35,4.9884,1.0,leg_raise_lower,UNKNOWN,UNKNOWN,0.2367,0,61.231
902,30.2018,66,1.935,0.9717,WARMING_UP,WARMING_UP,WARMING_UP,0.0,0,61.231
903,30.2176,35,4.9886,1.0,leg_raise_lower,UNKNOWN,UNKNOWN,0.2367,0,61.622
903,30.2176,66,1.9508,0.972,WARMING_UP,WARMING_UP,WARMING_UP,0.0,0,61.622
904,30.2321,35,4.9826,1.0,leg_raise_lower,UNKNOWN,UNKNOWN,0.2367,0,59.987
904,30.2321,66,1.9654,0.9722,WARMING_UP,WARMING_UP,WARMING_UP,0.0,0,59.987
905,30.2543,35,4.9903,1.0,leg_raise_lower,UNKNOWN,UNKNOWN,0.2133,1,60.383
905,30.2543,66,1.9876,0.9725,WARMING_UP,WARMING_UP,WARMING_UP,0.0,0,60.383
906,30.3076,35,4.9977,1.0,leg_raise_lower,UNKNOWN,UNKNOWN,0.2133,0,56.121
906,30.3076,66,2.0409,0.9727,WARMING_UP,WARMING_UP,WARMING_UP,0.0,0,56.121
907,30.3261,35,4.9892,1.0,leg_raise_lower,UNKNOWN,UNKNOWN,0.2133,0,57.168
907,30.3261,66,2.0593,0.973,WARMING_UP,WARMING_UP,WARMING_UP,0.0,0,57.168
908,30.3408,35,4.9516,1.0,leg_raise_lower,UNKNOWN,UNKNOWN,0.2133,0,58.124
908,30.3408,66,2.0741,0.9732,WARMING_UP,WARMING_UP,WARMING_UP,0.0,0,58.124
909,30.3561,35,4.9669,1.0,leg_raise_lower,UNKNOWN,UNKNOWN,0.2133,0,58.716
909,30.3561,66,2.0894,0.9735,WARMING_UP,WARMING_UP,WARMING_UP,0.0,0,58.716
910,30.3716,35,4.9825,1.0,leg_raise_lower,UNKNOWN,UNKNOWN,0.2133,0,58.941
910,30.3716,66,2.1049,0.9737,WARMING_UP,WARMING_UP,WARMING_UP,0.0,0,58.941
911,30.3882,35,4.999,1.0,leg_raise_lower,UNKNOWN,UNKNOWN,0.2133,0,60.756
911,30.3882,66,2.1215,0.9739,WARMING_UP,WARMING_UP,WARMING_UP,0.0,0,60.756
912,30.4011,35,4.996,1.0,leg_raise_lower,UNKNOWN,UNKNOWN,0.2133,0,62.282
912,30.4011,66,2.1344,0.9741,WARMING_UP,WARMING_UP,WARMING_UP,0.0,0,62.282
913,30.4142,35,4.9949,1.0,leg_raise_lower,UNKNOWN,UNKNOWN,0.2133,0,62.857
913,30.4142,66,2.1475,0.9744,WARMING_UP,WARMING_UP,WARMING_UP,0.0,0,62.857
914,30.429,35,4.9963,1.0,leg_raise_lower,UNKNOWN,UNKNOWN,0.2133,0,63.753
914,30.429,66,2.1623,0.9746,WARMING_UP,WARMING_UP,WARMING_UP,0.0,0,63.753
915,30.4428,35,4.9941,1.0,leg_raise_lower,UNKNOWN,UNKNOWN,0.2133,0,64.31
915,30.4428,66,2.1761,0.9748,WARMING_UP,WARMING_UP,WARMING_UP,0.0,0,64.31
916,30.4573,35,4.9941,1.0,leg_raise_lower,UNKNOWN,UNKNOWN,0.2133,0,62.169
916,30.4573,66,2.1906,0.975,WARMING_UP,WARMING_UP,WARMING_UP,0.0,0,62.169
917,30.4806,35,4.9915,1.0,leg_raise_lower,UNKNOWN,UNKNOWN,0.2133,0,63.518
917,30.4806,66,2.2139,0.9752,WARMING_UP,WARMING_UP,WARMING_UP,0.0,0,63.518
918,30.4939,35,4.9896,1.0,leg_raise_lower,UNKNOWN,UNKNOWN,0.2133,0,64.199
918,30.4939,66,2.2272,0.9754,WARMING_UP,WARMING_UP,WARMING_UP,0.0,0,64.199
919,30.5079,35,4.9904,1.0,leg_raise_lower,UNKNOWN,UNKNOWN,0.2167,1,64.369
919,30.5079,66,2.2412,0.9756,WARMING_UP,WARMING_UP,WARMING_UP,0.0,0,64.369
920,30.5596,35,4.9943,1.0,leg_raise_lower,UNKNOWN,UNKNOWN,0.2167,0,59.862
920,30.5596,66,2.2929,0.9758,WARMING_UP,WARMING_UP,WARMING_UP,0.0,0,59.862
921,30.575,35,4.9943,1.0,leg_raise_lower,UNKNOWN,UNKNOWN,0.2167,0,58.079
921,30.575,66,2.3082,0.976,WARMING_UP,WARMING_UP,WARMING_UP,0.0,0,58.079
922,30.5989,35,4.9558,1.0,leg_raise_lower,UNKNOWN,UNKNOWN,0.2167,0,58.715
922,30.5989,66,2.3321,0.9762,WARMING_UP,WARMING_UP,WARMING_UP,0.0,0,58.715
923,30.6144,35,4.9714,1.0,leg_raise_lower,UNKNOWN,UNKNOWN,0.2167,0,60.199
923,30.6144,66,2.3477,0.9764,WARMING_UP,WARMING_UP,WARMING_UP,0.0,0,60.199
924,30.6279,35,4.9848,1.0,leg_raise_lower,UNKNOWN,UNKNOWN,0.2167,0,61.101
924,30.6279,66,2.3611,0.9766,WARMING_UP,WARMING_UP,WARMING_UP,0.0,0,61.101
925,30.6423,35,4.9992,1.0,leg_raise_lower,UNKNOWN,UNKNOWN,0.2167,0,61.245
925,30.6423,66,2.3756,0.9767,WARMING_UP,WARMING_UP,WARMING_UP,0.0,0,61.245
926,30.6586,35,4.9988,1.0,leg_raise_lower,UNKNOWN,UNKNOWN,0.2167,0,61.267
926,30.6586,66,2.3919,0.9769,WARMING_UP,WARMING_UP,WARMING_UP,0.0,0,61.267
927,30.6747,35,4.9989,1.0,leg_raise_lower,UNKNOWN,UNKNOWN,0.2167,0,60.71
927,30.6747,66,2.408,0.9771,WARMING_UP,WARMING_UP,WARMING_UP,0.0,0,60.71
928,30.6926,35,4.9863,1.0,leg_raise_lower,UNKNOWN,UNKNOWN,0.2167,0,61.0
928,30.6926,66,2.4259,0.9773,WARMING_UP,WARMING_UP,WARMING_UP,0.0,0,61.0
929,30.708,35,4.9891,1.0,leg_raise_lower,UNKNOWN,UNKNOWN,0.2167,0,61.432
929,30.708,66,2.4413,0.9774,WARMING_UP,WARMING_UP,WARMING_UP,0.0,0,61.432
930,30.7236,35,4.9911,1.0,leg_raise_lower,UNKNOWN,UNKNOWN,0.2167,0,61.227
930,30.7236,66,2.4569,0.9776,WARMING_UP,WARMING_UP,WARMING_UP,0.0,0,61.227
931,30.7402,35,4.9934,1.0,leg_raise_lower,UNKNOWN,UNKNOWN,0.2167,0,62.21
931,30.7402,66,2.4735,0.9778,WARMING_UP,WARMING_UP,WARMING_UP,0.0,0,62.21
932,30.7545,35,4.9941,1.0,leg_raise_lower,UNKNOWN,UNKNOWN,0.2167,0,63.855
932,30.7545,66,2.4878,0.9779,WARMING_UP,WARMING_UP,WARMING_UP,0.0,0,63.855
933,30.7672,35,4.9931,1.0,leg_raise_lower,UNKNOWN,UNKNOWN,0.2267,1,65.136
933,30.7672,66,2.5005,0.9781,WARMING_UP,WARMING_UP,WARMING_UP,0.0,0,65.136
934,30.8175,35,4.9976,1.0,leg_raise_lower,UNKNOWN,UNKNOWN,0.2267,0,60.509
934,30.8175,66,2.5508,0.9783,WARMING_UP,WARMING_UP,WARMING_UP,0.0,0,60.509
935,30.8333,35,4.9867,1.0,leg_raise_lower,UNKNOWN,UNKNOWN,0.2267,0,61.447
935,30.8333,66,2.5666,0.9784,WARMING_UP,WARMING_UP,WARMING_UP,0.0,0,61.447
936,30.8476,35,4.9512,1.0,leg_raise_lower,UNKNOWN,UNKNOWN,0.2267,0,62.963
936,30.8476,66,2.5809,0.9786,WARMING_UP,WARMING_UP,WARMING_UP,0.0,0,62.963
937,30.8607,35,4.9643,1.0,leg_raise_lower,UNKNOWN,UNKNOWN,0.2267,0,64.166
937,30.8607,66,2.594,0.9787,WARMING_UP,WARMING_UP,WARMING_UP,0.0,0,64.166
938,30.874,35,4.9775,1.0,leg_raise_lower,UNKNOWN,UNKNOWN,0.2267,0,65.296
938,30.874,66,2.6073,0.9789,WARMING_UP,WARMING_UP,WARMING_UP,0.0,0,65.296
939,30.8872,35,4.9907,1.0,leg_raise_lower,UNKNOWN,UNKNOWN,0.2267,0,66.18
939,30.8872,66,2.6205,0.979,WARMING_UP,WARMING_UP,WARMING_UP,0.0,0,66.18
940,30.9042,35,4.9916,1.0,leg_raise_lower,UNKNOWN,UNKNOWN,0.2267,0,65.404
940,30.9042,66,2.6375,0.9792,WARMING_UP,WARMING_UP,WARMING_UP,0.0,0,65.404
941,30.918,35,4.9907,1.0,leg_raise_lower,UNKNOWN,UNKNOWN,0.2267,0,65.489
941,30.918,66,2.6513,0.9793,WARMING_UP,WARMING_UP,WARMING_UP,0.0,0,65.489
942,30.9329,35,4.9929,1.0,leg_raise_lower,UNKNOWN,UNKNOWN,0.2267,0,63.358
942,30.9329,66,2.6662,0.9795,WARMING_UP,WARMING_UP,WARMING_UP,0.0,0,63.358
943,30.9558,35,4.9932,1.0,leg_raise_lower,UNKNOWN,UNKNOWN,0.2267,0,64.272
943,30.9558,66,2.6891,0.9796,WARMING_UP,WARMING_UP,WARMING_UP,0.0,0,64.272
944,30.9692,35,4.9909,1.0,leg_raise_lower,UNKNOWN,UNKNOWN,0.2267,0,65.346
944,30.9692,66,2.7025,0.9797,WARMING_UP,WARMING_UP,WARMING_UP,0.0,0,65.346
945,30.9826,35,4.9902,1.0,leg_raise_lower,UNKNOWN,UNKNOWN,0.2267,0,64.435
945,30.9826,66,2.7159,0.9799,WARMING_UP,WARMING_UP,WARMING_UP,0.0,0,64.435
946,31.0007,35,4.9938,1.0,leg_raise_lower,UNKNOWN,UNKNOWN,0.2267,0,65.12
946,31.0007,66,2.734,0.98,WARMING_UP,WARMING_UP,WARMING_UP,0.0,0,65.12
947,31.0144,35,4.9855,1.0,leg_raise_lower,UNKNOWN,UNKNOWN,0.2267,0,63.114
947,31.0144,66,2.7477,0.9801,WARMING_UP,WARMING_UP,WARMING_UP,0.0,0,63.114
948,31.0368,35,4.991,1.0,leg_raise_lower,UNKNOWN,UNKNOWN,0.2233,1,64.078
948,31.0368,66,2.77,0.9803,WARMING_UP,WARMING_UP,WARMING_UP,0.0,0,64.078
949,31.0874,35,4.996,1.0,leg_raise_lower,UNKNOWN,UNKNOWN,0.2233,0,59.537
949,31.0874,66,2.8206,0.9804,WARMING_UP,WARMING_UP,WARMING_UP,0.0,0,59.537
950,31.1039,35,4.9987,1.0,leg_raise_lower,UNKNOWN,UNKNOWN,0.2233,0,61.009
950,31.1039,66,2.8372,0.9805,WARMING_UP,WARMING_UP,WARMING_UP,0.0,0,61.009
951,31.1174,35,4.9542,1.0,leg_raise_lower,UNKNOWN,UNKNOWN,0.2233,0,61.304
951,31.1174,66,2.8507,0.9806,WARMING_UP,WARMING_UP,WARMING_UP,0.0,0,61.304
952,31.1332,35,4.97,1.0,leg_raise_lower,UNKNOWN,UNKNOWN,0.2233,0,62.072
952,31.1332,66,2.8665,0.9808,WARMING_UP,WARMING_UP,WARMING_UP,0.0,0,62.072
953,31.1485,35,4.9853,1.0,leg_raise_lower,UNKNOWN,UNKNOWN,0.2233,0,62.453
953,31.1485,66,2.8817,0.9809,WARMING_UP,WARMING_UP,WARMING_UP,0.0,0,62.453
954,31.1631,35,4.9999,1.0,leg_raise_lower,UNKNOWN,UNKNOWN,0.2233,0,63.435
954,31.1631,66,2.8964,0.981,WARMING_UP,WARMING_UP,WARMING_UP,0.0,0,63.435
955,31.1765,35,4.9978,1.0,leg_raise_lower,UNKNOWN,UNKNOWN,0.2233,0,63.384
955,31.1765,66,2.9097,0.9811,WARMING_UP,WARMING_UP,WARMING_UP,0.0,0,63.384
956,31.1925,35,4.999,1.0,leg_raise_lower,UNKNOWN,UNKNOWN,0.2233,0,64.079
956,31.1925,66,2.9258,0.9812,WARMING_UP,WARMING_UP,WARMING_UP,0.0,0,64.079
957,31.2068,35,4.9871,1.0,leg_raise_lower,UNKNOWN,UNKNOWN,0.2233,0,62.22
957,31.2068,66,2.94,0.9814,WARMING_UP,WARMING_UP,WARMING_UP,0.0,0,62.22
958,31.2295,35,4.9951,1.0,leg_raise_lower,UNKNOWN,UNKNOWN,0.2233,0,62.838
958,31.2295,66,2.9627,0.9815,WARMING_UP,WARMING_UP,WARMING_UP,0.0,0,62.838
959,31.2434,35,4.9948,1.0,leg_raise_lower,UNKNOWN,UNKNOWN,0.2233,0,63.194
959,31.2434,66,2.9767,0.9816,WARMING_UP,WARMING_UP,WARMING_UP,0.0,0,63.194
960,31.2584,35,4.9961,1.0,leg_raise_lower,UNKNOWN,UNKNOWN,0.2233,0,63.276
960,31.2584,66,2.9916,0.9817,WARMING_UP,WARMING_UP,WARMING_UP,0.0,0,63.276
961,31.274,35,4.9967,1.0,leg_raise_lower,UNKNOWN,UNKNOWN,0.2233,0,63.791
961,31.274,66,3.0072,0.9818,WARMING_UP,WARMING_UP,WARMING_UP,0.0,0,63.791
962,31.2887,35,4.9963,1.0,leg_raise_lower,UNKNOWN,UNKNOWN,0.2333,1,64.604
962,31.2887,66,3.022,0.9819,WARMING_UP,WARMING_UP,WARMING_UP,0.0,0,64.604
963,31.3389,35,4.9912,1.0,leg_raise_lower,UNKNOWN,UNKNOWN,0.2333,0,60.078
963,31.3389,66,3.0722,0.982,WARMING_UP,WARMING_UP,WARMING_UP,0.0,0,60.078
964,31.3544,35,4.9936,1.0,leg_raise_lower,UNKNOWN,UNKNOWN,0.2333,0,59.532
964,31.3544,66,3.0877,0.9821,WARMING_UP,WARMING_UP,WARMING_UP,0.0,0,59.532
965,31.373,35,4.9598,1.0,leg_raise_lower,UNKNOWN,UNKNOWN,0.2333,0,59.551
965,31.373,66,3.1063,0.9822,WARMING_UP,WARMING_UP,WARMING_UP,0.0,0,59.551
966,31.3896,35,4.9763,1.0,leg_raise_lower,UNKNOWN,UNKNOWN,0.2333,0,60.219
966,31.3896,66,3.1229,0.9824,WARMING_UP,WARMING_UP,WARMING_UP,0.0,0,60.219
967,31.405,35,4.9917,1.0,leg_raise_lower,UNKNOWN,UNKNOWN,0.2333,0,60.691
967,31.405,66,3.1383,0.9825,WARMING_UP,WARMING_UP,WARMING_UP,0.0,0,60.691
968,31.4195,35,4.9903,1.0,leg_raise_lower,UNKNOWN,UNKNOWN,0.2333,0,62.523
968,31.4195,66,3.1528,0.9826,WARMING_UP,WARMING_UP,WARMING_UP,0.0,0,62.523
969,31.4323,35,4.9897,1.0,leg_raise_lower,UNKNOWN,UNKNOWN,0.2333,0,63.688
969,31.4323,66,3.1655,0.9827,WARMING_UP,WARMING_UP,WARMING_UP,0.0,0,63.688
970,31.446,35,4.9899,1.0,leg_raise_lower,UNKNOWN,UNKNOWN,0.2333,0,64.588
970,31.446,66,3.1793,0.9828,WARMING_UP,WARMING_UP,WARMING_UP,0.0,0,64.588
971,31.4596,35,4.9868,1.0,leg_raise_lower,UNKNOWN,UNKNOWN,0.2333,0,65.062
971,31.4596,66,3.1929,0.9829,WARMING_UP,WARMING_UP,WARMING_UP,0.0,0,65.062
972,31.4741,35,4.9864,1.0,leg_raise_lower,UNKNOWN,UNKNOWN,0.2333,0,64.94
972,31.4741,66,3.2074,0.983,WARMING_UP,WARMING_UP,WARMING_UP,0.0,0,64.94
973,31.4899,35,4.9841,1.0,leg_raise_lower,UNKNOWN,UNKNOWN,0.2333,0,63.054
973,31.4899,66,3.2231,0.9831,WARMING_UP,WARMING_UP,WARMING_UP,0.0,0,63.054
974,31.5116,35,4.9923,1.0,leg_raise_lower,UNKNOWN,UNKNOWN,0.2333,0,63.581
974,31.5116,66,3.2449,0.9831,WARMING_UP,WARMING_UP,WARMING_UP,0.0,0,63.581
975,31.5261,35,4.9914,1.0,leg_raise_lower,UNKNOWN,UNKNOWN,0.2333,0,62.566
975,31.5261,66,3.2594,0.9832,WARMING_UP,WARMING_UP,WARMING_UP,0.0,0,62.566
976,31.5447,35,4.9942,1.0,leg_raise_lower,UNKNOWN,UNKNOWN,0.2167,1,63.115
976,31.5447,66,3.278,0.9833,WARMING_UP,WARMING_UP,WARMING_UP,0.0,0,63.115
977,31.5979,35,4.9972,1.0,leg_raise_lower,UNKNOWN,UNKNOWN,0.2167,0,58.677
977,31.5979,66,3.3311,0.9834,WARMING_UP,WARMING_UP,WARMING_UP,0.0,0,58.677
978,31.613,35,4.9987,1.0,leg_raise_lower,UNKNOWN,UNKNOWN,0.2167,0,60.457
978,31.613,66,3.3463,0.9835,WARMING_UP,WARMING_UP,WARMING_UP,0.0,0,60.457
979,31.6266,35,4.9541,1.0,leg_raise_lower,UNKNOWN,UNKNOWN,0.2167,0,59.753
979,31.6266,66,3.3599,0.9836,WARMING_UP,WARMING_UP,WARMING_UP,0.0,0,59.753
980,31.6447,35,4.9722,1.0,leg_raise_lower,UNKNOWN,UNKNOWN,0.2167,0,60.689
980,31.6447,66,3.378,0.9837,WARMING_UP,WARMING_UP,WARMING_UP,0.0,0,60.689
981,31.6598,35,4.9873,1.0,leg_raise_lower,UNKNOWN,UNKNOWN,0.2167,0,61.544
981,31.6598,66,3.3931,0.9838,WARMING_UP,WARMING_UP,WARMING_UP,0.0,0,61.544
982,31.6737,35,4.9823,1.0,leg_raise_lower,UNKNOWN,UNKNOWN,0.2167,0,60.106
982,31.6737,66,3.407,0.9839,WARMING_UP,WARMING_UP,WARMING_UP,0.0,0,60.106
983,31.6949,35,4.988,1.0,leg_raise_lower,UNKNOWN,UNKNOWN,0.2167,0,59.924
983,31.6949,66,3.4281,0.984,WARMING_UP,WARMING_UP,WARMING_UP,0.0,0,59.924
984,31.7119,35,4.9906,1.0,leg_raise_lower,UNKNOWN,UNKNOWN,0.2167,0,60.264
984,31.7119,66,3.4452,0.984,WARMING_UP,WARMING_UP,WARMING_UP,0.0,0,60.264
985,31.7277,35,4.9925,1.0,leg_raise_lower,UNKNOWN,UNKNOWN,0.2167,0,61.125
985,31.7277,66,3.461,0.9841,WARMING_UP,WARMING_UP,WARMING_UP,0.0,0,61.125
986,31.7423,35,4.9902,1.0,leg_raise_lower,UNKNOWN,UNKNOWN,0.2167,0,61.426
986,31.7423,66,3.4755,0.9842,WARMING_UP,WARMING_UP,WARMING_UP,0.0,0,61.426
987,31.7579,35,4.9843,1.0,leg_raise_lower,UNKNOWN,UNKNOWN,0.2167,0,62.176
987,31.7579,66,3.4911,0.9843,WARMING_UP,WARMING_UP,WARMING_UP,0.0,0,62.176
988,31.7731,35,4.9995,1.0,leg_raise_lower,UNKNOWN,UNKNOWN,0.2167,0,60.994
988,31.7731,66,3.5063,0.9844,WARMING_UP,WARMING_UP,WARMING_UP,0.0,0,60.994
989,31.7922,35,4.9888,1.0,leg_raise_lower,UNKNOWN,UNKNOWN,0.2167,0,60.727
989,31.7922,66,3.5255,0.9845,WARMING_UP,WARMING_UP,WARMING_UP,0.0,0,60.727
990,31.8095,35,4.9905,1.0,leg_raise_lower,UNKNOWN,UNKNOWN,0.2133,1,61.107
990,31.8095,66,3.5428,0.9845,WARMING_UP,WARMING_UP,WARMING_UP,0.0,0,61.107
991,31.8626,35,4.9903,1.0,leg_raise_lower,UNKNOWN,UNKNOWN,0.2133,0,56.919
991,31.8626,66,3.5958,0.9846,WARMING_UP,WARMING_UP,WARMING_UP,0.0,0,56.919
992,31.8768,35,4.9376,1.0,leg_raise_lower,UNKNOWN,UNKNOWN,0.2133,0,57.65
992,31.8768,66,3.6101,0.9847,WARMING_UP,WARMING_UP,WARMING_UP,0.0,0,57.65
993,31.8924,35,4.9531,1.0,leg_raise_lower,UNKNOWN,UNKNOWN,0.2133,0,59.014
993,31.8924,66,3.6256,0.9848,WARMING_UP,WARMING_UP,WARMING_UP,0.0,0,59.014
994,31.9074,35,4.9681,1.0,leg_raise_lower,UNKNOWN,UNKNOWN,0.2133,0,59.921
994,31.9074,66,3.6406,0.9848,WARMING_UP,WARMING_UP,WARMING_UP,0.0,0,59.921
995,31.9215,35,4.9822,1.0,leg_raise_lower,UNKNOWN,UNKNOWN,0.2133,0,60.715
995,31.9215,66,3.6548,0.9849,WARMING_UP,WARMING_UP,WARMING_UP,0.0,0,60.715
996,31.9359,35,4.9966,1.0,leg_raise_lower,UNKNOWN,UNKNOWN,0.2133,0,59.381
996,31.9359,66,3.6691,0.985,WARMING_UP,WARMING_UP,WARMING_UP,0.0,0,59.381
997,31.9572,35,4.9844,1.0,leg_raise_lower,UNKNOWN,UNKNOWN,0.2133,0,60.318
997,31.9572,66,3.6905,0.9851,WARMING_UP,WARMING_UP,WARMING_UP,0.0,0,60.318
998,31.9722,35,4.9994,1.0,leg_raise_lower,UNKNOWN,UNKNOWN,0.2133,0,60.808
998,31.9722,66,3.7055,0.9851,WARMING_UP,WARMING_UP,WARMING_UP,0.0,0,60.808
999,31.9884,35,4.9851,1.0,leg_raise_lower,UNKNOWN,UNKNOWN,0.2133,0,60.998
999,31.9884,66,3.7216,0.9852,WARMING_UP,WARMING_UP,WARMING_UP,0.0,0,60.998
1000,32.003,35,4.9998,1.0,leg_raise_lower,UNKNOWN,UNKNOWN,0.2133,0,61.375
1000,32.003,66,3.7363,0.9853,WARMING_UP,WARMING_UP,WARMING_UP,0.0,0,61.375
1001,32.0181,35,4.9849,1.0,leg_raise_lower,UNKNOWN,UNKNOWN,0.2133,0,62.944
1001,32.0181,66,3.7514,0.9854,WARMING_UP,WARMING_UP,WARMING_UP,0.0,0,62.944
1002,32.0312,35,4.998,1.0,leg_raise_lower,UNKNOWN,UNKNOWN,0.2133,0,63.303
1003,32.046,35,4.9867,1.0,leg_raise_lower,UNKNOWN,UNKNOWN,0.2133,0,63.682
1003,32.046,66,3.7793,0.9807,WARMING_UP,WARMING_UP,WARMING_UP,0.0,0,63.682
1004,32.0613,35,4.9861,1.0,leg_raise_lower,UNKNOWN,UNKNOWN,0.2133,1,64.32
1004,32.0613,66,3.7945,0.9808,WARMING_UP,WARMING_UP,WARMING_UP,0.0,0,64.32
1005,32.1139,35,4.9809,1.0,leg_raise_lower,UNKNOWN,UNKNOWN,0.2133,0,59.57
1005,32.1139,66,3.8472,0.9809,WARMING_UP,WARMING_UP,WARMING_UP,0.0,0,59.57
1006,32.135,35,4.9359,1.0,leg_raise_lower,UNKNOWN,UNKNOWN,0.2133,0,60.087
1006,32.135,66,3.8683,0.981,WARMING_UP,WARMING_UP,WARMING_UP,0.0,0,60.087
1007,32.1508,35,4.9517,1.0,leg_raise_lower,UNKNOWN,UNKNOWN,0.2133,0,60.858
1008,32.165,35,4.9659,1.0,leg_raise_lower,UNKNOWN,UNKNOWN,0.2133,0,61.735
1008,32.165,66,3.8983,0.9764,WARMING_UP,WARMING_UP,WARMING_UP,0.0,0,61.735
1009,32.1798,35,4.9807,1.0,leg_raise_lower,UNKNOWN,UNKNOWN,0.2133,0,62.389
1009,32.1798,66,3.9131,0.9765,WARMING_UP,WARMING_UP,WARMING_UP,0.0,0,62.389
1010,32.1941,35,4.995,1.0,leg_raise_lower,UNKNOWN,UNKNOWN,0.2133,0,62.226
1011,32.2104,35,4.9965,1.0,leg_raise_lower,UNKNOWN,UNKNOWN,0.2133,0,63.341
1012,32.2242,35,4.9978,1.0,leg_raise_lower,UNKNOWN,UNKNOWN,0.2133,0,62.453
1012,32.2242,66,3.9575,0.9676,WARMING_UP,WARMING_UP,WARMING_UP,0.0,0,62.453
1013,32.2426,35,4.9782,1.0,leg_raise_lower,UNKNOWN,UNKNOWN,0.2133,0,62.684
1013,32.2426,66,3.9759,0.9677,WARMING_UP,WARMING_UP,WARMING_UP,0.0,0,62.684
1014,32.258,35,4.9936,1.0,leg_raise_lower,UNKNOWN,UNKNOWN,0.2133,0,63.263
1014,32.258,66,3.9913,0.9679,WARMING_UP,WARMING_UP,WARMING_UP,0.0,0,63.263
1015,32.2728,35,4.9941,1.0,leg_raise_lower,UNKNOWN,UNKNOWN,0.2133,0,63.105
1015,32.2728,66,4.0061,0.968,sit_stand,UNKNOWN,UNKNOWN,0.22,1,63.105
1016,32.3352,35,4.9899,1.0,leg_raise_lower,UNKNOWN,UNKNOWN,0.2233,1,58.457
1017,32.3865,35,4.9914,1.0,leg_raise_lower,UNKNOWN,UNKNOWN,0.2233,0,54.478
1018,32.4024,35,4.9564,1.0,leg_raise_lower,UNKNOWN,UNKNOWN,0.2233,0,56.441
1019,32.4162,35,4.9702,1.0,leg_raise_lower,UNKNOWN,UNKNOWN,0.2233,0,57.96
1020,32.43,35,4.984,1.0,leg_raise_lower,UNKNOWN,UNKNOWN,0.2233,0,58.809
1021,32.445,35,4.9989,1.0,leg_raise_lower,UNKNOWN,UNKNOWN,0.2233,0,60.291
1022,32.4585,35,4.9922,1.0,leg_raise_lower,UNKNOWN,UNKNOWN,0.2233,0,61.037
1023,32.4732,35,4.9928,1.0,leg_raise_lower,UNKNOWN,UNKNOWN,0.2233,0,59.988
1024,32.4931,35,4.9982,1.0,leg_raise_lower,UNKNOWN,UNKNOWN,0.2233,0,60.153
1025,32.5092,35,4.9856,1.0,leg_raise_lower,UNKNOWN,UNKNOWN,0.2233,0,61.285
1026,32.5234,35,4.9998,1.0,leg_raise_lower,UNKNOWN,UNKNOWN,0.2233,0,60.664
1027,32.5415,35,4.9968,1.0,leg_raise_lower,UNKNOWN,UNKNOWN,0.2233,0,59.985
1028,32.56,35,4.9933,1.0,leg_raise_lower,UNKNOWN,UNKNOWN,0.2233,0,59.025
1029,32.5799,35,4.9935,1.0,leg_raise_lower,UNKNOWN,UNKNOWN,0.2233,0,60.118
1030,32.5941,35,4.9928,1.0,wave,UNKNOWN,UNKNOWN,0.2167,1,60.431
1031,32.6475,35,4.9967,1.0,wave,UNKNOWN,UNKNOWN,0.2167,0,56.301
1032,32.6624,35,4.9593,1.0,wave,UNKNOWN,UNKNOWN,0.2167,0,56.183
1033,32.6804,35,4.9773,1.0,wave,UNKNOWN,UNKNOWN,0.2167,0,57.621
1034,32.6944,35,4.9913,1.0,wave,UNKNOWN,UNKNOWN,0.2167,0,57.969
1035,32.7109,35,4.9916,1.0,wave,UNKNOWN,UNKNOWN,0.2167,0,57.115
1036,32.731,35,4.9936,1.0,wave,UNKNOWN,UNKNOWN,0.2167,0,57.698
1037,32.747,35,4.9934,1.0,wave,UNKNOWN,UNKNOWN,0.2167,0,58.816
1038,32.7617,35,4.9938,1.0,wave,UNKNOWN,UNKNOWN,0.2167,0,59.873
1039,32.7789,35,4.9981,1.0,wave,UNKNOWN,UNKNOWN,0.2167,0,59.752
1040,32.7929,35,4.999,1.0,wave,UNKNOWN,UNKNOWN,0.2167,0,59.652
1041,32.81,35,4.9857,1.0,wave,UNKNOWN,UNKNOWN,0.2167,0,60.431
1041,32.81,78,0.0,1.0,WARMING_UP,WARMING_UP,WARMING_UP,0.0,0,60.431
1042,32.8249,35,4.9862,1.0,wave,UNKNOWN,UNKNOWN,0.2167,0,61.704
1042,32.8249,78,0.0149,1.0,WARMING_UP,WARMING_UP,WARMING_UP,0.0,0,61.704
1043,32.8387,35,4.9999,1.0,wave,UNKNOWN,UNKNOWN,0.2167,0,62.823
1044,32.8521,35,4.9967,1.0,wave,UNKNOWN,UNKNOWN,0.24,1,64.429
1044,32.8521,78,0.0421,0.75,WARMING_UP,WARMING_UP,WARMING_UP,0.0,0,64.429
1045,32.9013,35,4.9896,1.0,wave,UNKNOWN,UNKNOWN,0.24,0,59.938
1046,32.9161,35,4.9522,1.0,wave,UNKNOWN,UNKNOWN,0.24,0,59.08
1047,32.9358,35,4.9718,1.0,wave,UNKNOWN,UNKNOWN,0.24,0,59.959
1048,32.9503,35,4.9863,1.0,wave,UNKNOWN,UNKNOWN,0.24,0,60.955
1049,32.965,35,4.9868,1.0,wave,UNKNOWN,UNKNOWN,0.24,0,61.101
1050,32.9806,35,4.9874,1.0,wave,UNKNOWN,UNKNOWN,0.24,0,62.271
1051,32.9949,35,4.9869,1.0,wave,UNKNOWN,UNKNOWN,0.24,0,60.617
1052,33.0169,35,4.9955,1.0,wave,UNKNOWN,UNKNOWN,0.24,0,61.469
1053,33.0306,35,4.9965,1.0,wave,UNKNOWN,UNKNOWN,0.24,0,61.668
1054,33.0464,35,4.9993,1.0,wave,UNKNOWN,UNKNOWN,0.24,0,62.661
1055,33.0604,35,4.9996,1.0,wave,UNKNOWN,UNKNOWN,0.24,0,61.52
1056,33.0801,35,4.9897,1.0,wave,UNKNOWN,UNKNOWN,0.24,0,61.745
1057,33.0956,35,4.9924,1.0,wave,UNKNOWN,UNKNOWN,0.24,0,61.795
1058,33.1116,35,4.9952,1.0,wave,UNKNOWN,UNKNOWN,0.2167,1,61.177
1059,33.1692,35,4.9844,1.0,wave,UNKNOWN,UNKNOWN,0.2167,0,56.935
1060,33.1835,35,4.9987,1.0,wave,UNKNOWN,UNKNOWN,0.2167,0,58.47
1061,33.1968,35,4.9614,1.0,wave,UNKNOWN,UNKNOWN,0.2167,0,60.032
1061,33.1968,78,0.3867,0.1905,WARMING_UP,WARMING_UP,WARMING_UP,0.0,0,60.032
1062,33.2104,35,4.975,1.0,wave,UNKNOWN,UNKNOWN,0.2167,0,60.554
1063,33.2256,35,4.9902,1.0,wave,UNKNOWN,UNKNOWN,0.2167,0,61.613
1064,33.2396,35,4.9873,1.0,wave,UNKNOWN,UNKNOWN,0.2167,0,60.811
1065,33.2584,35,4.9917,1.0,wave,UNKNOWN,UNKNOWN,0.2167,0,61.414
1065,33.2584,78,0.4484,0.2,WARMING_UP,WARMING_UP,WARMING_UP,0.0,0,61.414
1066,33.2739,35,4.9933,1.0,wave,UNKNOWN,UNKNOWN,0.2167,0,59.635
1067,33.2963,35,4.9872,1.0,wave,UNKNOWN,UNKNOWN,0.2167,0,61.463
1068,33.309,35,4.9999,1.0,wave,UNKNOWN,UNKNOWN,0.2167,0,62.662
1069,33.3227,35,4.9975,1.0,wave,UNKNOWN,UNKNOWN,0.2167,0,63.581
1070,33.3365,35,4.9964,1.0,wave,UNKNOWN,UNKNOWN,0.2167,0,64.611
1071,33.35,35,4.9864,1.0,wave,UNKNOWN,UNKNOWN,0.2167,0,64.691
1072,33.3665,35,4.9901,1.0,wave,UNKNOWN,UNKNOWN,0.2233,1,65.441
1073,33.4195,35,4.9983,1.0,wave,UNKNOWN,UNKNOWN,0.2233,0,60.716
1074,33.4343,35,4.998,1.0,wave,UNKNOWN,UNKNOWN,0.2233,0,62.387
1075,33.4472,35,4.9599,1.0,wave,UNKNOWN,UNKNOWN,0.2233,0,63.816
1076,33.46,35,4.9727,1.0,wave,UNKNOWN,UNKNOWN,0.2233,0,64.801
1077,33.4741,35,4.9868,1.0,wave,UNKNOWN,UNKNOWN,0.2233,0,65.121
1078,33.4884,35,4.985,1.0,wave,UNKNOWN,UNKNOWN,0.2233,0,64.512
1079,33.5055,35,4.9825,1.0,wave,UNKNOWN,UNKNOWN,0.2233,0,64.768
1080,33.5203,35,4.9973,1.0,wave,UNKNOWN,UNKNOWN,0.2233,0,65.173
1081,33.5347,35,4.9949,1.0,wave,UNKNOWN,UNKNOWN,0.2233,0,66.7
1082,33.5475,35,4.992,1.0,wave,UNKNOWN,UNKNOWN,0.2233,0,67.564
1083,33.5608,35,4.9886,1.0,wave,UNKNOWN,UNKNOWN,0.2233,0,67.729
1084,33.5749,35,4.9869,1.0,wave,UNKNOWN,UNKNOWN,0.2233,0,68.149
1085,33.5891,35,4.9856,1.0,wave,UNKNOWN,UNKNOWN,0.2233,0,67.327
1086,33.6057,35,4.9891,1.0,wave,UNKNOWN,UNKNOWN,0.2233,0,67.306
1087,33.6205,35,4.9836,1.0,leg_raise_lower,UNKNOWN,UNKNOWN,0.22,1,67.146
1088,33.672,35,4.9807,1.0,leg_raise_lower,UNKNOWN,UNKNOWN,0.22,0,62.383
1089,33.6869,35,4.9955,1.0,leg_raise_lower,UNKNOWN,UNKNOWN,0.22,0,63.053
1090,33.7014,35,4.9558,1.0,leg_raise_lower,UNKNOWN,UNKNOWN,0.22,0,64.798
1091,33.7141,35,4.9685,1.0,leg_raise_lower,UNKNOWN,UNKNOWN,0.22,0,65.918
1092,33.727,35,4.9814,1.0,leg_raise_lower,UNKNOWN,UNKNOWN,0.22,0,66.278
1093,33.7414,35,4.9958,1.0,leg_raise_lower,UNKNOWN,UNKNOWN,0.22,0,66.851
1094,33.7552,35,4.9891,1.0,leg_raise_lower,UNKNOWN,UNKNOWN,0.22,0,66.903
1095,33.7701,35,4.9905,1.0,leg_raise_lower,UNKNOWN,UNKNOWN,0.22,0,66.409
1096,33.7862,35,4.9912,1.0,leg_raise_lower,UNKNOWN,UNKNOWN,0.22,0,66.386
1097,33.8014,35,4.9902,1.0,leg_raise_lower,UNKNOWN,UNKNOWN,0.22,0,64.526
1098,33.8223,35,4.9966,1.0,leg_raise_lower,UNKNOWN,UNKNOWN,0.22,0,64.867
1099,33.837,35,4.9971,1.0,leg_raise_lower,UNKNOWN,UNKNOWN,0.22,0,65.073
1100,33.852,35,4.9984,1.0,leg_raise_lower,UNKNOWN,UNKNOWN,0.22,0,64.953
1101,33.8676,35,4.9879,1.0,leg_raise_lower,UNKNOWN,UNKNOWN,0.22,0,64.172
1102,33.8851,35,4.9916,1.0,wave,UNKNOWN,UNKNOWN,0.2167,1,64.06
1103,33.945,35,4.9907,1.0,wave,UNKNOWN,UNKNOWN,0.2167,0,59.376
1104,33.9591,35,4.9537,1.0,wave,UNKNOWN,UNKNOWN,0.2167,0,58.488
1105,33.9789,35,4.9735,1.0,wave,UNKNOWN,UNKNOWN,0.2167,0,59.371
1106,33.9938,35,4.9885,1.0,wave,UNKNOWN,UNKNOWN,0.2167,0,59.754
1107,34.0096,35,4.9894,1.0,wave,UNKNOWN,UNKNOWN,0.2167,0,61.07
1108,34.0235,35,4.9898,1.0,wave,UNKNOWN,UNKNOWN,0.2167,0,62.397
1109,34.0366,35,4.9894,1.0,wave,UNKNOWN,UNKNOWN,0.2167,0,63.553
1110,34.0501,35,4.9876,1.0,wave,UNKNOWN,UNKNOWN,0.2167,0,64.157
1111,34.065,35,4.9886,1.0,wave,UNKNOWN,UNKNOWN,0.2167,0,64.725
1112,34.0788,35,4.9857,1.0,wave,UNKNOWN,UNKNOWN,0.2167,0,65.203
1113,34.093,35,4.9999,1.0,wave,UNKNOWN,UNKNOWN,0.2167,0,63.634
1114,34.1137,35,4.9919,1.0,wave,UNKNOWN,UNKNOWN,0.2167,0,64.473
1115,34.1274,35,4.9913,1.0,wave,UNKNOWN,UNKNOWN,0.2167,0,65.153
1116,34.1413,35,4.9883,1.0,wave,UNKNOWN,UNKNOWN,0.22,1,64.31
1117,34.1961,35,4.9955,1.0,wave,UNKNOWN,UNKNOWN,0.22,0,59.793
1118,34.2114,35,4.9973,1.0,wave,UNKNOWN,UNKNOWN,0.22,0,60.778
1119,34.2259,35,4.9609,1.0,wave,UNKNOWN,UNKNOWN,0.22,0,61.411
1120,34.2408,35,4.9758,1.0,wave,UNKNOWN,UNKNOWN,0.22,0,62.485
1121,34.2545,35,4.9895,1.0,wave,UNKNOWN,UNKNOWN,0.22,0,63.618
1122,34.2682,35,4.9875,1.0,wave,UNKNOWN,UNKNOWN,0.22,0,63.166
1123,34.2849,35,4.9827,1.0,wave,UNKNOWN,UNKNOWN,0.22,0,61.452
1124,34.3067,35,4.9902,1.0,wave,UNKNOWN,UNKNOWN,0.22,0,60.924
1125,34.3244,35,4.9795,1.0,wave,UNKNOWN,UNKNOWN,0.22,0,61.435
1126,34.3395,35,4.9945,1.0,wave,UNKNOWN,UNKNOWN,0.22,0,61.549
1127,34.3555,35,4.9959,1.0,wave,UNKNOWN,UNKNOWN,0.22,0,61.547
1128,34.3716,35,4.997,1.0,wave,UNKNOWN,UNKNOWN,0.22,0,62.703
1129,34.3857,35,4.9979,1.0,wave,UNKNOWN,UNKNOWN,0.22,0,63.917
1130,34.399,35,4.9963,1.0,wave,UNKNOWN,UNKNOWN,0.2067,1,62.018
1131,34.4602,35,4.982,1.0,wave,UNKNOWN,UNKNOWN,0.2067,0,57.692
1132,34.4746,35,4.9965,1.0,wave,UNKNOWN,UNKNOWN,0.2067,0,59.614
1133,34.4876,35,4.9496,1.0,wave,UNKNOWN,UNKNOWN,0.2067,0,58.905
1134,34.5064,35,4.9684,1.0,wave,UNKNOWN,UNKNOWN,0.2067,0,58.806
1135,34.5236,35,4.9856,1.0,wave,UNKNOWN,UNKNOWN,0.2067,0,57.611
1136,34.5453,35,4.9902,1.0,wave,UNKNOWN,UNKNOWN,0.2067,0,56.823
1137,34.5651,35,4.9937,1.0,wave,UNKNOWN,UNKNOWN,0.2067,0,59.207
1138,34.5775,35,4.9906,1.0,wave,UNKNOWN,UNKNOWN,0.2067,0,60.566
1139,34.5909,35,4.9879,1.0,wave,UNKNOWN,UNKNOWN,0.2067,0,61.706
1140,34.6052,35,4.9863,1.0,wave,UNKNOWN,UNKNOWN,0.2067,0,62.375
1141,34.62,35,4.9869,1.0,wave,UNKNOWN,UNKNOWN,0.2067,0,63.523
1142,34.6336,35,4.9873,1.0,wave,UNKNOWN,UNKNOWN,0.2067,0,64.185
1143,34.6479,35,4.9869,1.0,wave,UNKNOWN,UNKNOWN,0.2067,0,63.727
1144,34.6645,35,4.9875,1.0,wave,UNKNOWN,UNKNOWN,0.2133,1,64.885
1145,34.7202,35,4.9991,1.0,wave,UNKNOWN,UNKNOWN,0.2133,0,60.104
1146,34.7362,35,4.9448,1.0,wave,UNKNOWN,UNKNOWN,0.2133,0,61.383
1147,34.7499,35,4.9585,1.0,wave,UNKNOWN,UNKNOWN,0.2133,0,62.193
1148,34.7645,35,4.9732,1.0,wave,UNKNOWN,UNKNOWN,0.2133,0,63.287
1149,34.7782,35,4.9868,1.0,wave,UNKNOWN,UNKNOWN,0.2133,0,64.444
1150,34.791,35,4.9996,1.0,wave,UNKNOWN,UNKNOWN,0.2133,0,65.549
1151,34.8045,35,4.9912,1.0,wave,UNKNOWN,UNKNOWN,0.2133,0,65.609
1152,34.8198,35,4.993,1.0,wave,UNKNOWN,UNKNOWN,0.2133,0,63.754
1153,34.8413,35,4.9846,1.0,wave,UNKNOWN,UNKNOWN,0.2133,0,63.86
1154,34.8566,35,5.0,1.0,wave,UNKNOWN,UNKNOWN,0.2133,0,64.31
1155,34.8707,35,4.9964,1.0,wave,UNKNOWN,UNKNOWN,0.2133,0,64.731
1155,34.8707,83,0.0,1.0,WARMING_UP,WARMING_UP,WARMING_UP,0.0,0,64.731
1156,34.8857,35,4.9946,1.0,wave,UNKNOWN,UNKNOWN,0.2133,0,64.452
1156,34.8857,83,0.015,1.0,WARMING_UP,WARMING_UP,WARMING_UP,0.0,0,64.452
1157,34.9018,35,4.9944,1.0,wave,UNKNOWN,UNKNOWN,0.2133,0,64.433
1157,34.9018,83,0.031,1.0,WARMING_UP,WARMING_UP,WARMING_UP,0.0,0,64.433
1158,34.9174,35,4.9953,1.0,sit_stand,UNKNOWN,UNKNOWN,0.2133,1,64.389
1158,34.9174,83,0.0467,1.0,WARMING_UP,WARMING_UP,WARMING_UP,0.0,0,64.389
1159,34.9708,35,4.9998,1.0,sit_stand,UNKNOWN,UNKNOWN,0.2133,0,59.66
1160,34.9911,35,4.9932,1.0,sit_stand,UNKNOWN,UNKNOWN,0.2133,0,61.16
1161,35.0047,35,4.9519,1.0,sit_stand,UNKNOWN,UNKNOWN,0.2133,0,61.21
1162,35.021,35,4.9683,1.0,sit_stand,UNKNOWN,UNKNOWN,0.2133,0,61.653
1162,35.021,83,0.1503,0.625,WARMING_UP,WARMING_UP,WARMING_UP,0.0,0,61.653
1163,35.0364,35,4.9837,1.0,sit_stand,UNKNOWN,UNKNOWN,0.2133,0,61.904
1164,35.0519,35,4.9992,1.0,sit_stand,UNKNOWN,UNKNOWN,0.2133,0,62.074
1165,35.0678,35,4.9979,1.0,sit_stand,UNKNOWN,UNKNOWN,0.2133,0,60.624
1166,35.0888,35,4.99,1.0,sit_stand,UNKNOWN,UNKNOWN,0.2133,0,61.235
1167,35.1037,35,4.9883,1.0,sit_stand,UNKNOWN,UNKNOWN,0.2133,0,61.752
1168,35.1186,35,4.9882,1.0,sit_stand,UNKNOWN,UNKNOWN,0.2133,0,62.301
1169,35.1335,35,4.9825,1.0,sit_stand,UNKNOWN,UNKNOWN,0.2133,0,63.412
1170,35.147,35,4.996,1.0,sit_stand,UNKNOWN,UNKNOWN,0.2133,0,61.876
1171,35.1682,35,4.9955,1.0,wave,UNKNOWN,UNKNOWN,0.2133,1,62.438
1172,35.2297,35,4.9975,1.0,wave,UNKNOWN,UNKNOWN,0.2133,0,57.8
1173,35.2456,35,4.9913,1.0,wave,UNKNOWN,UNKNOWN,0.2133,0,58.299
1174,35.2612,35,4.9535,1.0,wave,UNKNOWN,UNKNOWN,0.2133,0,59.389
1175,35.2754,35,4.9678,1.0,wave,UNKNOWN,UNKNOWN,0.2133,0,61.579
1176,35.2873,35,4.9797,1.0,wave,UNKNOWN,UNKNOWN,0.2133,0,62.372
1177,35.3021,35,4.9945,1.0,wave,UNKNOWN,UNKNOWN,0.2133,0,62.761
1178,35.3173,35,4.9912,1.0,wave,UNKNOWN,UNKNOWN,0.2133,0,63.22
1179,35.332,35,4.9912,1.0,wave,UNKNOWN,UNKNOWN,0.2133,0,64.655
1180,35.345,35,4.989,1.0,wave,UNKNOWN,UNKNOWN,0.2133,0,64.562
1181,35.3609,35,4.9893,1.0,wave,UNKNOWN,UNKNOWN,0.2133,0,65.261
1182,35.3746,35,4.9864,1.0,wave,UNKNOWN,UNKNOWN,0.2133,0,63.964
1183,35.3942,35,4.993,1.0,wave,UNKNOWN,UNKNOWN,0.2133,0,63.956
1184,35.4092,35,4.995,1.0,wave,UNKNOWN,UNKNOWN,0.2133,0,64.249
1185,35.4245,35,4.9955,1.0,leg_raise_lower,UNKNOWN,UNKNOWN,0.2167,1,63.926
1186,35.4786,35,4.998,1.0,leg_raise_lower,UNKNOWN,UNKNOWN,0.2167,0,59.486
1187,35.492,35,4.998,1.0,leg_raise_lower,UNKNOWN,UNKNOWN,0.2167,0,58.325
1188,35.513,35,4.9533,1.0,leg_raise_lower,UNKNOWN,UNKNOWN,0.2167,0,58.982
1189,35.5283,35,4.9687,1.0,leg_raise_lower,UNKNOWN,UNKNOWN,0.2167,0,57.748
1190,35.5498,35,4.9901,1.0,leg_raise_lower,UNKNOWN,UNKNOWN,0.2167,0,59.1
1191,35.5637,35,4.9887,1.0,leg_raise_lower,UNKNOWN,UNKNOWN,0.2167,0,59.769
1192,35.579,35,4.9801,1.0,leg_raise_lower,UNKNOWN,UNKNOWN,0.2167,0,60.309
1193,35.5944,35,4.9956,1.0,leg_raise_lower,UNKNOWN,UNKNOWN,0.2167,0,61.237
1194,35.6083,35,4.9939,1.0,leg_raise_lower,UNKNOWN,UNKNOWN,0.2167,0,62.398
1195,35.6223,35,4.9945,1.0,leg_raise_lower,UNKNOWN,UNKNOWN,0.2167,0,61.698
1196,35.6404,35,4.9981,1.0,leg_raise_lower,UNKNOWN,UNKNOWN,0.2167,0,62.366
1197,35.6552,35,4.9966,1.0,leg_raise_lower,UNKNOWN,UNKNOWN,0.2167,0,62.535
1198,35.6706,35,4.9959,1.0,leg_raise_lower,UNKNOWN,UNKNOWN,0.2167,0,63.652
1199,35.6843,35,4.9917,1.0,leg_raise_lower,UNKNOWN,UNKNOWN,0.2233,1,64.236
1200,35.7351,35,4.9949,1.0,leg_raise_lower,UNKNOWN,UNKNOWN,0.2233,0,59.785
1201,35.7493,35,4.9948,1.0,leg_raise_lower,UNKNOWN,UNKNOWN,0.2233,0,61.105
1202,35.7631,35,4.9958,1.0,leg_raise_lower,UNKNOWN,UNKNOWN,0.2233,0,61.357
1203,35.7788,35,4.9613,1.0,leg_raise_lower,UNKNOWN,UNKNOWN,0.2233,0,62.353
1204,35.7932,35,4.9757,1.0,leg_raise_lower,UNKNOWN,UNKNOWN,0.2233,0,63.436
1205,35.8064,35,4.9889,1.0,leg_raise_lower,UNKNOWN,UNKNOWN,0.2233,0,64.801
1206,35.8192,35,4.9859,1.0,leg_raise_lower,UNKNOWN,UNKNOWN,0.2233,0,65.634
1207,35.833,35,4.9996,1.0,leg_raise_lower,UNKNOWN,UNKNOWN,0.2233,0,65.813
1208,35.8479,35,4.9872,1.0,leg_raise_lower,UNKNOWN,UNKNOWN,0.2233,0,65.353
1209,35.8642,35,4.9902,1.0,leg_raise_lower,UNKNOWN,UNKNOWN,0.2233,0,65.353
1210,35.8796,35,4.9923,1.0,leg_raise_lower,UNKNOWN,UNKNOWN,0.2233,0,66.91
1211,35.8922,35,4.9879,1.0,leg_raise_lower,UNKNOWN,UNKNOWN,0.2233,0,67.311
1212,35.9059,35,4.9879,1.0,leg_raise_lower,UNKNOWN,UNKNOWN,0.2233,0,67.781
1213,35.9198,35,4.9869,1.0,leg_raise_lower,UNKNOWN,UNKNOWN,0.2233,0,68.262
1214,35.9336,35,4.9778,1.0,leg_raise_lower,UNKNOWN,UNKNOWN,0.2233,0,68.231
1215,35.9483,35,4.9925,1.0,leg_raise_lower,UNKNOWN,UNKNOWN,0.21,1,67.982
1216,36.0017,35,4.9873,1.0,leg_raise_lower,UNKNOWN,UNKNOWN,0.21,0,63.037
1217,36.0174,35,4.9807,1.0,leg_raise_lower,UNKNOWN,UNKNOWN,0.21,0,64.083
1218,36.031,35,4.9942,1.0,leg_raise_lower,UNKNOWN,UNKNOWN,0.21,0,64.795
1219,36.0453,35,4.958,1.0,leg_raise_lower,UNKNOWN,UNKNOWN,0.21,0,65.953
1220,36.0584,35,4.9711,1.0,leg_raise_lower,UNKNOWN,UNKNOWN,0.21,0,66.616
1221,36.072,35,4.9846,1.0,leg_raise_lower,UNKNOWN,UNKNOWN,0.21,0,67.294
1222,36.0857,35,4.9983,1.0,leg_raise_lower,UNKNOWN,UNKNOWN,0.21,0,67.743
1223,36.0996,35,4.9956,1.0,leg_raise_lower,UNKNOWN,UNKNOWN,0.21,0,66.343
1224,36.1181,35,4.9849,1.0,leg_raise_lower,UNKNOWN,UNKNOWN,0.21,0,66.67
1225,36.1325,35,4.9993,1.0,leg_raise_lower,UNKNOWN,UNKNOWN,0.21,0,67.065
1226,36.1466,35,4.9982,1.0,leg_raise_lower,UNKNOWN,UNKNOWN,0.21,0,68.095
1227,36.1597,35,4.9966,1.0,leg_raise_lower,UNKNOWN,UNKNOWN,0.21,0,65.898
1228,36.1814,35,4.9889,1.0,leg_raise_lower,UNKNOWN,UNKNOWN,0.21,0,65.188
1229,36.1983,35,4.9916,1.0,leg_raise_lower,UNKNOWN,UNKNOWN,0.21,0,65.496
1230,36.2129,35,4.9835,1.0,wave,UNKNOWN,UNKNOWN,0.21,1,66.746
1231,36.2641,35,4.9901,1.0,wave,UNKNOWN,UNKNOWN,0.21,0,61.918
1232,36.28,35,4.9913,1.0,wave,UNKNOWN,UNKNOWN,0.21,0,62.579
1233,36.2946,35,4.9557,1.0,wave,UNKNOWN,UNKNOWN,0.21,0,61.51
1234,36.3139,35,4.9749,1.0,wave,UNKNOWN,UNKNOWN,0.21,0,62.001
1235,36.329,35,4.99,1.0,wave,UNKNOWN,UNKNOWN,0.21,0,63.733
1236,36.3418,35,4.9873,1.0,wave,UNKNOWN,UNKNOWN,0.21,0,64.35
1237,36.356,35,4.983,1.0,wave,UNKNOWN,UNKNOWN,0.21,0,65.448
1238,36.369,35,4.9959,1.0,wave,UNKNOWN,UNKNOWN,0.21,0,66.106
1239,36.3829,35,4.9933,1.0,wave,UNKNOWN,UNKNOWN,0.21,0,65.743
1240,36.399,35,4.9941,1.0,wave,UNKNOWN,UNKNOWN,0.21,0,64.662
1241,36.4172,35,4.9977,1.0,wave,UNKNOWN,UNKNOWN,0.21,0,65.002
1242,36.432,35,4.9997,1.0,wave,UNKNOWN,UNKNOWN,0.21,0,64.994
1243,36.4473,35,4.9877,1.0,wave,UNKNOWN,UNKNOWN,0.21,0,64.987
1244,36.4631,35,4.989,1.0,leg_raise_lower,UNKNOWN,UNKNOWN,0.2133,1,63.995
1245,36.5186,35,4.9925,1.0,leg_raise_lower,UNKNOWN,UNKNOWN,0.2133,0,59.365
1246,36.5374,35,4.9926,1.0,leg_raise_lower,UNKNOWN,UNKNOWN,0.2133,0,60.5
1247,36.5516,35,4.9537,1.0,leg_raise_lower,UNKNOWN,UNKNOWN,0.2133,0,61.423
1248,36.5657,35,4.9679,1.0,leg_raise_lower,UNKNOWN,UNKNOWN,0.2133,0,61.248
1250,36.5958,35,4.998,0.9964,leg_raise_lower,UNKNOWN,UNKNOWN,0.2133,0,64.137
1251,36.6094,35,4.9964,0.9964,leg_raise_lower,UNKNOWN,UNKNOWN,0.2133,0,65.3
1252,36.6221,35,4.9955,0.9964,leg_raise_lower,UNKNOWN,UNKNOWN,0.2133,0,65.768
1253,36.6363,35,4.9916,0.9964,leg_raise_lower,UNKNOWN,UNKNOWN,0.2133,0,65.621
1254,36.6519,35,4.992,0.9964,leg_raise_lower,UNKNOWN,UNKNOWN,0.2133,0,66.385
1255,36.6655,35,4.9919,0.9964,leg_raise_lower,UNKNOWN,UNKNOWN,0.2133,0,66.855
1256,36.6797,35,4.9848,0.9964,leg_raise_lower,UNKNOWN,UNKNOWN,0.2133,0,65.895
1257,36.6971,35,4.9852,0.9964,leg_raise_lower,UNKNOWN,UNKNOWN,0.2133,0,65.935
1258,36.7122,35,4.9845,0.9964,leg_raise_lower,UNKNOWN,UNKNOWN,0.2133,0,65.991
1259,36.7274,35,4.9997,0.9964,leg_raise_lower,UNKNOWN,UNKNOWN,0.2333,1,67.015
1260,36.7781,35,4.9858,0.9963,leg_raise_lower,UNKNOWN,UNKNOWN,0.2333,0,62.209
1261,36.7933,35,4.9838,0.9963,leg_raise_lower,UNKNOWN,UNKNOWN,0.2333,0,63.817
1262,36.8058,35,4.9963,0.9963,leg_raise_lower,UNKNOWN,UNKNOWN,0.2333,0,65.384
1263,36.8184,35,4.9559,0.9963,leg_raise_lower,UNKNOWN,UNKNOWN,0.2333,0,65.316
1264,36.834,35,4.9714,0.9964,leg_raise_lower,UNKNOWN,UNKNOWN,0.2333,0,65.97
1265,36.8479,35,4.9853,0.9964,leg_raise_lower,UNKNOWN,UNKNOWN,0.2333,0,66.049
1266,36.8626,35,4.9858,0.9964,leg_raise_lower,UNKNOWN,UNKNOWN,0.2333,0,64.393
1267,36.8831,35,4.9908,0.9964,leg_raise_lower,UNKNOWN,UNKNOWN,0.2333,0,65.396
1268,36.8964,35,4.989,0.9964,leg_raise_lower,UNKNOWN,UNKNOWN,0.2333,0,65.262
1269,36.9121,35,4.9906,0.9964,leg_raise_lower,UNKNOWN,UNKNOWN,0.2333,0,65.11
1270,36.9277,35,4.9919,0.9964,leg_raise_lower,UNKNOWN,UNKNOWN,0.2333,0,65.604
1271,36.9421,35,4.9849,0.9964,leg_raise_lower,UNKNOWN,UNKNOWN,0.2333,0,66.114
1272,36.9564,35,4.9992,0.9964,leg_raise_lower,UNKNOWN,UNKNOWN,0.2333,0,66.853
1273,36.9702,35,4.998,0.9964,leg_raise_lower,UNKNOWN,UNKNOWN,0.2333,0,67.029
1274,36.9843,35,4.9959,0.9964,leg_raise_lower,UNKNOWN,UNKNOWN,0.23,1,67.91
1275,37.0346,35,4.9886,0.9963,leg_raise_lower,UNKNOWN,UNKNOWN,0.23,0,63.04
1276,37.0496,35,4.9884,0.9963,leg_raise_lower,UNKNOWN,UNKNOWN,0.23,0,63.364
1277,37.0648,35,4.9509,0.9963,leg_raise_lower,UNKNOWN,UNKNOWN,0.23,0,64.455
1278,37.0782,35,4.9644,0.9964,leg_raise_lower,UNKNOWN,UNKNOWN,0.23,0,65.523
1279,37.0914,35,4.9775,0.9964,leg_raise_lower,UNKNOWN,UNKNOWN,0.23,0,66.63
1280,37.1045,35,4.9906,0.9964,leg_raise_lower,UNKNOWN,UNKNOWN,0.23,0,67.156
1281,37.1183,35,4.9833,0.9964,leg_raise_lower,UNKNOWN,UNKNOWN,0.23,0,65.074
1282,37.1401,35,4.9893,0.9964,leg_raise_lower,UNKNOWN,UNKNOWN,0.23,0,65.438
1283,37.1546,35,4.9896,0.9964,leg_raise_lower,UNKNOWN,UNKNOWN,0.23,0,66.382
1284,37.1679,35,4.988,0.9964,leg_raise_lower,UNKNOWN,UNKNOWN,0.23,0,67.027
1285,37.1816,35,4.9875,0.9964,leg_raise_lower,UNKNOWN,UNKNOWN,0.23,0,68.036
1286,37.1946,35,4.9842,0.9964,leg_raise_lower,UNKNOWN,UNKNOWN,0.23,0,68.793
1287,37.2076,35,4.9972,0.9964,leg_raise_lower,UNKNOWN,UNKNOWN,0.23,0,68.766
1288,37.223,35,4.9987,0.9964,leg_raise_lower,UNKNOWN,UNKNOWN,0.23,0,68.656
1289,37.2371,35,4.9945,0.9964,leg_raise_lower,UNKNOWN,UNKNOWN,0.2567,1,69.199
1290,37.2895,35,4.9543,0.9964,leg_raise_lower,UNKNOWN,UNKNOWN,0.2567,0,64.142
1291,37.3045,35,4.9693,0.9964,leg_raise_lower,UNKNOWN,UNKNOWN,0.2567,0,64.38
1292,37.3196,35,4.9845,0.9964,leg_raise_lower,UNKNOWN,UNKNOWN,0.2567,0,65.039
1293,37.3338,35,4.9986,0.9964,leg_raise_lower,UNKNOWN,UNKNOWN,0.2567,0,66.264
1294,37.3463,35,4.9598,0.9964,leg_raise_lower,UNKNOWN,UNKNOWN,0.2567,0,66.973
1295,37.3602,35,4.9737,0.9964,leg_raise_lower,UNKNOWN,UNKNOWN,0.2567,0,66.977
1296,37.375,35,4.9885,0.9964,leg_raise_lower,UNKNOWN,UNKNOWN,0.2567,0,67.308
1297,37.3893,35,4.9869,0.9964,leg_raise_lower,UNKNOWN,UNKNOWN,0.2567,0,67.814
1298,37.403,35,4.9868,0.9964,leg_raise_lower,UNKNOWN,UNKNOWN,0.2567,0,68.633
1299,37.4166,35,4.9865,0.9964,leg_raise_lower,UNKNOWN,UNKNOWN,0.2567,0,68.486
1300,37.4312,35,4.9863,0.9964,leg_raise_lower,UNKNOWN,UNKNOWN,0.2567,0,68.627
1301,37.4456,35,4.9871,0.9964,leg_raise_lower,UNKNOWN,UNKNOWN,0.2567,0,66.017
1302,37.4693,35,4.9961,0.9964,leg_raise_lower,UNKNOWN,UNKNOWN,0.2567,0,66.436
1303,37.4832,35,4.9901,0.9964,leg_raise_lower,UNKNOWN,UNKNOWN,0.2567,0,67.291
1304,37.4965,35,4.9872,0.9964,leg_raise_lower,UNKNOWN,UNKNOWN,0.26,1,66.8
1305,37.5549,35,4.9949,0.9964,leg_raise_lower,UNKNOWN,UNKNOWN,0.26,0,61.81
1307,37.5832,35,4.9892,0.9928,leg_raise_lower,UNKNOWN,UNKNOWN,0.26,0,64.753
1308,37.5977,35,4.9502,0.9928,leg_raise_lower,UNKNOWN,UNKNOWN,0.26,0,64.425
1309,37.614,35,4.9665,0.9928,leg_raise_lower,UNKNOWN,UNKNOWN,0.26,0,65.162
1310,37.6279,35,4.9803,0.9929,leg_raise_lower,UNKNOWN,UNKNOWN,0.26,0,65.656
1311,37.642,35,4.9944,0.9929,leg_raise_lower,UNKNOWN,UNKNOWN,0.26,0,67.033
1312,37.6547,35,4.9924,0.9929,leg_raise_lower,UNKNOWN,UNKNOWN,0.26,0,66.603
1313,37.6705,35,4.9901,0.9929,leg_raise_lower,UNKNOWN,UNKNOWN,0.26,0,67.249
1314,37.6842,35,4.9898,0.9929,leg_raise_lower,UNKNOWN,UNKNOWN,0.26,0,68.444
1315,37.6972,35,4.9863,0.9929,leg_raise_lower,UNKNOWN,UNKNOWN,0.26,0,68.413
1316,37.7118,35,4.9808,0.9929,leg_raise_lower,UNKNOWN,UNKNOWN,0.26,0,68.531
1317,37.7259,35,4.9949,0.9929,leg_raise_lower,UNKNOWN,UNKNOWN,0.26,0,69.235
1318,37.7392,35,4.9922,0.9929,leg_raise_lower,UNKNOWN,UNKNOWN,0.26,0,69.893
1319,37.7522,35,4.9905,0.9929,leg_raise_lower,UNKNOWN,UNKNOWN,0.2833,1,70.051
1320,37.8036,35,4.9936,0.9929,leg_raise_lower,UNKNOWN,UNKNOWN,0.2833,0,64.95
1321,37.8218,35,4.9969,0.9929,leg_raise_lower,UNKNOWN,UNKNOWN,0.2833,0,63.251
1322,37.8397,35,4.9876,0.9928,leg_raise_lower,UNKNOWN,UNKNOWN,0.2833,0,64.1
1323,37.8542,35,4.9528,0.9928,leg_raise_lower,UNKNOWN,UNKNOWN,0.2833,0,63.431
1324,37.8712,35,4.9698,0.9929,leg_raise_lower,UNKNOWN,UNKNOWN,0.2833,0,64.238
1325,37.8851,35,4.9837,0.9929,leg_raise_lower,UNKNOWN,UNKNOWN,0.2833,0,65.372
1326,37.8982,35,4.9968,0.9929,leg_raise_lower,UNKNOWN,UNKNOWN,0.2833,0,66.194
1328,37.924,35,4.9882,0.9894,leg_raise_lower,UNKNOWN,UNKNOWN,0.2833,0,68.823
1330,37.9495,35,4.9992,0.9859,leg_raise_lower,UNKNOWN,UNKNOWN,0.2833,0,70.804
1331,37.9625,35,4.9975,0.9859,leg_raise_lower,UNKNOWN,UNKNOWN,0.2833,0,68.609
1332,37.9828,35,4.9878,0.9858,leg_raise_lower,UNKNOWN,UNKNOWN,0.2833,0,68.608
1333,37.9973,35,4.9804,0.9858,leg_raise_lower,UNKNOWN,UNKNOWN,0.2833,0,69.288
1334,38.0107,35,4.9938,0.9859,leg_raise_lower,UNKNOWN,UNKNOWN,0.2633,1,69.468
1335,38.0717,35,4.9917,0.9857,leg_raise_lower,UNKNOWN,UNKNOWN,0.2633,0,64.119
1336,38.0873,35,4.9917,0.9857,leg_raise_lower,UNKNOWN,UNKNOWN,0.2633,0,64.957
1337,38.1011,35,4.9895,0.9857,leg_raise_lower,UNKNOWN,UNKNOWN,0.2633,0,66.019
1338,38.1143,35,4.9451,0.9857,leg_raise_lower,UNKNOWN,UNKNOWN,0.2633,0,67.021
1339,38.1274,35,4.9582,0.9858,leg_raise_lower,UNKNOWN,UNKNOWN,0.2633,0,67.519
1340,38.1413,35,4.9722,0.9858,leg_raise_lower,UNKNOWN,UNKNOWN,0.2633,0,67.657
1341,38.156,35,4.9868,0.9859,leg_raise_lower,UNKNOWN,UNKNOWN,0.2633,0,68.273
1342,38.1698,35,4.9862,0.9859,leg_raise_lower,UNKNOWN,UNKNOWN,0.2633,0,68.05
1343,38.1847,35,4.9879,0.9859,leg_raise_lower,UNKNOWN,UNKNOWN,0.2633,0,68.535
1344,38.1983,35,4.9879,0.9859,leg_raise_lower,UNKNOWN,UNKNOWN,0.2633,0,68.711
1345,38.2125,35,4.9869,0.9859,leg_raise_lower,UNKNOWN,UNKNOWN,0.2633,0,67.729
1346,38.2297,35,4.99,0.9859,leg_raise_lower,UNKNOWN,UNKNOWN,0.2633,0,68.428
1347,38.2429,35,4.9845,0.9859,leg_raise_lower,UNKNOWN,UNKNOWN,0.2633,0,68.572
1348,38.2569,35,4.9985,0.9859,leg_raise_lower,UNKNOWN,UNKNOWN,0.2633,0,69.344
1349,38.2701,35,4.9963,0.9859,leg_raise_lower,UNKNOWN,UNKNOWN,0.26,1,69.625
1351,38.3418,35,4.9918,0.9822,leg_raise_lower,UNKNOWN,UNKNOWN,0.26,0,66.231
1352,38.3547,35,4.9882,0.9822,leg_raise_lower,UNKNOWN,UNKNOWN,0.26,0,66.872
1353,38.3682,35,4.9488,0.9822,leg_raise_lower,UNKNOWN,UNKNOWN,0.26,0,67.809
1354,38.3813,35,4.9618,0.9823,leg_raise_lower,UNKNOWN,UNKNOWN,0.26,0,68.939
1355,38.3941,35,4.9746,0.9823,leg_raise_lower,UNKNOWN,UNKNOWN,0.26,0,69.508
1356,38.4076,35,4.9881,0.9824,leg_raise_lower,UNKNOWN,UNKNOWN,0.26,0,70.49
1357,38.4203,35,4.986,0.9824,leg_raise_lower,UNKNOWN,UNKNOWN,0.26,0,70.218
1358,38.4354,35,4.9882,0.9824,leg_raise_lower,UNKNOWN,UNKNOWN,0.26,0,70.456
1359,38.4487,35,4.9887,0.9824,leg_raise_lower,UNKNOWN,UNKNOWN,0.26,0,70.68
1360,38.4623,35,4.9883,0.9824,leg_raise_lower,UNKNOWN,UNKNOWN,0.26,0,70.948
1361,38.4761,35,4.9877,0.9824,leg_raise_lower,UNKNOWN,UNKNOWN,0.26,0,71.477
1362,38.4892,35,4.9837,0.9824,leg_raise_lower,UNKNOWN,UNKNOWN,0.26,0,71.992
1363,38.5027,35,4.9973,0.9825,leg_raise_lower,UNKNOWN,UNKNOWN,0.26,0,71.748
1364,38.5163,35,4.996,0.9825,leg_raise_lower,UNKNOWN,UNKNOWN,0.26,0,72.08
1365,38.5298,35,4.995,0.9825,leg_raise_lower,UNKNOWN,UNKNOWN,0.2667,1,72.26
1366,38.5808,35,4.9917,0.9823,leg_raise_lower,UNKNOWN,UNKNOWN,0.2667,0,66.956
1367,38.5952,35,4.9895,0.9823,leg_raise_lower,UNKNOWN,UNKNOWN,0.2667,0,65.742
1369,38.626,35,4.9539,0.9787,leg_raise_lower,UNKNOWN,UNKNOWN,0.2667,0,67.41
1370,38.6404,35,4.9684,0.9788,leg_raise_lower,UNKNOWN,UNKNOWN,0.2667,0,68.364
1371,38.6536,35,4.9815,0.9789,leg_raise_lower,UNKNOWN,UNKNOWN,0.2667,0,68.368
1372,38.6682,35,4.9962,0.9789,leg_raise_lower,UNKNOWN,UNKNOWN,0.2667,0,68.836
1373,38.6817,35,4.9949,0.9789,leg_raise_lower,UNKNOWN,UNKNOWN,0.2667,0,69.588
1374,38.6979,35,4.9965,0.9789,leg_raise_lower,UNKNOWN,UNKNOWN,0.2667,0,68.628
1375,38.7115,35,4.9974,0.9789,leg_raise_lower,UNKNOWN,UNKNOWN,0.2667,0,67.802
1376,38.7281,35,4.9867,0.9789,leg_raise_lower,UNKNOWN,UNKNOWN,0.2667,0,67.647
1377,38.7431,35,4.988,0.9789,leg_raise_lower,UNKNOWN,UNKNOWN,0.2667,0,67.644
1378,38.7581,35,4.988,0.9789,leg_raise_lower,UNKNOWN,UNKNOWN,0.2667,0,67.139
1379,38.7742,35,4.988,0.9789,leg_raise_lower,UNKNOWN,UNKNOWN,0.2667,0,67.961
1380,38.788,35,4.9867,0.9789,leg_raise_lower,UNKNOWN,UNKNOWN,0.2733,1,68.637
1381,38.838,35,4.986,0.9787,leg_raise_lower,UNKNOWN,UNKNOWN,0.2733,0,63.525
1382,38.8579,35,4.9903,0.9787,leg_raise_lower,UNKNOWN,UNKNOWN,0.2733,0,62.749
1383,38.8756,35,4.9905,0.9787,leg_raise_lower,UNKNOWN,UNKNOWN,0.2733,0,61.818
1384,38.8941,35,4.9492,0.9787,leg_raise_lower,UNKNOWN,UNKNOWN,0.2733,0,60.517
1385,38.9148,35,4.9698,0.9788,leg_raise_lower,UNKNOWN,UNKNOWN,0.2733,0,59.083
1386,38.9368,35,4.9918,0.9789,leg_raise_lower,UNKNOWN,UNKNOWN,0.2733,0,60.598
1387,38.9502,35,4.9911,0.9789,leg_raise_lower,UNKNOWN,UNKNOWN,0.2733,0,58.782
1389,38.9893,35,4.9955,0.9754,leg_raise_lower,UNKNOWN,UNKNOWN,0.2733,0,60.193
1390,39.004,35,4.9944,0.9754,leg_raise_lower,UNKNOWN,UNKNOWN,0.2733,0,60.529
1391,39.0197,35,4.9963,0.9754,leg_raise_lower,UNKNOWN,UNKNOWN,0.2733,0,59.887
1392,39.0383,35,4.9882,0.9753,leg_raise_lower,UNKNOWN,UNKNOWN,0.27,1,59.292
1393,39.1024,35,4.9887,0.975,leg_raise_lower,UNKNOWN,UNKNOWN,0.27,0,55.043
1394,39.1165,35,4.9891,0.975,leg_raise_lower,UNKNOWN,UNKNOWN,0.27,0,57.396
1395,39.129,35,4.9877,0.975,leg_raise_lower,UNKNOWN,UNKNOWN,0.27,0,58.221
1396,39.1442,35,4.9481,0.975,leg_raise_lower,UNKNOWN,UNKNOWN,0.27,0,60.12
1397,39.1572,35,4.9611,0.9751,leg_raise_lower,UNKNOWN,UNKNOWN,0.27,0,61.108
1398,39.1715,35,4.9754,0.9752,leg_raise_lower,UNKNOWN,UNKNOWN,0.27,0,61.998
1399,39.1858,35,4.9897,0.9753,leg_raise_lower,UNKNOWN,UNKNOWN,0.27,0,63.296
1400,39.1992,35,4.9877,0.9753,leg_raise_lower,UNKNOWN,UNKNOWN,0.27,0,64.951
1401,39.2119,35,4.9861,0.9753,leg_raise_lower,UNKNOWN,UNKNOWN,0.27,0,65.731
1402,39.2253,35,4.9994,0.9754,leg_raise_lower,UNKNOWN,UNKNOWN,0.27,0,66.883
1403,39.2384,35,4.9976,0.9754,leg_raise_lower,UNKNOWN,UNKNOWN,0.27,0,65.084
1404,39.259,35,4.9909,0.9753,leg_raise_lower,UNKNOWN,UNKNOWN,0.27,0,66.319
1405,39.2715,35,4.9866,0.9753,leg_raise_lower,UNKNOWN,UNKNOWN,0.27,0,67.348
1406,39.2848,35,4.9999,0.9754,leg_raise_lower,UNKNOWN,UNKNOWN,0.27,0,68.107
1407,39.298,35,4.9913,0.9754,leg_raise_lower,UNKNOWN,UNKNOWN,0.27,1,68.74
1408,39.355,35,4.9995,0.9752,leg_raise_lower,UNKNOWN,UNKNOWN,0.27,0,63.506
1409,39.3723,35,4.9866,0.9751,leg_raise_lower,UNKNOWN,UNKNOWN,0.27,0,62.782
1410,39.3904,35,4.9914,0.9751,leg_raise_lower,UNKNOWN,UNKNOWN,0.27,0,63.465
1411,39.4048,35,4.9446,0.9751,leg_raise_lower,UNKNOWN,UNKNOWN,0.27,0,62.227
1412,39.4243,35,4.9641,0.9752,leg_raise_lower,UNKNOWN,UNKNOWN,0.27,0,60.982
1413,39.4444,35,4.9842,0.9753,leg_raise_lower,UNKNOWN,UNKNOWN,0.27,0,59.548
1414,39.4661,35,4.9915,0.9753,leg_raise_lower,UNKNOWN,UNKNOWN,0.27,0,59.853
1415,39.482,35,4.9944,0.9753,leg_raise_lower,UNKNOWN,UNKNOWN,0.27,0,59.821
1416,39.4991,35,4.9927,0.9753,leg_raise_lower,UNKNOWN,UNKNOWN,0.27,0,58.308
1417,39.521,35,4.9974,0.9753,leg_raise_lower,UNKNOWN,UNKNOWN,0.27,0,59.962
1418,39.5343,35,4.989,0.9753,leg_raise_lower,UNKNOWN,UNKNOWN,0.27,0,61.242
1419,39.5481,35,4.9829,0.9753,leg_raise_lower,UNKNOWN,UNKNOWN,0.2733,1,61.183
1420,39.6052,35,4.9852,0.975,leg_raise_lower,UNKNOWN,UNKNOWN,0.2733,0,56.905
1421,39.6188,35,4.9988,0.9751,leg_raise_lower,UNKNOWN,UNKNOWN,0.2733,0,57.953
1422,39.634,35,4.9861,0.975,leg_raise_lower,UNKNOWN,UNKNOWN,0.2733,0,59.416
1423,39.6477,35,4.9998,0.9751,leg_raise_lower,UNKNOWN,UNKNOWN,0.2733,0,60.792
1424,39.6612,35,4.9966,0.9751,leg_raise_lower,UNKNOWN,UNKNOWN,0.2733,0,61.852
1425,39.6752,35,4.955,0.9751,leg_raise_lower,UNKNOWN,UNKNOWN,0.2733,0,62.865
1426,39.6893,35,4.9691,0.9752,leg_raise_lower,UNKNOWN,UNKNOWN,0.2733,0,62.849
1427,39.705,35,4.9848,0.9753,leg_raise_lower,UNKNOWN,UNKNOWN,0.2733,0,61.393
1428,39.7259,35,4.9898,0.9753,leg_raise_lower,UNKNOWN,UNKNOWN,0.2733,0,62.287
1429,39.7399,35,4.99,0.9753,leg_raise_lower,UNKNOWN,UNKNOWN,0.2733,0,63.342
1430,39.7536,35,4.989,0.9753,leg_raise_lower,UNKNOWN,UNKNOWN,0.2733,0,64.328
1431,39.7674,35,4.9892,0.9753,leg_raise_lower,UNKNOWN,UNKNOWN,0.2733,0,64.449
1432,39.7833,35,4.9924,0.9753,leg_raise_lower,UNKNOWN,UNKNOWN,0.2733,0,65.52
1433,39.7958,35,4.9912,0.9753,leg_raise_lower,UNKNOWN,UNKNOWN,0.2733,0,67.017
1434,39.8085,35,4.9887,0.9753,leg_raise_lower,UNKNOWN,UNKNOWN,0.28,1,64.69
1435,39.8672,35,4.9964,0.9751,leg_raise_lower,UNKNOWN,UNKNOWN,0.28,0,60.168
1436,39.8826,35,4.9969,0.9751,leg_raise_lower,UNKNOWN,UNKNOWN,0.28,0,61.832
1437,39.8956,35,4.9939,0.9751,leg_raise_lower,UNKNOWN,UNKNOWN,0.28,0,63.242
1438,39.9087,35,4.9912,0.9751,leg_raise_lower,UNKNOWN,UNKNOWN,0.28,0,64.114
1439,39.9226,35,4.9518,0.9751,leg_raise_lower,UNKNOWN,UNKNOWN,0.28,0,64.692
1440,39.9369,35,4.9661,0.9752,leg_raise_lower,UNKNOWN,UNKNOWN,0.28,0,65.71
1441,39.9501,35,4.9792,0.9753,leg_raise_lower,UNKNOWN,UNKNOWN,0.28,0,67.316
1442,39.9625,35,4.9917,0.9754,leg_raise_lower,UNKNOWN,UNKNOWN,0.28,0,65.296
1443,39.9839,35,4.9928,0.9754,leg_raise_lower,UNKNOWN,UNKNOWN,0.28,0,66.249
1444,39.9973,35,4.9926,0.9754,leg_raise_lower,UNKNOWN,UNKNOWN,0.28,0,67.513
1445,40.0093,35,4.9883,0.9754,leg_raise_lower,UNKNOWN,UNKNOWN,0.28,0,68.694
1446,40.0223,35,4.9859,0.9754,leg_raise_lower,UNKNOWN,UNKNOWN,0.28,0,68.894
1447,40.0365,87,0.0,1.0,WARMING_UP,WARMING_UP,WARMING_UP,0.0,0,66.666
1448,40.0579,87,0.0214,1.0,WARMING_UP,WARMING_UP,WARMING_UP,0.0,0,67.681
1449,40.0708,35,4.9821,0.9683,leg_raise_lower,UNKNOWN,UNKNOWN,0.2667,1,68.073
1450,40.1227,87,0.0862,0.75,WARMING_UP,WARMING_UP,WARMING_UP,0.0,0,63.167
1451,40.1374,87,0.1009,0.8,WARMING_UP,WARMING_UP,WARMING_UP,0.0,0,64.606
1451,40.1374,35,4.9904,0.9645,leg_raise_lower,UNKNOWN,UNKNOWN,0.2667,0,64.606
1452,40.1514,87,0.1149,0.8333,WARMING_UP,WARMING_UP,WARMING_UP,0.0,0,64.507
1452,40.1514,35,4.9832,0.9645,leg_raise_lower,UNKNOWN,UNKNOWN,0.2667,0,64.507
1453,40.1665,35,4.9983,0.9647,leg_raise_lower,UNKNOWN,UNKNOWN,0.2667,0,64.378
1454,40.1823,35,4.9526,0.9647,leg_raise_lower,UNKNOWN,UNKNOWN,0.2667,0,62.596
1455,40.2034,87,0.1669,0.6667,WARMING_UP,WARMING_UP,WARMING_UP,0.0,0,62.289
1456,40.2201,87,0.1836,0.7,WARMING_UP,WARMING_UP,WARMING_UP,0.0,0,62.879
1457,40.2348,87,0.1983,0.7273,WARMING_UP,WARMING_UP,WARMING_UP,0.0,0,64.22
1458,40.2482,87,0.2118,0.75,WARMING_UP,WARMING_UP,WARMING_UP,0.0,0,64.723
1459,40.2625,35,4.9871,0.9509,leg_raise_lower,UNKNOWN,UNKNOWN,0.2667,0,62.853
1460,40.2843,87,0.2478,0.7143,WARMING_UP,WARMING_UP,WARMING_UP,0.0,0,61.639
1461,40.3039,87,0.2674,0.7333,WARMING_UP,WARMING_UP,WARMING_UP,0.0,0,61.318
1462,40.3209,87,0.2844,0.75,WARMING_UP,WARMING_UP,WARMING_UP,0.0,0,62.249
1463,40.335,35,4.99,0.9401,leg_raise_lower,UNKNOWN,UNKNOWN,0.27,1,63.08
1464,40.3854,87,0.3489,0.7222,WARMING_UP,WARMING_UP,WARMING_UP,0.0,0,58.736
1465,40.4001,87,0.3636,0.7368,WARMING_UP,WARMING_UP,WARMING_UP,0.0,0,60.694
1466,40.4139,35,4.9894,0.9326,leg_raise_lower,UNKNOWN,UNKNOWN,0.27,0,62.338
1467,40.4262,35,4.9477,0.9326,leg_raise_lower,UNKNOWN,UNKNOWN,0.27,0,60.483
1468,40.449,35,4.9704,0.9329,leg_raise_lower,UNKNOWN,UNKNOWN,0.27,0,62.25
1469,40.4621,35,4.9835,0.9331,leg_raise_lower,UNKNOWN,UNKNOWN,0.27,0,63.359
1470,40.4756,35,4.997,0.9333,leg_raise_lower,UNKNOWN,UNKNOWN,0.27,0,64.632
1471,40.4881,35,4.9962,0.9333,leg_raise_lower,UNKNOWN,UNKNOWN,0.27,0,65.286
1472,40.5025,35,4.9895,0.9333,leg_raise_lower,UNKNOWN,UNKNOWN,0.27,0,64.999
1472,40.5025,87,0.466,0.5769,WARMING_UP,WARMING_UP,WARMING_UP,0.0,0,64.999
1473,40.5186,35,4.9903,0.9333,leg_raise_lower,UNKNOWN,UNKNOWN,0.27,0,65.263
1474,40.5333,35,4.9835,0.9333,leg_raise_lower,UNKNOWN,UNKNOWN,0.27,0,66.795
1475,40.5461,35,4.9963,0.9336,leg_raise_lower,UNKNOWN,UNKNOWN,0.27,0,67.866
1476,40.5585,87,0.522,0.5333,WARMING_UP,WARMING_UP,WARMING_UP,0.0,0,68.952
1477,40.5711,35,4.9921,0.9301,leg_raise_lower,UNKNOWN,UNKNOWN,0.27,0,69.556
1478,40.5848,87,0.5483,0.5312,WARMING_UP,WARMING_UP,WARMING_UP,0.0,0,69.1
1480,40.6119,35,4.9895,0.9231,leg_raise_lower,UNKNOWN,UNKNOWN,0.2767,1,70.842
1481,40.6625,35,4.9919,0.9225,leg_raise_lower,UNKNOWN,UNKNOWN,0.2767,0,65.451
1482,40.6846,35,4.9495,0.9223,leg_raise_lower,UNKNOWN,UNKNOWN,0.2767,0,64.04
1483,40.704,35,4.9689,0.9225,leg_raise_lower,UNKNOWN,UNKNOWN,0.2767,0,62.424
1484,40.7252,35,4.9901,0.9228,leg_raise_lower,UNKNOWN,UNKNOWN,0.2767,0,63.814
1485,40.7381,35,4.9888,0.9228,leg_raise_lower,UNKNOWN,UNKNOWN,0.2767,0,64.654
1486,40.7519,35,4.9888,0.9228,leg_raise_lower,UNKNOWN,UNKNOWN,0.2767,0,65.464
1487,40.7673,35,4.9885,0.9228,leg_raise_lower,UNKNOWN,UNKNOWN,0.2767,0,64.135
1488,40.786,35,4.9928,0.9228,leg_raise_lower,UNKNOWN,UNKNOWN,0.2767,0,63.336
1489,40.8031,35,4.9967,0.9228,leg_raise_lower,UNKNOWN,UNKNOWN,0.2767,0,62.609
1490,40.8211,35,4.9881,0.9225,leg_raise_lower,UNKNOWN,UNKNOWN,0.2767,0,61.585
1491,40.8401,35,4.9921,0.9225,leg_raise_lower,UNKNOWN,UNKNOWN,0.2767,0,60.591
1492,40.8601,35,4.9959,0.9225,leg_raise_lower,UNKNOWN,UNKNOWN,0.2767,0,59.452
1493,40.8793,35,4.9998,0.9225,leg_raise_lower,UNKNOWN,UNKNOWN,0.2633,1,61.074
1494,40.9311,35,4.9975,0.9217,leg_raise_lower,UNKNOWN,UNKNOWN,0.2633,0,56.834
1495,40.9458,35,4.9974,0.9217,leg_raise_lower,UNKNOWN,UNKNOWN,0.2633,0,59.37
1496,40.9582,35,4.9565,0.9217,leg_raise_lower,UNKNOWN,UNKNOWN,0.2633,0,60.939
1497,40.9714,35,4.9697,0.922,leg_raise_lower,UNKNOWN,UNKNOWN,0.2633,0,61.049
1498,40.9877,35,4.986,0.9223,leg_raise_lower,UNKNOWN,UNKNOWN,0.2633,0,59.565
1499,41.01,35,4.9925,0.9223,leg_raise_lower,UNKNOWN,UNKNOWN,0.2633,0,61.157
1500,41.0224,35,4.9914,0.9223,leg_raise_lower,UNKNOWN,UNKNOWN,0.2633,0,61.771
1501,41.0375,35,4.9921,0.9223,leg_raise_lower,UNKNOWN,UNKNOWN,0.2633,0,60.32
1502,41.0586,35,4.9867,0.922,leg_raise_lower,UNKNOWN,UNKNOWN,0.2633,0,62.003
1503,41.0715,35,4.9995,0.9223,leg_raise_lower,UNKNOWN,UNKNOWN,0.2633,0,63.468
1504,41.0843,35,4.9987,0.9223,leg_raise_lower,UNKNOWN,UNKNOWN,0.2633,0,64.08
1505,41.0988,35,4.9993,0.9223,leg_raise_lower,UNKNOWN,UNKNOWN,0.2633,0,64.873
1506,41.1128,35,4.9946,0.9223,leg_raise_lower,UNKNOWN,UNKNOWN,0.2633,0,66.431
1507,41.1254,35,4.9928,0.9223,leg_raise_lower,UNKNOWN,UNKNOWN,0.2633,0,67.608
1508,41.1379,35,4.9913,0.9223,leg_raise_lower,UNKNOWN,UNKNOWN,0.2567,1,68.204
1509,41.1877,35,4.9894,0.9217,leg_raise_lower,UNKNOWN,UNKNOWN,0.2567,0,63.111
1510,41.2097,35,4.9967,0.9217,leg_raise_lower,UNKNOWN,UNKNOWN,0.2567,0,64.281
1511,41.223,35,4.9589,0.9217,leg_raise_lower,UNKNOWN,UNKNOWN,0.2567,0,65.188
1512,41.2365,35,4.9724,0.922,leg_raise_lower,UNKNOWN,UNKNOWN,0.2567,0,64.911
1513,41.2524,35,4.9883,0.9223,leg_raise_lower,UNKNOWN,UNKNOWN,0.2567,0,64.461
1514,41.2692,35,4.9892,0.9223,leg_raise_lower,UNKNOWN,UNKNOWN,0.2567,0,64.28
1515,41.2851,35,4.9905,0.9223,leg_raise_lower,UNKNOWN,UNKNOWN,0.2567,0,64.824
1516,41.2993,35,4.9854,0.9223,leg_raise_lower,UNKNOWN,UNKNOWN,0.2567,0,64.316
1517,41.3163,35,4.9874,0.9223,leg_raise_lower,UNKNOWN,UNKNOWN,0.2567,0,64.816
1518,41.3306,35,4.9889,0.9223,leg_raise_lower,UNKNOWN,UNKNOWN,0.2567,0,64.55
1519,41.3467,35,4.9907,0.9223,leg_raise_lower,UNKNOWN,UNKNOWN,0.2567,0,65.398
1520,41.3605,35,4.9915,0.9223,leg_raise_lower,UNKNOWN,UNKNOWN,0.2567,0,63.394
1521,41.3825,35,4.9996,0.9223,leg_raise_lower,UNKNOWN,UNKNOWN,0.2567,0,63.496
1522,41.3981,35,4.999,0.9223,leg_raise_lower,UNKNOWN,UNKNOWN,0.2533,1,61.335
1523,41.4629,35,4.9999,0.9214,leg_raise_lower,UNKNOWN,UNKNOWN,0.2533,0,56.941
1524,41.4793,35,4.9607,0.9214,leg_raise_lower,UNKNOWN,UNKNOWN,0.2533,0,55.632
1525,41.5051,35,4.9865,0.9217,leg_raise_lower,UNKNOWN,UNKNOWN,0.2533,0,55.872
1526,41.5191,35,4.9817,0.9217,leg_raise_lower,UNKNOWN,UNKNOWN,0.2533,0,56.64
1527,41.5351,35,4.9978,0.922,leg_raise_lower,UNKNOWN,UNKNOWN,0.2533,0,55.75
1528,41.5561,35,4.9903,0.9217,leg_raise_lower,UNKNOWN,UNKNOWN,0.2533,0,57.557
1529,41.5695,35,4.987,0.9217,leg_raise_lower,UNKNOWN,UNKNOWN,0.2533,0,58.972
1530,41.5834,35,4.9876,0.9253,leg_raise_lower,UNKNOWN,UNKNOWN,0.2533,0,60.343
1531,41.5972,35,4.9878,0.9253,leg_raise_lower,UNKNOWN,UNKNOWN,0.2533,0,60.632
1532,41.6132,35,4.9911,0.9253,leg_raise_lower,UNKNOWN,UNKNOWN,0.2533,0,62.423
1533,41.6258,35,4.9894,0.9253,leg_raise_lower,UNKNOWN,UNKNOWN,0.2533,0,63.581
1534,41.6392,35,4.9874,0.9253,leg_raise_lower,UNKNOWN,UNKNOWN,0.2533,0,61.87
1535,41.6612,35,4.9957,0.9253,leg_raise_lower,UNKNOWN,UNKNOWN,0.2633,1,63.102
1536,41.7115,35,4.9993,0.9247,leg_raise_lower,UNKNOWN,UNKNOWN,0.2633,0,58.715
1537,41.7263,35,4.9989,0.9247,leg_raise_lower,UNKNOWN,UNKNOWN,0.2633,0,57.657
1538,41.7471,35,4.969,0.9247,leg_raise_lower,UNKNOWN,UNKNOWN,0.2633,0,56.785
1539,41.7675,35,4.9894,0.925,leg_raise_lower,UNKNOWN,UNKNOWN,0.2633,0,56.266
1540,41.787,35,4.9937,0.925,leg_raise_lower,UNKNOWN,UNKNOWN,0.2633,0,58.129
1541,41.8001,35,4.9943,0.925,leg_raise_lower,UNKNOWN,UNKNOWN,0.2633,0,59.831
1542,41.8137,35,4.9953,0.925,leg_raise_lower,UNKNOWN,UNKNOWN,0.2633,0,61.343
1543,41.8269,35,4.9929,0.925,leg_raise_lower,UNKNOWN,UNKNOWN,0.2633,0,62.373
1544,41.8409,35,4.9931,0.925,leg_raise_lower,UNKNOWN,UNKNOWN,0.2633,0,63.714
1545,41.8541,35,4.9915,0.925,leg_raise_lower,UNKNOWN,UNKNOWN,0.2633,0,64.684
1546,41.8676,35,4.9845,0.925,leg_raise_lower,UNKNOWN,UNKNOWN,0.2633,0,65.325
1547,41.8815,35,4.9984,0.9253,leg_raise_lower,UNKNOWN,UNKNOWN,0.2633,0,65.723
1548,41.8962,35,4.9998,0.9253,leg_raise_lower,UNKNOWN,UNKNOWN,0.2633,0,64.558
1549,41.9148,35,4.987,0.925,leg_raise_lower,UNKNOWN,UNKNOWN,0.25,1,65.143
1550,41.9682,35,4.998,0.9245,leg_raise_lower,UNKNOWN,UNKNOWN,0.25,0,60.49
1551,41.9826,35,4.9983,0.9245,leg_raise_lower,UNKNOWN,UNKNOWN,0.25,0,61.836
1552,41.9967,35,4.9621,0.9245,leg_raise_lower,UNKNOWN,UNKNOWN,0.25,0,61.698
1553,42.0129,35,4.9783,0.9247,leg_raise_lower,UNKNOWN,UNKNOWN,0.25,0,62.428
1554,42.0272,35,4.9926,0.925,leg_raise_lower,UNKNOWN,UNKNOWN,0.25,0,63.347
1555,42.041,35,4.9914,0.925,leg_raise_lower,UNKNOWN,UNKNOWN,0.25,0,64.483
1556,42.0547,35,4.9899,0.925,leg_raise_lower,UNKNOWN,UNKNOWN,0.25,0,65.291
1557,42.0682,35,4.99,0.925,leg_raise_lower,UNKNOWN,UNKNOWN,0.25,0,65.789
1558,42.0824,35,4.991,0.925,leg_raise_lower,UNKNOWN,UNKNOWN,0.25,0,64.616
1559,42.1011,35,4.9966,0.925,leg_raise_lower,UNKNOWN,UNKNOWN,0.25,0,65.244
1560,42.115,35,4.9967,0.925,leg_raise_lower,UNKNOWN,UNKNOWN,0.25,0,64.86
1561,42.1313,35,4.9913,0.925,leg_raise_lower,UNKNOWN,UNKNOWN,0.25,0,65.098
1562,42.1462,35,4.9915,0.925,leg_raise_lower,UNKNOWN,UNKNOWN,0.25,0,63.331
1563,42.1673,35,4.9995,0.925,leg_raise_lower,UNKNOWN,UNKNOWN,0.26,1,64.304
1564,42.2187,35,4.9957,0.9242,leg_raise_lower,UNKNOWN,UNKNOWN,0.26,0,59.807
1565,42.2327,35,4.9957,0.9242,leg_raise_lower,UNKNOWN,UNKNOWN,0.26,0,61.354
1566,42.2462,35,4.9567,0.9242,leg_raise_lower,UNKNOWN,UNKNOWN,0.26,0,61.819
1566,42.2462,92,0.0,1.0,WARMING_UP,WARMING_UP,WARMING_UP,0.0,0,61.819
1567,42.2616,35,4.9721,0.9245,leg_raise_lower,UNKNOWN,UNKNOWN,0.26,0,61.905
1568,42.2775,35,4.988,0.9247,leg_raise_lower,UNKNOWN,UNKNOWN,0.26,0,62.399
1569,42.2921,35,4.9876,0.9247,leg_raise_lower,UNKNOWN,UNKNOWN,0.26,0,63.46
1570,42.3059,35,4.9862,0.9247,leg_raise_lower,UNKNOWN,UNKNOWN,0.26,0,64.973
1571,42.3189,35,4.9992,0.925,leg_raise_lower,UNKNOWN,UNKNOWN,0.26,0,65.485
1571,42.3189,92,0.0727,0.3333,WARMING_UP,WARMING_UP,WARMING_UP,0.0,0,65.485
1572,42.3329,35,4.9991,0.925,leg_raise_lower,UNKNOWN,UNKNOWN,0.26,0,64.564
1573,42.3505,35,4.9903,0.9247,leg_raise_lower,UNKNOWN,UNKNOWN,0.26,0,65.466
1574,42.364,35,4.9891,0.9247,leg_raise_lower,UNKNOWN,UNKNOWN,0.26,0,63.86
1574,42.364,92,0.1179,0.3333,WARMING_UP,WARMING_UP,WARMING_UP,0.0,0,63.86
1575,42.3846,35,4.9954,0.9247,leg_raise_lower,UNKNOWN,UNKNOWN,0.26,0,64.693
1576,42.398,35,4.995,0.9247,leg_raise_lower,UNKNOWN,UNKNOWN,0.26,0,65.458
1577,42.412,35,4.9954,0.9247,leg_raise_lower,UNKNOWN,UNKNOWN,0.26,0,66.067
1578,42.4262,35,4.9949,0.9247,leg_raise_lower,UNKNOWN,UNKNOWN,0.2467,1,67.274
1578,42.4262,92,0.18,0.3077,WARMING_UP,WARMING_UP,WARMING_UP,0.0,0,67.274
1579,42.4763,35,4.9932,0.9242,leg_raise_lower,UNKNOWN,UNKNOWN,0.2467,0,62.269
1580,42.4969,35,4.942,0.9239,leg_raise_lower,UNKNOWN,UNKNOWN,0.2467,0,61.084
1580,42.4969,92,0.2508,0.3333,WARMING_UP,WARMING_UP,WARMING_UP,0.0,0,61.084
1581,42.5169,35,4.962,0.9242,leg_raise_lower,UNKNOWN,UNKNOWN,0.2467,0,62.012
1582,42.5309,35,4.976,0.9245,leg_raise_lower,UNKNOWN,UNKNOWN,0.2467,0,62.962
1583,42.5449,35,4.99,0.9247,leg_raise_lower,UNKNOWN,UNKNOWN,0.2467,0,63.856
1584,42.5589,35,4.9867,0.9247,leg_raise_lower,UNKNOWN,UNKNOWN,0.2467,0,64.322
1585,42.5736,35,4.9904,0.9283,leg_raise_lower,UNKNOWN,UNKNOWN,0.2467,0,64.929
1586,42.5879,35,4.9902,0.9283,leg_raise_lower,UNKNOWN,UNKNOWN,0.2467,0,65.902
1586,42.5879,92,0.3417,0.2857,WARMING_UP,WARMING_UP,WARMING_UP,0.0,0,65.902
1587,42.6013,35,4.9873,0.9283,leg_raise_lower,UNKNOWN,UNKNOWN,0.2467,0,66.513
1588,42.615,35,4.9872,0.9283,leg_raise_lower,UNKNOWN,UNKNOWN,0.2467,0,67.212
1589,42.6284,35,4.9865,0.9283,leg_raise_lower,UNKNOWN,UNKNOWN,0.2467,0,67.332
1590,42.643,35,4.9883,0.9283,leg_raise_lower,UNKNOWN,UNKNOWN,0.2467,0,68.078
1590,42.643,92,0.3969,0.28,WARMING_UP,WARMING_UP,WARMING_UP,0.0,0,68.078
1591,42.6563,35,4.9857,0.9283,leg_raise_lower,UNKNOWN,UNKNOWN,0.2467,0,66.267
1592,42.6763,92,0.4302,0.2963,WARMING_UP,WARMING_UP,WARMING_UP,0.0,0,66.652
1593,42.6906,35,4.9934,0.9247,leg_raise_lower,UNKNOWN,UNKNOWN,0.2333,1,67.892
1594,42.7394,35,4.9872,0.9239,leg_raise_lower,UNKNOWN,UNKNOWN,0.2333,0,63.112
1595,42.7533,35,4.9497,0.9239,leg_raise_lower,UNKNOWN,UNKNOWN,0.2333,0,63.252
1595,42.7533,92,0.5071,0.3,WARMING_UP,WARMING_UP,WARMING_UP,0.0,0,63.252
1596,42.7691,92,0.5229,0.3226,WARMING_UP,WARMING_UP,WARMING_UP,0.0,0,64.139
1597,42.7825,35,4.9789,0.9209,leg_raise_lower,UNKNOWN,UNKNOWN,0.2333,0,65.022
1598,42.796,35,4.9924,0.9211,leg_raise_lower,UNKNOWN,UNKNOWN,0.2333,0,65.267
1599,42.8111,35,4.9893,0.9211,leg_raise_lower,UNKNOWN,UNKNOWN,0.2333,0,64.558
1600,42.8282,35,4.9885,0.9211,leg_raise_lower,UNKNOWN,UNKNOWN,0.2333,0,64.168
1601,42.8448,35,4.9907,0.9211,leg_raise_lower,UNKNOWN,UNKNOWN,0.2333,0,65.356
1602,42.858,35,4.9868,0.9211,leg_raise_lower,UNKNOWN,UNKNOWN,0.2333,0,65.865
1603,42.8725,92,0.6263,0.2895,WARMING_UP,WARMING_UP,WARMING_UP,0.0,0,66.006
1604,42.8866,35,4.9884,0.9176,leg_raise_lower,UNKNOWN,UNKNOWN,0.2333,0,67.116
1605,42.8999,35,4.9879,0.9176,leg_raise_lower,UNKNOWN,UNKNOWN,0.2333,0,68.481
1606,42.9126,35,4.9887,0.9211,leg_raise_lower,UNKNOWN,UNKNOWN,0.2333,0,67.896
1607,42.9285,35,4.9915,0.9211,leg_raise_lower,UNKNOWN,UNKNOWN,0.2333,0,66.202
1608,42.9479,35,4.9984,0.9247,leg_raise_lower,UNKNOWN,UNKNOWN,0.2233,1,64.841
1609,43.0037,35,4.993,0.9239,leg_raise_lower,UNKNOWN,UNKNOWN,0.2233,0,60.159
1610,43.0224,35,4.9507,0.9239,leg_raise_lower,UNKNOWN,UNKNOWN,0.2233,0,61.35
1611,43.0366,35,4.9648,0.9242,leg_raise_lower,UNKNOWN,UNKNOWN,0.2233,0,62.129
1612,43.0506,35,4.9789,0.9245,leg_raise_lower,UNKNOWN,UNKNOWN,0.2233,0,63.503
1613,43.0641,35,4.9924,0.9247,leg_raise_lower,UNKNOWN,UNKNOWN,0.2233,0,64.909
1614,43.0769,35,4.9896,0.9247,leg_raise_lower,UNKNOWN,UNKNOWN,0.2233,0,63.203
1615,43.0977,35,4.9966,0.9247,leg_raise_lower,UNKNOWN,UNKNOWN,0.2233,0,62.043
1616,43.1172,35,4.9898,0.9245,leg_raise_lower,UNKNOWN,UNKNOWN,0.2233,0,60.661
1617,43.1379,35,4.9966,0.9245,leg_raise_lower,UNKNOWN,UNKNOWN,0.2233,0,59.959
1618,43.1565,35,4.9868,0.9242,leg_raise_lower,UNKNOWN,UNKNOWN,0.2233,0,61.47
1619,43.1697,35,4.9999,0.9245,leg_raise_lower,UNKNOWN,UNKNOWN,0.2233,0,61.937
1620,43.1851,35,4.9868,0.9242,leg_raise_lower,UNKNOWN,UNKNOWN,0.2233,0,61.732
1621,43.2019,35,4.9894,0.9242,leg_raise_lower,UNKNOWN,UNKNOWN,0.2233,1,62.856
1622,43.2542,35,4.9972,0.9236,leg_raise_lower,UNKNOWN,UNKNOWN,0.2233,0,58.299
1623,43.2729,35,4.9423,0.9234,leg_raise_lower,UNKNOWN,UNKNOWN,0.2233,0,57.623
1624,43.2924,35,4.9617,0.9236,leg_raise_lower,UNKNOWN,UNKNOWN,0.2233,0,57.59
1625,43.3103,35,4.9797,0.9239,leg_raise_lower,UNKNOWN,UNKNOWN,0.2233,0,58.082
1625,43.3103,94,0.0,1.0,WARMING_UP,WARMING_UP,WARMING_UP,0.0,0,58.082
1626,43.3262,35,4.9956,0.9242,leg_raise_lower,UNKNOWN,UNKNOWN,0.2233,0,58.705
1627,43.3415,35,4.9998,0.9278,leg_raise_lower,UNKNOWN,UNKNOWN,0.2233,0,60.117
1628,43.3552,35,4.987,0.9275,leg_raise_lower,UNKNOWN,UNKNOWN,0.2233,0,61.395
1629,43.3689,35,4.9876,0.9275,leg_raise_lower,UNKNOWN,UNKNOWN,0.2233,0,61.849
1630,43.3848,35,4.9908,0.9275,leg_raise_lower,UNKNOWN,UNKNOWN,0.2233,0,62.577
1630,43.3848,94,0.0745,0.3333,WARMING_UP,WARMING_UP,WARMING_UP,0.0,0,62.577
1631,43.3989,35,4.9913,0.9275,leg_raise_lower,UNKNOWN,UNKNOWN,0.2233,0,63.293
1632,43.4128,35,4.9925,0.9275,leg_raise_lower,UNKNOWN,UNKNOWN,0.2233,0,64.962
1633,43.4257,35,4.9902,0.9275,leg_raise_lower,UNKNOWN,UNKNOWN,0.2233,0,64.514
1634,43.4424,35,4.9937,0.9275,leg_raise_lower,UNKNOWN,UNKNOWN,0.2233,0,64.864
1634,43.4424,94,0.132,0.3,WARMING_UP,WARMING_UP,WARMING_UP,0.0,0,64.864
1635,43.4569,35,4.9945,0.9275,leg_raise_lower,UNKNOWN,UNKNOWN,0.2333,1,66.233
1636,43.5145,35,4.9982,0.9267,leg_raise_lower,UNKNOWN,UNKNOWN,0.2333,0,61.175
1636,43.5145,94,0.2041,0.3333,WARMING_UP,WARMING_UP,WARMING_UP,0.0,0,61.175
1637,43.5337,35,4.9529,0.9265,leg_raise_lower,UNKNOWN,UNKNOWN,0.2333,0,59.784
1637,43.5337,94,0.2234,0.3846,WARMING_UP,WARMING_UP,WARMING_UP,0.0,0,59.784
1638,43.5548,35,4.974,0.9267,leg_raise_lower,UNKNOWN,UNKNOWN,0.2333,0,59.493
1638,43.5548,94,0.2445,0.4286,WARMING_UP,WARMING_UP,WARMING_UP,0.0,0,59.493
1639,43.572,35,4.9912,0.927,leg_raise_lower,UNKNOWN,UNKNOWN,0.2333,0,59.032
1640,43.5906,35,4.9954,0.927,leg_raise_lower,UNKNOWN,UNKNOWN,0.2333,0,58.453
1641,43.6092,35,4.9953,0.927,leg_raise_lower,UNKNOWN,UNKNOWN,0.2333,0,57.454
1642,43.6298,35,4.9894,0.9304,leg_raise_lower,UNKNOWN,UNKNOWN,0.2333,0,56.468
1643,43.651,35,4.9974,0.9304,leg_raise_lower,UNKNOWN,UNKNOWN,0.2333,0,55.735
1644,43.6709,35,4.9892,0.9301,leg_raise_lower,UNKNOWN,UNKNOWN,0.2333,0,57.502
1645,43.6847,35,4.9868,0.9301,leg_raise_lower,UNKNOWN,UNKNOWN,0.2333,0,56.971
1645,43.6847,94,0.3744,0.3333,WARMING_UP,WARMING_UP,WARMING_UP,0.0,0,56.971
1646,43.7041,35,4.9927,0.9301,leg_raise_lower,UNKNOWN,UNKNOWN,0.2333,0,55.845
1646,43.7041,94,0.3938,0.3636,WARMING_UP,WARMING_UP,WARMING_UP,0.0,0,55.845
1647,43.7261,35,4.9979,0.9301,leg_raise_lower,UNKNOWN,UNKNOWN,0.2433,1,54.758
1647,43.7261,94,0.4157,0.3913,WARMING_UP,WARMING_UP,WARMING_UP,0.0,0,54.758
1648,43.7872,35,4.9992,0.9294,leg_raise_lower,UNKNOWN,UNKNOWN,0.2433,0,50.943
1649,43.8083,35,4.9703,0.9294,leg_raise_lower,UNKNOWN,UNKNOWN,0.2433,0,50.829
1650,43.8287,35,4.9907,0.9296,leg_raise_lower,UNKNOWN,UNKNOWN,0.2433,0,52.642
1650,43.8287,94,0.5183,0.3846,WARMING_UP,WARMING_UP,WARMING_UP,0.0,0,52.642
1651,43.8436,35,4.9857,0.9296,leg_raise_lower,UNKNOWN,UNKNOWN,0.2433,0,54.244
1652,43.8575,35,4.9996,0.9299,leg_raise_lower,UNKNOWN,UNKNOWN,0.2433,0,55.749
1652,43.8575,94,0.5471,0.3929,WARMING_UP,WARMING_UP,WARMING_UP,0.0,0,55.749
1653,43.8718,35,4.9962,0.9299,leg_raise_lower,UNKNOWN,UNKNOWN,0.2433,0,56.664
1654,43.8873,35,4.9931,0.9299,leg_raise_lower,UNKNOWN,UNKNOWN,0.2433,0,56.541
1655,43.9054,35,4.9906,0.9299,leg_raise_lower,UNKNOWN,UNKNOWN,0.2433,0,55.018
1656,43.9327,35,4.9959,0.9299,leg_raise_lower,UNKNOWN,UNKNOWN,0.2433,0,54.089
1656,43.9327,94,0.6224,0.375,WARMING_UP,WARMING_UP,WARMING_UP,0.0,0,54.089
1657,43.9512,35,4.9772,0.9296,leg_raise_lower,UNKNOWN,UNKNOWN,0.2433,0,54.261
1658,43.9726,35,4.9986,0.9299,leg_raise_lower,UNKNOWN,UNKNOWN,0.2433,0,53.928
1658,43.9726,94,0.6622,0.3824,WARMING_UP,WARMING_UP,WARMING_UP,0.0,0,53.928
1659,43.9892,35,4.9999,0.9336,leg_raise_lower,UNKNOWN,UNKNOWN,0.2433,1,53.401
1659,43.9892,94,0.6789,0.4,WARMING_UP,WARMING_UP,WARMING_UP,0.0,0,53.401
1660,44.0493,35,4.9469,0.9328,leg_raise_lower,UNKNOWN,UNKNOWN,0.2433,0,49.781
1661,44.0676,35,4.9652,0.9331,leg_raise_lower,UNKNOWN,UNKNOWN,0.2433,0,49.47
1662,44.089,35,4.9867,0.9333,leg_raise_lower,UNKNOWN,UNKNOWN,0.2433,0,51.326
1663,44.1036,35,4.9871,0.9333,leg_raise_lower,UNKNOWN,UNKNOWN,0.2433,0,50.929
1664,44.125,35,4.996,0.9333,leg_raise_lower,UNKNOWN,UNKNOWN,0.2433,0,51.87
1665,44.1414,35,4.9972,0.9333,leg_raise_lower,UNKNOWN,UNKNOWN,0.2433,0,52.795
1666,44.1577,35,4.9862,0.9331,leg_raise_lower,UNKNOWN,UNKNOWN,0.2433,0,54.277
1667,44.1726,35,4.9868,0.9331,leg_raise_lower,UNKNOWN,UNKNOWN,0.2433,0,54.397
1668,44.1906,35,4.9914,0.9331,leg_raise_lower,UNKNOWN,UNKNOWN,0.2433,0,55.699
1669,44.2054,35,4.9935,0.9331,leg_raise_lower,UNKNOWN,UNKNOWN,0.2433,0,56.624
1670,44.2208,35,4.9955,0.9331,leg_raise_lower,UNKNOWN,UNKNOWN,0.2433,0,57.741
1671,44.2356,35,4.9972,0.9331,leg_raise_lower,UNKNOWN,UNKNOWN,0.2433,0,60.026
1672,44.2483,35,4.9892,0.9331,leg_raise_lower,UNKNOWN,UNKNOWN,0.2433,1,61.62
1672,44.2483,94,0.9379,0.3125,WARMING_UP,WARMING_UP,WARMING_UP,0.0,0,61.62
1673,44.2998,35,4.9448,0.9323,leg_raise_lower,UNKNOWN,UNKNOWN,0.2433,0,57.151
1674,44.3201,35,4.9651,0.9326,leg_raise_lower,UNKNOWN,UNKNOWN,0.2433,0,56.391
1675,44.3405,35,4.9855,0.9328,leg_raise_lower,UNKNOWN,UNKNOWN,0.2433,0,56.394
1676,44.358,35,4.9858,0.9328,leg_raise_lower,UNKNOWN,UNKNOWN,0.2433,0,55.667
1677,44.3786,35,4.9882,0.9328,leg_raise_lower,UNKNOWN,UNKNOWN,0.2433,0,57.298
1678,44.3924,35,4.9876,0.9328,leg_raise_lower,UNKNOWN,UNKNOWN,0.2433,0,56.695
1679,44.4119,35,4.9876,0.9328,leg_raise_lower,UNKNOWN,UNKNOWN,0.2433,0,55.96
1680,44.4321,35,4.9877,0.9328,leg_raise_lower,UNKNOWN,UNKNOWN,0.2433,0,55.38
1681,44.4522,35,4.986,0.9328,leg_raise_lower,UNKNOWN,UNKNOWN,0.2433,0,54.896
1682,44.472,35,4.9899,0.9328,leg_raise_lower,UNKNOWN,UNKNOWN,0.2433,0,54.183
1682,44.472,94,1.1616,0.2759,WARMING_UP,WARMING_UP,WARMING_UP,0.0,0,54.183
1683,44.4932,35,4.9941,0.9328,leg_raise_lower,UNKNOWN,UNKNOWN,0.2433,0,55.877
1684,44.5065,35,4.9855,0.9328,leg_raise_lower,UNKNOWN,UNKNOWN,0.23,1,55.883
1685,44.5616,35,4.9564,0.9323,leg_raise_lower,UNKNOWN,UNKNOWN,0.23,0,51.993
1686,44.5837,35,4.9785,0.9326,leg_raise_lower,UNKNOWN,UNKNOWN,0.23,0,51.145
1687,44.6066,35,4.9878,0.9326,leg_raise_lower,UNKNOWN,UNKNOWN,0.23,0,51.352
1687,44.6066,94,1.2963,0.2698,WARMING_UP,WARMING_UP,WARMING_UP,0.0,0,51.352
1688,44.6258,35,4.9919,0.9326,leg_raise_lower,UNKNOWN,UNKNOWN,0.23,0,51.302
1689,44.6453,35,4.9976,0.9326,leg_raise_lower,UNKNOWN,UNKNOWN,0.23,0,50.653
1689,44.6453,94,1.3349,0.2769,WARMING_UP,WARMING_UP,WARMING_UP,0.0,0,50.653
1690,44.6674,35,4.9922,0.9323,leg_raise_lower,UNKNOWN,UNKNOWN,0.23,0,51.976
1691,44.683,35,4.9937,0.9323,leg_raise_lower,UNKNOWN,UNKNOWN,0.23,0,52.572
1691,44.683,94,1.3726,0.2836,WARMING_UP,WARMING_UP,WARMING_UP,0.0,0,52.572
1692,44.7005,35,4.9955,0.9323,leg_raise_lower,UNKNOWN,UNKNOWN,0.23,0,52.11
1692,44.7005,94,1.3901,0.2941,WARMING_UP,WARMING_UP,WARMING_UP,0.0,0,52.11
1693,44.7213,35,4.9954,0.9323,leg_raise_lower,UNKNOWN,UNKNOWN,0.23,0,51.537
1693,44.7213,94,1.411,0.3043,WARMING_UP,WARMING_UP,WARMING_UP,0.0,0,51.537
1694,44.7432,35,4.9897,0.9321,leg_raise_lower,UNKNOWN,UNKNOWN,0.23,0,53.755
1694,44.7432,94,1.4329,0.3143,WARMING_UP,WARMING_UP,WARMING_UP,0.0,0,53.755
1695,44.7564,35,4.989,0.9321,leg_raise_lower,UNKNOWN,UNKNOWN,0.23,0,53.678
1695,44.7564,94,1.446,0.3239,WARMING_UP,WARMING_UP,WARMING_UP,0.0,0,53.678
1696,44.7754,35,4.9921,0.9321,leg_raise_lower,UNKNOWN,UNKNOWN,0.2433,1,55.184
1697,44.8253,35,4.9582,0.9316,leg_raise_lower,UNKNOWN,UNKNOWN,0.2433,0,51.644
1698,44.8403,35,4.9731,0.9318,leg_raise_lower,UNKNOWN,UNKNOWN,0.2433,0,53.298
1698,44.8403,94,1.53,0.3243,WARMING_UP,WARMING_UP,WARMING_UP,0.0,0,53.298
1699,44.855,35,4.9879,0.9321,leg_raise_lower,UNKNOWN,UNKNOWN,0.2433,0,53.245
1699,44.855,94,1.5447,0.3333,WARMING_UP,WARMING_UP,WARMING_UP,0.0,0,53.245
1700,44.8741,35,4.9915,0.9321,leg_raise_lower,UNKNOWN,UNKNOWN,0.2433,0,52.669
1700,44.8741,94,1.5638,0.3421,WARMING_UP,WARMING_UP,WARMING_UP,0.0,0,52.669
1701,44.8958,35,4.9871,0.9318,leg_raise_lower,UNKNOWN,UNKNOWN,0.2433,0,52.337
1701,44.8958,94,1.5854,0.3506,WARMING_UP,WARMING_UP,WARMING_UP,0.0,0,52.337
1702,44.9153,35,4.9927,0.9318,leg_raise_lower,UNKNOWN,UNKNOWN,0.2433,0,52.556
1702,44.9153,94,1.605,0.359,WARMING_UP,WARMING_UP,WARMING_UP,0.0,0,52.556
1703,44.9337,35,4.9968,0.9318,leg_raise_lower,UNKNOWN,UNKNOWN,0.2433,0,53.008
1704,44.9511,35,4.9886,0.9316,leg_raise_lower,UNKNOWN,UNKNOWN,0.2433,0,52.393
1704,44.9511,94,1.6408,0.3625,WARMING_UP,WARMING_UP,WARMING_UP,0.0,0,52.393
1705,44.9726,35,4.9887,0.9316,leg_raise_lower,UNKNOWN,UNKNOWN,0.2433,0,51.773
1706,44.9943,35,4.997,0.9316,leg_raise_lower,UNKNOWN,UNKNOWN,0.2433,0,51.451
1707,45.0146,35,4.9922,0.9313,leg_raise_lower,UNKNOWN,UNKNOWN,0.2433,0,51.086
1708,45.0357,35,4.9992,0.9313,leg_raise_lower,UNKNOWN,UNKNOWN,0.2367,1,52.715
1709,45.0921,35,4.9693,0.9385,leg_raise_lower,UNKNOWN,UNKNOWN,0.2367,0,49.027
1710,45.1136,35,4.9909,0.9387,leg_raise_lower,UNKNOWN,UNKNOWN,0.2367,0,48.861
1711,45.1348,35,4.9974,0.9425,leg_raise_lower,UNKNOWN,UNKNOWN,0.2367,0,50.398
1711,45.1348,94,1.8244,0.3448,WARMING_UP,WARMING_UP,WARMING_UP,0.0,0,50.398
1712,45.1503,35,4.999,0.9425,leg_raise_lower,UNKNOWN,UNKNOWN,0.2367,0,51.021
1712,45.1503,94,1.84,0.3523,WARMING_UP,WARMING_UP,WARMING_UP,0.0,0,51.021
1713,45.168,35,4.9857,0.9423,leg_raise_lower,UNKNOWN,UNKNOWN,0.2367,0,51.364
1713,45.168,94,1.8576,0.3596,WARMING_UP,WARMING_UP,WARMING_UP,0.0,0,51.364
1714,45.1864,35,4.983,0.9423,leg_raise_lower,UNKNOWN,UNKNOWN,0.2367,0,50.963
1715,45.2076,35,4.9875,0.9462,leg_raise_lower,UNKNOWN,UNKNOWN,0.2367,0,53.121
1715,45.2076,94,1.8973,0.3626,WARMING_UP,WARMING_UP,WARMING_UP,0.0,0,53.121
1716,45.2212,35,4.9863,0.95,leg_raise_lower,UNKNOWN,UNKNOWN,0.2367,0,52.548
1716,45.2212,94,1.9108,0.3696,WARMING_UP,WARMING_UP,WARMING_UP,0.0,0,52.548
1717,45.2426,35,4.9944,0.9538,leg_raise_lower,UNKNOWN,UNKNOWN,0.2367,0,53.839
1717,45.2426,94,1.9323,0.3763,WARMING_UP,WARMING_UP,WARMING_UP,0.0,0,53.839
1718,45.2578,35,4.9953,0.9577,leg_raise_lower,UNKNOWN,UNKNOWN,0.2367,0,52.516
1719,45.2825,35,4.9982,0.9577,leg_raise_lower,UNKNOWN,UNKNOWN,0.2367,0,52.055
1719,45.2825,94,1.9721,0.3789,WARMING_UP,WARMING_UP,WARMING_UP,0.0,0,52.055
1720,45.3031,35,4.9992,0.9615,leg_raise_lower,UNKNOWN,UNKNOWN,0.2333,1,51.879
1721,45.3616,35,4.9762,0.969,leg_raise_lower,UNKNOWN,UNKNOWN,0.2333,0,48.585
1722,45.3758,35,4.9904,0.9691,leg_raise_lower,UNKNOWN,UNKNOWN,0.2333,0,50.241
1723,45.3911,35,4.991,0.973,leg_raise_lower,UNKNOWN,UNKNOWN,0.2333,0,53.07
1724,45.4039,35,4.99,0.9768,leg_raise_lower,UNKNOWN,UNKNOWN,0.2333,0,55.085
1725,45.4175,35,4.9912,0.9768,leg_raise_lower,UNKNOWN,UNKNOWN,0.2333,0,55.543
1726,45.4343,35,4.9853,0.9768,leg_raise_lower,UNKNOWN,UNKNOWN,0.2333,0,57.577
1727,45.4474,35,4.9984,0.9769,leg_raise_lower,UNKNOWN,UNKNOWN,0.2333,0,59.096
1728,45.4612,35,4.9991,0.9769,leg_raise_lower,UNKNOWN,UNKNOWN,0.2333,0,60.553
1728,45.4612,94,2.1509,0.3558,WARMING_UP,WARMING_UP,WARMING_UP,0.0,0,60.553
1729,45.475,35,4.9994,0.9769,leg_raise_lower,UNKNOWN,UNKNOWN,0.2333,0,62.161
1729,45.475,94,2.1646,0.3619,WARMING_UP,WARMING_UP,WARMING_UP,0.0,0,62.161
1730,45.4882,35,4.9858,0.9768,leg_raise_lower,UNKNOWN,UNKNOWN,0.2333,0,63.615
1731,45.5007,35,4.9983,0.9769,leg_raise_lower,UNKNOWN,UNKNOWN,0.2333,0,64.581
1731,45.5007,94,2.1904,0.3645,WARMING_UP,WARMING_UP,WARMING_UP,0.0,0,64.581
1732,45.5146,35,4.996,0.9769,leg_raise_lower,UNKNOWN,UNKNOWN,0.2333,0,65.215
1733,45.5288,35,4.9955,0.9769,leg_raise_lower,UNKNOWN,UNKNOWN,0.2333,0,64.582
1733,45.5288,94,2.2184,0.367,WARMING_UP,WARMING_UP,WARMING_UP,0.0,0,64.582
1734,45.5459,35,4.9998,0.9769,leg_raise_lower,UNKNOWN,UNKNOWN,0.2333,0,65.403
1734,45.5459,94,2.2356,0.3727,WARMING_UP,WARMING_UP,WARMING_UP,0.0,0,65.403
1735,45.5601,35,4.989,0.9807,leg_raise_lower,UNKNOWN,UNKNOWN,0.2333,1,65.413
1735,45.5601,94,2.2497,0.3784,WARMING_UP,WARMING_UP,WARMING_UP,0.0,0,65.413
1736,45.6225,35,4.96,0.9883,leg_raise_lower,UNKNOWN,UNKNOWN,0.2333,0,60.403
1737,45.64,35,4.9775,0.9883,leg_raise_lower,UNKNOWN,UNKNOWN,0.2333,0,59.789
1737,45.64,94,2.3296,0.3805,WARMING_UP,WARMING_UP,WARMING_UP,0.0,0,59.789
1738,45.6583,35,4.9959,0.9884,leg_raise_lower,UNKNOWN,UNKNOWN,0.2333,0,59.254
1738,45.6583,94,2.348,0.386,WARMING_UP,WARMING_UP,WARMING_UP,0.0,0,59.254
1739,45.6768,35,4.9922,0.9884,leg_raise_lower,UNKNOWN,UNKNOWN,0.2333,0,59.656
1739,45.6768,94,2.3665,0.3913,WARMING_UP,WARMING_UP,WARMING_UP,0.0,0,59.656
1740,45.6926,35,4.9886,0.9884,leg_raise_lower,UNKNOWN,UNKNOWN,0.2333,0,59.806
1741,45.7093,35,4.9841,0.9884,leg_raise_lower,UNKNOWN,UNKNOWN,0.2333,0,58.365
1741,45.7093,94,2.399,0.3932,WARMING_UP,WARMING_UP,WARMING_UP,0.0,0,58.365
1742,45.7311,35,4.993,0.9884,leg_raise_lower,UNKNOWN,UNKNOWN,0.2333,0,58.752
1743,45.7469,35,4.995,0.9884,leg_raise_lower,UNKNOWN,UNKNOWN,0.2333,0,57.551
1743,45.7469,94,2.4366,0.395,WARMING_UP,WARMING_UP,WARMING_UP,0.0,0,57.551
1744,45.7685,35,4.9826,0.9883,leg_raise_lower,UNKNOWN,UNKNOWN,0.2333,0,56.445
1744,45.7685,94,2.4582,0.4,WARMING_UP,WARMING_UP,WARMING_UP,0.0,0,56.445
1745,45.7904,35,4.9873,0.9883,leg_raise_lower,UNKNOWN,UNKNOWN,0.2333,0,55.509
1746,45.8112,35,4.9901,0.9883,leg_raise_lower,UNKNOWN,UNKNOWN,0.24,1,55.45
1747,45.867,35,4.9877,0.9882,leg_raise_lower,UNKNOWN,UNKNOWN,0.24,0,51.833
1748,45.8811,35,4.9499,0.9882,leg_raise_lower,UNKNOWN,UNKNOWN,0.24,0,54.593
1749,45.8938,35,4.9626,0.9883,leg_raise_lower,UNKNOWN,UNKNOWN,0.24,0,56.604
1750,45.9075,35,4.9764,0.9883,leg_raise_lower,UNKNOWN,UNKNOWN,0.24,0,58.613
1751,45.9198,35,4.9886,0.9884,leg_raise_lower,UNKNOWN,UNKNOWN,0.24,0,59.744
1752,45.9345,35,4.9887,0.9884,leg_raise_lower,UNKNOWN,UNKNOWN,0.24,0,59.885
1753,45.9507,35,4.9925,0.9884,leg_raise_lower,UNKNOWN,UNKNOWN,0.24,0,60.834
1753,45.9507,94,2.6404,0.3798,WARMING_UP,WARMING_UP,WARMING_UP,0.0,0,60.834
1754,45.9661,35,4.9947,0.9884,leg_raise_lower,UNKNOWN,UNKNOWN,0.24,0,61.204
1755,45.9807,35,4.993,0.9884,leg_raise_lower,UNKNOWN,UNKNOWN,0.24,0,62.981
1756,45.9933,35,4.9834,0.9884,leg_raise_lower,UNKNOWN,UNKNOWN,0.24,0,64.858
1757,46.0054,35,4.9955,0.9884,leg_raise_lower,UNKNOWN,UNKNOWN,0.24,0,66.42
1758,46.0177,35,4.9953,0.9884,leg_raise_lower,UNKNOWN,UNKNOWN,0.24,0,65.528
1759,46.0355,35,4.9981,0.9884,leg_raise_lower,UNKNOWN,UNKNOWN,0.24,0,65.884
1760,46.05,35,4.9913,0.9884,leg_raise_lower,UNKNOWN,UNKNOWN,0.24,0,66.288
1761,46.0642,35,4.9928,0.9884,leg_raise_lower,UNKNOWN,UNKNOWN,0.24,1,66.551
1762,46.1236,35,4.9982,0.9883,leg_raise_lower,UNKNOWN,UNKNOWN,0.24,0,61.447
1763,46.1433,35,4.9556,0.9882,leg_raise_lower,UNKNOWN,UNKNOWN,0.24,0,60.787
1764,46.1614,35,4.9737,0.9883,leg_raise_lower,UNKNOWN,UNKNOWN,0.24,0,59.587
1765,46.182,35,4.9942,0.9883,leg_raise_lower,UNKNOWN,UNKNOWN,0.24,0,59.349
1766,46.1994,35,4.9897,0.9883,leg_raise_lower,UNKNOWN,UNKNOWN,0.24,0,58.38
1767,46.2197,35,4.9967,0.9883,leg_raise_lower,UNKNOWN,UNKNOWN,0.24,0,59.763
1768,46.2333,35,4.9969,0.9883,leg_raise_lower,UNKNOWN,UNKNOWN,0.24,0,59.149
1769,46.2523,35,4.9998,0.9883,leg_raise_lower,UNKNOWN,UNKNOWN,0.24,0,60.353
1770,46.266,35,4.9969,0.9883,leg_raise_lower,UNKNOWN,UNKNOWN,0.24,0,59.144
1771,46.2869,35,4.9876,0.9883,leg_raise_lower,UNKNOWN,UNKNOWN,0.24,0,57.953
1772,46.308,35,4.9917,0.9883,leg_raise_lower,UNKNOWN,UNKNOWN,0.24,0,59.652
1773,46.3216,35,4.991,0.9883,leg_raise_lower,UNKNOWN,UNKNOWN,0.24,1,58.673
1774,46.4629,35,4.9999,0.9881,leg_raise_lower,UNKNOWN,UNKNOWN,0.24,0,53.54
1775,46.4773,35,4.9981,0.9881,leg_raise_lower,UNKNOWN,UNKNOWN,0.24,0,55.754
1776,46.4916,35,4.9865,0.9881,leg_raise_lower,UNKNOWN,UNKNOWN,0.24,0,57.466
1777,46.5053,35,4.9862,0.9881,leg_raise_lower,UNKNOWN,UNKNOWN,0.24,0,56.029
1778,46.5278,35,4.9926,0.9881,leg_raise_lower,UNKNOWN,UNKNOWN,0.24,0,57.2
1779,46.5426,35,4.9865,0.9881,leg_raise_lower,UNKNOWN,UNKNOWN,0.24,0,58.637
1780,46.5565,35,4.987,0.9881,leg_raise_lower,UNKNOWN,UNKNOWN,0.24,0,60.553
1781,46.5693,35,4.9998,0.9881,leg_raise_lower,UNKNOWN,UNKNOWN,0.24,0,62.061
1782,46.5825,35,4.999,0.9881,leg_raise_lower,UNKNOWN,UNKNOWN,0.2233,1,60.681
1783,46.64,35,4.9788,0.988,leg_raise_lower,UNKNOWN,UNKNOWN,0.2233,0,56.568
1784,46.6546,35,4.9934,0.988,leg_raise_lower,UNKNOWN,UNKNOWN,0.2233,0,58.552
1785,46.6674,35,4.9559,0.988,leg_raise_lower,UNKNOWN,UNKNOWN,0.2233,0,59.959
1786,46.6812,35,4.9697,0.988,leg_raise_lower,UNKNOWN,UNKNOWN,0.2233,0,61.722
1787,46.6941,35,4.9826,0.9881,leg_raise_lower,UNKNOWN,UNKNOWN,0.2233,0,62.679
1788,46.7081,35,4.9966,0.9881,leg_raise_lower,UNKNOWN,UNKNOWN,0.2233,0,63.251
1789,46.7227,35,4.9964,0.9881,leg_raise_lower,UNKNOWN,UNKNOWN,0.2233,0,64.4
1790,46.7358,35,4.9887,0.9881,leg_raise_lower,UNKNOWN,UNKNOWN,0.2233,0,66.002
1791,46.7489,35,4.9814,0.9881,leg_raise_lower,UNKNOWN,UNKNOWN,0.2233,0,66.671
1792,46.7622,35,4.9947,0.9882,leg_raise_lower,UNKNOWN,UNKNOWN,0.2233,0,67.607
1793,46.7752,35,4.9882,0.9882,leg_raise_lower,UNKNOWN,UNKNOWN,0.2233,0,68.168
1794,46.7892,35,4.9891,0.9882,leg_raise_lower,UNKNOWN,UNKNOWN,0.2233,0,68.552
1795,46.803,35,4.9893,0.9882,leg_raise_lower,UNKNOWN,UNKNOWN,0.2233,0,69.0
1796,46.8169,35,4.99,0.9882,leg_raise_lower,UNKNOWN,UNKNOWN,0.2233,0,69.351
1797,46.8306,35,4.9897,0.9882,leg_raise_lower,UNKNOWN,UNKNOWN,0.2233,0,69.387
1798,46.8448,35,4.9907,0.9882,leg_raise_lower,UNKNOWN,UNKNOWN,0.2267,1,69.653
1799,46.8952,35,4.999,0.9881,leg_raise_lower,UNKNOWN,UNKNOWN,0.2267,0,64.382
1800,46.9179,35,4.9497,0.988,leg_raise_lower,UNKNOWN,UNKNOWN,0.2267,0,62.542
1801,46.9394,35,4.9711,0.9881,leg_raise_lower,UNKNOWN,UNKNOWN,0.2267,0,61.787
1802,46.9577,35,4.9894,0.9881,leg_raise_lower,UNKNOWN,UNKNOWN,0.2267,0,60.382
1803,46.9788,35,4.9963,0.9881,leg_raise_lower,UNKNOWN,UNKNOWN,0.2267,0,61.384
1804,46.9926,35,4.9959,0.9881,leg_raise_lower,UNKNOWN,UNKNOWN,0.2267,0,60.196
1805,47.0161,35,4.989,0.9881,leg_raise_lower,UNKNOWN,UNKNOWN,0.2267,0,60.038
1806,47.0301,35,4.9891,0.9881,leg_raise_lower,UNKNOWN,UNKNOWN,0.2267,0,60.322
1807,47.046,35,4.9913,0.9881,leg_raise_lower,UNKNOWN,UNKNOWN,0.2267,0,59.3
1808,47.0661,35,4.9979,0.9881,leg_raise_lower,UNKNOWN,UNKNOWN,0.2267,0,59.886
1809,47.0813,35,4.9989,0.9881,leg_raise_lower,UNKNOWN,UNKNOWN,0.2267,0,61.164
1810,47.0951,35,4.994,0.9881,leg_raise_lower,UNKNOWN,UNKNOWN,0.2333,1,59.839
1811,47.1619,35,4.9945,0.988,leg_raise_lower,UNKNOWN,UNKNOWN,0.2333,0,55.51
1812,47.1764,35,4.9577,0.988,leg_raise_lower,UNKNOWN,UNKNOWN,0.2333,0,54.902
1813,47.1966,35,4.9779,0.988,leg_raise_lower,UNKNOWN,UNKNOWN,0.2333,0,54.505
1814,47.2163,35,4.9976,0.988,leg_raise_lower,UNKNOWN,UNKNOWN,0.2333,0,56.78
1815,47.2291,35,4.9964,0.988,leg_raise_lower,UNKNOWN,UNKNOWN,0.2333,0,55.434
1816,47.2526,35,4.991,0.988,leg_raise_lower,UNKNOWN,UNKNOWN,0.2333,0,54.913
1817,47.2736,35,4.9962,0.988,leg_raise_lower,UNKNOWN,UNKNOWN,0.2333,0,53.925
1818,47.2945,35,4.9887,0.988,leg_raise_lower,UNKNOWN,UNKNOWN,0.2333,0,53.309
1819,47.3155,35,4.9966,0.988,leg_raise_lower,UNKNOWN,UNKNOWN,0.2333,0,52.808
1820,47.3361,35,4.9856,0.9879,leg_raise_lower,UNKNOWN,UNKNOWN,0.2333,0,52.323
1821,47.357,35,4.9929,0.9879,leg_raise_lower,UNKNOWN,UNKNOWN,0.2233,1,54.066
1822,47.4088,35,4.9968,0.9878,leg_raise_lower,UNKNOWN,UNKNOWN,0.2233,0,50.582
1823,47.4232,35,4.997,0.9878,leg_raise_lower,UNKNOWN,UNKNOWN,0.2233,0,52.485
1824,47.4382,35,4.9618,0.9878,leg_raise_lower,UNKNOWN,UNKNOWN,0.2233,0,54.718
1825,47.4539,35,4.9776,0.9879,leg_raise_lower,UNKNOWN,UNKNOWN,0.2233,0,55.631
1826,47.4667,35,4.9904,0.9879,leg_raise_lower,UNKNOWN,UNKNOWN,0.2233,0,57.763
1827,47.4795,35,4.9826,0.9879,leg_raise_lower,UNKNOWN,UNKNOWN,0.2233,0,59.218
1828,47.4934,35,4.9965,0.988,leg_raise_lower,UNKNOWN,UNKNOWN,0.2233,0,60.254
1829,47.5084,35,4.9915,0.988,leg_raise_lower,UNKNOWN,UNKNOWN,0.2233,0,60.275
1830,47.5243,35,4.9934,0.988,leg_raise_lower,UNKNOWN,UNKNOWN,0.2233,0,61.179
1831,47.5387,35,4.9938,0.988,leg_raise_lower,UNKNOWN,UNKNOWN,0.2233,0,63.148
1832,47.5511,35,4.9922,0.988,leg_raise_lower,UNKNOWN,UNKNOWN,0.2233,0,64.707
1833,47.5638,35,4.9902,0.988,leg_raise_lower,UNKNOWN,UNKNOWN,0.2233,0,62.629
1834,47.5868,35,4.9989,0.988,leg_raise_lower,UNKNOWN,UNKNOWN,0.2233,0,62.147
1835,47.604,35,4.9889,0.9879,leg_raise_lower,UNKNOWN,UNKNOWN,0.2233,0,63.238
1836,47.6188,35,4.9904,0.9879,leg_raise_lower,UNKNOWN,UNKNOWN,0.23,1,63.998
1837,47.6681,35,4.9918,0.9878,leg_raise_lower,UNKNOWN,UNKNOWN,0.23,0,59.356
1838,47.6886,35,4.998,0.9919,leg_raise_lower,UNKNOWN,UNKNOWN,0.23,0,59.234
1839,47.7059,35,4.9665,0.9919,leg_raise_lower,UNKNOWN,UNKNOWN,0.23,0,58.867
1840,47.7238,35,4.9844,0.9919,leg_raise_lower,UNKNOWN,UNKNOWN,0.23,0,57.739
1841,47.7449,35,4.9916,0.9919,leg_raise_lower,UNKNOWN,UNKNOWN,0.23,0,56.861
1842,47.7654,35,4.9963,0.9919,leg_raise_lower,UNKNOWN,UNKNOWN,0.23,0,55.404
1843,47.7889,35,4.9929,0.9959,leg_raise_lower,UNKNOWN,UNKNOWN,0.23,0,54.567
1844,47.8102,35,4.9991,0.9959,leg_raise_lower,UNKNOWN,UNKNOWN,0.23,0,56.038
1845,47.8246,35,4.9963,0.9959,leg_raise_lower,UNKNOWN,UNKNOWN,0.23,0,56.065
1846,47.8423,35,4.9975,0.9959,leg_raise_lower,UNKNOWN,UNKNOWN,0.23,0,57.808
1847,47.8559,35,4.998,0.9959,leg_raise_lower,UNKNOWN,UNKNOWN,0.23,0,56.994
1848,47.8762,35,4.9896,1.0,leg_raise_lower,UNKNOWN,UNKNOWN,0.23,1,58.521
1849,47.9346,35,4.9867,1.0,leg_raise_lower,UNKNOWN,UNKNOWN,0.23,0,54.39
1850,47.9479,35,5.0,1.0,leg_raise_lower,UNKNOWN,UNKNOWN,0.23,0,57.095
1851,47.9601,35,4.9564,1.0,leg_raise_lower,UNKNOWN,UNKNOWN,0.23,0,59.151
1852,47.9731,35,4.9695,1.0,leg_raise_lower,UNKNOWN,UNKNOWN,0.23,0,60.662
1853,47.9866,35,4.9829,1.0,leg_raise_lower,UNKNOWN,UNKNOWN,0.23,0,61.583
1854,48.001,35,4.9973,1.0,leg_raise_lower,UNKNOWN,UNKNOWN,0.23,0,62.355
1855,48.0155,35,4.9931,1.0,leg_raise_lower,UNKNOWN,UNKNOWN,0.23,0,63.528
1856,48.0285,35,4.9919,1.0,leg_raise_lower,UNKNOWN,UNKNOWN,0.23,0,65.273
1857,48.0412,35,4.9906,1.0,leg_raise_lower,UNKNOWN,UNKNOWN,0.23,0,66.497
1858,48.054,35,4.9899,1.0,leg_raise_lower,UNKNOWN,UNKNOWN,0.23,0,68.04
1859,48.0663,35,4.9894,1.0,leg_raise_lower,UNKNOWN,UNKNOWN,0.23,0,67.646
1860,48.0823,35,4.9845,1.0,leg_raise_lower,UNKNOWN,UNKNOWN,0.23,0,68.261
1861,48.0955,35,4.9977,1.0,leg_raise_lower,UNKNOWN,UNKNOWN,0.23,0,69.261
1862,48.1081,35,4.991,1.0,leg_raise_lower,UNKNOWN,UNKNOWN,0.23,0,67.565
1863,48.1277,35,4.9898,1.0,leg_raise_lower,UNKNOWN,UNKNOWN,0.2267,1,67.51
1864,48.1789,35,4.9939,1.0,leg_raise_lower,UNKNOWN,UNKNOWN,0.2267,0,62.472
1865,48.201,35,4.9991,1.0,leg_raise_lower,UNKNOWN,UNKNOWN,0.2267,0,61.272
1866,48.2205,35,4.9663,1.0,leg_raise_lower,UNKNOWN,UNKNOWN,0.2267,0,62.32
1867,48.2344,35,4.9802,1.0,leg_raise_lower,UNKNOWN,UNKNOWN,0.2267,0,62.387
1868,48.2504,35,4.9962,1.0,leg_raise_lower,UNKNOWN,UNKNOWN,0.2267,0,60.888
1869,48.2715,35,4.9985,1.0,leg_raise_lower,UNKNOWN,UNKNOWN,0.2267,0,59.44
1870,48.2932,35,4.9828,1.0,leg_raise_lower,UNKNOWN,UNKNOWN,0.2267,0,60.616
1871,48.3068,35,4.9964,1.0,leg_raise_lower,UNKNOWN,UNKNOWN,0.2267,0,59.808
1872,48.326,35,4.9998,1.0,leg_raise_lower,UNKNOWN,UNKNOWN,0.2267,0,58.082
1873,48.3496,35,4.9944,1.0,leg_raise_lower,UNKNOWN,UNKNOWN,0.2267,0,59.689
1874,48.3631,35,4.9942,1.0,leg_raise_lower,UNKNOWN,UNKNOWN,0.2267,0,60.149
1875,48.3786,35,4.9938,1.0,leg_raise_lower,UNKNOWN,UNKNOWN,0.2367,1,62.052
1876,48.4275,35,4.9852,1.0,leg_raise_lower,UNKNOWN,UNKNOWN,0.2367,0,57.826
1877,48.4419,35,4.9995,1.0,leg_raise_lower,UNKNOWN,UNKNOWN,0.2367,0,58.472
1878,48.4574,35,4.9429,1.0,leg_raise_lower,UNKNOWN,UNKNOWN,0.2367,0,60.147
1879,48.4707,35,4.9563,1.0,leg_raise_lower,UNKNOWN,UNKNOWN,0.2367,0,61.26
1880,48.4846,35,4.9701,1.0,leg_raise_lower,UNKNOWN,UNKNOWN,0.2367,0,62.095
1881,48.499,35,4.9845,1.0,leg_raise_lower,UNKNOWN,UNKNOWN,0.2367,0,63.621
1882,48.5118,35,4.9973,1.0,leg_raise_lower,UNKNOWN,UNKNOWN,0.2367,0,64.853
1883,48.5247,35,4.991,1.0,leg_raise_lower,UNKNOWN,UNKNOWN,0.2367,0,66.373
1884,48.5378,35,4.9829,1.0,leg_raise_lower,UNKNOWN,UNKNOWN,0.2367,0,67.225
1885,48.5509,35,4.9961,1.0,leg_raise_lower,UNKNOWN,UNKNOWN,0.2367,0,67.861
1886,48.5645,35,4.9925,1.0,leg_raise_lower,UNKNOWN,UNKNOWN,0.2367,0,68.939
1887,48.5773,35,4.9867,1.0,leg_raise_lower,UNKNOWN,UNKNOWN,0.2367,0,68.729
1888,48.5922,35,4.9829,1.0,leg_raise_lower,UNKNOWN,UNKNOWN,0.2367,0,66.502
1889,48.614,35,4.9842,1.0,leg_raise_lower,UNKNOWN,UNKNOWN,0.2367,0,67.19
1890,48.6274,35,4.9976,1.0,leg_raise_lower,UNKNOWN,UNKNOWN,0.2367,0,67.983
1891,48.6406,35,4.9896,1.0,leg_raise_lower,UNKNOWN,UNKNOWN,0.23,1,67.214
1892,48.6948,35,4.9906,1.0,leg_raise_lower,UNKNOWN,UNKNOWN,0.23,0,62.18
1893,48.7166,35,4.9905,1.0,leg_raise_lower,UNKNOWN,UNKNOWN,0.23,0,60.732
1894,48.7376,35,4.9504,1.0,leg_raise_lower,UNKNOWN,UNKNOWN,0.23,0,59.834
1895,48.7568,35,4.9696,1.0,leg_raise_lower,UNKNOWN,UNKNOWN,0.23,0,58.574
1896,48.7785,35,4.9914,1.0,leg_raise_lower,UNKNOWN,UNKNOWN,0.23,0,57.541
1897,48.7987,35,4.9904,1.0,leg_raise_lower,UNKNOWN,UNKNOWN,0.23,0,56.02
1898,48.8225,35,4.9939,1.0,leg_raise_lower,UNKNOWN,UNKNOWN,0.23,0,54.787
1899,48.8457,35,4.9882,1.0,leg_raise_lower,UNKNOWN,UNKNOWN,0.23,0,53.968
1900,48.8668,35,4.995,1.0,leg_raise_lower,UNKNOWN,UNKNOWN,0.23,0,55.793
1901,48.8804,35,4.9931,1.0,leg_raise_lower,UNKNOWN,UNKNOWN,0.23,0,57.01
1902,48.8956,35,4.9902,1.0,leg_raise_lower,UNKNOWN,UNKNOWN,0.24,1,56.4
1903,48.9611,35,4.9885,1.0,leg_raise_lower,UNKNOWN,UNKNOWN,0.24,0,52.438
1904,48.9746,35,4.9853,1.0,leg_raise_lower,UNKNOWN,UNKNOWN,0.24,0,54.941
1905,48.9873,35,4.9981,1.0,leg_raise_lower,UNKNOWN,UNKNOWN,0.24,0,56.848
1906,49.0012,35,4.9519,1.0,leg_raise_lower,UNKNOWN,UNKNOWN,0.24,0,57.932
1907,49.0156,35,4.9664,1.0,leg_raise_lower,UNKNOWN,UNKNOWN,0.24,0,59.531
1908,49.0291,35,4.9799,1.0,leg_raise_lower,UNKNOWN,UNKNOWN,0.24,0,61.216
1909,49.0421,35,4.9928,1.0,leg_raise_lower,UNKNOWN,UNKNOWN,0.24,0,62.441
1910,49.0559,35,4.9883,1.0,leg_raise_lower,UNKNOWN,UNKNOWN,0.24,0,64.318
1911,49.0682,35,4.9791,1.0,leg_raise_lower,UNKNOWN,UNKNOWN,0.24,0,64.434
1912,49.0836,35,4.9946,1.0,leg_raise_lower,UNKNOWN,UNKNOWN,0.24,0,65.531
1913,49.0966,35,4.993,1.0,leg_raise_lower,UNKNOWN,UNKNOWN,0.24,0,66.341
1914,49.1104,35,4.9854,1.0,leg_raise_lower,UNKNOWN,UNKNOWN,0.24,0,67.082
1915,49.1237,35,4.9987,1.0,leg_raise_lower,UNKNOWN,UNKNOWN,0.24,0,67.734
1916,49.1374,35,4.996,1.0,leg_raise_lower,UNKNOWN,UNKNOWN,0.24,0,67.265
1917,49.1532,35,4.9955,1.0,leg_raise_lower,UNKNOWN,UNKNOWN,0.2267,1,68.437
1918,49.2035,35,4.998,1.0,leg_raise_lower,UNKNOWN,UNKNOWN,0.2267,0,63.293
1919,49.225,35,4.9894,1.0,leg_raise_lower,UNKNOWN,UNKNOWN,0.2267,0,61.724
1920,49.246,35,4.9977,1.0,leg_raise_lower,UNKNOWN,UNKNOWN,0.2267,0,62.963
1921,49.2592,35,4.9594,1.0,leg_raise_lower,UNKNOWN,UNKNOWN,0.2267,0,63.869
1922,49.2734,35,4.9736,1.0,leg_raise_lower,UNKNOWN,UNKNOWN,0.2267,0,64.963
1923,49.2866,35,4.9867,1.0,leg_raise_lower,UNKNOWN,UNKNOWN,0.2267,0,65.964
1924,49.3001,35,4.98,1.0,leg_raise_lower,UNKNOWN,UNKNOWN,0.2267,0,64.096
1925,49.3216,35,4.9811,1.0,leg_raise_lower,UNKNOWN,UNKNOWN,0.2267,0,62.403
1926,49.3421,35,4.9841,1.0,leg_raise_lower,UNKNOWN,UNKNOWN,0.2267,0,62.072
1927,49.3591,35,4.9805,1.0,leg_raise_lower,UNKNOWN,UNKNOWN,0.2267,0,61.793
1928,49.3762,35,4.9976,1.0,leg_raise_lower,UNKNOWN,UNKNOWN,0.2267,0,60.204
1929,49.3982,35,4.9863,1.0,leg_raise_lower,UNKNOWN,UNKNOWN,0.2267,0,60.515
1930,49.4136,35,4.9815,1.0,leg_raise_lower,UNKNOWN,UNKNOWN,0.24,1,61.545
1931,49.4658,35,4.9938,1.0,leg_raise_lower,UNKNOWN,UNKNOWN,0.24,0,57.279
1932,49.4806,35,4.9874,1.0,leg_raise_lower,UNKNOWN,UNKNOWN,0.24,0,58.73
1933,49.4952,35,4.9887,1.0,leg_raise_lower,UNKNOWN,UNKNOWN,0.24,0,57.153
1934,49.5181,35,4.9566,1.0,leg_raise_lower,UNKNOWN,UNKNOWN,0.24,0,56.15
1935,49.5394,35,4.9779,1.0,leg_raise_lower,UNKNOWN,UNKNOWN,0.24,0,57.893
1936,49.5526,35,4.991,1.0,leg_raise_lower,UNKNOWN,UNKNOWN,0.24,0,58.945
1937,49.5674,35,4.9837,1.0,leg_raise_lower,UNKNOWN,UNKNOWN,0.24,0,60.443
1938,49.5806,35,4.9969,1.0,leg_raise_lower,UNKNOWN,UNKNOWN,0.24,0,62.592
1939,49.5936,35,4.987,1.0,leg_raise_lower,UNKNOWN,UNKNOWN,0.24,0,63.731
1940,49.6066,35,4.9808,1.0,leg_raise_lower,UNKNOWN,UNKNOWN,0.24,0,65.248
1941,49.6194,35,4.9936,1.0,leg_raise_lower,UNKNOWN,UNKNOWN,0.24,0,65.619
1942,49.6339,35,4.9886,1.0,leg_raise_lower,UNKNOWN,UNKNOWN,0.24,0,64.956
1943,49.6507,35,4.9833,1.0,leg_raise_lower,UNKNOWN,UNKNOWN,0.24,0,65.203
1944,49.6657,35,4.9983,1.0,leg_raise_lower,UNKNOWN,UNKNOWN,0.2367,1,65.304
1945,49.7241,35,4.9809,1.0,leg_raise_lower,UNKNOWN,UNKNOWN,0.2367,0,60.514
1946,49.7388,35,4.9956,1.0,leg_raise_lower,UNKNOWN,UNKNOWN,0.2367,0,61.722
1947,49.752,35,4.9956,1.0,leg_raise_lower,UNKNOWN,UNKNOWN,0.2367,0,62.922
1948,49.7653,35,4.9899,1.0,leg_raise_lower,UNKNOWN,UNKNOWN,0.2367,0,61.874
1949,49.7846,35,4.9593,1.0,leg_raise_lower,UNKNOWN,UNKNOWN,0.2367,0,60.641
1950,49.8049,35,4.9796,1.0,leg_raise_lower,UNKNOWN,UNKNOWN,0.2367,0,61.41
1951,49.8191,35,4.9937,1.0,leg_raise_lower,UNKNOWN,UNKNOWN,0.2367,0,60.015
1952,49.8407,35,4.9857,1.0,leg_raise_lower,UNKNOWN,UNKNOWN,0.2367,0,58.771
1953,49.8616,35,4.9875,1.0,leg_raise_lower,UNKNOWN,UNKNOWN,0.2367,0,60.56
1954,49.8746,35,4.9788,1.0,leg_raise_lower,UNKNOWN,UNKNOWN,0.2367,0,60.844
1955,49.8903,35,4.9945,1.0,leg_raise_lower,UNKNOWN,UNKNOWN,0.2367,0,60.317
1956,49.9082,35,4.9929,1.0,leg_raise_lower,UNKNOWN,UNKNOWN,0.2367,0,58.867
1957,49.9301,35,4.9964,1.0,leg_raise_lower,UNKNOWN,UNKNOWN,0.2367,1,59.207
1958,49.9843,35,4.99,1.0,leg_raise_lower,UNKNOWN,UNKNOWN,0.2367,0,55.224
1959,49.9975,35,4.9829,1.0,leg_raise_lower,UNKNOWN,UNKNOWN,0.2367,0,55.352
1960,50.0154,35,4.9797,1.0,leg_raise_lower,UNKNOWN,UNKNOWN,0.2367,0,56.32
1961,50.0307,35,4.995,1.0,leg_raise_lower,UNKNOWN,UNKNOWN,0.2367,0,58.397
1962,50.0437,35,4.9516,1.0,leg_raise_lower,UNKNOWN,UNKNOWN,0.2367,0,60.169
1963,50.0571,35,4.965,1.0,leg_raise_lower,UNKNOWN,UNKNOWN,0.2367,0,61.998
1964,50.07,35,4.9779,1.0,leg_raise_lower,UNKNOWN,UNKNOWN,0.2367,0,63.12
1965,50.0832,35,4.9912,1.0,leg_raise_lower,UNKNOWN,UNKNOWN,0.2367,0,64.059
1966,50.0968,35,4.9832,1.0,leg_raise_lower,UNKNOWN,UNKNOWN,0.2367,0,65.75
1967,50.1101,35,4.9965,1.0,leg_raise_lower,UNKNOWN,UNKNOWN,0.2367,0,66.664
1968,50.1228,35,4.988,1.0,leg_raise_lower,UNKNOWN,UNKNOWN,0.2367,0,67.664
1969,50.1358,35,4.9854,1.0,leg_raise_lower,UNKNOWN,UNKNOWN,0.2367,0,68.491
1970,50.1489,35,4.9986,1.0,leg_raise_lower,UNKNOWN,UNKNOWN,0.2367,0,68.368
1971,50.1636,35,4.9957,1.0,leg_raise_lower,UNKNOWN,UNKNOWN,0.2367,0,68.713
1972,50.1775,35,4.9911,1.0,leg_raise_lower,UNKNOWN,UNKNOWN,0.2367,0,70.14
1973,50.1902,35,4.9826,1.0,leg_raise_lower,UNKNOWN,UNKNOWN,0.24,1,69.57
1974,50.2525,35,4.9947,1.0,leg_raise_lower,UNKNOWN,UNKNOWN,0.24,0,64.144
1975,50.2708,35,4.9883,1.0,leg_raise_lower,UNKNOWN,UNKNOWN,0.24,0,63.077
1976,50.2893,35,4.9863,1.0,leg_raise_lower,UNKNOWN,UNKNOWN,0.24,0,62.866
1977,50.3057,35,4.9441,1.0,leg_raise_lower,UNKNOWN,UNKNOWN,0.24,0,64.048
1978,50.3191,35,4.9575,1.0,leg_raise_lower,UNKNOWN,UNKNOWN,0.24,0,62.62
1979,50.3396,35,4.978,1.0,leg_raise_lower,UNKNOWN,UNKNOWN,0.24,0,60.974
1980,50.361,35,4.9994,1.0,leg_raise_lower,UNKNOWN,UNKNOWN,0.24,0,62.033
1981,50.375,35,4.9992,1.0,leg_raise_lower,UNKNOWN,UNKNOWN,0.24,0,60.845
1982,50.3951,35,4.9912,1.0,leg_raise_lower,UNKNOWN,UNKNOWN,0.24,0,60.897
1983,50.4116,35,4.9941,1.0,leg_raise_lower,UNKNOWN,UNKNOWN,0.24,0,60.398
1984,50.4289,35,4.9946,1.0,leg_raise_lower,UNKNOWN,UNKNOWN,0.24,0,59.217
1985,50.4496,35,4.9884,1.0,leg_raise_lower,UNKNOWN,UNKNOWN,0.23,1,60.683
1986,50.4998,35,4.9991,1.0,leg_raise_lower,UNKNOWN,UNKNOWN,0.23,0,56.612
1987,50.5133,35,4.9987,1.0,leg_raise_lower,UNKNOWN,UNKNOWN,0.23,0,56.318
1988,50.5317,35,4.9858,1.0,leg_raise_lower,UNKNOWN,UNKNOWN,0.23,0,57.826
1989,50.5459,35,4.9858,1.0,leg_raise_lower,UNKNOWN,UNKNOWN,0.23,0,58.963
1990,50.5607,35,4.9382,1.0,leg_raise_lower,UNKNOWN,UNKNOWN,0.23,0,60.478
1991,50.5737,35,4.9513,1.0,leg_raise_lower,UNKNOWN,UNKNOWN,0.23,0,62.214
1992,50.5866,35,4.9642,1.0,leg_raise_lower,UNKNOWN,UNKNOWN,0.23,0,62.657
1993,50.6017,35,4.9793,1.0,leg_raise_lower,UNKNOWN,UNKNOWN,0.23,0,63.797
1994,50.6149,35,4.9924,1.0,leg_raise_lower,UNKNOWN,UNKNOWN,0.23,0,65.154
1995,50.6281,35,4.9881,1.0,leg_raise_lower,UNKNOWN,UNKNOWN,0.23,0,65.717
1996,50.6425,35,4.9842,1.0,leg_raise_lower,UNKNOWN,UNKNOWN,0.23,0,66.786
1997,50.6551,35,4.9968,1.0,leg_raise_lower,UNKNOWN,UNKNOWN,0.23,0,67.733
1998,50.6683,35,4.9915,1.0,leg_raise_lower,UNKNOWN,UNKNOWN,0.23,0,68.293
1999,50.6819,35,4.9893,1.0,leg_raise_lower,UNKNOWN,UNKNOWN,0.23,0,69.194
2000,50.6946,35,4.9853,1.0,leg_raise_lower,UNKNOWN,UNKNOWN,0.23,0,69.722
2000,50.6946,98,0.0,1.0,WARMING_UP,WARMING_UP,WARMING_UP,0.0,0,69.722
2001,50.7085,35,4.9992,1.0,leg_raise_lower,UNKNOWN,UNKNOWN,0.2433,1,68.08
2001,50.7085,98,0.014,1.0,WARMING_UP,WARMING_UP,WARMING_UP,0.0,0,68.08
2002,50.7641,35,4.9956,1.0,leg_raise_lower,UNKNOWN,UNKNOWN,0.2433,0,63.016
2002,50.7641,98,0.0695,1.0,WARMING_UP,WARMING_UP,WARMING_UP,0.0,0,63.016
2003,50.7847,35,4.9942,1.0,leg_raise_lower,UNKNOWN,UNKNOWN,0.2433,0,62.278
2003,50.7847,98,0.0901,1.0,WARMING_UP,WARMING_UP,WARMING_UP,0.0,0,62.278
2003,50.7847,99,0.0,1.0,WARMING_UP,WARMING_UP,WARMING_UP,0.0,0,62.278
2004,50.803,35,4.9918,1.0,leg_raise_lower,UNKNOWN,UNKNOWN,0.2433,0,60.532
2004,50.803,98,0.1085,1.0,WARMING_UP,WARMING_UP,WARMING_UP,0.0,0,60.532
2004,50.803,99,0.0184,1.0,WARMING_UP,WARMING_UP,WARMING_UP,0.0,0,60.532
2005,50.8251,35,4.9581,1.0,leg_raise_lower,UNKNOWN,UNKNOWN,0.2433,0,61.265
2005,50.8251,98,0.1306,1.0,WARMING_UP,WARMING_UP,WARMING_UP,0.0,0,61.265
2005,50.8251,99,0.0405,1.0,WARMING_UP,WARMING_UP,WARMING_UP,0.0,0,61.265
2006,50.8396,35,4.9726,1.0,leg_raise_lower,UNKNOWN,UNKNOWN,0.2433,0,61.828
2006,50.8396,98,0.1451,1.0,WARMING_UP,WARMING_UP,WARMING_UP,0.0,0,61.828
2006,50.8396,99,0.055,1.0,WARMING_UP,WARMING_UP,WARMING_UP,0.0,0,61.828
2007,50.8553,35,4.9883,1.0,leg_raise_lower,UNKNOWN,UNKNOWN,0.2433,0,62.677
2007,50.8553,98,0.1607,1.0,WARMING_UP,WARMING_UP,WARMING_UP,0.0,0,62.677
2007,50.8553,99,0.0706,1.0,WARMING_UP,WARMING_UP,WARMING_UP,0.0,0,62.677
2008,50.8689,35,4.9879,1.0,leg_raise_lower,UNKNOWN,UNKNOWN,0.2433,0,60.573
2008,50.8689,98,0.1744,1.0,WARMING_UP,WARMING_UP,WARMING_UP,0.0,0,60.573
2008,50.8689,99,0.0843,1.0,WARMING_UP,WARMING_UP,WARMING_UP,0.0,0,60.573
2009,50.8958,35,4.9883,1.0,leg_raise_lower,UNKNOWN,UNKNOWN,0.2433,0,60.302
2009,50.8958,98,0.2012,1.0,WARMING_UP,WARMING_UP,WARMING_UP,0.0,0,60.302
2009,50.8958,99,0.1111,1.0,WARMING_UP,WARMING_UP,WARMING_UP,0.0,0,60.302
2010,50.9101,35,4.9904,1.0,leg_raise_lower,UNKNOWN,UNKNOWN,0.2433,0,59.284
2010,50.9101,98,0.2156,1.0,WARMING_UP,WARMING_UP,WARMING_UP,0.0,0,59.284
2010,50.9101,99,0.1255,1.0,WARMING_UP,WARMING_UP,WARMING_UP,0.0,0,59.284
2011,50.9305,35,4.996,1.0,leg_raise_lower,UNKNOWN,UNKNOWN,0.2433,0,57.874
2011,50.9305,99,0.1458,1.0,WARMING_UP,WARMING_UP,WARMING_UP,0.0,0,57.874
2012,50.9525,35,4.9864,1.0,leg_raise_lower,UNKNOWN,UNKNOWN,0.2433,0,57.276
2012,50.9525,99,0.1679,1.0,WARMING_UP,WARMING_UP,WARMING_UP,0.0,0,57.276
2013,50.9714,35,4.9907,1.0,leg_raise_lower,UNKNOWN,UNKNOWN,0.2633,1,56.327
2013,50.9714,99,0.1867,1.0,WARMING_UP,WARMING_UP,WARMING_UP,0.0,0,56.327
2014,51.0313,35,4.9958,1.0,leg_raise_lower,UNKNOWN,UNKNOWN,0.2633,0,52.563
2014,51.0313,99,0.2467,1.0,WARMING_UP,WARMING_UP,WARMING_UP,0.0,0,52.563
2015,51.046,35,4.996,1.0,leg_raise_lower,UNKNOWN,UNKNOWN,0.2633,0,54.475
2015,51.046,99,0.2613,1.0,WARMING_UP,WARMING_UP,WARMING_UP,0.0,0,54.475
2016,51.0604,35,4.9961,1.0,leg_raise_lower,UNKNOWN,UNKNOWN,0.2633,0,55.778
2016,51.0604,99,0.2757,1.0,WARMING_UP,WARMING_UP,WARMING_UP,0.0,0,55.778
2017,51.0748,35,4.9513,1.0,leg_raise_lower,UNKNOWN,UNKNOWN,0.2633,0,56.685
2017,51.0748,99,0.2902,1.0,WARMING_UP,WARMING_UP,WARMING_UP,0.0,0,56.685
2018,51.0899,35,4.9664,1.0,leg_raise_lower,UNKNOWN,UNKNOWN,0.2633,0,58.793
2018,51.0899,99,0.3053,1.0,WARMING_UP,WARMING_UP,WARMING_UP,0.0,0,58.793
2019,51.1035,35,4.9799,1.0,leg_raise_lower,UNKNOWN,UNKNOWN,0.2633,0,57.091
2019,51.1035,99,0.3188,1.0,WARMING_UP,WARMING_UP,WARMING_UP,0.0,0,57.091
2020,51.1272,35,4.9839,1.0,leg_raise_lower,UNKNOWN,UNKNOWN,0.2633,0,58.299
2021,51.1415,35,4.9982,1.0,leg_raise_lower,UNKNOWN,UNKNOWN,0.2633,0,59.789
2022,51.1551,35,4.9937,1.0,leg_raise_lower,UNKNOWN,UNKNOWN,0.2633,0,61.446
2023,51.1679,35,4.986,1.0,leg_raise_lower,UNKNOWN,UNKNOWN,0.2633,0,60.069
2024,51.1894,35,4.99,1.0,leg_raise_lower,UNKNOWN,UNKNOWN,0.2633,0,60.035
2025,51.2061,35,4.9863,1.0,leg_raise_lower,UNKNOWN,UNKNOWN,0.2633,0,61.487
2026,51.219,35,4.9993,1.0,leg_raise_lower,UNKNOWN,UNKNOWN,0.2633,0,63.306
2027,51.2317,35,4.9983,1.0,leg_raise_lower,UNKNOWN,UNKNOWN,0.2633,1,63.244
2028,51.2862,35,4.9993,1.0,leg_raise_lower,UNKNOWN,UNKNOWN,0.2633,0,58.714
2029,51.3034,35,4.9954,1.0,leg_raise_lower,UNKNOWN,UNKNOWN,0.2633,0,58.832
2030,51.3202,35,4.9986,1.0,leg_raise_lower,UNKNOWN,UNKNOWN,0.2633,0,59.323
2031,51.3359,35,4.873,1.0,leg_raise_lower,UNKNOWN,UNKNOWN,0.2633,0,59.633
2032,51.3518,35,4.8889,1.0,leg_raise_lower,UNKNOWN,UNKNOWN,0.2633,0,60.644
2033,51.3663,35,4.9034,1.0,leg_raise_lower,UNKNOWN,UNKNOWN,0.2633,0,61.723
2034,51.3805,35,4.9176,1.0,leg_raise_lower,UNKNOWN,UNKNOWN,0.2633,0,61.04
2035,51.3982,35,4.9353,1.0,leg_raise_lower,UNKNOWN,UNKNOWN,0.2633,0,59.678
2036,51.4192,35,4.9564,1.0,leg_raise_lower,UNKNOWN,UNKNOWN,0.2633,0,58.518
2037,51.4405,35,4.9777,1.0,leg_raise_lower,UNKNOWN,UNKNOWN,0.2633,0,58.689
2038,51.4574,35,4.9945,1.0,leg_raise_lower,UNKNOWN,UNKNOWN,0.2633,0,57.04
2039,51.4806,35,4.989,1.0,leg_raise_lower,UNKNOWN,UNKNOWN,0.2633,0,56.127
2040,51.5016,35,4.9963,1.0,leg_raise_lower,UNKNOWN,UNKNOWN,0.2333,1,55.438
2042,51.582,35,4.9995,0.9962,leg_raise_lower,UNKNOWN,UNKNOWN,0.2333,0,54.527
2043,51.5949,35,4.9549,0.9962,leg_raise_lower,UNKNOWN,UNKNOWN,0.2333,0,56.672
2044,51.608,35,4.9679,0.9962,leg_raise_lower,UNKNOWN,UNKNOWN,0.2333,0,55.623
2045,51.6311,35,4.9911,0.9962,leg_raise_lower,UNKNOWN,UNKNOWN,0.2333,0,57.189
2046,51.6439,35,4.9894,0.9962,leg_raise_lower,UNKNOWN,UNKNOWN,0.2333,0,58.829
2047,51.6574,35,4.99,0.9962,leg_raise_lower,UNKNOWN,UNKNOWN,0.2333,0,59.27
2048,51.6733,35,4.9921,0.9962,leg_raise_lower,UNKNOWN,UNKNOWN,0.2333,0,60.167
2049,51.6878,35,4.9937,0.9962,leg_raise_lower,UNKNOWN,UNKNOWN,0.2333,0,60.904
2050,51.7025,35,4.9944,0.9962,leg_raise_lower,UNKNOWN,UNKNOWN,0.2333,0,61.757
2051,51.7171,35,4.9943,0.9962,leg_raise_lower,UNKNOWN,UNKNOWN,0.2333,0,63.557
2052,51.7296,35,4.9939,0.9962,leg_raise_lower,UNKNOWN,UNKNOWN,0.2333,0,64.979
2053,51.7424,35,4.9936,0.9962,leg_raise_lower,UNKNOWN,UNKNOWN,0.2333,0,65.669
2054,51.7564,35,4.9942,0.9962,leg_raise_lower,UNKNOWN,UNKNOWN,0.2233,1,66.101
2055,51.8083,35,4.9914,0.9962,leg_raise_lower,UNKNOWN,UNKNOWN,0.2233,0,61.401
2056,51.8231,35,4.9924,0.9962,leg_raise_lower,UNKNOWN,UNKNOWN,0.2233,0,61.497
2057,51.8389,35,4.9942,0.9962,leg_raise_lower,UNKNOWN,UNKNOWN,0.2233,0,63.369
2058,51.8515,35,4.9563,0.9962,leg_raise_lower,UNKNOWN,UNKNOWN,0.2233,0,64.967
2059,51.864,35,4.9688,0.9962,leg_raise_lower,UNKNOWN,UNKNOWN,0.2233,0,63.417
2060,51.8851,35,4.9899,0.9962,leg_raise_lower,UNKNOWN,UNKNOWN,0.2233,0,64.09
2061,51.8987,35,4.9807,0.9962,leg_raise_lower,UNKNOWN,UNKNOWN,0.2233,0,62.162
2062,51.921,35,4.9817,0.9962,leg_raise_lower,UNKNOWN,UNKNOWN,0.2233,0,63.835
2063,51.9335,35,4.9941,0.9962,leg_raise_lower,UNKNOWN,UNKNOWN,0.2233,0,65.154
2064,51.9462,35,4.9886,0.9962,leg_raise_lower,UNKNOWN,UNKNOWN,0.2233,0,66.191
2065,51.9597,35,4.9808,0.9962,leg_raise_lower,UNKNOWN,UNKNOWN,0.2233,0,64.855
2066,51.979,35,4.9864,0.9962,leg_raise_lower,UNKNOWN,UNKNOWN,0.2233,0,65.28
2067,51.9931,35,4.977,0.9962,leg_raise_lower,UNKNOWN,UNKNOWN,0.2233,0,65.557
2068,52.0077,35,4.9916,0.9962,leg_raise_lower,UNKNOWN,UNKNOWN,0.2267,1,65.739
2069,52.059,35,4.9929,0.9962,leg_raise_lower,UNKNOWN,UNKNOWN,0.2267,0,61.118
2070,52.0739,35,4.9926,0.9962,leg_raise_lower,UNKNOWN,UNKNOWN,0.2267,0,62.793
2071,52.0865,35,4.9914,0.9962,leg_raise_lower,UNKNOWN,UNKNOWN,0.2267,0,64.37
2072,52.0994,35,4.9375,0.9962,leg_raise_lower,UNKNOWN,UNKNOWN,0.2267,0,65.182
2073,52.1133,35,4.9514,0.9962,leg_raise_lower,UNKNOWN,UNKNOWN,0.2267,0,65.759
2074,52.1273,35,4.9654,0.9962,leg_raise_lower,UNKNOWN,UNKNOWN,0.2267,0,65.199
2075,52.144,35,4.9822,0.9962,leg_raise_lower,UNKNOWN,UNKNOWN,0.2267,0,65.554
2076,52.1587,35,4.9968,0.9962,leg_raise_lower,UNKNOWN,UNKNOWN,0.2267,0,66.89
2077,52.1708,35,4.9944,0.9962,leg_raise_lower,UNKNOWN,UNKNOWN,0.2267,0,67.952
2078,52.1841,35,4.9876,0.9962,leg_raise_lower,UNKNOWN,UNKNOWN,0.2267,0,68.575
2079,52.1975,35,4.9812,0.9962,leg_raise_lower,UNKNOWN,UNKNOWN,0.2267,0,68.925
2080,52.2113,35,4.995,0.9963,leg_raise_lower,UNKNOWN,UNKNOWN,0.2267,0,67.7
2081,52.2291,35,4.9765,0.9962,leg_raise_lower,UNKNOWN,UNKNOWN,0.2267,0,67.067
2082,52.2454,35,4.9928,0.9963,leg_raise_lower,UNKNOWN,UNKNOWN,0.2267,0,67.285
2083,52.2601,35,4.9864,0.9963,leg_raise_lower,UNKNOWN,UNKNOWN,0.2333,1,68.257
2084,52.3117,35,4.9962,0.9962,leg_raise_lower,UNKNOWN,UNKNOWN,0.2333,0,63.081
2085,52.3333,35,4.9972,0.9962,leg_raise_lower,UNKNOWN,UNKNOWN,0.2333,0,61.621
2086,52.354,35,4.997,0.9962,leg_raise_lower,UNKNOWN,UNKNOWN,0.2333,0,63.063
2087,52.3672,35,4.9584,0.9962,leg_raise_lower,UNKNOWN,UNKNOWN,0.2333,0,63.524
2088,52.3828,35,4.974,0.9963,leg_raise_lower,UNKNOWN,UNKNOWN,0.2333,0,62.422
2089,52.4011,35,4.9922,0.9963,leg_raise_lower,UNKNOWN,UNKNOWN,0.2333,0,62.039
2090,52.4181,35,4.9949,0.9963,leg_raise_lower,UNKNOWN,UNKNOWN,0.2333,0,62.04
2091,52.4343,35,4.9961,0.9963,leg_raise_lower,UNKNOWN,UNKNOWN,0.2333,0,60.581
2092,52.4551,35,4.9884,0.9963,leg_raise_lower,UNKNOWN,UNKNOWN,0.2333,0,59.459
2093,52.4754,35,4.9959,0.9963,leg_raise_lower,UNKNOWN,UNKNOWN,0.2333,0,58.393
2094,52.4962,35,4.9878,0.9962,leg_raise_lower,UNKNOWN,UNKNOWN,0.2333,0,57.303
2095,52.5173,35,4.993,0.9962,leg_raise_lower,UNKNOWN,UNKNOWN,0.23,1,59.263
2096,52.5774,35,4.9906,0.9962,leg_raise_lower,UNKNOWN,UNKNOWN,0.23,0,54.81
2097,52.598,35,4.994,0.9962,leg_raise_lower,UNKNOWN,UNKNOWN,0.23,0,54.07
2098,52.6192,35,4.9511,0.9962,leg_raise_lower,UNKNOWN,UNKNOWN,0.23,0,55.981
2099,52.6327,35,4.9646,0.9962,leg_raise_lower,UNKNOWN,UNKNOWN,0.23,0,54.962
2100,52.6546,35,4.9865,0.9962,leg_raise_lower,UNKNOWN,UNKNOWN,0.23,0,54.07
2101,52.6768,35,4.9882,0.9962,leg_raise_lower,UNKNOWN,UNKNOWN,0.23,0,55.459
2102,52.6909,35,4.9851,0.9962,leg_raise_lower,UNKNOWN,UNKNOWN,0.23,0,55.15
2103,52.7103,35,4.9865,0.9962,leg_raise_lower,UNKNOWN,UNKNOWN,0.23,0,53.905
2105,52.7531,35,4.9877,0.9924,leg_raise_lower,UNKNOWN,UNKNOWN,0.23,0,52.983
2106,52.7743,35,4.9854,0.9924,leg_raise_lower,UNKNOWN,UNKNOWN,0.2233,1,54.197
2108,52.8492,35,4.9933,0.9885,leg_raise_lower,UNKNOWN,UNKNOWN,0.2233,0,50.04
2109,52.8713,35,4.9951,0.9885,leg_raise_lower,UNKNOWN,UNKNOWN,0.2233,0,50.676
2110,52.8893,35,4.9547,0.9885,leg_raise_lower,UNKNOWN,UNKNOWN,0.2233,0,50.25
2111,52.9106,35,4.976,0.9886,leg_raise_lower,UNKNOWN,UNKNOWN,0.2233,0,49.94
2112,52.9319,35,4.9973,0.9886,leg_raise_lower,UNKNOWN,UNKNOWN,0.2233,0,49.815
2113,52.9524,35,4.9923,0.9886,leg_raise_lower,UNKNOWN,UNKNOWN,0.2233,0,49.469
2114,52.9741,35,4.9875,0.9885,leg_raise_lower,UNKNOWN,UNKNOWN,0.2233,0,50.625
2116,53.0047,117,0.0,1.0,WARMING_UP,WARMING_UP,WARMING_UP,0.0,0,51.728
2117,53.0261,117,0.0214,1.0,WARMING_UP,WARMING_UP,WARMING_UP,0.0,0,51.18
2118,53.0478,117,0.043,1.0,WARMING_UP,WARMING_UP,WARMING_UP,0.0,0,53.608
2119,53.0609,117,0.0562,1.0,WARMING_UP,WARMING_UP,WARMING_UP,0.0,0,53.221
2120,53.0808,117,0.0761,1.0,WARMING_UP,WARMING_UP,WARMING_UP,0.0,0,52.329
2121,53.1037,117,0.099,1.0,WARMING_UP,WARMING_UP,WARMING_UP,0.0,0,52.15
2121,53.1037,35,4.9956,0.9654,leg_raise_lower,UNKNOWN,UNKNOWN,0.22,1,52.15
2122,53.1611,117,0.1564,1.0,WARMING_UP,WARMING_UP,WARMING_UP,0.0,0,48.781
2123,53.1775,117,0.1728,1.0,WARMING_UP,WARMING_UP,WARMING_UP,0.0,0,51.148
2124,53.1912,117,0.1865,1.0,WARMING_UP,WARMING_UP,WARMING_UP,0.0,0,53.896
2124,53.1912,35,4.9903,0.9577,leg_raise_lower,UNKNOWN,UNKNOWN,0.22,0,53.896
2125,53.2045,35,4.984,0.9577,leg_raise_lower,UNKNOWN,UNKNOWN,0.22,0,55.504
2126,53.2186,35,4.9981,0.9579,leg_raise_lower,UNKNOWN,UNKNOWN,0.22,0,57.018
2126,53.2186,117,0.2139,0.9091,WARMING_UP,WARMING_UP,WARMING_UP,0.0,0,57.018
2127,53.2327,117,0.228,0.9167,WARMING_UP,WARMING_UP,WARMING_UP,0.0,0,56.223
2128,53.2527,117,0.248,0.9231,WARMING_UP,WARMING_UP,WARMING_UP,0.0,0,58.399
2129,53.2656,117,0.2609,0.9286,WARMING_UP,WARMING_UP,WARMING_UP,0.0,0,59.845
2129,53.2656,35,4.9942,0.9502,leg_raise_lower,UNKNOWN,UNKNOWN,0.22,0,59.845
2130,53.2797,35,4.9865,0.9502,leg_raise_lower,UNKNOWN,UNKNOWN,0.22,0,60.646
2132,53.3053,117,0.3006,0.8235,WARMING_UP,WARMING_UP,WARMING_UP,0.0,0,64.29
2132,53.3053,35,4.9985,0.9466,leg_raise_lower,UNKNOWN,UNKNOWN,0.22,0,64.29
2133,53.3198,35,4.9937,0.9466,leg_raise_lower,UNKNOWN,UNKNOWN,0.22,0,65.73
2134,53.3322,35,4.9826,0.9466,leg_raise_lower,UNKNOWN,UNKNOWN,0.22,0,65.851
2136,53.3604,35,4.9973,0.943,walk_turn_walk,UNKNOWN,UNKNOWN,0.2333,1,65.282
2137,53.4192,35,4.9917,0.9427,walk_turn_walk,UNKNOWN,UNKNOWN,0.2333,0,60.548
2137,53.4192,117,0.4145,0.6818,WARMING_UP,WARMING_UP,WARMING_UP,0.0,0,60.548
2138,53.4351,117,0.4304,0.6957,WARMING_UP,WARMING_UP,WARMING_UP,0.0,0,61.306
2139,53.4493,117,0.4445,0.7083,WARMING_UP,WARMING_UP,WARMING_UP,0.0,0,62.875
2141,53.4741,35,4.9895,0.9313,walk_turn_walk,UNKNOWN,UNKNOWN,0.2333,0,66.29
2142,53.4873,117,0.4826,0.6667,WARMING_UP,WARMING_UP,WARMING_UP,0.0,0,65.617
2143,53.5041,35,4.9922,0.9275,walk_turn_walk,UNKNOWN,UNKNOWN,0.2333,0,65.007
2144,53.521,35,4.9963,0.9275,walk_turn_walk,UNKNOWN,UNKNOWN,0.2333,0,63.188
2145,53.5425,35,4.9916,0.9272,walk_turn_walk,UNKNOWN,UNKNOWN,0.2333,0,64.166
2146,53.5559,35,4.9914,0.9272,walk_turn_walk,UNKNOWN,UNKNOWN,0.2333,0,64.906
2147,53.5697,35,4.9923,0.9272,walk_turn_walk,UNKNOWN,UNKNOWN,0.2333,0,65.591
2148,53.5837,35,4.9916,0.9272,walk_turn_walk,UNKNOWN,UNKNOWN,0.2333,0,65.977
2149,53.5983,35,4.9843,0.9272,walk_turn_walk,UNKNOWN,UNKNOWN,0.2333,0,67.037
2150,53.6116,35,4.9976,0.9275,leg_raise_lower,UNKNOWN,UNKNOWN,0.2433,1,67.479
2151,53.6733,117,0.6686,0.5278,WARMING_UP,WARMING_UP,WARMING_UP,0.0,0,62.262
2152,53.6906,117,0.6859,0.5405,WARMING_UP,WARMING_UP,WARMING_UP,0.0,0,62.85
2152,53.6906,35,4.9959,0.9234,leg_raise_lower,UNKNOWN,UNKNOWN,0.2433,0,62.85
2153,53.7057,35,4.9892,0.9234,leg_raise_lower,UNKNOWN,UNKNOWN,0.2433,0,62.345
2154,53.7227,35,4.9852,0.9234,leg_raise_lower,UNKNOWN,UNKNOWN,0.2433,0,62.46
2154,53.7227,117,0.718,0.5385,WARMING_UP,WARMING_UP,WARMING_UP,0.0,0,62.46
2155,53.7387,35,4.9819,0.9234,leg_raise_lower,UNKNOWN,UNKNOWN,0.2433,0,62.896
2156,53.7534,35,4.9966,0.9237,leg_raise_lower,UNKNOWN,UNKNOWN,0.2433,0,62.542
2157,53.7704,35,4.9918,0.9237,leg_raise_lower,UNKNOWN,UNKNOWN,0.2433,0,61.011
2158,53.7919,35,4.9932,0.9237,leg_raise_lower,UNKNOWN,UNKNOWN,0.2433,0,59.332
2159,53.8142,35,4.9917,0.9237,leg_raise_lower,UNKNOWN,UNKNOWN,0.2433,0,59.252
2160,53.8314,35,4.9857,0.9237,leg_raise_lower,UNKNOWN,UNKNOWN,0.2433,0,59.88
2161,53.8465,35,4.9797,0.9237,leg_raise_lower,UNKNOWN,UNKNOWN,0.2433,0,58.532
2162,53.868,35,4.9876,0.9237,walk_turn_walk,UNKNOWN,UNKNOWN,0.2367,1,59.09
2163,53.9214,35,4.9603,0.9234,walk_turn_walk,UNKNOWN,UNKNOWN,0.2367,0,54.976
2164,53.9392,35,4.9781,0.9237,walk_turn_walk,UNKNOWN,UNKNOWN,0.2367,0,56.325
2165,53.9535,35,4.9924,0.924,walk_turn_walk,UNKNOWN,UNKNOWN,0.2367,0,57.308
2166,53.9689,35,4.9943,0.924,walk_turn_walk,UNKNOWN,UNKNOWN,0.2367,0,58.978
2167,53.9838,35,4.9965,0.924,walk_turn_walk,UNKNOWN,UNKNOWN,0.2367,0,59.935
2168,53.9972,35,4.9961,0.924,walk_turn_walk,UNKNOWN,UNKNOWN,0.2367,0,61.624
2169,54.01,35,4.9944,0.924,walk_turn_walk,UNKNOWN,UNKNOWN,0.2367,0,60.996
2170,54.0283,35,4.9992,0.924,walk_turn_walk,UNKNOWN,UNKNOWN,0.2367,0,61.846
2171,54.0426,35,4.9867,0.9237,walk_turn_walk,UNKNOWN,UNKNOWN,0.2367,0,62.755
2172,54.0565,35,4.9884,0.9237,walk_turn_walk,UNKNOWN,UNKNOWN,0.2367,0,63.299
2173,54.0712,35,4.9876,0.9237,walk_turn_walk,UNKNOWN,UNKNOWN,0.2367,0,63.104
2174,54.0875,35,4.9909,0.9237,walk_turn_walk,UNKNOWN,UNKNOWN,0.2367,0,64.68
2175,54.1011,35,4.9907,0.9237,walk_turn_walk,UNKNOWN,UNKNOWN,0.2367,0,65.47
2176,54.1139,35,4.9901,0.9237,walk_turn_walk,UNKNOWN,UNKNOWN,0.2367,0,65.827
2177,54.1285,35,4.9911,0.9237,leg_raise_lower,UNKNOWN,UNKNOWN,0.2367,1,66.316
2178,54.1894,35,4.9859,0.9234,leg_raise_lower,UNKNOWN,UNKNOWN,0.2367,0,61.127
2179,54.2121,35,4.9872,0.9234,leg_raise_lower,UNKNOWN,UNKNOWN,0.2367,0,61.246
2180,54.2281,35,4.9821,0.9234,leg_raise_lower,UNKNOWN,UNKNOWN,0.2367,0,61.736
2181,54.2431,35,4.9971,0.9237,leg_raise_lower,UNKNOWN,UNKNOWN,0.2367,0,62.144
2182,54.2586,35,4.9993,0.9237,leg_raise_lower,UNKNOWN,UNKNOWN,0.2367,0,62.415
2183,54.2739,35,4.9873,0.9234,leg_raise_lower,UNKNOWN,UNKNOWN,0.2367,0,62.354
2184,54.2903,35,4.9901,0.9234,leg_raise_lower,UNKNOWN,UNKNOWN,0.2367,0,62.351
2185,54.306,35,4.9844,0.9234,leg_raise_lower,UNKNOWN,UNKNOWN,0.2367,0,63.539
2186,54.3197,35,4.9981,0.9237,leg_raise_lower,UNKNOWN,UNKNOWN,0.2367,0,64.159
2187,54.3339,35,4.9918,0.9237,leg_raise_lower,UNKNOWN,UNKNOWN,0.2367,0,64.317
2188,54.349,35,4.99,0.9237,leg_raise_lower,UNKNOWN,UNKNOWN,0.2367,0,65.183
2189,54.3628,35,4.9866,0.9237,leg_raise_lower,UNKNOWN,UNKNOWN,0.2367,0,65.582
2190,54.3773,35,4.9791,0.9237,leg_raise_lower,UNKNOWN,UNKNOWN,0.2367,0,65.309
2191,54.3932,35,4.995,0.924,walk_turn_walk,UNKNOWN,UNKNOWN,0.23,1,64.887
2192,54.4705,35,4.9899,0.9234,walk_turn_walk,UNKNOWN,UNKNOWN,0.23,0,59.691
2193,54.4869,35,4.9917,0.9234,walk_turn_walk,UNKNOWN,UNKNOWN,0.23,0,61.386
2194,54.501,35,4.9828,0.9234,walk_turn_walk,UNKNOWN,UNKNOWN,0.23,0,62.143
2195,54.5143,35,4.9962,0.9237,walk_turn_walk,UNKNOWN,UNKNOWN,0.23,0,60.79
2196,54.5348,35,4.9954,0.9237,walk_turn_walk,UNKNOWN,UNKNOWN,0.23,0,62.162
2197,54.5481,35,4.9956,0.9237,walk_turn_walk,UNKNOWN,UNKNOWN,0.23,0,63.127
2198,54.5623,35,4.9949,0.9237,walk_turn_walk,UNKNOWN,UNKNOWN,0.23,0,63.971
2199,54.5761,35,4.9956,0.9237,walk_turn_walk,UNKNOWN,UNKNOWN,0.23,0,65.263
2200,54.5894,35,4.9958,0.9237,walk_turn_walk,UNKNOWN,UNKNOWN,0.23,0,66.348
2201,54.6024,35,4.9958,0.9237,walk_turn_walk,UNKNOWN,UNKNOWN,0.23,0,66.579
2202,54.6168,35,4.9974,0.9237,walk_turn_walk,UNKNOWN,UNKNOWN,0.23,0,64.359
2203,54.6397,35,4.989,0.9234,walk_turn_walk,UNKNOWN,UNKNOWN,0.23,0,64.207
2204,54.6564,35,4.9906,0.9234,leg_raise_lower,UNKNOWN,UNKNOWN,0.2367,1,62.306
2205,54.7174,35,4.9932,0.9234,leg_raise_lower,UNKNOWN,UNKNOWN,0.2367,0,57.95
2206,54.7306,35,4.9918,0.9234,leg_raise_lower,UNKNOWN,UNKNOWN,0.2367,0,59.458
2207,54.7442,35,4.9922,0.9234,leg_raise_lower,UNKNOWN,UNKNOWN,0.2367,0,61.758
2208,54.7574,35,4.992,0.9234,leg_raise_lower,UNKNOWN,UNKNOWN,0.2367,0,63.005
2209,54.7701,35,4.9854,0.9234,leg_raise_lower,UNKNOWN,UNKNOWN,0.2367,0,63.884
2210,54.7838,35,4.9992,0.9237,leg_raise_lower,UNKNOWN,UNKNOWN,0.2367,0,65.018
2211,54.7971,35,4.9921,0.9237,leg_raise_lower,UNKNOWN,UNKNOWN,0.2367,0,64.723
2212,54.8133,35,4.9942,0.9237,leg_raise_lower,UNKNOWN,UNKNOWN,0.2367,0,65.798
2213,54.8266,35,4.9859,0.9237,leg_raise_lower,UNKNOWN,UNKNOWN,0.2367,0,67.622
2214,54.8383,35,4.9976,0.924,leg_raise_lower,UNKNOWN,UNKNOWN,0.2367,0,68.885
2215,54.8507,35,4.9891,0.924,leg_raise_lower,UNKNOWN,UNKNOWN,0.2367,0,70.006
2216,54.8633,35,4.9888,0.924,leg_raise_lower,UNKNOWN,UNKNOWN,0.2367,0,70.71
2217,54.8769,35,4.9867,0.924,leg_raise_lower,UNKNOWN,UNKNOWN,0.2367,0,71.682
2218,54.889,35,4.9988,0.9242,leg_raise_lower,UNKNOWN,UNKNOWN,0.2367,0,71.815
2219,54.9023,35,4.9941,0.9242,leg_raise_lower,UNKNOWN,UNKNOWN,0.2367,0,72.031
2220,54.9159,35,4.9858,0.9242,leg_raise_lower,UNKNOWN,UNKNOWN,0.2467,1,72.094
2221,54.9769,35,4.9926,0.9242,leg_raise_lower,UNKNOWN,UNKNOWN,0.2467,0,66.556
2222,54.9897,35,4.9921,0.9242,leg_raise_lower,UNKNOWN,UNKNOWN,0.2467,0,67.762
2223,55.0023,35,4.9869,0.9242,leg_raise_lower,UNKNOWN,UNKNOWN,0.2467,0,68.715
2224,55.0151,35,4.9997,0.9245,leg_raise_lower,UNKNOWN,UNKNOWN,0.2467,0,69.083
2225,55.0291,35,4.9984,0.9245,leg_raise_lower,UNKNOWN,UNKNOWN,0.2467,0,70.471
2226,55.0412,35,4.9975,0.9245,leg_raise_lower,UNKNOWN,UNKNOWN,0.2467,0,71.449
2227,55.0535,35,4.9964,0.9245,leg_raise_lower,UNKNOWN,UNKNOWN,0.2467,0,71.695
2228,55.0671,35,4.9971,0.9245,leg_raise_lower,UNKNOWN,UNKNOWN,0.2467,0,72.377
2229,55.0797,35,4.9965,0.9245,leg_raise_lower,UNKNOWN,UNKNOWN,0.2467,0,73.553
2230,55.0918,35,4.995,0.9245,leg_raise_lower,UNKNOWN,UNKNOWN,0.2467,0,71.125
2231,55.1123,35,4.9895,0.9242,leg_raise_lower,UNKNOWN,UNKNOWN,0.2467,0,71.656
2232,55.1251,35,4.9893,0.9242,leg_raise_lower,UNKNOWN,UNKNOWN,0.2467,0,72.572
2233,55.1375,35,4.9886,0.9242,leg_raise_lower,UNKNOWN,UNKNOWN,0.2467,0,72.495
2234,55.1515,35,4.9879,0.9242,leg_raise_lower,UNKNOWN,UNKNOWN,0.2467,0,71.343
2235,55.1679,35,4.9904,0.9242,leg_raise_lower,UNKNOWN,UNKNOWN,0.2533,1,70.984
2236,55.227,35,4.9745,0.924,leg_raise_lower,UNKNOWN,UNKNOWN,0.2533,0,65.64
2238,55.2515,35,4.999,0.9208,leg_raise_lower,UNKNOWN,UNKNOWN,0.2533,0,68.6
2239,55.2641,35,4.9933,0.9208,leg_raise_lower,UNKNOWN,UNKNOWN,0.2533,0,70.032
2241,55.2876,35,4.9983,0.9173,leg_raise_lower,UNKNOWN,UNKNOWN,0.2533,0,71.253
2242,55.3026,35,4.9969,0.9173,leg_raise_lower,UNKNOWN,UNKNOWN,0.2533,0,71.134
2243,55.3169,35,4.9977,0.9173,leg_raise_lower,UNKNOWN,UNKNOWN,0.2533,0,71.579
2244,55.3301,35,4.9905,0.9173,leg_raise_lower,UNKNOWN,UNKNOWN,0.2533,0,72.579
2245,55.3424,35,4.9814,0.9173,leg_raise_lower,UNKNOWN,UNKNOWN,0.2533,0,72.8
2246,55.3555,35,4.9945,0.9176,leg_raise_lower,UNKNOWN,UNKNOWN,0.2533,0,73.095
2247,55.3692,35,4.9941,0.9176,leg_raise_lower,UNKNOWN,UNKNOWN,0.2533,0,70.325
2248,55.3909,35,4.9958,0.9176,leg_raise_lower,UNKNOWN,UNKNOWN,0.2533,0,70.812
2249,55.4041,35,4.9925,0.9176,leg_raise_lower,UNKNOWN,UNKNOWN,0.2533,0,71.993
2250,55.4162,35,4.9873,0.9176,leg_raise_lower,UNKNOWN,UNKNOWN,0.2533,0,69.802
2251,55.4363,35,4.9867,0.9176,leg_raise_lower,UNKNOWN,UNKNOWN,0.2433,1,69.688
2252,55.4987,35,4.9989,0.9176,leg_raise_lower,UNKNOWN,UNKNOWN,0.2433,0,64.343
2254,55.5229,35,4.9912,0.9139,leg_raise_lower,UNKNOWN,UNKNOWN,0.2433,0,66.754
2255,55.5388,35,4.9929,0.9139,leg_raise_lower,UNKNOWN,UNKNOWN,0.2433,0,67.967
2256,55.5513,35,4.9907,0.9139,leg_raise_lower,UNKNOWN,UNKNOWN,0.2433,0,69.529
2257,55.5639,35,4.9901,0.9139,leg_raise_lower,UNKNOWN,UNKNOWN,0.2433,0,70.086
2258,55.5767,35,4.9901,0.9139,leg_raise_lower,UNKNOWN,UNKNOWN,0.2433,0,70.367
2259,55.5906,35,4.9889,0.9139,leg_raise_lower,UNKNOWN,UNKNOWN,0.2433,0,70.956
2260,55.6035,35,4.9886,0.9139,leg_raise_lower,UNKNOWN,UNKNOWN,0.2433,0,71.586
2261,55.6165,35,4.9884,0.9139,leg_raise_lower,UNKNOWN,UNKNOWN,0.2433,0,72.759
2262,55.6285,35,4.9859,0.9139,leg_raise_lower,UNKNOWN,UNKNOWN,0.2433,0,73.564
2263,55.6408,35,4.9982,0.9142,leg_raise_lower,UNKNOWN,UNKNOWN,0.2433,0,74.733
2264,55.6524,35,4.9973,0.9142,leg_raise_lower,UNKNOWN,UNKNOWN,0.2433,0,75.57
2265,55.6646,35,4.9964,0.9142,leg_raise_lower,UNKNOWN,UNKNOWN,0.2433,0,76.359
2266,55.6764,35,4.9944,0.9142,leg_raise_lower,UNKNOWN,UNKNOWN,0.2433,0,76.44
2267,55.6895,35,4.9949,0.9142,leg_raise_lower,UNKNOWN,UNKNOWN,0.2433,1,76.681
2268,55.7399,35,4.9758,0.9139,leg_raise_lower,UNKNOWN,UNKNOWN,0.2433,0,70.97
2269,55.7535,35,4.9894,0.9142,leg_raise_lower,UNKNOWN,UNKNOWN,0.2433,0,69.135
2270,55.7725,35,4.9879,0.9142,leg_raise_lower,UNKNOWN,UNKNOWN,0.2433,0,69.771
2271,55.7856,35,4.9826,0.9142,leg_raise_lower,UNKNOWN,UNKNOWN,0.2433,0,68.212
2272,55.8042,35,4.9791,0.9142,leg_raise_lower,UNKNOWN,UNKNOWN,0.2433,0,69.039
2273,55.8178,35,4.9927,0.9145,leg_raise_lower,UNKNOWN,UNKNOWN,0.2433,0,70.103
2274,55.8298,35,4.9901,0.9145,leg_raise_lower,UNKNOWN,UNKNOWN,0.2433,0,71.091
2275,55.8421,35,4.9868,0.9145,leg_raise_lower,UNKNOWN,UNKNOWN,0.2433,0,72.313
2276,55.8541,35,4.9988,0.9148,leg_raise_lower,UNKNOWN,UNKNOWN,0.2433,0,71.295
2277,55.8702,35,4.9744,0.9145,leg_raise_lower,UNKNOWN,UNKNOWN,0.2433,0,72.896
2278,55.8815,35,4.9857,0.9148,leg_raise_lower,UNKNOWN,UNKNOWN,0.2433,0,74.129
2279,55.8933,35,4.9975,0.9151,leg_raise_lower,UNKNOWN,UNKNOWN,0.2433,0,73.871
2280,55.9073,35,4.9972,0.9151,leg_raise_lower,UNKNOWN,UNKNOWN,0.2433,0,74.681
2281,55.9196,35,4.9892,0.9151,leg_raise_lower,UNKNOWN,UNKNOWN,0.2433,0,75.667
2282,55.9313,35,4.9788,0.9151,leg_raise_lower,UNKNOWN,UNKNOWN,0.2433,0,76.425
2283,55.9432,35,4.9907,0.9154,walk_turn_walk,UNKNOWN,UNKNOWN,0.25,1,77.122
2284,55.9937,35,4.9624,0.9151,walk_turn_walk,UNKNOWN,UNKNOWN,0.25,0,71.364
2285,56.0067,35,4.9753,0.9154,walk_turn_walk,UNKNOWN,UNKNOWN,0.25,0,69.012
2286,56.0276,35,4.9962,0.9158,walk_turn_walk,UNKNOWN,UNKNOWN,0.25,0,70.064
2287,56.04,35,4.994,0.9158,walk_turn_walk,UNKNOWN,UNKNOWN,0.25,0,70.532
2288,56.0538,35,4.9934,0.9158,walk_turn_walk,UNKNOWN,UNKNOWN,0.25,0,71.334
2289,56.0662,35,4.9914,0.9158,walk_turn_walk,UNKNOWN,UNKNOWN,0.25,0,71.871
2290,56.0791,35,4.9892,0.9158,walk_turn_walk,UNKNOWN,UNKNOWN,0.25,0,72.323
2291,56.0923,35,4.9889,0.9158,walk_turn_walk,UNKNOWN,UNKNOWN,0.25,0,72.406
2292,56.106,35,4.9788,0.9158,walk_turn_walk,UNKNOWN,UNKNOWN,0.25,0,72.293
2293,56.1201,35,4.993,0.9161,walk_turn_walk,UNKNOWN,UNKNOWN,0.25,0,73.362
2294,56.1324,35,4.991,0.9161,walk_turn_walk,UNKNOWN,UNKNOWN,0.25,0,73.759
2295,56.1449,35,4.9898,0.9161,walk_turn_walk,UNKNOWN,UNKNOWN,0.25,0,74.011
2296,56.1581,35,4.9902,0.9161,walk_turn_walk,UNKNOWN,UNKNOWN,0.25,0,74.254
2297,56.1712,35,4.9817,0.9161,walk_turn_walk,UNKNOWN,UNKNOWN,0.25,0,75.206
2298,56.183,35,4.9936,0.9164,walk_turn_walk,UNKNOWN,UNKNOWN,0.25,0,75.992
2301,56.2178,35,4.9988,0.9094,walk_turn_walk,UNKNOWN,UNKNOWN,0.25,1,78.739
2302,56.2687,35,4.9825,0.9091,walk_turn_walk,UNKNOWN,UNKNOWN,0.25,0,72.798
2303,56.2819,35,4.9957,0.9094,walk_turn_walk,UNKNOWN,UNKNOWN,0.25,0,73.592
2304,56.2944,35,4.991,0.9094,walk_turn_walk,UNKNOWN,UNKNOWN,0.25,0,73.683
2305,56.3078,35,4.9876,0.9094,walk_turn_walk,UNKNOWN,UNKNOWN,0.25,0,73.821
2306,56.3208,35,4.985,0.9094,walk_turn_walk,UNKNOWN,UNKNOWN,0.25,0,74.162
2307,56.3339,35,4.9981,0.9097,walk_turn_walk,UNKNOWN,UNKNOWN,0.25,0,75.043
2308,56.3462,35,4.9944,0.9097,walk_turn_walk,UNKNOWN,UNKNOWN,0.25,0,75.52
2309,56.3585,35,4.9923,0.9097,walk_turn_walk,UNKNOWN,UNKNOWN,0.25,0,76.16
2310,56.3707,35,4.9902,0.9097,walk_turn_walk,UNKNOWN,UNKNOWN,0.25,0,76.535
2311,56.3831,35,4.9849,0.9097,walk_turn_walk,UNKNOWN,UNKNOWN,0.25,0,76.969
2312,56.3956,35,4.9974,0.9101,walk_turn_walk,UNKNOWN,UNKNOWN,0.25,0,77.742
2313,56.4072,35,4.9879,0.9101,walk_turn_walk,UNKNOWN,UNKNOWN,0.25,0,78.065
2315,56.4312,35,4.9906,0.9068,walk_turn_walk,UNKNOWN,UNKNOWN,0.25,0,78.382
2316,56.445,35,4.9877,0.9068,walk_turn_walk,UNKNOWN,UNKNOWN,0.25,0,78.071
2317,56.4581,35,4.9775,0.9068,walk_turn_walk,UNKNOWN,UNKNOWN,0.25,0,78.623
2318,56.4699,35,4.9894,0.9071,leg_raise_lower,UNKNOWN,UNKNOWN,0.2633,1,78.323
2319,56.5299,35,4.9608,0.9068,leg_raise_lower,UNKNOWN,UNKNOWN,0.2633,0,72.166
2320,56.5428,35,4.9737,0.9071,leg_raise_lower,UNKNOWN,UNKNOWN,0.2633,0,72.087
2321,56.5572,35,4.9881,0.9075,leg_raise_lower,UNKNOWN,UNKNOWN,0.2633,0,72.893
2322,56.5692,35,4.9873,0.911,leg_raise_lower,UNKNOWN,UNKNOWN,0.2633,0,73.496
2323,56.582,35,4.9871,0.911,leg_raise_lower,UNKNOWN,UNKNOWN,0.2633,0,74.179
2324,56.5945,35,4.9996,0.9113,leg_raise_lower,UNKNOWN,UNKNOWN,0.2633,0,75.204
2325,56.6064,35,4.9984,0.9113,leg_raise_lower,UNKNOWN,UNKNOWN,0.2633,0,75.377
2326,56.6193,35,4.9882,0.9113,leg_raise_lower,UNKNOWN,UNKNOWN,0.2633,0,76.054
2327,56.6314,35,4.9875,0.9113,leg_raise_lower,UNKNOWN,UNKNOWN,0.2633,0,76.436
2328,56.6439,35,5.0,0.9117,leg_raise_lower,UNKNOWN,UNKNOWN,0.2633,0,77.081
2329,56.6564,35,4.999,0.9117,leg_raise_lower,UNKNOWN,UNKNOWN,0.2633,0,77.432
2330,56.6684,35,4.9951,0.9117,leg_raise_lower,UNKNOWN,UNKNOWN,0.2633,0,78.003
2331,56.6804,35,4.9925,0.9117,leg_raise_lower,UNKNOWN,UNKNOWN,0.2633,0,78.235
2332,56.693,35,4.9905,0.9117,leg_raise_lower,UNKNOWN,UNKNOWN,0.2633,0,78.956
2333,56.7045,35,4.9875,0.9117,leg_raise_lower,UNKNOWN,UNKNOWN,0.2633,0,79.352
2334,56.7166,35,4.9996,0.912,leg_raise_lower,UNKNOWN,UNKNOWN,0.2633,0,79.121
2335,56.7296,35,5.0,0.912,walk_turn_walk,UNKNOWN,UNKNOWN,0.2567,1,78.888
2336,56.79,35,4.9816,0.9113,walk_turn_walk,UNKNOWN,UNKNOWN,0.2567,0,72.671
2338,56.8138,35,4.9908,0.9081,walk_turn_walk,UNKNOWN,UNKNOWN,0.2567,0,74.498
2339,56.8268,35,4.9879,0.9081,walk_turn_walk,UNKNOWN,UNKNOWN,0.2567,0,74.794
2340,56.8401,35,4.9886,0.9081,walk_turn_walk,UNKNOWN,UNKNOWN,0.2567,0,75.05
2344,56.8913,35,4.9926,0.8979,walk_turn_walk,UNKNOWN,UNKNOWN,0.2567,0,78.143
2345,56.903,35,4.9819,0.8979,walk_turn_walk,UNKNOWN,UNKNOWN,0.2567,0,79.003
2346,56.9149,35,4.9938,0.8982,walk_turn_walk,UNKNOWN,UNKNOWN,0.2567,0,79.404
2347,56.9265,35,4.993,0.8982,walk_turn_walk,UNKNOWN,UNKNOWN,0.2567,0,79.119
2348,56.9398,35,4.9935,0.8982,walk_turn_walk,UNKNOWN,UNKNOWN,0.2567,0,79.555
2350,56.9644,35,4.9854,0.8947,walk_turn_walk,UNKNOWN,UNKNOWN,0.2567,0,79.342
2351,56.9772,35,4.9982,0.8951,walk_turn_walk,UNKNOWN,UNKNOWN,0.2567,0,79.648
2352,56.9895,35,4.9964,0.8951,walk_turn_walk,UNKNOWN,UNKNOWN,0.2533,1,80.092
2353,57.0394,35,4.9804,0.8947,walk_turn_walk,UNKNOWN,UNKNOWN,0.2533,0,73.989
2356,57.0782,35,4.9917,0.8881,walk_turn_walk,UNKNOWN,UNKNOWN,0.2533,0,76.389
2359,57.1133,35,5.0,0.8815,walk_turn_walk,UNKNOWN,UNKNOWN,0.2533,0,79.222
2360,57.125,35,4.9977,0.8815,walk_turn_walk,UNKNOWN,UNKNOWN,0.2533,0,79.316
2365,57.1847,35,4.9872,0.8676,walk_turn_walk,UNKNOWN,UNKNOWN,0.2533,0,81.589
2366,57.1963,35,4.9987,0.8681,walk_turn_walk,UNKNOWN,UNKNOWN,0.2533,0,82.016
2367,57.208,35,4.9967,0.8681,walk_turn_walk,UNKNOWN,UNKNOWN,0.2533,0,81.701
2368,57.2206,35,4.9915,0.8681,walk_turn_walk,UNKNOWN,UNKNOWN,0.2533,0,81.234
2370,57.2469,35,4.9869,0.8646,walk_turn_walk,UNKNOWN,UNKNOWN,0.25,1,81.057
2371,57.297,35,4.9853,0.8646,walk_turn_walk,UNKNOWN,UNKNOWN,0.25,0,74.942
2375,57.3469,192,0.0,1.0,WARMING_UP,WARMING_UP,WARMING_UP,0.0,0,76.799
2376,57.3589,35,4.9917,0.8517,walk_turn_walk,UNKNOWN,UNKNOWN,0.25,0,77.417
2377,57.3711,35,4.9883,0.8517,walk_turn_walk,UNKNOWN,UNKNOWN,0.25,0,77.211
2378,57.3845,35,4.9834,0.8517,walk_turn_walk,UNKNOWN,UNKNOWN,0.25,0,77.002
2378,57.3845,192,0.0376,0.5,WARMING_UP,WARMING_UP,WARMING_UP,0.0,0,77.002
2379,57.398,35,4.997,0.8522,walk_turn_walk,UNKNOWN,UNKNOWN,0.25,0,77.368
2379,57.398,192,0.0512,0.6,WARMING_UP,WARMING_UP,WARMING_UP,0.0,0,77.368
2380,57.4108,35,4.9927,0.8522,walk_turn_walk,UNKNOWN,UNKNOWN,0.25,0,77.513
2380,57.4108,192,0.0639,0.6667,WARMING_UP,WARMING_UP,WARMING_UP,0.0,0,77.513
2381,57.423,35,4.9887,0.8522,walk_turn_walk,UNKNOWN,UNKNOWN,0.25,0,77.575
2382,57.4357,35,4.9806,0.8522,walk_turn_walk,UNKNOWN,UNKNOWN,0.25,0,77.339
2383,57.449,35,4.9939,0.8527,walk_turn_walk,UNKNOWN,UNKNOWN,0.25,0,77.191
2384,57.4624,192,0.1155,0.5,WARMING_UP,WARMING_UP,WARMING_UP,0.0,0,77.414
2385,57.4748,192,0.1279,0.5455,WARMING_UP,WARMING_UP,WARMING_UP,0.0,0,77.538
2386,57.4873,192,0.1404,0.5833,WARMING_UP,WARMING_UP,WARMING_UP,0.0,0,77.422
2388,57.5126,35,4.9952,0.8401,walk_turn_walk,UNKNOWN,UNKNOWN,0.2633,1,78.287
2388,57.5126,192,0.1657,0.5714,WARMING_UP,WARMING_UP,WARMING_UP,0.0,0,78.287
2389,57.5745,35,4.9971,0.8401,walk_turn_walk,UNKNOWN,UNKNOWN,0.2633,0,72.009
2389,57.5745,192,0.2276,0.6,WARMING_UP,WARMING_UP,WARMING_UP,0.0,0,72.009
2390,57.5898,35,4.9918,0.8401,walk_turn_walk,UNKNOWN,UNKNOWN,0.2633,0,72.332
2391,57.6027,35,4.9835,0.8401,walk_turn_walk,UNKNOWN,UNKNOWN,0.2633,0,72.3
2392,57.6166,35,4.9975,0.8407,walk_turn_walk,UNKNOWN,UNKNOWN,0.2633,0,71.733
2393,57.6317,35,4.9991,0.8407,walk_turn_walk,UNKNOWN,UNKNOWN,0.2633,0,72.299
2393,57.6317,192,0.2849,0.5263,WARMING_UP,WARMING_UP,WARMING_UP,0.0,0,72.299
2394,57.6456,35,4.9911,0.8407,walk_turn_walk,UNKNOWN,UNKNOWN,0.2633,0,72.301
2394,57.6456,192,0.2987,0.55,WARMING_UP,WARMING_UP,WARMING_UP,0.0,0,72.301
2395,57.6586,35,4.9818,0.8407,walk_turn_walk,UNKNOWN,UNKNOWN,0.2633,0,72.431
2395,57.6586,192,0.3117,0.5714,WARMING_UP,WARMING_UP,WARMING_UP,0.0,0,72.431
2396,57.6721,35,4.9953,0.8412,walk_turn_walk,UNKNOWN,UNKNOWN,0.2633,0,72.684
2396,57.6721,192,0.3252,0.5909,WARMING_UP,WARMING_UP,WARMING_UP,0.0,0,72.684
2397,57.6864,35,4.9955,0.8412,walk_turn_walk,UNKNOWN,UNKNOWN,0.2633,0,72.063
2398,57.7004,35,4.9901,0.8412,walk_turn_walk,UNKNOWN,UNKNOWN,0.2633,0,72.647
2398,57.7004,192,0.3535,0.5833,WARMING_UP,WARMING_UP,WARMING_UP,0.0,0,72.647
2399,57.714,192,0.3671,0.6,WARMING_UP,WARMING_UP,WARMING_UP,0.0,0,72.945
2400,57.7263,35,4.9927,0.8384,walk_turn_walk,UNKNOWN,UNKNOWN,0.2633,0,73.824
2401,57.7387,35,4.9857,0.8418,walk_turn_walk,UNKNOWN,UNKNOWN,0.2633,0,73.815
2401,57.7387,192,0.3919,0.5926,WARMING_UP,WARMING_UP,WARMING_UP,0.0,0,73.815
2402,57.7523,192,0.4054,0.6071,WARMING_UP,WARMING_UP,WARMING_UP,0.0,0,73.882
2403,57.7658,192,0.4189,0.6207,WARMING_UP,WARMING_UP,WARMING_UP,0.0,0,74.573
2403,57.7658,35,4.9914,0.8389,walk_turn_walk,UNKNOWN,UNKNOWN,0.2533,1,74.573
2404,57.8268,192,0.4799,0.6333,WARMING_UP,WARMING_UP,WARMING_UP,0.0,0,68.59
2404,57.8268,35,4.995,0.8389,walk_turn_walk,UNKNOWN,UNKNOWN,0.2533,0,68.59
2405,57.8467,192,0.4998,0.6452,WARMING_UP,WARMING_UP,WARMING_UP,0.0,0,69.226
2405,57.8467,35,4.9975,0.8423,walk_turn_walk,UNKNOWN,UNKNOWN,0.2533,0,69.226
2406,57.8593,35,4.9881,0.8423,walk_turn_walk,UNKNOWN,UNKNOWN,0.2533,0,69.729
2407,57.8726,35,4.9834,0.8423,walk_turn_walk,UNKNOWN,UNKNOWN,0.2533,0,67.61
2407,57.8726,192,0.5258,0.6364,WARMING_UP,WARMING_UP,WARMING_UP,0.0,0,67.61
2408,57.8939,35,4.9833,0.8423,walk_turn_walk,UNKNOWN,UNKNOWN,0.2533,0,67.737
2408,57.8939,192,0.547,0.6471,WARMING_UP,WARMING_UP,WARMING_UP,0.0,0,67.737
2409,57.9079,192,0.5611,0.6571,WARMING_UP,WARMING_UP,WARMING_UP,0.0,0,68.604
2410,57.9207,35,4.9888,0.8395,walk_turn_walk,UNKNOWN,UNKNOWN,0.2533,0,69.49
2411,57.9338,35,4.9814,0.8395,walk_turn_walk,UNKNOWN,UNKNOWN,0.2533,0,70.776
2411,57.9338,192,0.5869,0.6486,WARMING_UP,WARMING_UP,WARMING_UP,0.0,0,70.776
2412,57.9462,35,4.9938,0.84,walk_turn_walk,UNKNOWN,UNKNOWN,0.2533,0,68.988
2412,57.9462,192,0.5993,0.6579,WARMING_UP,WARMING_UP,WARMING_UP,0.0,0,68.988
2413,57.9665,35,4.9924,0.84,walk_turn_walk,UNKNOWN,UNKNOWN,0.2533,0,69.191
2413,57.9665,192,0.6196,0.6667,WARMING_UP,WARMING_UP,WARMING_UP,0.0,0,69.191
2414,57.9792,35,4.989,0.84,walk_turn_walk,UNKNOWN,UNKNOWN,0.2533,0,70.156
2414,57.9792,192,0.6323,0.675,WARMING_UP,WARMING_UP,WARMING_UP,0.0,0,70.156
2415,57.9918,35,4.9871,0.8433,walk_turn_walk,UNKNOWN,UNKNOWN,0.2533,0,70.809
2415,57.9918,192,0.6449,0.6829,WARMING_UP,WARMING_UP,WARMING_UP,0.0,0,70.809
2416,58.0048,35,4.9786,0.8467,walk_turn_walk,UNKNOWN,UNKNOWN,0.2533,0,70.933
2416,58.0048,192,0.6579,0.6905,WARMING_UP,WARMING_UP,WARMING_UP,0.0,0,70.933
2417,58.0187,35,4.9925,0.8472,leg_raise_lower,UNKNOWN,UNKNOWN,0.2533,1,71.821
2418,58.0733,35,4.9925,0.8562,leg_raise_lower,UNKNOWN,UNKNOWN,0.2533,0,66.433
2419,58.0868,35,4.983,0.8595,leg_raise_lower,UNKNOWN,UNKNOWN,0.2533,0,66.338
2420,58.1021,35,4.9983,0.86,leg_raise_lower,UNKNOWN,UNKNOWN,0.2533,0,68.002
2420,58.1021,192,0.7552,0.6522,WARMING_UP,WARMING_UP,WARMING_UP,0.0,0,68.002
2421,58.1149,35,4.9537,0.86,leg_raise_lower,UNKNOWN,UNKNOWN,0.2533,0,68.87
2421,58.1149,192,0.768,0.6596,WARMING_UP,WARMING_UP,WARMING_UP,0.0,0,68.87
2422,58.1273,35,4.9662,0.8605,leg_raise_lower,UNKNOWN,UNKNOWN,0.2533,0,69.126
2422,58.1273,192,0.7804,0.6667,WARMING_UP,WARMING_UP,WARMING_UP,0.0,0,69.126
2423,58.1413,35,4.9801,0.8609,leg_raise_lower,UNKNOWN,UNKNOWN,0.2533,0,69.866
2423,58.1413,192,0.7944,0.6735,WARMING_UP,WARMING_UP,WARMING_UP,0.0,0,69.866
2424,58.1544,35,4.9933,0.8614,leg_raise_lower,UNKNOWN,UNKNOWN,0.2533,0,70.034
2424,58.1544,192,0.8075,0.68,WARMING_UP,WARMING_UP,WARMING_UP,0.0,0,70.034
2425,58.1683,192,0.8215,0.6863,WARMING_UP,WARMING_UP,WARMING_UP,0.0,0,71.435
2426,58.1801,192,0.8332,0.6923,WARMING_UP,WARMING_UP,WARMING_UP,0.0,0,72.248
2426,58.1801,35,4.9888,0.8647,leg_raise_lower,UNKNOWN,UNKNOWN,0.2533,0,72.248
2427,58.1927,35,4.9882,0.8647,leg_raise_lower,UNKNOWN,UNKNOWN,0.2533,0,72.469
2428,58.206,35,4.9874,0.8647,leg_raise_lower,UNKNOWN,UNKNOWN,0.2533,0,72.451
2428,58.206,192,0.8592,0.6852,WARMING_UP,WARMING_UP,WARMING_UP,0.0,0,72.451
2429,58.2201,35,4.9874,0.8647,leg_raise_lower,UNKNOWN,UNKNOWN,0.2533,0,73.185
2429,58.2201,192,0.8733,0.6909,WARMING_UP,WARMING_UP,WARMING_UP,0.0,0,73.185
2430,58.2332,35,4.9805,0.868,leg_raise_lower,UNKNOWN,UNKNOWN,0.2533,0,73.543
2430,58.2332,192,0.8863,0.6964,WARMING_UP,WARMING_UP,WARMING_UP,0.0,0,73.543
2431,58.2457,35,4.993,0.8684,leg_raise_lower,UNKNOWN,UNKNOWN,0.2533,0,73.892
2432,58.2585,35,4.9928,0.8717,leg_raise_lower,UNKNOWN,UNKNOWN,0.2533,0,74.327
2433,58.2712,35,4.9915,0.8717,walk_turn_walk,UNKNOWN,UNKNOWN,0.2533,1,75.174
2434,58.3307,35,4.9986,0.8738,walk_turn_walk,UNKNOWN,UNKNOWN,0.2533,0,69.32
2435,58.3434,35,4.9967,0.8738,walk_turn_walk,UNKNOWN,UNKNOWN,0.2533,0,69.489
2436,58.3577,35,4.9973,0.8771,walk_turn_walk,UNKNOWN,UNKNOWN,0.2533,0,67.264
2437,58.3793,35,4.9601,0.8771,walk_turn_walk,UNKNOWN,UNKNOWN,0.2533,0,67.698
2438,58.3927,35,4.9735,0.8775,walk_turn_walk,UNKNOWN,UNKNOWN,0.2533,0,68.03
2439,58.407,35,4.9878,0.8779,walk_turn_walk,UNKNOWN,UNKNOWN,0.2533,0,67.594
2440,58.4225,35,4.9875,0.8779,walk_turn_walk,UNKNOWN,UNKNOWN,0.2533,0,66.558
2440,58.4225,192,1.0757,0.6061,WARMING_UP,WARMING_UP,WARMING_UP,0.0,0,66.558
2441,58.4401,35,4.9908,0.8812,walk_turn_walk,UNKNOWN,UNKNOWN,0.2533,0,64.727
2442,58.461,35,4.9986,0.8845,walk_turn_walk,UNKNOWN,UNKNOWN,0.2533,0,64.733
2443,58.476,35,4.9887,0.8874,walk_turn_walk,UNKNOWN,UNKNOWN,0.2533,0,63.398
2444,58.4958,35,4.9917,0.8907,walk_turn_walk,UNKNOWN,UNKNOWN,0.2533,0,60.908
2445,58.5216,35,4.9791,0.8904,leg_raise_lower,UNKNOWN,UNKNOWN,0.2567,1,59.608
2446,58.5845,35,4.9862,0.8893,leg_raise_lower,UNKNOWN,UNKNOWN,0.2567,0,55.24
2447,58.6053,35,4.9937,0.8893,leg_raise_lower,UNKNOWN,UNKNOWN,0.2567,0,54.951
2447,58.6053,192,1.2584,0.5616,WARMING_UP,WARMING_UP,WARMING_UP,0.0,0,54.951
2448,58.6244,35,4.9511,0.8893,leg_raise_lower,UNKNOWN,UNKNOWN,0.2567,0,56.368
2449,58.6387,35,4.9654,0.8896,leg_raise_lower,UNKNOWN,UNKNOWN,0.2567,0,55.511
2450,58.6597,35,4.9864,0.89,leg_raise_lower,UNKNOWN,UNKNOWN,0.2567,0,54.804
2451,58.6806,35,4.9899,0.8933,leg_raise_lower,UNKNOWN,UNKNOWN,0.2567,0,53.233
2451,58.6806,192,1.3337,0.5455,WARMING_UP,WARMING_UP,WARMING_UP,0.0,0,53.233
2452,58.7062,35,4.9835,0.893,leg_raise_lower,UNKNOWN,UNKNOWN,0.2567,0,53.57
2453,58.7236,35,4.9849,0.893,leg_raise_lower,UNKNOWN,UNKNOWN,0.2567,0,52.867
2454,58.7452,35,4.9918,0.893,leg_raise_lower,UNKNOWN,UNKNOWN,0.2567,0,52.417
2455,58.766,35,4.9956,0.893,leg_raise_lower,UNKNOWN,UNKNOWN,0.2567,0,55.037
2456,58.7784,35,4.9865,0.893,leg_raise_lower,UNKNOWN,UNKNOWN,0.2467,1,56.797
2457,58.835,35,4.9885,0.8923,leg_raise_lower,UNKNOWN,UNKNOWN,0.2467,0,52.78
2458,58.8525,35,4.9845,0.8923,leg_raise_lower,UNKNOWN,UNKNOWN,0.2467,0,52.166
2459,58.874,35,4.9526,0.8923,leg_raise_lower,UNKNOWN,UNKNOWN,0.2467,0,53.468
2460,58.889,35,4.9677,0.8926,leg_raise_lower,UNKNOWN,UNKNOWN,0.2467,0,53.079
2461,58.9093,35,4.9879,0.893,leg_raise_lower,UNKNOWN,UNKNOWN,0.2467,0,52.704
2462,58.9296,35,4.9905,0.893,leg_raise_lower,UNKNOWN,UNKNOWN,0.2467,0,52.326
2463,58.9503,35,4.9968,0.893,leg_raise_lower,UNKNOWN,UNKNOWN,0.2467,0,52.102
2464,58.97,35,4.9862,0.8926,leg_raise_lower,UNKNOWN,UNKNOWN,0.2467,0,51.885
2465,58.9901,35,4.9928,0.8926,leg_raise_lower,UNKNOWN,UNKNOWN,0.2467,0,53.844
2466,59.0039,35,4.9939,0.8926,leg_raise_lower,UNKNOWN,UNKNOWN,0.2467,0,55.792
2467,59.0177,35,4.9894,0.8926,leg_raise_lower,UNKNOWN,UNKNOWN,0.2467,0,58.173
2468,59.0312,35,4.9886,0.8926,walk_turn_walk,UNKNOWN,UNKNOWN,0.2567,1,59.473
2469,59.0828,35,4.9953,0.8919,walk_turn_walk,UNKNOWN,UNKNOWN,0.2567,0,55.413
2470,59.0974,35,4.9963,0.8919,walk_turn_walk,UNKNOWN,UNKNOWN,0.2567,0,56.516
2471,59.1122,35,4.9984,0.8919,walk_turn_walk,UNKNOWN,UNKNOWN,0.2567,0,57.165
2472,59.1281,35,4.9997,0.8919,walk_turn_walk,UNKNOWN,UNKNOWN,0.2567,0,57.797
2473,59.1438,35,4.9545,0.8919,walk_turn_walk,UNKNOWN,UNKNOWN,0.2567,0,59.47
2474,59.1573,35,4.9679,0.8923,walk_turn_walk,UNKNOWN,UNKNOWN,0.2567,0,62.128
2475,59.1691,35,4.9798,0.8926,walk_turn_walk,UNKNOWN,UNKNOWN,0.2567,0,64.051
2476,59.181,35,4.9917,0.893,walk_turn_walk,UNKNOWN,UNKNOWN,0.2567,0,65.415
2477,59.1941,35,4.982,0.893,walk_turn_walk,UNKNOWN,UNKNOWN,0.2567,0,65.856
2478,59.2088,35,4.9967,0.8933,walk_turn_walk,UNKNOWN,UNKNOWN,0.2567,0,66.202
2479,59.223,35,4.9949,0.8933,walk_turn_walk,UNKNOWN,UNKNOWN,0.2567,0,65.933
2480,59.2388,35,4.9957,0.8933,walk_turn_walk,UNKNOWN,UNKNOWN,0.2567,0,66.941
2481,59.2525,35,4.994,0.8933,walk_turn_walk,UNKNOWN,UNKNOWN,0.2567,0,67.497
2482,59.266,35,4.9921,0.8933,walk_turn_walk,UNKNOWN,UNKNOWN,0.2567,0,67.732
2483,59.2799,35,4.9897,0.8933,walk_turn_walk,UNKNOWN,UNKNOWN,0.2567,0,68.075
2484,59.2938,35,4.9878,0.8933,leg_raise_lower,UNKNOWN,UNKNOWN,0.2467,1,68.264
2485,59.3548,35,4.9921,0.8923,leg_raise_lower,UNKNOWN,UNKNOWN,0.2467,0,62.938
2486,59.375,35,4.9977,0.8923,leg_raise_lower,UNKNOWN,UNKNOWN,0.2467,0,61.942
2487,59.394,35,4.9235,0.8919,leg_raise_lower,UNKNOWN,UNKNOWN,0.2467,0,61.317
2488,59.412,35,4.9415,0.8923,leg_raise_lower,UNKNOWN,UNKNOWN,0.2467,0,59.716
2489,59.4342,35,4.9637,0.8926,leg_raise_lower,UNKNOWN,UNKNOWN,0.2467,0,60.572
2490,59.4486,35,4.9781,0.893,leg_raise_lower,UNKNOWN,UNKNOWN,0.2467,0,61.135
2491,59.4645,35,4.994,0.8933,leg_raise_lower,UNKNOWN,UNKNOWN,0.2467,0,61.86
2492,59.4785,35,4.9915,0.8933,leg_raise_lower,UNKNOWN,UNKNOWN,0.2467,0,60.72
2493,59.4983,35,4.9973,0.8933,leg_raise_lower,UNKNOWN,UNKNOWN,0.2467,0,58.948
2494,59.5217,35,4.9868,0.893,leg_raise_lower,UNKNOWN,UNKNOWN,0.2467,0,56.917
2495,59.5514,35,4.9891,0.8926,leg_raise_lower,UNKNOWN,UNKNOWN,0.2467,1,55.713
2496,59.6182,35,4.9784,0.8912,leg_raise_lower,UNKNOWN,UNKNOWN,0.2467,0,51.704
2497,59.6339,35,4.9942,0.8915,leg_raise_lower,UNKNOWN,UNKNOWN,0.2467,0,52.102
2498,59.6518,35,4.9955,0.8915,leg_raise_lower,UNKNOWN,UNKNOWN,0.2467,0,52.98
2499,59.6697,35,4.9523,0.8915,leg_raise_lower,UNKNOWN,UNKNOWN,0.2467,0,53.466
2500,59.6864,35,4.969,0.8919,leg_raise_lower,UNKNOWN,UNKNOWN,0.2467,0,53.33
2501,59.7106,35,4.9932,0.8923,leg_raise_lower,UNKNOWN,UNKNOWN,0.2467,0,52.062
2502,59.7299,35,4.9993,0.8923,leg_raise_lower,UNKNOWN,UNKNOWN,0.2467,0,53.328
2503,59.7446,35,4.9872,0.8919,leg_raise_lower,UNKNOWN,UNKNOWN,0.2467,0,53.022
2504,59.7648,35,4.9947,0.8919,leg_raise_lower,UNKNOWN,UNKNOWN,0.2467,0,54.331
2505,59.7798,35,4.9961,0.8919,leg_raise_lower,UNKNOWN,UNKNOWN,0.2467,0,55.449
2506,59.7956,35,4.9986,0.8919,leg_raise_lower,UNKNOWN,UNKNOWN,0.2467,0,55.905
2507,59.8123,35,4.999,0.8919,walk_turn_walk,UNKNOWN,UNKNOWN,0.2567,1,56.092
2508,59.8765,35,4.9996,0.8904,walk_turn_walk,UNKNOWN,UNKNOWN,0.2567,0,51.91
2509,59.8994,35,4.9971,0.89,walk_turn_walk,UNKNOWN,UNKNOWN,0.2567,0,51.274
2510,59.9221,35,4.9451,0.8897,walk_turn_walk,UNKNOWN,UNKNOWN,0.2567,0,50.417
2511,59.9448,35,4.9679,0.89,walk_turn_walk,UNKNOWN,UNKNOWN,0.2567,0,50.602
2512,59.964,35,4.987,0.8904,walk_turn_walk,UNKNOWN,UNKNOWN,0.2567,0,51.321
2513,59.9813,35,4.9916,0.8904,walk_turn_walk,UNKNOWN,UNKNOWN,0.2567,0,52.071
2514,59.9981,35,4.9958,0.8904,walk_turn_walk,UNKNOWN,UNKNOWN,0.2567,0,52.889
2515,60.0146,35,4.9994,0.8904,walk_turn_walk,UNKNOWN,UNKNOWN,0.2567,0,53.098
2516,60.0324,35,4.9913,0.89,walk_turn_walk,UNKNOWN,UNKNOWN,0.2567,0,52.435
2517,60.0545,35,4.9875,0.8897,walk_turn_walk,UNKNOWN,UNKNOWN,0.2567,0,52.021
2518,60.0746,35,4.9949,0.8897,walk_turn_walk,UNKNOWN,UNKNOWN,0.2567,1,53.94
2520,60.1369,35,4.9994,0.8854,walk_turn_walk,UNKNOWN,UNKNOWN,0.2567,0,53.46
2521,60.1498,35,4.9983,0.8854,walk_turn_walk,UNKNOWN,UNKNOWN,0.2567,0,56.024
2522,60.1627,35,4.9948,0.8854,walk_turn_walk,UNKNOWN,UNKNOWN,0.2567,0,57.361
2523,60.1774,35,4.9504,0.8854,walk_turn_walk,UNKNOWN,UNKNOWN,0.2567,0,58.187
2524,60.1923,35,4.9653,0.8858,walk_turn_walk,UNKNOWN,UNKNOWN,0.2567,0,59.862
2525,60.2061,35,4.9791,0.8862,walk_turn_walk,UNKNOWN,UNKNOWN,0.2567,0,60.739
2526,60.2202,35,4.9932,0.8866,walk_turn_walk,UNKNOWN,UNKNOWN,0.2567,0,59.16
2527,60.2428,35,4.9913,0.8897,walk_turn_walk,UNKNOWN,UNKNOWN,0.2567,0,60.572
2528,60.2565,35,4.9924,0.8897,walk_turn_walk,UNKNOWN,UNKNOWN,0.2567,0,61.716
2529,60.2706,35,4.9946,0.8897,walk_turn_walk,UNKNOWN,UNKNOWN,0.2567,0,62.178
2530,60.2855,35,4.9979,0.8931,walk_turn_walk,UNKNOWN,UNKNOWN,0.2567,0,62.216
2531,60.3013,35,4.9987,0.8931,walk_turn_walk,UNKNOWN,UNKNOWN,0.2567,0,63.411
2532,60.3149,35,4.9981,0.8931,walk_turn_walk,UNKNOWN,UNKNOWN,0.2567,0,61.76
2533,60.3366,35,4.9942,0.8927,walk_turn_walk,UNKNOWN,UNKNOWN,0.2633,1,59.892
2534,60.3993,35,4.9952,0.8916,walk_turn_walk,UNKNOWN,UNKNOWN,0.2633,0,55.676
2535,60.416,35,4.9998,0.8916,walk_turn_walk,UNKNOWN,UNKNOWN,0.2633,0,56.523
2536,60.4316,35,4.9953,0.8916,walk_turn_walk,UNKNOWN,UNKNOWN,0.2633,0,57.278
2537,60.4472,35,4.9485,0.8916,walk_turn_walk,UNKNOWN,UNKNOWN,0.2633,0,57.564
2538,60.4639,35,4.9652,0.892,walk_turn_walk,UNKNOWN,UNKNOWN,0.2633,0,57.632
2539,60.4807,35,4.982,0.8924,walk_turn_walk,UNKNOWN,UNKNOWN,0.2633,0,58.615
2540,60.4958,35,4.9971,0.8927,walk_turn_walk,UNKNOWN,UNKNOWN,0.2633,0,59.153
2541,60.5114,35,4.9988,0.8927,walk_turn_walk,UNKNOWN,UNKNOWN,0.2633,0,60.185
2542,60.5258,35,4.987,0.8958,walk_turn_walk,UNKNOWN,UNKNOWN,0.2633,0,60.559
2543,60.5419,35,4.9906,0.8958,walk_turn_walk,UNKNOWN,UNKNOWN,0.2633,0,61.668
2544,60.5552,35,4.9913,0.8958,walk_turn_walk,UNKNOWN,UNKNOWN,0.2633,0,62.94
2545,60.5684,35,4.9917,0.8958,walk_turn_walk,UNKNOWN,UNKNOWN,0.2633,0,63.566
2546,60.5829,35,4.9923,0.8958,walk_turn_walk,UNKNOWN,UNKNOWN,0.2633,0,63.862
2547,60.5985,35,4.995,0.8958,walk_turn_walk,UNKNOWN,UNKNOWN,0.2533,1,64.219
2548,60.6604,35,4.9958,0.8944,walk_turn_walk,UNKNOWN,UNKNOWN,0.2533,0,59.405
2549,60.6761,35,4.9998,0.8944,walk_turn_walk,UNKNOWN,UNKNOWN,0.2533,0,60.246
2550,60.6906,35,4.9507,0.894,walk_turn_walk,UNKNOWN,UNKNOWN,0.2533,0,60.15
2551,60.707,35,4.9671,0.8944,walk_turn_walk,UNKNOWN,UNKNOWN,0.2533,0,61.247
2552,60.7212,35,4.9813,0.8947,walk_turn_walk,UNKNOWN,UNKNOWN,0.2533,0,61.583
2553,60.7363,35,4.9964,0.8951,walk_turn_walk,UNKNOWN,UNKNOWN,0.2533,0,62.143
2554,60.751,35,4.9975,0.8951,walk_turn_walk,UNKNOWN,UNKNOWN,0.2533,0,62.726
2555,60.7657,35,4.9931,0.8951,walk_turn_walk,UNKNOWN,UNKNOWN,0.2533,0,62.487
2556,60.7823,35,4.9967,0.8951,walk_turn_walk,UNKNOWN,UNKNOWN,0.2533,0,62.639
2557,60.798,35,4.9938,0.8951,walk_turn_walk,UNKNOWN,UNKNOWN,0.2533,0,62.619
2558,60.8139,35,4.9961,0.8951,walk_turn_walk,UNKNOWN,UNKNOWN,0.2533,0,60.958
2559,60.8357,35,4.9936,0.8947,walk_turn_walk,UNKNOWN,UNKNOWN,0.2533,0,61.975
2560,60.8499,35,4.9958,0.8947,walk_turn_walk,UNKNOWN,UNKNOWN,0.2533,1,62.243
2561,60.9106,35,4.9909,0.8932,walk_turn_walk,UNKNOWN,UNKNOWN,0.2533,0,57.716
2562,60.9246,35,4.9933,0.8932,walk_turn_walk,UNKNOWN,UNKNOWN,0.2533,0,58.147
2563,60.9405,35,4.9973,0.8932,walk_turn_walk,UNKNOWN,UNKNOWN,0.2533,0,59.656
2564,60.954,35,4.9603,0.8932,walk_turn_walk,UNKNOWN,UNKNOWN,0.2533,0,60.033
2565,60.9697,35,4.976,0.8936,walk_turn_walk,UNKNOWN,UNKNOWN,0.2533,0,61.096
2566,60.9837,35,4.99,0.894,walk_turn_walk,UNKNOWN,UNKNOWN,0.2533,0,60.104
2567,61.0036,35,4.9969,0.894,walk_turn_walk,UNKNOWN,UNKNOWN,0.2533,0,58.275
2568,61.0275,35,5.0,0.894,walk_turn_walk,UNKNOWN,UNKNOWN,0.2533,0,59.855
2569,61.0412,35,4.9874,0.8936,walk_turn_walk,UNKNOWN,UNKNOWN,0.2533,0,60.701
2570,61.0556,35,4.9894,0.8936,walk_turn_walk,UNKNOWN,UNKNOWN,0.2533,0,61.818
2571,61.0691,35,4.99,0.8936,walk_turn_walk,UNKNOWN,UNKNOWN,0.2533,0,62.89
2572,61.0834,35,4.9911,0.8936,walk_turn_walk,UNKNOWN,UNKNOWN,0.2533,0,63.594
2573,61.0971,35,4.9912,0.8936,walk_turn_walk,UNKNOWN,UNKNOWN,0.2533,0,64.249
2574,61.1117,35,4.9916,0.8936,walk_turn_walk,UNKNOWN,UNKNOWN,0.2567,1,62.305
2575,61.1819,35,4.9989,0.8921,walk_turn_walk,UNKNOWN,UNKNOWN,0.2567,0,57.658
2576,61.1971,35,4.9907,0.8953,walk_turn_walk,UNKNOWN,UNKNOWN,0.2567,0,58.769
2577,61.2116,35,4.9939,0.8989,walk_turn_walk,UNKNOWN,UNKNOWN,0.2567,0,60.669
2578,61.2249,35,4.9562,0.8989,walk_turn_walk,UNKNOWN,UNKNOWN,0.2567,0,60.73
2579,61.2413,35,4.9726,0.8993,walk_turn_walk,UNKNOWN,UNKNOWN,0.2567,0,61.647
2580,61.2551,35,4.9864,0.8996,walk_turn_walk,UNKNOWN,UNKNOWN,0.2567,0,62.255
2581,61.2695,35,4.9876,0.8996,walk_turn_walk,UNKNOWN,UNKNOWN,0.2567,0,63.165
2582,61.2838,35,4.9894,0.8996,walk_turn_walk,UNKNOWN,UNKNOWN,0.2567,0,63.833
2583,61.298,35,4.9902,0.8996,walk_turn_walk,UNKNOWN,UNKNOWN,0.2567,0,64.305
2584,61.3128,35,4.9919,0.8996,walk_turn_walk,UNKNOWN,UNKNOWN,0.2567,0,64.55
2585,61.3276,35,4.9937,0.8996,walk_turn_walk,UNKNOWN,UNKNOWN,0.2567,0,65.918
2586,61.3405,35,4.9943,0.8996,walk_turn_walk,UNKNOWN,UNKNOWN,0.2567,0,67.262
2587,61.3532,35,4.9947,0.8996,walk_turn_walk,UNKNOWN,UNKNOWN,0.2567,0,65.202
2588,61.3754,35,4.9923,0.8993,leg_raise_lower,UNKNOWN,UNKNOWN,0.25,1,65.887
2589,61.4272,35,4.996,0.9018,leg_raise_lower,UNKNOWN,UNKNOWN,0.25,0,61.193
2592,61.4644,35,4.9945,0.8945,leg_raise_lower,UNKNOWN,UNKNOWN,0.25,0,64.895
2593,61.4823,35,4.9524,0.8945,leg_raise_lower,UNKNOWN,UNKNOWN,0.25,0,64.592
2594,61.4981,35,4.9682,0.8949,leg_raise_lower,UNKNOWN,UNKNOWN,0.25,0,64.348
2595,61.5143,35,4.9844,0.8953,leg_raise_lower,UNKNOWN,UNKNOWN,0.25,0,64.423
2596,61.5324,35,4.9896,0.8953,leg_raise_lower,UNKNOWN,UNKNOWN,0.25,0,63.748
2597,61.5475,35,4.9903,0.8953,leg_raise_lower,UNKNOWN,UNKNOWN,0.25,0,63.596
2598,61.5631,35,4.9938,0.8953,leg_raise_lower,UNKNOWN,UNKNOWN,0.25,0,63.449
2599,61.5793,35,4.9973,0.8953,leg_raise_lower,UNKNOWN,UNKNOWN,0.25,0,64.633
2600,61.5931,35,4.9986,0.8953,leg_raise_lower,UNKNOWN,UNKNOWN,0.25,0,65.276
2601,61.6062,35,4.9998,0.8953,leg_raise_lower,UNKNOWN,UNKNOWN,0.25,0,66.09
2603,61.6326,35,4.9887,0.8913,walk_turn_walk,UNKNOWN,UNKNOWN,0.2467,1,67.359
2604,61.6852,35,4.9922,0.8901,walk_turn_walk,UNKNOWN,UNKNOWN,0.2467,0,62.579
2605,61.6989,35,4.9943,0.8901,walk_turn_walk,UNKNOWN,UNKNOWN,0.2467,0,62.823
2606,61.7142,35,4.9975,0.8901,walk_turn_walk,UNKNOWN,UNKNOWN,0.2467,0,63.204
2607,61.7292,35,4.9996,0.8901,walk_turn_walk,UNKNOWN,UNKNOWN,0.2467,0,64.366
2608,61.7427,35,4.9527,0.8901,walk_turn_walk,UNKNOWN,UNKNOWN,0.2467,0,64.942
2609,61.7564,35,4.9664,0.8905,walk_turn_walk,UNKNOWN,UNKNOWN,0.2467,0,65.953
2610,61.77,35,4.98,0.8909,walk_turn_walk,UNKNOWN,UNKNOWN,0.2467,0,66.195
2611,61.7847,35,4.9947,0.8913,walk_turn_walk,UNKNOWN,UNKNOWN,0.2467,0,65.337
2612,61.8018,35,4.9993,0.8913,walk_turn_walk,UNKNOWN,UNKNOWN,0.2467,0,65.767
2613,61.8164,35,4.9895,0.8945,walk_turn_walk,UNKNOWN,UNKNOWN,0.2467,0,65.122
2614,61.8332,35,4.993,0.8945,walk_turn_walk,UNKNOWN,UNKNOWN,0.2467,0,65.205
2615,61.8487,35,4.9962,0.8945,walk_turn_walk,UNKNOWN,UNKNOWN,0.2467,0,64.645
2616,61.8654,35,4.9956,0.8982,walk_turn_walk,UNKNOWN,UNKNOWN,0.2467,0,64.489
2618,61.8936,35,4.9906,0.9015,leg_raise_lower,UNKNOWN,UNKNOWN,0.2533,1,67.278
2619,61.9443,35,4.9927,0.9004,leg_raise_lower,UNKNOWN,UNKNOWN,0.2533,0,62.285
2620,61.9641,35,4.9997,0.9041,leg_raise_lower,UNKNOWN,UNKNOWN,0.2533,0,61.607
2621,61.982,35,4.9925,0.9037,leg_raise_lower,UNKNOWN,UNKNOWN,0.2533,0,61.631
2622,61.9983,35,4.959,0.9037,leg_raise_lower,UNKNOWN,UNKNOWN,0.2533,0,62.359
2623,62.0127,35,4.9733,0.9041,leg_raise_lower,UNKNOWN,UNKNOWN,0.2533,0,63.944
2624,62.0258,35,4.9864,0.9044,leg_raise_lower,UNKNOWN,UNKNOWN,0.2533,0,63.836
2625,62.0414,35,4.9876,0.9044,leg_raise_lower,UNKNOWN,UNKNOWN,0.2533,0,64.858
2626,62.0549,35,4.9902,0.9081,leg_raise_lower,UNKNOWN,UNKNOWN,0.2533,0,62.357
2627,62.0801,35,4.9898,0.9114,leg_raise_lower,UNKNOWN,UNKNOWN,0.2533,0,63.744
2628,62.0929,35,4.9909,0.9151,leg_raise_lower,UNKNOWN,UNKNOWN,0.2533,0,62.113
2629,62.1143,35,4.9893,0.9185,leg_raise_lower,UNKNOWN,UNKNOWN,0.2533,0,62.34
2630,62.1299,35,4.9925,0.9185,leg_raise_lower,UNKNOWN,UNKNOWN,0.2533,0,63.624
2631,62.143,35,4.9945,0.9222,leg_raise_lower,UNKNOWN,UNKNOWN,0.2533,0,61.77
2632,62.1653,35,4.9934,0.9294,walk_turn_walk,UNKNOWN,UNKNOWN,0.2533,1,61.106
2633,62.2205,35,4.9999,0.9323,walk_turn_walk,UNKNOWN,UNKNOWN,0.2533,0,56.805
2634,62.2387,35,4.9917,0.9358,walk_turn_walk,UNKNOWN,UNKNOWN,0.2533,0,57.988
2635,62.2532,35,4.9562,0.9358,walk_turn_walk,UNKNOWN,UNKNOWN,0.2533,0,59.949
2636,62.2663,35,4.9693,0.9361,walk_turn_walk,UNKNOWN,UNKNOWN,0.2533,0,60.785
2637,62.2808,35,4.9838,0.9363,walk_turn_walk,UNKNOWN,UNKNOWN,0.2533,0,62.534
2638,62.2936,35,4.9966,0.9366,walk_turn_walk,UNKNOWN,UNKNOWN,0.2533,0,63.853
2639,62.3067,35,4.9971,0.9366,walk_turn_walk,UNKNOWN,UNKNOWN,0.2533,0,64.373
2640,62.3211,35,4.9998,0.9403,walk_turn_walk,UNKNOWN,UNKNOWN,0.2533,0,65.178
2641,62.335,35,4.9881,0.9476,walk_turn_walk,UNKNOWN,UNKNOWN,0.2533,0,64.289
2642,62.3527,35,4.9938,0.9513,walk_turn_walk,UNKNOWN,UNKNOWN,0.2533,0,64.35
2643,62.3684,35,4.9973,0.9513,walk_turn_walk,UNKNOWN,UNKNOWN,0.2533,0,64.34
2644,62.3837,35,4.9992,0.9513,walk_turn_walk,UNKNOWN,UNKNOWN,0.2533,0,64.959
2645,62.3979,35,4.9999,0.9513,walk_turn_walk,UNKNOWN,UNKNOWN,0.2533,0,66.399
2649,62.4531,35,4.9907,0.9398,walk_turn_walk,UNKNOWN,UNKNOWN,0.2567,1,68.395
2650,62.5038,35,4.9913,0.9544,walk_turn_walk,UNKNOWN,UNKNOWN,0.2567,0,63.414
2651,62.5208,35,4.9464,0.9544,walk_turn_walk,UNKNOWN,UNKNOWN,0.2567,0,63.851
2652,62.5358,35,4.9613,0.9545,walk_turn_walk,UNKNOWN,UNKNOWN,0.2567,0,64.937
2653,62.5492,35,4.9748,0.9547,walk_turn_walk,UNKNOWN,UNKNOWN,0.2567,0,65.757
2654,62.5626,35,4.9881,0.9549,walk_turn_walk,UNKNOWN,UNKNOWN,0.2567,0,66.843
2655,62.5758,35,4.9861,0.9549,walk_turn_walk,UNKNOWN,UNKNOWN,0.2567,0,67.573
2656,62.5891,35,4.9994,0.9551,walk_turn_walk,UNKNOWN,UNKNOWN,0.2567,0,68.097
2657,62.6029,35,4.9863,0.9549,walk_turn_walk,UNKNOWN,UNKNOWN,0.2567,0,67.418
2658,62.6193,35,4.9875,0.9549,walk_turn_walk,UNKNOWN,UNKNOWN,0.2567,0,66.608
2659,62.6362,35,4.9906,0.9549,walk_turn_walk,UNKNOWN,UNKNOWN,0.2567,0,64.575
2660,62.6581,35,4.9995,0.9549,walk_turn_walk,UNKNOWN,UNKNOWN,0.2567,0,62.331
2661,62.6816,35,4.9951,0.9547,walk_turn_walk,UNKNOWN,UNKNOWN,0.2567,0,62.663
2662,62.6967,35,4.9963,0.9547,walk_turn_walk,UNKNOWN,UNKNOWN,0.2567,0,62.153
2663,62.714,35,4.9877,0.9583,leg_raise_lower,UNKNOWN,UNKNOWN,0.26,1,63.376
2665,62.7793,35,4.9525,0.958,leg_raise_lower,UNKNOWN,UNKNOWN,0.26,0,61.03
2666,62.7926,35,4.9659,0.9582,leg_raise_lower,UNKNOWN,UNKNOWN,0.26,0,62.566
2667,62.8056,35,4.9788,0.9583,leg_raise_lower,UNKNOWN,UNKNOWN,0.26,0,62.705
2668,62.8211,35,4.9943,0.9585,leg_raise_lower,UNKNOWN,UNKNOWN,0.26,0,63.208
2673,62.8878,35,4.9939,0.9436,leg_raise_lower,UNKNOWN,UNKNOWN,0.26,0,68.734
2674,62.9017,35,4.9937,0.9436,leg_raise_lower,UNKNOWN,UNKNOWN,0.26,0,68.615
2675,62.9165,35,4.9958,0.9474,leg_raise_lower,UNKNOWN,UNKNOWN,0.26,0,68.07
2676,62.9323,35,4.9986,0.9474,leg_raise_lower,UNKNOWN,UNKNOWN,0.26,0,68.369
2677,62.9463,35,4.9798,0.9472,leg_raise_lower,UNKNOWN,UNKNOWN,0.26,0,65.99
2678,62.9693,35,4.9901,0.9472,leg_raise_lower,UNKNOWN,UNKNOWN,0.2533,1,66.396
2680,63.0328,35,4.9595,0.943,leg_raise_lower,UNKNOWN,UNKNOWN,0.2533,0,63.71
2681,63.0462,35,4.9728,0.9432,leg_raise_lower,UNKNOWN,UNKNOWN,0.2533,0,63.851
2682,63.0612,35,4.9879,0.9434,leg_raise_lower,UNKNOWN,UNKNOWN,0.2533,0,65.063
2683,63.0743,35,4.9875,0.9434,leg_raise_lower,UNKNOWN,UNKNOWN,0.2533,0,66.411
2684,63.0872,35,4.9851,0.9434,leg_raise_lower,UNKNOWN,UNKNOWN,0.2533,0,66.625
2685,63.1015,35,4.9995,0.9436,leg_raise_lower,UNKNOWN,UNKNOWN,0.2533,0,66.857
2686,63.1163,35,4.989,0.9434,leg_raise_lower,UNKNOWN,UNKNOWN,0.2533,0,66.983
2687,63.1311,35,4.9899,0.9434,leg_raise_lower,UNKNOWN,UNKNOWN,0.2533,0,67.554
2688,63.1449,35,4.9905,0.9434,leg_raise_lower,UNKNOWN,UNKNOWN,0.2533,0,67.027
2689,63.1606,35,4.9922,0.9434,leg_raise_lower,UNKNOWN,UNKNOWN,0.2533,0,68.184
2690,63.174,35,4.9939,0.9472,leg_raise_lower,UNKNOWN,UNKNOWN,0.2533,0,68.48
2691,63.1875,35,4.9948,0.9472,leg_raise_lower,UNKNOWN,UNKNOWN,0.2533,0,68.579
2692,63.2017,35,4.9957,0.9472,leg_raise_lower,UNKNOWN,UNKNOWN,0.2533,0,68.987
2693,63.2155,35,4.9953,0.9472,leg_raise_lower,UNKNOWN,UNKNOWN,0.2533,0,69.106
2694,63.2297,35,4.9965,0.9472,walk_turn_walk,UNKNOWN,UNKNOWN,0.2533,1,70.266
2695,63.2807,35,4.9499,0.9466,walk_turn_walk,UNKNOWN,UNKNOWN,0.2533,0,65.062
2696,63.2973,35,4.9665,0.9468,walk_turn_walk,UNKNOWN,UNKNOWN,0.2533,0,66.529
2698,63.3235,35,4.9928,0.9434,walk_turn_walk,UNKNOWN,UNKNOWN,0.2533,0,67.427
2699,63.3379,35,4.9945,0.9434,walk_turn_walk,UNKNOWN,UNKNOWN,0.2533,0,67.506
2700,63.3528,35,4.9951,0.9434,walk_turn_walk,UNKNOWN,UNKNOWN,0.2533,0,67.674
2701,63.367,35,4.9877,0.9434,walk_turn_walk,UNKNOWN,UNKNOWN,0.2533,0,67.557
2702,63.3819,35,4.9892,0.9434,walk_turn_walk,UNKNOWN,UNKNOWN,0.2533,0,65.459
2704,63.4177,35,4.9952,0.9396,walk_turn_walk,UNKNOWN,UNKNOWN,0.2533,0,63.976
2705,63.4389,35,4.9989,0.9396,walk_turn_walk,UNKNOWN,UNKNOWN,0.2533,0,64.921
2708,63.479,242,0.0,1.0,WARMING_UP,WARMING_UP,WARMING_UP,0.0,0,65.149
2709,63.4983,35,4.9768,0.9283,leg_raise_lower,UNKNOWN,UNKNOWN,0.2533,1,66.521
2710,63.5513,35,4.9668,0.9283,leg_raise_lower,UNKNOWN,UNKNOWN,0.2533,0,61.698
2712,63.5788,35,4.9943,0.9251,leg_raise_lower,UNKNOWN,UNKNOWN,0.2533,0,64.365
2714,63.6035,35,4.9982,0.9216,leg_raise_lower,UNKNOWN,UNKNOWN,0.2533,0,66.22
2715,63.6197,35,4.9953,0.9216,leg_raise_lower,UNKNOWN,UNKNOWN,0.2533,0,66.823
2716,63.6337,242,0.1546,0.2222,WARMING_UP,WARMING_UP,WARMING_UP,0.0,0,66.273
2717,63.6497,242,0.1706,0.3,WARMING_UP,WARMING_UP,WARMING_UP,0.0,0,66.256
2718,63.6648,242,0.1857,0.3636,WARMING_UP,WARMING_UP,WARMING_UP,0.0,0,65.648
2718,63.6648,35,4.9842,0.9142,leg_raise_lower,UNKNOWN,UNKNOWN,0.2533,0,65.648
2719,63.6817,242,0.2026,0.4167,WARMING_UP,WARMING_UP,WARMING_UP,0.0,0,66.035
2721,63.7065,242,0.2275,0.4286,WARMING_UP,WARMING_UP,WARMING_UP,0.0,0,69.084
2722,63.7202,242,0.2412,0.4667,WARMING_UP,WARMING_UP,WARMING_UP,0.0,0,68.793
2723,63.7354,242,0.2564,0.5,WARMING_UP,WARMING_UP,WARMING_UP,0.0,0,67.029
2724,63.7551,242,0.2761,0.5294,WARMING_UP,WARMING_UP,WARMING_UP,0.0,0,67.789
2725,63.7682,242,0.2891,0.5556,WARMING_UP,WARMING_UP,WARMING_UP,0.0,0,68.254
2726,63.7821,242,0.3031,0.5789,WARMING_UP,WARMING_UP,WARMING_UP,0.0,0,68.556
2727,63.7959,242,0.3169,0.6,WARMING_UP,WARMING_UP,WARMING_UP,0.0,0,69.752
2728,63.8086,242,0.3296,0.619,WARMING_UP,WARMING_UP,WARMING_UP,0.0,0,70.512
2729,63.8215,242,0.3424,0.6364,WARMING_UP,WARMING_UP,WARMING_UP,0.0,0,70.888
2730,63.8349,242,0.3559,0.6522,WARMING_UP,WARMING_UP,WARMING_UP,0.0,0,70.949
2731,63.8489,242,0.3699,0.6667,WARMING_UP,WARMING_UP,WARMING_UP,0.0,0,70.62
2732,63.8637,242,0.3846,0.68,WARMING_UP,WARMING_UP,WARMING_UP,0.0,0,68.588
2734,63.8969,35,4.9876,0.8613,walk_turn_walk,UNKNOWN,UNKNOWN,0.26,1,70.144
2735,63.9465,35,4.9962,0.8608,walk_turn_walk,UNKNOWN,UNKNOWN,0.26,0,65.087
2736,63.9612,35,4.9911,0.8608,walk_turn_walk,UNKNOWN,UNKNOWN,0.26,0,66.267
2738,63.9845,35,4.9944,0.8577,walk_turn_walk,UNKNOWN,UNKNOWN,0.26,0,65.923
2740,64.0189,35,4.9877,0.8535,walk_turn_walk,UNKNOWN,UNKNOWN,0.26,0,68.337
2741,64.0342,35,4.9514,0.8535,walk_turn_walk,UNKNOWN,UNKNOWN,0.26,0,68.461
2742,64.0487,242,0.5697,0.5143,WARMING_UP,WARMING_UP,WARMING_UP,0.0,0,68.192
2746,64.0983,242,0.6192,0.4872,WARMING_UP,WARMING_UP,WARMING_UP,0.0,0,70.845
2747,64.1202,242,0.6411,0.5,WARMING_UP,WARMING_UP,WARMING_UP,0.0,0,71.264
2748,64.1332,35,4.9894,0.8333,walk_turn_walk,UNKNOWN,UNKNOWN,0.26,0,71.411
2749,64.1471,242,0.668,0.5,WARMING_UP,WARMING_UP,WARMING_UP,0.0,0,71.92
2750,64.16,35,4.9909,0.8297,walk_turn_walk,UNKNOWN,UNKNOWN,0.2567,1,69.285
2753,64.2477,35,4.9952,0.8205,walk_turn_walk,UNKNOWN,UNKNOWN,0.2567,0,66.886
2754,64.263,35,4.997,0.8205,walk_turn_walk,UNKNOWN,UNKNOWN,0.2567,0,64.294
2756,64.2987,35,4.9438,0.8162,walk_turn_walk,UNKNOWN,UNKNOWN,0.2567,0,66.895
2757,64.3128,35,4.958,0.8168,walk_turn_walk,UNKNOWN,UNKNOWN,0.2567,0,67.837
2758,64.3261,35,4.9713,0.8175,walk_turn_walk,UNKNOWN,UNKNOWN,0.2567,0,65.721
2759,64.3473,35,4.9925,0.8182,walk_turn_walk,UNKNOWN,UNKNOWN,0.2567,0,66.609
2760,64.3605,35,4.9855,0.8182,walk_turn_walk,UNKNOWN,UNKNOWN,0.2567,0,67.838
2762,64.3926,35,4.9985,0.8152,walk_turn_walk,UNKNOWN,UNKNOWN,0.2567,0,66.051
2764,64.4268,242,0.9478,0.386,WARMING_UP,WARMING_UP,WARMING_UP,0.0,0,63.699
2765,64.4455,242,0.9665,0.3966,WARMING_UP,WARMING_UP,WARMING_UP,0.0,0,61.863
2766,64.4676,242,0.9886,0.4068,WARMING_UP,WARMING_UP,WARMING_UP,0.0,0,62.725
2767,64.4817,35,4.9834,0.8,leg_raise_lower,UNKNOWN,UNKNOWN,0.25,1,62.551
2769,64.5474,35,4.9959,0.7964,leg_raise_lower,UNKNOWN,UNKNOWN,0.25,0,60.523
2770,64.5606,242,1.0815,0.3968,WARMING_UP,WARMING_UP,WARMING_UP,0.0,0,61.966
2771,64.574,35,4.9558,0.7935,leg_raise_lower,UNKNOWN,UNKNOWN,0.25,0,63.237
2772,64.5869,35,4.9687,0.7942,leg_raise_lower,UNKNOWN,UNKNOWN,0.25,0,62.039
2772,64.5869,242,1.1079,0.4,WARMING_UP,WARMING_UP,WARMING_UP,0.0,0,62.039
2773,64.6075,35,4.9894,0.795,leg_raise_lower,UNKNOWN,UNKNOWN,0.25,0,62.795
2773,64.6075,242,1.1285,0.4091,WARMING_UP,WARMING_UP,WARMING_UP,0.0,0,62.795
2774,64.6209,242,1.1419,0.4179,WARMING_UP,WARMING_UP,WARMING_UP,0.0,0,63.932
2775,64.6342,35,4.9824,0.7914,leg_raise_lower,UNKNOWN,UNKNOWN,0.25,0,64.401
2776,64.6492,242,1.1702,0.4203,WARMING_UP,WARMING_UP,WARMING_UP,0.0,0,64.529
2777,64.664,35,4.9943,0.7885,leg_raise_lower,UNKNOWN,UNKNOWN,0.25,0,64.679
2778,64.6795,242,1.2005,0.4225,WARMING_UP,WARMING_UP,WARMING_UP,0.0,0,65.95
2779,64.6923,35,4.9817,0.7849,leg_raise_lower,UNKNOWN,UNKNOWN,0.25,0,67.47
2780,64.7044,35,4.9938,0.7857,leg_raise_lower,UNKNOWN,UNKNOWN,0.25,0,67.886
2781,64.7191,242,1.2401,0.4189,WARMING_UP,WARMING_UP,WARMING_UP,0.0,0,67.753
2782,64.7336,35,4.989,0.7821,leg_raise_lower,UNKNOWN,UNKNOWN,0.2533,1,67.658
2783,64.786,242,1.3069,0.4211,WARMING_UP,WARMING_UP,WARMING_UP,0.0,0,62.605
2784,64.8068,242,1.3277,0.4286,WARMING_UP,WARMING_UP,WARMING_UP,0.0,0,63.91
2784,64.8068,35,4.9945,0.777,leg_raise_lower,UNKNOWN,UNKNOWN,0.2533,0,63.91
2785,64.8204,35,4.9439,0.777,leg_raise_lower,UNKNOWN,UNKNOWN,0.2533,0,64.548
2786,64.8345,35,4.958,0.7778,leg_raise_lower,UNKNOWN,UNKNOWN,0.2533,0,64.28
2787,64.8507,35,4.9742,0.7786,leg_raise_lower,UNKNOWN,UNKNOWN,0.2533,0,64.258
2788,64.8663,35,4.9898,0.7794,leg_raise_lower,UNKNOWN,UNKNOWN,0.2533,0,65.009
2789,64.8803,35,4.9809,0.7794,leg_raise_lower,UNKNOWN,UNKNOWN,0.2533,0,66.059
2790,64.8938,35,4.9944,0.7801,leg_raise_lower,UNKNOWN,UNKNOWN,0.2533,0,66.815
2791,64.907,35,4.9849,0.7801,leg_raise_lower,UNKNOWN,UNKNOWN,0.2533,0,67.549
2792,64.9206,35,4.9985,0.7809,leg_raise_lower,UNKNOWN,UNKNOWN,0.2533,0,66.728
2793,64.9374,35,4.9926,0.7809,leg_raise_lower,UNKNOWN,UNKNOWN,0.2533,0,67.535
2794,64.9509,35,4.987,0.7809,leg_raise_lower,UNKNOWN,UNKNOWN,0.2533,0,67.133
2795,64.9664,35,4.9852,0.7809,leg_raise_lower,UNKNOWN,UNKNOWN,0.2533,0,65.131
2796,64.9877,35,4.9897,0.7809,walk_turn_walk,UNKNOWN,UNKNOWN,0.2467,1,63.339
2797,65.0468,35,4.9923,0.7794,walk_turn_walk,UNKNOWN,UNKNOWN,0.2467,0,58.895
2798,65.0619,35,4.9873,0.7794,walk_turn_walk,UNKNOWN,UNKNOWN,0.2467,0,60.496
2799,65.0752,35,4.9503,0.7794,walk_turn_walk,UNKNOWN,UNKNOWN,0.2467,0,61.718
2800,65.0888,242,1.6098,0.3656,WARMING_UP,WARMING_UP,WARMING_UP,0.0,0,62.99
2803,65.1354,242,1.6564,0.3646,WARMING_UP,WARMING_UP,WARMING_UP,0.0,0,62.205
2804,65.154,242,1.6749,0.3711,WARMING_UP,WARMING_UP,WARMING_UP,0.0,0,63.208
2805,65.1676,242,1.6885,0.3776,WARMING_UP,WARMING_UP,WARMING_UP,0.0,0,63.77
2806,65.1822,242,1.7032,0.3838,WARMING_UP,WARMING_UP,WARMING_UP,0.0,0,63.482
2807,65.1986,242,1.7195,0.39,WARMING_UP,WARMING_UP,WARMING_UP,0.0,0,63.921
2811,65.2472,242,1.7682,0.3846,WARMING_UP,WARMING_UP,WARMING_UP,0.0,0,70.016
2812,65.2622,242,1.7831,0.3905,WARMING_UP,WARMING_UP,WARMING_UP,0.0,0,69.209
2813,65.2783,35,4.9929,0.7394,leg_raise_lower,UNKNOWN,UNKNOWN,0.2633,1,70.258
2814,65.3292,35,4.9926,0.7376,leg_raise_lower,UNKNOWN,UNKNOWN,0.2633,0,65.073
2815,65.3455,242,1.8664,0.3889,WARMING_UP,WARMING_UP,WARMING_UP,0.0,0,65.762
2816,65.3591,35,4.9598,0.735,leg_raise_lower,UNKNOWN,UNKNOWN,0.2633,0,66.891
2817,65.3726,35,4.9733,0.7359,leg_raise_lower,UNKNOWN,UNKNOWN,0.2633,0,67.552
2818,65.3858,35,4.9865,0.7368,leg_raise_lower,UNKNOWN,UNKNOWN,0.2633,0,67.786
2819,65.3999,35,4.9839,0.7368,leg_raise_lower,UNKNOWN,UNKNOWN,0.2633,0,68.781
2820,65.4129,35,4.9969,0.7378,leg_raise_lower,UNKNOWN,UNKNOWN,0.2633,0,69.792
2821,65.4254,35,4.9938,0.7378,leg_raise_lower,UNKNOWN,UNKNOWN,0.2633,0,68.907
2822,65.4424,35,4.9952,0.7378,leg_raise_lower,UNKNOWN,UNKNOWN,0.2633,0,67.048
2825,65.4856,35,4.9898,0.7308,leg_raise_lower,UNKNOWN,UNKNOWN,0.2633,0,70.981
2826,65.4991,35,4.9877,0.7308,leg_raise_lower,UNKNOWN,UNKNOWN,0.2633,0,71.804
2827,65.5118,242,2.0327,0.3583,WARMING_UP,WARMING_UP,WARMING_UP,0.0,0,71.985
2828,65.5253,35,4.9995,0.7282,leg_raise_lower,UNKNOWN,UNKNOWN,0.2633,0,71.96
2829,65.5393,35,4.9973,0.7282,leg_raise_lower,UNKNOWN,UNKNOWN,0.2533,1,71.988
2830,65.59,35,4.9915,0.7254,leg_raise_lower,UNKNOWN,UNKNOWN,0.2533,0,66.72
2831,65.6083,35,4.9479,0.7254,leg_raise_lower,UNKNOWN,UNKNOWN,0.2533,0,65.452
2834,65.6468,35,4.9864,0.7213,leg_raise_lower,UNKNOWN,UNKNOWN,0.2533,0,69.532
2836,65.6742,35,4.9981,0.7188,leg_raise_lower,UNKNOWN,UNKNOWN,0.2533,0,69.832
2837,65.6892,35,4.9986,0.7188,leg_raise_lower,UNKNOWN,UNKNOWN,0.2533,0,70.054
2839,65.7151,242,2.236,0.3333,WARMING_UP,WARMING_UP,WARMING_UP,0.0,0,71.06
2841,65.7477,35,4.9968,0.7083,leg_raise_lower,UNKNOWN,UNKNOWN,0.2533,0,69.812
2845,65.8,35,4.986,0.6979,leg_raise_lower,UNKNOWN,UNKNOWN,0.25,1,71.251
2849,65.8978,242,2.4187,0.3169,WARMING_UP,WARMING_UP,WARMING_UP,0.0,0,70.056
2850,65.9128,242,2.4338,0.3217,WARMING_UP,WARMING_UP,WARMING_UP,0.0,0,69.806
2853,65.9535,35,4.9995,0.6759,leg_raise_lower,UNKNOWN,UNKNOWN,0.25,0,70.86
2854,65.9686,35,4.9988,0.6759,leg_raise_lower,UNKNOWN,UNKNOWN,0.25,0,70.511
2855,65.9833,35,4.9995,0.6759,leg_raise_lower,UNKNOWN,UNKNOWN,0.25,0,67.859
2856,66.0062,35,4.9787,0.6747,leg_raise_lower,UNKNOWN,UNKNOWN,0.25,0,68.16
2858,66.0333,35,4.992,0.6724,leg_raise_lower,UNKNOWN,UNKNOWN,0.25,0,69.641
2859,66.0465,35,4.9909,0.6724,leg_raise_lower,UNKNOWN,UNKNOWN,0.25,0,70.31
2860,66.0596,35,4.9905,0.6724,walk_turn_walk,UNKNOWN,UNKNOWN,0.25,1,68.405
2861,66.1156,35,4.9337,0.669,walk_turn_walk,UNKNOWN,UNKNOWN,0.25,0,63.494
2862,66.131,35,4.9491,0.6701,walk_turn_walk,UNKNOWN,UNKNOWN,0.25,0,63.69
2865,66.1676,35,4.9856,0.6667,walk_turn_walk,UNKNOWN,UNKNOWN,0.25,0,68.984
2867,66.195,35,4.9979,0.6644,walk_turn_walk,UNKNOWN,UNKNOWN,0.25,0,71.019
2868,66.2083,35,4.9967,0.6644,walk_turn_walk,UNKNOWN,UNKNOWN,0.25,0,71.269
2870,66.2343,35,4.9931,0.661,walk_turn_walk,UNKNOWN,UNKNOWN,0.25,0,71.575
2871,66.2488,35,4.9937,0.661,walk_turn_walk,UNKNOWN,UNKNOWN,0.25,0,71.285
2872,66.2633,35,4.9939,0.661,walk_turn_walk,UNKNOWN,UNKNOWN,0.25,0,71.196
2873,66.2776,35,4.9938,0.661,walk_turn_walk,UNKNOWN,UNKNOWN,0.25,0,71.919
2874,66.2903,35,4.9923,0.661,walk_turn_walk,UNKNOWN,UNKNOWN,0.25,0,72.473
2875,66.3031,35,4.9903,0.661,walk_turn_walk,UNKNOWN,UNKNOWN,0.25,0,72.88
2876,66.3162,35,4.9886,0.661,leg_raise_lower,UNKNOWN,UNKNOWN,0.2533,1,72.717
2878,66.3796,35,4.9525,0.6552,leg_raise_lower,UNKNOWN,UNKNOWN,0.2533,0,65.056
2879,66.4062,35,4.9791,0.6564,leg_raise_lower,UNKNOWN,UNKNOWN,0.2533,0,64.675
2880,66.4192,35,4.9921,0.6575,leg_raise_lower,UNKNOWN,UNKNOWN,0.2533,0,64.329
2881,66.4358,35,4.9936,0.6575,leg_raise_lower,UNKNOWN,UNKNOWN,0.2533,0,64.801
2882,66.4501,35,4.997,0.661,leg_raise_lower,UNKNOWN,UNKNOWN,0.2533,0,65.034
2883,66.4651,35,4.9829,0.6632,leg_raise_lower,UNKNOWN,UNKNOWN,0.2533,0,64.971
2884,66.4808,35,4.9986,0.6644,leg_raise_lower,UNKNOWN,UNKNOWN,0.2533,0,65.156
2886,66.5066,35,4.9923,0.661,leg_raise_lower,UNKNOWN,UNKNOWN,0.2533,0,68.5
2892,66.587,35,4.9939,0.6451,walk_turn_walk,UNKNOWN,UNKNOWN,0.25,1,71.39
2893,66.6405,35,4.9554,0.6448,walk_turn_walk,UNKNOWN,UNKNOWN,0.25,0,66.05
2894,66.6566,35,4.9714,0.646,walk_turn_walk,UNKNOWN,UNKNOWN,0.25,0,66.512
2896,66.6904,35,4.9915,0.6438,walk_turn_walk,UNKNOWN,UNKNOWN,0.25,0,65.869
2897,66.7042,35,4.99,0.6438,walk_turn_walk,UNKNOWN,UNKNOWN,0.25,0,65.96
2898,66.7192,35,4.99,0.6438,walk_turn_walk,UNKNOWN,UNKNOWN,0.25,0,65.622
2899,66.7353,35,4.9926,0.6438,walk_turn_walk,UNKNOWN,UNKNOWN,0.25,0,66.563
2900,66.7483,35,4.9919,0.6438,walk_turn_walk,UNKNOWN,UNKNOWN,0.25,0,64.904
2901,66.7684,35,4.9985,0.6438,walk_turn_walk,UNKNOWN,UNKNOWN,0.25,0,65.373
2903,66.8034,35,4.987,0.6392,walk_turn_walk,UNKNOWN,UNKNOWN,0.25,0,62.201
2904,66.8242,35,4.991,0.6392,walk_turn_walk,UNKNOWN,UNKNOWN,0.25,0,63.166
2906,66.8535,35,4.9881,0.6357,walk_turn_walk,UNKNOWN,UNKNOWN,0.25,1,63.866
2908,66.9168,35,4.9725,0.6345,walk_turn_walk,UNKNOWN,UNKNOWN,0.25,0,60.164
2909,66.9325,258,0.0,1.0,WARMING_UP,WARMING_UP,WARMING_UP,0.0,0,60.588
2910,66.9481,35,4.9839,0.6323,walk_turn_walk,UNKNOWN,UNKNOWN,0.25,0,61.155
2911,66.963,35,4.9989,0.6336,walk_turn_walk,UNKNOWN,UNKNOWN,0.25,0,62.002
2911,66.963,258,0.0305,0.6667,WARMING_UP,WARMING_UP,WARMING_UP,0.0,0,62.002
2912,66.978,258,0.0455,0.75,WARMING_UP,WARMING_UP,WARMING_UP,0.0,0,61.494
2913,66.995,258,0.0625,0.8,WARMING_UP,WARMING_UP,WARMING_UP,0.0,0,63.205
2913,66.995,35,4.9967,0.6301,walk_turn_walk,UNKNOWN,UNKNOWN,0.25,0,63.205
2914,67.0079,258,0.0753,0.8333,WARMING_UP,WARMING_UP,WARMING_UP,0.0,0,64.177
2914,67.0079,35,4.9952,0.6301,walk_turn_walk,UNKNOWN,UNKNOWN,0.25,0,64.177
2915,67.0215,258,0.089,0.8571,WARMING_UP,WARMING_UP,WARMING_UP,0.0,0,64.24
2915,67.0215,35,4.9957,0.6301,walk_turn_walk,UNKNOWN,UNKNOWN,0.25,0,64.24
2916,67.0375,258,0.105,0.875,WARMING_UP,WARMING_UP,WARMING_UP,0.0,0,62.429
2916,67.0375,35,4.9961,0.6301,walk_turn_walk,UNKNOWN,UNKNOWN,0.25,0,62.429
2917,67.0589,35,4.9788,0.6289,walk_turn_walk,UNKNOWN,UNKNOWN,0.25,0,63.695
2918,67.0719,35,4.9918,0.6301,walk_turn_walk,UNKNOWN,UNKNOWN,0.25,0,64.28
2918,67.0719,258,0.1394,0.8,WARMING_UP,WARMING_UP,WARMING_UP,0.0,0,64.28
2919,67.0867,35,4.9938,0.6301,walk_turn_walk,UNKNOWN,UNKNOWN,0.25,0,64.897
2920,67.1005,35,4.9861,0.6301,walk_turn_walk,UNKNOWN,UNKNOWN,0.25,0,65.92
2921,67.1142,35,4.9998,0.6314,walk_turn_walk,UNKNOWN,UNKNOWN,0.2567,1,66.267
2921,67.1142,258,0.1817,0.6923,WARMING_UP,WARMING_UP,WARMING_UP,0.0,0,66.267
2923,67.1794,35,4.9589,0.6254,walk_turn_walk,UNKNOWN,UNKNOWN,0.2567,0,63.284
2924,67.193,260,0.0,1.0,WARMING_UP,WARMING_UP,WARMING_UP,0.0,0,64.044
2924,67.193,35,4.9725,0.6267,walk_turn_walk,UNKNOWN,UNKNOWN,0.2567,0,64.044
2925,67.2075,260,0.0145,1.0,WARMING_UP,WARMING_UP,WARMING_UP,0.0,0,65.006
2926,67.2207,260,0.0277,1.0,WARMING_UP,WARMING_UP,WARMING_UP,0.0,0,65.835
2926,67.2207,35,4.982,0.6246,walk_turn_walk,UNKNOWN,UNKNOWN,0.2567,0,65.835
2927,67.2343,35,4.9957,0.6259,walk_turn_walk,UNKNOWN,UNKNOWN,0.2567,0,64.725
2928,67.2526,261,0.0,1.0,WARMING_UP,WARMING_UP,WARMING_UP,0.0,0,65.824
2929,67.2654,261,0.0128,1.0,WARMING_UP,WARMING_UP,WARMING_UP,0.0,0,66.178
2929,67.2654,35,4.9991,0.6224,walk_turn_walk,UNKNOWN,UNKNOWN,0.2567,0,66.178
2930,67.2802,261,0.0276,1.0,WARMING_UP,WARMING_UP,WARMING_UP,0.0,0,66.305
2931,67.2948,261,0.0422,1.0,WARMING_UP,WARMING_UP,WARMING_UP,0.0,0,64.913
2932,67.314,261,0.0614,1.0,WARMING_UP,WARMING_UP,WARMING_UP,0.0,0,65.28
2933,67.3284,261,0.0758,1.0,WARMING_UP,WARMING_UP,WARMING_UP,0.0,0,65.889
2934,67.3425,261,0.0899,1.0,WARMING_UP,WARMING_UP,WARMING_UP,0.0,0,67.229
2934,67.3425,35,4.9897,0.6075,walk_turn_walk,UNKNOWN,UNKNOWN,0.2567,0,67.229
2935,67.3556,261,0.103,1.0,WARMING_UP,WARMING_UP,WARMING_UP,0.0,0,66.567
2936,67.3719,261,0.1193,1.0,WARMING_UP,WARMING_UP,WARMING_UP,0.0,0,67.301
2936,67.3719,35,4.9882,0.6041,leg_raise_lower,UNKNOWN,UNKNOWN,0.2467,1,67.301
2937,67.4228,261,0.1702,1.0,WARMING_UP,WARMING_UP,WARMING_UP,0.0,0,62.485
2937,67.4228,35,4.9824,0.6069,leg_raise_lower,UNKNOWN,UNKNOWN,0.2467,0,62.485
2938,67.4377,261,0.1851,1.0,WARMING_UP,WARMING_UP,WARMING_UP,0.0,0,63.05
2938,67.4377,35,4.9973,0.6082,leg_raise_lower,UNKNOWN,UNKNOWN,0.2467,0,63.05
2939,67.452,35,4.9989,0.6117,leg_raise_lower,UNKNOWN,UNKNOWN,0.2467,0,64.513
2939,67.452,258,0.5195,0.3226,WARMING_UP,WARMING_UP,WARMING_UP,0.0,0,64.513
2940,67.4654,261,0.2128,0.9231,WARMING_UP,WARMING_UP,WARMING_UP,0.0,0,65.007
2941,67.479,35,4.9752,0.6096,leg_raise_lower,UNKNOWN,UNKNOWN,0.2467,0,65.166
2942,67.4945,35,4.9906,0.6109,leg_raise_lower,UNKNOWN,UNKNOWN,0.2467,0,65.454
2943,67.5093,35,4.9884,0.6109,leg_raise_lower,UNKNOWN,UNKNOWN,0.2467,0,66.119
2944,67.5229,261,0.2703,0.7647,WARMING_UP,WARMING_UP,WARMING_UP,0.0,0,64.208
2945,67.5442,35,4.995,0.6075,leg_raise_lower,UNKNOWN,UNKNOWN,0.2467,0,65.435
2946,67.5576,35,4.995,0.6075,leg_raise_lower,UNKNOWN,UNKNOWN,0.2467,0,63.275
2947,67.5809,35,4.9918,0.6062,leg_raise_lower,UNKNOWN,UNKNOWN,0.2467,0,63.809
2948,67.595,35,4.9921,0.6062,leg_raise_lower,UNKNOWN,UNKNOWN,0.2467,0,61.9
2949,67.6171,35,4.9979,0.6062,leg_raise_lower,UNKNOWN,UNKNOWN,0.2467,0,60.301
2950,67.6394,35,4.9813,0.6048,walk_turn_walk,UNKNOWN,UNKNOWN,0.2567,1,61.325
2950,67.6394,267,0.0,1.0,WARMING_UP,WARMING_UP,WARMING_UP,0.0,0,61.325
2951,67.6913,35,4.9945,0.6034,walk_turn_walk,UNKNOWN,UNKNOWN,0.2567,0,57.034
2951,67.6913,267,0.0519,1.0,WARMING_UP,WARMING_UP,WARMING_UP,0.0,0,57.034
2952,67.7075,35,4.9934,0.6034,walk_turn_walk,UNKNOWN,UNKNOWN,0.2567,0,58.164
2953,67.7223,35,4.9578,0.6034,walk_turn_walk,UNKNOWN,UNKNOWN,0.2567,0,56.851
2953,67.7223,267,0.0829,0.75,WARMING_UP,WARMING_UP,WARMING_UP,0.0,0,56.851
2954,67.7444,35,4.9799,0.6048,walk_turn_walk,UNKNOWN,UNKNOWN,0.2567,0,58.144
2954,67.7444,267,0.105,0.8,WARMING_UP,WARMING_UP,WARMING_UP,0.0,0,58.144
2955,67.7589,35,4.9944,0.6062,walk_turn_walk,UNKNOWN,UNKNOWN,0.2567,0,57.592
2955,67.7589,267,0.1195,0.8333,WARMING_UP,WARMING_UP,WARMING_UP,0.0,0,57.592
2956,67.7776,35,4.9983,0.6096,walk_turn_walk,UNKNOWN,UNKNOWN,0.2567,0,55.642
2957,67.8041,35,4.9985,0.6082,walk_turn_walk,UNKNOWN,UNKNOWN,0.2567,0,56.087
2958,67.8202,35,4.9991,0.6082,walk_turn_walk,UNKNOWN,UNKNOWN,0.2567,0,57.362
2958,67.8202,267,0.1809,0.6667,WARMING_UP,WARMING_UP,WARMING_UP,0.0,0,57.362
2959,67.8352,35,4.9992,0.6082,walk_turn_walk,UNKNOWN,UNKNOWN,0.2567,0,57.679
2959,67.8352,267,0.1958,0.7,WARMING_UP,WARMING_UP,WARMING_UP,0.0,0,57.679
2960,67.8518,35,4.9919,0.6138,walk_turn_walk,UNKNOWN,UNKNOWN,0.2567,0,56.433
2960,67.8518,267,0.2124,0.7273,WARMING_UP,WARMING_UP,WARMING_UP,0.0,0,56.433
2961,67.8735,35,4.9857,0.6194,walk_turn_walk,UNKNOWN,UNKNOWN,0.2567,0,58.336
2961,67.8735,267,0.2341,0.75,WARMING_UP,WARMING_UP,WARMING_UP,0.0,0,58.336
2962,67.8868,35,4.999,0.6207,walk_turn_walk,UNKNOWN,UNKNOWN,0.2567,0,59.847
2963,67.9002,267,0.2609,0.7143,WARMING_UP,WARMING_UP,WARMING_UP,0.0,0,60.451
2964,67.9154,267,0.2761,0.7333,WARMING_UP,WARMING_UP,WARMING_UP,0.0,0,58.736
2964,67.9154,35,4.999,0.6172,walk_turn_walk,UNKNOWN,UNKNOWN,0.2433,1,58.736
2965,67.9773,35,4.9573,0.6132,walk_turn_walk,UNKNOWN,UNKNOWN,0.2433,0,54.745
2966,67.9917,35,4.9716,0.6146,walk_turn_walk,UNKNOWN,UNKNOWN,0.2433,0,57.043
2966,67.9917,267,0.3523,0.7059,WARMING_UP,WARMING_UP,WARMING_UP,0.0,0,57.043
2967,68.005,35,4.9849,0.6159,walk_turn_walk,UNKNOWN,UNKNOWN,0.2433,0,59.203
2968,68.0172,267,0.3778,0.6842,WARMING_UP,WARMING_UP,WARMING_UP,0.0,0,60.706
2969,68.0306,267,0.3912,0.7,WARMING_UP,WARMING_UP,WARMING_UP,0.0,0,61.69
2969,68.0306,35,4.9978,0.6172,walk_turn_walk,UNKNOWN,UNKNOWN,0.2433,0,61.69
2970,68.0452,267,0.4058,0.7143,WARMING_UP,WARMING_UP,WARMING_UP,0.0,0,62.835
2970,68.0452,35,4.9991,0.6172,walk_turn_walk,UNKNOWN,UNKNOWN,0.2433,0,62.835
2971,68.0586,267,0.4192,0.7273,WARMING_UP,WARMING_UP,WARMING_UP,0.0,0,64.677
2972,68.0706,267,0.4312,0.7391,WARMING_UP,WARMING_UP,WARMING_UP,0.0,0,64.642
2973,68.0861,267,0.4467,0.75,WARMING_UP,WARMING_UP,WARMING_UP,0.0,0,65.353
2974,68.1013,267,0.4619,0.76,WARMING_UP,WARMING_UP,WARMING_UP,0.0,0,62.264
2975,68.1294,267,0.49,0.7692,WARMING_UP,WARMING_UP,WARMING_UP,0.0,0,62.562
2977,68.158,35,4.9975,0.5952,WARMING_UP,WARMING_UP,WARMING_UP,0.0,0,64.902
2977,68.158,267,0.5186,0.75,WARMING_UP,WARMING_UP,WARMING_UP,0.0,0,64.902
2978,68.1719,267,0.5325,0.7586,WARMING_UP,WARMING_UP,WARMING_UP,0.0,0,65.78
2979,68.1852,267,0.5458,0.7667,WARMING_UP,WARMING_UP,WARMING_UP,0.0,0,66.837
2979,68.1852,35,4.9976,0.5917,WARMING_UP,WARMING_UP,WARMING_UP,0.0,0,66.837
2980,68.1984,267,0.559,0.7742,WARMING_UP,WARMING_UP,WARMING_UP,0.0,0,67.066
2980,68.1984,35,4.9967,0.5917,WARMING_UP,WARMING_UP,WARMING_UP,0.0,0,67.066
2981,68.2129,267,0.5735,0.7812,WARMING_UP,WARMING_UP,WARMING_UP,0.0,0,65.85
2982,68.231,267,0.5917,0.7879,WARMING_UP,WARMING_UP,WARMING_UP,0.0,0,66.101
2983,68.2456,267,0.6062,0.7941,WARMING_UP,WARMING_UP,WARMING_UP,0.0,0,66.298
2983,68.2456,35,4.9649,0.5848,WARMING_UP,WARMING_UP,WARMING_UP,0.0,0,66.298
2985,68.2737,267,0.6343,0.7778,WARMING_UP,WARMING_UP,WARMING_UP,0.0,0,68.41
2986,68.2864,267,0.647,0.7838,WARMING_UP,WARMING_UP,WARMING_UP,0.0,0,69.26
2986,68.2864,35,4.9891,0.5808,WARMING_UP,WARMING_UP,WARMING_UP,0.0,0,69.26
2987,68.2994,35,4.9896,0.5808,WARMING_UP,WARMING_UP,WARMING_UP,0.0,0,66.926
2988,68.3212,35,4.9977,0.5842,WARMING_UP,WARMING_UP,WARMING_UP,0.0,0,67.752
2988,68.3212,267,0.6819,0.7692,WARMING_UP,WARMING_UP,WARMING_UP,0.0,0,67.752
2989,68.3346,35,4.9967,0.5842,WARMING_UP,WARMING_UP,WARMING_UP,0.0,0,67.007
2990,68.351,35,4.9983,0.5842,WARMING_UP,WARMING_UP,WARMING_UP,0.0,0,67.427
2990,68.351,267,0.7116,0.7561,WARMING_UP,WARMING_UP,WARMING_UP,0.0,0,67.427
2991,68.365,35,4.9981,0.5842,WARMING_UP,WARMING_UP,WARMING_UP,0.0,0,67.386
2991,68.365,267,0.7257,0.7619,WARMING_UP,WARMING_UP,WARMING_UP,0.0,0,67.386
2992,68.3802,35,4.9983,0.5842,WARMING_UP,WARMING_UP,WARMING_UP,0.0,0,67.5
2993,68.3947,35,4.9909,0.5842,WARMING_UP,WARMING_UP,WARMING_UP,0.0,0,67.031
2994,68.4105,35,4.9927,0.5876,WARMING_UP,WARMING_UP,WARMING_UP,0.0,0,67.566
2995,68.4242,35,4.9852,0.5876,WARMING_UP,WARMING_UP,WARMING_UP,0.0,0,68.724
2995,68.4242,267,0.7848,0.7174,WARMING_UP,WARMING_UP,WARMING_UP,0.0,0,68.724
2996,68.4372,35,4.9983,0.589,WARMING_UP,WARMING_UP,WARMING_UP,0.0,0,69.187
2997,68.4503,35,4.998,0.589,WARMING_UP,WARMING_UP,WARMING_UP,0.0,0,70.084
2998,68.4632,35,4.9984,0.5925,WARMING_UP,WARMING_UP,WARMING_UP,0.0,0,70.488
2999,68.4769,35,4.9979,0.5959,WARMING_UP,WARMING_UP,WARMING_UP,0.0,0,70.21
2999,68.4769,267,0.8375,0.68,WARMING_UP,WARMING_UP,WARMING_UP,0.0,0,70.21
3000,68.4918,35,4.9935,0.5993,WARMING_UP,WARMING_UP,WARMING_UP,0.0,0,69.044
3001,68.5088,35,4.9575,0.5993,WARMING_UP,WARMING_UP,WARMING_UP,0.0,0,67.751
3002,68.5264,35,4.9751,0.6007,walk_turn_walk,UNKNOWN,UNKNOWN,0.2533,1,68.276
3002,68.5264,267,0.8871,0.6604,WARMING_UP,WARMING_UP,WARMING_UP,0.0,0,68.276
3003,68.5775,35,4.9987,0.6027,walk_turn_walk,UNKNOWN,UNKNOWN,0.2533,0,63.341
3003,68.5775,267,0.9381,0.6667,WARMING_UP,WARMING_UP,WARMING_UP,0.0,0,63.341
3004,68.5935,35,4.99,0.6048,walk_turn_walk,UNKNOWN,UNKNOWN,0.2533,0,63.543
3004,68.5935,267,0.9541,0.6727,WARMING_UP,WARMING_UP,WARMING_UP,0.0,0,63.543
3005,68.6085,35,4.9888,0.6048,walk_turn_walk,UNKNOWN,UNKNOWN,0.2533,0,63.664
3005,68.6085,267,0.9691,0.6786,WARMING_UP,WARMING_UP,WARMING_UP,0.0,0,63.664
3006,68.6237,35,4.99,0.6048,walk_turn_walk,UNKNOWN,UNKNOWN,0.2533,0,65.202
3006,68.6237,267,0.9843,0.6842,WARMING_UP,WARMING_UP,WARMING_UP,0.0,0,65.202
3007,68.6366,35,4.987,0.6082,walk_turn_walk,UNKNOWN,UNKNOWN,0.2533,0,66.412
3007,68.6366,267,0.9972,0.6897,WARMING_UP,WARMING_UP,WARMING_UP,0.0,0,66.412
3008,68.6495,35,4.9998,0.6096,walk_turn_walk,UNKNOWN,UNKNOWN,0.2533,0,67.201
3008,68.6495,267,1.0101,0.6949,WARMING_UP,WARMING_UP,WARMING_UP,0.0,0,67.201
3009,68.6629,35,4.9982,0.613,walk_turn_walk,UNKNOWN,UNKNOWN,0.2533,0,67.867
3009,68.6629,267,1.0236,0.7,WARMING_UP,WARMING_UP,WARMING_UP,0.0,0,67.867
3010,68.6769,35,4.9952,0.613,walk_turn_walk,UNKNOWN,UNKNOWN,0.2533,0,67.505
3011,68.6923,35,4.9967,0.6164,walk_turn_walk,UNKNOWN,UNKNOWN,0.2533,0,65.01
3011,68.6923,267,1.0529,0.6935,WARMING_UP,WARMING_UP,WARMING_UP,0.0,0,65.01
3012,68.716,35,4.9958,0.622,walk_turn_walk,UNKNOWN,UNKNOWN,0.2533,0,62.442
3013,68.741,35,4.9858,0.6276,walk_turn_walk,UNKNOWN,UNKNOWN,0.2533,0,63.457
3013,68.741,267,1.1016,0.6875,WARMING_UP,WARMING_UP,WARMING_UP,0.0,0,63.457
3014,68.755,35,4.9998,0.6289,walk_turn_walk,UNKNOWN,UNKNOWN,0.2533,0,61.523
3014,68.755,267,1.1156,0.6923,WARMING_UP,WARMING_UP,WARMING_UP,0.0,0,61.523
3015,68.7776,35,4.9955,0.6345,walk_turn_walk,UNKNOWN,UNKNOWN,0.25,1,62.273
3016,68.8393,35,4.9904,0.6469,walk_turn_walk,UNKNOWN,UNKNOWN,0.25,0,57.599
3017,68.856,35,4.9923,0.6503,walk_turn_walk,UNKNOWN,UNKNOWN,0.25,0,59.176
3017,68.856,267,1.2166,0.6765,WARMING_UP,WARMING_UP,WARMING_UP,0.0,0,59.176
3018,68.8711,35,4.9874,0.6538,walk_turn_walk,UNKNOWN,UNKNOWN,0.25,0,59.08
3018,68.8711,267,1.2317,0.6812,WARMING_UP,WARMING_UP,WARMING_UP,0.0,0,59.08
3019,68.8873,35,4.9903,0.6573,walk_turn_walk,UNKNOWN,UNKNOWN,0.25,0,58.445
3019,68.8873,267,1.2479,0.6857,WARMING_UP,WARMING_UP,WARMING_UP,0.0,0,58.445
3020,68.9062,35,4.9597,0.6573,walk_turn_walk,UNKNOWN,UNKNOWN,0.25,0,56.86
3020,68.9062,267,1.2669,0.6901,WARMING_UP,WARMING_UP,WARMING_UP,0.0,0,56.86
3021,68.9312,35,4.9847,0.6585,walk_turn_walk,UNKNOWN,UNKNOWN,0.25,0,55.578
3021,68.9312,267,1.2918,0.6944,WARMING_UP,WARMING_UP,WARMING_UP,0.0,0,55.578
3022,68.953,35,4.9918,0.6585,walk_turn_walk,UNKNOWN,UNKNOWN,0.25,0,55.453
3022,68.953,267,1.3136,0.6986,WARMING_UP,WARMING_UP,WARMING_UP,0.0,0,55.453
3023,68.9715,35,4.9974,0.6585,walk_turn_walk,UNKNOWN,UNKNOWN,0.25,0,55.607
3023,68.9715,267,1.3321,0.7027,WARMING_UP,WARMING_UP,WARMING_UP,0.0,0,55.607
3024,68.9891,35,4.981,0.6608,walk_turn_walk,UNKNOWN,UNKNOWN,0.25,0,54.821
3025,69.0102,35,4.9913,0.6643,walk_turn_walk,UNKNOWN,UNKNOWN,0.25,0,53.647
3026,69.0333,35,4.9992,0.6643,walk_turn_walk,UNKNOWN,UNKNOWN,0.2533,1,53.653
3026,69.0333,267,1.394,0.6883,WARMING_UP,WARMING_UP,WARMING_UP,0.0,0,53.653
3027,69.0911,35,4.9928,0.6738,walk_turn_walk,UNKNOWN,UNKNOWN,0.2533,0,49.838
3028,69.1157,35,4.9955,0.6773,walk_turn_walk,UNKNOWN,UNKNOWN,0.2533,0,50.814
3029,69.1325,35,4.9993,0.6809,walk_turn_walk,UNKNOWN,UNKNOWN,0.2533,0,52.134
3030,69.148,35,4.9879,0.6833,walk_turn_walk,UNKNOWN,UNKNOWN,0.2533,0,53.994
3031,69.1622,35,4.9423,0.6833,walk_turn_walk,UNKNOWN,UNKNOWN,0.2533,0,55.57
3032,69.1763,35,4.9563,0.6844,walk_turn_walk,UNKNOWN,UNKNOWN,0.2533,0,56.989
3032,69.1763,267,1.5369,0.6506,WARMING_UP,WARMING_UP,WARMING_UP,0.0,0,56.989
3033,69.1908,35,4.9709,0.6855,walk_turn_walk,UNKNOWN,UNKNOWN,0.2533,0,57.478
3034,69.2068,35,4.9868,0.6866,walk_turn_walk,UNKNOWN,UNKNOWN,0.2533,0,59.501
3035,69.2198,35,4.9999,0.6877,walk_turn_walk,UNKNOWN,UNKNOWN,0.2533,0,60.785
3036,69.2339,35,4.9976,0.6912,walk_turn_walk,UNKNOWN,UNKNOWN,0.2533,0,61.447
3037,69.2493,35,4.9863,0.6937,walk_turn_walk,UNKNOWN,UNKNOWN,0.2533,0,59.531
3038,69.2722,35,4.9849,0.6937,walk_turn_walk,UNKNOWN,UNKNOWN,0.2533,0,59.617
3039,69.2886,35,4.99,0.6972,leg_raise_lower,UNKNOWN,UNKNOWN,0.2533,1,59.43
3039,69.2886,267,1.6492,0.6111,WARMING_UP,WARMING_UP,WARMING_UP,0.0,0,59.43
3040,69.3529,35,4.9924,0.694,leg_raise_lower,UNKNOWN,UNKNOWN,0.2533,0,55.101
3041,69.3678,35,4.9942,0.694,leg_raise_lower,UNKNOWN,UNKNOWN,0.2533,0,56.931
3041,69.3678,267,1.7284,0.6087,WARMING_UP,WARMING_UP,WARMING_UP,0.0,0,56.931
3042,69.3817,35,4.9891,0.6975,leg_raise_lower,UNKNOWN,UNKNOWN,0.2533,0,57.097
3043,69.3986,35,4.9901,0.6975,leg_raise_lower,UNKNOWN,UNKNOWN,0.2533,0,57.418
3044,69.415,35,4.9882,0.7011,leg_raise_lower,UNKNOWN,UNKNOWN,0.2533,0,57.294
3045,69.433,35,4.9875,0.7046,leg_raise_lower,UNKNOWN,UNKNOWN,0.2533,0,57.236
3046,69.451,35,4.9833,0.7082,leg_raise_lower,UNKNOWN,UNKNOWN,0.2533,0,56.728
3046,69.451,267,1.8116,0.5876,WARMING_UP,WARMING_UP,WARMING_UP,0.0,0,56.728
3047,69.47,35,4.9882,0.7117,leg_raise_lower,UNKNOWN,UNKNOWN,0.2533,0,56.332
3047,69.47,267,1.8306,0.5918,WARMING_UP,WARMING_UP,WARMING_UP,0.0,0,56.332
3048,69.4888,35,4.9547,0.7117,leg_raise_lower,UNKNOWN,UNKNOWN,0.2533,0,56.088
3048,69.4888,267,1.8495,0.596,WARMING_UP,WARMING_UP,WARMING_UP,0.0,0,56.088
3049,69.5073,35,4.9731,0.7128,leg_raise_lower,UNKNOWN,UNKNOWN,0.2533,0,56.262
3050,69.5248,35,4.9906,0.7138,leg_raise_lower,UNKNOWN,UNKNOWN,0.2533,0,56.986
3050,69.5248,267,1.8854,0.5941,WARMING_UP,WARMING_UP,WARMING_UP,0.0,0,56.986
3051,69.5407,35,4.9933,0.7173,leg_raise_lower,UNKNOWN,UNKNOWN,0.25,1,57.812
3052,69.6035,35,4.996,0.7179,leg_raise_lower,UNKNOWN,UNKNOWN,0.25,0,53.509
3052,69.6035,267,1.9641,0.5922,WARMING_UP,WARMING_UP,WARMING_UP,0.0,0,53.509
3053,69.6233,35,4.9891,0.7204,leg_raise_lower,UNKNOWN,UNKNOWN,0.25,0,55.171
3053,69.6233,267,1.9839,0.5962,WARMING_UP,WARMING_UP,WARMING_UP,0.0,0,55.171
3054,69.6374,35,4.9882,0.7204,leg_raise_lower,UNKNOWN,UNKNOWN,0.25,0,56.429
3054,69.6374,267,1.9981,0.6,WARMING_UP,WARMING_UP,WARMING_UP,0.0,0,56.429
3055,69.6523,35,4.9883,0.724,leg_raise_lower,UNKNOWN,UNKNOWN,0.25,0,56.704
3056,69.6694,35,4.9899,0.724,leg_raise_lower,UNKNOWN,UNKNOWN,0.25,0,56.465
3056,69.6694,267,2.03,0.5981,WARMING_UP,WARMING_UP,WARMING_UP,0.0,0,56.465
3057,69.6876,35,4.9953,0.7276,leg_raise_lower,UNKNOWN,UNKNOWN,0.25,0,56.902
3057,69.6876,267,2.0483,0.6019,WARMING_UP,WARMING_UP,WARMING_UP,0.0,0,56.902
3058,69.7041,35,4.9997,0.7276,leg_raise_lower,UNKNOWN,UNKNOWN,0.25,0,57.944
3058,69.7041,267,2.0648,0.6055,WARMING_UP,WARMING_UP,WARMING_UP,0.0,0,57.944
3059,69.7189,35,4.9997,0.7276,leg_raise_lower,UNKNOWN,UNKNOWN,0.25,0,59.032
3060,69.7336,35,5.0,0.7312,leg_raise_lower,UNKNOWN,UNKNOWN,0.25,0,59.804
3060,69.7336,267,2.0942,0.6036,WARMING_UP,WARMING_UP,WARMING_UP,0.0,0,59.804
3061,69.7487,35,4.9628,0.7312,leg_raise_lower,UNKNOWN,UNKNOWN,0.25,0,60.069
3062,69.7646,35,4.9786,0.7321,leg_raise_lower,UNKNOWN,UNKNOWN,0.25,0,60.116
3062,69.7646,267,2.1252,0.6018,WARMING_UP,WARMING_UP,WARMING_UP,0.0,0,60.116
3063,69.7812,35,4.9952,0.7331,leg_raise_lower,UNKNOWN,UNKNOWN,0.25,0,61.369
3064,69.7954,267,2.156,0.6,WARMING_UP,WARMING_UP,WARMING_UP,0.0,0,61.885
3065,69.8099,267,2.1705,0.6034,WARMING_UP,WARMING_UP,WARMING_UP,0.0,0,62.28
3066,69.8252,267,2.1859,0.6068,WARMING_UP,WARMING_UP,WARMING_UP,0.0,0,62.751
3067,69.84,267,2.2007,0.6102,WARMING_UP,WARMING_UP,WARMING_UP,0.0,0,63.867
3068,69.853,267,2.2136,0.6134,WARMING_UP,WARMING_UP,WARMING_UP,0.0,0,64.94
3069,69.8669,35,4.9866,0.7189,walk_turn_walk,UNKNOWN,UNKNOWN,0.2567,1,62.853
3070,69.9366,35,4.9993,0.7158,walk_turn_walk,UNKNOWN,UNKNOWN,0.2567,0,58.187
3070,69.9366,267,2.2972,0.6116,WARMING_UP,WARMING_UP,WARMING_UP,0.0,0,58.187
3071,69.9516,35,4.9852,0.7148,walk_turn_walk,UNKNOWN,UNKNOWN,0.2567,0,59.613
3072,69.9652,35,4.9987,0.7158,walk_turn_walk,UNKNOWN,UNKNOWN,0.2567,0,57.815
3073,69.9893,35,4.9424,0.7148,walk_turn_walk,UNKNOWN,UNKNOWN,0.2567,0,58.192
3074,70.0055,35,4.9586,0.7158,walk_turn_walk,UNKNOWN,UNKNOWN,0.2567,0,59.039
3075,70.0205,35,4.9736,0.7168,walk_turn_walk,UNKNOWN,UNKNOWN,0.2567,0,60.513
3076,70.0337,35,4.9869,0.7179,walk_turn_walk,UNKNOWN,UNKNOWN,0.2567,0,61.903
3077,70.0472,35,4.9852,0.7179,walk_turn_walk,UNKNOWN,UNKNOWN,0.2567,0,63.396
3078,70.0605,35,4.9986,0.7189,walk_turn_walk,UNKNOWN,UNKNOWN,0.2567,0,64.624
3079,70.0733,35,4.9981,0.7189,walk_turn_walk,UNKNOWN,UNKNOWN,0.2567,0,65.105
3080,70.0877,35,4.9989,0.7189,walk_turn_walk,UNKNOWN,UNKNOWN,0.2567,0,64.608
3081,70.1045,35,4.9822,0.725,walk_turn_walk,UNKNOWN,UNKNOWN,0.2567,0,65.118
3082,70.119,35,4.9967,0.726,walk_turn_walk,UNKNOWN,UNKNOWN,0.24,1,65.894
3083,70.18,35,4.9978,0.7374,walk_turn_walk,UNKNOWN,UNKNOWN,0.24,0,60.892
3084,70.1954,35,4.9969,0.741,walk_turn_walk,UNKNOWN,UNKNOWN,0.24,0,62.043
3085,70.2095,35,4.9964,0.7446,walk_turn_walk,UNKNOWN,UNKNOWN,0.24,0,61.541
3086,70.2268,35,4.9915,0.7509,walk_turn_walk,UNKNOWN,UNKNOWN,0.24,0,60.655
3087,70.2459,35,4.9986,0.7545,walk_turn_walk,UNKNOWN,UNKNOWN,0.24,0,60.519
3088,70.2627,35,4.9844,0.7609,walk_turn_walk,UNKNOWN,UNKNOWN,0.24,0,61.219
3089,70.2777,35,4.9994,0.7617,walk_turn_walk,UNKNOWN,UNKNOWN,0.24,0,61.999
3090,70.2919,35,4.9628,0.7617,walk_turn_walk,UNKNOWN,UNKNOWN,0.24,0,62.85
3091,70.3063,35,4.9771,0.7626,walk_turn_walk,UNKNOWN,UNKNOWN,0.24,0,62.794
3092,70.3224,35,4.9932,0.7634,walk_turn_walk,UNKNOWN,UNKNOWN,0.24,0,61.926
3093,70.3407,35,4.9952,0.7634,walk_turn_walk,UNKNOWN,UNKNOWN,0.24,0,62.89
3094,70.3547,35,4.9956,0.767,walk_turn_walk,UNKNOWN,UNKNOWN,0.24,0,64.006
3095,70.3686,35,4.996,0.767,walk_turn_walk,UNKNOWN,UNKNOWN,0.24,0,62.189
3096,70.3931,35,4.9932,0.7662,walk_turn_walk,UNKNOWN,UNKNOWN,0.2533,1,60.68
3097,70.4586,35,4.9967,0.7636,walk_turn_walk,UNKNOWN,UNKNOWN,0.2533,0,56.237
3098,70.4728,35,4.9978,0.7673,walk_turn_walk,UNKNOWN,UNKNOWN,0.2533,0,58.044
3099,70.4865,35,4.9874,0.7701,walk_turn_walk,UNKNOWN,UNKNOWN,0.2533,0,57.575
3100,70.5052,35,4.9935,0.7701,walk_turn_walk,UNKNOWN,UNKNOWN,0.2533,0,57.839
3101,70.5219,35,4.9966,0.7737,walk_turn_walk,UNKNOWN,UNKNOWN,0.2533,0,57.458
3102,70.5403,35,4.9504,0.7729,walk_turn_walk,UNKNOWN,UNKNOWN,0.2533,0,58.558
3103,70.5549,35,4.9649,0.7737,walk_turn_walk,UNKNOWN,UNKNOWN,0.2533,0,59.574
3104,70.5692,35,4.9793,0.7745,walk_turn_walk,UNKNOWN,UNKNOWN,0.2533,0,58.802
3105,70.5888,35,4.9988,0.7754,walk_turn_walk,UNKNOWN,UNKNOWN,0.2533,0,58.984
3106,70.6054,35,4.997,0.7754,walk_turn_walk,UNKNOWN,UNKNOWN,0.2533,0,58.231
3107,70.6246,35,4.9886,0.7782,walk_turn_walk,UNKNOWN,UNKNOWN,0.2533,0,58.623
3108,70.6407,35,4.994,0.7818,walk_turn_walk,UNKNOWN,UNKNOWN,0.2533,0,59.661
3109,70.6553,35,4.9944,0.7818,walk_turn_walk,UNKNOWN,UNKNOWN,0.2667,1,60.427
3110,70.707,35,4.9919,0.7868,walk_turn_walk,UNKNOWN,UNKNOWN,0.2667,0,56.295
3111,70.7222,35,4.9927,0.7904,walk_turn_walk,UNKNOWN,UNKNOWN,0.2667,0,58.373
3112,70.7349,35,4.9871,0.7941,walk_turn_walk,UNKNOWN,UNKNOWN,0.2667,0,60.765
3113,70.7469,35,4.9992,0.7949,walk_turn_walk,UNKNOWN,UNKNOWN,0.2667,0,60.244
3114,70.7662,35,4.9903,0.7978,walk_turn_walk,UNKNOWN,UNKNOWN,0.2667,0,60.866
3115,70.7808,35,4.9939,0.8015,walk_turn_walk,UNKNOWN,UNKNOWN,0.2667,0,62.235
3117,70.8067,35,4.9445,0.8015,walk_turn_walk,UNKNOWN,UNKNOWN,0.2667,0,63.537
3118,70.823,35,4.9608,0.8022,walk_turn_walk,UNKNOWN,UNKNOWN,0.2667,0,63.049
3119,70.8401,35,4.9779,0.8029,walk_turn_walk,UNKNOWN,UNKNOWN,0.2667,0,63.361
3120,70.8552,35,4.993,0.8036,walk_turn_walk,UNKNOWN,UNKNOWN,0.2667,0,63.971
3121,70.8693,35,4.994,0.8073,walk_turn_walk,UNKNOWN,UNKNOWN,0.2667,0,64.641
3122,70.8835,35,4.9975,0.8109,walk_turn_walk,UNKNOWN,UNKNOWN,0.2667,0,62.725
3123,70.9063,35,4.9935,0.8175,walk_turn_walk,UNKNOWN,UNKNOWN,0.2567,1,62.614
3124,70.9616,35,4.993,0.8266,walk_turn_walk,UNKNOWN,UNKNOWN,0.2567,0,58.18
3125,70.9764,35,4.9931,0.8266,walk_turn_walk,UNKNOWN,UNKNOWN,0.2567,0,59.621
3126,70.9906,35,4.9844,0.8266,walk_turn_walk,UNKNOWN,UNKNOWN,0.2567,0,60.809
3127,71.0047,35,4.9985,0.8272,walk_turn_walk,UNKNOWN,UNKNOWN,0.2567,0,60.788
3129,71.0386,35,4.9921,0.8266,walk_turn_walk,UNKNOWN,UNKNOWN,0.2567,0,61.424
3130,71.0534,35,4.9938,0.8266,walk_turn_walk,UNKNOWN,UNKNOWN,0.2567,0,61.915
3131,71.0681,35,4.9524,0.8266,walk_turn_walk,UNKNOWN,UNKNOWN,0.2567,0,61.983
3132,71.0842,35,4.9686,0.8272,walk_turn_walk,UNKNOWN,UNKNOWN,0.2567,0,62.244
3133,71.0996,35,4.984,0.8278,walk_turn_walk,UNKNOWN,UNKNOWN,0.2567,0,63.064
3137,71.1521,284,0.0,1.0,WARMING_UP,WARMING_UP,WARMING_UP,0.0,0,65.234
3138,71.1721,284,0.02,1.0,WARMING_UP,WARMING_UP,WARMING_UP,0.0,0,65.76
3142,71.2256,287,0.0,1.0,WARMING_UP,WARMING_UP,WARMING_UP,0.0,0,69.345
3143,71.2392,287,0.0136,1.0,WARMING_UP,WARMING_UP,WARMING_UP,0.0,0,69.464
3144,71.2534,287,0.0278,1.0,WARMING_UP,WARMING_UP,WARMING_UP,0.0,0,69.223
3145,71.2684,287,0.0428,1.0,WARMING_UP,WARMING_UP,WARMING_UP,0.0,0,69.232
3145,71.2684,289,0.0,1.0,WARMING_UP,WARMING_UP,WARMING_UP,0.0,0,69.232
3146,71.283,287,0.0574,1.0,WARMING_UP,WARMING_UP,WARMING_UP,0.0,0,68.684
3146,71.283,289,0.0146,1.0,WARMING_UP,WARMING_UP,WARMING_UP,0.0,0,68.684
3147,71.2985,289,0.0302,1.0,WARMING_UP,WARMING_UP,WARMING_UP,0.0,0,69.38
3148,71.3118,289,0.0435,1.0,WARMING_UP,WARMING_UP,WARMING_UP,0.0,0,69.429
3149,71.3263,289,0.0579,1.0,WARMING_UP,WARMING_UP,WARMING_UP,0.0,0,69.604
3150,71.3401,289,0.0718,1.0,WARMING_UP,WARMING_UP,WARMING_UP,0.0,0,66.944
3151,71.3635,289,0.0951,1.0,WARMING_UP,WARMING_UP,WARMING_UP,0.0,0,66.967
3152,71.3782,289,0.1099,1.0,WARMING_UP,WARMING_UP,WARMING_UP,0.0,0,67.679
3154,71.4025,289,0.1341,0.9,WARMING_UP,WARMING_UP,WARMING_UP,0.0,0,69.471
3155,71.4175,289,0.1491,0.9091,WARMING_UP,WARMING_UP,WARMING_UP,0.0,0,70.913
3156,71.4295,289,0.1611,0.9167,WARMING_UP,WARMING_UP,WARMING_UP,0.0,0,71.981
3158,71.4559,289,0.1875,0.8571,WARMING_UP,WARMING_UP,WARMING_UP,0.0,0,72.365
3159,71.4689,289,0.2006,0.8667,WARMING_UP,WARMING_UP,WARMING_UP,0.0,0,72.802
3160,71.482,289,0.2136,0.875,WARMING_UP,WARMING_UP,WARMING_UP,0.0,0,71.91
3161,71.4974,289,0.2291,0.8824,WARMING_UP,WARMING_UP,WARMING_UP,0.0,0,72.805
3162,71.5101,289,0.2417,0.8889,WARMING_UP,WARMING_UP,WARMING_UP,0.0,0,73.65
3163,71.522,289,0.2537,0.8947,WARMING_UP,WARMING_UP,WARMING_UP,0.0,0,73.236
3164,71.5367,289,0.2683,0.9,WARMING_UP,WARMING_UP,WARMING_UP,0.0,0,73.058
3165,71.5506,289,0.2822,0.9048,WARMING_UP,WARMING_UP,WARMING_UP,0.0,0,73.18
3166,71.564,289,0.2956,0.9091,WARMING_UP,WARMING_UP,WARMING_UP,0.0,0,73.744
3167,71.5768,289,0.3084,0.913,WARMING_UP,WARMING_UP,WARMING_UP,0.0,0,74.535
3168,71.589,289,0.3206,0.9167,WARMING_UP,WARMING_UP,WARMING_UP,0.0,0,75.025
3169,71.6014,289,0.333,0.92,WARMING_UP,WARMING_UP,WARMING_UP,0.0,0,74.284
3170,71.6165,289,0.3481,0.9231,WARMING_UP,WARMING_UP,WARMING_UP,0.0,0,74.001
3171,71.6304,289,0.362,0.9259,WARMING_UP,WARMING_UP,WARMING_UP,0.0,0,74.576
3172,71.6426,289,0.3742,0.9286,WARMING_UP,WARMING_UP,WARMING_UP,0.0,0,73.287
3173,71.6592,289,0.3908,0.931,WARMING_UP,WARMING_UP,WARMING_UP,0.0,0,72.865
3174,71.6736,289,0.4052,0.9333,WARMING_UP,WARMING_UP,WARMING_UP,0.0,0,73.726
3175,71.6859,289,0.4176,0.9355,WARMING_UP,WARMING_UP,WARMING_UP,0.0,0,73.552
3176,71.6998,289,0.4314,0.9375,WARMING_UP,WARMING_UP,WARMING_UP,0.0,0,72.409
3177,71.7159,289,0.4475,0.9394,WARMING_UP,WARMING_UP,WARMING_UP,0.0,0,73.379
3178,71.7281,311,0.0,1.0,WARMING_UP,WARMING_UP,WARMING_UP,0.0,0,74.188
3179,71.7401,311,0.012,1.0,WARMING_UP,WARMING_UP,WARMING_UP,0.0,0,73.74
3179,71.7401,289,0.4717,0.9143,WARMING_UP,WARMING_UP,WARMING_UP,0.0,0,73.74
3180,71.7549,311,0.0268,1.0,WARMING_UP,WARMING_UP,WARMING_UP,0.0,0,74.034
3180,71.7549,289,0.4865,0.9167,WARMING_UP,WARMING_UP,WARMING_UP,0.0,0,74.034
3181,71.7679,311,0.0398,1.0,WARMING_UP,WARMING_UP,WARMING_UP,0.0,0,74.729
3182,71.7801,311,0.052,1.0,WARMING_UP,WARMING_UP,WARMING_UP,0.0,0,74.256
3182,71.7801,289,0.5117,0.8947,WARMING_UP,WARMING_UP,WARMING_UP,0.0,0,74.256
3183,71.7948,311,0.0667,1.0,WARMING_UP,WARMING_UP,WARMING_UP,0.0,0,74.551
3183,71.7948,289,0.5264,0.8974,WARMING_UP,WARMING_UP,WARMING_UP,0.0,0,74.551
3184,71.8075,311,0.0794,1.0,WARMING_UP,WARMING_UP,WARMING_UP,0.0,0,74.792
3184,71.8075,289,0.5391,0.9,WARMING_UP,WARMING_UP,WARMING_UP,0.0,0,74.792
3185,71.8205,311,0.0924,1.0,WARMING_UP,WARMING_UP,WARMING_UP,0.0,0,73.014
3185,71.8205,289,0.5521,0.9024,WARMING_UP,WARMING_UP,WARMING_UP,0.0,0,73.014
3186,71.8382,311,0.1101,1.0,WARMING_UP,WARMING_UP,WARMING_UP,0.0,0,72.155
3186,71.8382,289,0.5698,0.9048,WARMING_UP,WARMING_UP,WARMING_UP,0.0,0,72.155
3187,71.8537,311,0.1256,1.0,WARMING_UP,WARMING_UP,WARMING_UP,0.0,0,72.368
3187,71.8537,289,0.5853,0.907,WARMING_UP,WARMING_UP,WARMING_UP,0.0,0,72.368
3188,71.867,311,0.1389,1.0,WARMING_UP,WARMING_UP,WARMING_UP,0.0,0,72.076
3188,71.867,289,0.5986,0.9091,WARMING_UP,WARMING_UP,WARMING_UP,0.0,0,72.076
3189,71.8818,311,0.1537,1.0,WARMING_UP,WARMING_UP,WARMING_UP,0.0,0,71.418
3189,71.8818,289,0.6134,0.9111,WARMING_UP,WARMING_UP,WARMING_UP,0.0,0,71.418
3190,71.8967,289,0.6283,0.913,WARMING_UP,WARMING_UP,WARMING_UP,0.0,0,69.541
3191,71.9155,289,0.6471,0.9149,WARMING_UP,WARMING_UP,WARMING_UP,0.0,0,68.278
3192,71.9332,289,0.6648,0.9167,WARMING_UP,WARMING_UP,WARMING_UP,0.0,0,67.078
3193,71.9509,289,0.6826,0.9184,WARMING_UP,WARMING_UP,WARMING_UP,0.0,0,66.517
3194,71.967,289,0.6986,0.92,WARMING_UP,WARMING_UP,WARMING_UP,0.0,0,66.139
3195,71.9827,289,0.7143,0.9216,WARMING_UP,WARMING_UP,WARMING_UP,0.0,0,67.35
3196,71.9959,289,0.7275,0.9231,WARMING_UP,WARMING_UP,WARMING_UP,0.0,0,67.269
3197,72.0112,289,0.7428,0.9245,WARMING_UP,WARMING_UP,WARMING_UP,0.0,0,67.558
3197,72.0112,311,0.2831,0.65,WARMING_UP,WARMING_UP,WARMING_UP,0.0,0,67.558
3198,72.0257,289,0.7573,0.9259,WARMING_UP,WARMING_UP,WARMING_UP,0.0,0,68.18
3199,72.0388,289,0.7705,0.9273,WARMING_UP,WARMING_UP,WARMING_UP,0.0,0,69.009
3200,72.0518,289,0.7834,0.9286,WARMING_UP,WARMING_UP,WARMING_UP,0.0,0,69.803
3201,72.0645,289,0.7961,0.9298,WARMING_UP,WARMING_UP,WARMING_UP,0.0,0,71.189
3202,72.0767,289,0.8083,0.931,WARMING_UP,WARMING_UP,WARMING_UP,0.0,0,72.182
3203,72.0889,289,0.8205,0.9322,WARMING_UP,WARMING_UP,WARMING_UP,0.0,0,73.092
3204,72.1012,289,0.8328,0.9333,WARMING_UP,WARMING_UP,WARMING_UP,0.0,0,73.042
3205,72.1151,289,0.8467,0.9344,WARMING_UP,WARMING_UP,WARMING_UP,0.0,0,73.567
3206,72.1281,289,0.8597,0.9355,WARMING_UP,WARMING_UP,WARMING_UP,0.0,0,74.299
3207,72.1402,289,0.8718,0.9365,WARMING_UP,WARMING_UP,WARMING_UP,0.0,0,73.826
3208,72.1544,289,0.8861,0.9375,WARMING_UP,WARMING_UP,WARMING_UP,0.0,0,71.706
3209,72.1735,289,0.9051,0.9385,WARMING_UP,WARMING_UP,WARMING_UP,0.0,0,72.882
3210,72.1854,289,0.917,0.9394,WARMING_UP,WARMING_UP,WARMING_UP,0.0,0,70.67
3211,72.2051,289,0.9367,0.9403,WARMING_UP,WARMING_UP,WARMING_UP,0.0,0,69.163
3212,72.2233,289,0.9549,0.9412,WARMING_UP,WARMING_UP,WARMING_UP,0.0,0,68.076
3213,72.2406,289,0.9722,0.942,WARMING_UP,WARMING_UP,WARMING_UP,0.0,0,68.624
3214,72.2539,289,0.9855,0.9429,WARMING_UP,WARMING_UP,WARMING_UP,0.0,0,69.751
3215,72.2663,289,0.998,0.9437,WARMING_UP,WARMING_UP,WARMING_UP,0.0,0,69.443
3216,72.2844,289,1.0161,0.9444,WARMING_UP,WARMING_UP,WARMING_UP,0.0,0,67.267
3217,72.3021,289,1.0338,0.9452,WARMING_UP,WARMING_UP,WARMING_UP,0.0,0,67.747
3218,72.3162,289,1.0478,0.9459,WARMING_UP,WARMING_UP,WARMING_UP,0.0,0,67.343
3219,72.332,289,1.0636,0.9467,WARMING_UP,WARMING_UP,WARMING_UP,0.0,0,68.54
3220,72.3445,289,1.0761,0.9474,WARMING_UP,WARMING_UP,WARMING_UP,0.0,0,69.89
3221,72.3568,289,1.0884,0.9481,WARMING_UP,WARMING_UP,WARMING_UP,0.0,0,71.091
3222,72.3689,289,1.1005,0.9487,WARMING_UP,WARMING_UP,WARMING_UP,0.0,0,72.158
3223,72.381,289,1.1127,0.9494,WARMING_UP,WARMING_UP,WARMING_UP,0.0,0,73.294
3224,72.3939,289,1.1255,0.95,WARMING_UP,WARMING_UP,WARMING_UP,0.0,0,73.848
3225,72.4057,289,1.1373,0.9506,WARMING_UP,WARMING_UP,WARMING_UP,0.0,0,74.675
3226,72.418,289,1.1496,0.9512,WARMING_UP,WARMING_UP,WARMING_UP,0.0,0,74.098
3227,72.4327,289,1.1643,0.9518,WARMING_UP,WARMING_UP,WARMING_UP,0.0,0,74.528
3228,72.4452,289,1.1768,0.9524,WARMING_UP,WARMING_UP,WARMING_UP,0.0,0,75.645
3229,72.4569,289,1.1886,0.9529,WARMING_UP,WARMING_UP,WARMING_UP,0.0,0,76.366
3230,72.469,289,1.2006,0.9535,WARMING_UP,WARMING_UP,WARMING_UP,0.0,0,77.117
3231,72.4806,289,1.2122,0.954,WARMING_UP,WARMING_UP,WARMING_UP,0.0,0,77.864
3232,72.4935,289,1.2251,0.9545,WARMING_UP,WARMING_UP,WARMING_UP,0.0,0,77.827
3232,72.4935,317,0.0,1.0,WARMING_UP,WARMING_UP,WARMING_UP,0.0,0,77.827
3233,72.5057,289,1.2373,0.9551,WARMING_UP,WARMING_UP,WARMING_UP,0.0,0,78.248
3234,72.5178,289,1.2494,0.9556,WARMING_UP,WARMING_UP,WARMING_UP,0.0,0,77.375
3234,72.5178,317,0.0243,0.6667,WARMING_UP,WARMING_UP,WARMING_UP,0.0,0,77.375
3235,72.5323,289,1.2639,0.956,WARMING_UP,WARMING_UP,WARMING_UP,0.0,0,77.34
3235,72.5323,317,0.0389,0.75,WARMING_UP,WARMING_UP,WARMING_UP,0.0,0,77.34
3236,72.5453,289,1.2769,0.9565,WARMING_UP,WARMING_UP,WARMING_UP,0.0,0,78.054
3236,72.5453,317,0.0518,0.8,WARMING_UP,WARMING_UP,WARMING_UP,0.0,0,78.054
