frame_id,elapsed_sec,track_id,buffer_duration_sec,valid_feature_ratio,raw_label,threshold_label,stable_label,confidence,prediction_updated,processing_fps
0,0.0,1,0.0,1.0,WARMING_UP,WARMING_UP,WARMING_UP,0.0,0,0.0
1,6.1907,1,0.0,1.0,WARMING_UP,WARMING_UP,WARMING_UP,0.0,0,10.89
2,6.211,1,0.0203,1.0,WARMING_UP,WARMING_UP,WARMING_UP,0.0,0,16.804
3,6.2253,1,0.0345,1.0,WARMING_UP,WARMING_UP,WARMING_UP,0.0,0,21.588
4,6.2411,1,0.0504,1.0,WARMING_UP,WARMING_UP,WARMING_UP,0.0,0,25.783
5,6.2566,1,0.0659,1.0,WARMING_UP,WARMING_UP,WARMING_UP,0.0,0,29.126
6,6.2733,1,0.0825,1.0,WARMING_UP,WARMING_UP,WARMING_UP,0.0,0,34.153
7,6.2864,1,0.0957,1.0,WARMING_UP,WARMING_UP,WARMING_UP,0.0,0,38.683
8,6.2985,1,0.1077,1.0,WARMING_UP,WARMING_UP,WARMING_UP,0.0,0,42.907
9,6.3108,1,0.12,1.0,WARMING_UP,WARMING_UP,WARMING_UP,0.0,0,46.851
10,6.3229,1,0.1322,1.0,WARMING_UP,WARMING_UP,WARMING_UP,0.0,0,49.299
11,6.3371,1,0.1464,1.0,WARMING_UP,WARMING_UP,WARMING_UP,0.0,0,49.017
12,6.3586,1,0.1679,1.0,WARMING_UP,WARMING_UP,WARMING_UP,0.0,0,50.052
13,6.3754,1,0.1846,1.0,WARMING_UP,WARMING_UP,WARMING_UP,0.0,0,52.753
14,6.3882,1,0.1975,1.0,WARMING_UP,WARMING_UP,WARMING_UP,0.0,0,56.098
15,6.4003,1,0.2096,1.0,WARMING_UP,WARMING_UP,WARMING_UP,0.0,0,58.162
16,6.4129,1,0.2221,1.0,WARMING_UP,WARMING_UP,WARMING_UP,0.0,0,60.474
17,6.4251,1,0.2344,1.0,WARMING_UP,WARMING_UP,WARMING_UP,0.0,0,62.763
18,6.4371,1,0.2463,1.0,WARMING_UP,WARMING_UP,WARMING_UP,0.0,0,65.153
19,6.4487,1,0.2579,1.0,WARMING_UP,WARMING_UP,WARMING_UP,0.0,0,66.79
20,6.461,1,0.2702,1.0,WARMING_UP,WARMING_UP,WARMING_UP,0.0,0,68.3
21,6.4731,1,0.2824,1.0,WARMING_UP,WARMING_UP,WARMING_UP,0.0,0,69.103
22,6.4865,1,0.2957,1.0,WARMING_UP,WARMING_UP,WARMING_UP,0.0,0,70.062
23,6.5,1,0.3092,1.0,WARMING_UP,WARMING_UP,WARMING_UP,0.0,0,70.517
24,6.5126,1,0.3218,1.0,WARMING_UP,WARMING_UP,WARMING_UP,0.0,0,70.621
25,6.5263,1,0.3356,1.0,WARMING_UP,WARMING_UP,WARMING_UP,0.0,0,71.797
26,6.5385,1,0.3477,1.0,WARMING_UP,WARMING_UP,WARMING_UP,0.0,0,72.671
27,6.5511,1,0.3603,1.0,WARMING_UP,WARMING_UP,WARMING_UP,0.0,0,73.988
28,6.5624,1,0.3717,1.0,WARMING_UP,WARMING_UP,WARMING_UP,0.0,0,74.957
29,6.5744,1,0.3837,1.0,WARMING_UP,WARMING_UP,WARMING_UP,0.0,0,75.913
30,6.5862,1,0.3955,1.0,WARMING_UP,WARMING_UP,WARMING_UP,0.0,0,76.798
31,6.5985,1,0.4078,1.0,WARMING_UP,WARMING_UP,WARMING_UP,0.0,0,77.137
32,6.6106,1,0.4198,1.0,WARMING_UP,WARMING_UP,WARMING_UP,0.0,0,77.617
33,6.6228,1,0.432,1.0,WARMING_UP,WARMING_UP,WARMING_UP,0.0,0,77.267
34,6.6364,1,0.4457,1.0,WARMING_UP,WARMING_UP,WARMING_UP,0.0,0,78.226
35,6.6479,1,0.4571,1.0,WARMING_UP,WARMING_UP,WARMING_UP,0.0,0,78.767
36,6.6596,1,0.4689,1.0,WARMING_UP,WARMING_UP,WARMING_UP,0.0,0,79.387
37,6.6715,1,0.4808,1.0,WARMING_UP,WARMING_UP,WARMING_UP,0.0,0,78.336
38,6.6861,1,0.4953,1.0,WARMING_UP,WARMING_UP,WARMING_UP,0.0,0,77.664
39,6.7002,1,0.5094,1.0,WARMING_UP,WARMING_UP,WARMING_UP,0.0,0,77.75
40,6.7129,1,0.5222,1.0,WARMING_UP,WARMING_UP,WARMING_UP,0.0,0,78.087
41,6.7251,1,0.5344,1.0,WARMING_UP,WARMING_UP,WARMING_UP,0.0,0,77.68
42,6.7387,1,0.5479,1.0,WARMING_UP,WARMING_UP,WARMING_UP,0.0,0,76.517
43,6.7539,1,0.5631,1.0,WARMING_UP,WARMING_UP,WARMING_UP,0.0,0,76.962
44,6.7666,1,0.5759,1.0,WARMING_UP,WARMING_UP,WARMING_UP,0.0,0,77.081
45,6.7793,1,0.5886,1.0,WARMING_UP,WARMING_UP,WARMING_UP,0.0,0,77.003
46,6.7921,1,0.6013,1.0,WARMING_UP,WARMING_UP,WARMING_UP,0.0,0,76.601
47,6.8057,1,0.615,1.0,WARMING_UP,WARMING_UP,WARMING_UP,0.0,0,76.133
48,6.8196,1,0.6289,1.0,WARMING_UP,WARMING_UP,WARMING_UP,0.0,0,76.839
49,6.8321,1,0.6414,1.0,WARMING_UP,WARMING_UP,WARMING_UP,0.0,0,77.121
50,6.8442,1,0.6534,1.0,WARMING_UP,WARMING_UP,WARMING_UP,0.0,0,77.543
51,6.8564,1,0.6657,1.0,WARMING_UP,WARMING_UP,WARMING_UP,0.0,0,77.53
52,6.8695,1,0.6787,1.0,WARMING_UP,WARMING_UP,WARMING_UP,0.0,0,78.117
53,6.8821,1,0.6914,1.0,WARMING_UP,WARMING_UP,WARMING_UP,0.0,0,77.934
54,6.8947,1,0.7039,1.0,WARMING_UP,WARMING_UP,WARMING_UP,0.0,0,74.989
55,6.9157,1,0.7249,1.0,WARMING_UP,WARMING_UP,WARMING_UP,0.0,0,75.407
56,6.9281,1,0.7374,1.0,WARMING_UP,WARMING_UP,WARMING_UP,0.0,0,75.634
57,6.9405,1,0.7498,1.0,WARMING_UP,WARMING_UP,WARMING_UP,0.0,0,76.212
58,6.953,1,0.7623,1.0,WARMING_UP,WARMING_UP,WARMING_UP,0.0,0,76.677
59,6.9657,1,0.775,1.0,WARMING_UP,WARMING_UP,WARMING_UP,0.0,0,77.091
60,6.9777,1,0.7869,1.0,WARMING_UP,WARMING_UP,WARMING_UP,0.0,0,77.339
61,6.9902,1,0.7995,1.0,WARMING_UP,WARMING_UP,WARMING_UP,0.0,0,77.853
62,7.0025,1,0.8117,1.0,WARMING_UP,WARMING_UP,WARMING_UP,0.0,0,77.437
63,7.0162,1,0.8254,1.0,WARMING_UP,WARMING_UP,WARMING_UP,0.0,0,77.703
64,7.0284,1,0.8377,1.0,WARMING_UP,WARMING_UP,WARMING_UP,0.0,0,77.262
65,7.0422,1,0.8515,1.0,WARMING_UP,WARMING_UP,WARMING_UP,0.0,0,77.405
66,7.0547,1,0.8639,1.0,WARMING_UP,WARMING_UP,WARMING_UP,0.0,0,77.173
67,7.0683,1,0.8776,1.0,WARMING_UP,WARMING_UP,WARMING_UP,0.0,0,76.984
68,7.0818,1,0.891,1.0,WARMING_UP,WARMING_UP,WARMING_UP,0.0,0,77.366
69,7.0939,1,0.9031,1.0,WARMING_UP,WARMING_UP,WARMING_UP,0.0,0,77.568
70,7.1063,1,0.9156,1.0,WARMING_UP,WARMING_UP,WARMING_UP,0.0,0,77.405
71,7.1195,1,0.9287,1.0,WARMING_UP,WARMING_UP,WARMING_UP,0.0,0,77.269
72,7.1328,1,0.9421,1.0,WARMING_UP,WARMING_UP,WARMING_UP,0.0,0,77.928
73,7.1445,1,0.9538,1.0,WARMING_UP,WARMING_UP,WARMING_UP,0.0,0,78.262
74,7.1568,1,0.9661,1.0,WARMING_UP,WARMING_UP,WARMING_UP,0.0,0,78.188
75,7.1699,1,0.9791,1.0,WARMING_UP,WARMING_UP,WARMING_UP,0.0,0,77.833
76,7.1835,1,0.9928,1.0,WARMING_UP,WARMING_UP,WARMING_UP,0.0,0,77.844
77,7.1969,1,1.0062,1.0,WARMING_UP,WARMING_UP,WARMING_UP,0.0,0,77.619
78,7.2093,1,1.0186,1.0,WARMING_UP,WARMING_UP,WARMING_UP,0.0,0,77.498
79,7.2223,1,1.0316,1.0,WARMING_UP,WARMING_UP,WARMING_UP,0.0,0,77.791
80,7.2347,1,1.044,1.0,WARMING_UP,WARMING_UP,WARMING_UP,0.0,0,78.483
81,7.2468,1,1.0561,1.0,WARMING_UP,WARMING_UP,WARMING_UP,0.0,0,78.755
82,7.2588,1,1.068,1.0,WARMING_UP,WARMING_UP,WARMING_UP,0.0,0,78.357
83,7.2722,1,1.0815,1.0,WARMING_UP,WARMING_UP,WARMING_UP,0.0,0,78.513
84,7.2849,1,1.0941,1.0,WARMING_UP,WARMING_UP,WARMING_UP,0.0,0,79.017
85,7.297,1,1.1062,1.0,WARMING_UP,WARMING_UP,WARMING_UP,0.0,0,79.318
86,7.3095,1,1.1187,1.0,WARMING_UP,WARMING_UP,WARMING_UP,0.0,0,78.827
87,7.3224,1,1.1316,1.0,WARMING_UP,WARMING_UP,WARMING_UP,0.0,0,78.367
88,7.3358,1,1.1451,1.0,WARMING_UP,WARMING_UP,WARMING_UP,0.0,0,78.459
89,7.3486,1,1.1579,1.0,WARMING_UP,WARMING_UP,WARMING_UP,0.0,0,78.922
90,7.3605,1,1.1697,1.0,WARMING_UP,WARMING_UP,WARMING_UP,0.0,0,79.173
91,7.3727,1,1.182,1.0,WARMING_UP,WARMING_UP,WARMING_UP,0.0,0,79.268
92,7.3852,1,1.1945,1.0,WARMING_UP,WARMING_UP,WARMING_UP,0.0,0,79.128
93,7.3983,1,1.2075,1.0,WARMING_UP,WARMING_UP,WARMING_UP,0.0,0,79.649
94,7.4099,1,1.2192,1.0,WARMING_UP,WARMING_UP,WARMING_UP,0.0,0,79.83
95,7.4222,1,1.2314,1.0,WARMING_UP,WARMING_UP,WARMING_UP,0.0,0,79.774
96,7.4348,1,1.2441,1.0,WARMING_UP,WARMING_UP,WARMING_UP,0.0,0,79.871
97,7.4476,1,1.2569,1.0,WARMING_UP,WARMING_UP,WARMING_UP,0.0,0,80.108
98,7.4594,1,1.2687,1.0,WARMING_UP,WARMING_UP,WARMING_UP,0.0,0,80.304
99,7.4714,1,1.2807,1.0,WARMING_UP,WARMING_UP,WARMING_UP,0.0,0,80.151
100,7.4844,1,1.2936,1.0,WARMING_UP,WARMING_UP,WARMING_UP,0.0,0,80.005
101,7.4969,1,1.3062,1.0,WARMING_UP,WARMING_UP,WARMING_UP,0.0,0,80.792
102,7.5082,1,1.3175,1.0,WARMING_UP,WARMING_UP,WARMING_UP,0.0,0,81.307
103,7.5199,1,1.3292,1.0,WARMING_UP,WARMING_UP,WARMING_UP,0.0,0,81.174
104,7.5324,1,1.3417,1.0,WARMING_UP,WARMING_UP,WARMING_UP,0.0,0,81.746
105,7.5443,1,1.3535,1.0,WARMING_UP,WARMING_UP,WARMING_UP,0.0,0,81.801
106,7.5559,1,1.3652,1.0,WARMING_UP,WARMING_UP,WARMING_UP,0.0,0,81.77
107,7.5683,1,1.3776,1.0,WARMING_UP,WARMING_UP,WARMING_UP,0.0,0,81.201
108,7.5815,1,1.3908,1.0,WARMING_UP,WARMING_UP,WARMING_UP,0.0,0,81.862
109,7.5929,1,1.4021,1.0,WARMING_UP,WARMING_UP,WARMING_UP,0.0,0,82.127
110,7.6047,1,1.4139,1.0,WARMING_UP,WARMING_UP,WARMING_UP,0.0,0,82.334
111,7.6166,1,1.4258,1.0,WARMING_UP,WARMING_UP,WARMING_UP,0.0,0,82.186
112,7.6295,1,1.4387,1.0,WARMING_UP,WARMING_UP,WARMING_UP,0.0,0,82.19
113,7.641,1,1.4502,1.0,WARMING_UP,WARMING_UP,WARMING_UP,0.0,0,82.728
114,7.6524,1,1.4616,1.0,WARMING_UP,WARMING_UP,WARMING_UP,0.0,0,82.481
115,7.665,1,1.4743,1.0,WARMING_UP,WARMING_UP,WARMING_UP,0.0,0,79.722
116,7.6835,1,1.4928,1.0,WARMING_UP,WARMING_UP,WARMING_UP,0.0,0,76.523
117,7.7043,1,1.5135,1.0,WARMING_UP,WARMING_UP,WARMING_UP,0.0,0,77.285
118,7.7161,1,1.5254,1.0,WARMING_UP,WARMING_UP,WARMING_UP,0.0,0,77.922
119,7.7284,1,1.5377,1.0,WARMING_UP,WARMING_UP,WARMING_UP,0.0,0,78.346
120,7.74,1,1.5493,1.0,WARMING_UP,WARMING_UP,WARMING_UP,0.0,0,75.805
121,7.7595,1,1.5687,1.0,WARMING_UP,WARMING_UP,WARMING_UP,0.0,0,76.498
122,7.771,1,1.5803,1.0,WARMING_UP,WARMING_UP,WARMING_UP,0.0,0,77.529
123,7.7826,1,1.5919,1.0,WARMING_UP,WARMING_UP,WARMING_UP,0.0,0,77.882
124,7.7953,1,1.6046,1.0,WARMING_UP,WARMING_UP,WARMING_UP,0.0,0,75.252
125,7.8146,1,1.6238,1.0,WARMING_UP,WARMING_UP,WARMING_UP,0.0,0,75.968
126,7.827,1,1.6363,1.0,WARMING_UP,WARMING_UP,WARMING_UP,0.0,0,76.513
127,7.8386,1,1.6479,1.0,WARMING_UP,WARMING_UP,WARMING_UP,0.0,0,76.932
128,7.8512,1,1.6604,1.0,WARMING_UP,WARMING_UP,WARMING_UP,0.0,0,77.361
129,7.8634,1,1.6727,1.0,WARMING_UP,WARMING_UP,WARMING_UP,0.0,0,78.514
130,7.8746,1,1.6839,1.0,WARMING_UP,WARMING_UP,WARMING_UP,0.0,0,79.106
131,7.8865,1,1.6958,1.0,WARMING_UP,WARMING_UP,WARMING_UP,0.0,0,79.272
132,7.899,1,1.7083,1.0,WARMING_UP,WARMING_UP,WARMING_UP,0.0,0,79.958
133,7.9106,1,1.7199,1.0,WARMING_UP,WARMING_UP,WARMING_UP,0.0,0,80.324
134,7.9225,1,1.7318,1.0,WARMING_UP,WARMING_UP,WARMING_UP,0.0,0,80.268
135,7.9351,1,1.7443,1.0,WARMING_UP,WARMING_UP,WARMING_UP,0.0,0,79.969
136,7.9481,1,1.7574,1.0,WARMING_UP,WARMING_UP,WARMING_UP,0.0,0,80.564
137,7.9599,1,1.7692,1.0,WARMING_UP,WARMING_UP,WARMING_UP,0.0,0,80.766
138,7.9717,1,1.7809,1.0,WARMING_UP,WARMING_UP,WARMING_UP,0.0,0,81.126
139,7.9836,1,1.7928,1.0,WARMING_UP,WARMING_UP,WARMING_UP,0.0,0,78.659
140,8.0015,1,1.8107,1.0,WARMING_UP,WARMING_UP,WARMING_UP,0.0,0,78.783
141,8.0139,1,1.8231,1.0,WARMING_UP,WARMING_UP,WARMING_UP,0.0,0,79.751
142,8.0252,1,1.8345,1.0,WARMING_UP,WARMING_UP,WARMING_UP,0.0,0,80.167
143,8.037,1,1.8463,1.0,WARMING_UP,WARMING_UP,WARMING_UP,0.0,0,79.382
144,8.051,1,1.8602,1.0,WARMING_UP,WARMING_UP,WARMING_UP,0.0,0,79.194
145,8.0638,1,1.8731,1.0,WARMING_UP,WARMING_UP,WARMING_UP,0.0,0,80.18
146,8.0751,1,1.8844,1.0,WARMING_UP,WARMING_UP,WARMING_UP,0.0,0,80.561
147,8.087,1,1.8963,1.0,WARMING_UP,WARMING_UP,WARMING_UP,0.0,0,80.583
148,8.0994,1,1.9086,1.0,WARMING_UP,WARMING_UP,WARMING_UP,0.0,0,80.491
149,8.1118,1,1.9211,1.0,WARMING_UP,WARMING_UP,WARMING_UP,0.0,0,77.768
150,8.1308,1,1.9401,1.0,WARMING_UP,WARMING_UP,WARMING_UP,0.0,0,78.484
151,8.1429,1,1.9522,1.0,WARMING_UP,WARMING_UP,WARMING_UP,0.0,0,78.687
152,8.1547,1,1.9639,1.0,WARMING_UP,WARMING_UP,WARMING_UP,0.0,0,79.292
153,8.1666,1,1.9759,1.0,WARMING_UP,WARMING_UP,WARMING_UP,0.0,0,79.485
154,8.1789,1,1.9881,1.0,WARMING_UP,WARMING_UP,WARMING_UP,0.0,0,80.58
155,8.1902,1,1.9995,1.0,WARMING_UP,WARMING_UP,WARMING_UP,0.0,0,80.405
156,8.2027,1,2.012,1.0,WARMING_UP,WARMING_UP,WARMING_UP,0.0,0,79.698
157,8.2163,1,2.0256,1.0,WARMING_UP,WARMING_UP,WARMING_UP,0.0,0,79.655
158,8.2289,1,2.0382,1.0,WARMING_UP,WARMING_UP,WARMING_UP,0.0,0,79.881
159,8.2415,1,2.0507,1.0,WARMING_UP,WARMING_UP,WARMING_UP,0.0,0,80.25
160,8.253,1,2.0623,1.0,WARMING_UP,WARMING_UP,WARMING_UP,0.0,0,80.582
161,8.2651,1,2.0744,1.0,WARMING_UP,WARMING_UP,WARMING_UP,0.0,0,80.404
162,8.2778,1,2.0871,1.0,WARMING_UP,WARMING_UP,WARMING_UP,0.0,0,80.84
163,8.2897,1,2.0989,1.0,WARMING_UP,WARMING_UP,WARMING_UP,0.0,0,80.478
164,8.3024,1,2.1117,1.0,WARMING_UP,WARMING_UP,WARMING_UP,0.0,0,80.697
165,8.3147,1,2.124,1.0,WARMING_UP,WARMING_UP,WARMING_UP,0.0,0,80.275
166,8.3277,1,2.1369,1.0,WARMING_UP,WARMING_UP,WARMING_UP,0.0,0,80.728
167,8.3395,1,2.1488,1.0,WARMING_UP,WARMING_UP,WARMING_UP,0.0,0,80.844
168,8.3516,1,2.1608,1.0,WARMING_UP,WARMING_UP,WARMING_UP,0.0,0,81.306
169,8.3634,1,2.1727,1.0,WARMING_UP,WARMING_UP,WARMING_UP,0.0,0,81.559
170,8.3756,1,2.1848,1.0,WARMING_UP,WARMING_UP,WARMING_UP,0.0,0,81.782
171,8.3873,1,2.1965,1.0,WARMING_UP,WARMING_UP,WARMING_UP,0.0,0,81.821
172,8.3994,1,2.2086,1.0,WARMING_UP,WARMING_UP,WARMING_UP,0.0,0,82.07
173,8.4113,1,2.2205,1.0,WARMING_UP,WARMING_UP,WARMING_UP,0.0,0,82.72
174,8.4225,1,2.2318,1.0,WARMING_UP,WARMING_UP,WARMING_UP,0.0,0,83.056
175,8.4342,1,2.2435,1.0,WARMING_UP,WARMING_UP,WARMING_UP,0.0,0,82.62
176,8.4469,1,2.2562,1.0,WARMING_UP,WARMING_UP,WARMING_UP,0.0,0,82.459
177,8.4598,1,2.269,1.0,WARMING_UP,WARMING_UP,WARMING_UP,0.0,0,82.25
178,8.4717,1,2.2809,1.0,WARMING_UP,WARMING_UP,WARMING_UP,0.0,0,82.535
179,8.4835,1,2.2928,1.0,WARMING_UP,WARMING_UP,WARMING_UP,0.0,0,83.076
180,8.4947,1,2.304,1.0,WARMING_UP,WARMING_UP,WARMING_UP,0.0,0,83.491
181,8.5065,1,2.3158,1.0,WARMING_UP,WARMING_UP,WARMING_UP,0.0,0,80.042
182,8.5269,1,2.3362,1.0,WARMING_UP,WARMING_UP,WARMING_UP,0.0,0,76.887
183,8.5476,1,2.3569,1.0,WARMING_UP,WARMING_UP,WARMING_UP,0.0,0,76.955
184,8.5602,1,2.3695,1.0,WARMING_UP,WARMING_UP,WARMING_UP,0.0,0,77.646
185,8.5721,1,2.3813,1.0,WARMING_UP,WARMING_UP,WARMING_UP,0.0,0,78.421
186,8.5838,1,2.393,1.0,WARMING_UP,WARMING_UP,WARMING_UP,0.0,0,78.755
187,8.5962,1,2.4054,1.0,WARMING_UP,WARMING_UP,WARMING_UP,0.0,0,78.438
188,8.6096,1,2.4189,1.0,WARMING_UP,WARMING_UP,WARMING_UP,0.0,0,78.933
189,8.6213,1,2.4306,1.0,WARMING_UP,WARMING_UP,WARMING_UP,0.0,0,79.397
190,8.6332,1,2.4425,1.0,WARMING_UP,WARMING_UP,WARMING_UP,0.0,0,79.81
191,8.6455,1,2.4547,1.0,WARMING_UP,WARMING_UP,WARMING_UP,0.0,0,80.069
192,8.6579,1,2.4672,1.0,WARMING_UP,WARMING_UP,WARMING_UP,0.0,0,80.191
193,8.6698,1,2.479,1.0,WARMING_UP,WARMING_UP,WARMING_UP,0.0,0,80.318
194,8.682,1,2.4912,1.0,WARMING_UP,WARMING_UP,WARMING_UP,0.0,0,80.074
195,8.6948,1,2.5041,1.0,WARMING_UP,WARMING_UP,WARMING_UP,0.0,0,80.344
196,8.7071,1,2.5164,1.0,WARMING_UP,WARMING_UP,WARMING_UP,0.0,0,80.616
197,8.7187,1,2.528,1.0,WARMING_UP,WARMING_UP,WARMING_UP,0.0,0,80.208
198,8.732,1,2.5413,1.0,WARMING_UP,WARMING_UP,WARMING_UP,0.0,0,80.319
199,8.7443,1,2.5536,1.0,WARMING_UP,WARMING_UP,WARMING_UP,0.0,0,80.544
200,8.7566,1,2.5658,1.0,WARMING_UP,WARMING_UP,WARMING_UP,0.0,0,80.865
201,8.7682,1,2.5774,1.0,WARMING_UP,WARMING_UP,WARMING_UP,0.0,0,81.471
202,8.7798,1,2.5891,1.0,WARMING_UP,WARMING_UP,WARMING_UP,0.0,0,81.459
203,8.7922,1,2.6015,1.0,WARMING_UP,WARMING_UP,WARMING_UP,0.0,0,81.428
204,8.8045,1,2.6138,1.0,WARMING_UP,WARMING_UP,WARMING_UP,0.0,0,81.612
205,8.8164,1,2.6257,1.0,WARMING_UP,WARMING_UP,WARMING_UP,0.0,0,78.811
206,8.8354,1,2.6447,1.0,WARMING_UP,WARMING_UP,WARMING_UP,0.0,0,75.825
207,8.8563,1,2.6656,1.0,WARMING_UP,WARMING_UP,WARMING_UP,0.0,0,75.983
208,8.8683,1,2.6776,1.0,WARMING_UP,WARMING_UP,WARMING_UP,0.0,0,76.333
209,8.8811,1,2.6904,1.0,WARMING_UP,WARMING_UP,WARMING_UP,0.0,0,75.197
210,8.8964,1,2.7057,1.0,WARMING_UP,WARMING_UP,WARMING_UP,0.0,0,75.433
211,8.9094,1,2.7186,1.0,WARMING_UP,WARMING_UP,WARMING_UP,0.0,0,76.759
212,8.9207,1,2.73,1.0,WARMING_UP,WARMING_UP,WARMING_UP,0.0,0,77.42
213,8.9325,1,2.7418,1.0,WARMING_UP,WARMING_UP,WARMING_UP,0.0,0,77.91
214,8.9447,1,2.754,1.0,WARMING_UP,WARMING_UP,WARMING_UP,0.0,0,78.957
215,8.9561,1,2.7653,1.0,WARMING_UP,WARMING_UP,WARMING_UP,0.0,0,79.734
216,8.9674,1,2.7767,1.0,WARMING_UP,WARMING_UP,WARMING_UP,0.0,0,80.258
217,8.9793,1,2.7886,1.0,WARMING_UP,WARMING_UP,WARMING_UP,0.0,0,80.004
218,8.9923,1,2.8015,1.0,WARMING_UP,WARMING_UP,WARMING_UP,0.0,0,80.596
219,9.0038,1,2.8131,1.0,WARMING_UP,WARMING_UP,WARMING_UP,0.0,0,80.88
220,9.0158,1,2.825,1.0,WARMING_UP,WARMING_UP,WARMING_UP,0.0,0,81.236
221,9.0277,1,2.837,1.0,WARMING_UP,WARMING_UP,WARMING_UP,0.0,0,80.88
222,9.0409,1,2.8502,1.0,WARMING_UP,WARMING_UP,WARMING_UP,0.0,0,81.031
223,9.0529,1,2.8621,1.0,WARMING_UP,WARMING_UP,WARMING_UP,0.0,0,81.143
224,9.0648,1,2.8741,1.0,WARMING_UP,WARMING_UP,WARMING_UP,0.0,0,81.38
225,9.0769,1,2.8862,1.0,WARMING_UP,WARMING_UP,WARMING_UP,0.0,0,81.497
226,9.0892,1,2.8984,1.0,WARMING_UP,WARMING_UP,WARMING_UP,0.0,0,81.706
227,9.1009,1,2.9101,1.0,WARMING_UP,WARMING_UP,WARMING_UP,0.0,0,78.533
228,9.1213,1,2.9306,1.0,WARMING_UP,WARMING_UP,WARMING_UP,0.0,0,78.77
229,9.1332,1,2.9425,1.0,WARMING_UP,WARMING_UP,WARMING_UP,0.0,0,76.084
230,9.1528,1,2.962,1.0,WARMING_UP,WARMING_UP,WARMING_UP,0.0,0,76.616
231,9.1648,1,2.9741,1.0,WARMING_UP,WARMING_UP,WARMING_UP,0.0,0,77.58
232,9.1763,1,2.9856,1.0,WARMING_UP,WARMING_UP,WARMING_UP,0.0,0,77.556
233,9.1898,1,2.9991,1.0,WARMING_UP,WARMING_UP,WARMING_UP,0.0,0,77.861
234,9.2018,1,3.0111,1.0,WARMING_UP,WARMING_UP,WARMING_UP,0.0,0,78.261
235,9.2139,1,3.0232,1.0,WARMING_UP,WARMING_UP,WARMING_UP,0.0,0,78.964
236,9.2258,1,3.0351,1.0,WARMING_UP,WARMING_UP,WARMING_UP,0.0,0,79.606
237,9.2374,1,3.0467,1.0,WARMING_UP,WARMING_UP,WARMING_UP,0.0,0,80.218
238,9.249,1,3.0583,1.0,WARMING_UP,WARMING_UP,WARMING_UP,0.0,0,77.333
239,9.2689,1,3.0782,1.0,WARMING_UP,WARMING_UP,WARMING_UP,0.0,0,77.538
240,9.2811,1,3.0904,1.0,WARMING_UP,WARMING_UP,WARMING_UP,0.0,0,78.067
241,9.2934,1,3.1027,1.0,WARMING_UP,WARMING_UP,WARMING_UP,0.0,0,78.478
242,9.3058,1,3.1151,1.0,WARMING_UP,WARMING_UP,WARMING_UP,0.0,0,78.367
243,9.3183,1,3.1276,1.0,WARMING_UP,WARMING_UP,WARMING_UP,0.0,0,78.757
244,9.3305,1,3.1397,1.0,WARMING_UP,WARMING_UP,WARMING_UP,0.0,0,78.608
245,9.3434,1,3.1527,1.0,WARMING_UP,WARMING_UP,WARMING_UP,0.0,0,79.267
246,9.3555,1,3.1648,1.0,WARMING_UP,WARMING_UP,WARMING_UP,0.0,0,79.726
247,9.367,1,3.1763,1.0,WARMING_UP,WARMING_UP,WARMING_UP,0.0,0,80.095
248,9.379,1,3.1883,1.0,WARMING_UP,WARMING_UP,WARMING_UP,0.0,0,80.008
249,9.3917,1,3.2009,1.0,WARMING_UP,WARMING_UP,WARMING_UP,0.0,0,80.28
250,9.4044,1,3.2137,1.0,WARMING_UP,WARMING_UP,WARMING_UP,0.0,0,80.125
251,9.4164,1,3.2257,1.0,WARMING_UP,WARMING_UP,WARMING_UP,0.0,0,80.001
252,9.4293,1,3.2385,1.0,WARMING_UP,WARMING_UP,WARMING_UP,0.0,0,80.35
253,9.4411,1,3.2503,1.0,WARMING_UP,WARMING_UP,WARMING_UP,0.0,0,80.984
254,9.4528,1,3.262,1.0,WARMING_UP,WARMING_UP,WARMING_UP,0.0,0,81.086
255,9.4649,1,3.2742,1.0,WARMING_UP,WARMING_UP,WARMING_UP,0.0,0,80.402
256,9.4783,1,3.2876,1.0,WARMING_UP,WARMING_UP,WARMING_UP,0.0,0,80.145
257,9.4912,1,3.3005,1.0,WARMING_UP,WARMING_UP,WARMING_UP,0.0,0,80.986
258,9.5024,1,3.3117,1.0,WARMING_UP,WARMING_UP,WARMING_UP,0.0,0,77.867
259,9.5227,1,3.332,1.0,WARMING_UP,WARMING_UP,WARMING_UP,0.0,0,78.777
260,9.5341,1,3.3434,1.0,WARMING_UP,WARMING_UP,WARMING_UP,0.0,0,79.355
261,9.5458,1,3.3551,1.0,WARMING_UP,WARMING_UP,WARMING_UP,0.0,0,78.385
262,9.5604,1,3.3697,1.0,WARMING_UP,WARMING_UP,WARMING_UP,0.0,0,77.868
263,9.574,1,3.3832,1.0,WARMING_UP,WARMING_UP,WARMING_UP,0.0,0,78.671
264,9.586,1,3.3953,1.0,WARMING_UP,WARMING_UP,WARMING_UP,0.0,0,78.949
265,9.5977,1,3.407,1.0,WARMING_UP,WARMING_UP,WARMING_UP,0.0,0,79.264
266,9.6101,1,3.4193,1.0,WARMING_UP,WARMING_UP,WARMING_UP,0.0,0,79.622
267,9.622,1,3.4313,1.0,WARMING_UP,WARMING_UP,WARMING_UP,0.0,0,80.582
268,9.6331,1,3.4424,1.0,WARMING_UP,WARMING_UP,WARMING_UP,0.0,0,81.286
269,9.6446,1,3.4539,1.0,WARMING_UP,WARMING_UP,WARMING_UP,0.0,0,78.715
270,9.663,1,3.4723,1.0,WARMING_UP,WARMING_UP,WARMING_UP,0.0,0,75.932
271,9.6828,1,3.4921,1.0,WARMING_UP,WARMING_UP,WARMING_UP,0.0,0,76.171
272,9.6951,1,3.5044,1.0,WARMING_UP,WARMING_UP,WARMING_UP,0.0,0,76.476
273,9.7078,1,3.517,1.0,WARMING_UP,WARMING_UP,WARMING_UP,0.0,0,77.35
274,9.7199,1,3.5292,1.0,WARMING_UP,WARMING_UP,WARMING_UP,0.0,0,77.64
275,9.732,1,3.5413,1.0,WARMING_UP,WARMING_UP,WARMING_UP,0.0,0,77.927
276,9.7444,1,3.5537,1.0,WARMING_UP,WARMING_UP,WARMING_UP,0.0,0,78.382
277,9.7564,1,3.5657,1.0,WARMING_UP,WARMING_UP,WARMING_UP,0.0,0,78.941
278,9.7687,1,3.5779,1.0,WARMING_UP,WARMING_UP,WARMING_UP,0.0,0,79.417
279,9.7803,1,3.5896,1.0,WARMING_UP,WARMING_UP,WARMING_UP,0.0,0,79.204
280,9.7933,1,3.6026,1.0,WARMING_UP,WARMING_UP,WARMING_UP,0.0,0,78.96
281,9.8063,1,3.6156,1.0,WARMING_UP,WARMING_UP,WARMING_UP,0.0,0,79.938
282,9.8177,1,3.627,1.0,WARMING_UP,WARMING_UP,WARMING_UP,0.0,0,79.946
283,9.8301,1,3.6393,1.0,WARMING_UP,WARMING_UP,WARMING_UP,0.0,0,79.879
284,9.8428,1,3.652,1.0,WARMING_UP,WARMING_UP,WARMING_UP,0.0,0,79.461
285,9.8559,1,3.6651,1.0,WARMING_UP,WARMING_UP,WARMING_UP,0.0,0,77.845
286,9.8717,1,3.681,1.0,WARMING_UP,WARMING_UP,WARMING_UP,0.0,0,77.289
287,9.8861,1,3.6954,1.0,WARMING_UP,WARMING_UP,WARMING_UP,0.0,0,77.562
288,9.8982,1,3.7074,1.0,WARMING_UP,WARMING_UP,WARMING_UP,0.0,0,76.972
289,9.912,1,3.7212,1.0,WARMING_UP,WARMING_UP,WARMING_UP,0.0,0,76.979
290,9.925,1,3.7343,1.0,WARMING_UP,WARMING_UP,WARMING_UP,0.0,0,74.194
291,9.9454,1,3.7547,1.0,WARMING_UP,WARMING_UP,WARMING_UP,0.0,0,74.709
292,9.958,1,3.7672,1.0,WARMING_UP,WARMING_UP,WARMING_UP,0.0,0,74.91
293,9.9709,1,3.7801,1.0,WARMING_UP,WARMING_UP,WARMING_UP,0.0,0,76.045
294,9.9827,1,3.792,1.0,WARMING_UP,WARMING_UP,WARMING_UP,0.0,0,76.524
295,9.9949,1,3.8042,1.0,WARMING_UP,WARMING_UP,WARMING_UP,0.0,0,76.579
296,10.0081,1,3.8174,1.0,WARMING_UP,WARMING_UP,WARMING_UP,0.0,0,76.445
297,10.0212,1,3.8305,1.0,WARMING_UP,WARMING_UP,WARMING_UP,0.0,0,73.939
298,10.041,1,3.8502,1.0,WARMING_UP,WARMING_UP,WARMING_UP,0.0,0,72.511
299,10.0576,1,3.8668,1.0,WARMING_UP,WARMING_UP,WARMING_UP,0.0,0,72.363
300,10.0715,1,3.8808,1.0,WARMING_UP,WARMING_UP,WARMING_UP,0.0,0,73.588
301,10.0835,1,3.8928,1.0,WARMING_UP,WARMING_UP,WARMING_UP,0.0,0,74.429
302,10.0954,1,3.9047,1.0,WARMING_UP,WARMING_UP,WARMING_UP,0.0,0,74.614
303,10.1086,1,3.9178,1.0,WARMING_UP,WARMING_UP,WARMING_UP,0.0,0,74.03
304,10.1233,1,3.9325,1.0,WARMING_UP,WARMING_UP,WARMING_UP,0.0,0,74.839
305,10.1367,1,3.9459,1.0,WARMING_UP,WARMING_UP,WARMING_UP,0.0,0,74.767
306,10.1487,1,3.958,1.0,WARMING_UP,WARMING_UP,WARMING_UP,0.0,0,75.804
307,10.1605,1,3.9698,1.0,WARMING_UP,WARMING_UP,WARMING_UP,0.0,0,75.856
308,10.1738,1,3.983,1.0,WARMING_UP,WARMING_UP,WARMING_UP,0.0,0,75.66
309,10.1873,1,3.9966,1.0,WARMING_UP,WARMING_UP,WARMING_UP,0.0,0,76.601
310,10.1989,1,4.0081,1.0,wave,UNKNOWN,UNKNOWN,0.2433,1,77.277
311,10.2659,1,4.0752,1.0,wave,UNKNOWN,UNKNOWN,0.2433,0,71.034
312,10.2786,1,4.0878,1.0,wave,UNKNOWN,UNKNOWN,0.2433,0,71.78
313,10.2911,1,4.1004,1.0,wave,UNKNOWN,UNKNOWN,0.2433,0,72.59
314,10.3037,1,4.113,1.0,wave,UNKNOWN,UNKNOWN,0.2433,0,73.228
315,10.3168,1,4.1261,1.0,wave,UNKNOWN,UNKNOWN,0.2433,0,72.996
316,10.3305,1,4.1397,1.0,wave,UNKNOWN,UNKNOWN,0.2433,0,73.981
317,10.3426,1,4.1518,1.0,wave,UNKNOWN,UNKNOWN,0.2433,0,74.721
318,10.3548,1,4.1641,1.0,wave,UNKNOWN,UNKNOWN,0.2433,0,75.566
319,10.367,1,4.1763,1.0,wave,UNKNOWN,UNKNOWN,0.2433,0,75.138
320,10.3809,1,4.1901,1.0,wave,UNKNOWN,UNKNOWN,0.2433,0,75.829
321,10.3931,1,4.2024,1.0,wave,UNKNOWN,UNKNOWN,0.2433,0,76.047
322,10.4059,1,4.2152,1.0,wave,UNKNOWN,UNKNOWN,0.2433,0,76.211
323,10.4187,1,4.228,1.0,wave,UNKNOWN,UNKNOWN,0.2433,0,74.064
324,10.4374,1,4.2467,1.0,wave,UNKNOWN,UNKNOWN,0.2433,0,74.384
325,10.45,1,4.2593,1.0,wave,UNKNOWN,UNKNOWN,0.2467,1,74.539
326,10.5002,1,4.3095,1.0,wave,UNKNOWN,UNKNOWN,0.2467,0,69.062
327,10.5143,1,4.3235,1.0,wave,UNKNOWN,UNKNOWN,0.2467,0,69.986
328,10.5264,1,4.3357,1.0,wave,UNKNOWN,UNKNOWN,0.2467,0,69.58
329,10.5419,1,4.3512,1.0,wave,UNKNOWN,UNKNOWN,0.2467,0,69.55
330,10.5563,1,4.3655,1.0,wave,UNKNOWN,UNKNOWN,0.2467,0,69.431
331,10.5708,1,4.3801,1.0,wave,UNKNOWN,UNKNOWN,0.2467,0,69.581
332,10.5848,1,4.3941,1.0,wave,UNKNOWN,UNKNOWN,0.2467,0,69.13
333,10.6012,1,4.4105,1.0,wave,UNKNOWN,UNKNOWN,0.2467,0,69.701
334,10.6135,1,4.4228,1.0,wave,UNKNOWN,UNKNOWN,0.2467,0,70.873
335,10.6257,1,4.435,1.0,wave,UNKNOWN,UNKNOWN,0.2467,0,71.269
336,10.6393,1,4.4485,1.0,wave,UNKNOWN,UNKNOWN,0.2467,0,71.178
337,10.6536,1,4.4628,1.0,wave,UNKNOWN,UNKNOWN,0.2467,0,72.08
338,10.6663,1,4.4756,1.0,wave,UNKNOWN,UNKNOWN,0.2467,0,72.584
339,10.6788,1,4.4881,1.0,wave,UNKNOWN,UNKNOWN,0.2467,0,73.201
340,10.6915,1,4.5008,1.0,wave,UNKNOWN,UNKNOWN,0.2467,0,73.374
341,10.7051,1,4.5143,1.0,wave,UNKNOWN,UNKNOWN,0.25,1,72.381
342,10.7575,1,4.5668,1.0,wave,UNKNOWN,UNKNOWN,0.25,0,67.091
343,10.772,1,4.5812,1.0,wave,UNKNOWN,UNKNOWN,0.25,0,68.261
344,10.7848,1,4.594,1.0,wave,UNKNOWN,UNKNOWN,0.25,0,68.722
345,10.7984,1,4.6077,1.0,wave,UNKNOWN,UNKNOWN,0.25,0,69.871
346,10.8108,1,4.6201,1.0,wave,UNKNOWN,UNKNOWN,0.25,0,70.602
347,10.8238,1,4.633,1.0,wave,UNKNOWN,UNKNOWN,0.25,0,69.741
348,10.84,1,4.6492,1.0,wave,UNKNOWN,UNKNOWN,0.25,0,69.78
349,10.8543,1,4.6636,1.0,wave,UNKNOWN,UNKNOWN,0.25,0,69.969
350,10.8684,1,4.6776,1.0,wave,UNKNOWN,UNKNOWN,0.25,0,71.138
351,10.8805,1,4.6898,1.0,wave,UNKNOWN,UNKNOWN,0.25,0,71.702
352,10.8935,1,4.7028,1.0,wave,UNKNOWN,UNKNOWN,0.25,0,72.46
353,10.9062,1,4.7154,1.0,wave,UNKNOWN,UNKNOWN,0.25,0,72.247
354,10.9203,1,4.7296,1.0,wave,UNKNOWN,UNKNOWN,0.25,0,72.495
355,10.9339,1,4.7432,1.0,wave,UNKNOWN,UNKNOWN,0.25,0,73.277
356,10.946,1,4.7553,1.0,wave,UNKNOWN,UNKNOWN,0.25,0,73.783
357,10.9589,1,4.7682,1.0,wave,UNKNOWN,UNKNOWN,0.24,1,73.738
358,11.0082,1,4.8175,1.0,wave,UNKNOWN,UNKNOWN,0.24,0,68.415
359,11.0214,1,4.8307,1.0,wave,UNKNOWN,UNKNOWN,0.24,0,69.282
360,11.0343,1,4.8436,1.0,wave,UNKNOWN,UNKNOWN,0.24,0,70.286
361,11.047,1,4.8563,1.0,wave,UNKNOWN,UNKNOWN,0.24,0,71.089
362,11.0597,1,4.8689,1.0,wave,UNKNOWN,UNKNOWN,0.24,0,70.88
363,11.0742,1,4.8834,1.0,wave,UNKNOWN,UNKNOWN,0.24,0,71.035
364,11.0879,1,4.8972,1.0,wave,UNKNOWN,UNKNOWN,0.24,0,71.853
365,11.1007,1,4.91,1.0,wave,UNKNOWN,UNKNOWN,0.24,0,72.761
366,11.113,1,4.9223,1.0,wave,UNKNOWN,UNKNOWN,0.24,0,73.286
367,11.1257,1,4.9349,1.0,wave,UNKNOWN,UNKNOWN,0.24,0,70.985
368,11.146,1,4.9553,1.0,wave,UNKNOWN,UNKNOWN,0.24,0,71.396
369,11.159,1,4.9682,1.0,wave,UNKNOWN,UNKNOWN,0.24,0,70.875
370,11.1741,1,4.9833,1.0,wave,UNKNOWN,UNKNOWN,0.24,0,70.757
371,11.1885,1,4.9977,1.0,wave,UNKNOWN,UNKNOWN,0.24,0,71.174
372,11.2019,1,4.9909,1.0,wave,UNKNOWN,UNKNOWN,0.24,0,70.848
373,11.2168,1,4.9915,1.0,wave,UNKNOWN,UNKNOWN,0.2533,1,71.649
374,11.2689,1,4.9956,1.0,wave,UNKNOWN,UNKNOWN,0.2533,0,66.332
375,11.2834,1,4.997,1.0,wave,UNKNOWN,UNKNOWN,0.2533,0,66.469
376,11.2985,1,4.9877,1.0,wave,UNKNOWN,UNKNOWN,0.2533,0,67.439
377,11.3114,1,4.9885,1.0,wave,UNKNOWN,UNKNOWN,0.2533,0,67.734
378,11.3255,1,4.9884,1.0,wave,UNKNOWN,UNKNOWN,0.2533,0,67.889
379,11.3399,1,4.9813,1.0,wave,UNKNOWN,UNKNOWN,0.2533,0,67.329
380,11.3561,1,4.9975,1.0,wave,UNKNOWN,UNKNOWN,0.2533,0,67.65
381,11.3702,1,4.9948,1.0,wave,UNKNOWN,UNKNOWN,0.2533,0,67.87
382,11.3857,1,4.9975,1.0,wave,UNKNOWN,UNKNOWN,0.2533,0,66.426
383,11.4032,1,4.9903,1.0,wave,UNKNOWN,UNKNOWN,0.2533,0,67.581
384,11.416,1,4.9909,1.0,wave,UNKNOWN,UNKNOWN,0.2533,0,68.73
385,11.4286,1,4.9915,1.0,wave,UNKNOWN,UNKNOWN,0.2533,0,69.227
386,11.4424,1,4.9937,1.0,wave,UNKNOWN,UNKNOWN,0.2533,0,69.347
387,11.4564,1,4.9954,1.0,wave,UNKNOWN,UNKNOWN,0.2533,0,68.096
388,11.474,1,4.9875,1.0,wave,UNKNOWN,UNKNOWN,0.25,1,67.213
389,11.5336,1,4.9951,1.0,wave,UNKNOWN,UNKNOWN,0.25,0,62.238
390,11.5481,1,4.997,1.0,wave,UNKNOWN,UNKNOWN,0.25,0,62.395
391,11.5638,1,4.9893,1.0,wave,UNKNOWN,UNKNOWN,0.25,0,61.321
392,11.5834,1,4.9971,1.0,wave,UNKNOWN,UNKNOWN,0.25,0,62.463
393,11.5969,1,4.9984,1.0,wave,UNKNOWN,UNKNOWN,0.25,0,63.94
394,11.6111,1,4.9883,1.0,wave,UNKNOWN,UNKNOWN,0.25,0,61.874
395,11.6331,1,4.9967,1.0,wave,UNKNOWN,UNKNOWN,0.25,0,60.653
396,11.6535,1,4.9939,1.0,wave,UNKNOWN,UNKNOWN,0.25,0,59.361
397,11.6742,1,4.9882,1.0,wave,UNKNOWN,UNKNOWN,0.25,0,60.179
398,11.6891,1,4.9889,1.0,wave,UNKNOWN,UNKNOWN,0.25,0,60.294
399,11.7054,1,4.9925,1.0,wave,UNKNOWN,UNKNOWN,0.25,0,62.166
400,11.7178,1,4.9926,1.0,wave,UNKNOWN,UNKNOWN,0.25,0,63.507
401,11.7311,1,4.9924,1.0,wave,UNKNOWN,UNKNOWN,0.2667,1,63.756
402,11.7834,1,4.9913,1.0,wave,UNKNOWN,UNKNOWN,0.2667,0,59.356
403,11.7974,1,4.9916,1.0,wave,UNKNOWN,UNKNOWN,0.2667,0,59.343
404,11.8137,1,4.9941,1.0,wave,UNKNOWN,UNKNOWN,0.2667,0,61.068
405,11.8268,1,4.9947,1.0,wave,UNKNOWN,UNKNOWN,0.2667,0,62.952
406,11.8391,1,4.995,1.0,wave,UNKNOWN,UNKNOWN,0.2667,0,61.601
407,11.8602,1,4.9908,1.0,wave,UNKNOWN,UNKNOWN,0.2667,0,62.667
408,11.8735,1,4.9914,1.0,wave,UNKNOWN,UNKNOWN,0.2667,0,60.362
409,11.8988,1,4.9832,1.0,wave,UNKNOWN,UNKNOWN,0.2667,0,60.858
410,11.914,1,4.9983,1.0,wave,UNKNOWN,UNKNOWN,0.2667,0,60.826
411,11.9304,1,4.9899,1.0,wave,UNKNOWN,UNKNOWN,0.2667,0,62.609
412,11.9437,1,4.9907,1.0,wave,UNKNOWN,UNKNOWN,0.2667,0,63.865
413,11.9562,1,4.9905,1.0,wave,UNKNOWN,UNKNOWN,0.2667,0,65.111
414,11.9695,1,4.9918,1.0,wave,UNKNOWN,UNKNOWN,0.2667,0,66.143
415,11.9827,1,4.9925,1.0,wave,UNKNOWN,UNKNOWN,0.29,1,66.171
416,12.0355,1,4.9933,1.0,wave,UNKNOWN,UNKNOWN,0.29,0,61.414
417,12.0516,1,4.9969,1.0,wave,UNKNOWN,UNKNOWN,0.29,0,62.473
418,12.0658,1,4.9974,1.0,wave,UNKNOWN,UNKNOWN,0.29,0,63.854
419,12.0789,1,4.9972,1.0,wave,UNKNOWN,UNKNOWN,0.29,0,64.694
420,12.0925,1,4.9986,1.0,wave,UNKNOWN,UNKNOWN,0.29,0,65.783
421,12.1056,1,4.9993,1.0,wave,UNKNOWN,UNKNOWN,0.29,0,66.282
422,12.1198,1,4.987,1.0,wave,UNKNOWN,UNKNOWN,0.29,0,66.6
423,12.1342,1,4.9897,1.0,wave,UNKNOWN,UNKNOWN,0.29,0,67.025
424,12.1494,1,4.9926,1.0,wave,UNKNOWN,UNKNOWN,0.29,0,67.743
425,12.1621,1,4.9922,1.0,wave,UNKNOWN,UNKNOWN,0.29,0,68.502
426,12.175,1,4.9915,1.0,wave,UNKNOWN,UNKNOWN,0.29,0,69.007
427,12.1886,1,4.9917,1.0,wave,UNKNOWN,UNKNOWN,0.29,0,69.025
428,12.2031,1,4.9938,1.0,wave,UNKNOWN,UNKNOWN,0.29,0,68.833
429,12.2181,1,4.9957,1.0,wave,UNKNOWN,UNKNOWN,0.29,0,67.735
430,12.2353,1,4.9885,1.0,wave,UNKNOWN,UNKNOWN,0.2933,1,68.721
431,12.2848,1,5.0,1.0,wave,UNKNOWN,UNKNOWN,0.2933,0,63.777
432,12.3001,1,4.9906,1.0,wave,UNKNOWN,UNKNOWN,0.2933,0,64.797
433,12.3135,1,4.9912,1.0,wave,UNKNOWN,UNKNOWN,0.2933,0,65.879
434,12.3267,1,4.9909,1.0,wave,UNKNOWN,UNKNOWN,0.2933,0,66.637
435,12.3404,1,4.9918,1.0,wave,UNKNOWN,UNKNOWN,0.2933,0,66.617
436,12.3555,1,4.995,1.0,wave,UNKNOWN,UNKNOWN,0.2933,0,66.817
437,12.37,1,4.9973,1.0,wave,UNKNOWN,UNKNOWN,0.2933,0,68.053
438,12.3832,1,4.9979,1.0,wave,UNKNOWN,UNKNOWN,0.2933,0,68.705
439,12.3962,1,4.9979,1.0,wave,UNKNOWN,UNKNOWN,0.2933,0,68.723
440,12.4108,1,4.9887,1.0,wave,UNKNOWN,UNKNOWN,0.2933,0,69.19
441,12.4242,1,4.9894,1.0,wave,UNKNOWN,UNKNOWN,0.2933,0,69.226
442,12.4385,1,4.9909,1.0,wave,UNKNOWN,UNKNOWN,0.2933,0,69.41
443,12.4526,1,4.9932,1.0,wave,UNKNOWN,UNKNOWN,0.2933,0,70.298
444,12.4654,1,4.994,1.0,wave,UNKNOWN,UNKNOWN,0.2933,0,71.108
445,12.4781,1,4.9938,1.0,wave,UNKNOWN,UNKNOWN,0.2933,0,71.328
446,12.4918,1,4.9949,1.0,wave,UNKNOWN,UNKNOWN,0.3067,1,71.208
447,12.5492,1,4.9933,1.0,wave,UNKNOWN,UNKNOWN,0.3067,0,65.861
448,12.5627,1,4.9944,1.0,wave,UNKNOWN,UNKNOWN,0.3067,0,66.052
449,12.5774,1,4.9959,1.0,wave,UNKNOWN,UNKNOWN,0.3067,0,66.9
450,12.5908,1,4.9979,1.0,wave,UNKNOWN,UNKNOWN,0.3067,0,66.204
451,12.6075,1,4.991,1.0,wave,UNKNOWN,UNKNOWN,0.3067,0,66.851
452,12.6211,1,4.9916,1.0,wave,UNKNOWN,UNKNOWN,0.3067,0,66.743
453,12.637,1,4.9961,1.0,wave,UNKNOWN,UNKNOWN,0.3067,0,67.538
454,12.6496,1,4.9972,1.0,wave,UNKNOWN,UNKNOWN,0.3067,0,67.08
455,12.6657,1,4.9822,1.0,wave,UNKNOWN,UNKNOWN,0.3067,0,67.289
456,12.6799,1,4.9964,1.0,wave,UNKNOWN,UNKNOWN,0.3067,0,68.091
457,12.6937,1,4.9894,1.0,wave,UNKNOWN,UNKNOWN,0.3067,0,68.57
458,12.707,1,4.9909,1.0,wave,UNKNOWN,UNKNOWN,0.3067,0,69.432
459,12.7205,1,4.992,1.0,wave,UNKNOWN,UNKNOWN,0.3067,0,66.883
460,12.7437,1,4.9843,1.0,wave,UNKNOWN,UNKNOWN,0.3,1,67.0
461,12.795,1,4.9997,1.0,wave,UNKNOWN,UNKNOWN,0.3,0,62.178
462,12.8108,1,4.9962,1.0,wave,UNKNOWN,UNKNOWN,0.3,0,63.142
463,12.8254,1,4.9984,1.0,wave,UNKNOWN,UNKNOWN,0.3,0,63.57
464,12.8399,1,4.9887,1.0,wave,UNKNOWN,UNKNOWN,0.3,0,64.74
465,12.8529,1,4.9895,1.0,wave,UNKNOWN,UNKNOWN,0.3,0,65.919
466,12.8657,1,4.9911,1.0,wave,UNKNOWN,UNKNOWN,0.3,0,65.666
467,12.8816,1,4.9951,1.0,wave,UNKNOWN,UNKNOWN,0.3,0,66.087
468,12.8958,1,4.9968,1.0,wave,UNKNOWN,UNKNOWN,0.3,0,66.224
469,12.9107,1,4.9882,1.0,wave,UNKNOWN,UNKNOWN,0.3,0,66.886
470,12.9251,1,4.99,1.0,wave,UNKNOWN,UNKNOWN,0.3,0,67.808
471,12.9381,1,4.99,1.0,wave,UNKNOWN,UNKNOWN,0.3,0,68.285
472,12.9513,1,4.9914,1.0,wave,UNKNOWN,UNKNOWN,0.3,0,66.951
473,12.9698,1,4.9981,1.0,wave,UNKNOWN,UNKNOWN,0.3,0,67.411
474,12.9835,1,4.9999,1.0,wave,UNKNOWN,UNKNOWN,0.3,0,67.709
475,12.9978,1,4.9963,1.0,wave,UNKNOWN,UNKNOWN,0.2733,1,67.691
476,13.061,1,4.9972,1.0,wave,UNKNOWN,UNKNOWN,0.2733,0,62.336
477,13.0832,1,4.9962,1.0,wave,UNKNOWN,UNKNOWN,0.2733,0,63.24
478,13.0973,1,4.9979,1.0,wave,UNKNOWN,UNKNOWN,0.2733,0,63.739
479,13.1119,1,4.9811,1.0,wave,UNKNOWN,UNKNOWN,0.2733,0,64.681
480,13.1261,1,4.9953,1.0,wave,UNKNOWN,UNKNOWN,0.2733,0,65.588
481,13.1392,1,4.9963,1.0,wave,UNKNOWN,UNKNOWN,0.2733,0,64.71
482,13.1573,1,4.9907,1.0,wave,UNKNOWN,UNKNOWN,0.2733,0,65.115
483,13.1713,1,4.9925,1.0,wave,UNKNOWN,UNKNOWN,0.2733,0,65.579
484,13.1857,1,4.9956,1.0,wave,UNKNOWN,UNKNOWN,0.2733,0,65.974
485,13.2003,1,4.9975,1.0,wave,UNKNOWN,UNKNOWN,0.2733,0,65.415
486,13.2166,1,4.9876,1.0,wave,UNKNOWN,UNKNOWN,0.2733,0,65.587
487,13.245,1,4.992,1.0,wave,UNKNOWN,UNKNOWN,0.2733,0,62.793
488,13.2591,1,4.994,1.0,wave,UNKNOWN,UNKNOWN,0.27,1,63.629
489,13.3122,1,4.9975,1.0,wave,UNKNOWN,UNKNOWN,0.27,0,59.083
490,13.3272,1,4.9995,1.0,wave,UNKNOWN,UNKNOWN,0.27,0,60.82
491,13.34,1,4.9884,1.0,wave,UNKNOWN,UNKNOWN,0.27,0,60.007
492,13.3594,1,4.996,1.0,wave,UNKNOWN,UNKNOWN,0.27,0,61.181
493,13.373,1,4.9974,1.0,wave,UNKNOWN,UNKNOWN,0.27,0,61.719
494,13.3881,1,4.9887,1.0,wave,UNKNOWN,UNKNOWN,0.27,0,62.959
495,13.4016,1,4.9903,1.0,wave,UNKNOWN,UNKNOWN,0.27,0,64.793
496,13.414,1,4.9914,1.0,wave,UNKNOWN,UNKNOWN,0.27,0,65.486
497,13.428,1,4.9938,1.0,wave,UNKNOWN,UNKNOWN,0.27,0,66.689
498,13.4407,1,4.9937,1.0,wave,UNKNOWN,UNKNOWN,0.27,0,66.186
499,13.457,1,4.9972,1.0,wave,UNKNOWN,UNKNOWN,0.27,0,66.667
500,13.4714,1,4.9997,1.0,wave,UNKNOWN,UNKNOWN,0.27,0,66.904
501,13.4857,1,4.9909,1.0,wave,UNKNOWN,UNKNOWN,0.27,0,65.525
502,13.505,1,4.9985,1.0,wave,UNKNOWN,UNKNOWN,0.27,0,65.557
503,13.5201,1,4.9932,1.0,wave,UNKNOWN,UNKNOWN,0.2733,1,66.169
504,13.5749,1,4.9912,1.0,wave,UNKNOWN,UNKNOWN,0.2733,0,61.345
505,13.5896,1,4.9934,1.0,wave,UNKNOWN,UNKNOWN,0.2733,0,62.077
506,13.6043,1,4.9947,1.0,wave,UNKNOWN,UNKNOWN,0.2733,0,61.492
507,13.6224,1,4.9892,1.0,wave,UNKNOWN,UNKNOWN,0.2733,0,61.734
508,13.6376,1,4.9922,1.0,wave,UNKNOWN,UNKNOWN,0.2733,0,63.041
509,13.6524,1,4.9944,1.0,wave,UNKNOWN,UNKNOWN,0.2733,0,63.438
510,13.666,1,4.9962,1.0,wave,UNKNOWN,UNKNOWN,0.2733,0,64.505
511,13.6791,1,4.9972,1.0,wave,UNKNOWN,UNKNOWN,0.2733,0,65.187
512,13.6932,1,4.9984,1.0,wave,UNKNOWN,UNKNOWN,0.2733,0,65.493
513,13.708,1,4.9893,1.0,wave,UNKNOWN,UNKNOWN,0.2733,0,65.584
514,13.723,1,4.991,1.0,wave,UNKNOWN,UNKNOWN,0.2733,0,65.872
515,13.7374,1,4.9931,1.0,wave,UNKNOWN,UNKNOWN,0.2733,0,65.637
516,13.7531,1,4.9965,1.0,wave,UNKNOWN,UNKNOWN,0.2733,0,66.922
517,13.766,1,4.9978,1.0,wave,UNKNOWN,UNKNOWN,0.2733,0,67.755
518,13.7794,1,4.9996,1.0,wave,UNKNOWN,UNKNOWN,0.3133,1,68.195
519,13.8317,1,4.9963,1.0,wave,UNKNOWN,UNKNOWN,0.3133,0,63.255
520,13.8462,1,4.9899,1.0,wave,UNKNOWN,UNKNOWN,0.3133,0,64.433
521,13.8604,1,4.992,1.0,wave,UNKNOWN,UNKNOWN,0.3133,0,64.499
522,13.8754,1,4.9943,1.0,wave,UNKNOWN,UNKNOWN,0.3133,0,65.071
523,13.8893,1,4.9928,1.0,wave,UNKNOWN,UNKNOWN,0.3133,0,66.446
524,13.9022,1,4.9928,1.0,wave,UNKNOWN,UNKNOWN,0.3133,0,67.256
525,13.9151,1,4.9944,1.0,wave,UNKNOWN,UNKNOWN,0.3133,0,68.132
526,13.9282,1,4.9957,1.0,wave,UNKNOWN,UNKNOWN,0.3133,0,69.087
527,13.9414,1,4.9966,1.0,wave,UNKNOWN,UNKNOWN,0.3133,0,69.031
528,13.9567,1,4.9892,1.0,wave,UNKNOWN,UNKNOWN,0.3133,0,69.556
529,13.97,1,4.9907,1.0,wave,UNKNOWN,UNKNOWN,0.3133,0,70.052
530,13.9826,1,4.9904,1.0,wave,UNKNOWN,UNKNOWN,0.3133,0,70.521
531,13.996,1,4.9922,1.0,wave,UNKNOWN,UNKNOWN,0.3133,0,70.175
532,14.0111,1,4.9954,1.0,wave,UNKNOWN,UNKNOWN,0.3133,0,70.227
533,14.0252,1,4.9974,1.0,wave,UNKNOWN,UNKNOWN,0.3133,0,71.096
534,14.0382,1,4.9973,1.0,wave,UNKNOWN,UNKNOWN,0.3167,1,70.606
535,14.0938,1,4.993,1.0,wave,UNKNOWN,UNKNOWN,0.3167,0,65.341
536,14.1089,1,4.9876,1.0,wave,UNKNOWN,UNKNOWN,0.3167,0,66.46
537,14.1222,1,4.989,1.0,wave,UNKNOWN,UNKNOWN,0.3167,0,67.313
538,14.135,1,4.9822,1.0,wave,UNKNOWN,UNKNOWN,0.3167,0,64.907
539,14.1586,1,4.9938,1.0,wave,UNKNOWN,UNKNOWN,0.3167,0,65.924
540,14.1727,1,4.9964,1.0,wave,UNKNOWN,UNKNOWN,0.3167,0,66.528
541,14.186,1,4.9961,1.0,wave,UNKNOWN,UNKNOWN,0.3167,0,67.234
542,14.1994,1,4.9976,1.0,wave,UNKNOWN,UNKNOWN,0.3167,0,67.359
543,14.214,1,4.9882,1.0,wave,UNKNOWN,UNKNOWN,0.3167,0,65.68
544,14.2339,1,4.9965,1.0,wave,UNKNOWN,UNKNOWN,0.3167,0,63.582
545,14.2569,1,4.988,1.0,wave,UNKNOWN,UNKNOWN,0.3167,0,64.489
546,14.2702,1,4.9891,1.0,wave,UNKNOWN,UNKNOWN,0.3167,0,65.407
547,14.2833,1,4.9899,1.0,wave,UNKNOWN,UNKNOWN,0.3167,0,65.662
548,14.2979,1,4.9921,1.0,wave,UNKNOWN,UNKNOWN,0.31,1,65.815
549,14.3514,1,4.9959,1.0,wave,UNKNOWN,UNKNOWN,0.31,0,61.137
550,14.3655,1,4.9985,1.0,wave,UNKNOWN,UNKNOWN,0.31,0,61.47
551,14.3811,1,4.9894,1.0,wave,UNKNOWN,UNKNOWN,0.31,0,61.809
552,14.3961,1,4.9917,1.0,wave,UNKNOWN,UNKNOWN,0.31,0,62.372
553,14.4109,1,4.9945,1.0,wave,UNKNOWN,UNKNOWN,0.31,0,63.948
554,14.4245,1,4.9952,1.0,wave,UNKNOWN,UNKNOWN,0.31,0,65.033
555,14.4381,1,4.997,1.0,wave,UNKNOWN,UNKNOWN,0.31,0,65.489
556,14.4519,1,4.9991,1.0,wave,UNKNOWN,UNKNOWN,0.31,0,65.924
557,14.4657,1,4.9875,1.0,wave,UNKNOWN,UNKNOWN,0.31,0,66.617
558,14.4796,1,4.9884,1.0,wave,UNKNOWN,UNKNOWN,0.31,0,67.354
559,14.4943,1,4.9919,1.0,wave,UNKNOWN,UNKNOWN,0.31,0,67.695
560,14.5074,1,4.9847,1.0,wave,UNKNOWN,UNKNOWN,0.31,0,68.653
561,14.5207,1,4.998,1.0,wave,UNKNOWN,UNKNOWN,0.31,0,69.055
562,14.534,1,4.9999,1.0,wave,UNKNOWN,UNKNOWN,0.31,0,68.904
563,14.5488,1,4.9885,1.0,wave,UNKNOWN,UNKNOWN,0.3133,1,68.151
564,14.6028,1,4.9927,1.0,wave,UNKNOWN,UNKNOWN,0.3133,0,63.272
565,14.6168,1,4.9948,1.0,wave,UNKNOWN,UNKNOWN,0.3133,0,63.573
566,14.6318,1,4.9987,1.0,wave,UNKNOWN,UNKNOWN,0.3133,0,63.552
567,14.6476,1,4.9846,1.0,wave,UNKNOWN,UNKNOWN,0.3133,0,63.195
568,14.6641,1,4.9813,1.0,wave,UNKNOWN,UNKNOWN,0.3133,0,62.499
569,14.6822,1,4.9994,1.0,wave,UNKNOWN,UNKNOWN,0.3133,0,63.05
570,14.697,1,4.9892,1.0,wave,UNKNOWN,UNKNOWN,0.3133,0,64.304
571,14.7111,1,4.9912,1.0,wave,UNKNOWN,UNKNOWN,0.3133,0,64.956
572,14.7244,1,4.9923,1.0,wave,UNKNOWN,UNKNOWN,0.3133,0,65.889
573,14.7376,1,4.9931,1.0,wave,UNKNOWN,UNKNOWN,0.3133,0,66.373
574,14.7521,1,4.9957,1.0,wave,UNKNOWN,UNKNOWN,0.3133,0,66.584
575,14.7664,1,4.9977,1.0,wave,UNKNOWN,UNKNOWN,0.3133,0,65.893
576,14.7832,1,4.9899,1.0,wave,UNKNOWN,UNKNOWN,0.3133,0,66.093
577,14.7978,1,4.9915,1.0,wave,UNKNOWN,UNKNOWN,0.3133,0,66.555
578,14.8122,1,4.9945,1.0,wave,UNKNOWN,UNKNOWN,0.3033,1,64.25
579,14.8724,1,4.9863,1.0,wave,UNKNOWN,UNKNOWN,0.3033,0,59.734
580,14.8873,1,4.9892,1.0,wave,UNKNOWN,UNKNOWN,0.3033,0,58.108
581,14.9106,1,4.9986,1.0,wave,UNKNOWN,UNKNOWN,0.3033,0,59.725
582,14.9238,1,4.9988,1.0,wave,UNKNOWN,UNKNOWN,0.3033,0,58.742
583,14.9438,1,4.9984,1.0,wave,UNKNOWN,UNKNOWN,0.3033,0,60.494
584,14.9569,1,4.9989,1.0,wave,UNKNOWN,UNKNOWN,0.3033,0,61.705
585,14.9708,1,4.9999,1.0,wave,UNKNOWN,UNKNOWN,0.3033,0,62.498
586,14.9849,1,4.99,1.0,wave,UNKNOWN,UNKNOWN,0.3033,0,64.327
587,14.9985,1,4.9904,1.0,wave,UNKNOWN,UNKNOWN,0.3033,0,65.157
588,15.011,1,4.9898,1.0,wave,UNKNOWN,UNKNOWN,0.3033,0,66.668
589,15.0234,1,4.9825,1.0,wave,UNKNOWN,UNKNOWN,0.3033,0,67.429
590,15.037,1,4.9961,1.0,wave,UNKNOWN,UNKNOWN,0.3033,0,67.748
591,15.0514,1,4.9939,1.0,wave,UNKNOWN,UNKNOWN,0.3033,0,68.884
592,15.0645,1,4.993,1.0,wave,UNKNOWN,UNKNOWN,0.3,1,69.356
593,15.1143,1,4.9911,1.0,wave,UNKNOWN,UNKNOWN,0.3,0,64.425
594,15.1272,1,4.9905,1.0,wave,UNKNOWN,UNKNOWN,0.3,0,65.472
595,15.1406,1,4.9919,1.0,wave,UNKNOWN,UNKNOWN,0.3,0,66.276
596,15.1545,1,4.994,1.0,wave,UNKNOWN,UNKNOWN,0.3,0,66.755
597,15.1683,1,4.9946,1.0,wave,UNKNOWN,UNKNOWN,0.3,0,65.954
598,15.1853,1,4.998,1.0,wave,UNKNOWN,UNKNOWN,0.3,0,67.267
599,15.1986,1,4.9997,1.0,wave,UNKNOWN,UNKNOWN,0.3,0,68.084
600,15.2112,1,4.9453,1.0,wave,UNKNOWN,UNKNOWN,0.3,0,68.337
601,15.2255,1,4.9596,1.0,wave,UNKNOWN,UNKNOWN,0.3,0,68.667
602,15.2395,1,4.9736,1.0,wave,UNKNOWN,UNKNOWN,0.3,0,68.435
603,15.2545,1,4.9886,1.0,wave,UNKNOWN,UNKNOWN,0.3,0,68.71
604,15.2687,1,4.9901,1.0,wave,UNKNOWN,UNKNOWN,0.3,0,69.479
605,15.2816,1,4.9905,1.0,wave,UNKNOWN,UNKNOWN,0.3,0,70.425
606,15.2944,1,4.9907,1.0,wave,UNKNOWN,UNKNOWN,0.3,0,70.767
607,15.3081,1,4.9912,1.0,wave,UNKNOWN,UNKNOWN,0.3,0,69.683
608,15.3251,1,4.9946,1.0,wave,UNKNOWN,UNKNOWN,0.3,1,69.806
609,15.3791,1,4.9982,1.0,wave,UNKNOWN,UNKNOWN,0.3,0,64.623
610,15.3942,1,4.9883,1.0,wave,UNKNOWN,UNKNOWN,0.3,0,65.797
611,15.408,1,4.9893,1.0,wave,UNKNOWN,UNKNOWN,0.3,0,66.371
612,15.4214,1,4.984,1.0,wave,UNKNOWN,UNKNOWN,0.3,0,67.637
613,15.4339,1,4.9965,1.0,wave,UNKNOWN,UNKNOWN,0.3,0,68.804
614,15.4466,1,4.9966,1.0,wave,UNKNOWN,UNKNOWN,0.3,0,69.19
615,15.4602,1,4.96,1.0,wave,UNKNOWN,UNKNOWN,0.3,0,70.195
616,15.4737,1,4.9735,1.0,wave,UNKNOWN,UNKNOWN,0.3,0,67.937
617,15.494,1,4.9937,1.0,wave,UNKNOWN,UNKNOWN,0.3,0,68.621
618,15.5072,1,4.9929,1.0,wave,UNKNOWN,UNKNOWN,0.3,0,69.013
619,15.5221,1,4.9956,1.0,wave,UNKNOWN,UNKNOWN,0.3,0,69.514
620,15.5345,1,4.9926,1.0,wave,UNKNOWN,UNKNOWN,0.3,0,70.618
621,15.5468,1,4.9905,1.0,wave,UNKNOWN,UNKNOWN,0.3,0,68.592
622,15.5671,1,4.9963,1.0,wave,UNKNOWN,UNKNOWN,0.3,0,69.67
623,15.5793,1,4.9945,1.0,wave,UNKNOWN,UNKNOWN,0.27,1,69.25
624,15.6324,1,4.9931,1.0,wave,UNKNOWN,UNKNOWN,0.27,0,64.278
625,15.646,1,4.9925,1.0,wave,UNKNOWN,UNKNOWN,0.27,0,65.301
626,15.6598,1,4.9935,1.0,wave,UNKNOWN,UNKNOWN,0.27,0,65.825
627,15.6738,1,4.995,1.0,wave,UNKNOWN,UNKNOWN,0.27,0,66.049
628,15.6881,1,4.9966,1.0,wave,UNKNOWN,UNKNOWN,0.27,0,67.318
629,15.7009,1,4.9958,1.0,wave,UNKNOWN,UNKNOWN,0.27,0,67.657
630,15.7152,1,4.9577,1.0,wave,UNKNOWN,UNKNOWN,0.27,0,65.571
631,15.7366,1,4.979,1.0,wave,UNKNOWN,UNKNOWN,0.27,0,66.813
632,15.7492,1,4.9917,1.0,wave,UNKNOWN,UNKNOWN,0.27,0,67.036
633,15.7637,1,4.9917,1.0,wave,UNKNOWN,UNKNOWN,0.27,0,67.81
634,15.7771,1,4.9924,1.0,wave,UNKNOWN,UNKNOWN,0.27,0,68.719
635,15.7904,1,4.9919,1.0,wave,UNKNOWN,UNKNOWN,0.27,0,69.385
636,15.8037,1,4.9929,1.0,wave,UNKNOWN,UNKNOWN,0.27,0,70.287
637,15.8161,1,4.9924,1.0,wave,UNKNOWN,UNKNOWN,0.27,0,68.074
638,15.8376,1,4.9977,1.0,wave,UNKNOWN,UNKNOWN,0.29,1,68.497
639,15.8887,1,4.9952,1.0,wave,UNKNOWN,UNKNOWN,0.29,0,63.595
640,15.9028,1,4.9967,1.0,wave,UNKNOWN,UNKNOWN,0.29,0,64.036
641,15.9175,1,4.9972,1.0,wave,UNKNOWN,UNKNOWN,0.29,0,65.154
642,15.9302,1,4.9962,1.0,wave,UNKNOWN,UNKNOWN,0.29,0,66.436
643,15.9431,1,4.9971,1.0,wave,UNKNOWN,UNKNOWN,0.29,0,66.986
644,15.9568,1,4.9979,1.0,wave,UNKNOWN,UNKNOWN,0.29,0,67.667
645,15.9709,1,4.9627,1.0,wave,UNKNOWN,UNKNOWN,0.29,0,67.664
646,15.9855,1,4.9774,1.0,wave,UNKNOWN,UNKNOWN,0.29,0,68.418
647,15.9986,1,4.9904,1.0,wave,UNKNOWN,UNKNOWN,0.29,0,69.228
648,16.0114,1,4.99,1.0,wave,UNKNOWN,UNKNOWN,0.29,0,69.94
649,16.0247,1,4.9904,1.0,wave,UNKNOWN,UNKNOWN,0.29,0,70.787
650,16.0373,1,4.9903,1.0,wave,UNKNOWN,UNKNOWN,0.29,0,68.245
651,16.0595,1,4.9999,1.0,wave,UNKNOWN,UNKNOWN,0.29,0,69.088
652,16.073,1,4.9988,1.0,wave,UNKNOWN,UNKNOWN,0.29,0,69.261
653,16.0868,1,4.9989,1.0,wave,UNKNOWN,UNKNOWN,0.29,0,68.961
654,16.1019,1,4.9889,1.0,wave,UNKNOWN,UNKNOWN,0.3267,1,68.991
655,16.1538,1,4.9948,1.0,wave,UNKNOWN,UNKNOWN,0.3267,0,64.01
656,16.1682,1,4.9941,1.0,wave,UNKNOWN,UNKNOWN,0.3267,0,62.403
657,16.1899,1,4.9879,1.0,wave,UNKNOWN,UNKNOWN,0.3267,0,60.904
658,16.2104,1,4.9937,1.0,wave,UNKNOWN,UNKNOWN,0.3267,0,62.651
659,16.223,1,4.9542,1.0,wave,UNKNOWN,UNKNOWN,0.3267,0,63.739
660,16.2366,1,4.9677,1.0,wave,UNKNOWN,UNKNOWN,0.3267,0,63.804
661,16.252,1,4.9832,1.0,wave,UNKNOWN,UNKNOWN,0.3267,0,62.277
662,16.2731,1,4.9897,1.0,wave,UNKNOWN,UNKNOWN,0.3267,0,60.582
663,16.2958,1,4.9973,1.0,wave,UNKNOWN,UNKNOWN,0.3267,0,59.974
664,16.3131,1,4.9876,1.0,wave,UNKNOWN,UNKNOWN,0.3267,0,61.327
665,16.3268,1,4.9869,1.0,wave,UNKNOWN,UNKNOWN,0.3267,0,63.087
666,16.3392,1,4.9994,1.0,wave,UNKNOWN,UNKNOWN,0.3267,0,64.668
667,16.352,1,4.9958,1.0,wave,UNKNOWN,UNKNOWN,0.2967,1,65.283
668,16.4032,1,5.0,1.0,wave,UNKNOWN,UNKNOWN,0.2967,0,60.704
669,16.4179,1,4.9894,1.0,wave,UNKNOWN,UNKNOWN,0.2967,0,60.304
670,16.4354,1,4.9929,1.0,wave,UNKNOWN,UNKNOWN,0.2967,0,61.151
671,16.4498,1,4.9935,1.0,wave,UNKNOWN,UNKNOWN,0.2967,0,62.575
672,16.4632,1,4.9892,1.0,wave,UNKNOWN,UNKNOWN,0.2967,0,64.278
673,16.4752,1,4.9416,1.0,wave,UNKNOWN,UNKNOWN,0.2967,0,65.862
674,16.4878,1,4.9541,1.0,wave,UNKNOWN,UNKNOWN,0.2967,0,67.12
675,16.5005,1,4.9669,1.0,wave,UNKNOWN,UNKNOWN,0.2967,0,68.049
676,16.5145,1,4.9809,1.0,wave,UNKNOWN,UNKNOWN,0.2967,0,66.681
677,16.5323,1,4.9987,1.0,wave,UNKNOWN,UNKNOWN,0.2967,0,68.057
678,16.5446,1,4.9965,1.0,wave,UNKNOWN,UNKNOWN,0.2967,0,65.895
679,16.5667,1,4.9833,1.0,wave,UNKNOWN,UNKNOWN,0.2967,0,66.17
680,16.5809,1,4.9975,1.0,wave,UNKNOWN,UNKNOWN,0.2967,0,66.768
681,16.5947,1,4.9977,1.0,wave,UNKNOWN,UNKNOWN,0.2967,0,67.899
682,16.6073,1,4.9962,1.0,wave,UNKNOWN,UNKNOWN,0.2767,1,69.074
683,16.6673,1,4.993,1.0,wave,UNKNOWN,UNKNOWN,0.2767,0,63.79
684,16.6816,1,4.9925,1.0,wave,UNKNOWN,UNKNOWN,0.2767,0,65.011
685,16.6948,1,4.9893,1.0,wave,UNKNOWN,UNKNOWN,0.2767,0,66.523
686,16.7072,1,4.9894,1.0,wave,UNKNOWN,UNKNOWN,0.2767,0,67.597
687,16.7201,1,4.989,1.0,wave,UNKNOWN,UNKNOWN,0.2767,0,67.344
688,16.7357,1,4.9524,1.0,wave,UNKNOWN,UNKNOWN,0.2767,0,67.316
689,16.7506,1,4.9672,1.0,wave,UNKNOWN,UNKNOWN,0.2767,0,66.761
690,16.7666,1,4.9832,1.0,wave,UNKNOWN,UNKNOWN,0.2767,0,66.713
691,16.7818,1,4.9985,1.0,wave,UNKNOWN,UNKNOWN,0.2767,0,67.741
692,16.7959,1,4.9986,1.0,wave,UNKNOWN,UNKNOWN,0.2767,0,68.166
693,16.8086,1,4.995,1.0,wave,UNKNOWN,UNKNOWN,0.2767,0,69.264
694,16.8213,1,4.9945,1.0,wave,UNKNOWN,UNKNOWN,0.2767,0,69.554
695,16.8349,1,4.9958,1.0,wave,UNKNOWN,UNKNOWN,0.2767,0,69.74
696,16.8491,1,4.9889,1.0,wave,UNKNOWN,UNKNOWN,0.2767,0,70.586
697,16.863,1,4.9895,1.0,wave,UNKNOWN,UNKNOWN,0.28,1,70.796
698,16.9187,1,4.9882,1.0,wave,UNKNOWN,UNKNOWN,0.28,0,65.453
699,16.9331,1,4.9894,1.0,wave,UNKNOWN,UNKNOWN,0.28,0,67.087
700,16.9456,1,4.9893,1.0,wave,UNKNOWN,UNKNOWN,0.28,0,67.457
701,16.9597,1,4.9902,1.0,wave,UNKNOWN,UNKNOWN,0.28,0,68.532
702,16.9723,1,4.9895,1.0,wave,UNKNOWN,UNKNOWN,0.28,0,68.636
703,16.9868,1,4.9513,1.0,wave,UNKNOWN,UNKNOWN,0.28,0,68.057
704,17.0028,1,4.9673,1.0,wave,UNKNOWN,UNKNOWN,0.28,0,68.26
705,17.0168,1,4.9813,1.0,wave,UNKNOWN,UNKNOWN,0.28,0,68.521
706,17.031,1,4.9955,1.0,wave,UNKNOWN,UNKNOWN,0.28,0,69.778
707,17.0433,1,4.9917,1.0,wave,UNKNOWN,UNKNOWN,0.28,0,70.583
708,17.0561,1,4.9904,1.0,wave,UNKNOWN,UNKNOWN,0.28,0,71.074
709,17.0695,1,4.9906,1.0,wave,UNKNOWN,UNKNOWN,0.28,0,70.978
710,17.0836,1,4.9911,1.0,wave,UNKNOWN,UNKNOWN,0.28,0,71.546
711,17.0976,1,4.9919,1.0,wave,UNKNOWN,UNKNOWN,0.28,0,71.928
712,17.11,1,4.9902,1.0,wave,UNKNOWN,UNKNOWN,0.28,0,69.313
713,17.1321,1,4.9978,1.0,wave,UNKNOWN,UNKNOWN,0.2967,1,69.58
714,17.1834,1,4.9948,1.0,wave,UNKNOWN,UNKNOWN,0.2967,0,64.5
715,17.1991,1,4.996,1.0,wave,UNKNOWN,UNKNOWN,0.2967,0,65.379
716,17.213,1,4.9949,1.0,wave,UNKNOWN,UNKNOWN,0.2967,0,66.52
717,17.2255,1,4.9903,1.0,wave,UNKNOWN,UNKNOWN,0.2967,0,67.106
718,17.2394,1,4.9546,1.0,wave,UNKNOWN,UNKNOWN,0.2967,0,67.572
719,17.2534,1,4.9686,1.0,wave,UNKNOWN,UNKNOWN,0.2967,0,68.019
720,17.2672,1,4.9824,1.0,wave,UNKNOWN,UNKNOWN,0.2967,0,69.488
721,17.2793,1,4.9945,1.0,wave,UNKNOWN,UNKNOWN,0.2967,0,70.792
722,17.2915,1,4.9914,1.0,wave,UNKNOWN,UNKNOWN,0.2967,0,71.001
723,17.3052,1,4.9916,1.0,wave,UNKNOWN,UNKNOWN,0.2967,0,71.174
724,17.3189,1,4.9922,1.0,wave,UNKNOWN,UNKNOWN,0.2967,0,70.865
725,17.3336,1,4.9932,1.0,wave,UNKNOWN,UNKNOWN,0.2967,0,71.654
726,17.3465,1,4.991,1.0,wave,UNKNOWN,UNKNOWN,0.2967,0,72.152
727,17.3593,1,4.9892,1.0,wave,UNKNOWN,UNKNOWN,0.2967,0,72.735
728,17.3723,1,4.9891,1.0,wave,UNKNOWN,UNKNOWN,0.2967,0,70.776
729,17.3913,1,4.9951,1.0,wave,UNKNOWN,UNKNOWN,0.3167,1,71.011
730,17.4426,1,4.99,1.0,wave,UNKNOWN,UNKNOWN,0.3167,0,65.772
731,17.4586,1,4.9932,1.0,wave,UNKNOWN,UNKNOWN,0.3167,0,66.86
732,17.472,1,4.9939,1.0,wave,UNKNOWN,UNKNOWN,0.3167,0,67.446
733,17.4855,1,4.9938,1.0,wave,UNKNOWN,UNKNOWN,0.3167,0,68.435
734,17.4989,1,4.9497,1.0,wave,UNKNOWN,UNKNOWN,0.3167,0,68.895
735,17.5121,1,4.9629,1.0,wave,UNKNOWN,UNKNOWN,0.3167,0,69.215
736,17.5259,1,4.9767,1.0,wave,UNKNOWN,UNKNOWN,0.3167,0,69.214
737,17.5403,1,4.9911,1.0,wave,UNKNOWN,UNKNOWN,0.3167,0,69.49
738,17.5543,1,4.9916,1.0,wave,UNKNOWN,UNKNOWN,0.3167,0,70.124
739,17.5675,1,4.9901,1.0,wave,UNKNOWN,UNKNOWN,0.3167,0,70.95
740,17.5799,1,4.9891,1.0,wave,UNKNOWN,UNKNOWN,0.3167,0,71.554
741,17.5929,1,4.9854,1.0,wave,UNKNOWN,UNKNOWN,0.3167,0,71.621
742,17.6068,1,4.9993,1.0,wave,UNKNOWN,UNKNOWN,0.3167,0,71.977
743,17.62,1,4.9989,1.0,wave,UNKNOWN,UNKNOWN,0.3167,0,72.727
744,17.6331,1,4.9961,1.0,wave,UNKNOWN,UNKNOWN,0.3167,0,73.32
745,17.6453,1,4.9958,1.0,wave,UNKNOWN,UNKNOWN,0.2867,1,72.921
746,17.6988,1,4.9918,1.0,wave,UNKNOWN,UNKNOWN,0.2867,0,67.525
747,17.7126,1,4.9921,1.0,wave,UNKNOWN,UNKNOWN,0.2867,0,68.628
748,17.7254,1,4.9817,1.0,wave,UNKNOWN,UNKNOWN,0.2867,0,68.982
749,17.7392,1,4.9955,1.0,wave,UNKNOWN,UNKNOWN,0.2867,0,69.419
750,17.7527,1,4.9577,1.0,wave,UNKNOWN,UNKNOWN,0.2867,0,70.556
751,17.7652,1,4.9702,1.0,wave,UNKNOWN,UNKNOWN,0.2867,0,70.105
752,17.7804,1,4.9854,1.0,wave,UNKNOWN,UNKNOWN,0.2867,0,70.931
753,17.7939,1,4.9989,1.0,wave,UNKNOWN,UNKNOWN,0.2867,0,70.71
754,17.8077,1,4.9969,1.0,wave,UNKNOWN,UNKNOWN,0.2867,0,71.259
755,17.8207,1,4.9953,1.0,wave,UNKNOWN,UNKNOWN,0.2867,0,71.959
756,17.8337,1,4.9938,1.0,wave,UNKNOWN,UNKNOWN,0.2867,0,72.26
757,17.8468,1,4.9939,1.0,wave,UNKNOWN,UNKNOWN,0.2867,0,71.079
758,17.8641,1,4.9985,1.0,wave,UNKNOWN,UNKNOWN,0.2867,0,69.966
759,17.8802,1,4.9986,1.0,wave,UNKNOWN,UNKNOWN,0.2867,0,70.255
760,17.8938,1,4.998,1.0,wave,UNKNOWN,UNKNOWN,0.2867,0,71.334
761,17.9067,1,4.996,1.0,wave,UNKNOWN,UNKNOWN,0.32,1,71.541
762,17.9579,1,4.9881,1.0,wave,UNKNOWN,UNKNOWN,0.32,0,66.299
763,17.972,1,4.9885,1.0,wave,UNKNOWN,UNKNOWN,0.32,0,67.582
764,17.9851,1,4.9874,1.0,wave,UNKNOWN,UNKNOWN,0.32,0,67.412
765,18.0008,1,4.9398,1.0,wave,UNKNOWN,UNKNOWN,0.32,0,68.023
766,18.0139,1,4.9529,1.0,wave,UNKNOWN,UNKNOWN,0.32,0,68.855
767,18.0265,1,4.9655,1.0,wave,UNKNOWN,UNKNOWN,0.32,0,67.716
768,18.0442,1,4.9832,1.0,wave,UNKNOWN,UNKNOWN,0.32,0,67.438
769,18.0594,1,4.9984,1.0,wave,UNKNOWN,UNKNOWN,0.32,0,66.551
770,18.0767,1,4.9934,1.0,wave,UNKNOWN,UNKNOWN,0.32,0,65.189
771,18.0957,1,4.9984,1.0,wave,UNKNOWN,UNKNOWN,0.32,0,66.149
772,18.1087,1,4.9968,1.0,wave,UNKNOWN,UNKNOWN,0.32,0,66.691
773,18.1227,1,4.9966,1.0,wave,UNKNOWN,UNKNOWN,0.32,0,67.928
774,18.1366,1,4.9974,1.0,wave,UNKNOWN,UNKNOWN,0.32,0,68.395
775,18.1493,1,4.992,1.0,wave,UNKNOWN,UNKNOWN,0.32,0,69.324
776,18.1619,1,4.9906,1.0,wave,UNKNOWN,UNKNOWN,0.3033,1,70.128
777,18.2127,1,4.9961,1.0,wave,UNKNOWN,UNKNOWN,0.3033,0,65.048
778,18.2266,1,4.9816,1.0,wave,UNKNOWN,UNKNOWN,0.3033,0,65.317
779,18.2422,1,4.9972,1.0,wave,UNKNOWN,UNKNOWN,0.3033,0,64.577
780,18.2587,1,4.9997,1.0,wave,UNKNOWN,UNKNOWN,0.3033,0,65.461
781,18.2724,1,4.9602,1.0,wave,UNKNOWN,UNKNOWN,0.3033,0,66.913
782,18.2852,1,4.973,1.0,wave,UNKNOWN,UNKNOWN,0.3033,0,66.269
783,18.3017,1,4.9895,1.0,wave,UNKNOWN,UNKNOWN,0.3033,0,67.359
784,18.3145,1,4.9874,1.0,wave,UNKNOWN,UNKNOWN,0.3033,0,67.963
785,18.3283,1,4.9883,1.0,wave,UNKNOWN,UNKNOWN,0.3033,0,68.095
786,18.3426,1,4.9831,1.0,wave,UNKNOWN,UNKNOWN,0.3033,0,68.356
787,18.3567,1,4.9973,1.0,wave,UNKNOWN,UNKNOWN,0.3033,0,69.362
788,18.3703,1,4.9973,1.0,wave,UNKNOWN,UNKNOWN,0.3033,0,68.462
789,18.3868,1,4.9987,1.0,wave,UNKNOWN,UNKNOWN,0.3033,0,68.092
790,18.4015,1,4.9999,1.0,wave,UNKNOWN,UNKNOWN,0.3033,0,68.833
791,18.4144,1,4.9864,1.0,wave,UNKNOWN,UNKNOWN,0.3,1,69.791
792,18.4666,1,4.9953,1.0,wave,UNKNOWN,UNKNOWN,0.3,0,64.567
793,18.4842,1,4.9986,1.0,wave,UNKNOWN,UNKNOWN,0.3,0,65.431
794,18.4981,1,4.9932,1.0,wave,UNKNOWN,UNKNOWN,0.3,0,65.658
795,18.5128,1,4.9928,1.0,wave,UNKNOWN,UNKNOWN,0.3,0,66.198
796,18.527,1,4.9521,1.0,wave,UNKNOWN,UNKNOWN,0.3,0,66.083
797,18.5427,1,4.9678,1.0,wave,UNKNOWN,UNKNOWN,0.3,0,66.698
798,18.5564,1,4.9814,1.0,wave,UNKNOWN,UNKNOWN,0.3,0,67.665
799,18.5693,1,4.9943,1.0,wave,UNKNOWN,UNKNOWN,0.3,0,68.465
800,18.5824,1,4.9928,1.0,wave,UNKNOWN,UNKNOWN,0.3,0,68.2
801,18.5979,1,4.9936,1.0,wave,UNKNOWN,UNKNOWN,0.3,0,66.112
802,18.619,1,4.9965,1.0,wave,UNKNOWN,UNKNOWN,0.3,0,67.095
803,18.6319,1,4.9943,1.0,wave,UNKNOWN,UNKNOWN,0.3,0,65.777
804,18.6507,1,4.9983,1.0,wave,UNKNOWN,UNKNOWN,0.3,0,65.5
805,18.6664,1,4.9872,1.0,wave,UNKNOWN,UNKNOWN,0.2967,1,64.338
806,18.7291,1,4.9917,1.0,wave,UNKNOWN,UNKNOWN,0.2967,0,59.609
807,18.7433,1,4.9902,1.0,wave,UNKNOWN,UNKNOWN,0.2967,0,60.345
808,18.7583,1,4.9923,1.0,wave,UNKNOWN,UNKNOWN,0.2967,0,60.33
809,18.7749,1,4.9955,1.0,wave,UNKNOWN,UNKNOWN,0.2967,0,62.473
810,18.7875,1,4.9557,1.0,wave,UNKNOWN,UNKNOWN,0.2967,0,64.143
811,18.7999,1,4.9682,1.0,wave,UNKNOWN,UNKNOWN,0.2967,0,65.024
812,18.8135,1,4.9817,1.0,wave,UNKNOWN,UNKNOWN,0.2967,0,65.583
813,18.8279,1,4.9962,1.0,wave,UNKNOWN,UNKNOWN,0.2967,0,65.366
814,18.8434,1,4.9972,1.0,wave,UNKNOWN,UNKNOWN,0.2967,0,65.887
815,18.8579,1,4.9975,1.0,wave,UNKNOWN,UNKNOWN,0.2967,0,66.079
816,18.8735,1,4.9981,1.0,wave,UNKNOWN,UNKNOWN,0.2967,0,66.833
817,18.8863,1,4.9971,1.0,wave,UNKNOWN,UNKNOWN,0.2967,0,67.853
818,18.8989,1,4.9967,1.0,wave,UNKNOWN,UNKNOWN,0.2967,0,68.522
819,18.9123,1,4.9972,1.0,wave,UNKNOWN,UNKNOWN,0.2967,0,68.66
820,18.927,1,4.9988,1.0,wave,UNKNOWN,UNKNOWN,0.29,1,67.506
821,18.9803,1,4.9977,1.0,wave,UNKNOWN,UNKNOWN,0.29,0,62.731
822,18.9949,1,4.9989,1.0,wave,UNKNOWN,UNKNOWN,0.29,0,63.559
823,19.0094,1,4.9983,1.0,wave,UNKNOWN,UNKNOWN,0.29,0,64.366
824,19.0231,1,4.9979,1.0,wave,UNKNOWN,UNKNOWN,0.29,0,64.804
825,19.0378,1,4.9996,1.0,wave,UNKNOWN,UNKNOWN,0.29,0,65.857
826,19.0506,1,4.9568,1.0,wave,UNKNOWN,UNKNOWN,0.29,0,66.669
827,19.0642,1,4.9704,1.0,wave,UNKNOWN,UNKNOWN,0.29,0,67.278
828,19.0781,1,4.9843,1.0,wave,UNKNOWN,UNKNOWN,0.29,0,67.443
829,19.0926,1,4.9988,1.0,wave,UNKNOWN,UNKNOWN,0.29,0,68.238
830,19.1065,1,4.9976,1.0,wave,UNKNOWN,UNKNOWN,0.29,0,65.892
831,19.1281,1,4.9931,1.0,wave,UNKNOWN,UNKNOWN,0.29,0,65.454
832,19.1444,1,4.9858,1.0,wave,UNKNOWN,UNKNOWN,0.29,0,65.105
833,19.1606,1,4.9879,1.0,wave,UNKNOWN,UNKNOWN,0.29,0,65.433
834,19.1752,1,4.9892,1.0,wave,UNKNOWN,UNKNOWN,0.29,0,66.895
835,19.1875,1,4.9881,1.0,wave,UNKNOWN,UNKNOWN,0.2767,1,66.686
836,19.24,1,4.983,1.0,wave,UNKNOWN,UNKNOWN,0.2767,0,61.981
837,19.254,1,4.997,1.0,wave,UNKNOWN,UNKNOWN,0.2767,0,60.515
838,19.275,1,4.9916,1.0,wave,UNKNOWN,UNKNOWN,0.2767,0,62.155
839,19.2884,1,4.9905,1.0,wave,UNKNOWN,UNKNOWN,0.2767,0,62.126
840,19.3041,1,4.9528,1.0,wave,UNKNOWN,UNKNOWN,0.2767,0,61.975
841,19.3211,1,4.9698,1.0,wave,UNKNOWN,UNKNOWN,0.2767,0,62.825
842,19.3349,1,4.9835,1.0,wave,UNKNOWN,UNKNOWN,0.2767,0,64.195
843,19.3481,1,4.9967,1.0,wave,UNKNOWN,UNKNOWN,0.2767,0,63.836
844,19.3644,1,4.9989,1.0,wave,UNKNOWN,UNKNOWN,0.2767,0,63.221
845,19.3824,1,4.9863,1.0,wave,UNKNOWN,UNKNOWN,0.2767,0,64.471
846,19.3949,1,4.9987,1.0,wave,UNKNOWN,UNKNOWN,0.2767,0,65.737
847,19.408,1,4.997,1.0,wave,UNKNOWN,UNKNOWN,0.2767,0,65.252
848,19.4243,1,4.9998,1.0,wave,UNKNOWN,UNKNOWN,0.2767,0,66.151
849,19.438,1,4.9999,1.0,wave,UNKNOWN,UNKNOWN,0.31,1,66.937
850,19.4878,1,4.9935,1.0,wave,UNKNOWN,UNKNOWN,0.31,0,62.194
851,19.5028,1,4.9954,1.0,wave,UNKNOWN,UNKNOWN,0.31,0,63.862
852,19.5155,1,4.9948,1.0,wave,UNKNOWN,UNKNOWN,0.31,0,64.768
853,19.5292,1,4.9952,1.0,wave,UNKNOWN,UNKNOWN,0.31,0,65.114
854,19.5439,1,4.9951,1.0,wave,UNKNOWN,UNKNOWN,0.31,0,66.107
855,19.5575,1,4.9547,1.0,wave,UNKNOWN,UNKNOWN,0.31,0,64.601
856,19.577,1,4.9742,1.0,wave,UNKNOWN,UNKNOWN,0.31,0,65.495
857,19.5906,1,4.9879,1.0,wave,UNKNOWN,UNKNOWN,0.31,0,66.045
858,19.6044,1,4.9876,1.0,wave,UNKNOWN,UNKNOWN,0.31,0,66.732
859,19.6181,1,4.9863,1.0,wave,UNKNOWN,UNKNOWN,0.31,0,67.203
860,19.6321,1,4.9845,1.0,wave,UNKNOWN,UNKNOWN,0.31,0,68.388
861,19.645,1,4.9974,1.0,wave,UNKNOWN,UNKNOWN,0.31,0,67.526
862,19.6622,1,4.9981,1.0,wave,UNKNOWN,UNKNOWN,0.31,0,67.634
863,19.676,1,4.9938,1.0,wave,UNKNOWN,UNKNOWN,0.31,0,68.897
864,19.6884,1,4.9914,1.0,wave,UNKNOWN,UNKNOWN,0.2867,1,68.159
865,19.7427,1,4.9906,1.0,wave,UNKNOWN,UNKNOWN,0.2867,0,63.251
866,19.7578,1,4.9914,1.0,wave,UNKNOWN,UNKNOWN,0.2867,0,64.337
867,19.7709,1,4.9877,1.0,wave,UNKNOWN,UNKNOWN,0.2867,0,64.724
868,19.7853,1,4.9875,1.0,wave,UNKNOWN,UNKNOWN,0.2867,0,65.644
869,19.7986,1,4.9864,1.0,wave,UNKNOWN,UNKNOWN,0.2867,0,66.612
870,19.8123,1,4.9399,1.0,wave,UNKNOWN,UNKNOWN,0.2867,0,65.14
871,19.8318,1,4.9594,1.0,wave,UNKNOWN,UNKNOWN,0.2867,0,65.518
872,19.846,1,4.9736,1.0,wave,UNKNOWN,UNKNOWN,0.2867,0,66.711
873,19.8589,1,4.9865,1.0,wave,UNKNOWN,UNKNOWN,0.2867,0,65.759
874,19.8763,1,4.9889,1.0,wave,UNKNOWN,UNKNOWN,0.2867,0,66.874
875,19.8893,1,4.9787,1.0,wave,UNKNOWN,UNKNOWN,0.2867,0,66.405
876,19.9053,1,4.9947,1.0,wave,UNKNOWN,UNKNOWN,0.2867,0,67.845
877,19.9179,1,4.9941,1.0,wave,UNKNOWN,UNKNOWN,0.2867,0,68.6
878,19.9311,1,4.9873,1.0,wave,UNKNOWN,UNKNOWN,0.2867,0,69.061
879,19.9445,1,4.9876,1.0,wave,UNKNOWN,UNKNOWN,0.2833,1,70.049
880,19.9938,1,4.9952,1.0,wave,UNKNOWN,UNKNOWN,0.2833,0,64.974
881,20.01,1,4.999,1.0,wave,UNKNOWN,UNKNOWN,0.2833,0,64.532
882,20.026,1,4.989,1.0,wave,UNKNOWN,UNKNOWN,0.2833,0,65.209
883,20.0395,1,4.9881,1.0,wave,UNKNOWN,UNKNOWN,0.2833,0,66.8
884,20.0518,1,4.9873,1.0,wave,UNKNOWN,UNKNOWN,0.2833,0,67.881
885,20.0649,1,4.9506,1.0,wave,UNKNOWN,UNKNOWN,0.2833,0,68.201
886,20.079,1,4.9647,1.0,wave,UNKNOWN,UNKNOWN,0.2833,0,68.41
887,20.0931,1,4.9788,1.0,wave,UNKNOWN,UNKNOWN,0.2833,0,69.027
888,20.1064,1,4.9921,1.0,wave,UNKNOWN,UNKNOWN,0.2833,0,70.11
889,20.1191,1,4.9919,1.0,wave,UNKNOWN,UNKNOWN,0.2833,0,71.128
890,20.1314,1,4.9908,1.0,wave,UNKNOWN,UNKNOWN,0.2833,0,70.815
891,20.1461,1,4.9917,1.0,wave,UNKNOWN,UNKNOWN,0.2833,0,71.07
892,20.1598,1,4.9915,1.0,wave,UNKNOWN,UNKNOWN,0.2833,0,71.465
893,20.1732,1,4.9879,1.0,wave,UNKNOWN,UNKNOWN,0.2833,0,71.728
894,20.1866,1,4.988,1.0,wave,UNKNOWN,UNKNOWN,0.2833,0,69.336
895,20.2081,1,4.997,1.0,wave,UNKNOWN,UNKNOWN,0.27,1,69.399
896,20.2609,1,4.9922,1.0,wave,UNKNOWN,UNKNOWN,0.27,0,64.184
897,20.2798,1,4.9982,1.0,wave,UNKNOWN,UNKNOWN,0.27,0,64.419
898,20.2948,1,4.9867,1.0,wave,UNKNOWN,UNKNOWN,0.27,0,64.709
899,20.3101,1,4.985,1.0,wave,UNKNOWN,UNKNOWN,0.27,0,64.528
900,20.326,1,4.9469,1.0,wave,UNKNOWN,UNKNOWN,0.27,0,65.01
901,20.3402,1,4.9611,1.0,wave,UNKNOWN,UNKNOWN,0.27,0,66.519
902,20.3526,1,4.9735,1.0,wave,UNKNOWN,UNKNOWN,0.27,0,67.504
903,20.3655,1,4.9865,1.0,wave,UNKNOWN,UNKNOWN,0.27,0,68.602
904,20.3783,1,4.9992,1.0,wave,UNKNOWN,UNKNOWN,0.27,0,69.37
905,20.3917,1,4.9975,1.0,wave,UNKNOWN,UNKNOWN,0.27,0,68.998
906,20.4066,1,4.9986,1.0,wave,UNKNOWN,UNKNOWN,0.27,0,69.251
907,20.4206,1,4.9992,1.0,wave,UNKNOWN,UNKNOWN,0.27,0,70.422
908,20.4334,1,4.9994,1.0,wave,UNKNOWN,UNKNOWN,0.27,0,68.655
909,20.4529,1,4.9927,1.0,wave,UNKNOWN,UNKNOWN,0.27,0,69.205
910,20.4656,1,4.9919,1.0,wave,UNKNOWN,UNKNOWN,0.2733,1,68.537
911,20.5189,1,4.9968,1.0,wave,UNKNOWN,UNKNOWN,0.2733,0,63.657
912,20.5329,1,4.9984,1.0,wave,UNKNOWN,UNKNOWN,0.2733,0,63.681
913,20.5486,1,4.9815,1.0,wave,UNKNOWN,UNKNOWN,0.2733,0,64.408
914,20.562,1,4.9949,1.0,wave,UNKNOWN,UNKNOWN,0.2733,0,64.349
915,20.5775,1,4.9982,1.0,wave,UNKNOWN,UNKNOWN,0.2733,0,65.981
916,20.59,1,4.9576,1.0,wave,UNKNOWN,UNKNOWN,0.2733,0,66.003
917,20.6052,1,4.9729,1.0,wave,UNKNOWN,UNKNOWN,0.2733,0,64.18
918,20.6266,1,4.9942,1.0,wave,UNKNOWN,UNKNOWN,0.2733,0,65.281
919,20.6391,1,4.9931,1.0,wave,UNKNOWN,UNKNOWN,0.2733,0,66.567
920,20.652,1,4.9922,1.0,wave,UNKNOWN,UNKNOWN,0.2733,0,67.143
921,20.666,1,4.9923,1.0,wave,UNKNOWN,UNKNOWN,0.2733,0,67.032
922,20.6811,1,4.9929,1.0,wave,UNKNOWN,UNKNOWN,0.2733,0,68.06
923,20.6942,1,4.9933,1.0,wave,UNKNOWN,UNKNOWN,0.2733,0,69.172
924,20.7074,1,4.9922,1.0,wave,UNKNOWN,UNKNOWN,0.2733,0,69.065
925,20.7214,1,4.9848,1.0,wave,UNKNOWN,UNKNOWN,0.2533,1,69.492
926,20.7724,1,4.9953,1.0,wave,UNKNOWN,UNKNOWN,0.2533,0,64.493
927,20.7866,1,4.9962,1.0,wave,UNKNOWN,UNKNOWN,0.2533,0,64.863
928,20.8017,1,4.998,1.0,wave,UNKNOWN,UNKNOWN,0.2533,0,65.369
929,20.8153,1,4.9991,1.0,wave,UNKNOWN,UNKNOWN,0.2533,0,66.557
930,20.8283,1,4.9907,1.0,wave,UNKNOWN,UNKNOWN,0.2533,0,67.496
931,20.8411,1,4.9524,1.0,wave,UNKNOWN,UNKNOWN,0.2533,0,68.702
932,20.8537,1,4.965,1.0,wave,UNKNOWN,UNKNOWN,0.2533,0,69.955
933,20.8666,1,4.9779,1.0,wave,UNKNOWN,UNKNOWN,0.2533,0,68.915
934,20.8831,1,4.9944,1.0,wave,UNKNOWN,UNKNOWN,0.2533,0,69.443
935,20.8966,1,4.9938,1.0,wave,UNKNOWN,UNKNOWN,0.2533,0,70.507
936,20.9088,1,4.9914,1.0,wave,UNKNOWN,UNKNOWN,0.2533,0,71.145
937,20.922,1,4.9918,1.0,wave,UNKNOWN,UNKNOWN,0.2533,0,71.379
938,20.9356,1,4.9925,1.0,wave,UNKNOWN,UNKNOWN,0.2533,0,70.869
939,20.9507,1,4.9939,1.0,wave,UNKNOWN,UNKNOWN,0.2533,0,69.445
940,20.9684,1,4.9976,1.0,wave,UNKNOWN,UNKNOWN,0.2533,0,70.194
941,20.982,1,4.9964,1.0,wave,UNKNOWN,UNKNOWN,0.2533,1,70.928
942,21.0317,1,4.9944,1.0,wave,UNKNOWN,UNKNOWN,0.2533,0,65.729
943,21.047,1,4.9874,1.0,wave,UNKNOWN,UNKNOWN,0.2533,0,64.495
944,21.0657,1,4.9928,1.0,wave,UNKNOWN,UNKNOWN,0.2533,0,64.952
945,21.0802,1,4.9934,1.0,wave,UNKNOWN,UNKNOWN,0.2533,0,66.008
946,21.0939,1,4.992,1.0,wave,UNKNOWN,UNKNOWN,0.2533,0,64.312
947,21.114,1,4.9602,1.0,wave,UNKNOWN,UNKNOWN,0.2533,0,65.714
948,21.1272,1,4.9734,1.0,wave,UNKNOWN,UNKNOWN,0.2533,0,66.736
949,21.1398,1,4.986,1.0,wave,UNKNOWN,UNKNOWN,0.2533,0,67.603
950,21.1529,1,4.9991,1.0,wave,UNKNOWN,UNKNOWN,0.2533,0,68.339
951,21.1664,1,4.9982,1.0,wave,UNKNOWN,UNKNOWN,0.2533,0,68.804
952,21.1799,1,4.99,1.0,wave,UNKNOWN,UNKNOWN,0.2533,0,70.002
953,21.1927,1,4.9823,1.0,wave,UNKNOWN,UNKNOWN,0.2533,0,70.668
954,21.2054,1,4.995,1.0,wave,UNKNOWN,UNKNOWN,0.2533,0,71.068
955,21.2188,1,4.9958,1.0,wave,UNKNOWN,UNKNOWN,0.2533,0,71.345
956,21.2323,1,4.9958,1.0,wave,UNKNOWN,UNKNOWN,0.25,1,70.803
957,21.2841,1,4.9884,1.0,wave,UNKNOWN,UNKNOWN,0.25,0,65.687
958,21.2986,1,4.9855,1.0,wave,UNKNOWN,UNKNOWN,0.25,0,66.596
959,21.3119,1,4.9988,1.0,wave,UNKNOWN,UNKNOWN,0.25,0,66.223
960,21.3285,1,4.9893,1.0,wave,UNKNOWN,UNKNOWN,0.25,0,66.69
961,21.3418,1,4.9898,1.0,wave,UNKNOWN,UNKNOWN,0.25,0,68.007
962,21.3545,1,4.9513,1.0,wave,UNKNOWN,UNKNOWN,0.25,0,68.602
963,21.3679,1,4.9647,1.0,wave,UNKNOWN,UNKNOWN,0.25,0,68.755
964,21.3822,1,4.979,1.0,wave,UNKNOWN,UNKNOWN,0.25,0,69.982
965,21.3959,1,4.9927,1.0,wave,UNKNOWN,UNKNOWN,0.25,0,69.823
966,21.4095,1,4.9916,1.0,wave,UNKNOWN,UNKNOWN,0.25,0,67.758
967,21.4297,1,4.9944,1.0,wave,UNKNOWN,UNKNOWN,0.25,0,68.861
968,21.4423,1,4.9925,1.0,wave,UNKNOWN,UNKNOWN,0.25,0,69.826
969,21.4548,1,4.9916,1.0,wave,UNKNOWN,UNKNOWN,0.25,0,70.546
970,21.468,1,4.9928,1.0,wave,UNKNOWN,UNKNOWN,0.25,0,70.579
971,21.4821,1,4.9943,1.0,wave,UNKNOWN,UNKNOWN,0.25,0,70.512
972,21.4963,1,4.9958,1.0,wave,UNKNOWN,UNKNOWN,0.2733,1,71.595
973,21.5467,1,4.98,1.0,wave,UNKNOWN,UNKNOWN,0.2733,0,66.344
974,21.5615,1,4.9948,1.0,wave,UNKNOWN,UNKNOWN,0.2733,0,67.219
975,21.5743,1,4.9935,1.0,wave,UNKNOWN,UNKNOWN,0.2733,0,68.237
976,21.5871,1,4.9924,1.0,wave,UNKNOWN,UNKNOWN,0.2733,0,69.151
977,21.6001,1,4.9928,1.0,wave,UNKNOWN,UNKNOWN,0.2733,0,67.209
978,21.6204,1,4.9531,1.0,wave,UNKNOWN,UNKNOWN,0.2733,0,68.407
979,21.6328,1,4.9656,1.0,wave,UNKNOWN,UNKNOWN,0.2733,0,68.164
980,21.6484,1,4.9811,1.0,wave,UNKNOWN,UNKNOWN,0.2733,0,68.39
981,21.6624,1,4.9951,1.0,wave,UNKNOWN,UNKNOWN,0.2733,0,68.667
982,21.6764,1,4.9948,1.0,wave,UNKNOWN,UNKNOWN,0.2733,0,68.822
983,21.691,1,4.9962,1.0,wave,UNKNOWN,UNKNOWN,0.2733,0,69.567
984,21.7037,1,4.9965,1.0,wave,UNKNOWN,UNKNOWN,0.2733,0,70.082
985,21.717,1,4.9969,1.0,wave,UNKNOWN,UNKNOWN,0.2733,0,70.741
986,21.73,1,4.9943,1.0,wave,UNKNOWN,UNKNOWN,0.2733,0,70.092
987,21.7456,1,4.995,1.0,wave,UNKNOWN,UNKNOWN,0.2733,0,70.391
988,21.7593,1,4.9927,1.0,wave,UNKNOWN,UNKNOWN,0.2567,1,70.525
989,21.8133,1,4.992,1.0,wave,UNKNOWN,UNKNOWN,0.2567,0,65.324
990,21.828,1,4.993,1.0,wave,UNKNOWN,UNKNOWN,0.2567,0,63.807
991,21.8475,1,4.9985,1.0,wave,UNKNOWN,UNKNOWN,0.2567,0,63.747
992,21.8629,1,4.9999,1.0,wave,UNKNOWN,UNKNOWN,0.2567,0,64.493
993,21.8776,1,4.9589,1.0,wave,UNKNOWN,UNKNOWN,0.2567,0,65.622
994,21.8911,1,4.9724,1.0,wave,UNKNOWN,UNKNOWN,0.2567,0,66.634
995,21.9034,1,4.9847,1.0,wave,UNKNOWN,UNKNOWN,0.2567,0,67.83
996,21.9165,1,4.9978,1.0,wave,UNKNOWN,UNKNOWN,0.2567,0,68.34
997,21.9301,1,4.997,1.0,wave,UNKNOWN,UNKNOWN,0.2567,0,65.804
998,21.9537,1,4.994,1.0,wave,UNKNOWN,UNKNOWN,0.2567,0,66.61
999,21.9669,1,4.9946,1.0,wave,UNKNOWN,UNKNOWN,0.2567,0,67.448
1000,21.9803,1,4.9935,1.0,wave,UNKNOWN,UNKNOWN,0.2567,0,68.194
1001,21.9942,1,4.9914,1.0,wave,UNKNOWN,UNKNOWN,0.2567,0,68.235
1002,22.0082,1,4.9914,1.0,wave,UNKNOWN,UNKNOWN,0.2567,0,68.578
1003,22.0221,1,4.991,1.0,wave,UNKNOWN,UNKNOWN,0.2633,1,67.242
1004,22.0766,1,4.993,1.0,wave,UNKNOWN,UNKNOWN,0.2633,0,62.501
1005,22.0912,1,4.9937,1.0,wave,UNKNOWN,UNKNOWN,0.2633,0,62.392
1006,22.1071,1,4.9972,1.0,wave,UNKNOWN,UNKNOWN,0.2633,0,63.472
1007,22.121,1,4.989,1.0,wave,UNKNOWN,UNKNOWN,0.2633,0,64.538
1008,22.1344,1,4.9509,1.0,wave,UNKNOWN,UNKNOWN,0.2633,0,64.689
1009,22.1493,1,4.9659,1.0,wave,UNKNOWN,UNKNOWN,0.2633,0,65.977
1010,22.1623,1,4.9788,1.0,wave,UNKNOWN,UNKNOWN,0.2633,0,66.464
1011,22.1765,1,4.9931,1.0,wave,UNKNOWN,UNKNOWN,0.2633,0,66.623
1012,22.191,1,4.9918,1.0,wave,UNKNOWN,UNKNOWN,0.2633,0,66.911
1013,22.2055,1,4.9926,1.0,wave,UNKNOWN,UNKNOWN,0.2633,0,64.835
1014,22.2277,1,4.9882,1.0,wave,UNKNOWN,UNKNOWN,0.2633,0,65.539
1015,22.2413,1,4.9879,1.0,wave,UNKNOWN,UNKNOWN,0.2633,0,65.312
1016,22.2567,1,4.9895,1.0,wave,UNKNOWN,UNKNOWN,0.2633,0,65.575
1017,22.2716,1,4.9923,1.0,wave,UNKNOWN,UNKNOWN,0.2633,0,65.145
1018,22.288,1,4.9966,1.0,wave,UNKNOWN,UNKNOWN,0.2633,1,65.71
1019,22.3435,1,4.997,1.0,wave,UNKNOWN,UNKNOWN,0.2633,0,60.952
1020,22.3574,1,4.9981,1.0,wave,UNKNOWN,UNKNOWN,0.2633,0,61.736
1021,22.3723,1,4.9811,1.0,wave,UNKNOWN,UNKNOWN,0.2633,0,61.013
1022,22.3904,1,4.9992,1.0,wave,UNKNOWN,UNKNOWN,0.2633,0,60.485
1023,22.4082,1,4.9656,1.0,wave,UNKNOWN,UNKNOWN,0.2633,0,61.11
1024,22.4231,1,4.9805,1.0,wave,UNKNOWN,UNKNOWN,0.2633,0,62.669
1025,22.4361,1,4.9935,1.0,wave,UNKNOWN,UNKNOWN,0.2633,0,63.477
1026,22.4501,1,4.9916,1.0,wave,UNKNOWN,UNKNOWN,0.2633,0,64.493
1027,22.4638,1,4.9918,1.0,wave,UNKNOWN,UNKNOWN,0.2633,0,65.684
1028,22.4769,1,4.9913,1.0,wave,UNKNOWN,UNKNOWN,0.2633,0,65.694
1029,22.4922,1,4.9933,1.0,wave,UNKNOWN,UNKNOWN,0.2633,0,65.141
1030,22.5088,1,4.9967,1.0,wave,UNKNOWN,UNKNOWN,0.2633,0,65.67
1031,22.523,1,4.9971,1.0,wave,UNKNOWN,UNKNOWN,0.2633,0,65.232
1032,22.5394,1,4.9991,1.0,wave,UNKNOWN,UNKNOWN,0.2567,1,64.058
1033,22.5964,1,4.9896,1.0,wave,UNKNOWN,UNKNOWN,0.2567,0,59.532
1034,22.6114,1,4.9913,1.0,wave,UNKNOWN,UNKNOWN,0.2567,0,59.754
1035,22.6275,1,4.9944,1.0,wave,UNKNOWN,UNKNOWN,0.2567,0,61.137
1036,22.6407,1,4.9953,1.0,wave,UNKNOWN,UNKNOWN,0.2567,0,62.335
1037,22.6548,1,4.956,1.0,wave,UNKNOWN,UNKNOWN,0.2567,0,63.386
1038,22.6685,1,4.9697,1.0,wave,UNKNOWN,UNKNOWN,0.2567,0,63.94
1039,22.6827,1,4.9839,1.0,wave,UNKNOWN,UNKNOWN,0.2567,0,64.958
1040,22.6961,1,4.9973,1.0,wave,UNKNOWN,UNKNOWN,0.2567,0,65.594
1041,22.7102,1,4.9976,1.0,wave,UNKNOWN,UNKNOWN,0.2567,0,66.324
1042,22.7243,1,4.9989,1.0,wave,UNKNOWN,UNKNOWN,0.2567,0,66.926
1043,22.738,1,4.9988,1.0,wave,UNKNOWN,UNKNOWN,0.2567,0,67.374
1044,22.7522,1,4.9995,1.0,wave,UNKNOWN,UNKNOWN,0.2567,0,68.085
1045,22.7653,1,4.985,1.0,wave,UNKNOWN,UNKNOWN,0.2567,0,67.668
1046,22.7809,1,4.987,1.0,wave,UNKNOWN,UNKNOWN,0.2567,0,68.423
1047,22.7943,1,4.9866,1.0,wave,UNKNOWN,UNKNOWN,0.2533,1,68.617
1048,22.8521,1,4.988,1.0,wave,UNKNOWN,UNKNOWN,0.2533,0,63.381
1049,22.8699,1,4.9897,1.0,wave,UNKNOWN,UNKNOWN,0.2533,0,63.493
1050,22.8855,1,4.9917,1.0,wave,UNKNOWN,UNKNOWN,0.2533,0,63.132
1051,22.9023,1,4.9956,1.0,wave,UNKNOWN,UNKNOWN,0.2533,0,62.464
1052,22.92,1,4.9621,1.0,wave,UNKNOWN,UNKNOWN,0.2533,0,62.924
1053,22.9348,1,4.9769,1.0,wave,UNKNOWN,UNKNOWN,0.2533,0,63.508
1054,22.9493,1,4.9914,1.0,wave,UNKNOWN,UNKNOWN,0.2533,0,62.724
1055,22.9673,1,4.9953,1.0,wave,UNKNOWN,UNKNOWN,0.2533,0,62.999
1056,22.9826,1,4.9974,1.0,wave,UNKNOWN,UNKNOWN,0.2533,0,64.395
1057,22.9965,1,4.9957,1.0,wave,UNKNOWN,UNKNOWN,0.2533,0,65.015
1058,23.0099,1,4.996,1.0,wave,UNKNOWN,UNKNOWN,0.2533,0,65.894
1059,23.0232,1,4.9967,1.0,wave,UNKNOWN,UNKNOWN,0.2533,0,66.663
1060,23.0368,1,4.9926,1.0,wave,UNKNOWN,UNKNOWN,0.2533,0,66.516
1061,23.0522,1,4.9929,1.0,wave,UNKNOWN,UNKNOWN,0.2833,1,66.186
1062,23.1049,1,4.9962,1.0,wave,UNKNOWN,UNKNOWN,0.2833,0,61.498
1063,23.1198,1,4.9971,1.0,wave,UNKNOWN,UNKNOWN,0.2833,0,63.175
1064,23.1327,1,4.9961,1.0,wave,UNKNOWN,UNKNOWN,0.2833,0,63.454
1065,23.1478,1,4.9984,1.0,wave,UNKNOWN,UNKNOWN,0.2833,0,64.619
1066,23.1612,1,4.9993,1.0,wave,UNKNOWN,UNKNOWN,0.2833,0,65.455
1067,23.175,1,4.9623,1.0,wave,UNKNOWN,UNKNOWN,0.2833,0,65.983
1068,23.1888,1,4.9761,1.0,wave,UNKNOWN,UNKNOWN,0.2833,0,66.493
1069,23.2029,1,4.9902,1.0,wave,UNKNOWN,UNKNOWN,0.2833,0,66.777
1070,23.2175,1,4.9909,1.0,wave,UNKNOWN,UNKNOWN,0.2833,0,66.918
1071,23.2319,1,4.9897,1.0,wave,UNKNOWN,UNKNOWN,0.2833,0,66.942
1072,23.2477,1,4.989,1.0,wave,UNKNOWN,UNKNOWN,0.2833,0,67.282
1073,23.2619,1,4.9895,1.0,wave,UNKNOWN,UNKNOWN,0.2833,0,67.669
1074,23.2751,1,4.9899,1.0,wave,UNKNOWN,UNKNOWN,0.2833,0,68.127
1075,23.289,1,4.9873,1.0,wave,UNKNOWN,UNKNOWN,0.2833,0,66.656
1076,23.3083,1,4.9937,1.0,wave,UNKNOWN,UNKNOWN,0.26,1,64.115
1077,23.3688,1,4.9985,1.0,wave,UNKNOWN,UNKNOWN,0.26,0,59.548
1078,23.3864,1,4.9996,1.0,wave,UNKNOWN,UNKNOWN,0.26,0,60.457
1079,23.4009,1,4.9993,1.0,wave,UNKNOWN,UNKNOWN,0.26,0,61.622
1080,23.4143,1,4.9999,1.0,wave,UNKNOWN,UNKNOWN,0.26,0,63.349
1081,23.4276,1,4.961,1.0,wave,UNKNOWN,UNKNOWN,0.26,0,64.248
1082,23.4413,1,4.9747,1.0,wave,UNKNOWN,UNKNOWN,0.26,0,64.889
1083,23.4549,1,4.9883,1.0,wave,UNKNOWN,UNKNOWN,0.26,0,65.493
1084,23.4693,1,4.9851,1.0,wave,UNKNOWN,UNKNOWN,0.26,0,64.778
1085,23.4866,1,4.9884,1.0,wave,UNKNOWN,UNKNOWN,0.26,0,64.31
1086,23.5033,1,4.9904,1.0,wave,UNKNOWN,UNKNOWN,0.26,0,64.94
1087,23.5175,1,4.9905,1.0,wave,UNKNOWN,UNKNOWN,0.26,0,65.026
1088,23.5326,1,4.9899,1.0,wave,UNKNOWN,UNKNOWN,0.26,0,65.345
1089,23.5471,1,4.9908,1.0,wave,UNKNOWN,UNKNOWN,0.26,0,66.296
1090,23.5605,1,4.9913,1.0,wave,UNKNOWN,UNKNOWN,0.2867,1,67.227
1091,23.6119,1,4.993,1.0,wave,UNKNOWN,UNKNOWN,0.2867,0,62.392
1092,23.6268,1,4.9949,1.0,wave,UNKNOWN,UNKNOWN,0.2867,0,62.837
1093,23.6419,1,4.9912,1.0,wave,UNKNOWN,UNKNOWN,0.2867,0,61.644
1094,23.6614,1,4.9951,1.0,wave,UNKNOWN,UNKNOWN,0.2867,0,62.674
1095,23.6751,1,4.946,1.0,wave,UNKNOWN,UNKNOWN,0.2867,0,63.737
1096,23.6893,1,4.9602,1.0,wave,UNKNOWN,UNKNOWN,0.2867,0,63.792
1097,23.7044,1,4.9753,1.0,wave,UNKNOWN,UNKNOWN,0.2867,0,64.837
1098,23.7178,1,4.9887,1.0,wave,UNKNOWN,UNKNOWN,0.2867,0,65.767
1099,23.7312,1,4.9879,1.0,wave,UNKNOWN,UNKNOWN,0.2867,0,66.598
1100,23.7453,1,4.987,1.0,wave,UNKNOWN,UNKNOWN,0.2867,0,67.052
1101,23.7592,1,4.9843,1.0,wave,UNKNOWN,UNKNOWN,0.2867,0,67.329
1102,23.7733,1,4.9985,1.0,wave,UNKNOWN,UNKNOWN,0.2867,0,66.816
1103,23.7895,1,4.9896,1.0,wave,UNKNOWN,UNKNOWN,0.2867,0,65.883
1104,23.8069,1,4.9934,1.0,wave,UNKNOWN,UNKNOWN,0.2867,0,66.091
1105,23.8215,1,4.9936,1.0,wave,UNKNOWN,UNKNOWN,0.2633,1,66.2
1106,23.8732,1,4.9997,1.0,wave,UNKNOWN,UNKNOWN,0.2633,0,61.54
1107,23.8872,1,4.9883,1.0,wave,UNKNOWN,UNKNOWN,0.2633,0,62.712
1108,23.9012,1,4.989,1.0,wave,UNKNOWN,UNKNOWN,0.2633,0,63.295
1109,23.9157,1,4.9887,1.0,wave,UNKNOWN,UNKNOWN,0.2633,0,64.406
1110,23.9294,1,4.9491,1.0,wave,UNKNOWN,UNKNOWN,0.2633,0,64.191
1111,23.9453,1,4.965,1.0,wave,UNKNOWN,UNKNOWN,0.2633,0,64.668
1112,23.9597,1,4.9794,1.0,wave,UNKNOWN,UNKNOWN,0.2633,0,65.588
1113,23.9732,1,4.9929,1.0,wave,UNKNOWN,UNKNOWN,0.2633,0,65.702
1114,23.9882,1,4.9933,1.0,wave,UNKNOWN,UNKNOWN,0.2633,0,65.319
1115,24.0043,1,4.9949,1.0,wave,UNKNOWN,UNKNOWN,0.2633,0,65.793
1116,24.0187,1,4.9956,1.0,wave,UNKNOWN,UNKNOWN,0.2633,0,65.666
1117,24.0339,1,4.9961,1.0,wave,UNKNOWN,UNKNOWN,0.2633,0,64.79
1118,24.052,1,4.9878,1.0,wave,UNKNOWN,UNKNOWN,0.2633,0,64.703
1119,24.0675,1,4.9895,1.0,wave,UNKNOWN,UNKNOWN,0.2633,0,65.077
1120,24.0817,1,4.9892,1.0,wave,UNKNOWN,UNKNOWN,0.2667,1,66.373
1121,24.1346,1,4.9902,1.0,wave,UNKNOWN,UNKNOWN,0.2667,0,61.555
1122,24.15,1,4.9895,1.0,wave,UNKNOWN,UNKNOWN,0.2667,0,61.771
1123,24.1655,1,4.9903,1.0,wave,UNKNOWN,UNKNOWN,0.2667,0,62.979
1124,24.1792,1,4.9917,1.0,wave,UNKNOWN,UNKNOWN,0.2667,0,64.065
1125,24.1924,1,4.9524,1.0,wave,UNKNOWN,UNKNOWN,0.2667,0,65.058
1126,24.2063,1,4.9663,1.0,wave,UNKNOWN,UNKNOWN,0.2667,0,64.854
1127,24.222,1,4.982,1.0,wave,UNKNOWN,UNKNOWN,0.2667,0,65.136
1128,24.2367,1,4.9967,1.0,wave,UNKNOWN,UNKNOWN,0.2667,0,65.235
1129,24.2521,1,4.9982,1.0,wave,UNKNOWN,UNKNOWN,0.2667,0,65.24
1130,24.2671,1,4.9921,1.0,wave,UNKNOWN,UNKNOWN,0.2667,0,65.493
1131,24.2818,1,4.9934,1.0,wave,UNKNOWN,UNKNOWN,0.2667,0,66.948
1132,24.2943,1,4.9902,1.0,wave,UNKNOWN,UNKNOWN,0.2667,0,65.959
1133,24.3122,1,4.9911,1.0,wave,UNKNOWN,UNKNOWN,0.2667,0,66.815
1134,24.3254,1,4.9905,1.0,wave,UNKNOWN,UNKNOWN,0.2667,0,67.05
1135,24.3399,1,4.9918,1.0,wave,UNKNOWN,UNKNOWN,0.28,1,67.601
1136,24.3918,1,4.997,1.0,wave,UNKNOWN,UNKNOWN,0.28,0,62.723
1137,24.4066,1,4.9986,1.0,wave,UNKNOWN,UNKNOWN,0.28,0,61.272
1138,24.4278,1,4.9897,1.0,wave,UNKNOWN,UNKNOWN,0.28,0,62.043
1139,24.4419,1,4.9541,1.0,wave,UNKNOWN,UNKNOWN,0.28,0,62.852
1140,24.4559,1,4.9681,1.0,wave,UNKNOWN,UNKNOWN,0.28,0,62.63
1141,24.4728,1,4.985,1.0,wave,UNKNOWN,UNKNOWN,0.28,0,63.416
1142,24.4868,1,4.999,1.0,wave,UNKNOWN,UNKNOWN,0.28,0,64.29
1143,24.5008,1,4.9979,1.0,wave,UNKNOWN,UNKNOWN,0.28,0,65.058
1144,24.5144,1,4.9989,1.0,wave,UNKNOWN,UNKNOWN,0.28,0,66.348
1145,24.5272,1,4.9981,1.0,wave,UNKNOWN,UNKNOWN,0.28,0,66.957
1146,24.5413,1,4.9974,1.0,wave,UNKNOWN,UNKNOWN,0.28,0,64.934
1147,24.5628,1,4.9858,1.0,wave,UNKNOWN,UNKNOWN,0.28,0,66.142
1148,24.5755,1,4.9985,1.0,wave,UNKNOWN,UNKNOWN,0.28,0,66.918
1149,24.5892,1,4.9985,1.0,wave,UNKNOWN,UNKNOWN,0.28,0,64.929
1150,24.6111,1,4.993,1.0,wave,UNKNOWN,UNKNOWN,0.29,1,64.927
1151,24.6647,1,4.9887,1.0,wave,UNKNOWN,UNKNOWN,0.29,0,60.261
1152,24.6806,1,4.9922,1.0,wave,UNKNOWN,UNKNOWN,0.29,0,61.902
1153,24.6938,1,4.9511,1.0,wave,UNKNOWN,UNKNOWN,0.29,0,62.995
1154,24.7076,1,4.9649,1.0,wave,UNKNOWN,UNKNOWN,0.29,0,62.578
1155,24.7244,1,4.9817,1.0,wave,UNKNOWN,UNKNOWN,0.29,0,63.583
1156,24.7382,1,4.9955,1.0,wave,UNKNOWN,UNKNOWN,0.29,0,64.201
1157,24.7522,1,4.9944,1.0,wave,UNKNOWN,UNKNOWN,0.29,0,64.66
1158,24.7671,1,4.9962,1.0,wave,UNKNOWN,UNKNOWN,0.29,0,64.517
1159,24.7829,1,4.9976,1.0,wave,UNKNOWN,UNKNOWN,0.29,0,64.74
1160,24.798,1,4.9994,1.0,wave,UNKNOWN,UNKNOWN,0.29,0,65.211
1161,24.8124,1,4.9807,1.0,wave,UNKNOWN,UNKNOWN,0.29,0,66.004
1162,24.8259,1,4.9941,1.0,wave,UNKNOWN,UNKNOWN,0.29,0,64.854
1163,24.8449,1,4.9989,1.0,wave,UNKNOWN,UNKNOWN,0.29,0,65.3
1164,24.8585,1,4.9996,1.0,wave,UNKNOWN,UNKNOWN,0.29,0,66.432
1165,24.8715,1,4.9952,1.0,wave,UNKNOWN,UNKNOWN,0.2833,1,64.618
1166,24.9301,1,4.999,1.0,wave,UNKNOWN,UNKNOWN,0.2833,0,60.06
1167,24.9455,1,4.9517,1.0,wave,UNKNOWN,UNKNOWN,0.2833,0,61.286
1168,24.9593,1,4.9656,1.0,wave,UNKNOWN,UNKNOWN,0.2833,0,62.421
1169,24.9727,1,4.9789,1.0,wave,UNKNOWN,UNKNOWN,0.2833,0,63.29
1170,24.9866,1,4.9928,1.0,wave,UNKNOWN,UNKNOWN,0.2833,0,64.526
1171,24.9998,1,4.9898,1.0,wave,UNKNOWN,UNKNOWN,0.2833,0,64.354
1172,25.016,1,4.9901,1.0,wave,UNKNOWN,UNKNOWN,0.2833,0,64.478
1173,25.0314,1,4.9919,1.0,wave,UNKNOWN,UNKNOWN,0.2833,0,64.569
1174,25.0462,1,4.9944,1.0,wave,UNKNOWN,UNKNOWN,0.2833,0,64.155
1175,25.0628,1,4.9979,1.0,wave,UNKNOWN,UNKNOWN,0.2833,0,64.635
1176,25.0774,1,4.9984,1.0,wave,UNKNOWN,UNKNOWN,0.2833,0,65.153
1177,25.0915,1,4.9984,1.0,wave,UNKNOWN,UNKNOWN,0.2833,0,65.109
1178,25.1073,1,4.9882,1.0,wave,UNKNOWN,UNKNOWN,0.2833,0,65.853
1179,25.121,1,4.9896,1.0,wave,UNKNOWN,UNKNOWN,0.2833,0,66.042
1180,25.1357,1,4.9896,1.0,wave,UNKNOWN,UNKNOWN,0.3033,1,66.103
1181,25.1883,1,4.9802,1.0,wave,UNKNOWN,UNKNOWN,0.3033,0,61.341
1182,25.2048,1,4.9967,1.0,wave,UNKNOWN,UNKNOWN,0.3033,0,62.165
1183,25.2188,1,4.958,1.0,wave,UNKNOWN,UNKNOWN,0.3033,0,63.277
1184,25.2325,1,4.9717,1.0,wave,UNKNOWN,UNKNOWN,0.3033,0,64.366
1185,25.2461,1,4.9852,1.0,wave,UNKNOWN,UNKNOWN,0.3033,0,65.572
1186,25.259,1,4.9982,1.0,wave,UNKNOWN,UNKNOWN,0.3033,0,66.593
1187,25.2721,1,4.9922,1.0,wave,UNKNOWN,UNKNOWN,0.3033,0,67.278
1188,25.2859,1,4.9912,1.0,wave,UNKNOWN,UNKNOWN,0.3033,0,66.197
1189,25.3036,1,4.9935,1.0,wave,UNKNOWN,UNKNOWN,0.3033,0,66.454
1190,25.3182,1,4.9922,1.0,wave,UNKNOWN,UNKNOWN,0.3033,0,67.047
1191,25.3318,1,4.9916,1.0,wave,UNKNOWN,UNKNOWN,0.3033,0,68.327
1192,25.3448,1,4.9922,1.0,wave,UNKNOWN,UNKNOWN,0.3033,0,69.03
1193,25.358,1,4.9925,1.0,wave,UNKNOWN,UNKNOWN,0.3033,0,69.377
1194,25.3712,1,4.9929,1.0,wave,UNKNOWN,UNKNOWN,0.3033,0,67.481
1195,25.3918,1,4.9851,1.0,wave,UNKNOWN,UNKNOWN,0.2767,1,68.157
1196,25.4408,1,4.9879,1.0,wave,UNKNOWN,UNKNOWN,0.2767,0,63.336
1197,25.455,1,4.9894,1.0,wave,UNKNOWN,UNKNOWN,0.2767,0,64.464
1198,25.4685,1,4.9496,1.0,wave,UNKNOWN,UNKNOWN,0.2767,0,64.734
1199,25.4833,1,4.9644,1.0,wave,UNKNOWN,UNKNOWN,0.2767,0,65.908
1200,25.4965,1,4.9776,1.0,wave,UNKNOWN,UNKNOWN,0.2767,0,65.352
1201,25.5132,1,4.9943,1.0,wave,UNKNOWN,UNKNOWN,0.2767,0,66.546
1202,25.5258,1,4.9929,1.0,wave,UNKNOWN,UNKNOWN,0.2767,0,66.983
1203,25.54,1,4.9914,1.0,wave,UNKNOWN,UNKNOWN,0.2767,0,67.236
1204,25.5544,1,4.9924,1.0,wave,UNKNOWN,UNKNOWN,0.2767,0,65.355
1205,25.5752,1,4.9977,1.0,wave,UNKNOWN,UNKNOWN,0.2767,0,66.324
1206,25.5885,1,4.9985,1.0,wave,UNKNOWN,UNKNOWN,0.2767,0,66.295
1207,25.6037,1,4.9985,1.0,wave,UNKNOWN,UNKNOWN,0.2767,0,66.662
1208,25.618,1,4.9914,1.0,wave,UNKNOWN,UNKNOWN,0.2767,0,66.562
1209,25.6332,1,4.9941,1.0,wave,UNKNOWN,UNKNOWN,0.2767,0,67.384
1210,25.6467,1,4.9947,1.0,wave,UNKNOWN,UNKNOWN,0.29,1,66.534
1211,25.7032,1,4.9959,1.0,wave,UNKNOWN,UNKNOWN,0.29,0,61.714
1212,25.7181,1,4.9967,1.0,wave,UNKNOWN,UNKNOWN,0.29,0,62.274
1213,25.7327,1,4.9603,1.0,wave,UNKNOWN,UNKNOWN,0.29,0,62.792
1214,25.7481,1,4.9757,1.0,wave,UNKNOWN,UNKNOWN,0.29,0,63.319
1215,25.7628,1,4.9904,1.0,wave,UNKNOWN,UNKNOWN,0.29,0,64.304
1216,25.7761,1,4.9895,1.0,wave,UNKNOWN,UNKNOWN,0.29,0,65.297
1217,25.7894,1,4.9877,1.0,wave,UNKNOWN,UNKNOWN,0.29,0,66.222
1218,25.8031,1,4.9878,1.0,wave,UNKNOWN,UNKNOWN,0.29,0,66.286
1219,25.8178,1,4.9895,1.0,wave,UNKNOWN,UNKNOWN,0.29,0,66.277
1220,25.8332,1,4.992,1.0,wave,UNKNOWN,UNKNOWN,0.29,0,66.009
1221,25.8487,1,4.995,1.0,wave,UNKNOWN,UNKNOWN,0.29,0,65.788
1222,25.8644,1,4.9977,1.0,wave,UNKNOWN,UNKNOWN,0.29,0,63.86
1223,25.886,1,4.9893,1.0,wave,UNKNOWN,UNKNOWN,0.29,0,63.828
1224,25.9016,1,4.9927,1.0,wave,UNKNOWN,UNKNOWN,0.2633,1,63.386
1225,25.9559,1,4.9874,1.0,wave,UNKNOWN,UNKNOWN,0.2633,0,58.976
1226,25.9701,1,4.9881,1.0,wave,UNKNOWN,UNKNOWN,0.2633,0,60.684
1227,25.9834,1,4.9517,1.0,wave,UNKNOWN,UNKNOWN,0.2633,0,62.084
1228,25.9968,1,4.9651,1.0,wave,UNKNOWN,UNKNOWN,0.2633,0,63.818
1229,26.0091,1,4.9774,1.0,wave,UNKNOWN,UNKNOWN,0.2633,0,65.273
1230,26.022,1,4.9904,1.0,wave,UNKNOWN,UNKNOWN,0.2633,0,65.797
1231,26.0363,1,4.9893,1.0,wave,UNKNOWN,UNKNOWN,0.2633,0,66.862
1232,26.0498,1,4.9841,1.0,wave,UNKNOWN,UNKNOWN,0.2633,0,67.827
1233,26.0623,1,4.9966,1.0,wave,UNKNOWN,UNKNOWN,0.2633,0,69.087
1234,26.0748,1,4.9945,1.0,wave,UNKNOWN,UNKNOWN,0.2633,0,69.82
1235,26.0879,1,4.994,1.0,wave,UNKNOWN,UNKNOWN,0.2633,0,69.769
1236,26.1025,1,4.9885,1.0,wave,UNKNOWN,UNKNOWN,0.2633,0,69.187
1237,26.1181,1,4.9909,1.0,wave,UNKNOWN,UNKNOWN,0.2633,0,69.374
1238,26.1321,1,4.9923,1.0,wave,UNKNOWN,UNKNOWN,0.2633,0,69.785
1239,26.1459,1,4.9929,1.0,wave,UNKNOWN,UNKNOWN,0.2633,0,69.685
1240,26.1604,1,4.994,1.0,wave,UNKNOWN,UNKNOWN,0.2567,1,70.397
1241,26.2122,1,4.9934,1.0,wave,UNKNOWN,UNKNOWN,0.2567,0,65.195
1242,26.2279,1,4.9956,1.0,wave,UNKNOWN,UNKNOWN,0.2567,0,65.69
1243,26.242,1,4.9579,1.0,wave,UNKNOWN,UNKNOWN,0.2567,0,66.695
1244,26.2555,1,4.9714,1.0,wave,UNKNOWN,UNKNOWN,0.2567,0,67.515
1245,26.2684,1,4.9842,1.0,wave,UNKNOWN,UNKNOWN,0.2567,0,68.133
1246,26.2821,1,4.9979,1.0,wave,UNKNOWN,UNKNOWN,0.2567,0,67.405
1247,26.2988,1,4.9869,1.0,wave,UNKNOWN,UNKNOWN,0.2567,0,67.439
1248,26.3133,1,4.9848,1.0,wave,UNKNOWN,UNKNOWN,0.2567,0,68.229
1249,26.3266,1,4.9981,1.0,wave,UNKNOWN,UNKNOWN,0.2567,0,67.913
1250,26.342,1,4.9875,1.0,wave,UNKNOWN,UNKNOWN,0.2567,0,68.246
1251,26.356,1,4.9881,1.0,wave,UNKNOWN,UNKNOWN,0.2567,0,69.337
1252,26.3686,1,4.9864,1.0,wave,UNKNOWN,UNKNOWN,0.2567,0,67.66
1253,26.388,1,4.992,1.0,wave,UNKNOWN,UNKNOWN,0.2567,0,68.214
1254,26.4016,1,4.9921,1.0,wave,UNKNOWN,UNKNOWN,0.2567,0,66.789
1255,26.42,1,4.9902,1.0,wave,UNKNOWN,UNKNOWN,0.2833,1,65.171
1256,26.4767,1,4.9946,1.0,wave,UNKNOWN,UNKNOWN,0.2833,0,60.642
1257,26.4904,1,4.9941,1.0,wave,UNKNOWN,UNKNOWN,0.2833,0,61.165
1258,26.5056,1,4.9589,1.0,wave,UNKNOWN,UNKNOWN,0.2833,0,59.664
1259,26.5268,1,4.9801,1.0,wave,UNKNOWN,UNKNOWN,0.2833,0,60.735
1260,26.541,1,4.9944,1.0,wave,UNKNOWN,UNKNOWN,0.2833,0,60.383
1261,26.5589,1,4.9974,1.0,wave,UNKNOWN,UNKNOWN,0.2833,0,61.337
1262,26.5731,1,4.9987,1.0,wave,UNKNOWN,UNKNOWN,0.2833,0,62.668
1263,26.5865,1,4.9995,1.0,wave,UNKNOWN,UNKNOWN,0.2833,0,63.863
1264,26.5993,1,4.9992,1.0,wave,UNKNOWN,UNKNOWN,0.2833,0,65.224
1265,26.6125,1,4.9921,1.0,wave,UNKNOWN,UNKNOWN,0.2833,0,66.261
1266,26.6255,1,4.9927,1.0,wave,UNKNOWN,UNKNOWN,0.2833,0,66.079
1267,26.6416,1,4.9932,1.0,wave,UNKNOWN,UNKNOWN,0.2833,0,66.286
1268,26.6562,1,4.9938,1.0,wave,UNKNOWN,UNKNOWN,0.2833,0,66.83
1269,26.6697,1,4.9933,1.0,wave,UNKNOWN,UNKNOWN,0.2833,0,66.308
1270,26.6862,1,4.9952,1.0,wave,UNKNOWN,UNKNOWN,0.2767,1,67.155
1271,26.737,1,4.9914,1.0,wave,UNKNOWN,UNKNOWN,0.2767,0,62.355
1272,26.7517,1,4.9924,1.0,wave,UNKNOWN,UNKNOWN,0.2767,0,63.49
1273,26.7655,1,4.9522,1.0,wave,UNKNOWN,UNKNOWN,0.2767,0,63.157
1274,26.7819,1,4.9686,1.0,wave,UNKNOWN,UNKNOWN,0.2767,0,63.94
1275,26.7961,1,4.9828,1.0,wave,UNKNOWN,UNKNOWN,0.2767,0,65.283
1276,26.8092,1,4.9959,1.0,wave,UNKNOWN,UNKNOWN,0.2767,0,62.895
1277,26.833,1,4.9855,1.0,wave,UNKNOWN,UNKNOWN,0.2767,0,63.09
1278,26.8482,1,4.9852,1.0,wave,UNKNOWN,UNKNOWN,0.2767,0,64.619
1279,26.8614,1,4.9985,1.0,wave,UNKNOWN,UNKNOWN,0.2767,0,65.878
1280,26.8738,1,4.9962,1.0,wave,UNKNOWN,UNKNOWN,0.2767,0,67.179
1281,26.8865,1,4.9954,1.0,wave,UNKNOWN,UNKNOWN,0.2767,0,67.744
1282,26.9004,1,4.9971,1.0,wave,UNKNOWN,UNKNOWN,0.2767,0,67.896
1283,26.9149,1,4.9984,1.0,wave,UNKNOWN,UNKNOWN,0.2767,0,68.85
1284,26.9283,1,4.9981,1.0,wave,UNKNOWN,UNKNOWN,0.2767,0,69.456
1285,26.9409,1,4.9873,1.0,wave,UNKNOWN,UNKNOWN,0.2367,1,70.327
1286,26.9927,1,4.9986,1.0,wave,UNKNOWN,UNKNOWN,0.2367,0,65.197
1287,27.0065,1,4.9983,1.0,wave,UNKNOWN,UNKNOWN,0.2367,0,65.894
1288,27.0205,1,4.9984,1.0,wave,UNKNOWN,UNKNOWN,0.2367,0,66.446
1289,27.0344,1,4.9578,1.0,wave,UNKNOWN,UNKNOWN,0.2367,0,67.449
1290,27.0472,1,4.9706,1.0,wave,UNKNOWN,UNKNOWN,0.2367,0,68.546
1291,27.0603,1,4.9836,1.0,wave,UNKNOWN,UNKNOWN,0.2367,0,68.875
1292,27.0744,1,4.9978,1.0,wave,UNKNOWN,UNKNOWN,0.2367,0,69.747
1293,27.0868,1,4.9956,1.0,wave,UNKNOWN,UNKNOWN,0.2367,0,67.624
1294,27.1079,1,4.9869,1.0,wave,UNKNOWN,UNKNOWN,0.2367,0,67.691
1295,27.1225,1,4.9881,1.0,wave,UNKNOWN,UNKNOWN,0.2367,0,66.964
1296,27.1389,1,4.9896,1.0,wave,UNKNOWN,UNKNOWN,0.2367,0,67.88
1297,27.152,1,4.9897,1.0,wave,UNKNOWN,UNKNOWN,0.2367,0,68.287
1298,27.1663,1,4.9897,1.0,wave,UNKNOWN,UNKNOWN,0.2367,0,68.627
1299,27.1799,1,4.9889,1.0,wave,UNKNOWN,UNKNOWN,0.2367,0,69.111
1300,27.1935,1,4.988,1.0,wave,UNKNOWN,UNKNOWN,0.2633,1,67.779
1301,27.2525,1,4.9958,1.0,wave,UNKNOWN,UNKNOWN,0.2633,0,62.786
1302,27.2674,1,4.9958,1.0,wave,UNKNOWN,UNKNOWN,0.2633,0,61.516
1303,27.2873,1,4.9993,1.0,wave,UNKNOWN,UNKNOWN,0.2633,0,62.197
1304,27.3021,1,4.9586,1.0,wave,UNKNOWN,UNKNOWN,0.2633,0,62.017
1305,27.3187,1,4.9752,1.0,wave,UNKNOWN,UNKNOWN,0.2633,0,62.281
1306,27.3341,1,4.9906,1.0,wave,UNKNOWN,UNKNOWN,0.2633,0,63.292
1307,27.3478,1,4.9905,1.0,wave,UNKNOWN,UNKNOWN,0.2633,0,64.012
1308,27.3622,1,4.9899,1.0,wave,UNKNOWN,UNKNOWN,0.2633,0,63.787
1309,27.3783,1,4.9879,1.0,wave,UNKNOWN,UNKNOWN,0.2633,0,64.896
1310,27.3916,1,4.9834,1.0,wave,UNKNOWN,UNKNOWN,0.2633,0,65.985
1311,27.4048,1,4.9966,1.0,wave,UNKNOWN,UNKNOWN,0.2633,0,67.058
1312,27.4178,1,4.9947,1.0,wave,UNKNOWN,UNKNOWN,0.2633,0,67.079
1313,27.4329,1,4.9968,1.0,wave,UNKNOWN,UNKNOWN,0.2633,0,65.941
1314,27.4507,1,4.9869,1.0,wave,UNKNOWN,UNKNOWN,0.2633,1,66.298
1315,27.5046,1,4.9958,1.0,wave,UNKNOWN,UNKNOWN,0.2633,0,61.542
1316,27.5184,1,4.9953,1.0,wave,UNKNOWN,UNKNOWN,0.2633,0,63.125
1317,27.5314,1,4.992,1.0,wave,UNKNOWN,UNKNOWN,0.2633,0,64.183
1318,27.5446,1,4.9482,1.0,wave,UNKNOWN,UNKNOWN,0.2633,0,65.288
1319,27.5586,1,4.9622,1.0,wave,UNKNOWN,UNKNOWN,0.2633,0,66.161
1320,27.5718,1,4.9754,1.0,wave,UNKNOWN,UNKNOWN,0.2633,0,66.699
1321,27.5853,1,4.9889,1.0,wave,UNKNOWN,UNKNOWN,0.2633,0,67.428
1322,27.5992,1,4.9878,1.0,wave,UNKNOWN,UNKNOWN,0.2633,0,68.389
1323,27.6124,1,4.9849,1.0,wave,UNKNOWN,UNKNOWN,0.2633,0,68.714
1324,27.6262,1,4.9987,1.0,wave,UNKNOWN,UNKNOWN,0.2633,0,69.293
1325,27.6398,1,4.9991,1.0,wave,UNKNOWN,UNKNOWN,0.2633,0,69.727
1326,27.6531,1,4.9983,1.0,wave,UNKNOWN,UNKNOWN,0.2633,0,69.988
1327,27.6666,1,4.9981,1.0,wave,UNKNOWN,UNKNOWN,0.2633,0,70.174
1328,27.6808,1,4.9982,1.0,wave,UNKNOWN,UNKNOWN,0.2633,0,69.746
1329,27.6965,1,4.9863,1.0,wave,UNKNOWN,UNKNOWN,0.2633,0,69.923
1330,27.7103,1,4.9861,1.0,wave,UNKNOWN,UNKNOWN,0.2667,1,70.674
1331,27.8393,1,4.9872,1.0,wave,UNKNOWN,UNKNOWN,0.2667,0,64.356
1332,27.8567,1,4.9868,1.0,wave,UNKNOWN,UNKNOWN,0.2667,0,64.911
1333,27.8706,1,4.9852,1.0,wave,UNKNOWN,UNKNOWN,0.2667,0,66.237
1334,27.8836,1,4.9981,1.0,wave,UNKNOWN,UNKNOWN,0.2667,0,67.281
1335,27.8966,1,4.9943,1.0,wave,UNKNOWN,UNKNOWN,0.2667,0,66.422
1336,27.9137,1,4.9937,1.0,wave,UNKNOWN,UNKNOWN,0.2667,0,66.973
1337,27.9276,1,4.9928,1.0,wave,UNKNOWN,UNKNOWN,0.2667,0,67.437
1338,27.9412,1,4.9919,1.0,wave,UNKNOWN,UNKNOWN,0.2667,0,67.905
1339,27.9551,1,4.9878,1.0,wave,UNKNOWN,UNKNOWN,0.2667,0,68.371
1340,27.9692,1,4.9867,1.0,wave,UNKNOWN,UNKNOWN,0.2733,1,68.803
1341,28.0185,1,4.9953,1.0,wave,UNKNOWN,UNKNOWN,0.2733,0,63.915
1342,28.033,1,4.9962,1.0,wave,UNKNOWN,UNKNOWN,0.2733,0,64.85
1343,28.0474,1,4.9951,1.0,wave,UNKNOWN,UNKNOWN,0.2733,0,65.449
1344,28.0608,1,4.9559,1.0,wave,UNKNOWN,UNKNOWN,0.2733,0,64.837
1345,28.0779,1,4.9729,1.0,wave,UNKNOWN,UNKNOWN,0.2733,0,65.467
1346,28.0917,1,4.9868,1.0,wave,UNKNOWN,UNKNOWN,0.2733,0,66.879
1347,28.1039,1,4.9989,1.0,wave,UNKNOWN,UNKNOWN,0.2733,0,67.713
1348,28.1175,1,4.9977,1.0,wave,UNKNOWN,UNKNOWN,0.2733,0,68.118
1349,28.1314,1,4.9987,1.0,wave,UNKNOWN,UNKNOWN,0.2733,0,68.15
1350,28.146,1,4.9983,1.0,wave,UNKNOWN,UNKNOWN,0.2733,0,68.405
1351,28.1605,1,4.9993,1.0,wave,UNKNOWN,UNKNOWN,0.2733,0,67.76
1352,28.1771,1,4.9883,1.0,wave,UNKNOWN,UNKNOWN,0.2733,0,67.961
1353,28.1912,1,4.9883,1.0,wave,UNKNOWN,UNKNOWN,0.2733,0,68.652
1354,28.204,1,4.9864,1.0,wave,UNKNOWN,UNKNOWN,0.2733,0,69.088
1355,28.2179,1,4.9861,1.0,wave,UNKNOWN,UNKNOWN,0.2733,0,68.365
1356,28.2341,1,4.9864,1.0,wave,UNKNOWN,UNKNOWN,0.2567,1,68.412
1357,28.288,1,4.9989,1.0,wave,UNKNOWN,UNKNOWN,0.2567,0,63.386
1358,28.3036,1,4.9953,1.0,wave,UNKNOWN,UNKNOWN,0.2567,0,64.12
1359,28.3179,1,4.9491,1.0,wave,UNKNOWN,UNKNOWN,0.2567,0,64.978
1360,28.3315,1,4.9627,1.0,wave,UNKNOWN,UNKNOWN,0.2567,0,66.258
1361,28.3443,1,4.9755,1.0,wave,UNKNOWN,UNKNOWN,0.2567,0,66.858
1362,28.3584,1,4.9896,1.0,wave,UNKNOWN,UNKNOWN,0.2567,0,66.177
1363,28.3748,1,4.9885,1.0,wave,UNKNOWN,UNKNOWN,0.2567,0,67.227
1364,28.3879,1,4.987,1.0,wave,UNKNOWN,UNKNOWN,0.2567,0,66.006
1365,28.4063,1,4.992,1.0,wave,UNKNOWN,UNKNOWN,0.2567,0,66.895
1366,28.4196,1,4.992,1.0,wave,UNKNOWN,UNKNOWN,0.2567,0,65.097
1367,28.4402,1,4.9989,1.0,wave,UNKNOWN,UNKNOWN,0.2567,0,65.618
1368,28.4541,1,4.9991,1.0,wave,UNKNOWN,UNKNOWN,0.2567,0,66.172
1369,28.4681,1,4.9988,1.0,wave,UNKNOWN,UNKNOWN,0.2567,0,64.64
1370,28.4881,1,4.9848,1.0,wave,UNKNOWN,UNKNOWN,0.24,1,62.863
1371,28.5459,1,4.9988,1.0,wave,UNKNOWN,UNKNOWN,0.24,0,58.502
1372,28.5611,1,4.9491,1.0,wave,UNKNOWN,UNKNOWN,0.24,0,59.395
1373,28.5759,1,4.9639,1.0,wave,UNKNOWN,UNKNOWN,0.24,0,61.226
1374,28.5891,1,4.9772,1.0,wave,UNKNOWN,UNKNOWN,0.24,0,62.662
1375,28.6019,1,4.99,1.0,wave,UNKNOWN,UNKNOWN,0.24,0,63.914
1376,28.6152,1,4.9884,1.0,wave,UNKNOWN,UNKNOWN,0.24,0,64.33
1377,28.6303,1,4.9884,1.0,wave,UNKNOWN,UNKNOWN,0.24,0,64.438
1378,28.6452,1,4.9838,1.0,wave,UNKNOWN,UNKNOWN,0.24,0,65.051
1379,28.6594,1,4.9979,1.0,wave,UNKNOWN,UNKNOWN,0.24,0,64.693
1380,28.6757,1,4.9863,1.0,wave,UNKNOWN,UNKNOWN,0.24,0,65.85
1381,28.689,1,4.9997,1.0,wave,UNKNOWN,UNKNOWN,0.24,0,67.088
1382,28.7013,1,4.9969,1.0,wave,UNKNOWN,UNKNOWN,0.24,0,67.893
1383,28.7149,1,4.9972,1.0,wave,UNKNOWN,UNKNOWN,0.24,0,68.389
1384,28.7285,1,4.9973,1.0,wave,UNKNOWN,UNKNOWN,0.24,0,68.322
1385,28.7435,1,4.9982,1.0,wave,UNKNOWN,UNKNOWN,0.2333,1,68.44
1386,28.7938,1,4.9869,1.0,wave,UNKNOWN,UNKNOWN,0.2333,0,63.524
1387,28.8099,1,4.9884,1.0,wave,UNKNOWN,UNKNOWN,0.2333,0,63.972
1388,28.8244,1,4.9511,1.0,wave,UNKNOWN,UNKNOWN,0.2333,0,64.959
1389,28.8386,1,4.9654,1.0,wave,UNKNOWN,UNKNOWN,0.2333,0,65.096
1390,28.8533,1,4.9801,1.0,wave,UNKNOWN,UNKNOWN,0.2333,0,65.844
1391,28.8668,1,4.9936,1.0,wave,UNKNOWN,UNKNOWN,0.2333,0,66.001
1392,28.8817,1,4.9945,1.0,wave,UNKNOWN,UNKNOWN,0.2333,0,66.658
1393,28.8953,1,4.9941,1.0,wave,UNKNOWN,UNKNOWN,0.2333,0,66.893
1394,28.9099,1,4.9941,1.0,wave,UNKNOWN,UNKNOWN,0.2333,0,67.355
1395,28.9239,1,4.9945,1.0,wave,UNKNOWN,UNKNOWN,0.2333,0,68.515
1396,28.9365,1,4.9912,1.0,wave,UNKNOWN,UNKNOWN,0.2333,0,68.333
1397,28.9515,1,4.9918,1.0,wave,UNKNOWN,UNKNOWN,0.2333,0,66.527
1398,28.9717,1,4.9985,1.0,wave,UNKNOWN,UNKNOWN,0.2333,0,67.219
1399,28.9851,1,4.9969,1.0,wave,UNKNOWN,UNKNOWN,0.2333,0,68.285
1400,28.9978,1,4.9935,1.0,wave,UNKNOWN,UNKNOWN,0.2533,1,68.285
1401,29.0508,1,4.9987,1.0,wave,UNKNOWN,UNKNOWN,0.2533,0,63.381
1402,29.0644,1,4.9968,1.0,wave,UNKNOWN,UNKNOWN,0.2533,0,62.091
1403,29.0845,1,4.9499,1.0,wave,UNKNOWN,UNKNOWN,0.2533,0,62.273
1404,29.1002,1,4.9656,1.0,wave,UNKNOWN,UNKNOWN,0.2533,0,62.722
1405,29.1148,1,4.9802,1.0,wave,UNKNOWN,UNKNOWN,0.2533,0,62.175
1406,29.1323,1,4.9977,1.0,wave,UNKNOWN,UNKNOWN,0.2533,0,62.946
1407,29.1466,1,4.9966,1.0,wave,UNKNOWN,UNKNOWN,0.2533,0,64.278
1408,29.161,1,4.9955,1.0,wave,UNKNOWN,UNKNOWN,0.2533,0,63.934
1409,29.177,1,4.9977,1.0,wave,UNKNOWN,UNKNOWN,0.2533,0,62.938
1410,29.1948,1,4.9885,1.0,wave,UNKNOWN,UNKNOWN,0.2533,0,62.132
1411,29.213,1,4.991,1.0,wave,UNKNOWN,UNKNOWN,0.2533,0,62.493
1412,29.2282,1,4.9915,1.0,wave,UNKNOWN,UNKNOWN,0.2533,0,63.085
1413,29.2427,1,4.9906,1.0,wave,UNKNOWN,UNKNOWN,0.2533,0,64.263
1414,29.2561,1,4.989,1.0,drink_return,UNKNOWN,UNKNOWN,0.25,1,64.298
1415,29.3134,1,4.9881,1.0,drink_return,UNKNOWN,UNKNOWN,0.25,0,59.648
1416,29.3277,1,4.9878,1.0,drink_return,UNKNOWN,UNKNOWN,0.25,0,61.779
1417,29.3397,1,4.9998,1.0,drink_return,UNKNOWN,UNKNOWN,0.25,0,63.613
1418,29.3525,1,4.9606,1.0,drink_return,UNKNOWN,UNKNOWN,0.25,0,64.876
1419,29.3657,1,4.9739,1.0,drink_return,UNKNOWN,UNKNOWN,0.25,0,65.753
1420,29.3791,1,4.9873,1.0,drink_return,UNKNOWN,UNKNOWN,0.25,0,65.894
1421,29.3944,1,4.9878,1.0,drink_return,UNKNOWN,UNKNOWN,0.25,0,65.188
1422,29.4113,1,4.9836,1.0,drink_return,UNKNOWN,UNKNOWN,0.25,0,65.567
1423,29.4259,1,4.9982,1.0,drink_return,UNKNOWN,UNKNOWN,0.25,0,66.632
1424,29.4389,1,4.997,1.0,drink_return,UNKNOWN,UNKNOWN,0.25,0,67.789
1425,29.4514,1,4.9955,1.0,drink_return,UNKNOWN,UNKNOWN,0.25,0,68.736
1426,29.4646,1,4.9918,1.0,drink_return,UNKNOWN,UNKNOWN,0.25,0,69.315
1427,29.478,1,4.9911,1.0,drink_return,UNKNOWN,UNKNOWN,0.25,0,68.515
1428,29.4943,1,4.9935,1.0,drink_return,UNKNOWN,UNKNOWN,0.25,0,67.874
1429,29.5103,1,4.9959,1.0,drink_return,UNKNOWN,UNKNOWN,0.2433,1,67.925
1430,29.564,1,4.9885,1.0,drink_return,UNKNOWN,UNKNOWN,0.2433,0,62.967
1431,29.5796,1,4.9904,1.0,drink_return,UNKNOWN,UNKNOWN,0.2433,0,63.671
1432,29.594,1,4.983,1.0,drink_return,UNKNOWN,UNKNOWN,0.2433,0,63.06
1433,29.6111,1,4.9464,1.0,drink_return,UNKNOWN,UNKNOWN,0.2433,0,63.789
1434,29.6255,1,4.9608,1.0,drink_return,UNKNOWN,UNKNOWN,0.2433,0,64.365
1435,29.6399,1,4.9751,1.0,drink_return,UNKNOWN,UNKNOWN,0.2433,0,65.657
1436,29.6529,1,4.9882,1.0,drink_return,UNKNOWN,UNKNOWN,0.2433,0,66.395
1437,29.6664,1,4.9859,1.0,drink_return,UNKNOWN,UNKNOWN,0.2433,0,64.41
1438,29.6884,1,4.9946,1.0,drink_return,UNKNOWN,UNKNOWN,0.2433,0,65.236
1439,29.7018,1,4.9942,1.0,drink_return,UNKNOWN,UNKNOWN,0.2433,0,63.977
1440,29.7207,1,4.9963,1.0,drink_return,UNKNOWN,UNKNOWN,0.2433,0,65.254
1441,29.7339,1,4.9957,1.0,drink_return,UNKNOWN,UNKNOWN,0.2433,0,65.003
1442,29.7498,1,4.9976,1.0,drink_return,UNKNOWN,UNKNOWN,0.2433,0,62.692
1443,29.7739,1,4.9909,1.0,wave,UNKNOWN,UNKNOWN,0.2233,1,62.461
1444,29.8286,1,4.9837,1.0,wave,UNKNOWN,UNKNOWN,0.2233,0,58.125
1445,29.8426,1,4.9977,1.0,wave,UNKNOWN,UNKNOWN,0.2233,0,57.816
1446,29.8608,1,4.9893,1.0,wave,UNKNOWN,UNKNOWN,0.2233,0,58.098
1447,29.8803,1,4.9502,1.0,wave,UNKNOWN,UNKNOWN,0.2233,0,57.753
1448,29.8953,1,4.9652,1.0,wave,UNKNOWN,UNKNOWN,0.2233,0,58.291
1449,29.9112,1,4.9811,1.0,wave,UNKNOWN,UNKNOWN,0.2233,0,58.936
1450,29.9267,1,4.9966,1.0,wave,UNKNOWN,UNKNOWN,0.2233,0,60.031
1451,29.9409,1,4.9955,1.0,wave,UNKNOWN,UNKNOWN,0.2233,0,60.534
1452,29.9561,1,4.9968,1.0,wave,UNKNOWN,UNKNOWN,0.2233,0,62.409
1453,29.9693,1,4.9967,1.0,wave,UNKNOWN,UNKNOWN,0.2233,0,63.747
1454,29.982,1,4.9954,1.0,wave,UNKNOWN,UNKNOWN,0.2233,0,65.102
1455,29.9954,1,4.9956,1.0,wave,UNKNOWN,UNKNOWN,0.2233,0,63.266
1456,30.0171,1,4.9857,1.0,wave,UNKNOWN,UNKNOWN,0.2233,0,64.055
1457,30.0306,1,4.9992,1.0,wave,UNKNOWN,UNKNOWN,0.2433,1,65.054
1458,30.0817,1,4.9902,1.0,wave,UNKNOWN,UNKNOWN,0.2433,0,60.447
1459,30.0965,1,4.9892,1.0,wave,UNKNOWN,UNKNOWN,0.2433,0,61.795
1460,30.1108,1,4.9898,1.0,wave,UNKNOWN,UNKNOWN,0.2433,0,62.524
1461,30.1248,1,4.989,1.0,wave,UNKNOWN,UNKNOWN,0.2433,0,63.179
1462,30.139,1,4.9506,1.0,wave,UNKNOWN,UNKNOWN,0.2433,0,64.615
1463,30.152,1,4.9637,1.0,wave,UNKNOWN,UNKNOWN,0.2433,0,64.714
1464,30.1674,1,4.979,1.0,wave,UNKNOWN,UNKNOWN,0.2433,0,65.661
1465,30.1806,1,4.9923,1.0,wave,UNKNOWN,UNKNOWN,0.2433,0,65.698
1466,30.1961,1,4.9913,1.0,wave,UNKNOWN,UNKNOWN,0.2433,0,66.154
1467,30.2101,1,4.9913,1.0,wave,UNKNOWN,UNKNOWN,0.2433,0,67.012
1468,30.224,1,4.9915,1.0,wave,UNKNOWN,UNKNOWN,0.2433,0,66.751
1469,30.2392,1,4.9931,1.0,wave,UNKNOWN,UNKNOWN,0.2433,0,67.425
1470,30.2527,1,4.9936,1.0,wave,UNKNOWN,UNKNOWN,0.2433,0,68.529
1471,30.2656,1,4.9935,1.0,wave,UNKNOWN,UNKNOWN,0.2433,0,69.266
1472,30.2787,1,4.9928,1.0,wave,UNKNOWN,UNKNOWN,0.2433,0,69.578
1473,30.2923,1,4.9887,1.0,wave,UNKNOWN,UNKNOWN,0.2267,1,69.063
1474,30.3454,1,4.9874,1.0,wave,UNKNOWN,UNKNOWN,0.2267,0,64.102
1475,30.3597,1,4.9884,1.0,wave,UNKNOWN,UNKNOWN,0.2267,0,65.096
1476,30.373,1,4.9812,1.0,wave,UNKNOWN,UNKNOWN,0.2267,0,65.143
1477,30.388,1,4.9962,1.0,wave,UNKNOWN,UNKNOWN,0.2267,0,66.348
1478,30.4012,1,4.9604,1.0,wave,UNKNOWN,UNKNOWN,0.2267,0,67.362
1479,30.4142,1,4.9733,1.0,wave,UNKNOWN,UNKNOWN,0.2267,0,67.5
1480,30.4286,1,4.9878,1.0,wave,UNKNOWN,UNKNOWN,0.2267,0,67.457
1481,30.4437,1,4.9887,1.0,wave,UNKNOWN,UNKNOWN,0.2267,0,68.208
1482,30.4568,1,4.9884,1.0,wave,UNKNOWN,UNKNOWN,0.2267,0,68.345
1483,30.4716,1,4.9883,1.0,wave,UNKNOWN,UNKNOWN,0.2267,0,67.524
1484,30.4881,1,4.9917,1.0,wave,UNKNOWN,UNKNOWN,0.2267,0,68.316
1485,30.5012,1,4.9881,1.0,wave,UNKNOWN,UNKNOWN,0.2267,0,68.917
1486,30.5144,1,4.9886,1.0,wave,UNKNOWN,UNKNOWN,0.2267,0,69.692
1487,30.5276,1,4.9875,1.0,wave,UNKNOWN,UNKNOWN,0.2267,0,69.887
1488,30.5415,1,4.9871,1.0,wave,UNKNOWN,UNKNOWN,0.2267,0,70.489
1489,30.5548,1,4.9796,1.0,wave,UNKNOWN,UNKNOWN,0.23,1,71.187
1490,30.6062,1,4.9882,1.0,wave,UNKNOWN,UNKNOWN,0.23,0,65.936
1491,30.6213,1,4.9881,1.0,wave,UNKNOWN,UNKNOWN,0.23,0,66.956
1492,30.6346,1,4.9879,1.0,wave,UNKNOWN,UNKNOWN,0.23,0,67.764
1493,30.6475,1,4.9442,1.0,wave,UNKNOWN,UNKNOWN,0.23,0,68.728
1494,30.6605,1,4.9573,1.0,wave,UNKNOWN,UNKNOWN,0.23,0,69.393
1495,30.6738,1,4.9706,1.0,wave,UNKNOWN,UNKNOWN,0.23,0,69.002
1496,30.6893,1,4.9861,1.0,wave,UNKNOWN,UNKNOWN,0.23,0,68.754
1497,30.7041,1,4.9861,1.0,wave,UNKNOWN,UNKNOWN,0.23,0,69.584
1498,30.7176,1,4.9995,1.0,wave,UNKNOWN,UNKNOWN,0.23,0,67.657
1499,30.7371,1,4.9891,1.0,wave,UNKNOWN,UNKNOWN,0.23,0,68.47
1500,30.7507,1,4.9879,1.0,wave,UNKNOWN,UNKNOWN,0.23,0,68.347
1501,30.7651,1,4.989,1.0,wave,UNKNOWN,UNKNOWN,0.23,0,69.123
1502,30.7784,1,4.989,1.0,wave,UNKNOWN,UNKNOWN,0.23,0,69.756
1503,30.7917,1,4.9887,1.0,wave,UNKNOWN,UNKNOWN,0.23,0,69.579
1504,30.8064,1,4.9886,1.0,drink_return,UNKNOWN,UNKNOWN,0.2367,1,69.051
1505,30.8586,1,4.9942,1.0,drink_return,UNKNOWN,UNKNOWN,0.2367,0,63.888
1506,30.8797,1,4.9937,1.0,drink_return,UNKNOWN,UNKNOWN,0.2367,0,63.707
1507,30.8955,1,4.994,1.0,drink_return,UNKNOWN,UNKNOWN,0.2367,0,64.015
1508,30.9102,1,4.9543,1.0,drink_return,UNKNOWN,UNKNOWN,0.2367,0,64.212
1509,30.9254,1,4.9696,1.0,drink_return,UNKNOWN,UNKNOWN,0.2367,0,64.834
1510,30.9398,1,4.9839,1.0,drink_return,UNKNOWN,UNKNOWN,0.2367,0,64.992
1511,30.9545,1,4.9986,1.0,drink_return,UNKNOWN,UNKNOWN,0.2367,0,65.887
1512,30.9682,1,4.9981,1.0,drink_return,UNKNOWN,UNKNOWN,0.2367,0,66.923
1513,30.9812,1,4.9978,1.0,drink_return,UNKNOWN,UNKNOWN,0.2367,0,68.103
1514,30.9938,1,4.9971,1.0,drink_return,UNKNOWN,UNKNOWN,0.2367,0,68.863
1515,31.0073,1,4.9982,1.0,drink_return,UNKNOWN,UNKNOWN,0.2367,0,68.762
1516,31.0221,1,4.9858,1.0,drink_return,UNKNOWN,UNKNOWN,0.2367,0,68.084
1517,31.038,1,4.9882,1.0,drink_return,UNKNOWN,UNKNOWN,0.2367,0,67.983
1518,31.0532,1,4.9908,1.0,drink_return,UNKNOWN,UNKNOWN,0.2367,0,68.917
1519,31.066,1,4.9912,1.0,wave,UNKNOWN,UNKNOWN,0.2533,1,69.174
1520,31.1173,1,4.9992,1.0,wave,UNKNOWN,UNKNOWN,0.2533,0,64.176
1521,31.1324,1,4.9865,1.0,wave,UNKNOWN,UNKNOWN,0.2533,0,65.233
1522,31.1454,1,4.9996,1.0,wave,UNKNOWN,UNKNOWN,0.2533,0,66.2
1523,31.1586,1,4.9982,1.0,wave,UNKNOWN,UNKNOWN,0.2533,0,64.078
1524,31.1813,1,4.9691,1.0,wave,UNKNOWN,UNKNOWN,0.2533,0,65.128
1525,31.1945,1,4.9823,1.0,wave,UNKNOWN,UNKNOWN,0.2533,0,66.206
1526,31.2074,1,4.9952,1.0,wave,UNKNOWN,UNKNOWN,0.2533,0,65.625
1527,31.2242,1,4.9962,1.0,wave,UNKNOWN,UNKNOWN,0.2533,0,66.041
1528,31.2388,1,4.9967,1.0,wave,UNKNOWN,UNKNOWN,0.2533,0,66.396
1529,31.2527,1,4.9972,1.0,wave,UNKNOWN,UNKNOWN,0.2533,0,66.924
1530,31.267,1,4.9986,1.0,wave,UNKNOWN,UNKNOWN,0.2533,0,66.512
1531,31.2833,1,4.9845,1.0,wave,UNKNOWN,UNKNOWN,0.2533,0,66.752
1532,31.2975,1,4.9987,1.0,wave,UNKNOWN,UNKNOWN,0.2533,0,67.004
1533,31.3116,1,4.9983,1.0,wave,UNKNOWN,UNKNOWN,0.2533,0,67.984
1534,31.3247,1,4.9981,1.0,drink_return,UNKNOWN,UNKNOWN,0.24,1,68.853
1535,31.3747,1,4.9867,1.0,drink_return,UNKNOWN,UNKNOWN,0.24,0,63.893
1536,31.3898,1,4.9882,1.0,drink_return,UNKNOWN,UNKNOWN,0.24,0,64.642
1537,31.4045,1,4.9846,1.0,drink_return,UNKNOWN,UNKNOWN,0.24,0,65.529
1538,31.4174,1,4.9974,1.0,drink_return,UNKNOWN,UNKNOWN,0.24,0,66.256
1539,31.4309,1,4.9542,1.0,drink_return,UNKNOWN,UNKNOWN,0.24,0,66.989
1540,31.4447,1,4.9681,1.0,drink_return,UNKNOWN,UNKNOWN,0.24,0,67.395
1541,31.4587,1,4.9821,1.0,drink_return,UNKNOWN,UNKNOWN,0.24,0,67.415
1542,31.4734,1,4.9967,1.0,drink_return,UNKNOWN,UNKNOWN,0.24,0,67.835
1543,31.4873,1,4.9969,1.0,drink_return,UNKNOWN,UNKNOWN,0.24,0,67.323
1544,31.5035,1,4.9979,1.0,drink_return,UNKNOWN,UNKNOWN,0.24,0,68.111
1545,31.5167,1,4.9899,1.0,drink_return,UNKNOWN,UNKNOWN,0.24,0,68.888
1546,31.5298,1,4.9888,1.0,drink_return,UNKNOWN,UNKNOWN,0.24,0,69.613
1547,31.543,1,4.9842,1.0,drink_return,UNKNOWN,UNKNOWN,0.24,0,69.863
1548,31.5567,1,4.9978,1.0,drink_return,UNKNOWN,UNKNOWN,0.24,0,70.228
1549,31.5704,1,4.9973,1.0,drink_return,UNKNOWN,UNKNOWN,0.24,0,70.181
1550,31.5849,1,4.9984,1.0,drink_return,UNKNOWN,UNKNOWN,0.25,1,70.84
1551,31.6362,1,4.9947,1.0,drink_return,UNKNOWN,UNKNOWN,0.25,0,65.633
1552,31.6511,1,4.9949,1.0,drink_return,UNKNOWN,UNKNOWN,0.25,0,66.699
1553,31.6643,1,4.9945,1.0,drink_return,UNKNOWN,UNKNOWN,0.25,0,67.695
1554,31.6772,1,4.9911,1.0,drink_return,UNKNOWN,UNKNOWN,0.25,0,68.71
1555,31.6899,1,4.9529,1.0,drink_return,UNKNOWN,UNKNOWN,0.25,0,68.715
1556,31.7045,1,4.9675,1.0,drink_return,UNKNOWN,UNKNOWN,0.25,0,67.711
1557,31.7216,1,4.9846,1.0,drink_return,UNKNOWN,UNKNOWN,0.25,0,67.379
1558,31.7372,1,4.9855,1.0,drink_return,UNKNOWN,UNKNOWN,0.25,0,67.479
1559,31.7516,1,4.9999,1.0,drink_return,UNKNOWN,UNKNOWN,0.25,0,67.818
1560,31.766,1,4.9841,1.0,drink_return,UNKNOWN,UNKNOWN,0.25,0,67.885
1561,31.7808,1,4.999,1.0,drink_return,UNKNOWN,UNKNOWN,0.25,0,68.105
1562,31.7948,1,4.9988,1.0,drink_return,UNKNOWN,UNKNOWN,0.25,0,68.738
1563,31.8081,1,4.9989,1.0,drink_return,UNKNOWN,UNKNOWN,0.25,0,69.147
1564,31.8222,1,4.9892,1.0,drink_return,UNKNOWN,UNKNOWN,0.25,0,69.172
1565,31.8365,1,4.9883,1.0,drink_return,UNKNOWN,UNKNOWN,0.2367,1,68.501
1566,31.8996,1,4.9992,1.0,drink_return,UNKNOWN,UNKNOWN,0.2367,0,63.243
1567,31.9152,1,4.9869,1.0,drink_return,UNKNOWN,UNKNOWN,0.2367,0,64.598
1568,31.9288,1,4.9879,1.0,drink_return,UNKNOWN,UNKNOWN,0.2367,0,65.38
1569,31.9422,1,4.9495,1.0,drink_return,UNKNOWN,UNKNOWN,0.2367,0,66.169
1570,31.9557,1,4.963,1.0,drink_return,UNKNOWN,UNKNOWN,0.2367,0,66.878
1571,31.9694,1,4.9766,1.0,drink_return,UNKNOWN,UNKNOWN,0.2367,0,66.616
1572,31.985,1,4.9923,1.0,drink_return,UNKNOWN,UNKNOWN,0.2367,0,65.773
1573,32.0023,1,4.9958,1.0,drink_return,UNKNOWN,UNKNOWN,0.2367,0,63.761
1574,32.0241,1,4.9897,1.0,drink_return,UNKNOWN,UNKNOWN,0.2367,0,63.968
1575,32.0391,1,4.9919,1.0,drink_return,UNKNOWN,UNKNOWN,0.2367,0,64.686
1576,32.0531,1,4.9929,1.0,drink_return,UNKNOWN,UNKNOWN,0.2367,0,65.067
1577,32.0682,1,4.9938,1.0,drink_return,UNKNOWN,UNKNOWN,0.2367,0,65.066
1578,32.0833,1,4.9965,1.0,drink_return,UNKNOWN,UNKNOWN,0.2367,0,65.211
1579,32.0982,1,4.9903,1.0,drink_return,UNKNOWN,UNKNOWN,0.2367,1,66.165
1580,32.1511,1,4.9992,1.0,drink_return,UNKNOWN,UNKNOWN,0.2367,0,61.372
1581,32.1666,1,4.9868,1.0,drink_return,UNKNOWN,UNKNOWN,0.2367,0,61.909
1582,32.1816,1,4.988,1.0,drink_return,UNKNOWN,UNKNOWN,0.2367,0,63.138
1583,32.1954,1,4.9429,1.0,drink_return,UNKNOWN,UNKNOWN,0.2367,0,64.298
1584,32.208,1,4.9555,1.0,drink_return,UNKNOWN,UNKNOWN,0.2367,0,65.371
1585,32.2217,1,4.9693,1.0,drink_return,UNKNOWN,UNKNOWN,0.2367,0,65.776
1586,32.236,1,4.9836,1.0,drink_return,UNKNOWN,UNKNOWN,0.2367,0,65.931
1587,32.2509,1,4.9984,1.0,drink_return,UNKNOWN,UNKNOWN,0.2367,0,66.336
1588,32.2655,1,4.9981,1.0,drink_return,UNKNOWN,UNKNOWN,0.2367,0,65.549
1589,32.2822,1,4.9948,1.0,drink_return,UNKNOWN,UNKNOWN,0.2367,0,64.615
1590,32.3003,1,4.9982,1.0,drink_return,UNKNOWN,UNKNOWN,0.2367,0,65.149
1591,32.3143,1,4.9957,1.0,drink_return,UNKNOWN,UNKNOWN,0.2367,0,66.405
1592,32.3269,1,4.9928,1.0,drink_return,UNKNOWN,UNKNOWN,0.2367,0,67.737
1593,32.3397,1,4.9918,1.0,drink_return,UNKNOWN,UNKNOWN,0.2367,0,68.458
1594,32.353,1,4.9908,1.0,drink_return,UNKNOWN,UNKNOWN,0.2533,1,68.525
1595,32.4045,1,4.9997,1.0,drink_return,UNKNOWN,UNKNOWN,0.2533,0,63.612
1596,32.4192,1,4.9863,1.0,drink_return,UNKNOWN,UNKNOWN,0.2533,0,64.699
1597,32.4328,1,5.0,1.0,drink_return,UNKNOWN,UNKNOWN,0.2533,0,65.85
1598,32.446,1,4.9953,1.0,drink_return,UNKNOWN,UNKNOWN,0.2533,0,66.275
1599,32.4602,1,4.9557,1.0,drink_return,UNKNOWN,UNKNOWN,0.2533,0,66.99
1600,32.4735,1,4.9689,1.0,drink_return,UNKNOWN,UNKNOWN,0.2533,0,65.801
1601,32.4918,1,4.9873,1.0,drink_return,UNKNOWN,UNKNOWN,0.2533,0,66.792
1602,32.5048,1,4.9864,1.0,drink_return,UNKNOWN,UNKNOWN,0.2533,0,67.047
1603,32.5192,1,4.9879,1.0,drink_return,UNKNOWN,UNKNOWN,0.2533,0,67.876
1604,32.5326,1,4.9881,1.0,drink_return,UNKNOWN,UNKNOWN,0.2533,0,67.339
1605,32.5485,1,4.9899,1.0,drink_return,UNKNOWN,UNKNOWN,0.2533,0,68.671
1606,32.5611,1,4.9893,1.0,drink_return,UNKNOWN,UNKNOWN,0.2533,0,69.536
1607,32.5738,1,4.9885,1.0,drink_return,UNKNOWN,UNKNOWN,0.2533,0,70.463
1608,32.5863,1,4.9871,1.0,drink_return,UNKNOWN,UNKNOWN,0.2533,0,71.065
1609,32.5997,1,4.9873,1.0,drink_return,UNKNOWN,UNKNOWN,0.2533,0,71.239
1610,32.6137,1,4.9875,1.0,drink_return,UNKNOWN,UNKNOWN,0.2533,1,72.004
1611,32.6633,1,4.9967,1.0,drink_return,UNKNOWN,UNKNOWN,0.2533,0,66.74
1612,32.678,1,4.9971,1.0,drink_return,UNKNOWN,UNKNOWN,0.2533,0,66.209
1613,32.6943,1,4.9978,1.0,drink_return,UNKNOWN,UNKNOWN,0.2533,0,67.181
1614,32.7072,1,4.9969,1.0,drink_return,UNKNOWN,UNKNOWN,0.2533,0,68.177
1615,32.7202,1,4.8808,1.0,drink_return,UNKNOWN,UNKNOWN,0.2533,0,68.636
1616,32.7339,1,4.8946,1.0,drink_return,UNKNOWN,UNKNOWN,0.2533,0,69.174
1617,32.7472,1,4.9078,1.0,drink_return,UNKNOWN,UNKNOWN,0.2533,0,69.733
1618,32.7613,1,4.922,1.0,drink_return,UNKNOWN,UNKNOWN,0.2533,0,69.29
1619,32.7762,1,4.9369,1.0,drink_return,UNKNOWN,UNKNOWN,0.2533,0,69.818
1620,32.7896,1,4.9502,1.0,drink_return,UNKNOWN,UNKNOWN,0.2533,0,70.459
1621,32.8026,1,4.9633,1.0,drink_return,UNKNOWN,UNKNOWN,0.2533,0,70.716
1622,32.8163,1,4.977,1.0,drink_return,UNKNOWN,UNKNOWN,0.2533,0,70.873
1623,32.8304,1,4.9911,1.0,drink_return,UNKNOWN,UNKNOWN,0.2533,0,71.112
1624,32.8442,1,4.9875,1.0,drink_return,UNKNOWN,UNKNOWN,0.2533,0,70.806
1625,32.8584,1,4.9878,1.0,drink_return,UNKNOWN,UNKNOWN,0.2533,0,70.382
1626,32.8737,1,4.9902,1.0,drink_return,UNKNOWN,UNKNOWN,0.28,1,71.167
1627,32.9337,1,4.9925,1.0,drink_return,UNKNOWN,UNKNOWN,0.28,0,65.66
1628,32.9484,1,4.9934,1.0,drink_return,UNKNOWN,UNKNOWN,0.28,0,66.741
1629,32.9616,1,4.9924,1.0,drink_return,UNKNOWN,UNKNOWN,0.28,0,66.863
1630,32.9766,1,4.9581,1.0,drink_return,UNKNOWN,UNKNOWN,0.28,0,67.587
1631,32.9899,1,4.9714,1.0,drink_return,UNKNOWN,UNKNOWN,0.28,0,67.868
1632,33.0039,1,4.9854,1.0,drink_return,UNKNOWN,UNKNOWN,0.28,0,68.314
1633,33.0178,1,4.9993,1.0,drink_return,UNKNOWN,UNKNOWN,0.28,0,68.23
1634,33.0326,1,4.9995,1.0,drink_return,UNKNOWN,UNKNOWN,0.28,0,68.362
1635,33.0468,1,4.9994,1.0,drink_return,UNKNOWN,UNKNOWN,0.28,0,69.578
1636,33.0595,1,4.9986,1.0,drink_return,UNKNOWN,UNKNOWN,0.28,0,70.378
1637,33.0722,1,4.9943,1.0,drink_return,UNKNOWN,UNKNOWN,0.28,0,71.084
1638,33.0849,1,4.9932,1.0,drink_return,UNKNOWN,UNKNOWN,0.28,0,70.502
1639,33.1004,1,4.9966,1.0,drink_return,UNKNOWN,UNKNOWN,0.28,0,69.581
1640,33.1168,1,4.9992,1.0,drink_return,UNKNOWN,UNKNOWN,0.28,0,69.555
1641,33.1312,1,4.9998,1.0,drink_return,UNKNOWN,UNKNOWN,0.2633,1,67.534
1642,33.189,1,4.9979,1.0,drink_return,UNKNOWN,UNKNOWN,0.2633,0,62.708
1643,33.2033,1,4.9993,1.0,drink_return,UNKNOWN,UNKNOWN,0.2633,0,64.006
1644,33.2166,1,4.9987,1.0,drink_return,UNKNOWN,UNKNOWN,0.2633,0,64.716
1645,33.2307,1,4.9966,1.0,drink_return,UNKNOWN,UNKNOWN,0.2633,0,64.716
1646,33.2465,1,4.9585,1.0,drink_return,UNKNOWN,UNKNOWN,0.2633,0,65.021
1647,33.2615,1,4.9735,1.0,drink_return,UNKNOWN,UNKNOWN,0.2633,0,65.518
1648,33.2755,1,4.9875,1.0,drink_return,UNKNOWN,UNKNOWN,0.2633,0,66.226
1649,33.2891,1,4.9855,1.0,drink_return,UNKNOWN,UNKNOWN,0.2633,0,66.832
1650,33.3026,1,4.9991,1.0,drink_return,UNKNOWN,UNKNOWN,0.2633,0,67.978
1651,33.3159,1,4.9979,1.0,drink_return,UNKNOWN,UNKNOWN,0.2633,0,68.132
1652,33.3301,1,4.9986,1.0,drink_return,UNKNOWN,UNKNOWN,0.2633,0,68.757
1653,33.3435,1,4.9992,1.0,drink_return,UNKNOWN,UNKNOWN,0.2633,0,69.152
1654,33.3571,1,4.9987,1.0,drink_return,UNKNOWN,UNKNOWN,0.2633,0,69.72
1655,33.3703,1,4.9955,1.0,drink_return,UNKNOWN,UNKNOWN,0.2633,0,69.015
1656,33.3865,1,4.9986,1.0,drink_return,UNKNOWN,UNKNOWN,0.2633,1,69.165
1657,33.4387,1,4.9986,1.0,drink_return,UNKNOWN,UNKNOWN,0.2633,0,64.053
1658,33.456,1,4.9879,1.0,drink_return,UNKNOWN,UNKNOWN,0.2633,0,65.125
1659,33.4694,1,4.9813,1.0,drink_return,UNKNOWN,UNKNOWN,0.2633,0,66.15
1660,33.4827,1,4.9946,1.0,drink_return,UNKNOWN,UNKNOWN,0.2633,0,66.939
1661,33.4962,1,4.9503,1.0,drink_return,UNKNOWN,UNKNOWN,0.2633,0,68.008
1662,33.5091,1,4.9632,1.0,drink_return,UNKNOWN,UNKNOWN,0.2633,0,68.194
1663,33.5233,1,4.9774,1.0,drink_return,UNKNOWN,UNKNOWN,0.2633,0,68.571
1664,33.5375,1,4.9915,1.0,drink_return,UNKNOWN,UNKNOWN,0.2633,0,68.985
1665,33.551,1,4.9899,1.0,drink_return,UNKNOWN,UNKNOWN,0.2633,0,69.241
1666,33.5651,1,4.9892,1.0,drink_return,UNKNOWN,UNKNOWN,0.2633,0,69.765
1667,33.5785,1,4.9893,1.0,drink_return,UNKNOWN,UNKNOWN,0.2633,0,70.468
1668,33.5916,1,4.9896,1.0,drink_return,UNKNOWN,UNKNOWN,0.2633,0,70.743
1669,33.6051,1,4.9899,1.0,drink_return,UNKNOWN,UNKNOWN,0.2633,0,70.896
1670,33.619,1,4.9887,1.0,drink_return,UNKNOWN,UNKNOWN,0.2633,0,70.435
1671,33.634,1,4.9887,1.0,drink_return,UNKNOWN,UNKNOWN,0.2633,0,70.358
1672,33.6485,1,4.9891,1.0,drink_return,UNKNOWN,UNKNOWN,0.2467,1,70.075
1673,33.7014,1,4.9865,1.0,drink_return,UNKNOWN,UNKNOWN,0.2467,0,64.957
1674,33.7161,1,4.9876,1.0,drink_return,UNKNOWN,UNKNOWN,0.2467,0,64.476
1675,33.7328,1,4.9894,1.0,drink_return,UNKNOWN,UNKNOWN,0.2467,0,65.651
1676,33.7458,1,4.952,1.0,drink_return,UNKNOWN,UNKNOWN,0.2467,0,66.26
1677,33.7599,1,4.9661,1.0,drink_return,UNKNOWN,UNKNOWN,0.2467,0,67.038
1678,33.7738,1,4.98,1.0,drink_return,UNKNOWN,UNKNOWN,0.2467,0,67.582
1679,33.7871,1,4.9933,1.0,drink_return,UNKNOWN,UNKNOWN,0.2467,0,67.663
1680,33.8017,1,4.9918,1.0,drink_return,UNKNOWN,UNKNOWN,0.2467,0,68.017
1681,33.8157,1,4.9913,1.0,drink_return,UNKNOWN,UNKNOWN,0.2467,0,65.822
1682,33.8377,1,4.9991,1.0,drink_return,UNKNOWN,UNKNOWN,0.2467,0,65.776
1683,33.853,1,4.9996,1.0,drink_return,UNKNOWN,UNKNOWN,0.2467,0,66.474
1684,33.8665,1,4.9997,1.0,drink_return,UNKNOWN,UNKNOWN,0.2467,0,67.018
1685,33.8804,1,4.9987,1.0,drink_return,UNKNOWN,UNKNOWN,0.2467,0,67.29
1686,33.8947,1,4.9994,1.0,drink_return,UNKNOWN,UNKNOWN,0.2467,0,65.793
1687,33.9141,1,4.9902,1.0,drink_return,UNKNOWN,UNKNOWN,0.26,1,66.088
1688,33.9659,1,4.9942,1.0,drink_return,UNKNOWN,UNKNOWN,0.26,0,61.409
1689,33.98,1,4.995,1.0,drink_return,UNKNOWN,UNKNOWN,0.26,0,62.629
1690,33.9939,1,4.9962,1.0,drink_return,UNKNOWN,UNKNOWN,0.26,0,63.418
1691,34.008,1,4.9572,1.0,drink_return,UNKNOWN,UNKNOWN,0.26,0,65.031
1692,34.0204,1,4.9696,1.0,drink_return,UNKNOWN,UNKNOWN,0.26,0,65.892
1693,34.0341,1,4.9834,1.0,drink_return,UNKNOWN,UNKNOWN,0.26,0,66.367
1694,34.0485,1,4.9977,1.0,drink_return,UNKNOWN,UNKNOWN,0.26,0,66.936
1695,34.0625,1,4.9981,1.0,drink_return,UNKNOWN,UNKNOWN,0.26,0,66.397
1696,34.0786,1,4.9941,1.0,drink_return,UNKNOWN,UNKNOWN,0.26,0,65.84
1697,34.0951,1,4.9948,1.0,drink_return,UNKNOWN,UNKNOWN,0.26,0,65.195
1698,34.1119,1,4.9971,1.0,drink_return,UNKNOWN,UNKNOWN,0.26,0,66.208
1699,34.125,1,4.9927,1.0,drink_return,UNKNOWN,UNKNOWN,0.26,0,67.414
1700,34.1379,1,4.9913,1.0,drink_return,UNKNOWN,UNKNOWN,0.26,0,67.473
1701,34.153,1,4.992,1.0,drink_return,UNKNOWN,UNKNOWN,0.26,0,64.976
1702,34.1763,1,4.9993,1.0,drink_return,UNKNOWN,UNKNOWN,0.2667,1,64.596
1703,34.2307,1,4.988,1.0,drink_return,UNKNOWN,UNKNOWN,0.2667,0,60.034
1704,34.2452,1,4.9891,1.0,drink_return,UNKNOWN,UNKNOWN,0.2667,0,61.69
1705,34.2584,1,4.945,1.0,drink_return,UNKNOWN,UNKNOWN,0.2667,0,62.725
1706,34.2724,1,4.959,1.0,drink_return,UNKNOWN,UNKNOWN,0.2667,0,63.964
1707,34.2853,1,4.9719,1.0,drink_return,UNKNOWN,UNKNOWN,0.2667,0,64.22
1708,34.3003,1,4.9869,1.0,drink_return,UNKNOWN,UNKNOWN,0.2667,0,65.085
1709,34.314,1,4.9863,1.0,drink_return,UNKNOWN,UNKNOWN,0.2667,0,65.652
1710,34.3285,1,4.9887,1.0,drink_return,UNKNOWN,UNKNOWN,0.2667,0,65.357
1711,34.3441,1,4.9916,1.0,drink_return,UNKNOWN,UNKNOWN,0.2667,0,66.551
1712,34.3573,1,4.9916,1.0,drink_return,UNKNOWN,UNKNOWN,0.2667,0,67.507
1713,34.3705,1,4.9914,1.0,drink_return,UNKNOWN,UNKNOWN,0.2667,0,68.338
1714,34.3833,1,4.9889,1.0,drink_return,UNKNOWN,UNKNOWN,0.2667,0,66.756
1715,34.4028,1,4.9915,1.0,drink_return,UNKNOWN,UNKNOWN,0.2667,0,67.368
1716,34.4161,1,4.9902,1.0,drink_return,UNKNOWN,UNKNOWN,0.2667,0,66.106
1717,34.4347,1,4.9959,1.0,drink_return,UNKNOWN,UNKNOWN,0.2533,1,66.363
1718,34.4905,1,4.9962,1.0,drink_return,UNKNOWN,UNKNOWN,0.2533,0,61.5
1719,34.506,1,4.9956,1.0,drink_return,UNKNOWN,UNKNOWN,0.2533,0,62.912
1720,34.5192,1,4.9552,1.0,drink_return,UNKNOWN,UNKNOWN,0.2533,0,64.08
1721,34.532,1,4.968,1.0,drink_return,UNKNOWN,UNKNOWN,0.2533,0,65.485
1722,34.5449,1,4.9809,1.0,drink_return,UNKNOWN,UNKNOWN,0.2533,0,65.385
1723,34.5603,1,4.9963,1.0,drink_return,UNKNOWN,UNKNOWN,0.2533,0,66.001
1724,34.5746,1,4.995,1.0,drink_return,UNKNOWN,UNKNOWN,0.2533,0,65.782
1725,34.59,1,4.9959,1.0,drink_return,UNKNOWN,UNKNOWN,0.2533,0,66.338
1726,34.6042,1,4.9931,1.0,drink_return,UNKNOWN,UNKNOWN,0.2533,0,66.356
1727,34.6189,1,4.9934,1.0,drink_return,UNKNOWN,UNKNOWN,0.2533,0,67.642
1728,34.6321,1,4.9922,1.0,drink_return,UNKNOWN,UNKNOWN,0.2533,0,67.948
1729,34.6458,1,4.9929,1.0,drink_return,UNKNOWN,UNKNOWN,0.2533,0,68.316
1730,34.6598,1,4.9933,1.0,drink_return,UNKNOWN,UNKNOWN,0.2533,0,69.04
1731,34.673,1,4.9846,1.0,drink_return,UNKNOWN,UNKNOWN,0.2533,0,68.89
1732,34.6879,1,4.9995,1.0,drink_return,UNKNOWN,UNKNOWN,0.26,1,69.165
1733,34.7394,1,4.9896,1.0,drink_return,UNKNOWN,UNKNOWN,0.26,0,64.181
1734,34.7535,1,4.9796,1.0,drink_return,UNKNOWN,UNKNOWN,0.26,0,63.521
1735,34.771,1,4.9971,1.0,drink_return,UNKNOWN,UNKNOWN,0.26,0,62.608
1736,34.7893,1,4.9607,1.0,drink_return,UNKNOWN,UNKNOWN,0.26,0,63.726
1737,34.8029,1,4.9743,1.0,drink_return,UNKNOWN,UNKNOWN,0.26,0,65.107
1738,34.8158,1,4.9872,1.0,drink_return,UNKNOWN,UNKNOWN,0.26,0,62.63
1739,34.8406,1,4.998,1.0,drink_return,UNKNOWN,UNKNOWN,0.26,0,63.165
1740,34.8552,1,4.9944,1.0,drink_return,UNKNOWN,UNKNOWN,0.26,0,63.755
1741,34.8698,1,4.9895,1.0,drink_return,UNKNOWN,UNKNOWN,0.26,0,65.079
1742,34.8835,1,4.9881,1.0,drink_return,UNKNOWN,UNKNOWN,0.26,0,65.474
1743,34.8973,1,4.9861,1.0,drink_return,UNKNOWN,UNKNOWN,0.26,0,65.574
1744,34.9123,1,4.9856,1.0,drink_return,UNKNOWN,UNKNOWN,0.26,0,65.117
1745,34.9291,1,4.9881,1.0,drink_return,UNKNOWN,UNKNOWN,0.26,0,65.688
1746,34.9429,1,4.9868,1.0,drink_return,UNKNOWN,UNKNOWN,0.2667,1,66.229
1747,34.9954,1,5.0,1.0,drink_return,UNKNOWN,UNKNOWN,0.2667,0,61.494
1748,35.0099,1,4.9928,1.0,drink_return,UNKNOWN,UNKNOWN,0.2667,0,62.482
1749,35.0238,1,4.9933,1.0,drink_return,UNKNOWN,UNKNOWN,0.2667,0,64.076
1750,35.0368,1,4.9551,1.0,drink_return,UNKNOWN,UNKNOWN,0.2667,0,65.205
1751,35.0499,1,4.9682,1.0,drink_return,UNKNOWN,UNKNOWN,0.2667,0,66.144
1752,35.0631,1,4.9814,1.0,drink_return,UNKNOWN,UNKNOWN,0.2667,0,67.074
1753,35.0763,1,4.9946,1.0,drink_return,UNKNOWN,UNKNOWN,0.2667,0,67.726
1754,35.0901,1,4.9935,1.0,drink_return,UNKNOWN,UNKNOWN,0.2667,0,67.046
1755,35.1071,1,4.9963,1.0,drink_return,UNKNOWN,UNKNOWN,0.2667,0,67.343
1756,35.121,1,4.9962,1.0,drink_return,UNKNOWN,UNKNOWN,0.2667,0,68.214
1757,35.1339,1,4.9949,1.0,drink_return,UNKNOWN,UNKNOWN,0.2667,0,68.443
1758,35.1483,1,4.9963,1.0,drink_return,UNKNOWN,UNKNOWN,0.2667,0,68.853
1759,35.1619,1,4.9945,1.0,drink_return,UNKNOWN,UNKNOWN,0.2667,0,68.978
1760,35.1759,1,4.9953,1.0,drink_return,UNKNOWN,UNKNOWN,0.2667,0,69.027
1761,35.1905,1,4.9944,1.0,drink_return,UNKNOWN,UNKNOWN,0.2667,0,67.936
1762,35.2077,1,4.9976,1.0,drink_return,UNKNOWN,UNKNOWN,0.2733,1,68.23
1763,35.2599,1,4.9943,1.0,drink_return,UNKNOWN,UNKNOWN,0.2733,0,63.333
1764,35.2737,1,4.995,1.0,drink_return,UNKNOWN,UNKNOWN,0.2733,0,64.176
1765,35.2879,1,4.9956,1.0,drink_return,UNKNOWN,UNKNOWN,0.2733,0,65.383
1766,35.3011,1,4.9557,1.0,drink_return,UNKNOWN,UNKNOWN,0.2733,0,66.533
1767,35.3135,1,4.9681,1.0,drink_return,UNKNOWN,UNKNOWN,0.2733,0,67.344
1768,35.3274,1,4.982,1.0,drink_return,UNKNOWN,UNKNOWN,0.2733,0,67.139
1769,35.3428,1,4.9974,1.0,drink_return,UNKNOWN,UNKNOWN,0.2733,0,67.359
1770,35.3569,1,4.9973,1.0,drink_return,UNKNOWN,UNKNOWN,0.2733,0,67.634
1771,35.3712,1,4.9983,1.0,drink_return,UNKNOWN,UNKNOWN,0.2733,0,68.573
1772,35.3847,1,4.9968,1.0,drink_return,UNKNOWN,UNKNOWN,0.2733,0,69.052
1773,35.3977,1,4.9965,1.0,drink_return,UNKNOWN,UNKNOWN,0.2733,0,69.409
1774,35.4115,1,4.9974,1.0,drink_return,UNKNOWN,UNKNOWN,0.2733,0,69.74
1775,35.4254,1,4.9968,1.0,drink_return,UNKNOWN,UNKNOWN,0.2733,0,69.496
1776,35.4402,1,4.9965,1.0,drink_return,UNKNOWN,UNKNOWN,0.2733,0,69.466
1777,35.4545,1,4.9977,1.0,drink_return,UNKNOWN,UNKNOWN,0.2733,0,70.453
1778,35.4677,1,4.9961,1.0,drink_return,UNKNOWN,UNKNOWN,0.2567,1,70.965
1779,35.5178,1,4.9902,1.0,drink_return,UNKNOWN,UNKNOWN,0.2567,0,65.841
1780,35.5317,1,4.9902,1.0,drink_return,UNKNOWN,UNKNOWN,0.2567,0,66.489
1781,35.5454,1,4.9907,1.0,drink_return,UNKNOWN,UNKNOWN,0.2567,0,66.041
1782,35.5614,1,4.9551,1.0,drink_return,UNKNOWN,UNKNOWN,0.2567,0,67.192
1783,35.5741,1,4.9679,1.0,drink_return,UNKNOWN,UNKNOWN,0.2567,0,67.565
1784,35.5881,1,4.9818,1.0,drink_return,UNKNOWN,UNKNOWN,0.2567,0,66.869
1785,35.6047,1,4.9984,1.0,drink_return,UNKNOWN,UNKNOWN,0.2567,0,67.739
1786,35.6179,1,4.9966,1.0,drink_return,UNKNOWN,UNKNOWN,0.2567,0,68.474
1787,35.6313,1,4.9967,1.0,drink_return,UNKNOWN,UNKNOWN,0.2567,0,68.608
1788,35.6457,1,4.9983,1.0,drink_return,UNKNOWN,UNKNOWN,0.2567,0,69.266
1789,35.6591,1,4.9986,1.0,drink_return,UNKNOWN,UNKNOWN,0.2567,0,68.535
1790,35.6752,1,4.9859,1.0,drink_return,UNKNOWN,UNKNOWN,0.2567,0,68.093
1791,35.6909,1,4.9868,1.0,drink_return,UNKNOWN,UNKNOWN,0.2567,0,68.389
1792,35.7047,1,4.9871,1.0,drink_return,UNKNOWN,UNKNOWN,0.2567,0,68.559
1793,35.7189,1,4.9818,1.0,drink_return,UNKNOWN,UNKNOWN,0.2633,1,69.401
1794,35.778,1,4.9997,1.0,drink_return,UNKNOWN,UNKNOWN,0.2633,0,64.125
1795,35.7922,1,4.9858,1.0,drink_return,UNKNOWN,UNKNOWN,0.2633,0,65.088
1796,35.8056,1,4.9992,1.0,drink_return,UNKNOWN,UNKNOWN,0.2633,0,65.831
1797,35.8193,1,4.9607,1.0,drink_return,UNKNOWN,UNKNOWN,0.2633,0,67.201
1798,35.8317,1,4.9731,1.0,drink_return,UNKNOWN,UNKNOWN,0.2633,0,66.326
1799,35.849,1,4.9904,1.0,drink_return,UNKNOWN,UNKNOWN,0.2633,0,66.466
1800,35.8639,1,4.9842,1.0,drink_return,UNKNOWN,UNKNOWN,0.2633,0,67.325
1801,35.8772,1,4.9975,1.0,drink_return,UNKNOWN,UNKNOWN,0.2633,0,67.511
1802,35.8916,1,4.996,1.0,drink_return,UNKNOWN,UNKNOWN,0.2633,0,68.222
1803,35.9051,1,4.9948,1.0,drink_return,UNKNOWN,UNKNOWN,0.2633,0,68.995
1804,35.9184,1,4.993,1.0,drink_return,UNKNOWN,UNKNOWN,0.2633,0,69.443
1805,35.9316,1,4.9919,1.0,drink_return,UNKNOWN,UNKNOWN,0.2633,0,70.194
1806,35.9449,1,4.9904,1.0,drink_return,UNKNOWN,UNKNOWN,0.2633,0,70.131
1807,35.9591,1,4.9908,1.0,drink_return,UNKNOWN,UNKNOWN,0.2633,0,69.476
1808,35.9751,1,4.9939,1.0,drink_return,UNKNOWN,UNKNOWN,0.2633,1,69.25
1809,36.0281,1,4.9901,1.0,drink_return,UNKNOWN,UNKNOWN,0.2633,0,64.232
1810,36.0425,1,4.9893,1.0,drink_return,UNKNOWN,UNKNOWN,0.2633,0,65.189
1811,36.0558,1,4.9898,1.0,drink_return,UNKNOWN,UNKNOWN,0.2633,0,65.394
1812,36.0709,1,4.9536,1.0,drink_return,UNKNOWN,UNKNOWN,0.2633,0,66.167
1813,36.0843,1,4.967,1.0,drink_return,UNKNOWN,UNKNOWN,0.2633,0,63.872
1814,36.1076,1,4.9903,1.0,drink_return,UNKNOWN,UNKNOWN,0.2633,0,62.96
1815,36.1261,1,4.9938,1.0,drink_return,UNKNOWN,UNKNOWN,0.2633,0,62.628
1816,36.1426,1,4.9972,1.0,drink_return,UNKNOWN,UNKNOWN,0.2633,0,62.568
1817,36.1586,1,4.9774,1.0,drink_return,UNKNOWN,UNKNOWN,0.2633,0,63.265
1818,36.1731,1,4.9918,1.0,drink_return,UNKNOWN,UNKNOWN,0.2633,0,63.41
1819,36.1884,1,4.9939,1.0,drink_return,UNKNOWN,UNKNOWN,0.2633,0,63.59
1820,36.2039,1,4.9965,1.0,drink_return,UNKNOWN,UNKNOWN,0.2633,0,62.594
1821,36.2226,1,4.9985,1.0,drink_return,UNKNOWN,UNKNOWN,0.2633,0,63.25
1822,36.2368,1,4.998,1.0,drink_return,UNKNOWN,UNKNOWN,0.2467,1,64.208
1823,36.2906,1,4.9932,1.0,drink_return,UNKNOWN,UNKNOWN,0.2467,0,59.631
1824,36.3049,1,4.9932,1.0,drink_return,UNKNOWN,UNKNOWN,0.2467,0,60.004
1825,36.3208,1,4.9961,1.0,drink_return,UNKNOWN,UNKNOWN,0.2467,0,61.5
1826,36.3343,1,4.9596,1.0,drink_return,UNKNOWN,UNKNOWN,0.2467,0,62.823
1827,36.3472,1,4.9725,1.0,drink_return,UNKNOWN,UNKNOWN,0.2467,0,63.25
1828,36.3629,1,4.9883,1.0,drink_return,UNKNOWN,UNKNOWN,0.2467,0,61.099
1829,36.3864,1,4.9967,1.0,drink_return,UNKNOWN,UNKNOWN,0.2467,0,61.355
1830,36.402,1,4.9975,1.0,drink_return,UNKNOWN,UNKNOWN,0.2467,0,62.859
1831,36.4152,1,4.9978,1.0,drink_return,UNKNOWN,UNKNOWN,0.2467,0,61.256
1832,36.4363,1,4.9915,1.0,drink_return,UNKNOWN,UNKNOWN,0.2467,0,62.016
1833,36.4508,1,4.9921,1.0,drink_return,UNKNOWN,UNKNOWN,0.2467,0,63.738
1834,36.464,1,4.9906,1.0,drink_return,UNKNOWN,UNKNOWN,0.2467,0,63.753
1835,36.4798,1,4.9924,1.0,drink_return,UNKNOWN,UNKNOWN,0.2467,0,64.633
1836,36.493,1,4.9895,1.0,drink_return,UNKNOWN,UNKNOWN,0.23,1,65.017
1837,36.5518,1,4.9951,1.0,drink_return,UNKNOWN,UNKNOWN,0.23,0,60.201
1838,36.5673,1,4.997,1.0,drink_return,UNKNOWN,UNKNOWN,0.23,0,61.488
1839,36.5811,1,4.9962,1.0,drink_return,UNKNOWN,UNKNOWN,0.23,0,62.413
1840,36.5948,1,4.9586,1.0,drink_return,UNKNOWN,UNKNOWN,0.23,0,63.971
1841,36.6071,1,4.9708,1.0,drink_return,UNKNOWN,UNKNOWN,0.23,0,64.991
1842,36.6211,1,4.9849,1.0,drink_return,UNKNOWN,UNKNOWN,0.23,0,65.457
1843,36.6351,1,4.9989,1.0,drink_return,UNKNOWN,UNKNOWN,0.23,0,65.777
1844,36.65,1,4.9989,1.0,drink_return,UNKNOWN,UNKNOWN,0.23,0,66.865
1845,36.6633,1,4.999,1.0,drink_return,UNKNOWN,UNKNOWN,0.23,0,66.641
1846,36.6784,1,4.9885,1.0,drink_return,UNKNOWN,UNKNOWN,0.23,0,67.727
1847,36.6913,1,4.9867,1.0,drink_return,UNKNOWN,UNKNOWN,0.23,0,68.283
1848,36.7051,1,4.9834,1.0,drink_return,UNKNOWN,UNKNOWN,0.23,0,67.94
1849,36.7203,1,4.9987,1.0,drink_return,UNKNOWN,UNKNOWN,0.23,0,68.067
1850,36.7348,1,4.9977,1.0,drink_return,UNKNOWN,UNKNOWN,0.23,0,68.323
1851,36.7494,1,4.9978,1.0,drink_return,UNKNOWN,UNKNOWN,0.2533,1,68.971
1852,36.8026,1,4.9945,1.0,drink_return,UNKNOWN,UNKNOWN,0.2533,0,63.854
1853,36.8186,1,4.9964,1.0,drink_return,UNKNOWN,UNKNOWN,0.2533,0,64.86
1854,36.8322,1,4.9956,1.0,drink_return,UNKNOWN,UNKNOWN,0.2533,0,65.952
1855,36.8455,1,4.9459,1.0,drink_return,UNKNOWN,UNKNOWN,0.2533,0,66.998
1856,36.8585,1,4.9588,1.0,drink_return,UNKNOWN,UNKNOWN,0.2533,0,66.957
1857,36.8733,1,4.9737,1.0,drink_return,UNKNOWN,UNKNOWN,0.2533,0,67.667
1858,36.8868,1,4.9872,1.0,drink_return,UNKNOWN,UNKNOWN,0.2533,0,67.978
1859,36.901,1,4.9858,1.0,drink_return,UNKNOWN,UNKNOWN,0.2533,0,67.096
1860,36.9178,1,4.989,1.0,drink_return,UNKNOWN,UNKNOWN,0.2533,0,67.542
1861,36.9317,1,4.9895,1.0,drink_return,UNKNOWN,UNKNOWN,0.2533,0,68.733
1862,36.9448,1,4.9891,1.0,drink_return,UNKNOWN,UNKNOWN,0.2533,0,69.041
1863,36.959,1,4.9897,1.0,drink_return,UNKNOWN,UNKNOWN,0.2533,0,66.271
1864,36.983,1,4.998,1.0,drink_return,UNKNOWN,UNKNOWN,0.2533,0,65.299
1865,37.0002,1,4.9979,1.0,drink_return,UNKNOWN,UNKNOWN,0.2567,1,64.491
1866,37.0541,1,4.9859,1.0,drink_return,UNKNOWN,UNKNOWN,0.2567,0,60.053
1867,37.0677,1,4.9995,1.0,drink_return,UNKNOWN,UNKNOWN,0.2567,0,61.414
1868,37.0812,1,4.9979,1.0,drink_return,UNKNOWN,UNKNOWN,0.2567,0,61.537
1869,37.0972,1,4.9989,1.0,drink_return,UNKNOWN,UNKNOWN,0.2567,0,62.974
1870,37.1103,1,4.9591,1.0,drink_return,UNKNOWN,UNKNOWN,0.2567,0,63.707
1871,37.1244,1,4.9733,1.0,drink_return,UNKNOWN,UNKNOWN,0.2567,0,64.216
1872,37.139,1,4.9879,1.0,drink_return,UNKNOWN,UNKNOWN,0.2567,0,64.952
1873,37.153,1,4.9864,1.0,drink_return,UNKNOWN,UNKNOWN,0.2567,0,64.981
1874,37.1685,1,4.9869,1.0,drink_return,UNKNOWN,UNKNOWN,0.2567,0,64.862
1875,37.1838,1,4.9885,1.0,drink_return,UNKNOWN,UNKNOWN,0.2567,0,65.354
1876,37.1983,1,4.9903,1.0,drink_return,UNKNOWN,UNKNOWN,0.2567,0,66.622
1877,37.2115,1,4.9898,1.0,drink_return,UNKNOWN,UNKNOWN,0.2567,0,67.321
1878,37.2247,1,4.9887,1.0,drink_return,UNKNOWN,UNKNOWN,0.2567,0,67.451
1879,37.2393,1,4.9884,1.0,drink_return,UNKNOWN,UNKNOWN,0.2567,0,67.598
1880,37.254,1,4.9885,1.0,drink_return,UNKNOWN,UNKNOWN,0.2367,1,67.666
1881,37.3055,1,4.9911,1.0,drink_return,UNKNOWN,UNKNOWN,0.2367,0,62.836
1882,37.3201,1,4.9932,1.0,drink_return,UNKNOWN,UNKNOWN,0.2367,0,62.851
1883,37.3357,1,4.9961,1.0,drink_return,UNKNOWN,UNKNOWN,0.2367,0,64.011
1884,37.3495,1,4.9965,1.0,drink_return,UNKNOWN,UNKNOWN,0.2367,0,63.197
1885,37.3673,1,4.9628,1.0,drink_return,UNKNOWN,UNKNOWN,0.2367,0,63.866
1886,37.3815,1,4.977,1.0,drink_return,UNKNOWN,UNKNOWN,0.2367,0,65.399
1887,37.3941,1,4.9897,1.0,drink_return,UNKNOWN,UNKNOWN,0.2367,0,66.316
1888,37.4078,1,4.9886,1.0,drink_return,UNKNOWN,UNKNOWN,0.2367,0,66.871
1889,37.4213,1,4.9885,1.0,drink_return,UNKNOWN,UNKNOWN,0.2367,0,65.274
1890,37.4409,1,4.9949,1.0,drink_return,UNKNOWN,UNKNOWN,0.2367,0,63.358
1891,37.4632,1,4.9898,1.0,drink_return,UNKNOWN,UNKNOWN,0.2367,0,64.433
1892,37.4765,1,4.9846,1.0,drink_return,UNKNOWN,UNKNOWN,0.2367,0,65.306
1893,37.49,1,4.9981,1.0,drink_return,UNKNOWN,UNKNOWN,0.2367,0,66.102
1894,37.5033,1,4.9985,1.0,drink_return,UNKNOWN,UNKNOWN,0.2367,0,66.62
1895,37.5177,1,4.9984,1.0,drink_return,UNKNOWN,UNKNOWN,0.25,1,66.858
1896,37.5686,1,4.9948,1.0,drink_return,UNKNOWN,UNKNOWN,0.25,0,62.12
1897,37.5832,1,4.9969,1.0,drink_return,UNKNOWN,UNKNOWN,0.25,0,63.729
1898,37.5964,1,4.9967,1.0,drink_return,UNKNOWN,UNKNOWN,0.25,0,64.7
1899,37.61,1,4.9963,1.0,drink_return,UNKNOWN,UNKNOWN,0.25,0,66.034
1900,37.6224,1,4.9591,1.0,drink_return,UNKNOWN,UNKNOWN,0.25,0,66.863
1901,37.6363,1,4.973,1.0,drink_return,UNKNOWN,UNKNOWN,0.25,0,66.921
1902,37.651,1,4.9877,1.0,drink_return,UNKNOWN,UNKNOWN,0.25,0,67.57
1903,37.6646,1,4.9866,1.0,drink_return,UNKNOWN,UNKNOWN,0.25,0,68.267
1904,37.6781,1,4.9838,1.0,drink_return,UNKNOWN,UNKNOWN,0.25,0,67.465
1905,37.6948,1,4.9876,1.0,drink_return,UNKNOWN,UNKNOWN,0.25,0,68.237
1906,37.7083,1,4.9881,1.0,drink_return,UNKNOWN,UNKNOWN,0.25,0,68.58
1907,37.7218,1,4.9879,1.0,drink_return,UNKNOWN,UNKNOWN,0.25,0,69.097
1908,37.7355,1,4.9883,1.0,drink_return,UNKNOWN,UNKNOWN,0.25,0,68.835
1909,37.7504,1,4.989,1.0,drink_return,UNKNOWN,UNKNOWN,0.25,0,68.957
1910,37.7647,1,4.9885,1.0,drink_return,UNKNOWN,UNKNOWN,0.25,0,69.115
1911,37.7792,1,4.9896,1.0,drink_return,UNKNOWN,UNKNOWN,0.2567,1,69.678
1912,37.8297,1,4.9993,1.0,drink_return,UNKNOWN,UNKNOWN,0.2567,0,64.615
1913,37.8446,1,4.9862,1.0,drink_return,UNKNOWN,UNKNOWN,0.2567,0,65.825
1914,37.8582,1,4.9998,1.0,drink_return,UNKNOWN,UNKNOWN,0.2567,0,65.616
1915,37.8736,1,4.9998,1.0,drink_return,UNKNOWN,UNKNOWN,0.2567,0,66.692
1916,37.8865,1,4.9528,1.0,drink_return,UNKNOWN,UNKNOWN,0.2567,0,67.394
1917,37.9,1,4.9662,1.0,drink_return,UNKNOWN,UNKNOWN,0.2567,0,67.662
1918,37.9145,1,4.9807,1.0,drink_return,UNKNOWN,UNKNOWN,0.2567,0,67.676
1919,37.9292,1,4.9954,1.0,drink_return,UNKNOWN,UNKNOWN,0.2567,0,68.955
1920,37.942,1,4.9936,1.0,drink_return,UNKNOWN,UNKNOWN,0.2567,0,69.59
1921,37.955,1,4.9934,1.0,drink_return,UNKNOWN,UNKNOWN,0.2567,0,69.719
1922,37.9689,1,4.9922,1.0,drink_return,UNKNOWN,UNKNOWN,0.2567,0,70.245
1923,37.9821,1,4.9922,1.0,drink_return,UNKNOWN,UNKNOWN,0.2567,0,70.237
1924,37.9965,1,4.9926,1.0,drink_return,UNKNOWN,UNKNOWN,0.2567,0,68.978
1925,38.014,1,4.9962,1.0,drink_return,UNKNOWN,UNKNOWN,0.2567,0,68.376
1926,38.0299,1,4.9973,1.0,drink_return,UNKNOWN,UNKNOWN,0.2767,1,67.424
1927,38.0868,1,4.9864,1.0,drink_return,UNKNOWN,UNKNOWN,0.2767,0,62.514
1928,38.1013,1,4.9846,1.0,drink_return,UNKNOWN,UNKNOWN,0.2767,0,62.53
1929,38.1173,1,4.9861,1.0,drink_return,UNKNOWN,UNKNOWN,0.2767,0,62.703
1930,38.133,1,4.9439,1.0,drink_return,UNKNOWN,UNKNOWN,0.2767,0,64.014
1931,38.1465,1,4.9575,1.0,drink_return,UNKNOWN,UNKNOWN,0.2767,0,64.188
1932,38.161,1,4.972,1.0,drink_return,UNKNOWN,UNKNOWN,0.2767,0,65.669
1933,38.1741,1,4.985,1.0,drink_return,UNKNOWN,UNKNOWN,0.2767,0,66.502
1934,38.1874,1,4.9984,1.0,drink_return,UNKNOWN,UNKNOWN,0.2767,0,64.895
1935,38.2079,1,4.9913,1.0,drink_return,UNKNOWN,UNKNOWN,0.2767,0,64.975
1936,38.2226,1,4.992,1.0,drink_return,UNKNOWN,UNKNOWN,0.2767,0,65.736
1937,38.2364,1,4.9899,1.0,drink_return,UNKNOWN,UNKNOWN,0.2767,0,65.735
1938,38.2518,1,4.9903,1.0,drink_return,UNKNOWN,UNKNOWN,0.2767,0,65.185
1939,38.2681,1,4.9926,1.0,drink_return,UNKNOWN,UNKNOWN,0.2767,0,63.966
1940,38.2873,1,4.9982,1.0,drink_return,UNKNOWN,UNKNOWN,0.3033,1,64.612
1941,38.3404,1,4.9969,1.0,drink_return,UNKNOWN,UNKNOWN,0.3033,0,60.02
1942,38.3546,1,4.9975,1.0,drink_return,UNKNOWN,UNKNOWN,0.3033,0,60.091
1943,38.3711,1,4.9846,1.0,drink_return,UNKNOWN,UNKNOWN,0.3033,0,61.532
1944,38.3846,1,4.9981,1.0,drink_return,UNKNOWN,UNKNOWN,0.3033,0,63.098
1945,38.3977,1,4.959,1.0,drink_return,UNKNOWN,UNKNOWN,0.3033,0,64.002
1946,38.4115,1,4.9728,1.0,drink_return,UNKNOWN,UNKNOWN,0.3033,0,64.245
1947,38.4266,1,4.9879,1.0,drink_return,UNKNOWN,UNKNOWN,0.3033,0,65.27
1948,38.4403,1,4.9843,1.0,drink_return,UNKNOWN,UNKNOWN,0.3033,0,65.572
1949,38.4544,1,4.9984,1.0,drink_return,UNKNOWN,UNKNOWN,0.3033,0,64.175
1950,38.474,1,4.9913,1.0,drink_return,UNKNOWN,UNKNOWN,0.3033,0,63.973
1951,38.4903,1,4.994,1.0,drink_return,UNKNOWN,UNKNOWN,0.3033,0,64.599
1952,38.5041,1,4.995,1.0,drink_return,UNKNOWN,UNKNOWN,0.3033,0,65.466
1953,38.5182,1,4.9949,1.0,drink_return,UNKNOWN,UNKNOWN,0.3033,0,66.305
1954,38.5319,1,4.9944,1.0,drink_return,UNKNOWN,UNKNOWN,0.3033,0,66.899
1955,38.5452,1,4.9942,1.0,drink_return,UNKNOWN,UNKNOWN,0.27,1,66.85
1956,38.599,1,4.994,1.0,drink_return,UNKNOWN,UNKNOWN,0.27,0,61.984
1957,38.6153,1,4.9962,1.0,drink_return,UNKNOWN,UNKNOWN,0.27,0,61.478
1958,38.6329,1,4.9989,1.0,drink_return,UNKNOWN,UNKNOWN,0.27,0,61.575
1959,38.649,1,4.9475,1.0,drink_return,UNKNOWN,UNKNOWN,0.27,0,62.374
1960,38.6634,1,4.962,1.0,drink_return,UNKNOWN,UNKNOWN,0.27,0,63.476
1961,38.6771,1,4.9756,1.0,drink_return,UNKNOWN,UNKNOWN,0.27,0,64.623
1962,38.6902,1,4.9887,1.0,drink_return,UNKNOWN,UNKNOWN,0.27,0,65.863
1963,38.703,1,4.9869,1.0,drink_return,UNKNOWN,UNKNOWN,0.27,0,66.798
1964,38.7164,1,4.9836,1.0,drink_return,UNKNOWN,UNKNOWN,0.27,0,67.379
1965,38.7303,1,4.9975,1.0,drink_return,UNKNOWN,UNKNOWN,0.27,0,67.989
1966,38.7438,1,4.998,1.0,drink_return,UNKNOWN,UNKNOWN,0.27,0,68.601
1967,38.7574,1,4.9975,1.0,drink_return,UNKNOWN,UNKNOWN,0.27,0,69.49
1968,38.7705,1,4.9967,1.0,drink_return,UNKNOWN,UNKNOWN,0.27,0,69.701
1969,38.7844,1,4.9973,1.0,drink_return,UNKNOWN,UNKNOWN,0.27,0,69.056
1970,38.8001,1,4.9984,1.0,drink_return,UNKNOWN,UNKNOWN,0.26,1,66.873
1971,38.8629,1,4.9964,1.0,drink_return,UNKNOWN,UNKNOWN,0.26,0,61.989
1972,38.8773,1,4.9969,1.0,drink_return,UNKNOWN,UNKNOWN,0.26,0,62.2
1973,38.8931,1,4.9984,1.0,drink_return,UNKNOWN,UNKNOWN,0.26,0,62.226
1974,38.9088,1,4.9948,1.0,drink_return,UNKNOWN,UNKNOWN,0.26,0,63.557
1975,38.9217,1,4.9558,1.0,drink_return,UNKNOWN,UNKNOWN,0.26,0,64.437
1976,38.9355,1,4.9696,1.0,drink_return,UNKNOWN,UNKNOWN,0.26,0,65.371
1977,38.9488,1,4.9829,1.0,drink_return,UNKNOWN,UNKNOWN,0.26,0,65.822
1978,38.963,1,4.9971,1.0,drink_return,UNKNOWN,UNKNOWN,0.26,0,65.787
1979,38.9784,1,4.9984,1.0,drink_return,UNKNOWN,UNKNOWN,0.26,0,65.876
1980,38.9938,1,4.9998,1.0,drink_return,UNKNOWN,UNKNOWN,0.26,0,65.546
1981,39.0096,1,4.9892,1.0,drink_return,UNKNOWN,UNKNOWN,0.26,0,65.198
1982,39.0259,1,4.9918,1.0,drink_return,UNKNOWN,UNKNOWN,0.26,0,65.835
1983,39.0404,1,4.9919,1.0,drink_return,UNKNOWN,UNKNOWN,0.26,0,66.6
1984,39.0534,1,4.9909,1.0,drink_return,UNKNOWN,UNKNOWN,0.2433,1,67.526
1985,39.1035,1,4.9915,1.0,drink_return,UNKNOWN,UNKNOWN,0.2433,0,62.761
1986,39.1174,1,4.9924,1.0,drink_return,UNKNOWN,UNKNOWN,0.2433,0,63.592
1987,39.1307,1,4.9928,1.0,drink_return,UNKNOWN,UNKNOWN,0.2433,0,63.699
1988,39.1464,1,4.9934,1.0,drink_return,UNKNOWN,UNKNOWN,0.2433,0,62.086
1989,39.1673,1,4.991,1.0,drink_return,UNKNOWN,UNKNOWN,0.2433,0,61.21
1990,39.1864,1,4.9556,1.0,drink_return,UNKNOWN,UNKNOWN,0.2433,0,60.121
1991,39.2059,1,4.9752,1.0,drink_return,UNKNOWN,UNKNOWN,0.2433,0,61.533
1992,39.2196,1,4.9889,1.0,drink_return,UNKNOWN,UNKNOWN,0.2433,0,62.356
1993,39.2336,1,4.9884,1.0,drink_return,UNKNOWN,UNKNOWN,0.2433,0,62.003
1994,39.2506,1,4.9922,1.0,drink_return,UNKNOWN,UNKNOWN,0.2433,0,62.017
1995,39.2666,1,4.9941,1.0,drink_return,UNKNOWN,UNKNOWN,0.2433,0,63.417
1996,39.2798,1,4.9945,1.0,drink_return,UNKNOWN,UNKNOWN,0.2433,0,64.53
1997,39.2938,1,4.9935,1.0,drink_return,UNKNOWN,UNKNOWN,0.2433,0,64.756
1998,39.3084,1,4.9944,1.0,wave,UNKNOWN,UNKNOWN,0.2433,1,65.554
1999,39.3599,1,4.9894,1.0,wave,UNKNOWN,UNKNOWN,0.2433,0,60.879
2000,39.3749,1,4.9916,1.0,wave,UNKNOWN,UNKNOWN,0.2433,0,62.225
2001,39.3889,1,4.9861,1.0,wave,UNKNOWN,UNKNOWN,0.2433,0,62.268
2002,39.4053,1,4.9891,1.0,wave,UNKNOWN,UNKNOWN,0.2433,0,63.018
2003,39.4193,1,4.9846,1.0,wave,UNKNOWN,UNKNOWN,0.2433,0,63.69
2004,39.4331,1,4.9983,1.0,wave,UNKNOWN,UNKNOWN,0.2433,0,61.846
2005,39.4551,1,4.9646,1.0,wave,UNKNOWN,UNKNOWN,0.2433,0,63.652
2006,39.4679,1,4.9774,1.0,wave,UNKNOWN,UNKNOWN,0.2433,0,65.006
2007,39.4806,1,4.9901,1.0,wave,UNKNOWN,UNKNOWN,0.2433,0,66.205
2008,39.4936,1,4.9876,1.0,wave,UNKNOWN,UNKNOWN,0.2433,0,66.748
2009,39.5077,1,4.9886,1.0,wave,UNKNOWN,UNKNOWN,0.2433,0,65.95
2010,39.5248,1,4.9928,1.0,wave,UNKNOWN,UNKNOWN,0.2433,0,66.136
2011,39.5394,1,4.9945,1.0,wave,UNKNOWN,UNKNOWN,0.2433,0,67.101
2012,39.5528,1,4.9926,1.0,wave,UNKNOWN,UNKNOWN,0.2433,0,68.117
2013,39.5659,1,4.9914,1.0,drink_return,UNKNOWN,UNKNOWN,0.2467,1,68.861
2014,39.6158,1,4.9968,1.0,drink_return,UNKNOWN,UNKNOWN,0.2467,0,63.924
2015,39.6305,1,4.9984,1.0,drink_return,UNKNOWN,UNKNOWN,0.2467,0,64.86
2016,39.644,1,4.9982,1.0,drink_return,UNKNOWN,UNKNOWN,0.2467,0,65.064
2017,39.6588,1,4.999,1.0,drink_return,UNKNOWN,UNKNOWN,0.2467,0,65.925
2018,39.6724,1,4.9995,1.0,drink_return,UNKNOWN,UNKNOWN,0.2467,0,66.267
2019,39.6868,1,4.9989,1.0,drink_return,UNKNOWN,UNKNOWN,0.2467,0,67.014
2020,39.7004,1,4.961,1.0,drink_return,UNKNOWN,UNKNOWN,0.2467,0,67.52
2021,39.7142,1,4.9748,1.0,drink_return,UNKNOWN,UNKNOWN,0.2467,0,67.979
2022,39.7281,1,4.9887,1.0,drink_return,UNKNOWN,UNKNOWN,0.2467,0,67.374
2023,39.7444,1,4.9909,1.0,drink_return,UNKNOWN,UNKNOWN,0.2467,0,68.153
2024,39.7578,1,4.9868,1.0,drink_return,UNKNOWN,UNKNOWN,0.2467,0,68.553
2025,39.7717,1,4.9825,1.0,drink_return,UNKNOWN,UNKNOWN,0.2467,0,68.483
2026,39.7862,1,4.997,1.0,drink_return,UNKNOWN,UNKNOWN,0.2467,0,67.222
2027,39.8042,1,4.9884,1.0,drink_return,UNKNOWN,UNKNOWN,0.2467,0,68.151
2028,39.8175,1,4.9769,1.0,wave,UNKNOWN,UNKNOWN,0.2433,1,68.574
2029,39.869,1,4.9992,1.0,wave,UNKNOWN,UNKNOWN,0.2433,0,63.627
2030,39.8838,1,4.9866,1.0,wave,UNKNOWN,UNKNOWN,0.2433,0,64.454
2031,39.8975,1,4.9853,1.0,wave,UNKNOWN,UNKNOWN,0.2433,0,65.418
2032,39.9108,1,4.9985,1.0,wave,UNKNOWN,UNKNOWN,0.2433,0,66.184
2033,39.9246,1,4.9956,1.0,wave,UNKNOWN,UNKNOWN,0.2433,0,65.603
2034,39.941,1,4.9981,1.0,wave,UNKNOWN,UNKNOWN,0.2433,0,66.069
2035,39.9552,1,4.9598,1.0,wave,UNKNOWN,UNKNOWN,0.2433,0,66.82
2036,39.9689,1,4.9736,1.0,wave,UNKNOWN,UNKNOWN,0.2433,0,67.081
2037,39.9833,1,4.9879,1.0,wave,UNKNOWN,UNKNOWN,0.2433,0,67.289
2038,39.9976,1,4.9877,1.0,wave,UNKNOWN,UNKNOWN,0.2433,0,68.327
2039,40.0112,1,4.9874,1.0,wave,UNKNOWN,UNKNOWN,0.2433,0,68.296
2040,40.0256,1,4.9888,1.0,wave,UNKNOWN,UNKNOWN,0.2433,0,67.945
2041,40.0413,1,4.9914,1.0,wave,UNKNOWN,UNKNOWN,0.2433,0,68.324
2042,40.0546,1,4.9914,1.0,wave,UNKNOWN,UNKNOWN,0.2433,0,68.334
2043,40.0692,1,4.9929,1.0,wave,UNKNOWN,UNKNOWN,0.2333,1,69.334
2044,40.122,1,4.9881,1.0,wave,UNKNOWN,UNKNOWN,0.2333,0,64.241
2045,40.1364,1,4.9882,1.0,wave,UNKNOWN,UNKNOWN,0.2333,0,65.343
2046,40.1499,1,4.988,1.0,wave,UNKNOWN,UNKNOWN,0.2333,0,66.364
2047,40.1631,1,4.9872,1.0,wave,UNKNOWN,UNKNOWN,0.2333,0,67.09
2048,40.1763,1,4.9857,1.0,wave,UNKNOWN,UNKNOWN,0.2333,0,67.216
2049,40.1909,1,4.9832,1.0,wave,UNKNOWN,UNKNOWN,0.2333,0,67.268
2050,40.2059,1,4.9981,1.0,wave,UNKNOWN,UNKNOWN,0.2333,0,66.648
2051,40.2222,1,4.9623,1.0,wave,UNKNOWN,UNKNOWN,0.2333,0,67.059
2052,40.2363,1,4.9764,1.0,wave,UNKNOWN,UNKNOWN,0.2333,0,68.194
2053,40.2492,1,4.9893,1.0,wave,UNKNOWN,UNKNOWN,0.2333,0,69.144
2054,40.2619,1,4.9882,1.0,wave,UNKNOWN,UNKNOWN,0.2333,0,69.037
2055,40.2771,1,4.9892,1.0,wave,UNKNOWN,UNKNOWN,0.2333,0,69.343
2056,40.2905,1,4.9894,1.0,wave,UNKNOWN,UNKNOWN,0.2333,0,69.289
2057,40.3051,1,4.9916,1.0,wave,UNKNOWN,UNKNOWN,0.2333,0,68.429
2058,40.3215,1,4.994,1.0,wave,UNKNOWN,UNKNOWN,0.2267,1,68.507
2059,40.3734,1,4.9887,1.0,wave,UNKNOWN,UNKNOWN,0.2267,0,63.603
2060,40.3874,1,4.9897,1.0,wave,UNKNOWN,UNKNOWN,0.2267,0,64.775
2061,40.4009,1,4.9894,1.0,wave,UNKNOWN,UNKNOWN,0.2267,0,65.73
2062,40.4141,1,4.9886,1.0,wave,UNKNOWN,UNKNOWN,0.2267,0,66.819
2063,40.427,1,4.9868,1.0,wave,UNKNOWN,UNKNOWN,0.2267,0,67.33
2064,40.441,1,4.9864,1.0,wave,UNKNOWN,UNKNOWN,0.2267,0,67.745
2065,40.455,1,4.9873,1.0,wave,UNKNOWN,UNKNOWN,0.2267,0,68.06
2066,40.4688,1,4.951,1.0,wave,UNKNOWN,UNKNOWN,0.2267,0,69.255
2067,40.4821,1,4.9642,1.0,wave,UNKNOWN,UNKNOWN,0.2267,0,69.695
2068,40.4953,1,4.9775,1.0,wave,UNKNOWN,UNKNOWN,0.2267,0,69.866
2069,40.5092,1,4.9913,1.0,wave,UNKNOWN,UNKNOWN,0.2267,0,69.917
2070,40.5234,1,4.9916,1.0,wave,UNKNOWN,UNKNOWN,0.2267,0,69.206
2071,40.5394,1,4.994,1.0,wave,UNKNOWN,UNKNOWN,0.2267,0,69.167
2072,40.5539,1,4.9925,1.0,wave,UNKNOWN,UNKNOWN,0.2267,0,69.171
2073,40.5682,1,4.9941,1.0,wave,UNKNOWN,UNKNOWN,0.2267,0,69.796
2074,40.5817,1,4.9936,1.0,wave,UNKNOWN,UNKNOWN,0.23,1,70.22
2075,40.6375,1,4.9917,1.0,wave,UNKNOWN,UNKNOWN,0.23,0,64.929
2076,40.6529,1,4.9938,1.0,wave,UNKNOWN,UNKNOWN,0.23,0,65.918
2077,40.6664,1,4.9912,1.0,wave,UNKNOWN,UNKNOWN,0.23,0,66.891
2078,40.6793,1,4.9884,1.0,wave,UNKNOWN,UNKNOWN,0.23,0,67.923
2079,40.6925,1,4.9878,1.0,wave,UNKNOWN,UNKNOWN,0.23,0,68.061
2080,40.7068,1,4.9879,1.0,wave,UNKNOWN,UNKNOWN,0.23,0,68.23
2081,40.7212,1,4.9432,1.0,wave,UNKNOWN,UNKNOWN,0.23,0,67.666
2082,40.7372,1,4.9592,1.0,wave,UNKNOWN,UNKNOWN,0.23,0,67.719
2083,40.7518,1,4.9738,1.0,wave,UNKNOWN,UNKNOWN,0.23,0,68.55
2084,40.7655,1,4.9874,1.0,wave,UNKNOWN,UNKNOWN,0.23,0,69.069
2085,40.7785,1,4.9864,1.0,wave,UNKNOWN,UNKNOWN,0.23,0,69.667
2086,40.7917,1,4.9995,1.0,wave,UNKNOWN,UNKNOWN,0.23,0,69.762
2087,40.806,1,4.9867,1.0,wave,UNKNOWN,UNKNOWN,0.23,0,68.619
2088,40.8233,1,4.9916,1.0,wave,UNKNOWN,UNKNOWN,0.23,0,68.328
2089,40.8384,1,4.9893,1.0,wave,UNKNOWN,UNKNOWN,0.2433,1,68.421
2090,40.8909,1,4.9993,1.0,wave,UNKNOWN,UNKNOWN,0.2433,0,63.482
2091,40.9084,1,4.99,1.0,wave,UNKNOWN,UNKNOWN,0.2433,0,63.063
2092,40.9222,1,4.9906,1.0,wave,UNKNOWN,UNKNOWN,0.2433,0,63.015
2093,40.9381,1,4.9932,1.0,wave,UNKNOWN,UNKNOWN,0.2433,0,64.211
2094,40.9517,1,4.9927,1.0,wave,UNKNOWN,UNKNOWN,0.2433,0,64.45
2095,40.9664,1,4.9913,1.0,wave,UNKNOWN,UNKNOWN,0.2433,0,65.875
2096,40.9794,1,4.9513,1.0,wave,UNKNOWN,UNKNOWN,0.2433,0,66.845
2097,40.9924,1,4.9644,1.0,wave,UNKNOWN,UNKNOWN,0.2433,0,67.528
2098,41.0057,1,4.9776,1.0,wave,UNKNOWN,UNKNOWN,0.2433,0,66.581
2099,41.0236,1,4.9955,1.0,wave,UNKNOWN,UNKNOWN,0.2433,0,66.076
2100,41.0399,1,4.9974,1.0,wave,UNKNOWN,UNKNOWN,0.2433,0,63.486
2101,41.0645,1,4.9936,1.0,wave,UNKNOWN,UNKNOWN,0.2433,0,64.922
2102,41.0772,1,4.9929,1.0,wave,UNKNOWN,UNKNOWN,0.2433,0,65.975
2103,41.0905,1,4.9829,1.0,wave,UNKNOWN,UNKNOWN,0.25,1,66.435
2104,41.1424,1,4.9998,1.0,wave,UNKNOWN,UNKNOWN,0.25,0,61.707
2105,41.1572,1,4.9986,1.0,wave,UNKNOWN,UNKNOWN,0.25,0,61.285
2106,41.1743,1,4.9859,1.0,wave,UNKNOWN,UNKNOWN,0.25,0,62.084
2107,41.1888,1,4.9849,1.0,wave,UNKNOWN,UNKNOWN,0.25,0,63.639
2108,41.2017,1,4.9978,1.0,wave,UNKNOWN,UNKNOWN,0.25,0,62.502
2109,41.2208,1,4.9981,1.0,wave,UNKNOWN,UNKNOWN,0.25,0,63.08
2110,41.2353,1,4.9986,1.0,wave,UNKNOWN,UNKNOWN,0.25,0,63.918
2111,41.2495,1,4.9589,1.0,wave,UNKNOWN,UNKNOWN,0.25,0,64.779
2112,41.263,1,4.9723,1.0,wave,UNKNOWN,UNKNOWN,0.25,0,62.692
2113,41.2864,1,4.9957,1.0,wave,UNKNOWN,UNKNOWN,0.25,0,63.555
2114,41.3,1,4.9951,1.0,wave,UNKNOWN,UNKNOWN,0.25,0,63.508
2115,41.3158,1,4.9951,1.0,wave,UNKNOWN,UNKNOWN,0.25,0,64.749
2116,41.3289,1,4.9946,1.0,wave,UNKNOWN,UNKNOWN,0.25,0,66.114
2117,41.3419,1,4.9948,1.0,wave,UNKNOWN,UNKNOWN,0.2367,1,66.44
2118,41.394,1,4.9919,1.0,wave,UNKNOWN,UNKNOWN,0.2367,0,61.721
2119,41.4085,1,4.9933,1.0,wave,UNKNOWN,UNKNOWN,0.2367,0,62.669
2120,41.4224,1,4.9862,1.0,wave,UNKNOWN,UNKNOWN,0.2367,0,63.504
2121,41.4364,1,4.9856,1.0,wave,UNKNOWN,UNKNOWN,0.2367,0,64.754
2122,41.4493,1,4.9984,1.0,wave,UNKNOWN,UNKNOWN,0.2367,0,65.324
2123,41.4634,1,4.9994,1.0,wave,UNKNOWN,UNKNOWN,0.2367,0,66.338
2124,41.477,1,4.9972,1.0,wave,UNKNOWN,UNKNOWN,0.2367,0,66.636
2125,41.4912,1,4.9982,1.0,wave,UNKNOWN,UNKNOWN,0.2367,0,67.805
2126,41.5048,1,4.953,1.0,wave,UNKNOWN,UNKNOWN,0.2367,0,68.032
2127,41.5184,1,4.9666,1.0,wave,UNKNOWN,UNKNOWN,0.2367,0,65.706
2128,41.5407,1,4.9889,1.0,wave,UNKNOWN,UNKNOWN,0.2367,0,65.945
2129,41.5553,1,4.988,1.0,wave,UNKNOWN,UNKNOWN,0.2367,0,67.067
2130,41.5684,1,4.9873,1.0,wave,UNKNOWN,UNKNOWN,0.2367,0,67.357
2131,41.5824,1,4.9875,1.0,wave,UNKNOWN,UNKNOWN,0.2367,0,67.944
2132,41.5963,1,4.9893,1.0,wave,UNKNOWN,UNKNOWN,0.25,1,68.247
2133,41.6485,1,4.9985,1.0,wave,UNKNOWN,UNKNOWN,0.25,0,63.287
2134,41.6639,1,4.9855,1.0,wave,UNKNOWN,UNKNOWN,0.25,0,64.782
2135,41.6772,1,4.9988,1.0,wave,UNKNOWN,UNKNOWN,0.25,0,64.509
2136,41.6936,1,4.9885,1.0,wave,UNKNOWN,UNKNOWN,0.25,0,65.255
2137,41.7068,1,4.9865,1.0,wave,UNKNOWN,UNKNOWN,0.25,0,66.38
2138,41.7197,1,4.9994,1.0,wave,UNKNOWN,UNKNOWN,0.25,0,64.502
2139,41.7412,1,4.9919,1.0,wave,UNKNOWN,UNKNOWN,0.25,0,65.568
2140,41.7541,1,4.9514,1.0,wave,UNKNOWN,UNKNOWN,0.25,0,63.354
2141,41.7782,1,4.9756,1.0,wave,UNKNOWN,UNKNOWN,0.25,0,63.571
2142,41.7927,1,4.99,1.0,wave,UNKNOWN,UNKNOWN,0.25,0,64.678
2143,41.8059,1,4.9873,1.0,wave,UNKNOWN,UNKNOWN,0.25,0,65.482
2144,41.8195,1,4.9873,1.0,wave,UNKNOWN,UNKNOWN,0.25,0,65.601
2145,41.8346,1,4.9891,1.0,wave,UNKNOWN,UNKNOWN,0.25,0,66.148
2146,41.8488,1,4.9903,1.0,wave,UNKNOWN,UNKNOWN,0.27,1,66.45
2147,41.8985,1,4.9975,1.0,wave,UNKNOWN,UNKNOWN,0.27,0,61.746
2148,41.9149,1,4.997,1.0,wave,UNKNOWN,UNKNOWN,0.27,0,61.102
2149,41.9326,1,4.9878,1.0,wave,UNKNOWN,UNKNOWN,0.27,0,61.917
2150,41.9472,1,4.9882,1.0,wave,UNKNOWN,UNKNOWN,0.27,0,62.494
2151,41.9619,1,4.979,1.0,wave,UNKNOWN,UNKNOWN,0.27,0,63.868
2152,41.9755,1,4.9925,1.0,wave,UNKNOWN,UNKNOWN,0.27,0,63.726
2153,41.9912,1,4.991,1.0,wave,UNKNOWN,UNKNOWN,0.27,0,64.976
2154,42.004,1,4.9499,1.0,wave,UNKNOWN,UNKNOWN,0.27,0,66.095
2155,42.0172,1,4.9632,1.0,wave,UNKNOWN,UNKNOWN,0.27,0,65.664
2156,42.0337,1,4.9796,1.0,wave,UNKNOWN,UNKNOWN,0.27,0,66.018
2157,42.0481,1,4.994,1.0,wave,UNKNOWN,UNKNOWN,0.27,0,66.346
2158,42.0623,1,4.9946,1.0,wave,UNKNOWN,UNKNOWN,0.27,0,67.518
2159,42.0759,1,4.9947,1.0,wave,UNKNOWN,UNKNOWN,0.27,0,67.398
2160,42.0902,1,4.993,1.0,wave,UNKNOWN,UNKNOWN,0.27,0,68.205
2161,42.1034,1,4.9931,1.0,wave,UNKNOWN,UNKNOWN,0.2867,1,69.04
2162,42.1541,1,4.9856,1.0,wave,UNKNOWN,UNKNOWN,0.2867,0,63.959
2163,42.1716,1,4.9878,1.0,wave,UNKNOWN,UNKNOWN,0.2867,0,64.689
2164,42.1854,1,4.9871,1.0,wave,UNKNOWN,UNKNOWN,0.2867,0,65.567
2165,42.1991,1,4.9876,1.0,wave,UNKNOWN,UNKNOWN,0.2867,0,66.253
2166,42.2133,1,4.9886,1.0,wave,UNKNOWN,UNKNOWN,0.2867,0,66.979
2167,42.2267,1,4.9874,1.0,wave,UNKNOWN,UNKNOWN,0.2867,0,67.542
2168,42.2402,1,4.9862,1.0,wave,UNKNOWN,UNKNOWN,0.2867,0,68.152
2169,42.2537,1,4.9998,1.0,wave,UNKNOWN,UNKNOWN,0.2867,0,68.619
2170,42.2675,1,4.9621,1.0,wave,UNKNOWN,UNKNOWN,0.2867,0,68.846
2171,42.282,1,4.9765,1.0,wave,UNKNOWN,UNKNOWN,0.2867,0,68.991
2172,42.2961,1,4.9906,1.0,wave,UNKNOWN,UNKNOWN,0.2867,0,68.392
2173,42.3118,1,4.9918,1.0,wave,UNKNOWN,UNKNOWN,0.2867,0,69.381
2174,42.3243,1,4.9886,1.0,wave,UNKNOWN,UNKNOWN,0.2867,0,69.59
2175,42.3383,1,4.9888,1.0,wave,UNKNOWN,UNKNOWN,0.2867,0,70.08
2176,42.3519,1,4.9846,1.0,wave,UNKNOWN,UNKNOWN,0.2867,0,69.251
2177,42.3681,1,4.9867,1.0,wave,UNKNOWN,UNKNOWN,0.2867,1,68.68
2178,42.4221,1,4.9812,1.0,wave,UNKNOWN,UNKNOWN,0.2867,0,63.714
2179,42.4366,1,4.9957,1.0,wave,UNKNOWN,UNKNOWN,0.2867,0,64.687
2180,42.4501,1,4.9869,1.0,wave,UNKNOWN,UNKNOWN,0.2867,0,65.479
2181,42.4637,1,4.9872,1.0,wave,UNKNOWN,UNKNOWN,0.2867,0,66.285
2182,42.4777,1,4.9878,1.0,wave,UNKNOWN,UNKNOWN,0.2867,0,66.756
2183,42.4921,1,4.9888,1.0,wave,UNKNOWN,UNKNOWN,0.2867,0,67.105
2183,42.4921,4,0.0,1.0,WARMING_UP,WARMING_UP,WARMING_UP,0.0,0,67.105
2184,42.5062,1,4.9886,1.0,wave,UNKNOWN,UNKNOWN,0.2867,0,67.219
2184,42.5062,4,0.0141,1.0,WARMING_UP,WARMING_UP,WARMING_UP,0.0,0,67.219
2185,42.5207,1,4.9521,1.0,wave,UNKNOWN,UNKNOWN,0.2867,0,67.847
2185,42.5207,4,0.0286,1.0,WARMING_UP,WARMING_UP,WARMING_UP,0.0,0,67.847
2186,42.5344,1,4.9658,1.0,wave,UNKNOWN,UNKNOWN,0.2867,0,68.008
2186,42.5344,4,0.0423,1.0,WARMING_UP,WARMING_UP,WARMING_UP,0.0,0,68.008
2187,42.5487,1,4.9801,1.0,wave,UNKNOWN,UNKNOWN,0.2867,0,68.593
2187,42.5487,4,0.0566,1.0,WARMING_UP,WARMING_UP,WARMING_UP,0.0,0,68.593
2188,42.5622,1,4.9936,1.0,wave,UNKNOWN,UNKNOWN,0.2867,0,68.934
2188,42.5622,4,0.0701,1.0,WARMING_UP,WARMING_UP,WARMING_UP,0.0,0,68.934
2189,42.576,1,4.9928,1.0,wave,UNKNOWN,UNKNOWN,0.2867,0,69.636
2189,42.576,4,0.0839,1.0,WARMING_UP,WARMING_UP,WARMING_UP,0.0,0,69.636
2190,42.5895,1,4.9931,1.0,wave,UNKNOWN,UNKNOWN,0.2867,0,69.566
2190,42.5895,4,0.0974,1.0,WARMING_UP,WARMING_UP,WARMING_UP,0.0,0,69.566
2191,42.6038,1,4.9938,1.0,wave,UNKNOWN,UNKNOWN,0.2867,0,69.924
2191,42.6038,4,0.1117,1.0,WARMING_UP,WARMING_UP,WARMING_UP,0.0,0,69.924
2192,42.6176,1,4.9952,1.0,wave,UNKNOWN,UNKNOWN,0.2867,0,70.356
2192,42.6176,4,0.1255,1.0,WARMING_UP,WARMING_UP,WARMING_UP,0.0,0,70.356
2193,42.631,1,4.9946,1.0,wave,UNKNOWN,UNKNOWN,0.2867,1,70.289
2193,42.631,4,0.1389,1.0,WARMING_UP,WARMING_UP,WARMING_UP,0.0,0,70.289
2194,42.6821,1,4.9873,1.0,wave,UNKNOWN,UNKNOWN,0.2867,0,65.191
2194,42.6821,4,0.19,1.0,WARMING_UP,WARMING_UP,WARMING_UP,0.0,0,65.191
2195,42.6969,1,4.9886,1.0,wave,UNKNOWN,UNKNOWN,0.2867,0,65.934
2195,42.6969,4,0.2048,1.0,WARMING_UP,WARMING_UP,WARMING_UP,0.0,0,65.934
2196,42.7114,1,4.9896,1.0,wave,UNKNOWN,UNKNOWN,0.2867,0,64.959
2196,42.7114,4,0.2193,1.0,WARMING_UP,WARMING_UP,WARMING_UP,0.0,0,64.959
2197,42.7289,1,4.9934,1.0,wave,UNKNOWN,UNKNOWN,0.2867,0,64.624
2197,42.7289,4,0.2368,1.0,WARMING_UP,WARMING_UP,WARMING_UP,0.0,0,64.624
2198,42.7452,1,4.9948,1.0,wave,UNKNOWN,UNKNOWN,0.2867,0,65.111
2198,42.7452,4,0.2531,1.0,WARMING_UP,WARMING_UP,WARMING_UP,0.0,0,65.111
2199,42.7602,1,4.9955,1.0,wave,UNKNOWN,UNKNOWN,0.2867,0,65.574
2199,42.7602,4,0.2681,1.0,WARMING_UP,WARMING_UP,WARMING_UP,0.0,0,65.574
2200,42.7744,1,4.9953,1.0,wave,UNKNOWN,UNKNOWN,0.2867,0,63.978
2200,42.7744,4,0.2823,1.0,WARMING_UP,WARMING_UP,WARMING_UP,0.0,0,63.978
2201,42.7941,1,4.9644,1.0,wave,UNKNOWN,UNKNOWN,0.2867,0,64.72
2201,42.7941,4,0.302,1.0,WARMING_UP,WARMING_UP,WARMING_UP,0.0,0,64.72
2202,42.808,1,4.9783,1.0,wave,UNKNOWN,UNKNOWN,0.2867,0,65.648
2202,42.808,4,0.3159,1.0,WARMING_UP,WARMING_UP,WARMING_UP,0.0,0,65.648
2203,42.8216,1,4.9919,1.0,wave,UNKNOWN,UNKNOWN,0.2867,0,65.924
2203,42.8216,4,0.3295,1.0,WARMING_UP,WARMING_UP,WARMING_UP,0.0,0,65.924
2204,42.8366,1,4.9919,1.0,wave,UNKNOWN,UNKNOWN,0.2867,0,66.187
2204,42.8366,4,0.3445,1.0,WARMING_UP,WARMING_UP,WARMING_UP,0.0,0,66.187
2205,42.8507,1,4.9925,1.0,wave,UNKNOWN,UNKNOWN,0.2867,0,65.602
2205,42.8507,4,0.3586,1.0,WARMING_UP,WARMING_UP,WARMING_UP,0.0,0,65.602
2206,42.867,1,4.9934,1.0,wave,UNKNOWN,UNKNOWN,0.2867,0,66.005
2206,42.867,4,0.3749,1.0,WARMING_UP,WARMING_UP,WARMING_UP,0.0,0,66.005
2207,42.8814,1,4.9949,1.0,wave,UNKNOWN,UNKNOWN,0.2967,1,66.224
2207,42.8814,4,0.3893,1.0,WARMING_UP,WARMING_UP,WARMING_UP,0.0,0,66.224
2208,42.9338,1,4.9918,1.0,wave,UNKNOWN,UNKNOWN,0.2967,0,61.495
2208,42.9338,4,0.4417,1.0,WARMING_UP,WARMING_UP,WARMING_UP,0.0,0,61.495
2209,42.9488,1,4.9938,1.0,wave,UNKNOWN,UNKNOWN,0.2967,0,62.219
2209,42.9488,4,0.4567,1.0,WARMING_UP,WARMING_UP,WARMING_UP,0.0,0,62.219
2210,42.9639,1,4.995,1.0,wave,UNKNOWN,UNKNOWN,0.2967,0,63.103
2210,42.9639,4,0.4718,1.0,WARMING_UP,WARMING_UP,WARMING_UP,0.0,0,63.103
2211,42.9777,1,4.9956,1.0,wave,UNKNOWN,UNKNOWN,0.2967,0,63.956
2211,42.9777,4,0.4855,1.0,WARMING_UP,WARMING_UP,WARMING_UP,0.0,0,63.956
2212,42.9915,1,4.995,1.0,wave,UNKNOWN,UNKNOWN,0.2967,0,65.261
2212,42.9915,4,0.4994,1.0,WARMING_UP,WARMING_UP,WARMING_UP,0.0,0,65.261
2213,43.0042,1,4.9902,1.0,wave,UNKNOWN,UNKNOWN,0.2967,0,66.166
2213,43.0042,4,0.5121,1.0,WARMING_UP,WARMING_UP,WARMING_UP,0.0,0,66.166
2214,43.0179,1,4.9881,1.0,wave,UNKNOWN,UNKNOWN,0.2967,0,66.314
2214,43.0179,4,0.5258,1.0,WARMING_UP,WARMING_UP,WARMING_UP,0.0,0,66.314
2215,43.0326,1,4.9458,1.0,wave,UNKNOWN,UNKNOWN,0.2967,0,66.131
2215,43.0326,4,0.5405,1.0,WARMING_UP,WARMING_UP,WARMING_UP,0.0,0,66.131
2216,43.0481,1,4.9612,1.0,wave,UNKNOWN,UNKNOWN,0.2967,0,65.844
2216,43.0481,4,0.556,1.0,WARMING_UP,WARMING_UP,WARMING_UP,0.0,0,65.844
2217,43.064,1,4.9772,1.0,wave,UNKNOWN,UNKNOWN,0.2967,0,63.917
2217,43.064,4,0.5719,1.0,WARMING_UP,WARMING_UP,WARMING_UP,0.0,0,63.917
2218,43.0855,1,4.9986,1.0,wave,UNKNOWN,UNKNOWN,0.2967,0,64.775
2218,43.0855,4,0.5934,1.0,WARMING_UP,WARMING_UP,WARMING_UP,0.0,0,64.775
2219,43.0993,1,4.998,1.0,wave,UNKNOWN,UNKNOWN,0.2967,0,65.083
2219,43.0993,4,0.6072,1.0,WARMING_UP,WARMING_UP,WARMING_UP,0.0,0,65.083
2220,43.1142,1,4.9969,1.0,wave,UNKNOWN,UNKNOWN,0.2967,0,65.3
2220,43.1142,4,0.6221,1.0,WARMING_UP,WARMING_UP,WARMING_UP,0.0,0,65.3
2221,43.1289,1,4.9959,1.0,wave,UNKNOWN,UNKNOWN,0.2967,0,65.85
2221,43.1289,4,0.6368,1.0,WARMING_UP,WARMING_UP,WARMING_UP,0.0,0,65.85
2222,43.1437,1,4.9972,1.0,wave,UNKNOWN,UNKNOWN,0.2867,1,66.032
2222,43.1437,4,0.6516,1.0,WARMING_UP,WARMING_UP,WARMING_UP,0.0,0,66.032
2223,43.2054,1,4.9975,1.0,wave,UNKNOWN,UNKNOWN,0.2867,0,61.026
2223,43.2054,4,0.7133,1.0,WARMING_UP,WARMING_UP,WARMING_UP,0.0,0,61.026
2224,43.2208,1,4.9981,1.0,wave,UNKNOWN,UNKNOWN,0.2867,0,62.141
2224,43.2208,4,0.7287,1.0,WARMING_UP,WARMING_UP,WARMING_UP,0.0,0,62.141
2225,43.2344,1,4.998,1.0,wave,UNKNOWN,UNKNOWN,0.2867,0,62.685
2225,43.2344,4,0.7423,1.0,WARMING_UP,WARMING_UP,WARMING_UP,0.0,0,62.685
2226,43.2495,1,4.9977,1.0,wave,UNKNOWN,UNKNOWN,0.2867,0,63.351
2226,43.2495,4,0.7574,1.0,WARMING_UP,WARMING_UP,WARMING_UP,0.0,0,63.351
2227,43.2635,1,4.9954,1.0,wave,UNKNOWN,UNKNOWN,0.2867,0,64.009
2227,43.2635,4,0.7714,1.0,WARMING_UP,WARMING_UP,WARMING_UP,0.0,0,64.009
2228,43.2775,1,4.9902,1.0,wave,UNKNOWN,UNKNOWN,0.2867,0,64.596
2228,43.2775,4,0.7854,1.0,WARMING_UP,WARMING_UP,WARMING_UP,0.0,0,64.596
2229,43.2922,1,4.9518,1.0,wave,UNKNOWN,UNKNOWN,0.2867,0,64.277
2229,43.2922,4,0.8001,1.0,WARMING_UP,WARMING_UP,WARMING_UP,0.0,0,64.277
2230,43.3086,1,4.9682,1.0,wave,UNKNOWN,UNKNOWN,0.2867,0,64.953
2230,43.3086,4,0.8165,1.0,WARMING_UP,WARMING_UP,WARMING_UP,0.0,0,64.953
2231,43.3229,1,4.9825,1.0,wave,UNKNOWN,UNKNOWN,0.2867,0,65.06
2231,43.3229,4,0.8308,1.0,WARMING_UP,WARMING_UP,WARMING_UP,0.0,0,65.06
2232,43.3375,1,4.9971,1.0,wave,UNKNOWN,UNKNOWN,0.2867,0,65.542
2232,43.3375,4,0.8454,1.0,WARMING_UP,WARMING_UP,WARMING_UP,0.0,0,65.542
2233,43.3517,1,4.9971,1.0,wave,UNKNOWN,UNKNOWN,0.2867,0,66.3
2233,43.3517,4,0.8596,1.0,WARMING_UP,WARMING_UP,WARMING_UP,0.0,0,66.3
2234,43.3656,1,4.9945,1.0,wave,UNKNOWN,UNKNOWN,0.2867,0,65.928
2234,43.3656,4,0.8735,1.0,WARMING_UP,WARMING_UP,WARMING_UP,0.0,0,65.928
2235,43.3818,1,4.9972,1.0,wave,UNKNOWN,UNKNOWN,0.2867,0,66.443
2235,43.3818,4,0.8897,1.0,WARMING_UP,WARMING_UP,WARMING_UP,0.0,0,66.443
2236,43.3957,1,4.998,1.0,wave,UNKNOWN,UNKNOWN,0.3233,1,64.401
2236,43.3957,4,0.9036,1.0,WARMING_UP,WARMING_UP,WARMING_UP,0.0,0,64.401
2237,43.4549,1,4.9808,1.0,wave,UNKNOWN,UNKNOWN,0.3233,0,59.785
2237,43.4549,4,0.9628,1.0,WARMING_UP,WARMING_UP,WARMING_UP,0.0,0,59.785
2238,43.4724,1,4.9983,1.0,wave,UNKNOWN,UNKNOWN,0.3233,0,60.59
2238,43.4724,4,0.9803,1.0,WARMING_UP,WARMING_UP,WARMING_UP,0.0,0,60.59
2239,43.487,1,4.9968,1.0,wave,UNKNOWN,UNKNOWN,0.3233,0,61.718
2239,43.487,4,0.9949,1.0,WARMING_UP,WARMING_UP,WARMING_UP,0.0,0,61.718
2240,43.5019,1,4.9978,1.0,wave,UNKNOWN,UNKNOWN,0.3233,0,61.703
2240,43.5019,4,1.0098,1.0,WARMING_UP,WARMING_UP,WARMING_UP,0.0,0,61.703
2241,43.518,1,4.9998,1.0,wave,UNKNOWN,UNKNOWN,0.3233,0,61.276
2241,43.518,4,1.0259,1.0,WARMING_UP,WARMING_UP,WARMING_UP,0.0,0,61.276
2242,43.5349,1,4.9896,1.0,wave,UNKNOWN,UNKNOWN,0.3233,0,60.97
2242,43.5349,4,1.0428,1.0,WARMING_UP,WARMING_UP,WARMING_UP,0.0,0,60.97
2243,43.5517,1,4.9526,1.0,wave,UNKNOWN,UNKNOWN,0.3233,0,61.616
2243,43.5517,4,1.0596,1.0,WARMING_UP,WARMING_UP,WARMING_UP,0.0,0,61.616
2244,43.5672,1,4.9682,1.0,wave,UNKNOWN,UNKNOWN,0.3233,0,62.424
2244,43.5672,4,1.0751,1.0,WARMING_UP,WARMING_UP,WARMING_UP,0.0,0,62.424
2245,43.5809,1,4.9818,1.0,wave,UNKNOWN,UNKNOWN,0.3233,0,63.603
2245,43.5809,4,1.0888,1.0,WARMING_UP,WARMING_UP,WARMING_UP,0.0,0,63.603
2246,43.5944,1,4.9953,1.0,wave,UNKNOWN,UNKNOWN,0.3233,0,64.509
2246,43.5944,4,1.1023,1.0,WARMING_UP,WARMING_UP,WARMING_UP,0.0,0,64.509
2247,43.6078,1,4.9925,1.0,wave,UNKNOWN,UNKNOWN,0.3233,0,64.958
2247,43.6078,4,1.1157,1.0,WARMING_UP,WARMING_UP,WARMING_UP,0.0,0,64.958
2248,43.6226,1,4.9898,1.0,wave,UNKNOWN,UNKNOWN,0.3233,0,65.291
2248,43.6226,4,1.1305,1.0,WARMING_UP,WARMING_UP,WARMING_UP,0.0,0,65.291
2249,43.6372,1,4.9882,1.0,wave,UNKNOWN,UNKNOWN,0.3233,0,64.298
2249,43.6372,4,1.1451,1.0,WARMING_UP,WARMING_UP,WARMING_UP,0.0,0,64.298
2250,43.6553,1,4.9918,1.0,wave,UNKNOWN,UNKNOWN,0.2967,1,63.976
2250,43.6553,4,1.1632,1.0,WARMING_UP,WARMING_UP,WARMING_UP,0.0,0,63.976
2251,43.7094,1,4.9929,1.0,wave,UNKNOWN,UNKNOWN,0.2967,0,59.443
2251,43.7094,4,1.2173,1.0,WARMING_UP,WARMING_UP,WARMING_UP,0.0,0,59.443
2252,43.7252,1,4.9949,1.0,wave,UNKNOWN,UNKNOWN,0.2967,0,60.702
2252,43.7252,4,1.2331,1.0,WARMING_UP,WARMING_UP,WARMING_UP,0.0,0,60.702
2253,43.7396,1,4.9958,1.0,wave,UNKNOWN,UNKNOWN,0.2967,0,61.426
2253,43.7396,4,1.2475,1.0,WARMING_UP,WARMING_UP,WARMING_UP,0.0,0,61.426
2254,43.7541,1,4.9967,1.0,wave,UNKNOWN,UNKNOWN,0.2967,0,62.371
2254,43.7541,4,1.262,1.0,WARMING_UP,WARMING_UP,WARMING_UP,0.0,0,62.371
2255,43.768,1,4.9975,1.0,wave,UNKNOWN,UNKNOWN,0.2967,0,63.248
2255,43.768,4,1.2759,1.0,WARMING_UP,WARMING_UP,WARMING_UP,0.0,0,63.248
2256,43.7823,1,4.9979,1.0,wave,UNKNOWN,UNKNOWN,0.2967,0,60.95
2256,43.7823,4,1.2902,1.0,WARMING_UP,WARMING_UP,WARMING_UP,0.0,0,60.95
2257,43.8069,1,4.944,1.0,wave,UNKNOWN,UNKNOWN,0.2967,0,59.491
2257,43.8069,4,1.3148,1.0,WARMING_UP,WARMING_UP,WARMING_UP,0.0,0,59.491
2258,43.8288,1,4.9659,1.0,wave,UNKNOWN,UNKNOWN,0.2967,0,58.217
2258,43.8288,4,1.3367,1.0,WARMING_UP,WARMING_UP,WARMING_UP,0.0,0,58.217
2259,43.8502,1,4.9873,1.0,wave,UNKNOWN,UNKNOWN,0.2967,0,56.814
2259,43.8502,4,1.3581,1.0,WARMING_UP,WARMING_UP,WARMING_UP,0.0,0,56.814
2260,43.8727,1,4.9954,1.0,wave,UNKNOWN,UNKNOWN,0.2967,0,56.251
2260,43.8727,4,1.3806,1.0,WARMING_UP,WARMING_UP,WARMING_UP,0.0,0,56.251
2261,43.892,1,4.9988,1.0,wave,UNKNOWN,UNKNOWN,0.2967,0,55.112
2261,43.892,4,1.3999,1.0,WARMING_UP,WARMING_UP,WARMING_UP,0.0,0,55.112
2262,43.9146,1,4.9929,1.0,wave,UNKNOWN,UNKNOWN,0.3,1,56.636
2262,43.9146,4,1.4225,1.0,WARMING_UP,WARMING_UP,WARMING_UP,0.0,0,56.636
2263,43.965,1,4.9866,1.0,wave,UNKNOWN,UNKNOWN,0.3,0,52.887
2263,43.965,4,1.4729,1.0,WARMING_UP,WARMING_UP,WARMING_UP,0.0,0,52.887
2264,43.9807,1,4.9869,1.0,wave,UNKNOWN,UNKNOWN,0.3,0,54.181
2264,43.9807,4,1.4886,1.0,WARMING_UP,WARMING_UP,WARMING_UP,0.0,0,54.181
2265,43.9962,1,4.9867,1.0,wave,UNKNOWN,UNKNOWN,0.3,0,55.237
2265,43.9962,4,1.5041,1.0,WARMING_UP,WARMING_UP,WARMING_UP,0.0,0,55.237
2266,44.0123,1,4.9864,1.0,wave,UNKNOWN,UNKNOWN,0.3,0,56.296
2266,44.0123,4,1.5202,1.0,WARMING_UP,WARMING_UP,WARMING_UP,0.0,0,56.296
2267,44.0267,1,4.9863,1.0,wave,UNKNOWN,UNKNOWN,0.3,0,57.079
2267,44.0267,4,1.5346,1.0,WARMING_UP,WARMING_UP,WARMING_UP,0.0,0,57.079
2268,44.0424,1,4.989,1.0,wave,UNKNOWN,UNKNOWN,0.3,0,58.148
2268,44.0424,4,1.5503,1.0,WARMING_UP,WARMING_UP,WARMING_UP,0.0,0,58.148
2269,44.0571,1,4.9536,1.0,wave,UNKNOWN,UNKNOWN,0.3,0,59.732
2269,44.0571,4,1.565,1.0,WARMING_UP,WARMING_UP,WARMING_UP,0.0,0,59.732
2270,44.0704,1,4.967,1.0,wave,UNKNOWN,UNKNOWN,0.3,0,60.923
2270,44.0704,4,1.5783,1.0,WARMING_UP,WARMING_UP,WARMING_UP,0.0,0,60.923
2271,44.0844,1,4.9809,1.0,wave,UNKNOWN,UNKNOWN,0.3,0,61.684
2271,44.0844,4,1.5923,1.0,WARMING_UP,WARMING_UP,WARMING_UP,0.0,0,61.684
2272,44.0993,1,4.9958,1.0,wave,UNKNOWN,UNKNOWN,0.3,0,62.387
2272,44.0993,4,1.6072,1.0,WARMING_UP,WARMING_UP,WARMING_UP,0.0,0,62.387
2273,44.1137,1,4.9963,1.0,wave,UNKNOWN,UNKNOWN,0.3,0,60.785
2273,44.1137,4,1.6216,1.0,WARMING_UP,WARMING_UP,WARMING_UP,0.0,0,60.785
2274,44.1354,1,4.989,1.0,wave,UNKNOWN,UNKNOWN,0.3,0,59.435
2274,44.1354,4,1.6433,1.0,WARMING_UP,WARMING_UP,WARMING_UP,0.0,0,59.435
2275,44.1566,1,4.9893,1.0,wave,UNKNOWN,UNKNOWN,0.3,0,57.86
2275,44.1566,4,1.6645,1.0,WARMING_UP,WARMING_UP,WARMING_UP,0.0,0,57.86
2276,44.1795,1,4.9932,1.0,wave,UNKNOWN,UNKNOWN,0.2933,1,58.828
2276,44.1795,4,1.6874,1.0,WARMING_UP,WARMING_UP,WARMING_UP,0.0,0,58.828
2277,44.2308,1,4.9972,1.0,wave,UNKNOWN,UNKNOWN,0.2933,0,54.823
2277,44.2308,4,1.7387,1.0,WARMING_UP,WARMING_UP,WARMING_UP,0.0,0,54.823
2278,44.2472,1,4.9966,1.0,wave,UNKNOWN,UNKNOWN,0.2933,0,56.025
2278,44.2472,4,1.7551,1.0,WARMING_UP,WARMING_UP,WARMING_UP,0.0,0,56.025
2279,44.2626,1,4.9961,1.0,wave,UNKNOWN,UNKNOWN,0.2933,0,57.071
2279,44.2626,4,1.7705,1.0,WARMING_UP,WARMING_UP,WARMING_UP,0.0,0,57.071
2280,44.2777,1,4.9978,1.0,wave,UNKNOWN,UNKNOWN,0.2933,0,58.475
2280,44.2777,4,1.7856,1.0,WARMING_UP,WARMING_UP,WARMING_UP,0.0,0,58.475
2281,44.2915,1,4.9977,1.0,wave,UNKNOWN,UNKNOWN,0.2933,0,59.922
2281,44.2915,4,1.7994,1.0,WARMING_UP,WARMING_UP,WARMING_UP,0.0,0,59.922
2282,44.305,1,4.9966,1.0,wave,UNKNOWN,UNKNOWN,0.2933,0,60.897
2282,44.305,4,1.8129,1.0,WARMING_UP,WARMING_UP,WARMING_UP,0.0,0,60.897
2283,44.3193,1,4.9594,1.0,wave,UNKNOWN,UNKNOWN,0.2933,0,61.817
2283,44.3193,4,1.8272,1.0,WARMING_UP,WARMING_UP,WARMING_UP,0.0,0,61.817
2284,44.3339,1,4.974,1.0,wave,UNKNOWN,UNKNOWN,0.2933,0,62.035
2284,44.3339,4,1.8418,1.0,WARMING_UP,WARMING_UP,WARMING_UP,0.0,0,62.035
2285,44.3494,1,4.9895,1.0,wave,UNKNOWN,UNKNOWN,0.2933,0,61.577
2285,44.3494,4,1.8573,1.0,WARMING_UP,WARMING_UP,WARMING_UP,0.0,0,61.577
2286,44.3667,1,4.9918,1.0,wave,UNKNOWN,UNKNOWN,0.2933,0,60.304
2286,44.3667,4,1.8746,1.0,WARMING_UP,WARMING_UP,WARMING_UP,0.0,0,60.304
2287,44.3872,1,4.9983,1.0,wave,UNKNOWN,UNKNOWN,0.2933,0,60.627
2287,44.3872,4,1.8951,1.0,WARMING_UP,WARMING_UP,WARMING_UP,0.0,0,60.627
2288,44.4028,1,4.9975,1.0,wave,UNKNOWN,UNKNOWN,0.2933,0,61.196
2288,44.4028,4,1.9107,1.0,WARMING_UP,WARMING_UP,WARMING_UP,0.0,0,61.196
2289,44.4178,1,4.9985,1.0,wave,UNKNOWN,UNKNOWN,0.2933,0,61.782
2289,44.4178,4,1.9257,1.0,WARMING_UP,WARMING_UP,WARMING_UP,0.0,0,61.782
2290,44.4327,1,4.9997,1.0,wave,UNKNOWN,UNKNOWN,0.2867,1,62.272
2290,44.4327,4,1.9406,1.0,WARMING_UP,WARMING_UP,WARMING_UP,0.0,0,62.272
2291,44.4937,1,4.986,1.0,wave,UNKNOWN,UNKNOWN,0.2867,0,57.686
2291,44.4937,4,2.0016,1.0,WARMING_UP,WARMING_UP,WARMING_UP,0.0,0,57.686
2292,44.5088,1,4.9841,1.0,wave,UNKNOWN,UNKNOWN,0.2867,0,59.148
2292,44.5088,4,2.0167,1.0,WARMING_UP,WARMING_UP,WARMING_UP,0.0,0,59.148
2293,44.5226,1,4.9979,1.0,wave,UNKNOWN,UNKNOWN,0.2867,0,60.44
2293,44.5226,4,2.0305,1.0,WARMING_UP,WARMING_UP,WARMING_UP,0.0,0,60.44
2294,44.5362,1,4.9968,1.0,wave,UNKNOWN,UNKNOWN,0.2867,0,61.53
2294,44.5362,4,2.0441,1.0,WARMING_UP,WARMING_UP,WARMING_UP,0.0,0,61.53
2295,44.5505,1,4.9977,1.0,wave,UNKNOWN,UNKNOWN,0.2867,0,62.48
2295,44.5505,4,2.0584,1.0,WARMING_UP,WARMING_UP,WARMING_UP,0.0,0,62.48
2296,44.5646,1,4.9987,1.0,wave,UNKNOWN,UNKNOWN,0.2867,0,63.316
2296,44.5646,4,2.0725,1.0,WARMING_UP,WARMING_UP,WARMING_UP,0.0,0,63.316
2297,44.5791,1,4.9633,1.0,wave,UNKNOWN,UNKNOWN,0.2867,0,63.728
2297,44.5791,4,2.087,1.0,WARMING_UP,WARMING_UP,WARMING_UP,0.0,0,63.728
2298,44.5936,1,4.9778,1.0,wave,UNKNOWN,UNKNOWN,0.2867,0,64.479
2298,44.5936,4,2.1014,1.0,WARMING_UP,WARMING_UP,WARMING_UP,0.0,0,64.479
2299,44.6077,1,4.9919,1.0,wave,UNKNOWN,UNKNOWN,0.2867,0,65.337
2299,44.6077,4,2.1156,1.0,WARMING_UP,WARMING_UP,WARMING_UP,0.0,0,65.337
2300,44.6217,1,4.9912,1.0,wave,UNKNOWN,UNKNOWN,0.2867,0,65.973
2300,44.6217,4,2.1296,1.0,WARMING_UP,WARMING_UP,WARMING_UP,0.0,0,65.973
2301,44.6353,1,4.9913,1.0,wave,UNKNOWN,UNKNOWN,0.2867,0,66.514
2301,44.6353,4,2.1432,1.0,WARMING_UP,WARMING_UP,WARMING_UP,0.0,0,66.514
2302,44.6492,1,4.9904,1.0,wave,UNKNOWN,UNKNOWN,0.2867,0,67.201
2302,44.6492,4,2.1571,1.0,WARMING_UP,WARMING_UP,WARMING_UP,0.0,0,67.201
2303,44.663,1,4.9906,1.0,wave,UNKNOWN,UNKNOWN,0.2867,0,67.26
2303,44.663,4,2.1709,1.0,WARMING_UP,WARMING_UP,WARMING_UP,0.0,0,67.26
2304,44.6773,1,4.9905,1.0,wave,UNKNOWN,UNKNOWN,0.2867,0,67.286
2304,44.6773,4,2.1852,1.0,WARMING_UP,WARMING_UP,WARMING_UP,0.0,0,67.286
2305,44.6924,1,4.992,1.0,wave,UNKNOWN,UNKNOWN,0.2933,1,66.815
2305,44.6924,4,2.2003,1.0,WARMING_UP,WARMING_UP,WARMING_UP,0.0,0,66.815
2306,44.7463,1,4.9886,1.0,wave,UNKNOWN,UNKNOWN,0.2933,0,62.021
2306,44.7463,4,2.2542,1.0,WARMING_UP,WARMING_UP,WARMING_UP,0.0,0,62.021
2307,44.7611,1,4.9894,1.0,wave,UNKNOWN,UNKNOWN,0.2933,0,63.431
2307,44.7611,4,2.269,1.0,WARMING_UP,WARMING_UP,WARMING_UP,0.0,0,63.431
2308,44.7745,1,4.9883,1.0,wave,UNKNOWN,UNKNOWN,0.2933,0,62.027
2308,44.7745,4,2.2824,1.0,WARMING_UP,WARMING_UP,WARMING_UP,0.0,0,62.027
2309,44.7949,1,4.9907,1.0,wave,UNKNOWN,UNKNOWN,0.2933,0,62.642
2309,44.7949,4,2.3028,1.0,WARMING_UP,WARMING_UP,WARMING_UP,0.0,0,62.642
2310,44.8098,1,4.9923,1.0,wave,UNKNOWN,UNKNOWN,0.2933,0,63.265
2310,44.8098,4,2.3177,1.0,WARMING_UP,WARMING_UP,WARMING_UP,0.0,0,63.265
2311,44.8242,1,4.9552,1.0,wave,UNKNOWN,UNKNOWN,0.2933,0,63.654
2311,44.8242,4,2.3321,1.0,WARMING_UP,WARMING_UP,WARMING_UP,0.0,0,63.654
2312,44.8387,1,4.9697,1.0,wave,UNKNOWN,UNKNOWN,0.2933,0,63.741
2312,44.8387,4,2.3466,1.0,WARMING_UP,WARMING_UP,WARMING_UP,0.0,0,63.741
2313,44.8545,1,4.9855,1.0,wave,UNKNOWN,UNKNOWN,0.2933,0,64.826
2313,44.8545,4,2.3624,1.0,WARMING_UP,WARMING_UP,WARMING_UP,0.0,0,64.826
2314,44.868,1,4.999,1.0,wave,UNKNOWN,UNKNOWN,0.2933,0,62.893
2314,44.868,4,2.3759,1.0,WARMING_UP,WARMING_UP,WARMING_UP,0.0,0,62.893
2315,44.89,1,4.9925,1.0,wave,UNKNOWN,UNKNOWN,0.2933,0,62.629
2315,44.89,4,2.3979,1.0,WARMING_UP,WARMING_UP,WARMING_UP,0.0,0,62.629
2316,44.9066,1,4.9958,1.0,wave,UNKNOWN,UNKNOWN,0.2933,0,63.141
2316,44.9066,4,2.4145,1.0,WARMING_UP,WARMING_UP,WARMING_UP,0.0,0,63.141
2317,44.9213,1,4.9967,1.0,wave,UNKNOWN,UNKNOWN,0.2933,0,63.631
2317,44.9213,4,2.4292,1.0,WARMING_UP,WARMING_UP,WARMING_UP,0.0,0,63.631
2318,44.9364,1,4.9955,1.0,wave,UNKNOWN,UNKNOWN,0.2933,0,64.151
2318,44.9364,4,2.4443,1.0,WARMING_UP,WARMING_UP,WARMING_UP,0.0,0,64.151
2319,44.9502,1,4.995,1.0,wave,UNKNOWN,UNKNOWN,0.3133,1,65.02
2319,44.9502,4,2.4581,1.0,WARMING_UP,WARMING_UP,WARMING_UP,0.0,0,65.02
2320,45.0029,1,4.9916,1.0,wave,UNKNOWN,UNKNOWN,0.3133,0,60.355
2320,45.0029,4,2.5108,1.0,WARMING_UP,WARMING_UP,WARMING_UP,0.0,0,60.355
2321,45.0189,1,4.9933,1.0,wave,UNKNOWN,UNKNOWN,0.3133,0,60.71
2321,45.0189,4,2.5268,1.0,WARMING_UP,WARMING_UP,WARMING_UP,0.0,0,60.71
2322,45.0342,1,4.9929,1.0,wave,UNKNOWN,UNKNOWN,0.3133,0,61.701
2322,45.0342,4,2.5421,1.0,WARMING_UP,WARMING_UP,WARMING_UP,0.0,0,61.701
2323,45.0483,1,4.9937,1.0,wave,UNKNOWN,UNKNOWN,0.3133,0,62.832
2323,45.0483,4,2.5562,1.0,WARMING_UP,WARMING_UP,WARMING_UP,0.0,0,62.832
2324,45.0621,1,4.9929,1.0,wave,UNKNOWN,UNKNOWN,0.3133,0,61.197
2324,45.0621,4,2.57,1.0,WARMING_UP,WARMING_UP,WARMING_UP,0.0,0,61.197
2325,45.0844,1,4.9623,1.0,wave,UNKNOWN,UNKNOWN,0.3133,0,61.567
2325,45.0844,4,2.5923,1.0,WARMING_UP,WARMING_UP,WARMING_UP,0.0,0,61.567
2326,45.1,1,4.978,1.0,wave,UNKNOWN,UNKNOWN,0.3133,0,60.666
2326,45.1,4,2.6079,1.0,WARMING_UP,WARMING_UP,WARMING_UP,0.0,0,60.666
2327,45.1182,1,4.9962,1.0,wave,UNKNOWN,UNKNOWN,0.3133,0,61.209
2327,45.1182,4,2.6261,1.0,WARMING_UP,WARMING_UP,WARMING_UP,0.0,0,61.209
2328,45.1332,1,4.9968,1.0,wave,UNKNOWN,UNKNOWN,0.3133,0,62.464
2328,45.1332,4,2.6411,1.0,WARMING_UP,WARMING_UP,WARMING_UP,0.0,0,62.464
2329,45.1465,1,4.9966,1.0,wave,UNKNOWN,UNKNOWN,0.3133,0,62.99
2329,45.1465,4,2.6544,1.0,WARMING_UP,WARMING_UP,WARMING_UP,0.0,0,62.99
2330,45.1618,1,4.9987,1.0,wave,UNKNOWN,UNKNOWN,0.3133,0,62.264
2330,45.1618,4,2.6697,1.0,WARMING_UP,WARMING_UP,WARMING_UP,0.0,0,62.264
2331,45.1797,1,4.9888,1.0,wave,UNKNOWN,UNKNOWN,0.3133,0,62.997
2331,45.1797,4,2.6876,1.0,WARMING_UP,WARMING_UP,WARMING_UP,0.0,0,62.997
2332,45.1936,1,4.9877,1.0,wave,UNKNOWN,UNKNOWN,0.3133,0,64.178
2332,45.1936,4,2.7015,1.0,WARMING_UP,WARMING_UP,WARMING_UP,0.0,0,64.178
2333,45.2108,1,4.9887,1.0,wave,UNKNOWN,UNKNOWN,0.3,1,63.399
2333,45.2108,4,2.7187,1.0,WARMING_UP,WARMING_UP,WARMING_UP,0.0,0,63.399
2334,45.2637,1,4.9867,1.0,wave,UNKNOWN,UNKNOWN,0.3,0,58.838
2334,45.2637,4,2.7716,1.0,WARMING_UP,WARMING_UP,WARMING_UP,0.0,0,58.838
2335,45.2812,1,4.9907,1.0,wave,UNKNOWN,UNKNOWN,0.3,0,59.41
2335,45.2812,4,2.7891,1.0,WARMING_UP,WARMING_UP,WARMING_UP,0.0,0,59.41
2336,45.2966,1,4.9914,1.0,wave,UNKNOWN,UNKNOWN,0.3,0,58.788
2336,45.2966,4,2.8045,1.0,WARMING_UP,WARMING_UP,WARMING_UP,0.0,0,58.788
2337,45.3153,1,4.9938,1.0,wave,UNKNOWN,UNKNOWN,0.3,0,59.782
2337,45.3153,4,2.8232,1.0,WARMING_UP,WARMING_UP,WARMING_UP,0.0,0,59.782
2338,45.3295,1,4.9561,1.0,wave,UNKNOWN,UNKNOWN,0.3,0,60.66
2338,45.3295,4,2.8374,1.0,WARMING_UP,WARMING_UP,WARMING_UP,0.0,0,60.66
2339,45.3446,1,4.9712,1.0,wave,UNKNOWN,UNKNOWN,0.3,0,60.608
2339,45.3446,4,2.8525,1.0,WARMING_UP,WARMING_UP,WARMING_UP,0.0,0,60.608
2340,45.3612,1,4.9878,1.0,wave,UNKNOWN,UNKNOWN,0.3,0,60.552
2340,45.3612,4,2.8691,1.0,WARMING_UP,WARMING_UP,WARMING_UP,0.0,0,60.552
2341,45.3779,1,4.9906,1.0,wave,UNKNOWN,UNKNOWN,0.3,0,61.657
2341,45.3779,4,2.8858,1.0,WARMING_UP,WARMING_UP,WARMING_UP,0.0,0,61.657
2342,45.3918,1,4.9909,1.0,wave,UNKNOWN,UNKNOWN,0.3,0,62.875
2342,45.3918,4,2.8997,1.0,WARMING_UP,WARMING_UP,WARMING_UP,0.0,0,62.875
2343,45.4056,1,4.9916,1.0,wave,UNKNOWN,UNKNOWN,0.3,0,62.532
2343,45.4056,4,2.9135,1.0,WARMING_UP,WARMING_UP,WARMING_UP,0.0,0,62.532
2344,45.4228,1,4.9958,1.0,wave,UNKNOWN,UNKNOWN,0.3,0,63.145
2344,45.4228,4,2.9307,1.0,WARMING_UP,WARMING_UP,WARMING_UP,0.0,0,63.145
2345,45.4365,1,4.9955,1.0,wave,UNKNOWN,UNKNOWN,0.3,0,63.715
2345,45.4365,4,2.9444,1.0,WARMING_UP,WARMING_UP,WARMING_UP,0.0,0,63.715
2346,45.4508,1,4.9958,1.0,wave,UNKNOWN,UNKNOWN,0.3,0,64.22
2346,45.4508,4,2.9587,1.0,WARMING_UP,WARMING_UP,WARMING_UP,0.0,0,64.22
2347,45.4656,1,4.9968,1.0,wave,UNKNOWN,UNKNOWN,0.28,1,63.537
2347,45.4656,4,2.9735,1.0,WARMING_UP,WARMING_UP,WARMING_UP,0.0,0,63.537
2348,45.5198,1,4.9964,1.0,wave,UNKNOWN,UNKNOWN,0.28,0,59.096
2348,45.5198,4,3.0277,1.0,WARMING_UP,WARMING_UP,WARMING_UP,0.0,0,59.096
2349,45.5353,1,4.9959,1.0,wave,UNKNOWN,UNKNOWN,0.28,0,60.689
2349,45.5353,4,3.0432,1.0,WARMING_UP,WARMING_UP,WARMING_UP,0.0,0,60.689
2350,45.5498,1,4.9959,1.0,wave,UNKNOWN,UNKNOWN,0.28,0,60.611
2350,45.5498,4,3.0577,1.0,WARMING_UP,WARMING_UP,WARMING_UP,0.0,0,60.611
2351,45.5663,1,4.9981,1.0,wave,UNKNOWN,UNKNOWN,0.28,0,59.577
2351,45.5663,4,3.0742,1.0,WARMING_UP,WARMING_UP,WARMING_UP,0.0,0,59.577
2352,45.5853,1,4.9478,1.0,wave,UNKNOWN,UNKNOWN,0.28,0,59.963
2352,45.5853,4,3.0932,1.0,WARMING_UP,WARMING_UP,WARMING_UP,0.0,0,59.963
2353,45.6011,1,4.9636,1.0,wave,UNKNOWN,UNKNOWN,0.28,0,60.653
2353,45.6011,4,3.109,1.0,WARMING_UP,WARMING_UP,WARMING_UP,0.0,0,60.653
2354,45.6159,1,4.9785,1.0,wave,UNKNOWN,UNKNOWN,0.28,0,61.87
2354,45.6159,4,3.1238,1.0,WARMING_UP,WARMING_UP,WARMING_UP,0.0,0,61.87
2355,45.6297,1,4.9922,1.0,wave,UNKNOWN,UNKNOWN,0.28,0,62.218
2355,45.6297,4,3.1376,1.0,WARMING_UP,WARMING_UP,WARMING_UP,0.0,0,62.218
2356,45.6457,1,4.9928,1.0,wave,UNKNOWN,UNKNOWN,0.28,0,62.855
2356,45.6457,4,3.1536,1.0,WARMING_UP,WARMING_UP,WARMING_UP,0.0,0,62.855
2357,45.6596,1,4.9931,1.0,wave,UNKNOWN,UNKNOWN,0.28,0,63.837
2357,45.6596,4,3.1675,1.0,WARMING_UP,WARMING_UP,WARMING_UP,0.0,0,63.837
2358,45.673,1,4.9938,1.0,wave,UNKNOWN,UNKNOWN,0.28,0,64.491
2358,45.673,4,3.1809,1.0,WARMING_UP,WARMING_UP,WARMING_UP,0.0,0,64.491
2359,45.6875,1,4.995,1.0,wave,UNKNOWN,UNKNOWN,0.28,0,64.123
2359,45.6875,4,3.1954,1.0,WARMING_UP,WARMING_UP,WARMING_UP,0.0,0,64.123
2360,45.7042,1,4.9974,1.0,wave,UNKNOWN,UNKNOWN,0.28,0,64.207
2360,45.7042,4,3.2121,1.0,WARMING_UP,WARMING_UP,WARMING_UP,0.0,0,64.207
2361,45.7194,1,4.9981,1.0,wave,UNKNOWN,UNKNOWN,0.2833,1,64.071
2361,45.7194,4,3.2273,1.0,WARMING_UP,WARMING_UP,WARMING_UP,0.0,0,64.071
2362,45.7736,1,4.9951,1.0,wave,UNKNOWN,UNKNOWN,0.2833,0,59.526
2362,45.7736,4,3.2815,1.0,WARMING_UP,WARMING_UP,WARMING_UP,0.0,0,59.526
2363,45.789,1,4.9973,1.0,wave,UNKNOWN,UNKNOWN,0.2833,0,60.68
2363,45.789,4,3.2969,1.0,WARMING_UP,WARMING_UP,WARMING_UP,0.0,0,60.68
2364,45.8035,1,4.9975,1.0,wave,UNKNOWN,UNKNOWN,0.2833,0,61.402
2364,45.8035,4,3.3114,1.0,WARMING_UP,WARMING_UP,WARMING_UP,0.0,0,61.402
2365,45.818,1,4.9947,1.0,wave,UNKNOWN,UNKNOWN,0.2833,0,62.441
2365,45.818,4,3.3259,1.0,WARMING_UP,WARMING_UP,WARMING_UP,0.0,0,62.441
2366,45.8324,1,4.994,1.0,wave,UNKNOWN,UNKNOWN,0.2833,0,62.583
2366,45.8324,4,3.3403,1.0,WARMING_UP,WARMING_UP,WARMING_UP,0.0,0,62.583
2367,45.8477,1,4.9568,1.0,wave,UNKNOWN,UNKNOWN,0.2833,0,62.261
2367,45.8477,4,3.3556,1.0,WARMING_UP,WARMING_UP,WARMING_UP,0.0,0,62.261
2368,45.8646,1,4.9738,1.0,wave,UNKNOWN,UNKNOWN,0.2833,0,63.178
2368,45.8646,4,3.3725,1.0,WARMING_UP,WARMING_UP,WARMING_UP,0.0,0,63.178
2369,45.8783,1,4.9874,1.0,wave,UNKNOWN,UNKNOWN,0.2833,0,61.277
2369,45.8783,4,3.3862,1.0,WARMING_UP,WARMING_UP,WARMING_UP,0.0,0,61.277
2370,45.9012,1,4.9928,1.0,wave,UNKNOWN,UNKNOWN,0.2833,0,62.473
2370,45.9012,4,3.4091,1.0,WARMING_UP,WARMING_UP,WARMING_UP,0.0,0,62.473
2371,45.9147,1,4.9925,1.0,wave,UNKNOWN,UNKNOWN,0.2833,0,63.457
2371,45.9147,4,3.4226,1.0,WARMING_UP,WARMING_UP,WARMING_UP,0.0,0,63.457
2372,45.9284,1,4.9903,1.0,wave,UNKNOWN,UNKNOWN,0.2833,0,63.512
2372,45.9284,4,3.4363,1.0,WARMING_UP,WARMING_UP,WARMING_UP,0.0,0,63.512
2373,45.9439,1,4.9922,1.0,wave,UNKNOWN,UNKNOWN,0.2833,0,64.409
2373,45.9439,4,3.4518,1.0,WARMING_UP,WARMING_UP,WARMING_UP,0.0,0,64.409
2374,45.9575,1,4.9911,1.0,wave,UNKNOWN,UNKNOWN,0.2833,0,64.36
2374,45.9575,4,3.4654,1.0,WARMING_UP,WARMING_UP,WARMING_UP,0.0,0,64.36
2375,45.9735,1,4.9941,1.0,wave,UNKNOWN,UNKNOWN,0.2767,1,63.981
2375,45.9735,4,3.4814,1.0,WARMING_UP,WARMING_UP,WARMING_UP,0.0,0,63.981
2376,46.0307,1,4.9908,1.0,wave,UNKNOWN,UNKNOWN,0.2767,0,59.377
2376,46.0307,4,3.5386,1.0,WARMING_UP,WARMING_UP,WARMING_UP,0.0,0,59.377
2377,46.0458,1,4.9813,1.0,wave,UNKNOWN,UNKNOWN,0.2767,0,59.884
2377,46.0458,4,3.5536,1.0,WARMING_UP,WARMING_UP,WARMING_UP,0.0,0,59.884
2378,46.0612,1,4.9967,1.0,wave,UNKNOWN,UNKNOWN,0.2767,0,60.642
2378,46.0612,4,3.5691,1.0,WARMING_UP,WARMING_UP,WARMING_UP,0.0,0,60.642
2379,46.0762,1,4.999,1.0,wave,UNKNOWN,UNKNOWN,0.2767,0,61.519
2379,46.0762,4,3.5841,1.0,WARMING_UP,WARMING_UP,WARMING_UP,0.0,0,61.519
2380,46.0906,1,4.9483,1.0,wave,UNKNOWN,UNKNOWN,0.2767,0,62.331
2380,46.0906,4,3.5985,1.0,WARMING_UP,WARMING_UP,WARMING_UP,0.0,0,62.331
2381,46.1048,1,4.9624,1.0,wave,UNKNOWN,UNKNOWN,0.2767,0,63.477
2381,46.1048,4,3.6127,1.0,WARMING_UP,WARMING_UP,WARMING_UP,0.0,0,63.477
2382,46.1184,1,4.976,1.0,wave,UNKNOWN,UNKNOWN,0.2767,0,64.16
2382,46.1184,4,3.6263,1.0,WARMING_UP,WARMING_UP,WARMING_UP,0.0,0,64.16
2383,46.1326,1,4.9903,1.0,wave,UNKNOWN,UNKNOWN,0.2767,0,64.678
2383,46.1326,4,3.6405,1.0,WARMING_UP,WARMING_UP,WARMING_UP,0.0,0,64.678
2384,46.1469,1,4.9897,1.0,wave,UNKNOWN,UNKNOWN,0.2767,0,64.761
2384,46.1469,4,3.6548,1.0,WARMING_UP,WARMING_UP,WARMING_UP,0.0,0,64.761
2385,46.1622,1,4.9879,1.0,wave,UNKNOWN,UNKNOWN,0.2767,0,64.737
2385,46.1622,4,3.6701,1.0,WARMING_UP,WARMING_UP,WARMING_UP,0.0,0,64.737
2386,46.1778,1,4.989,1.0,wave,UNKNOWN,UNKNOWN,0.2767,0,64.851
2386,46.1778,4,3.6857,1.0,WARMING_UP,WARMING_UP,WARMING_UP,0.0,0,64.851
2387,46.1929,1,4.9912,1.0,wave,UNKNOWN,UNKNOWN,0.2767,0,64.482
2387,46.1929,4,3.7008,1.0,WARMING_UP,WARMING_UP,WARMING_UP,0.0,0,64.482
2388,46.2092,1,4.9884,1.0,wave,UNKNOWN,UNKNOWN,0.2767,0,64.309
2388,46.2092,4,3.7171,1.0,WARMING_UP,WARMING_UP,WARMING_UP,0.0,0,64.309
2389,46.2252,1,4.9899,1.0,wave,UNKNOWN,UNKNOWN,0.2667,1,64.756
2389,46.2252,4,3.7331,1.0,WARMING_UP,WARMING_UP,WARMING_UP,0.0,0,64.756
2390,46.2877,1,4.9877,1.0,wave,UNKNOWN,UNKNOWN,0.2667,0,59.873
2390,46.2877,4,3.7956,1.0,WARMING_UP,WARMING_UP,WARMING_UP,0.0,0,59.873
2391,46.3028,1,4.9869,1.0,wave,UNKNOWN,UNKNOWN,0.2667,0,61.102
2391,46.3028,4,3.8107,1.0,WARMING_UP,WARMING_UP,WARMING_UP,0.0,0,61.102
2392,46.3172,1,4.9883,1.0,wave,UNKNOWN,UNKNOWN,0.2667,0,60.496
2392,46.3172,4,3.825,1.0,WARMING_UP,WARMING_UP,WARMING_UP,0.0,0,60.496
2393,46.3347,1,4.9927,1.0,wave,UNKNOWN,UNKNOWN,0.2667,0,61.719
2393,46.3347,4,3.8426,1.0,WARMING_UP,WARMING_UP,WARMING_UP,0.0,0,61.719
2394,46.3493,1,4.9553,1.0,wave,UNKNOWN,UNKNOWN,0.2667,0,62.367
2394,46.3493,4,3.8572,1.0,WARMING_UP,WARMING_UP,WARMING_UP,0.0,0,62.367
2395,46.363,1,4.969,1.0,wave,UNKNOWN,UNKNOWN,0.2667,0,62.58
2395,46.363,4,3.8709,1.0,WARMING_UP,WARMING_UP,WARMING_UP,0.0,0,62.58
2396,46.3785,1,4.9845,1.0,wave,UNKNOWN,UNKNOWN,0.2667,0,63.387
2396,46.3785,4,3.8864,1.0,WARMING_UP,WARMING_UP,WARMING_UP,0.0,0,63.387
2397,46.3927,1,4.9988,1.0,wave,UNKNOWN,UNKNOWN,0.2667,0,63.223
2397,46.3927,4,3.9006,1.0,WARMING_UP,WARMING_UP,WARMING_UP,0.0,0,63.223
2398,46.4089,1,4.9865,1.0,wave,UNKNOWN,UNKNOWN,0.2667,0,61.274
2398,46.4089,4,3.9168,1.0,WARMING_UP,WARMING_UP,WARMING_UP,0.0,0,61.274
2399,46.4317,1,4.9953,1.0,wave,UNKNOWN,UNKNOWN,0.2667,0,61.951
2399,46.4317,4,3.9396,1.0,WARMING_UP,WARMING_UP,WARMING_UP,0.0,0,61.951
2400,46.4468,1,4.9976,1.0,wave,UNKNOWN,UNKNOWN,0.2667,0,62.582
2400,46.4468,4,3.9547,1.0,WARMING_UP,WARMING_UP,WARMING_UP,0.0,0,62.582
2401,46.4611,1,4.9977,1.0,wave,UNKNOWN,UNKNOWN,0.2667,0,63.148
2401,46.4611,4,3.969,1.0,WARMING_UP,WARMING_UP,WARMING_UP,0.0,0,63.148
2402,46.4757,1,4.9988,1.0,wave,UNKNOWN,UNKNOWN,0.2667,1,64.197
2402,46.4757,4,3.9836,1.0,WARMING_UP,WARMING_UP,WARMING_UP,0.0,0,64.197
2403,46.527,1,4.9863,1.0,wave,UNKNOWN,UNKNOWN,0.2667,0,59.647
2403,46.527,4,4.0349,1.0,wave,UNKNOWN,UNKNOWN,0.2467,1,59.647
2404,46.5842,1,4.9878,1.0,wave,UNKNOWN,UNKNOWN,0.2667,0,55.451
2404,46.5842,4,4.0921,1.0,wave,UNKNOWN,UNKNOWN,0.2467,0,55.451
2405,46.5995,1,4.951,1.0,wave,UNKNOWN,UNKNOWN,0.2667,0,56.201
2405,46.5995,4,4.1074,1.0,wave,UNKNOWN,UNKNOWN,0.2467,0,56.201
2406,46.6152,1,4.9667,1.0,wave,UNKNOWN,UNKNOWN,0.2667,0,57.802
2406,46.6152,4,4.1231,1.0,wave,UNKNOWN,UNKNOWN,0.2467,0,57.802
2407,46.63,1,4.9815,1.0,wave,UNKNOWN,UNKNOWN,0.2667,0,58.419
2407,46.63,4,4.1379,1.0,wave,UNKNOWN,UNKNOWN,0.2467,0,58.419
2408,46.6452,1,4.9967,1.0,wave,UNKNOWN,UNKNOWN,0.2667,0,59.707
2408,46.6452,4,4.1531,1.0,wave,UNKNOWN,UNKNOWN,0.2467,0,59.707
2409,46.6595,1,4.9956,1.0,wave,UNKNOWN,UNKNOWN,0.2667,0,59.872
2409,46.6595,4,4.1674,1.0,wave,UNKNOWN,UNKNOWN,0.2467,0,59.872
2410,46.6766,1,4.9994,1.0,wave,UNKNOWN,UNKNOWN,0.2667,0,60.406
2410,46.6766,4,4.1845,1.0,wave,UNKNOWN,UNKNOWN,0.2467,0,60.406
2411,46.6903,1,4.9967,1.0,wave,UNKNOWN,UNKNOWN,0.2667,0,61.747
2411,46.6903,4,4.1982,1.0,wave,UNKNOWN,UNKNOWN,0.2467,0,61.747
2412,46.704,1,4.9971,1.0,wave,UNKNOWN,UNKNOWN,0.2667,0,62.81
2412,46.704,4,4.2119,1.0,wave,UNKNOWN,UNKNOWN,0.2467,0,62.81
2413,46.7177,1,4.9979,1.0,wave,UNKNOWN,UNKNOWN,0.2667,0,63.234
2413,46.7177,4,4.2256,1.0,wave,UNKNOWN,UNKNOWN,0.2467,0,63.234
2414,46.7329,1,4.9917,1.0,wave,UNKNOWN,UNKNOWN,0.2667,1,63.067
2414,46.7329,4,4.2408,1.0,wave,UNKNOWN,UNKNOWN,0.2467,0,63.067
2415,46.787,1,4.9944,1.0,wave,UNKNOWN,UNKNOWN,0.2667,0,58.661
2415,46.787,4,4.2949,1.0,wave,UNKNOWN,UNKNOWN,0.2467,1,58.661
2416,46.8482,1,4.9994,1.0,wave,UNKNOWN,UNKNOWN,0.2667,0,54.389
2416,46.8482,4,4.3561,1.0,wave,UNKNOWN,UNKNOWN,0.2467,0,54.389
2417,46.8643,1,4.9658,1.0,wave,UNKNOWN,UNKNOWN,0.2667,0,56.242
2417,46.8643,4,4.3722,1.0,wave,UNKNOWN,UNKNOWN,0.2467,0,56.242
2418,46.8794,1,4.981,1.0,wave,UNKNOWN,UNKNOWN,0.2667,0,57.104
2418,46.8794,4,4.3873,1.0,wave,UNKNOWN,UNKNOWN,0.2467,0,57.104
2419,46.8938,1,4.9953,1.0,wave,UNKNOWN,UNKNOWN,0.2667,0,58.529
2419,46.8938,4,4.4017,1.0,wave,UNKNOWN,UNKNOWN,0.2467,0,58.529
2420,46.9072,1,4.9924,1.0,wave,UNKNOWN,UNKNOWN,0.2667,0,60.305
2420,46.9072,4,4.4151,1.0,wave,UNKNOWN,UNKNOWN,0.2467,0,60.305
2421,46.9204,1,4.9878,1.0,wave,UNKNOWN,UNKNOWN,0.2667,0,61.157
2421,46.9204,4,4.4283,1.0,wave,UNKNOWN,UNKNOWN,0.2467,0,61.157
2422,46.9351,1,4.9879,1.0,wave,UNKNOWN,UNKNOWN,0.2667,0,61.218
2422,46.9351,4,4.443,1.0,wave,UNKNOWN,UNKNOWN,0.2467,0,61.218
2423,46.9512,1,4.9892,1.0,wave,UNKNOWN,UNKNOWN,0.2667,0,61.664
2423,46.9512,4,4.4591,1.0,wave,UNKNOWN,UNKNOWN,0.2467,0,61.664
2424,46.9665,1,4.991,1.0,wave,UNKNOWN,UNKNOWN,0.2667,0,62.229
2424,46.9665,4,4.4744,1.0,wave,UNKNOWN,UNKNOWN,0.2467,0,62.229
2425,46.9814,1,4.9901,1.0,wave,UNKNOWN,UNKNOWN,0.2667,0,63.219
2425,46.9814,4,4.4893,1.0,wave,UNKNOWN,UNKNOWN,0.2467,0,63.219
2426,46.9954,1,4.9914,1.0,wave,UNKNOWN,UNKNOWN,0.2933,1,64.07
2426,46.9954,4,4.5033,1.0,wave,UNKNOWN,UNKNOWN,0.2467,0,64.07
2427,47.0483,1,4.986,1.0,wave,UNKNOWN,UNKNOWN,0.2933,0,59.501
2427,47.0483,4,4.5562,1.0,wave,UNKNOWN,UNKNOWN,0.2433,1,59.501
2428,47.1042,1,4.9501,1.0,wave,UNKNOWN,UNKNOWN,0.2933,0,55.313
2428,47.1042,4,4.6121,1.0,wave,UNKNOWN,UNKNOWN,0.2433,0,55.313
2429,47.1203,1,4.9662,1.0,wave,UNKNOWN,UNKNOWN,0.2933,0,56.002
2429,47.1203,4,4.6282,1.0,wave,UNKNOWN,UNKNOWN,0.2433,0,56.002
2430,47.1366,1,4.9826,1.0,wave,UNKNOWN,UNKNOWN,0.2933,0,56.453
2430,47.1366,4,4.6445,1.0,wave,UNKNOWN,UNKNOWN,0.2433,0,56.453
2431,47.1529,1,4.9988,1.0,wave,UNKNOWN,UNKNOWN,0.2933,0,57.162
2431,47.1529,4,4.6608,1.0,wave,UNKNOWN,UNKNOWN,0.2433,0,57.162
2432,47.1685,1,4.9969,1.0,wave,UNKNOWN,UNKNOWN,0.2933,0,58.722
2432,47.1685,4,4.6764,1.0,wave,UNKNOWN,UNKNOWN,0.2433,0,58.722
2433,47.1835,1,4.9981,1.0,wave,UNKNOWN,UNKNOWN,0.2933,0,59.675
2433,47.1835,4,4.6914,1.0,wave,UNKNOWN,UNKNOWN,0.2433,0,59.675
2434,47.1978,1,4.9986,1.0,wave,UNKNOWN,UNKNOWN,0.2933,0,60.55
2434,47.1978,4,4.7057,1.0,wave,UNKNOWN,UNKNOWN,0.2433,0,60.55
2435,47.2117,1,4.9984,1.0,wave,UNKNOWN,UNKNOWN,0.2933,0,61.071
2435,47.2117,4,4.7196,1.0,wave,UNKNOWN,UNKNOWN,0.2433,0,61.071
2436,47.2269,1,4.9867,1.0,wave,UNKNOWN,UNKNOWN,0.2933,0,60.322
2436,47.2269,4,4.7348,1.0,wave,UNKNOWN,UNKNOWN,0.2433,0,60.322
2437,47.2457,1,4.9919,1.0,wave,UNKNOWN,UNKNOWN,0.26,1,60.552
2437,47.2457,4,4.7536,1.0,wave,UNKNOWN,UNKNOWN,0.2433,0,60.552
2438,47.3034,1,4.9916,1.0,wave,UNKNOWN,UNKNOWN,0.26,0,56.195
2438,47.3034,4,4.8113,1.0,wave,UNKNOWN,UNKNOWN,0.2367,1,56.195
2439,47.3586,1,4.9905,1.0,wave,UNKNOWN,UNKNOWN,0.26,0,52.482
2439,47.3586,4,4.8665,1.0,wave,UNKNOWN,UNKNOWN,0.2367,0,52.482
2440,47.3731,1,4.9509,1.0,wave,UNKNOWN,UNKNOWN,0.26,0,54.436
2440,47.3731,4,4.881,1.0,wave,UNKNOWN,UNKNOWN,0.2367,0,54.436
2441,47.3871,1,4.965,1.0,wave,UNKNOWN,UNKNOWN,0.26,0,53.972
2441,47.3871,4,4.895,1.0,wave,UNKNOWN,UNKNOWN,0.2367,0,53.972
2442,47.4068,1,4.9846,1.0,wave,UNKNOWN,UNKNOWN,0.26,0,54.264
2442,47.4068,4,4.9147,1.0,wave,UNKNOWN,UNKNOWN,0.2367,0,54.264
2443,47.4246,1,4.988,1.0,wave,UNKNOWN,UNKNOWN,0.26,0,55.104
2443,47.4246,4,4.9325,1.0,wave,UNKNOWN,UNKNOWN,0.2367,0,55.104
2444,47.4405,1,4.9903,1.0,wave,UNKNOWN,UNKNOWN,0.26,0,56.506
2444,47.4405,4,4.9484,1.0,wave,UNKNOWN,UNKNOWN,0.2367,0,56.506
2445,47.4554,1,4.9917,1.0,wave,UNKNOWN,UNKNOWN,0.26,0,57.582
2445,47.4554,4,4.9633,1.0,wave,UNKNOWN,UNKNOWN,0.2367,0,57.582
2446,47.4697,1,4.992,1.0,wave,UNKNOWN,UNKNOWN,0.26,0,59.09
2446,47.4697,4,4.9776,1.0,wave,UNKNOWN,UNKNOWN,0.2367,0,59.09
2447,47.4844,1,4.9923,1.0,wave,UNKNOWN,UNKNOWN,0.26,0,59.817
2447,47.4844,4,4.9923,1.0,wave,UNKNOWN,UNKNOWN,0.2367,0,59.817
2448,47.4985,1,4.9923,1.0,wave,UNKNOWN,UNKNOWN,0.2667,1,60.788
2448,47.4985,4,4.9923,1.0,wave,UNKNOWN,UNKNOWN,0.2367,0,60.788
2449,47.5496,1,4.9874,1.0,wave,UNKNOWN,UNKNOWN,0.2667,0,56.605
2449,47.5496,4,4.9874,1.0,wave,UNKNOWN,UNKNOWN,0.2367,0,56.605
2450,47.5656,1,4.9896,1.0,wave,UNKNOWN,UNKNOWN,0.2667,0,57.629
2450,47.5656,4,4.9896,1.0,wave,UNKNOWN,UNKNOWN,0.25,1,57.629
2451,47.6184,1,4.9874,1.0,wave,UNKNOWN,UNKNOWN,0.2667,0,53.762
2451,47.6184,4,4.9874,1.0,wave,UNKNOWN,UNKNOWN,0.25,0,53.762
2452,47.6331,1,4.951,1.0,wave,UNKNOWN,UNKNOWN,0.2667,0,53.054
2452,47.6331,4,4.951,1.0,wave,UNKNOWN,UNKNOWN,0.25,0,53.054
2453,47.6546,1,4.9724,1.0,wave,UNKNOWN,UNKNOWN,0.2667,0,54.605
2453,47.6546,4,4.9724,1.0,wave,UNKNOWN,UNKNOWN,0.25,0,54.605
2454,47.67,1,4.9879,1.0,wave,UNKNOWN,UNKNOWN,0.2667,0,55.418
2454,47.67,4,4.9879,1.0,wave,UNKNOWN,UNKNOWN,0.25,0,55.418
2455,47.6854,1,4.9886,1.0,wave,UNKNOWN,UNKNOWN,0.2667,0,56.414
2455,47.6854,4,4.9886,1.0,wave,UNKNOWN,UNKNOWN,0.25,0,56.414
2456,47.7008,1,4.9894,1.0,wave,UNKNOWN,UNKNOWN,0.2667,0,55.38
2456,47.7008,4,4.9894,1.0,wave,UNKNOWN,UNKNOWN,0.25,0,55.38
2457,47.7225,1,4.9937,1.0,wave,UNKNOWN,UNKNOWN,0.2667,0,54.703
2457,47.7225,4,4.9937,1.0,wave,UNKNOWN,UNKNOWN,0.25,0,54.703
2458,47.7428,1,4.9976,1.0,wave,UNKNOWN,UNKNOWN,0.2667,0,55.276
2458,47.7428,4,4.9976,1.0,wave,UNKNOWN,UNKNOWN,0.25,0,55.276
2459,47.7595,1,4.9992,1.0,wave,UNKNOWN,UNKNOWN,0.2467,1,54.665
2459,47.7595,4,4.9992,1.0,wave,UNKNOWN,UNKNOWN,0.25,0,54.665
2460,47.8189,1,4.9973,1.0,wave,UNKNOWN,UNKNOWN,0.2467,0,51.064
2460,47.8189,4,4.9973,1.0,wave,UNKNOWN,UNKNOWN,0.27,1,51.064
2461,47.8695,1,4.9881,1.0,wave,UNKNOWN,UNKNOWN,0.2467,0,47.783
2461,47.8695,4,4.9881,1.0,wave,UNKNOWN,UNKNOWN,0.27,0,47.783
2462,47.8886,1,4.9548,1.0,wave,UNKNOWN,UNKNOWN,0.2467,0,49.576
2462,47.8886,4,4.9548,1.0,wave,UNKNOWN,UNKNOWN,0.27,0,49.576
2463,47.9035,1,4.9697,1.0,wave,UNKNOWN,UNKNOWN,0.2467,0,51.566
2463,47.9035,4,4.9697,1.0,wave,UNKNOWN,UNKNOWN,0.27,0,51.566
2464,47.9175,1,4.9837,1.0,wave,UNKNOWN,UNKNOWN,0.2467,0,53.74
2464,47.9175,4,4.9837,1.0,wave,UNKNOWN,UNKNOWN,0.27,0,53.74
2465,47.9322,1,4.9984,1.0,wave,UNKNOWN,UNKNOWN,0.2467,0,54.572
2465,47.9322,4,4.9984,1.0,wave,UNKNOWN,UNKNOWN,0.27,0,54.572
2466,47.9474,1,4.9986,1.0,wave,UNKNOWN,UNKNOWN,0.2467,0,56.563
2466,47.9474,4,4.9986,1.0,wave,UNKNOWN,UNKNOWN,0.27,0,56.563
2467,47.9608,1,4.997,1.0,wave,UNKNOWN,UNKNOWN,0.2467,0,57.574
2467,47.9608,4,4.997,1.0,wave,UNKNOWN,UNKNOWN,0.27,0,57.574
2468,47.9789,1,4.9875,1.0,wave,UNKNOWN,UNKNOWN,0.2467,0,57.239
2468,47.9789,4,4.9875,1.0,wave,UNKNOWN,UNKNOWN,0.27,0,57.239
2469,47.9948,1,4.9906,1.0,wave,UNKNOWN,UNKNOWN,0.2467,0,57.814
2469,47.9948,4,4.9906,1.0,wave,UNKNOWN,UNKNOWN,0.27,0,57.814
2470,48.0103,1,4.9924,1.0,wave,UNKNOWN,UNKNOWN,0.25,1,59.19
2470,48.0103,4,4.9924,1.0,wave,UNKNOWN,UNKNOWN,0.27,0,59.19
2471,48.0619,1,4.9978,1.0,wave,UNKNOWN,UNKNOWN,0.25,0,55.145
2471,48.0619,4,4.9978,1.0,wave,UNKNOWN,UNKNOWN,0.27,0,55.145
2472,48.0773,1,4.9919,1.0,wave,UNKNOWN,UNKNOWN,0.25,0,56.051
2472,48.0773,4,4.9919,1.0,wave,UNKNOWN,UNKNOWN,0.2667,1,56.051
2473,48.1304,1,4.9867,1.0,wave,UNKNOWN,UNKNOWN,0.25,0,52.325
2473,48.1304,4,4.9867,1.0,wave,UNKNOWN,UNKNOWN,0.2667,0,52.325
2474,48.1466,1,4.9411,1.0,wave,UNKNOWN,UNKNOWN,0.25,0,53.51
2474,48.1466,4,4.9411,1.0,wave,UNKNOWN,UNKNOWN,0.2667,0,53.51
2475,48.1618,1,4.9563,1.0,wave,UNKNOWN,UNKNOWN,0.25,0,54.812
2475,48.1618,4,4.9563,1.0,wave,UNKNOWN,UNKNOWN,0.2667,0,54.812
2476,48.1769,1,4.9715,1.0,wave,UNKNOWN,UNKNOWN,0.25,0,56.3
2476,48.1769,4,4.9715,1.0,wave,UNKNOWN,UNKNOWN,0.2667,0,56.3
2477,48.1915,1,4.9861,1.0,wave,UNKNOWN,UNKNOWN,0.25,0,57.547
2477,48.1915,4,4.9861,1.0,wave,UNKNOWN,UNKNOWN,0.2667,0,57.547
2478,48.2065,1,4.9857,1.0,wave,UNKNOWN,UNKNOWN,0.25,0,58.608
2478,48.2065,4,4.9857,1.0,wave,UNKNOWN,UNKNOWN,0.2667,0,58.608
2479,48.2206,1,4.9998,1.0,wave,UNKNOWN,UNKNOWN,0.25,0,58.164
2479,48.2206,4,4.9998,1.0,wave,UNKNOWN,UNKNOWN,0.2667,0,58.164
2480,48.239,1,4.9895,1.0,wave,UNKNOWN,UNKNOWN,0.25,0,59.474
2480,48.239,4,4.9895,1.0,wave,UNKNOWN,UNKNOWN,0.2667,0,59.474
2481,48.253,1,4.9894,1.0,wave,UNKNOWN,UNKNOWN,0.25,0,60.359
2481,48.253,4,4.9894,1.0,wave,UNKNOWN,UNKNOWN,0.2667,0,60.359
2482,48.2675,1,4.9901,1.0,wave,UNKNOWN,UNKNOWN,0.24,1,61.141
2482,48.2675,4,4.9901,1.0,wave,UNKNOWN,UNKNOWN,0.2667,0,61.141
2483,48.3204,1,4.9975,1.0,wave,UNKNOWN,UNKNOWN,0.24,0,56.889
2483,48.3204,4,4.9975,1.0,wave,UNKNOWN,UNKNOWN,0.2667,0,56.889
2484,48.3364,1,4.9989,1.0,wave,UNKNOWN,UNKNOWN,0.24,0,57.56
2484,48.3364,4,4.9989,1.0,wave,UNKNOWN,UNKNOWN,0.2367,1,57.56
2485,48.39,1,4.9944,1.0,wave,UNKNOWN,UNKNOWN,0.24,0,53.669
2485,48.39,4,4.9944,1.0,wave,UNKNOWN,UNKNOWN,0.2367,0,53.669
2486,48.4054,1,4.9505,1.0,wave,UNKNOWN,UNKNOWN,0.24,0,54.705
2486,48.4054,4,4.9505,1.0,wave,UNKNOWN,UNKNOWN,0.2367,0,54.705
2487,48.421,1,4.9662,1.0,wave,UNKNOWN,UNKNOWN,0.24,0,56.157
2487,48.421,4,4.9662,1.0,wave,UNKNOWN,UNKNOWN,0.2367,0,56.157
2488,48.4354,1,4.9805,1.0,wave,UNKNOWN,UNKNOWN,0.24,0,56.969
2488,48.4354,4,4.9805,1.0,wave,UNKNOWN,UNKNOWN,0.2367,0,56.969
2489,48.451,1,4.9961,1.0,wave,UNKNOWN,UNKNOWN,0.24,0,58.056
2489,48.451,4,4.9961,1.0,wave,UNKNOWN,UNKNOWN,0.2367,0,58.056
2490,48.4657,1,4.9934,1.0,wave,UNKNOWN,UNKNOWN,0.24,0,59.282
2490,48.4657,4,4.9934,1.0,wave,UNKNOWN,UNKNOWN,0.2367,0,59.282
2491,48.4798,1,4.9928,1.0,wave,UNKNOWN,UNKNOWN,0.24,0,60.05
2491,48.4798,4,4.9928,1.0,wave,UNKNOWN,UNKNOWN,0.2367,0,60.05
2492,48.4948,1,4.9929,1.0,wave,UNKNOWN,UNKNOWN,0.24,0,59.951
2492,48.4948,4,4.9929,1.0,wave,UNKNOWN,UNKNOWN,0.2367,0,59.951
2493,48.5118,1,4.9938,1.0,wave,UNKNOWN,UNKNOWN,0.24,0,60.732
2493,48.5118,4,4.9938,1.0,wave,UNKNOWN,UNKNOWN,0.2367,0,60.732
2494,48.5267,1,4.9918,1.0,wave,UNKNOWN,UNKNOWN,0.26,1,61.804
2494,48.5267,4,4.9918,1.0,wave,UNKNOWN,UNKNOWN,0.2367,0,61.804
2495,48.5788,1,4.9979,1.0,wave,UNKNOWN,UNKNOWN,0.26,0,57.489
2495,48.5788,4,4.9979,1.0,wave,UNKNOWN,UNKNOWN,0.2367,0,57.489
2496,48.5949,1,4.9872,1.0,wave,UNKNOWN,UNKNOWN,0.26,0,56.867
2496,48.5949,4,4.9872,1.0,wave,UNKNOWN,UNKNOWN,0.2367,1,56.867
2497,48.6504,1,4.9951,1.0,wave,UNKNOWN,UNKNOWN,0.26,0,53.067
2497,48.6504,4,4.9951,1.0,wave,UNKNOWN,UNKNOWN,0.2367,0,53.067
2498,48.6666,1,4.9572,1.0,wave,UNKNOWN,UNKNOWN,0.26,0,54.479
2498,48.6666,4,4.9572,1.0,wave,UNKNOWN,UNKNOWN,0.2367,0,54.479
2499,48.6816,1,4.9722,1.0,wave,UNKNOWN,UNKNOWN,0.26,0,54.085
2499,48.6816,4,4.9722,1.0,wave,UNKNOWN,UNKNOWN,0.2367,0,54.085
2500,48.7012,1,4.9918,1.0,wave,UNKNOWN,UNKNOWN,0.26,0,55.125
2500,48.7012,4,4.9918,1.0,wave,UNKNOWN,UNKNOWN,0.2367,0,55.125
2501,48.717,1,4.9918,1.0,wave,UNKNOWN,UNKNOWN,0.26,0,55.531
2501,48.717,4,4.9918,1.0,wave,UNKNOWN,UNKNOWN,0.2367,0,55.531
2502,48.7338,1,4.9942,1.0,wave,UNKNOWN,UNKNOWN,0.26,0,56.588
2502,48.7338,4,4.9942,1.0,wave,UNKNOWN,UNKNOWN,0.2367,0,56.588
2503,48.7487,1,4.9946,1.0,wave,UNKNOWN,UNKNOWN,0.26,0,57.59
2503,48.7487,4,4.9946,1.0,wave,UNKNOWN,UNKNOWN,0.2367,0,57.59
2504,48.7638,1,4.9959,1.0,wave,UNKNOWN,UNKNOWN,0.26,0,59.245
2504,48.7638,4,4.9959,1.0,wave,UNKNOWN,UNKNOWN,0.2367,0,59.245
2505,48.7775,1,4.9952,1.0,wave,UNKNOWN,UNKNOWN,0.24,1,59.701
2505,48.7775,4,4.9952,1.0,wave,UNKNOWN,UNKNOWN,0.2367,0,59.701
2506,48.8336,1,4.9835,1.0,wave,UNKNOWN,UNKNOWN,0.24,0,55.505
2506,48.8336,4,4.9835,1.0,wave,UNKNOWN,UNKNOWN,0.2367,0,55.505
2507,48.8496,1,4.9995,1.0,wave,UNKNOWN,UNKNOWN,0.24,0,56.736
2507,48.8496,4,4.9995,1.0,wave,UNKNOWN,UNKNOWN,0.24,1,56.736
2508,48.9046,1,4.99,1.0,wave,UNKNOWN,UNKNOWN,0.24,0,52.83
2508,48.9046,4,4.99,1.0,wave,UNKNOWN,UNKNOWN,0.24,0,52.83
2509,48.9207,1,4.9557,1.0,wave,UNKNOWN,UNKNOWN,0.24,0,52.125
2509,48.9207,4,4.9557,1.0,wave,UNKNOWN,UNKNOWN,0.24,0,52.125
2510,48.9427,1,4.9777,1.0,wave,UNKNOWN,UNKNOWN,0.24,0,53.905
2510,48.9427,4,4.9777,1.0,wave,UNKNOWN,UNKNOWN,0.24,0,53.905
2511,48.9568,1,4.9918,1.0,wave,UNKNOWN,UNKNOWN,0.24,0,53.447
2511,48.9568,4,4.9918,1.0,wave,UNKNOWN,UNKNOWN,0.24,0,53.447
2512,48.9774,1,4.9968,1.0,wave,UNKNOWN,UNKNOWN,0.24,0,55.1
2512,48.9774,4,4.9968,1.0,wave,UNKNOWN,UNKNOWN,0.24,0,55.1
2513,48.9914,1,4.9951,1.0,wave,UNKNOWN,UNKNOWN,0.24,0,54.212
2513,48.9914,4,4.9951,1.0,wave,UNKNOWN,UNKNOWN,0.24,0,54.212
2514,49.0142,1,4.9875,1.0,wave,UNKNOWN,UNKNOWN,0.24,0,52.953
2514,49.0142,4,4.9875,1.0,wave,UNKNOWN,UNKNOWN,0.24,0,52.953
2515,49.0374,1,4.995,1.0,wave,UNKNOWN,UNKNOWN,0.2467,1,54.075
2515,49.0374,4,4.995,1.0,wave,UNKNOWN,UNKNOWN,0.24,0,54.075
2516,49.0906,1,4.9914,1.0,wave,UNKNOWN,UNKNOWN,0.2467,0,50.535
2516,49.0906,4,4.9914,1.0,wave,UNKNOWN,UNKNOWN,0.24,0,50.535
2517,49.1065,1,4.9928,1.0,wave,UNKNOWN,UNKNOWN,0.2467,0,52.369
2517,49.1065,4,4.9928,1.0,wave,UNKNOWN,UNKNOWN,0.2567,1,52.369
2518,49.1625,1,4.983,1.0,wave,UNKNOWN,UNKNOWN,0.2467,0,48.9
2518,49.1625,4,4.983,1.0,wave,UNKNOWN,UNKNOWN,0.2567,0,48.9
2519,49.1776,1,4.998,1.0,wave,UNKNOWN,UNKNOWN,0.2467,0,50.532
2519,49.1776,4,4.998,1.0,wave,UNKNOWN,UNKNOWN,0.2567,0,50.532
2520,49.1923,1,4.9615,1.0,wave,UNKNOWN,UNKNOWN,0.2467,0,51.321
2520,49.1923,4,4.9615,1.0,wave,UNKNOWN,UNKNOWN,0.2567,0,51.321
2521,49.2098,1,4.979,1.0,wave,UNKNOWN,UNKNOWN,0.2467,0,53.105
2521,49.2098,4,4.979,1.0,wave,UNKNOWN,UNKNOWN,0.2567,0,53.105
2522,49.2244,1,4.9936,1.0,wave,UNKNOWN,UNKNOWN,0.2467,0,54.89
2522,49.2244,4,4.9936,1.0,wave,UNKNOWN,UNKNOWN,0.2567,0,54.89
2523,49.2384,1,4.9912,1.0,wave,UNKNOWN,UNKNOWN,0.2467,0,55.896
2523,49.2384,4,4.9912,1.0,wave,UNKNOWN,UNKNOWN,0.2567,0,55.896
2524,49.2541,1,4.9915,1.0,wave,UNKNOWN,UNKNOWN,0.2467,0,57.046
2524,49.2541,4,4.9915,1.0,wave,UNKNOWN,UNKNOWN,0.2567,0,57.046
2525,49.2688,1,4.9911,1.0,wave,UNKNOWN,UNKNOWN,0.2467,0,58.599
2525,49.2688,4,4.9911,1.0,wave,UNKNOWN,UNKNOWN,0.2567,0,58.599
2526,49.2824,1,4.9909,1.0,wave,UNKNOWN,UNKNOWN,0.2467,0,59.461
2526,49.2824,4,4.9909,1.0,wave,UNKNOWN,UNKNOWN,0.2567,0,59.461
2527,49.2972,1,4.9922,1.0,wave,UNKNOWN,UNKNOWN,0.2567,1,58.833
2527,49.2972,4,4.9922,1.0,wave,UNKNOWN,UNKNOWN,0.2567,0,58.833
2528,49.353,1,4.9863,1.0,wave,UNKNOWN,UNKNOWN,0.2567,0,54.831
2528,49.353,4,4.9863,1.0,wave,UNKNOWN,UNKNOWN,0.2567,0,54.831
2529,49.3692,1,4.982,1.0,wave,UNKNOWN,UNKNOWN,0.2567,0,56.392
2529,49.3692,4,4.982,1.0,wave,UNKNOWN,UNKNOWN,0.27,1,56.392
2530,49.421,1,4.9883,1.0,wave,UNKNOWN,UNKNOWN,0.2567,0,52.539
2530,49.421,4,4.9883,1.0,wave,UNKNOWN,UNKNOWN,0.27,0,52.539
2531,49.4393,1,4.9455,1.0,wave,UNKNOWN,UNKNOWN,0.2567,0,53.693
2531,49.4393,4,4.9455,1.0,wave,UNKNOWN,UNKNOWN,0.27,0,53.693
2532,49.4549,1,4.9612,1.0,wave,UNKNOWN,UNKNOWN,0.2567,0,55.058
2532,49.4549,4,4.9612,1.0,wave,UNKNOWN,UNKNOWN,0.27,0,55.058
2533,49.4696,1,4.9758,1.0,wave,UNKNOWN,UNKNOWN,0.2567,0,55.963
2533,49.4696,4,4.9758,1.0,wave,UNKNOWN,UNKNOWN,0.27,0,55.963
2534,49.4852,1,4.9915,1.0,wave,UNKNOWN,UNKNOWN,0.2567,0,57.78
2534,49.4852,4,4.9915,1.0,wave,UNKNOWN,UNKNOWN,0.27,0,57.78
2535,49.4998,1,4.9909,1.0,wave,UNKNOWN,UNKNOWN,0.2567,0,58.891
2535,49.4998,4,4.9909,1.0,wave,UNKNOWN,UNKNOWN,0.27,0,58.891
2536,49.5134,1,4.9907,1.0,wave,UNKNOWN,UNKNOWN,0.2567,0,60.315
2536,49.5134,4,4.9907,1.0,wave,UNKNOWN,UNKNOWN,0.27,0,60.315
2537,49.527,1,4.9908,1.0,wave,UNKNOWN,UNKNOWN,0.2567,0,61.433
2537,49.527,4,4.9908,1.0,wave,UNKNOWN,UNKNOWN,0.27,0,61.433
2538,49.5411,1,4.9906,1.0,wave,UNKNOWN,UNKNOWN,0.2567,0,61.227
2538,49.5411,4,4.9906,1.0,wave,UNKNOWN,UNKNOWN,0.27,0,61.227
2539,49.5582,1,4.9936,1.0,wave,UNKNOWN,UNKNOWN,0.2533,1,61.378
2539,49.5582,4,4.9936,1.0,wave,UNKNOWN,UNKNOWN,0.27,0,61.378
2540,49.6128,1,4.9911,1.0,wave,UNKNOWN,UNKNOWN,0.2533,0,57.098
2540,49.6128,4,4.9911,1.0,wave,UNKNOWN,UNKNOWN,0.27,0,57.098
2541,49.6278,1,4.9925,1.0,wave,UNKNOWN,UNKNOWN,0.2533,0,58.285
2541,49.6278,4,4.9925,1.0,wave,UNKNOWN,UNKNOWN,0.2733,1,58.285
2542,49.6837,1,4.9913,1.0,wave,UNKNOWN,UNKNOWN,0.2533,0,54.202
2542,49.6837,4,4.9913,1.0,wave,UNKNOWN,UNKNOWN,0.2733,0,54.202
2543,49.7002,1,4.9539,1.0,wave,UNKNOWN,UNKNOWN,0.2533,0,55.154
2543,49.7002,4,4.9539,1.0,wave,UNKNOWN,UNKNOWN,0.2733,0,55.154
2544,49.7155,1,4.9692,1.0,wave,UNKNOWN,UNKNOWN,0.2533,0,56.028
2544,49.7155,4,4.9692,1.0,wave,UNKNOWN,UNKNOWN,0.2733,0,56.028
2545,49.7313,1,4.985,1.0,wave,UNKNOWN,UNKNOWN,0.2533,0,56.387
2545,49.7313,4,4.985,1.0,wave,UNKNOWN,UNKNOWN,0.2733,0,56.387
2546,49.7483,1,4.9872,1.0,wave,UNKNOWN,UNKNOWN,0.2533,0,56.916
2546,49.7483,4,4.9872,1.0,wave,UNKNOWN,UNKNOWN,0.2733,0,56.916
2547,49.7647,1,4.9902,1.0,wave,UNKNOWN,UNKNOWN,0.2533,0,56.863
2547,49.7647,4,4.9902,1.0,wave,UNKNOWN,UNKNOWN,0.2733,0,56.863
2548,49.7819,1,4.9871,1.0,wave,UNKNOWN,UNKNOWN,0.2533,0,54.497
2548,49.7819,4,4.9871,1.0,wave,UNKNOWN,UNKNOWN,0.2733,0,54.497
2549,49.8123,1,4.9881,1.0,wave,UNKNOWN,UNKNOWN,0.2533,1,54.804
2549,49.8123,4,4.9881,1.0,wave,UNKNOWN,UNKNOWN,0.2733,0,54.804
2550,49.8666,1,4.9986,1.0,wave,UNKNOWN,UNKNOWN,0.2533,0,51.257
2550,49.8666,4,4.9986,1.0,wave,UNKNOWN,UNKNOWN,0.2733,0,51.257
2551,49.8806,1,4.9905,1.0,wave,UNKNOWN,UNKNOWN,0.2533,0,52.702
2551,49.8806,4,4.9905,1.0,wave,UNKNOWN,UNKNOWN,0.2467,1,52.702
2552,49.934,1,4.9976,1.0,wave,UNKNOWN,UNKNOWN,0.2533,0,49.316
2552,49.934,4,4.9976,1.0,wave,UNKNOWN,UNKNOWN,0.2467,0,49.316
2553,49.9489,1,4.9987,1.0,wave,UNKNOWN,UNKNOWN,0.2533,0,51.139
2553,49.9489,4,4.9987,1.0,wave,UNKNOWN,UNKNOWN,0.2467,0,51.139
2554,49.9638,1,4.9609,1.0,wave,UNKNOWN,UNKNOWN,0.2533,0,50.552
2554,49.9638,4,4.9609,1.0,wave,UNKNOWN,UNKNOWN,0.2467,0,50.552
2555,49.9863,1,4.9835,1.0,wave,UNKNOWN,UNKNOWN,0.2533,0,52.138
2555,49.9863,4,4.9835,1.0,wave,UNKNOWN,UNKNOWN,0.2467,0,52.138
2556,50.0011,1,4.9982,1.0,wave,UNKNOWN,UNKNOWN,0.2533,0,53.575
2556,50.0011,4,4.9982,1.0,wave,UNKNOWN,UNKNOWN,0.2467,0,53.575
2557,50.0161,1,4.9972,1.0,wave,UNKNOWN,UNKNOWN,0.2533,0,55.04
2557,50.0161,4,4.9972,1.0,wave,UNKNOWN,UNKNOWN,0.2467,0,55.04
2558,50.0308,1,4.9966,1.0,wave,UNKNOWN,UNKNOWN,0.2533,0,55.821
2558,50.0308,4,4.9966,1.0,wave,UNKNOWN,UNKNOWN,0.2467,0,55.821
2559,50.0466,1,4.9983,1.0,wave,UNKNOWN,UNKNOWN,0.2533,0,55.896
2559,50.0466,4,4.9983,1.0,wave,UNKNOWN,UNKNOWN,0.2467,0,55.896
2560,50.0642,1,4.9798,1.0,wave,UNKNOWN,UNKNOWN,0.26,1,55.891
2560,50.0642,4,4.9798,1.0,wave,UNKNOWN,UNKNOWN,0.2467,0,55.891
2561,50.1199,1,4.9867,1.0,wave,UNKNOWN,UNKNOWN,0.26,0,52.171
2561,50.1199,4,4.9867,1.0,wave,UNKNOWN,UNKNOWN,0.2467,0,52.171
2562,50.1361,1,4.9896,1.0,wave,UNKNOWN,UNKNOWN,0.26,0,52.47
2562,50.1361,4,4.9896,1.0,wave,UNKNOWN,UNKNOWN,0.2467,1,52.47
2563,50.2013,1,4.9905,1.0,wave,UNKNOWN,UNKNOWN,0.26,0,48.832
2563,50.2013,4,4.9905,1.0,wave,UNKNOWN,UNKNOWN,0.2467,0,48.832
2564,50.216,1,4.9523,1.0,wave,UNKNOWN,UNKNOWN,0.26,0,50.409
2564,50.216,4,4.9523,1.0,wave,UNKNOWN,UNKNOWN,0.2467,0,50.409
2565,50.2314,1,4.9677,1.0,wave,UNKNOWN,UNKNOWN,0.26,0,51.709
2565,50.2314,4,4.9677,1.0,wave,UNKNOWN,UNKNOWN,0.2467,0,51.709
2566,50.247,1,4.9832,1.0,wave,UNKNOWN,UNKNOWN,0.26,0,52.964
2566,50.247,4,4.9832,1.0,wave,UNKNOWN,UNKNOWN,0.2467,0,52.964
2567,50.2628,1,4.9991,1.0,wave,UNKNOWN,UNKNOWN,0.26,0,54.172
2567,50.2628,4,4.9991,1.0,wave,UNKNOWN,UNKNOWN,0.2467,0,54.172
2568,50.2781,1,4.9969,1.0,wave,UNKNOWN,UNKNOWN,0.26,0,54.953
2568,50.2781,4,4.9969,1.0,wave,UNKNOWN,UNKNOWN,0.2467,0,54.953
2569,50.2945,1,4.998,1.0,wave,UNKNOWN,UNKNOWN,0.26,0,55.767
2569,50.2945,4,4.998,1.0,wave,UNKNOWN,UNKNOWN,0.2467,0,55.767
2570,50.3104,1,4.9951,1.0,wave,UNKNOWN,UNKNOWN,0.26,0,56.56
2570,50.3104,4,4.9951,1.0,wave,UNKNOWN,UNKNOWN,0.2467,0,56.56
2571,50.326,1,4.9965,1.0,wave,UNKNOWN,UNKNOWN,0.2433,1,56.722
2571,50.326,4,4.9965,1.0,wave,UNKNOWN,UNKNOWN,0.2467,0,56.722
2572,50.3918,1,4.9862,1.0,wave,UNKNOWN,UNKNOWN,0.2433,0,52.623
2572,50.3918,4,4.9862,1.0,wave,UNKNOWN,UNKNOWN,0.2667,1,52.623
2573,50.451,1,4.9854,1.0,wave,UNKNOWN,UNKNOWN,0.2433,0,48.862
2573,50.451,4,4.9854,1.0,wave,UNKNOWN,UNKNOWN,0.2667,0,48.862
2574,50.4737,1,4.954,1.0,wave,UNKNOWN,UNKNOWN,0.2433,0,50.914
2574,50.4737,4,4.954,1.0,wave,UNKNOWN,UNKNOWN,0.2667,0,50.914
2575,50.4883,1,4.9685,1.0,wave,UNKNOWN,UNKNOWN,0.2433,0,52.314
2575,50.4883,4,4.9685,1.0,wave,UNKNOWN,UNKNOWN,0.2667,0,52.314
2576,50.5032,1,4.9835,1.0,wave,UNKNOWN,UNKNOWN,0.2433,0,53.551
2576,50.5032,4,4.9835,1.0,wave,UNKNOWN,UNKNOWN,0.2667,0,53.551
2577,50.5187,1,4.9989,1.0,wave,UNKNOWN,UNKNOWN,0.2433,0,53.742
2577,50.5187,4,4.9989,1.0,wave,UNKNOWN,UNKNOWN,0.2667,0,53.742
2578,50.5369,1,4.9871,1.0,wave,UNKNOWN,UNKNOWN,0.2433,0,54.909
2578,50.5369,4,4.9871,1.0,wave,UNKNOWN,UNKNOWN,0.2667,0,54.909
2579,50.552,1,4.9857,1.0,wave,UNKNOWN,UNKNOWN,0.2433,0,55.888
2579,50.552,4,4.9857,1.0,wave,UNKNOWN,UNKNOWN,0.2667,0,55.888
2580,50.5674,1,4.9821,1.0,wave,UNKNOWN,UNKNOWN,0.2433,0,56.741
2580,50.5674,4,4.9821,1.0,wave,UNKNOWN,UNKNOWN,0.2667,0,56.741
2581,50.5829,1,4.9976,1.0,wave,UNKNOWN,UNKNOWN,0.2667,1,55.789
2581,50.5829,4,4.9976,1.0,wave,UNKNOWN,UNKNOWN,0.2667,0,55.789
2582,50.6439,1,4.9982,1.0,wave,UNKNOWN,UNKNOWN,0.2667,0,52.026
2582,50.6439,4,4.9982,1.0,wave,UNKNOWN,UNKNOWN,0.25,1,52.026
2583,50.6983,1,4.9941,1.0,wave,UNKNOWN,UNKNOWN,0.2667,0,48.654
2583,50.6983,4,4.9941,1.0,wave,UNKNOWN,UNKNOWN,0.25,0,48.654
2584,50.7137,1,4.9943,1.0,wave,UNKNOWN,UNKNOWN,0.2667,0,49.905
2584,50.7137,4,4.9943,1.0,wave,UNKNOWN,UNKNOWN,0.25,0,49.905
2585,50.7302,1,4.9566,1.0,wave,UNKNOWN,UNKNOWN,0.2667,0,50.996
2585,50.7302,4,4.9566,1.0,wave,UNKNOWN,UNKNOWN,0.25,0,50.996
2586,50.7467,1,4.973,1.0,wave,UNKNOWN,UNKNOWN,0.2667,0,51.489
2586,50.7467,4,4.973,1.0,wave,UNKNOWN,UNKNOWN,0.25,0,51.489
2587,50.7644,1,4.9907,1.0,wave,UNKNOWN,UNKNOWN,0.2667,0,52.303
2587,50.7644,4,4.9907,1.0,wave,UNKNOWN,UNKNOWN,0.25,0,52.303
2588,50.7813,1,4.9923,1.0,wave,UNKNOWN,UNKNOWN,0.2667,0,53.412
2588,50.7813,4,4.9923,1.0,wave,UNKNOWN,UNKNOWN,0.25,0,53.412
2589,50.7968,1,4.9933,1.0,wave,UNKNOWN,UNKNOWN,0.2667,0,54.58
2589,50.7968,4,4.9933,1.0,wave,UNKNOWN,UNKNOWN,0.25,0,54.58
2590,50.812,1,4.994,1.0,wave,UNKNOWN,UNKNOWN,0.2667,0,55.642
2590,50.812,4,4.994,1.0,wave,UNKNOWN,UNKNOWN,0.25,0,55.642
2591,50.8276,1,4.9953,1.0,wave,UNKNOWN,UNKNOWN,0.2667,0,55.823
2591,50.8276,4,4.9953,1.0,wave,UNKNOWN,UNKNOWN,0.25,0,55.823
2592,50.845,1,4.9973,1.0,wave,UNKNOWN,UNKNOWN,0.28,1,56.589
2592,50.845,4,4.9973,1.0,wave,UNKNOWN,UNKNOWN,0.25,0,56.589
2593,50.9052,1,4.9905,1.0,wave,UNKNOWN,UNKNOWN,0.28,0,52.624
2593,50.9052,4,4.9905,1.0,wave,UNKNOWN,UNKNOWN,0.2467,1,52.624
2594,50.9577,1,4.9842,1.0,wave,UNKNOWN,UNKNOWN,0.28,0,49.245
2594,50.9577,4,4.9842,1.0,wave,UNKNOWN,UNKNOWN,0.2467,0,49.245
2595,50.9726,1,4.9991,1.0,wave,UNKNOWN,UNKNOWN,0.28,0,51.578
2595,50.9726,4,4.9991,1.0,wave,UNKNOWN,UNKNOWN,0.2467,0,51.578
2596,50.9873,1,4.9566,1.0,wave,UNKNOWN,UNKNOWN,0.28,0,52.164
2596,50.9873,4,4.9566,1.0,wave,UNKNOWN,UNKNOWN,0.2467,0,52.164
2597,51.0043,1,4.9736,1.0,wave,UNKNOWN,UNKNOWN,0.28,0,54.307
2597,51.0043,4,4.9736,1.0,wave,UNKNOWN,UNKNOWN,0.2467,0,54.307
2598,51.0175,1,4.9868,1.0,wave,UNKNOWN,UNKNOWN,0.28,0,55.819
2598,51.0175,4,4.9868,1.0,wave,UNKNOWN,UNKNOWN,0.2467,0,55.819
2599,51.0322,1,4.9865,1.0,wave,UNKNOWN,UNKNOWN,0.28,0,56.854
2599,51.0322,4,4.9865,1.0,wave,UNKNOWN,UNKNOWN,0.2467,0,56.854
2600,51.0475,1,4.9863,1.0,wave,UNKNOWN,UNKNOWN,0.28,0,58.066
2600,51.0475,4,4.9863,1.0,wave,UNKNOWN,UNKNOWN,0.2467,0,58.066
2601,51.0615,1,4.9852,1.0,wave,UNKNOWN,UNKNOWN,0.28,0,58.075
2601,51.0615,4,4.9852,1.0,wave,UNKNOWN,UNKNOWN,0.2467,0,58.075
2602,51.0792,1,4.9886,1.0,wave,UNKNOWN,UNKNOWN,0.28,0,58.819
2602,51.0792,4,4.9886,1.0,wave,UNKNOWN,UNKNOWN,0.2467,0,58.819
2603,51.0952,1,4.9904,1.0,wave,UNKNOWN,UNKNOWN,0.27,1,59.581
2603,51.0952,4,4.9904,1.0,wave,UNKNOWN,UNKNOWN,0.2467,0,59.581
2604,51.1461,1,4.9992,1.0,wave,UNKNOWN,UNKNOWN,0.27,0,55.483
2604,51.1461,4,4.9992,1.0,wave,UNKNOWN,UNKNOWN,0.2467,0,55.483
2605,51.163,1,4.9851,1.0,wave,UNKNOWN,UNKNOWN,0.27,0,55.642
2605,51.163,4,4.9851,1.0,wave,UNKNOWN,UNKNOWN,0.23,1,55.642
2606,51.2291,1,4.9414,1.0,wave,UNKNOWN,UNKNOWN,0.27,0,51.58
2606,51.2291,4,4.9414,1.0,wave,UNKNOWN,UNKNOWN,0.23,0,51.58
2607,51.2472,1,4.9595,1.0,wave,UNKNOWN,UNKNOWN,0.27,0,51.434
2607,51.2472,4,4.9595,1.0,wave,UNKNOWN,UNKNOWN,0.23,0,51.434
2608,51.2676,1,4.9799,1.0,wave,UNKNOWN,UNKNOWN,0.27,0,51.516
2608,51.2676,4,4.9799,1.0,wave,UNKNOWN,UNKNOWN,0.23,0,51.516
2609,51.2867,1,4.999,1.0,wave,UNKNOWN,UNKNOWN,0.27,0,52.141
2609,51.2867,4,4.999,1.0,wave,UNKNOWN,UNKNOWN,0.23,0,52.141
2610,51.3036,1,4.9865,1.0,wave,UNKNOWN,UNKNOWN,0.27,0,52.557
2610,51.3036,4,4.9865,1.0,wave,UNKNOWN,UNKNOWN,0.23,0,52.557
2611,51.3217,1,4.987,1.0,wave,UNKNOWN,UNKNOWN,0.27,0,52.599
2611,51.3217,4,4.987,1.0,wave,UNKNOWN,UNKNOWN,0.23,0,52.599
2612,51.3444,1,4.9951,1.0,wave,UNKNOWN,UNKNOWN,0.27,0,51.514
2612,51.3444,4,4.9951,1.0,wave,UNKNOWN,UNKNOWN,0.23,0,51.514
2613,51.3648,1,4.9863,1.0,wave,UNKNOWN,UNKNOWN,0.2567,1,51.377
2613,51.3648,4,4.9863,1.0,wave,UNKNOWN,UNKNOWN,0.23,0,51.377
2614,51.4356,1,4.9888,1.0,wave,UNKNOWN,UNKNOWN,0.2567,0,47.639
2614,51.4356,4,4.9888,1.0,wave,UNKNOWN,UNKNOWN,0.2633,1,47.639
2615,51.4987,1,4.9716,1.0,wave,UNKNOWN,UNKNOWN,0.2567,0,44.545
2615,51.4987,4,4.9716,1.0,wave,UNKNOWN,UNKNOWN,0.2633,0,44.545
2616,51.5154,1,4.9884,1.0,wave,UNKNOWN,UNKNOWN,0.2567,0,45.931
2616,51.5154,4,4.9884,1.0,wave,UNKNOWN,UNKNOWN,0.2633,0,45.931
2617,51.533,1,4.9489,1.0,wave,UNKNOWN,UNKNOWN,0.2567,0,46.953
2617,51.533,4,4.9489,1.0,wave,UNKNOWN,UNKNOWN,0.2633,0,46.953
2618,51.5511,1,4.967,1.0,wave,UNKNOWN,UNKNOWN,0.2567,0,47.75
2618,51.5511,4,4.967,1.0,wave,UNKNOWN,UNKNOWN,0.2633,0,47.75
2619,51.569,1,4.9849,1.0,wave,UNKNOWN,UNKNOWN,0.2567,0,48.568
2619,51.569,4,4.9849,1.0,wave,UNKNOWN,UNKNOWN,0.2633,0,48.568
2620,51.5873,1,4.9878,1.0,wave,UNKNOWN,UNKNOWN,0.2567,0,49.407
2620,51.5873,4,4.9878,1.0,wave,UNKNOWN,UNKNOWN,0.2633,0,49.407
2621,51.6048,1,4.9896,1.0,wave,UNKNOWN,UNKNOWN,0.2567,0,50.038
2621,51.6048,4,4.9896,1.0,wave,UNKNOWN,UNKNOWN,0.2633,0,50.038
2622,51.6229,1,4.9929,1.0,wave,UNKNOWN,UNKNOWN,0.26,1,50.907
2622,51.6229,4,4.9929,1.0,wave,UNKNOWN,UNKNOWN,0.2633,0,50.907
2623,51.6775,1,4.9872,1.0,wave,UNKNOWN,UNKNOWN,0.26,0,47.696
2623,51.6775,4,4.9872,1.0,wave,UNKNOWN,UNKNOWN,0.2633,0,47.696
2624,51.6922,1,4.9882,1.0,wave,UNKNOWN,UNKNOWN,0.26,0,49.095
2624,51.6922,4,4.9882,1.0,wave,UNKNOWN,UNKNOWN,0.26,1,49.095
2625,51.746,1,4.959,1.0,wave,UNKNOWN,UNKNOWN,0.26,0,45.968
2625,51.746,4,4.959,1.0,wave,UNKNOWN,UNKNOWN,0.26,0,45.968
2626,51.7649,1,4.9779,1.0,wave,UNKNOWN,UNKNOWN,0.26,0,45.514
2626,51.7649,4,4.9779,1.0,wave,UNKNOWN,UNKNOWN,0.26,0,45.514
2627,51.7894,1,4.9412,1.0,wave,UNKNOWN,UNKNOWN,0.26,0,46.346
2627,51.7894,4,4.9412,1.0,wave,UNKNOWN,UNKNOWN,0.26,0,46.346
2628,51.8082,1,4.9601,1.0,wave,UNKNOWN,UNKNOWN,0.26,0,47.894
2628,51.8082,4,4.9601,1.0,wave,UNKNOWN,UNKNOWN,0.26,0,47.894
2629,51.8238,1,4.9756,1.0,wave,UNKNOWN,UNKNOWN,0.26,0,48.506
2629,51.8238,4,4.9756,1.0,wave,UNKNOWN,UNKNOWN,0.26,0,48.506
2630,51.843,1,4.9948,1.0,wave,UNKNOWN,UNKNOWN,0.26,0,49.694
2630,51.843,4,4.9948,1.0,wave,UNKNOWN,UNKNOWN,0.26,0,49.694
2631,51.8593,1,4.995,1.0,wave,UNKNOWN,UNKNOWN,0.26,0,50.262
2631,51.8593,4,4.995,1.0,wave,UNKNOWN,UNKNOWN,0.26,0,50.262
2632,51.8777,1,4.9982,1.0,wave,UNKNOWN,UNKNOWN,0.2567,1,50.669
2632,51.8777,4,4.9982,1.0,wave,UNKNOWN,UNKNOWN,0.26,0,50.669
2633,51.9369,1,4.9858,1.0,wave,UNKNOWN,UNKNOWN,0.2567,0,47.262
2633,51.9369,4,4.9858,1.0,wave,UNKNOWN,UNKNOWN,0.26,0,47.262
2634,51.9604,1,4.9939,1.0,wave,UNKNOWN,UNKNOWN,0.2567,0,45.697
2634,51.9604,4,4.9939,1.0,wave,UNKNOWN,UNKNOWN,0.2467,1,45.697
2635,52.0353,1,4.987,1.0,wave,UNKNOWN,UNKNOWN,0.2567,0,42.142
2635,52.0353,4,4.987,1.0,wave,UNKNOWN,UNKNOWN,0.2467,0,42.142
2636,52.0857,1,4.9815,1.0,wave,UNKNOWN,UNKNOWN,0.2567,0,42.405
2636,52.0857,4,4.9815,1.0,wave,UNKNOWN,UNKNOWN,0.2467,0,42.405
2637,52.1076,1,4.9873,1.0,wave,UNKNOWN,UNKNOWN,0.2567,0,40.319
2637,52.1076,4,4.9873,1.0,wave,UNKNOWN,UNKNOWN,0.2467,0,40.319
2638,52.1549,1,4.9864,1.0,wave,UNKNOWN,UNKNOWN,0.2533,1,38.034
2638,52.1549,4,4.9864,1.0,wave,UNKNOWN,UNKNOWN,0.2467,0,38.034
2639,52.2507,1,4.9473,1.0,wave,UNKNOWN,UNKNOWN,0.2533,0,35.526
2639,52.2507,4,4.9473,1.0,wave,UNKNOWN,UNKNOWN,0.27,1,35.526
2640,52.3419,1,4.9833,1.0,wave,UNKNOWN,UNKNOWN,0.2533,0,33.321
2640,52.3419,4,4.9833,1.0,wave,UNKNOWN,UNKNOWN,0.27,0,33.321
2641,52.367,1,4.9939,1.0,wave,UNKNOWN,UNKNOWN,0.2533,0,33.943
2641,52.367,4,4.9939,1.0,wave,UNKNOWN,UNKNOWN,0.27,0,33.943
2642,52.3907,1,4.9839,1.0,wave,UNKNOWN,UNKNOWN,0.2533,0,35.659
2642,52.3907,4,4.9839,1.0,wave,UNKNOWN,UNKNOWN,0.27,0,35.659
2642,52.3907,17,0.0,1.0,WARMING_UP,WARMING_UP,WARMING_UP,0.0,0,35.659
2643,52.4088,1,4.9842,1.0,wave,UNKNOWN,UNKNOWN,0.2667,1,35.672
2643,52.4088,4,4.9842,1.0,wave,UNKNOWN,UNKNOWN,0.27,0,35.672
2643,52.4088,17,0.0181,1.0,WARMING_UP,WARMING_UP,WARMING_UP,0.0,0,35.672
2644,52.4845,1,4.986,1.0,wave,UNKNOWN,UNKNOWN,0.2667,0,33.614
2644,52.4845,4,4.986,1.0,wave,UNKNOWN,UNKNOWN,0.27,0,33.614
2645,52.5019,1,4.9523,1.0,wave,UNKNOWN,UNKNOWN,0.2667,0,35.953
2645,52.5019,4,4.9523,1.0,wave,UNKNOWN,UNKNOWN,0.2767,1,35.953
2646,52.568,1,4.9496,1.0,wave,UNKNOWN,UNKNOWN,0.2667,0,33.811
2646,52.568,4,4.9496,1.0,wave,UNKNOWN,UNKNOWN,0.2767,0,33.811
2647,52.5893,1,4.9709,1.0,wave,UNKNOWN,UNKNOWN,0.2667,0,36.518
2647,52.5893,4,4.9709,1.0,wave,UNKNOWN,UNKNOWN,0.2767,0,36.518
2648,52.6043,1,4.9859,1.0,wave,UNKNOWN,UNKNOWN,0.2667,0,39.48
2648,52.6043,4,4.9859,1.0,wave,UNKNOWN,UNKNOWN,0.2767,0,39.48
2649,52.6194,1,4.9862,1.0,wave,UNKNOWN,UNKNOWN,0.2667,0,43.075
2649,52.6194,4,4.9862,1.0,wave,UNKNOWN,UNKNOWN,0.2767,0,43.075
2650,52.6327,1,4.9996,1.0,wave,UNKNOWN,UNKNOWN,0.2667,0,46.732
2650,52.6327,4,4.9996,1.0,wave,UNKNOWN,UNKNOWN,0.2767,0,46.732
2651,52.6452,1,4.9907,1.0,wave,UNKNOWN,UNKNOWN,0.2667,0,50.036
2651,52.6452,4,4.9907,1.0,wave,UNKNOWN,UNKNOWN,0.2767,0,50.036
2652,52.6576,1,4.9876,1.0,wave,UNKNOWN,UNKNOWN,0.2667,0,49.497
2652,52.6576,4,4.9876,1.0,wave,UNKNOWN,UNKNOWN,0.2767,0,49.497
2653,52.6844,1,4.999,1.0,wave,UNKNOWN,UNKNOWN,0.2733,1,48.607
2653,52.6844,4,4.999,1.0,wave,UNKNOWN,UNKNOWN,0.2767,0,48.607
2654,52.7469,1,4.9874,1.0,wave,UNKNOWN,UNKNOWN,0.2733,0,45.539
2654,52.7469,4,4.9874,1.0,wave,UNKNOWN,UNKNOWN,0.2767,0,45.539
2655,52.7608,1,4.9419,1.0,wave,UNKNOWN,UNKNOWN,0.2733,0,48.495
2655,52.7608,4,4.9419,1.0,wave,UNKNOWN,UNKNOWN,0.2733,1,48.495
2656,52.8124,1,4.9935,1.0,wave,UNKNOWN,UNKNOWN,0.2733,0,45.563
2656,52.8124,4,4.9935,1.0,wave,UNKNOWN,UNKNOWN,0.2733,0,45.563
2657,52.8262,1,4.9568,1.0,wave,UNKNOWN,UNKNOWN,0.2733,0,47.961
2657,52.8262,4,4.9568,1.0,wave,UNKNOWN,UNKNOWN,0.2733,0,47.961
2658,52.8407,1,4.9712,1.0,wave,UNKNOWN,UNKNOWN,0.2733,0,49.753
2658,52.8407,4,4.9712,1.0,wave,UNKNOWN,UNKNOWN,0.2733,0,49.753
2659,52.8559,1,4.9864,1.0,wave,UNKNOWN,UNKNOWN,0.2733,0,51.676
2659,52.8559,4,4.9864,1.0,wave,UNKNOWN,UNKNOWN,0.2733,0,51.676
2660,52.8704,1,4.9817,1.0,wave,UNKNOWN,UNKNOWN,0.2733,0,52.177
2660,52.8704,4,4.9817,1.0,wave,UNKNOWN,UNKNOWN,0.2733,0,52.177
2661,52.8882,1,4.9996,1.0,wave,UNKNOWN,UNKNOWN,0.2733,0,53.784
2661,52.8882,4,4.9996,1.0,wave,UNKNOWN,UNKNOWN,0.2733,0,53.784
2662,52.9025,1,4.9991,1.0,wave,UNKNOWN,UNKNOWN,0.2733,0,54.36
2662,52.9025,4,4.9991,1.0,wave,UNKNOWN,UNKNOWN,0.2733,0,54.36
2663,52.9196,1,4.9874,1.0,wave,UNKNOWN,UNKNOWN,0.2733,0,55.142
2663,52.9196,4,4.9874,1.0,wave,UNKNOWN,UNKNOWN,0.2733,0,55.142
2664,52.9353,1,4.9879,1.0,wave,UNKNOWN,UNKNOWN,0.26,1,57.238
2664,52.9353,4,4.9879,1.0,wave,UNKNOWN,UNKNOWN,0.2733,0,57.238
2665,52.9865,1,4.9917,1.0,wave,UNKNOWN,UNKNOWN,0.26,0,53.368
2665,52.9865,4,4.9917,1.0,wave,UNKNOWN,UNKNOWN,0.2733,0,53.368
2666,53.0027,1,4.9924,1.0,wave,UNKNOWN,UNKNOWN,0.26,0,55.666
2666,53.0027,4,4.9924,1.0,wave,UNKNOWN,UNKNOWN,0.2733,0,55.666
2667,53.0156,1,4.9537,1.0,wave,UNKNOWN,UNKNOWN,0.26,0,57.74
2667,53.0156,4,4.9537,1.0,wave,UNKNOWN,UNKNOWN,0.2633,1,57.74
2668,53.0764,1,4.9991,1.0,wave,UNKNOWN,UNKNOWN,0.26,0,53.497
2668,53.0764,4,4.9991,1.0,wave,UNKNOWN,UNKNOWN,0.2633,0,53.497
2669,53.0962,1,4.9657,1.0,wave,UNKNOWN,UNKNOWN,0.26,0,52.193
2669,53.0962,4,4.9657,1.0,wave,UNKNOWN,UNKNOWN,0.2633,0,52.193
2670,53.1198,1,4.9893,1.0,wave,UNKNOWN,UNKNOWN,0.26,0,52.08
2670,53.1198,4,4.9893,1.0,wave,UNKNOWN,UNKNOWN,0.2633,0,52.08
2671,53.1398,1,4.9933,1.0,wave,UNKNOWN,UNKNOWN,0.26,0,51.372
2671,53.1398,4,4.9933,1.0,wave,UNKNOWN,UNKNOWN,0.2633,0,51.372
2672,53.162,1,4.9851,1.0,wave,UNKNOWN,UNKNOWN,0.26,0,50.565
2672,53.162,4,4.9851,1.0,wave,UNKNOWN,UNKNOWN,0.2633,0,50.565
2673,53.1858,1,4.9942,1.0,wave,UNKNOWN,UNKNOWN,0.2533,1,49.879
2673,53.1858,4,4.9942,1.0,wave,UNKNOWN,UNKNOWN,0.2633,0,49.879
2674,53.2514,1,4.9984,1.0,wave,UNKNOWN,UNKNOWN,0.2533,0,46.415
2674,53.2514,4,4.9984,1.0,wave,UNKNOWN,UNKNOWN,0.2633,0,46.415
2675,53.2731,1,4.9527,1.0,wave,UNKNOWN,UNKNOWN,0.2533,0,46.357
2675,53.2731,4,4.9527,1.0,wave,UNKNOWN,UNKNOWN,0.2533,1,46.357
2676,53.3441,1,4.9541,1.0,wave,UNKNOWN,UNKNOWN,0.2533,0,43.162
2676,53.3441,4,4.9541,1.0,wave,UNKNOWN,UNKNOWN,0.2533,0,43.162
2677,53.3675,1,4.9774,1.0,wave,UNKNOWN,UNKNOWN,0.2533,0,43.168
2677,53.3675,4,4.9774,1.0,wave,UNKNOWN,UNKNOWN,0.2533,0,43.168
2678,53.387,1,4.9969,1.0,wave,UNKNOWN,UNKNOWN,0.2533,0,43.749
2678,53.387,4,4.9969,1.0,wave,UNKNOWN,UNKNOWN,0.2533,0,43.749
2679,53.4077,1,4.9867,1.0,wave,UNKNOWN,UNKNOWN,0.2533,0,45.313
2679,53.4077,4,4.9867,1.0,wave,UNKNOWN,UNKNOWN,0.2533,0,45.313
2680,53.4249,1,4.9895,1.0,wave,UNKNOWN,UNKNOWN,0.2533,0,45.015
2680,53.4249,4,4.9895,1.0,wave,UNKNOWN,UNKNOWN,0.2533,0,45.015
2681,53.4483,1,4.9973,1.0,wave,UNKNOWN,UNKNOWN,0.2733,1,46.198
2681,53.4483,4,4.9973,1.0,wave,UNKNOWN,UNKNOWN,0.2533,0,46.198
2682,53.5094,1,4.9977,1.0,wave,UNKNOWN,UNKNOWN,0.2733,0,43.188
2682,53.5094,4,4.9977,1.0,wave,UNKNOWN,UNKNOWN,0.2533,0,43.188
2683,53.5302,1,4.9514,1.0,wave,UNKNOWN,UNKNOWN,0.2733,0,43.845
2683,53.5302,4,4.9514,1.0,wave,UNKNOWN,UNKNOWN,0.27,1,43.845
2684,53.5985,1,4.9481,1.0,wave,UNKNOWN,UNKNOWN,0.2733,0,40.899
2684,53.5985,4,4.9481,1.0,wave,UNKNOWN,UNKNOWN,0.27,0,40.899
2685,53.6185,1,4.9681,1.0,wave,UNKNOWN,UNKNOWN,0.2733,0,42.049
2685,53.6185,4,4.9681,1.0,wave,UNKNOWN,UNKNOWN,0.27,0,42.049
2686,53.6368,1,4.9864,1.0,wave,UNKNOWN,UNKNOWN,0.2733,0,42.951
2686,53.6368,4,4.9864,1.0,wave,UNKNOWN,UNKNOWN,0.27,0,42.951
2687,53.6562,1,4.9895,1.0,wave,UNKNOWN,UNKNOWN,0.2733,0,44.407
2687,53.6562,4,4.9895,1.0,wave,UNKNOWN,UNKNOWN,0.27,0,44.407
2688,53.6734,1,4.9919,1.0,wave,UNKNOWN,UNKNOWN,0.2733,0,45.515
2688,53.6734,4,4.9919,1.0,wave,UNKNOWN,UNKNOWN,0.27,0,45.515
2689,53.6939,1,4.9928,1.0,wave,UNKNOWN,UNKNOWN,0.2733,0,45.879
2689,53.6939,4,4.9928,1.0,wave,UNKNOWN,UNKNOWN,0.27,0,45.879
2690,53.7133,1,4.9963,1.0,wave,UNKNOWN,UNKNOWN,0.26,1,46.3
2690,53.7133,4,4.9963,1.0,wave,UNKNOWN,UNKNOWN,0.27,0,46.3
2691,53.7761,1,4.9986,1.0,wave,UNKNOWN,UNKNOWN,0.26,0,43.22
2691,53.7761,4,4.9986,1.0,wave,UNKNOWN,UNKNOWN,0.27,0,43.22
2692,53.797,1,4.9634,1.0,wave,UNKNOWN,UNKNOWN,0.26,0,44.982
2692,53.797,4,4.9634,1.0,wave,UNKNOWN,UNKNOWN,0.26,1,44.982
2693,53.8631,1,4.9585,1.0,wave,UNKNOWN,UNKNOWN,0.26,0,41.991
2693,53.8631,4,4.9585,1.0,wave,UNKNOWN,UNKNOWN,0.26,0,41.991
2694,53.8786,1,4.9741,1.0,wave,UNKNOWN,UNKNOWN,0.26,0,43.938
2694,53.8786,4,4.9741,1.0,wave,UNKNOWN,UNKNOWN,0.26,0,43.938
2695,53.8951,1,4.9906,1.0,wave,UNKNOWN,UNKNOWN,0.26,0,45.187
2695,53.8951,4,4.9906,1.0,wave,UNKNOWN,UNKNOWN,0.26,0,45.187
2696,53.9127,1,4.992,1.0,wave,UNKNOWN,UNKNOWN,0.26,0,47.434
2696,53.9127,4,4.992,1.0,wave,UNKNOWN,UNKNOWN,0.26,0,47.434
2697,53.9271,1,4.9844,1.0,wave,UNKNOWN,UNKNOWN,0.26,0,50.206
2697,53.9271,4,4.9844,1.0,wave,UNKNOWN,UNKNOWN,0.26,0,50.206
2698,53.9404,1,4.9977,1.0,wave,UNKNOWN,UNKNOWN,0.26,0,53.208
2698,53.9404,4,4.9977,1.0,wave,UNKNOWN,UNKNOWN,0.26,0,53.208
2699,53.9527,1,4.996,1.0,wave,UNKNOWN,UNKNOWN,0.26,0,55.41
2699,53.9527,4,4.996,1.0,wave,UNKNOWN,UNKNOWN,0.26,0,55.41
2700,53.9684,1,4.9909,1.0,wave,UNKNOWN,UNKNOWN,0.2767,1,56.398
2700,53.9684,4,4.9909,1.0,wave,UNKNOWN,UNKNOWN,0.26,0,56.398
2701,54.0205,1,4.9831,1.0,wave,UNKNOWN,UNKNOWN,0.2767,0,52.653
2701,54.0205,4,4.9831,1.0,wave,UNKNOWN,UNKNOWN,0.26,0,52.653
2702,54.0344,1,4.997,1.0,wave,UNKNOWN,UNKNOWN,0.2767,0,55.311
2702,54.0344,4,4.997,1.0,wave,UNKNOWN,UNKNOWN,0.26,0,55.311
2703,54.047,1,4.9564,1.0,wave,UNKNOWN,UNKNOWN,0.2767,0,56.854
2703,54.047,4,4.9564,1.0,wave,UNKNOWN,UNKNOWN,0.2667,1,56.854
2704,54.1078,1,4.9453,1.0,wave,UNKNOWN,UNKNOWN,0.2767,0,52.82
2704,54.1078,4,4.9453,1.0,wave,UNKNOWN,UNKNOWN,0.2667,0,52.82
2705,54.1216,1,4.9591,1.0,wave,UNKNOWN,UNKNOWN,0.2767,0,54.832
2705,54.1216,4,4.9591,1.0,wave,UNKNOWN,UNKNOWN,0.2667,0,54.832
2706,54.1363,1,4.9738,1.0,wave,UNKNOWN,UNKNOWN,0.2767,0,54.23
2706,54.1363,4,4.9738,1.0,wave,UNKNOWN,UNKNOWN,0.2667,0,54.23
2707,54.1569,1,4.9944,1.0,wave,UNKNOWN,UNKNOWN,0.2767,0,53.956
2707,54.1569,4,4.9944,1.0,wave,UNKNOWN,UNKNOWN,0.2667,0,53.956
2708,54.1753,1,4.9978,1.0,wave,UNKNOWN,UNKNOWN,0.2767,0,55.078
2708,54.1753,4,4.9978,1.0,wave,UNKNOWN,UNKNOWN,0.2667,0,55.078
2709,54.1905,1,4.9982,1.0,wave,UNKNOWN,UNKNOWN,0.2767,0,56.973
2709,54.1905,4,4.9982,1.0,wave,UNKNOWN,UNKNOWN,0.2667,0,56.973
2710,54.204,1,4.9942,1.0,wave,UNKNOWN,UNKNOWN,0.2767,0,59.258
2710,54.204,4,4.9942,1.0,wave,UNKNOWN,UNKNOWN,0.2667,0,59.258
2711,54.2167,1,4.9923,1.0,wave,UNKNOWN,UNKNOWN,0.2767,0,61.159
2711,54.2167,4,4.9923,1.0,wave,UNKNOWN,UNKNOWN,0.2667,0,61.159
2712,54.2291,1,4.9907,1.0,wave,UNKNOWN,UNKNOWN,0.2667,1,62.738
2712,54.2291,4,4.9907,1.0,wave,UNKNOWN,UNKNOWN,0.2667,0,62.738
2713,54.2899,1,4.9927,1.0,wave,UNKNOWN,UNKNOWN,0.2667,0,57.989
2713,54.2899,4,4.9927,1.0,wave,UNKNOWN,UNKNOWN,0.2667,0,57.989
2714,54.3079,1,4.9549,1.0,wave,UNKNOWN,UNKNOWN,0.2667,0,59.34
2714,54.3079,4,4.9549,1.0,wave,UNKNOWN,UNKNOWN,0.2667,1,59.34
2715,54.3588,1,4.9897,1.0,wave,UNKNOWN,UNKNOWN,0.2667,0,55.394
2715,54.3588,4,4.9897,1.0,wave,UNKNOWN,UNKNOWN,0.2667,0,55.394
2716,54.3722,1,4.9511,1.0,wave,UNKNOWN,UNKNOWN,0.2667,0,57.71
2716,54.3722,4,4.9511,1.0,wave,UNKNOWN,UNKNOWN,0.2667,0,57.71
2717,54.3851,1,4.9641,1.0,wave,UNKNOWN,UNKNOWN,0.2667,0,59.771
2717,54.3851,4,4.9641,1.0,wave,UNKNOWN,UNKNOWN,0.2667,0,59.771
2718,54.3977,1,4.9767,1.0,wave,UNKNOWN,UNKNOWN,0.2667,0,61.419
2718,54.3977,4,4.9767,1.0,wave,UNKNOWN,UNKNOWN,0.2667,0,61.419
2719,54.4108,1,4.9897,1.0,wave,UNKNOWN,UNKNOWN,0.2667,0,62.688
2719,54.4108,4,4.9897,1.0,wave,UNKNOWN,UNKNOWN,0.2667,0,62.688
2720,54.4244,1,4.9851,1.0,wave,UNKNOWN,UNKNOWN,0.2667,0,62.263
2720,54.4244,4,4.9851,1.0,wave,UNKNOWN,UNKNOWN,0.2667,0,62.263
2721,54.4416,1,4.9867,1.0,wave,UNKNOWN,UNKNOWN,0.2667,0,62.847
2721,54.4416,4,4.9867,1.0,wave,UNKNOWN,UNKNOWN,0.2667,0,62.847
2722,54.456,1,4.9864,1.0,wave,UNKNOWN,UNKNOWN,0.2667,0,64.03
2722,54.456,4,4.9864,1.0,wave,UNKNOWN,UNKNOWN,0.2667,0,64.03
2723,54.4695,1,4.9999,1.0,wave,UNKNOWN,UNKNOWN,0.2667,0,65.741
2723,54.4695,4,4.9999,1.0,wave,UNKNOWN,UNKNOWN,0.2667,0,65.741
2724,54.4817,1,4.9965,1.0,wave,UNKNOWN,UNKNOWN,0.2667,1,67.295
2724,54.4817,4,4.9965,1.0,wave,UNKNOWN,UNKNOWN,0.2667,0,67.295
2725,54.5321,1,4.991,1.0,wave,UNKNOWN,UNKNOWN,0.2667,0,62.521
2725,54.5321,4,4.991,1.0,wave,UNKNOWN,UNKNOWN,0.2667,0,62.521
2726,54.5452,1,4.987,1.0,wave,UNKNOWN,UNKNOWN,0.2667,0,61.106
2726,54.5452,4,4.987,1.0,wave,UNKNOWN,UNKNOWN,0.2667,0,61.106
2727,54.5666,1,4.9538,1.0,wave,UNKNOWN,UNKNOWN,0.2667,0,62.528
2727,54.5666,4,4.9538,1.0,wave,UNKNOWN,UNKNOWN,0.26,1,62.528
2728,54.6159,1,4.9881,1.0,wave,UNKNOWN,UNKNOWN,0.2667,0,58.268
2728,54.6159,4,4.9881,1.0,wave,UNKNOWN,UNKNOWN,0.26,0,58.268
2729,54.6294,1,4.9456,1.0,wave,UNKNOWN,UNKNOWN,0.2667,0,60.17
2729,54.6294,4,4.9456,1.0,wave,UNKNOWN,UNKNOWN,0.26,0,60.17
2730,54.6426,1,4.9589,1.0,wave,UNKNOWN,UNKNOWN,0.2667,0,61.883
2730,54.6426,4,4.9589,1.0,wave,UNKNOWN,UNKNOWN,0.26,0,61.883
2731,54.6552,1,4.9714,1.0,wave,UNKNOWN,UNKNOWN,0.2667,0,63.688
2731,54.6552,4,4.9714,1.0,wave,UNKNOWN,UNKNOWN,0.26,0,63.688
2732,54.668,1,4.9842,1.0,wave,UNKNOWN,UNKNOWN,0.2667,0,65.096
2732,54.668,4,4.9842,1.0,wave,UNKNOWN,UNKNOWN,0.26,0,65.096
2733,54.6805,1,4.9967,1.0,wave,UNKNOWN,UNKNOWN,0.2667,0,66.455
2733,54.6805,4,4.9967,1.0,wave,UNKNOWN,UNKNOWN,0.26,0,66.455
2734,54.6933,1,4.9931,1.0,wave,UNKNOWN,UNKNOWN,0.2667,0,67.609
2734,54.6933,4,4.9931,1.0,wave,UNKNOWN,UNKNOWN,0.26,0,67.609
2735,54.7062,1,4.9906,1.0,wave,UNKNOWN,UNKNOWN,0.2667,0,68.359
2735,54.7062,4,4.9906,1.0,wave,UNKNOWN,UNKNOWN,0.26,0,68.359
2736,54.7194,1,4.9881,1.0,wave,UNKNOWN,UNKNOWN,0.2667,0,69.623
2736,54.7194,4,4.9881,1.0,wave,UNKNOWN,UNKNOWN,0.26,0,69.623
2737,54.7318,1,4.9836,1.0,wave,UNKNOWN,UNKNOWN,0.2633,1,70.411
2737,54.7318,4,4.9836,1.0,wave,UNKNOWN,UNKNOWN,0.26,0,70.411
2738,54.7919,1,4.9797,1.0,wave,UNKNOWN,UNKNOWN,0.2633,0,65.024
2738,54.7919,4,4.9797,1.0,wave,UNKNOWN,UNKNOWN,0.26,0,65.024
2739,54.8052,1,4.9929,1.0,wave,UNKNOWN,UNKNOWN,0.2633,0,66.411
2739,54.8052,4,4.9929,1.0,wave,UNKNOWN,UNKNOWN,0.26,0,66.411
2740,54.8182,1,4.9516,1.0,wave,UNKNOWN,UNKNOWN,0.2633,0,67.406
2740,54.8182,4,4.9516,1.0,wave,UNKNOWN,UNKNOWN,0.2633,1,67.406
2741,54.8699,1,4.9894,1.0,wave,UNKNOWN,UNKNOWN,0.2633,0,62.579
2741,54.8699,4,4.9894,1.0,wave,UNKNOWN,UNKNOWN,0.2633,0,62.579
2742,54.8838,1,4.9497,1.0,wave,UNKNOWN,UNKNOWN,0.2633,0,63.871
2742,54.8838,4,4.9497,1.0,wave,UNKNOWN,UNKNOWN,0.2633,0,63.871
2743,54.8965,1,4.9624,1.0,wave,UNKNOWN,UNKNOWN,0.2633,0,64.997
2743,54.8965,4,4.9624,1.0,wave,UNKNOWN,UNKNOWN,0.2633,0,64.997
2744,54.9098,1,4.9758,1.0,wave,UNKNOWN,UNKNOWN,0.2633,0,66.136
2744,54.9098,4,4.9758,1.0,wave,UNKNOWN,UNKNOWN,0.2633,0,66.136
2745,54.9229,1,4.9889,1.0,wave,UNKNOWN,UNKNOWN,0.2633,0,66.701
2745,54.9229,4,4.9889,1.0,wave,UNKNOWN,UNKNOWN,0.2633,0,66.701
2746,54.937,1,4.9881,1.0,wave,UNKNOWN,UNKNOWN,0.2633,0,67.148
2746,54.937,4,4.9881,1.0,wave,UNKNOWN,UNKNOWN,0.2633,0,67.148
2747,54.9523,1,4.9885,1.0,wave,UNKNOWN,UNKNOWN,0.2633,0,64.796
2747,54.9523,4,4.9885,1.0,wave,UNKNOWN,UNKNOWN,0.2633,0,64.796
2748,54.9742,1,4.9878,1.0,wave,UNKNOWN,UNKNOWN,0.2633,0,62.425
2748,54.9742,4,4.9878,1.0,wave,UNKNOWN,UNKNOWN,0.2633,0,62.425
2749,54.9989,1,4.9978,1.0,wave,UNKNOWN,UNKNOWN,0.2433,1,63.297
2749,54.9989,4,4.9978,1.0,wave,UNKNOWN,UNKNOWN,0.2633,0,63.297
2750,55.0535,1,4.9893,1.0,wave,UNKNOWN,UNKNOWN,0.2433,0,58.795
2750,55.0535,4,4.9893,1.0,wave,UNKNOWN,UNKNOWN,0.2633,0,58.795
2751,55.0681,1,4.9482,1.0,wave,UNKNOWN,UNKNOWN,0.2433,0,59.468
2751,55.0681,4,4.9482,1.0,wave,UNKNOWN,UNKNOWN,0.2633,0,59.468
2752,55.083,1,4.9631,1.0,wave,UNKNOWN,UNKNOWN,0.2433,0,60.589
2752,55.083,4,4.9631,1.0,wave,UNKNOWN,UNKNOWN,0.2467,1,60.589
2753,55.1473,1,4.946,1.0,wave,UNKNOWN,UNKNOWN,0.2433,0,56.057
2753,55.1473,4,4.946,1.0,wave,UNKNOWN,UNKNOWN,0.2467,0,56.057
2754,55.1622,1,4.961,1.0,wave,UNKNOWN,UNKNOWN,0.2433,0,56.261
2754,55.1622,4,4.961,1.0,wave,UNKNOWN,UNKNOWN,0.2467,0,56.261
2755,55.1795,1,4.9782,1.0,wave,UNKNOWN,UNKNOWN,0.2433,0,57.158
2755,55.1795,4,4.9782,1.0,wave,UNKNOWN,UNKNOWN,0.2467,0,57.158
2756,55.1949,1,4.9936,1.0,wave,UNKNOWN,UNKNOWN,0.2433,0,57.136
2756,55.1949,4,4.9936,1.0,wave,UNKNOWN,UNKNOWN,0.2467,0,57.136
2757,55.2124,1,4.9964,1.0,wave,UNKNOWN,UNKNOWN,0.2433,0,56.437
2757,55.2124,4,4.9964,1.0,wave,UNKNOWN,UNKNOWN,0.2467,0,56.437
2758,55.233,1,4.9861,1.0,wave,UNKNOWN,UNKNOWN,0.2433,0,55.287
2758,55.233,4,4.9861,1.0,wave,UNKNOWN,UNKNOWN,0.2467,0,55.287
2759,55.2557,1,4.9929,1.0,wave,UNKNOWN,UNKNOWN,0.2733,1,55.222
2759,55.2557,4,4.9929,1.0,wave,UNKNOWN,UNKNOWN,0.2467,0,55.222
2760,55.3172,1,4.9912,1.0,wave,UNKNOWN,UNKNOWN,0.2733,0,51.351
2760,55.3172,4,4.9912,1.0,wave,UNKNOWN,UNKNOWN,0.2467,0,51.351
2761,55.3345,1,4.9427,1.0,wave,UNKNOWN,UNKNOWN,0.2733,0,51.912
2761,55.3345,4,4.9427,1.0,wave,UNKNOWN,UNKNOWN,0.2667,1,51.912
2762,55.4,1,4.949,1.0,wave,UNKNOWN,UNKNOWN,0.2733,0,48.267
2762,55.4,4,4.949,1.0,wave,UNKNOWN,UNKNOWN,0.2667,0,48.267
2763,55.4154,1,4.9644,1.0,wave,UNKNOWN,UNKNOWN,0.2733,0,49.629
2763,55.4154,4,4.9644,1.0,wave,UNKNOWN,UNKNOWN,0.2667,0,49.629
2764,55.4316,1,4.9806,1.0,wave,UNKNOWN,UNKNOWN,0.2733,0,48.985
2764,55.4316,4,4.9806,1.0,wave,UNKNOWN,UNKNOWN,0.2667,0,48.985
2765,55.4548,1,4.9811,1.0,wave,UNKNOWN,UNKNOWN,0.2733,0,50.685
2765,55.4548,4,4.9811,1.0,wave,UNKNOWN,UNKNOWN,0.2667,0,50.685
2766,55.4697,1,4.996,1.0,wave,UNKNOWN,UNKNOWN,0.2733,0,53.386
2766,55.4697,4,4.996,1.0,wave,UNKNOWN,UNKNOWN,0.2667,0,53.386
2767,55.4821,1,4.9938,1.0,wave,UNKNOWN,UNKNOWN,0.2733,0,55.985
2767,55.4821,4,4.9938,1.0,wave,UNKNOWN,UNKNOWN,0.2667,0,55.985
2768,55.4949,1,4.9917,1.0,wave,UNKNOWN,UNKNOWN,0.2733,0,57.92
2768,55.4949,4,4.9917,1.0,wave,UNKNOWN,UNKNOWN,0.2667,0,57.92
2769,55.5086,1,4.99,1.0,wave,UNKNOWN,UNKNOWN,0.2767,1,58.245
2769,55.5086,4,4.99,1.0,wave,UNKNOWN,UNKNOWN,0.2667,0,58.245
2770,55.5658,1,4.9984,1.0,wave,UNKNOWN,UNKNOWN,0.2767,0,54.26
2770,55.5658,4,4.9984,1.0,wave,UNKNOWN,UNKNOWN,0.2667,0,54.26
2771,55.5791,1,4.9962,1.0,wave,UNKNOWN,UNKNOWN,0.2767,0,54.933
2771,55.5791,4,4.9962,1.0,wave,UNKNOWN,UNKNOWN,0.2667,0,54.933
2772,55.5958,1,4.9519,1.0,wave,UNKNOWN,UNKNOWN,0.2767,0,54.07
2772,55.5958,4,4.9519,1.0,wave,UNKNOWN,UNKNOWN,0.27,1,54.07
2773,55.6717,1,4.9734,1.0,wave,UNKNOWN,UNKNOWN,0.2767,0,50.066
2773,55.6717,4,4.9734,1.0,wave,UNKNOWN,UNKNOWN,0.27,0,50.066
2774,55.6888,1,4.9905,1.0,wave,UNKNOWN,UNKNOWN,0.2767,0,51.569
2774,55.6888,4,4.9905,1.0,wave,UNKNOWN,UNKNOWN,0.27,0,51.569
2775,55.7039,1,4.9902,1.0,wave,UNKNOWN,UNKNOWN,0.2767,0,53.632
2775,55.7039,4,4.9902,1.0,wave,UNKNOWN,UNKNOWN,0.27,0,53.632
2776,55.718,1,4.9878,1.0,wave,UNKNOWN,UNKNOWN,0.2767,0,52.964
2776,55.718,4,4.9878,1.0,wave,UNKNOWN,UNKNOWN,0.27,0,52.964
2777,55.739,1,4.9923,1.0,wave,UNKNOWN,UNKNOWN,0.2767,0,54.755
2777,55.739,4,4.9923,1.0,wave,UNKNOWN,UNKNOWN,0.27,0,54.755
2778,55.7532,1,4.9888,1.0,wave,UNKNOWN,UNKNOWN,0.2767,0,55.975
2778,55.7532,4,4.9888,1.0,wave,UNKNOWN,UNKNOWN,0.27,0,55.975
2779,55.7684,1,4.9871,1.0,wave,UNKNOWN,UNKNOWN,0.2867,1,57.464
2779,55.7684,4,4.9871,1.0,wave,UNKNOWN,UNKNOWN,0.27,0,57.464
2780,55.82,1,4.9924,1.0,wave,UNKNOWN,UNKNOWN,0.2867,0,53.633
2780,55.82,4,4.9924,1.0,wave,UNKNOWN,UNKNOWN,0.27,0,53.633
2781,55.8347,1,4.9896,1.0,wave,UNKNOWN,UNKNOWN,0.2867,0,55.384
2781,55.8347,4,4.9896,1.0,wave,UNKNOWN,UNKNOWN,0.27,0,55.384
2782,55.8482,1,4.943,1.0,wave,UNKNOWN,UNKNOWN,0.2867,0,56.254
2782,55.8482,4,4.943,1.0,wave,UNKNOWN,UNKNOWN,0.27,1,56.254
2783,55.9023,1,4.9971,1.0,wave,UNKNOWN,UNKNOWN,0.2867,0,52.28
2783,55.9023,4,4.9971,1.0,wave,UNKNOWN,UNKNOWN,0.27,0,52.28
2784,55.9245,1,4.9668,1.0,wave,UNKNOWN,UNKNOWN,0.2867,0,51.968
2784,55.9245,4,4.9668,1.0,wave,UNKNOWN,UNKNOWN,0.27,0,51.968
2785,55.9449,1,4.9872,1.0,wave,UNKNOWN,UNKNOWN,0.2867,0,54.327
2785,55.9449,4,4.9872,1.0,wave,UNKNOWN,UNKNOWN,0.27,0,54.327
2786,55.958,1,4.9855,1.0,wave,UNKNOWN,UNKNOWN,0.2867,0,56.5
2786,55.958,4,4.9855,1.0,wave,UNKNOWN,UNKNOWN,0.27,0,56.5
2787,55.9712,1,4.9986,1.0,wave,UNKNOWN,UNKNOWN,0.2867,0,57.709
2787,55.9712,4,4.9986,1.0,wave,UNKNOWN,UNKNOWN,0.27,0,57.709
2788,55.9864,1,4.999,1.0,wave,UNKNOWN,UNKNOWN,0.2867,0,56.644
2788,55.9864,4,4.999,1.0,wave,UNKNOWN,UNKNOWN,0.27,0,56.644
2789,56.0077,1,4.9902,1.0,wave,UNKNOWN,UNKNOWN,0.2867,0,56.728
2789,56.0077,4,4.9902,1.0,wave,UNKNOWN,UNKNOWN,0.27,0,56.728
2790,56.0248,1,4.9925,1.0,wave,UNKNOWN,UNKNOWN,0.2933,1,56.308
2790,56.0248,4,4.9925,1.0,wave,UNKNOWN,UNKNOWN,0.27,0,56.308
2791,56.0932,1,4.998,1.0,wave,UNKNOWN,UNKNOWN,0.2933,0,52.242
2791,56.0932,4,4.998,1.0,wave,UNKNOWN,UNKNOWN,0.27,0,52.242
2792,56.1074,1,4.9613,1.0,wave,UNKNOWN,UNKNOWN,0.2933,0,51.664
2792,56.1074,4,4.9613,1.0,wave,UNKNOWN,UNKNOWN,0.2667,1,51.664
2793,56.1681,1,4.939,1.0,wave,UNKNOWN,UNKNOWN,0.2933,0,48.395
2793,56.1681,4,4.939,1.0,wave,UNKNOWN,UNKNOWN,0.2667,0,48.395
2794,56.1817,1,4.9526,1.0,wave,UNKNOWN,UNKNOWN,0.2933,0,47.962
2794,56.1817,4,4.9526,1.0,wave,UNKNOWN,UNKNOWN,0.2667,0,47.962
2795,56.2046,1,4.9755,1.0,wave,UNKNOWN,UNKNOWN,0.2933,0,50.529
2795,56.2046,4,4.9755,1.0,wave,UNKNOWN,UNKNOWN,0.2667,0,50.529
2796,56.218,1,4.9889,1.0,wave,UNKNOWN,UNKNOWN,0.2933,0,52.901
2796,56.218,4,4.9889,1.0,wave,UNKNOWN,UNKNOWN,0.2667,0,52.901
2797,56.2315,1,4.9843,1.0,wave,UNKNOWN,UNKNOWN,0.2933,0,54.927
2797,56.2315,4,4.9843,1.0,wave,UNKNOWN,UNKNOWN,0.2667,0,54.927
2798,56.2449,1,4.9977,1.0,wave,UNKNOWN,UNKNOWN,0.2933,0,57.141
2798,56.2449,4,4.9977,1.0,wave,UNKNOWN,UNKNOWN,0.2667,0,57.141
2799,56.2581,1,4.9905,1.0,wave,UNKNOWN,UNKNOWN,0.2933,0,58.15
2799,56.2581,4,4.9905,1.0,wave,UNKNOWN,UNKNOWN,0.2667,0,58.15
2800,56.2729,1,4.9862,1.0,wave,UNKNOWN,UNKNOWN,0.2933,0,59.41
2800,56.2729,4,4.9862,1.0,wave,UNKNOWN,UNKNOWN,0.2667,0,59.41
2801,56.2871,1,4.9834,1.0,wave,UNKNOWN,UNKNOWN,0.2933,1,61.042
2801,56.2871,4,4.9834,1.0,wave,UNKNOWN,UNKNOWN,0.2667,0,61.042
2802,56.3493,1,4.9845,1.0,wave,UNKNOWN,UNKNOWN,0.2933,0,56.443
2802,56.3493,4,4.9845,1.0,wave,UNKNOWN,UNKNOWN,0.2667,0,56.443
2803,56.3671,1,4.9315,1.0,wave,UNKNOWN,UNKNOWN,0.2933,0,57.18
2803,56.3671,4,4.9315,1.0,wave,UNKNOWN,UNKNOWN,0.27,1,57.18
2804,56.4301,1,4.9944,1.0,wave,UNKNOWN,UNKNOWN,0.2933,0,53.071
2804,56.4301,4,4.9944,1.0,wave,UNKNOWN,UNKNOWN,0.27,0,53.071
2805,56.4446,1,4.9459,1.0,wave,UNKNOWN,UNKNOWN,0.2933,0,52.659
2805,56.4446,4,4.9459,1.0,wave,UNKNOWN,UNKNOWN,0.27,0,52.659
2806,56.465,1,4.9664,1.0,wave,UNKNOWN,UNKNOWN,0.2933,0,54.987
2806,56.465,4,4.9664,1.0,wave,UNKNOWN,UNKNOWN,0.27,0,54.987
2807,56.4781,1,4.9795,1.0,wave,UNKNOWN,UNKNOWN,0.2933,0,55.901
2807,56.4781,4,4.9795,1.0,wave,UNKNOWN,UNKNOWN,0.27,0,55.901
2808,56.4939,1,4.9952,1.0,wave,UNKNOWN,UNKNOWN,0.2933,0,56.36
2808,56.4939,4,4.9952,1.0,wave,UNKNOWN,UNKNOWN,0.27,0,56.36
2809,56.5108,1,4.9954,1.0,wave,UNKNOWN,UNKNOWN,0.2933,0,56.681
2809,56.5108,4,4.9954,1.0,wave,UNKNOWN,UNKNOWN,0.27,0,56.681
2810,56.5273,1,4.9942,1.0,wave,UNKNOWN,UNKNOWN,0.2933,0,56.514
2810,56.5273,4,4.9942,1.0,wave,UNKNOWN,UNKNOWN,0.27,0,56.514
2811,56.5455,1,4.9943,1.0,wave,UNKNOWN,UNKNOWN,0.28,1,57.786
2811,56.5455,4,4.9943,1.0,wave,UNKNOWN,UNKNOWN,0.27,0,57.786
2812,56.6078,1,4.985,1.0,wave,UNKNOWN,UNKNOWN,0.28,0,53.491
2812,56.6078,4,4.985,1.0,wave,UNKNOWN,UNKNOWN,0.27,0,53.491
2813,56.6271,1,4.9496,1.0,wave,UNKNOWN,UNKNOWN,0.28,0,54.803
2813,56.6271,4,4.9496,1.0,wave,UNKNOWN,UNKNOWN,0.26,1,54.803
2814,56.69,1,4.9978,1.0,wave,UNKNOWN,UNKNOWN,0.28,0,50.908
2814,56.69,4,4.9978,1.0,wave,UNKNOWN,UNKNOWN,0.26,0,50.908
2815,56.7051,1,4.9591,1.0,wave,UNKNOWN,UNKNOWN,0.28,0,53.533
2815,56.7051,4,4.9591,1.0,wave,UNKNOWN,UNKNOWN,0.26,0,53.533
2816,56.7185,1,4.9725,1.0,wave,UNKNOWN,UNKNOWN,0.28,0,55.552
2816,56.7185,4,4.9725,1.0,wave,UNKNOWN,UNKNOWN,0.26,0,55.552
2817,56.7315,1,4.9855,1.0,wave,UNKNOWN,UNKNOWN,0.28,0,57.763
2817,56.7315,4,4.9855,1.0,wave,UNKNOWN,UNKNOWN,0.26,0,57.763
2818,56.7443,1,4.9983,1.0,wave,UNKNOWN,UNKNOWN,0.28,0,59.355
2818,56.7443,4,4.9983,1.0,wave,UNKNOWN,UNKNOWN,0.26,0,59.355
2819,56.758,1,4.9931,1.0,wave,UNKNOWN,UNKNOWN,0.28,0,59.804
2819,56.758,4,4.9931,1.0,wave,UNKNOWN,UNKNOWN,0.26,0,59.804
2820,56.7738,1,4.9844,1.0,wave,UNKNOWN,UNKNOWN,0.28,0,60.176
2820,56.7738,4,4.9844,1.0,wave,UNKNOWN,UNKNOWN,0.26,0,60.176
2821,56.79,1,4.9818,1.0,wave,UNKNOWN,UNKNOWN,0.28,0,60.617
2821,56.79,4,4.9818,1.0,wave,UNKNOWN,UNKNOWN,0.26,0,60.617
2822,56.8053,1,4.9971,1.0,wave,UNKNOWN,UNKNOWN,0.29,1,61.159
2822,56.8053,4,4.9971,1.0,wave,UNKNOWN,UNKNOWN,0.26,0,61.159
2823,56.8575,1,4.9982,1.0,wave,UNKNOWN,UNKNOWN,0.29,0,56.988
2823,56.8575,4,4.9982,1.0,wave,UNKNOWN,UNKNOWN,0.26,0,56.988
2824,56.8715,1,4.9938,1.0,wave,UNKNOWN,UNKNOWN,0.29,0,59.307
2824,56.8715,4,4.9938,1.0,wave,UNKNOWN,UNKNOWN,0.26,0,59.307
2825,56.8845,1,4.9475,1.0,wave,UNKNOWN,UNKNOWN,0.29,0,60.782
2825,56.8845,4,4.9475,1.0,wave,UNKNOWN,UNKNOWN,0.26,1,60.782
2826,56.9455,1,4.9852,1.0,wave,UNKNOWN,UNKNOWN,0.29,0,56.283
2826,56.9455,4,4.9852,1.0,wave,UNKNOWN,UNKNOWN,0.26,0,56.283
2827,56.961,1,4.9257,1.0,wave,UNKNOWN,UNKNOWN,0.29,0,57.396
2827,56.961,4,4.9257,1.0,wave,UNKNOWN,UNKNOWN,0.26,0,57.396
2828,56.9757,1,4.9404,1.0,wave,UNKNOWN,UNKNOWN,0.29,0,58.124
2828,56.9757,4,4.9404,1.0,wave,UNKNOWN,UNKNOWN,0.26,0,58.124
2829,56.9911,1,4.9558,1.0,wave,UNKNOWN,UNKNOWN,0.29,0,59.861
2829,56.9911,4,4.9558,1.0,wave,UNKNOWN,UNKNOWN,0.26,0,59.861
2830,57.0043,1,4.969,1.0,wave,UNKNOWN,UNKNOWN,0.29,0,61.535
2830,57.0043,4,4.969,1.0,wave,UNKNOWN,UNKNOWN,0.26,0,61.535
2831,57.0175,1,4.9822,1.0,wave,UNKNOWN,UNKNOWN,0.29,0,59.831
2831,57.0175,4,4.9822,1.0,wave,UNKNOWN,UNKNOWN,0.26,0,59.831
2832,57.0408,1,4.9551,1.0,wave,UNKNOWN,UNKNOWN,0.29,0,59.46
2832,57.0408,4,4.9551,1.0,wave,UNKNOWN,UNKNOWN,0.26,0,59.46
2833,57.0577,1,4.972,1.0,wave,UNKNOWN,UNKNOWN,0.29,1,61.12
2833,57.0577,4,4.972,1.0,wave,UNKNOWN,UNKNOWN,0.26,0,61.12
2834,57.1144,1,4.9595,1.0,wave,UNKNOWN,UNKNOWN,0.29,0,56.732
2834,57.1144,4,4.9595,1.0,wave,UNKNOWN,UNKNOWN,0.26,0,56.732
2835,57.1288,1,4.9739,1.0,wave,UNKNOWN,UNKNOWN,0.29,0,58.626
2835,57.1288,4,4.9739,1.0,wave,UNKNOWN,UNKNOWN,0.26,0,58.626
2836,57.1425,1,4.9876,1.0,wave,UNKNOWN,UNKNOWN,0.29,0,60.062
2836,57.1425,4,4.9876,1.0,wave,UNKNOWN,UNKNOWN,0.26,1,60.062
2837,57.1946,1,4.944,1.0,wave,UNKNOWN,UNKNOWN,0.29,0,55.937
2837,57.1946,4,4.944,1.0,wave,UNKNOWN,UNKNOWN,0.26,0,55.937
2838,57.2091,1,4.9584,1.0,wave,UNKNOWN,UNKNOWN,0.29,0,57.403
2838,57.2091,4,4.9584,1.0,wave,UNKNOWN,UNKNOWN,0.26,0,57.403
2839,57.2231,1,4.9724,1.0,wave,UNKNOWN,UNKNOWN,0.29,0,59.178
2839,57.2231,4,4.9724,1.0,wave,UNKNOWN,UNKNOWN,0.26,0,59.178
2840,57.2363,1,4.9856,1.0,wave,UNKNOWN,UNKNOWN,0.29,0,61.148
2840,57.2363,4,4.9856,1.0,wave,UNKNOWN,UNKNOWN,0.26,0,61.148
2841,57.2489,1,4.9982,1.0,wave,UNKNOWN,UNKNOWN,0.29,0,62.772
2841,57.2489,4,4.9982,1.0,wave,UNKNOWN,UNKNOWN,0.26,0,62.772
2842,57.2621,1,4.9202,1.0,wave,UNKNOWN,UNKNOWN,0.29,0,63.84
2842,57.2621,4,4.9202,1.0,wave,UNKNOWN,UNKNOWN,0.26,0,63.84
2843,57.2754,1,4.9335,1.0,wave,UNKNOWN,UNKNOWN,0.29,0,65.139
2843,57.2754,4,4.9335,1.0,wave,UNKNOWN,UNKNOWN,0.26,0,65.139
2844,57.2886,1,4.9467,1.0,wave,UNKNOWN,UNKNOWN,0.29,0,65.532
2844,57.2886,4,4.9467,1.0,wave,UNKNOWN,UNKNOWN,0.26,0,65.532
2845,57.3034,1,4.9615,1.0,wave,UNKNOWN,UNKNOWN,0.29,0,66.05
2845,57.3034,4,4.9615,1.0,wave,UNKNOWN,UNKNOWN,0.26,0,66.05
2846,57.3177,1,4.9759,1.0,wave,UNKNOWN,UNKNOWN,0.3,1,66.607
2846,57.3177,4,4.9759,1.0,wave,UNKNOWN,UNKNOWN,0.26,0,66.607
2847,57.3731,1,4.9824,1.0,wave,UNKNOWN,UNKNOWN,0.3,0,61.709
2847,57.3731,4,4.9824,1.0,wave,UNKNOWN,UNKNOWN,0.26,0,61.709
2848,57.3879,1,4.9972,1.0,wave,UNKNOWN,UNKNOWN,0.3,0,63.31
2848,57.3879,4,4.9972,1.0,wave,UNKNOWN,UNKNOWN,0.26,0,63.31
2849,57.4011,1,4.9923,1.0,wave,UNKNOWN,UNKNOWN,0.3,0,64.547
2849,57.4011,4,4.9923,1.0,wave,UNKNOWN,UNKNOWN,0.2633,1,64.547
2850,57.4572,1,4.9727,1.0,wave,UNKNOWN,UNKNOWN,0.3,0,59.848
2850,57.4572,4,4.9727,1.0,wave,UNKNOWN,UNKNOWN,0.2633,0,59.848
2851,57.4708,1,4.9863,1.0,wave,UNKNOWN,UNKNOWN,0.3,0,61.689
2851,57.4708,4,4.9863,1.0,wave,UNKNOWN,UNKNOWN,0.2633,0,61.689
2852,57.4836,1,4.9991,1.0,wave,UNKNOWN,UNKNOWN,0.3,0,63.124
2852,57.4836,4,4.9991,1.0,wave,UNKNOWN,UNKNOWN,0.2633,0,63.124
2853,57.4968,1,4.9949,1.0,wave,UNKNOWN,UNKNOWN,0.3,0,63.587
2853,57.4968,4,4.9949,1.0,wave,UNKNOWN,UNKNOWN,0.2633,0,63.587
2854,57.5117,1,4.9437,1.0,wave,UNKNOWN,UNKNOWN,0.3,0,62.535
2854,57.5117,4,4.9437,1.0,wave,UNKNOWN,UNKNOWN,0.2633,0,62.535
2855,57.5308,1,4.9628,1.0,wave,UNKNOWN,UNKNOWN,0.3,0,63.798
2855,57.5308,4,4.9628,1.0,wave,UNKNOWN,UNKNOWN,0.2633,0,63.798
2856,57.5437,1,4.9757,1.0,wave,UNKNOWN,UNKNOWN,0.3,0,65.337
2856,57.5437,4,4.9757,1.0,wave,UNKNOWN,UNKNOWN,0.2633,0,65.337
2857,57.5563,1,4.9883,1.0,wave,UNKNOWN,UNKNOWN,0.3,0,66.216
2857,57.5563,4,4.9883,1.0,wave,UNKNOWN,UNKNOWN,0.2633,0,66.216
2858,57.57,1,4.9807,1.0,wave,UNKNOWN,UNKNOWN,0.2833,1,67.269
2858,57.57,4,4.9807,1.0,wave,UNKNOWN,UNKNOWN,0.2633,0,67.269
2859,57.6216,1,4.9889,1.0,wave,UNKNOWN,UNKNOWN,0.2833,0,62.247
2859,57.6216,4,4.9889,1.0,wave,UNKNOWN,UNKNOWN,0.2633,0,62.247
2860,57.6417,1,4.9965,1.0,wave,UNKNOWN,UNKNOWN,0.2833,0,63.195
2860,57.6417,4,4.9965,1.0,wave,UNKNOWN,UNKNOWN,0.2633,0,63.195
2861,57.6555,1,4.9979,1.0,wave,UNKNOWN,UNKNOWN,0.2833,0,64.351
2861,57.6555,4,4.9979,1.0,leg_raise_lower,UNKNOWN,UNKNOWN,0.26,1,64.351
2862,57.711,1,4.9642,1.0,wave,UNKNOWN,UNKNOWN,0.2833,0,59.7
2862,57.711,4,4.9642,1.0,leg_raise_lower,UNKNOWN,UNKNOWN,0.26,0,59.7
2863,57.7249,1,4.9781,1.0,wave,UNKNOWN,UNKNOWN,0.2833,0,61.498
2863,57.7249,4,4.9781,1.0,leg_raise_lower,UNKNOWN,UNKNOWN,0.26,0,61.498
2864,57.7379,1,4.9911,1.0,wave,UNKNOWN,UNKNOWN,0.2833,0,62.819
2864,57.7379,4,4.9911,1.0,leg_raise_lower,UNKNOWN,UNKNOWN,0.26,0,62.819
2865,57.7512,1,4.9904,1.0,wave,UNKNOWN,UNKNOWN,0.2833,0,62.717
2865,57.7512,4,4.9904,1.0,leg_raise_lower,UNKNOWN,UNKNOWN,0.26,0,62.717
2866,57.7675,1,4.9551,1.0,wave,UNKNOWN,UNKNOWN,0.2833,0,61.641
2866,57.7675,4,4.9551,1.0,leg_raise_lower,UNKNOWN,UNKNOWN,0.26,0,61.641
2867,57.787,1,4.9746,1.0,wave,UNKNOWN,UNKNOWN,0.2833,0,62.899
2867,57.787,4,4.9746,1.0,leg_raise_lower,UNKNOWN,UNKNOWN,0.26,0,62.899
2868,57.8004,1,4.988,1.0,wave,UNKNOWN,UNKNOWN,0.2833,0,61.352
2868,57.8004,4,4.988,1.0,leg_raise_lower,UNKNOWN,UNKNOWN,0.26,0,61.352
2869,57.8214,1,4.9952,1.0,wave,UNKNOWN,UNKNOWN,0.27,1,60.557
2869,57.8214,4,4.9952,1.0,leg_raise_lower,UNKNOWN,UNKNOWN,0.26,0,60.557
2870,57.8804,1,4.9923,1.0,wave,UNKNOWN,UNKNOWN,0.27,0,56.351
2870,57.8804,4,4.9923,1.0,leg_raise_lower,UNKNOWN,UNKNOWN,0.26,0,56.351
2871,57.894,1,4.9914,1.0,wave,UNKNOWN,UNKNOWN,0.27,0,58.557
2871,57.894,4,4.9914,1.0,leg_raise_lower,UNKNOWN,UNKNOWN,0.26,0,58.557
2872,57.9069,1,4.9873,1.0,wave,UNKNOWN,UNKNOWN,0.27,0,60.403
2872,57.9069,4,4.9873,1.0,wave,UNKNOWN,UNKNOWN,0.2567,1,60.403
2873,57.9597,1,4.9732,1.0,wave,UNKNOWN,UNKNOWN,0.27,0,56.207
2873,57.9597,4,4.9732,1.0,wave,UNKNOWN,UNKNOWN,0.2567,0,56.207
2874,57.974,1,4.9875,1.0,wave,UNKNOWN,UNKNOWN,0.27,0,58.138
2874,57.974,4,4.9875,1.0,wave,UNKNOWN,UNKNOWN,0.2567,0,58.138
2875,57.987,1,4.9843,1.0,wave,UNKNOWN,UNKNOWN,0.27,0,58.876
2875,57.987,4,4.9843,1.0,wave,UNKNOWN,UNKNOWN,0.2567,0,58.876
2876,58.0025,1,4.9998,1.0,wave,UNKNOWN,UNKNOWN,0.27,0,58.507
2876,58.0025,4,4.9998,1.0,wave,UNKNOWN,UNKNOWN,0.2567,0,58.507
2877,58.0205,1,4.9441,1.0,wave,UNKNOWN,UNKNOWN,0.27,0,58.258
2877,58.0205,4,4.9441,1.0,wave,UNKNOWN,UNKNOWN,0.2567,0,58.258
2878,58.0384,1,4.962,1.0,wave,UNKNOWN,UNKNOWN,0.27,0,58.297
2878,58.0384,4,4.962,1.0,wave,UNKNOWN,UNKNOWN,0.2567,0,58.297
2879,58.0553,1,4.9789,1.0,wave,UNKNOWN,UNKNOWN,0.27,0,58.605
2879,58.0553,4,4.9789,1.0,wave,UNKNOWN,UNKNOWN,0.2567,0,58.605
2880,58.0716,1,4.9952,1.0,wave,UNKNOWN,UNKNOWN,0.28,1,60.902
2880,58.0716,4,4.9952,1.0,wave,UNKNOWN,UNKNOWN,0.2567,0,60.902
2881,58.1218,1,4.982,1.0,wave,UNKNOWN,UNKNOWN,0.28,0,56.747
2881,58.1218,4,4.982,1.0,wave,UNKNOWN,UNKNOWN,0.2567,0,56.747
2882,58.1358,1,4.996,1.0,wave,UNKNOWN,UNKNOWN,0.28,0,58.929
2882,58.1358,4,4.996,1.0,wave,UNKNOWN,UNKNOWN,0.2567,0,58.929
2883,58.1483,1,4.9863,1.0,wave,UNKNOWN,UNKNOWN,0.28,0,60.347
2883,58.1483,4,4.9863,1.0,wave,UNKNOWN,UNKNOWN,0.2567,0,60.347
2884,58.162,1,4.9999,1.0,wave,UNKNOWN,UNKNOWN,0.28,0,62.142
2884,58.162,4,4.9999,1.0,wave,UNKNOWN,UNKNOWN,0.2533,1,62.142
2885,58.2125,1,4.9611,1.0,wave,UNKNOWN,UNKNOWN,0.28,0,57.634
2885,58.2125,4,4.9611,1.0,wave,UNKNOWN,UNKNOWN,0.2533,0,57.634
2886,58.2338,1,4.9824,1.0,wave,UNKNOWN,UNKNOWN,0.28,0,57.517
2886,58.2338,4,4.9824,1.0,wave,UNKNOWN,UNKNOWN,0.2533,0,57.517
2887,58.2515,1,4.9784,1.0,wave,UNKNOWN,UNKNOWN,0.28,0,59.029
2887,58.2515,4,4.9784,1.0,wave,UNKNOWN,UNKNOWN,0.2533,0,59.029
2888,58.2649,1,4.9918,1.0,wave,UNKNOWN,UNKNOWN,0.28,0,57.913
2888,58.2649,4,4.9918,1.0,wave,UNKNOWN,UNKNOWN,0.2533,0,57.913
2889,58.286,1,4.9419,1.0,wave,UNKNOWN,UNKNOWN,0.28,0,59.942
2889,58.286,4,4.9419,1.0,wave,UNKNOWN,UNKNOWN,0.2533,0,59.942
2890,58.2984,1,4.9543,1.0,wave,UNKNOWN,UNKNOWN,0.28,0,61.68
2890,58.2984,4,4.9543,1.0,wave,UNKNOWN,UNKNOWN,0.2533,0,61.68
2891,58.3117,1,4.9676,1.0,wave,UNKNOWN,UNKNOWN,0.28,0,62.976
2891,58.3117,4,4.9676,1.0,wave,UNKNOWN,UNKNOWN,0.2533,0,62.976
2892,58.3248,1,4.9807,1.0,wave,UNKNOWN,UNKNOWN,0.2933,1,63.899
2892,58.3248,4,4.9807,1.0,wave,UNKNOWN,UNKNOWN,0.2533,0,63.899
2893,58.3759,1,4.9889,1.0,wave,UNKNOWN,UNKNOWN,0.2933,0,59.352
2893,58.3759,4,4.9889,1.0,wave,UNKNOWN,UNKNOWN,0.2533,0,59.352
2894,58.393,1,4.9853,1.0,wave,UNKNOWN,UNKNOWN,0.2933,0,60.436
2894,58.393,4,4.9853,1.0,wave,UNKNOWN,UNKNOWN,0.2533,0,60.436
2895,58.4072,1,4.9994,1.0,wave,UNKNOWN,UNKNOWN,0.2933,0,62.213
2895,58.4072,4,4.9994,1.0,wave,UNKNOWN,UNKNOWN,0.2533,0,62.213
2896,58.42,1,4.9951,1.0,wave,UNKNOWN,UNKNOWN,0.2933,0,63.56
2896,58.42,4,4.9951,1.0,wave,UNKNOWN,UNKNOWN,0.2667,1,63.56
2897,58.4728,1,4.9634,1.0,wave,UNKNOWN,UNKNOWN,0.2933,0,59.057
2897,58.4728,4,4.9634,1.0,wave,UNKNOWN,UNKNOWN,0.2667,0,59.057
2898,58.4872,1,4.9778,1.0,wave,UNKNOWN,UNKNOWN,0.2933,0,59.759
2898,58.4872,4,4.9778,1.0,wave,UNKNOWN,UNKNOWN,0.2667,0,59.759
2899,58.5024,1,4.993,1.0,wave,UNKNOWN,UNKNOWN,0.2933,0,59.056
2899,58.5024,4,4.993,1.0,wave,UNKNOWN,UNKNOWN,0.2667,0,59.056
2900,58.5215,1,4.9912,1.0,wave,UNKNOWN,UNKNOWN,0.2933,0,59.139
2900,58.5215,4,4.9912,1.0,wave,UNKNOWN,UNKNOWN,0.2667,0,59.139
2901,58.5381,1,4.9396,1.0,wave,UNKNOWN,UNKNOWN,0.2933,0,58.007
2901,58.5381,4,4.9396,1.0,wave,UNKNOWN,UNKNOWN,0.2667,0,58.007
2902,58.559,1,4.9606,1.0,wave,UNKNOWN,UNKNOWN,0.2933,0,59.584
2902,58.559,4,4.9606,1.0,wave,UNKNOWN,UNKNOWN,0.2667,0,59.584
2903,58.5725,1,4.974,1.0,wave,UNKNOWN,UNKNOWN,0.2933,0,58.474
2903,58.5725,4,4.974,1.0,wave,UNKNOWN,UNKNOWN,0.2667,0,58.474
2904,58.5932,1,4.9948,1.0,wave,UNKNOWN,UNKNOWN,0.29,1,59.621
2904,58.5932,4,4.9948,1.0,wave,UNKNOWN,UNKNOWN,0.2667,0,59.621
2905,58.6502,1,4.994,1.0,wave,UNKNOWN,UNKNOWN,0.29,0,55.437
2905,58.6502,4,4.994,1.0,wave,UNKNOWN,UNKNOWN,0.2667,0,55.437
2906,58.6639,1,4.9904,1.0,wave,UNKNOWN,UNKNOWN,0.29,0,57.416
2906,58.6639,4,4.9904,1.0,wave,UNKNOWN,UNKNOWN,0.2667,0,57.416
2907,58.6771,1,4.9832,1.0,wave,UNKNOWN,UNKNOWN,0.29,0,58.885
2907,58.6771,4,4.9832,1.0,wave,UNKNOWN,UNKNOWN,0.2567,1,58.885
2908,58.7295,1,4.9533,1.0,wave,UNKNOWN,UNKNOWN,0.29,0,54.902
2908,58.7295,4,4.9533,1.0,wave,UNKNOWN,UNKNOWN,0.2567,0,54.902
2909,58.7432,1,4.9671,1.0,wave,UNKNOWN,UNKNOWN,0.29,0,56.92
2909,58.7432,4,4.9671,1.0,wave,UNKNOWN,UNKNOWN,0.2567,0,56.92
2910,58.7567,1,4.9805,1.0,wave,UNKNOWN,UNKNOWN,0.29,0,56.32
2910,58.7567,4,4.9805,1.0,wave,UNKNOWN,UNKNOWN,0.2567,0,56.32
2911,58.7763,1,4.9792,1.0,wave,UNKNOWN,UNKNOWN,0.29,0,58.44
2911,58.7763,4,4.9792,1.0,wave,UNKNOWN,UNKNOWN,0.2567,0,58.44
2912,58.7892,1,4.9922,1.0,wave,UNKNOWN,UNKNOWN,0.29,0,59.82
2912,58.7892,4,4.9922,1.0,wave,UNKNOWN,UNKNOWN,0.2567,0,59.82
2913,58.803,1,4.9399,1.0,wave,UNKNOWN,UNKNOWN,0.29,0,60.486
2913,58.803,4,4.9399,1.0,wave,UNKNOWN,UNKNOWN,0.2567,0,60.486
2914,58.8182,1,4.9551,1.0,wave,UNKNOWN,UNKNOWN,0.29,0,61.976
2914,58.8182,4,4.9551,1.0,wave,UNKNOWN,UNKNOWN,0.2567,0,61.976
2915,58.8314,1,4.9683,1.0,wave,UNKNOWN,UNKNOWN,0.29,0,63.344
2915,58.8314,4,4.9683,1.0,wave,UNKNOWN,UNKNOWN,0.2567,0,63.344
2916,58.8444,1,4.9814,1.0,wave,UNKNOWN,UNKNOWN,0.31,1,63.871
2916,58.8444,4,4.9814,1.0,wave,UNKNOWN,UNKNOWN,0.2567,0,63.871
2917,58.8962,1,4.9835,1.0,wave,UNKNOWN,UNKNOWN,0.31,0,59.459
2917,58.8962,4,4.9835,1.0,wave,UNKNOWN,UNKNOWN,0.2567,0,59.459
2918,58.9096,1,4.9969,1.0,wave,UNKNOWN,UNKNOWN,0.31,0,60.803
2918,58.9096,4,4.9969,1.0,wave,UNKNOWN,UNKNOWN,0.2567,0,60.803
2919,58.9235,1,4.9964,1.0,wave,UNKNOWN,UNKNOWN,0.31,0,62.255
2919,58.9235,4,4.9964,1.0,wave,UNKNOWN,UNKNOWN,0.2567,0,62.255
2920,58.9366,1,4.9962,1.0,wave,UNKNOWN,UNKNOWN,0.31,0,63.959
2920,58.9366,4,4.9962,1.0,wave,UNKNOWN,UNKNOWN,0.2633,1,63.959
2921,58.9864,1,4.9659,1.0,wave,UNKNOWN,UNKNOWN,0.31,0,59.508
2921,58.9864,4,4.9659,1.0,wave,UNKNOWN,UNKNOWN,0.2633,0,59.508
2922,59.0012,1,4.9807,1.0,wave,UNKNOWN,UNKNOWN,0.31,0,61.069
2922,59.0012,4,4.9807,1.0,wave,UNKNOWN,UNKNOWN,0.2633,0,61.069
2923,59.014,1,4.9935,1.0,wave,UNKNOWN,UNKNOWN,0.31,0,62.62
2923,59.014,4,4.9935,1.0,wave,UNKNOWN,UNKNOWN,0.2633,0,62.62
2924,59.027,1,4.9926,1.0,wave,UNKNOWN,UNKNOWN,0.31,0,64.031
2924,59.027,4,4.9926,1.0,wave,UNKNOWN,UNKNOWN,0.2633,0,64.031
2925,59.0401,1,4.9931,1.0,wave,UNKNOWN,UNKNOWN,0.31,0,64.612
2925,59.0401,4,4.9931,1.0,wave,UNKNOWN,UNKNOWN,0.2633,0,64.612
2926,59.0545,1,4.9467,1.0,wave,UNKNOWN,UNKNOWN,0.31,0,65.398
2926,59.0545,4,4.9467,1.0,wave,UNKNOWN,UNKNOWN,0.2633,0,65.398
2927,59.0682,1,4.9604,1.0,wave,UNKNOWN,UNKNOWN,0.31,0,66.659
2927,59.0682,4,4.9604,1.0,wave,UNKNOWN,UNKNOWN,0.2633,0,66.659
2928,59.0812,1,4.9734,1.0,wave,UNKNOWN,UNKNOWN,0.31,0,64.82
2928,59.0812,4,4.9734,1.0,wave,UNKNOWN,UNKNOWN,0.2633,0,64.82
2929,59.1019,1,4.9941,1.0,wave,UNKNOWN,UNKNOWN,0.3033,1,65.568
2929,59.1019,4,4.9941,1.0,wave,UNKNOWN,UNKNOWN,0.2633,0,65.568
2930,59.1608,1,4.9855,1.0,wave,UNKNOWN,UNKNOWN,0.3033,0,60.702
2930,59.1608,4,4.9855,1.0,wave,UNKNOWN,UNKNOWN,0.2633,0,60.702
2931,59.1747,1,4.9994,1.0,wave,UNKNOWN,UNKNOWN,0.3033,0,61.367
2931,59.1747,4,4.9994,1.0,wave,UNKNOWN,UNKNOWN,0.2633,0,61.367
2932,59.1895,1,4.999,1.0,wave,UNKNOWN,UNKNOWN,0.3033,0,62.478
2932,59.1895,4,4.999,1.0,wave,UNKNOWN,UNKNOWN,0.2533,1,62.478
2933,59.241,1,4.9512,1.0,wave,UNKNOWN,UNKNOWN,0.3033,0,58.165
2933,59.241,4,4.9512,1.0,wave,UNKNOWN,UNKNOWN,0.2533,0,58.165
2934,59.2551,1,4.9652,1.0,wave,UNKNOWN,UNKNOWN,0.3033,0,60.277
2934,59.2551,4,4.9652,1.0,wave,UNKNOWN,UNKNOWN,0.2533,0,60.277
2935,59.2676,1,4.9777,1.0,wave,UNKNOWN,UNKNOWN,0.3033,0,62.091
2935,59.2676,4,4.9777,1.0,wave,UNKNOWN,UNKNOWN,0.2533,0,62.091
2936,59.2803,1,4.9904,1.0,wave,UNKNOWN,UNKNOWN,0.3033,0,63.947
2936,59.2803,4,4.9904,1.0,wave,UNKNOWN,UNKNOWN,0.2533,0,63.947
2937,59.2926,1,4.9847,1.0,wave,UNKNOWN,UNKNOWN,0.3033,0,65.245
2937,59.2926,4,4.9847,1.0,wave,UNKNOWN,UNKNOWN,0.2533,0,65.245
2938,59.3058,1,4.9979,1.0,wave,UNKNOWN,UNKNOWN,0.3033,0,66.216
2938,59.3058,4,4.9979,1.0,wave,UNKNOWN,UNKNOWN,0.2533,0,66.216
2939,59.3194,1,4.9605,1.0,wave,UNKNOWN,UNKNOWN,0.3033,0,64.225
2939,59.3194,4,4.9605,1.0,wave,UNKNOWN,UNKNOWN,0.2533,0,64.225
2940,59.3411,1,4.9822,1.0,wave,UNKNOWN,UNKNOWN,0.3033,0,65.229
2940,59.3411,4,4.9822,1.0,wave,UNKNOWN,UNKNOWN,0.2533,0,65.229
2941,59.3543,1,4.9954,1.0,wave,UNKNOWN,UNKNOWN,0.2967,1,66.201
2941,59.3543,4,4.9954,1.0,wave,UNKNOWN,UNKNOWN,0.2533,0,66.201
2942,59.4083,1,4.9975,1.0,wave,UNKNOWN,UNKNOWN,0.2967,0,61.377
2942,59.4083,4,4.9975,1.0,wave,UNKNOWN,UNKNOWN,0.2533,0,61.377
2943,59.4233,1,4.999,1.0,wave,UNKNOWN,UNKNOWN,0.2967,0,62.157
2943,59.4233,4,4.999,1.0,wave,UNKNOWN,UNKNOWN,0.2533,0,62.157
2944,59.4376,1,4.996,1.0,wave,UNKNOWN,UNKNOWN,0.2967,0,63.706
2944,59.4376,4,4.996,1.0,wave,UNKNOWN,UNKNOWN,0.2533,0,63.706
2945,59.4506,1,4.9946,1.0,wave,UNKNOWN,UNKNOWN,0.2967,0,65.209
2945,59.4506,4,4.9946,1.0,wave,UNKNOWN,UNKNOWN,0.26,1,65.209
2946,59.504,1,4.9719,1.0,wave,UNKNOWN,UNKNOWN,0.2967,0,60.428
2946,59.504,4,4.9719,1.0,wave,UNKNOWN,UNKNOWN,0.26,0,60.428
2947,59.5205,1,4.9884,1.0,wave,UNKNOWN,UNKNOWN,0.2967,0,61.879
2947,59.5205,4,4.9884,1.0,wave,UNKNOWN,UNKNOWN,0.26,0,61.879
2948,59.5339,1,4.9888,1.0,wave,UNKNOWN,UNKNOWN,0.2967,0,63.614
2948,59.5339,4,4.9888,1.0,wave,UNKNOWN,UNKNOWN,0.26,0,63.614
2949,59.5466,1,4.9801,1.0,wave,UNKNOWN,UNKNOWN,0.2967,0,64.893
2949,59.5466,4,4.9801,1.0,wave,UNKNOWN,UNKNOWN,0.26,0,64.893
2950,59.5594,1,4.9929,1.0,wave,UNKNOWN,UNKNOWN,0.2967,0,63.263
2950,59.5594,4,4.9929,1.0,wave,UNKNOWN,UNKNOWN,0.26,0,63.263
2951,59.5807,1,4.9648,1.0,wave,UNKNOWN,UNKNOWN,0.2967,0,61.487
2951,59.5807,4,4.9648,1.0,wave,UNKNOWN,UNKNOWN,0.26,0,61.487
2952,59.6025,1,4.9866,1.0,wave,UNKNOWN,UNKNOWN,0.2967,0,61.734
2952,59.6025,4,4.9866,1.0,wave,UNKNOWN,UNKNOWN,0.26,0,61.734
2953,59.6178,1,4.9884,1.0,wave,UNKNOWN,UNKNOWN,0.3033,1,61.543
2953,59.6178,4,4.9884,1.0,wave,UNKNOWN,UNKNOWN,0.26,0,61.543
2954,59.7509,1,4.959,1.0,wave,UNKNOWN,UNKNOWN,0.3033,0,56.159
2954,59.7509,4,4.959,1.0,leg_raise_lower,UNKNOWN,UNKNOWN,0.25,1,56.159
2955,59.8015,1,4.9963,1.0,wave,UNKNOWN,UNKNOWN,0.3033,0,52.492
2955,59.8015,4,4.9963,1.0,leg_raise_lower,UNKNOWN,UNKNOWN,0.25,0,52.492
2956,59.8155,1,4.9973,1.0,wave,UNKNOWN,UNKNOWN,0.3033,0,55.341
2956,59.8155,4,4.9973,1.0,leg_raise_lower,UNKNOWN,UNKNOWN,0.25,0,55.341
2957,59.8281,1,4.9581,1.0,wave,UNKNOWN,UNKNOWN,0.3033,0,56.824
2957,59.8281,4,4.9581,1.0,leg_raise_lower,UNKNOWN,UNKNOWN,0.25,0,56.824
2958,59.8422,1,4.9722,1.0,wave,UNKNOWN,UNKNOWN,0.3033,0,59.119
2958,59.8422,4,4.9722,1.0,leg_raise_lower,UNKNOWN,UNKNOWN,0.25,0,59.119
2959,59.8548,1,4.9848,1.0,wave,UNKNOWN,UNKNOWN,0.3033,0,58.145
2959,59.8548,4,4.9848,1.0,leg_raise_lower,UNKNOWN,UNKNOWN,0.25,0,58.145
2960,59.8749,1,4.9912,1.0,wave,UNKNOWN,UNKNOWN,0.2967,1,60.162
2960,59.8749,4,4.9912,1.0,leg_raise_lower,UNKNOWN,UNKNOWN,0.25,0,60.162
2961,59.9266,1,4.9896,1.0,wave,UNKNOWN,UNKNOWN,0.2967,0,56.066
2961,59.9266,4,4.9896,1.0,leg_raise_lower,UNKNOWN,UNKNOWN,0.25,0,56.066
2962,59.9397,1,4.9875,1.0,wave,UNKNOWN,UNKNOWN,0.2967,0,57.941
2962,59.9397,4,4.9875,1.0,leg_raise_lower,UNKNOWN,UNKNOWN,0.25,0,57.941
2963,59.953,1,4.9789,1.0,wave,UNKNOWN,UNKNOWN,0.2967,0,60.358
2963,59.953,4,4.9789,1.0,leg_raise_lower,UNKNOWN,UNKNOWN,0.25,0,60.358
2964,59.9654,1,4.9912,1.0,wave,UNKNOWN,UNKNOWN,0.2967,0,61.807
2964,59.9654,4,4.9912,1.0,leg_raise_lower,UNKNOWN,UNKNOWN,0.25,0,61.807
2965,59.9788,1,4.9799,1.0,wave,UNKNOWN,UNKNOWN,0.2967,0,63.198
2965,59.9788,4,4.9799,1.0,leg_raise_lower,UNKNOWN,UNKNOWN,0.25,0,63.198
2966,59.992,1,4.9931,1.0,wave,UNKNOWN,UNKNOWN,0.2967,0,64.913
2966,59.992,4,4.9931,1.0,leg_raise_lower,UNKNOWN,UNKNOWN,0.25,0,64.913
2967,60.0044,1,4.951,1.0,wave,UNKNOWN,UNKNOWN,0.2967,0,65.594
2967,60.0044,4,4.951,1.0,wave,UNKNOWN,UNKNOWN,0.25,1,65.594
2968,60.0561,1,4.9879,1.0,wave,UNKNOWN,UNKNOWN,0.2967,0,60.995
2968,60.0561,4,4.9879,1.0,wave,UNKNOWN,UNKNOWN,0.25,0,60.995
2969,60.0695,1,4.9865,1.0,wave,UNKNOWN,UNKNOWN,0.2967,0,61.71
2969,60.0695,4,4.9865,1.0,wave,UNKNOWN,UNKNOWN,0.25,0,61.71
2970,60.0838,1,4.9365,1.0,wave,UNKNOWN,UNKNOWN,0.2967,0,61.646
2970,60.0838,4,4.9365,1.0,wave,UNKNOWN,UNKNOWN,0.25,0,61.646
2971,60.1003,1,4.953,1.0,wave,UNKNOWN,UNKNOWN,0.2967,0,62.858
2971,60.1003,4,4.953,1.0,wave,UNKNOWN,UNKNOWN,0.25,0,62.858
2972,60.1144,1,4.9671,1.0,wave,UNKNOWN,UNKNOWN,0.2967,0,64.234
2972,60.1144,4,4.9671,1.0,wave,UNKNOWN,UNKNOWN,0.25,0,64.234
2973,60.127,1,4.9797,1.0,wave,UNKNOWN,UNKNOWN,0.2467,1,62.699
2973,60.127,4,4.9797,1.0,wave,UNKNOWN,UNKNOWN,0.25,0,62.699
2974,60.1851,1,4.9902,1.0,wave,UNKNOWN,UNKNOWN,0.2467,0,58.363
2974,60.1851,4,4.9902,1.0,wave,UNKNOWN,UNKNOWN,0.25,0,58.363
2975,60.1991,1,4.9867,1.0,wave,UNKNOWN,UNKNOWN,0.2467,0,59.842
2975,60.1991,4,4.9867,1.0,wave,UNKNOWN,UNKNOWN,0.25,0,59.842
2976,60.2128,1,4.9798,1.0,wave,UNKNOWN,UNKNOWN,0.2467,0,62.059
2976,60.2128,4,4.9798,1.0,wave,UNKNOWN,UNKNOWN,0.25,0,62.059
2977,60.2249,1,4.9919,1.0,wave,UNKNOWN,UNKNOWN,0.2467,0,63.628
2977,60.2249,4,4.9919,1.0,wave,UNKNOWN,UNKNOWN,0.25,0,63.628
2978,60.2378,1,4.9821,1.0,wave,UNKNOWN,UNKNOWN,0.2467,0,65.391
2978,60.2378,4,4.9821,1.0,wave,UNKNOWN,UNKNOWN,0.25,0,65.391
2979,60.2502,1,4.9945,1.0,wave,UNKNOWN,UNKNOWN,0.2467,0,66.961
2979,60.2502,4,4.9945,1.0,wave,UNKNOWN,UNKNOWN,0.25,0,66.961
2980,60.2625,1,4.9453,1.0,wave,UNKNOWN,UNKNOWN,0.2467,0,68.248
2980,60.2625,4,4.9453,1.0,wave,UNKNOWN,UNKNOWN,0.25,1,68.248
2981,60.3127,1,4.9955,1.0,wave,UNKNOWN,UNKNOWN,0.2467,0,63.381
2981,60.3127,4,4.9955,1.0,wave,UNKNOWN,UNKNOWN,0.25,0,63.381
2982,60.3267,1,4.9922,1.0,wave,UNKNOWN,UNKNOWN,0.2467,0,61.684
2982,60.3267,4,4.9922,1.0,wave,UNKNOWN,UNKNOWN,0.25,0,61.684
2983,60.3476,1,4.9476,1.0,wave,UNKNOWN,UNKNOWN,0.2467,0,63.494
2983,60.3476,4,4.9476,1.0,wave,UNKNOWN,UNKNOWN,0.25,0,63.494
2984,60.36,1,4.96,1.0,wave,UNKNOWN,UNKNOWN,0.2467,0,65.099
2984,60.36,4,4.96,1.0,wave,UNKNOWN,UNKNOWN,0.25,0,65.099
2985,60.3728,1,4.9728,1.0,wave,UNKNOWN,UNKNOWN,0.2467,0,66.65
2985,60.3728,4,4.9728,1.0,wave,UNKNOWN,UNKNOWN,0.25,0,66.65
2986,60.3849,1,4.9849,1.0,wave,UNKNOWN,UNKNOWN,0.2667,1,68.271
2986,60.3849,4,4.9849,1.0,wave,UNKNOWN,UNKNOWN,0.25,0,68.271
2987,60.4382,1,4.9834,1.0,wave,UNKNOWN,UNKNOWN,0.2667,0,63.105
2987,60.4382,4,4.9834,1.0,wave,UNKNOWN,UNKNOWN,0.25,0,63.105
2988,60.4584,1,4.9887,1.0,wave,UNKNOWN,UNKNOWN,0.2667,0,61.5
2988,60.4584,4,4.9887,1.0,wave,UNKNOWN,UNKNOWN,0.25,0,61.5
2989,60.4791,1,4.9969,1.0,wave,UNKNOWN,UNKNOWN,0.2667,0,63.065
2989,60.4791,4,4.9969,1.0,wave,UNKNOWN,UNKNOWN,0.25,0,63.065
2990,60.4915,1,4.9965,1.0,wave,UNKNOWN,UNKNOWN,0.2667,0,61.747
2990,60.4915,4,4.9965,1.0,wave,UNKNOWN,UNKNOWN,0.25,0,61.747
2991,60.5118,1,4.946,1.0,wave,UNKNOWN,UNKNOWN,0.2667,0,62.136
2991,60.5118,4,4.946,1.0,wave,UNKNOWN,UNKNOWN,0.25,0,62.136
2992,60.527,1,4.9612,1.0,wave,UNKNOWN,UNKNOWN,0.2667,0,60.994
2992,60.527,4,4.9612,1.0,wave,UNKNOWN,UNKNOWN,0.2533,1,60.994
2993,60.5838,1,4.988,1.0,wave,UNKNOWN,UNKNOWN,0.2667,0,56.715
2993,60.5838,4,4.988,1.0,wave,UNKNOWN,UNKNOWN,0.2533,0,56.715
2994,60.602,1,4.9303,1.0,wave,UNKNOWN,UNKNOWN,0.2667,0,56.559
2994,60.602,4,4.9303,1.0,wave,UNKNOWN,UNKNOWN,0.2533,0,56.559
2995,60.6198,1,4.9481,1.0,wave,UNKNOWN,UNKNOWN,0.2667,0,58.797
2995,60.6198,4,4.9481,1.0,wave,UNKNOWN,UNKNOWN,0.2533,0,58.797
2996,60.6324,1,4.9608,1.0,wave,UNKNOWN,UNKNOWN,0.2667,0,59.328
2996,60.6324,4,4.9608,1.0,wave,UNKNOWN,UNKNOWN,0.2533,0,59.328
2997,60.648,1,4.9763,1.0,wave,UNKNOWN,UNKNOWN,0.27,1,61.217
2997,60.648,4,4.9763,1.0,wave,UNKNOWN,UNKNOWN,0.2533,0,61.217
2998,60.6971,1,4.9932,1.0,wave,UNKNOWN,UNKNOWN,0.27,0,57.119
2998,60.6971,4,4.9932,1.0,wave,UNKNOWN,UNKNOWN,0.2533,0,57.119
2999,60.7102,1,4.9922,1.0,wave,UNKNOWN,UNKNOWN,0.27,0,59.372
2999,60.7102,4,4.9922,1.0,wave,UNKNOWN,UNKNOWN,0.2533,0,59.372
3000,60.7225,1,4.9836,1.0,wave,UNKNOWN,UNKNOWN,0.27,0,60.682
3000,60.7225,4,4.9836,1.0,wave,UNKNOWN,UNKNOWN,0.2533,0,60.682
3001,60.7364,1,4.9974,1.0,wave,UNKNOWN,UNKNOWN,0.27,0,62.555
3001,60.7364,4,4.9974,1.0,wave,UNKNOWN,UNKNOWN,0.2533,0,62.555
3002,60.7492,1,4.996,1.0,wave,UNKNOWN,UNKNOWN,0.27,0,64.016
3002,60.7492,4,4.996,1.0,wave,UNKNOWN,UNKNOWN,0.2533,0,64.016
3003,60.762,1,4.9936,1.0,wave,UNKNOWN,UNKNOWN,0.27,0,64.768
3003,60.762,4,4.9936,1.0,wave,UNKNOWN,UNKNOWN,0.2533,0,64.768
3004,60.7761,1,4.9561,1.0,wave,UNKNOWN,UNKNOWN,0.27,0,66.343
3004,60.7761,4,4.9561,1.0,wave,UNKNOWN,UNKNOWN,0.2533,0,66.343
3005,60.7886,1,4.9686,1.0,wave,UNKNOWN,UNKNOWN,0.27,0,67.642
3005,60.7886,4,4.9686,1.0,wave,UNKNOWN,UNKNOWN,0.2533,1,67.642
3006,60.8372,1,4.989,1.0,wave,UNKNOWN,UNKNOWN,0.27,0,62.84
3006,60.8372,4,4.989,1.0,wave,UNKNOWN,UNKNOWN,0.2533,0,62.84
3007,60.8521,1,4.9498,1.0,wave,UNKNOWN,UNKNOWN,0.27,0,63.942
3007,60.8521,4,4.9498,1.0,wave,UNKNOWN,UNKNOWN,0.2533,0,63.942
3008,60.8655,1,4.9632,1.0,wave,UNKNOWN,UNKNOWN,0.27,0,65.275
3008,60.8655,4,4.9632,1.0,wave,UNKNOWN,UNKNOWN,0.2533,0,65.275
3009,60.8785,1,4.9762,1.0,wave,UNKNOWN,UNKNOWN,0.27,0,66.36
3009,60.8785,4,4.9762,1.0,wave,UNKNOWN,UNKNOWN,0.2533,0,66.36
3010,60.8917,1,4.9893,1.0,wave,UNKNOWN,UNKNOWN,0.27,0,67.675
3010,60.8917,4,4.9893,1.0,wave,UNKNOWN,UNKNOWN,0.2533,0,67.675
3011,60.9041,1,4.9796,1.0,wave,UNKNOWN,UNKNOWN,0.2867,1,68.624
3011,60.9041,4,4.9796,1.0,wave,UNKNOWN,UNKNOWN,0.2533,0,68.624
3012,60.9548,1,4.9967,1.0,wave,UNKNOWN,UNKNOWN,0.2867,0,63.72
3012,60.9548,4,4.9967,1.0,wave,UNKNOWN,UNKNOWN,0.2533,0,63.72
3013,60.9682,1,4.997,1.0,wave,UNKNOWN,UNKNOWN,0.2867,0,65.398
3013,60.9682,4,4.997,1.0,wave,UNKNOWN,UNKNOWN,0.2533,0,65.398
3014,60.9806,1,4.9942,1.0,wave,UNKNOWN,UNKNOWN,0.2867,0,65.753
3014,60.9806,4,4.9942,1.0,wave,UNKNOWN,UNKNOWN,0.2533,0,65.753
3015,60.995,1,4.9873,1.0,wave,UNKNOWN,UNKNOWN,0.2867,0,67.127
3015,60.995,4,4.9873,1.0,wave,UNKNOWN,UNKNOWN,0.2533,0,67.127
3016,61.0076,1,4.9999,1.0,wave,UNKNOWN,UNKNOWN,0.2867,0,68.189
3016,61.0076,4,4.9999,1.0,wave,UNKNOWN,UNKNOWN,0.2533,0,68.189
3017,61.0206,1,4.9958,1.0,wave,UNKNOWN,UNKNOWN,0.2867,0,67.673
3017,61.0206,4,4.9958,1.0,wave,UNKNOWN,UNKNOWN,0.2533,0,67.673
3018,61.0364,1,4.9432,1.0,wave,UNKNOWN,UNKNOWN,0.2867,0,68.829
3018,61.0364,4,4.9432,1.0,wave,UNKNOWN,UNKNOWN,0.2533,0,68.829
3019,61.049,1,4.9558,1.0,wave,UNKNOWN,UNKNOWN,0.2867,0,70.151
3019,61.049,4,4.9558,1.0,wave,UNKNOWN,UNKNOWN,0.2533,1,70.151
3020,61.098,1,4.9905,1.0,wave,UNKNOWN,UNKNOWN,0.2867,0,65.131
3020,61.098,4,4.9905,1.0,wave,UNKNOWN,UNKNOWN,0.2533,0,65.131
3021,61.1113,1,4.9433,1.0,wave,UNKNOWN,UNKNOWN,0.2867,0,66.427
3021,61.1113,4,4.9433,1.0,wave,UNKNOWN,UNKNOWN,0.2533,0,66.427
3022,61.1241,1,4.956,1.0,wave,UNKNOWN,UNKNOWN,0.2867,0,67.745
3022,61.1241,4,4.956,1.0,wave,UNKNOWN,UNKNOWN,0.2533,0,67.745
3023,61.1367,1,4.9686,1.0,wave,UNKNOWN,UNKNOWN,0.2867,0,68.974
3023,61.1367,4,4.9686,1.0,wave,UNKNOWN,UNKNOWN,0.2533,0,68.974
3024,61.1493,1,4.9812,1.0,wave,UNKNOWN,UNKNOWN,0.2867,0,70.226
3024,61.1493,4,4.9812,1.0,wave,UNKNOWN,UNKNOWN,0.2533,0,70.226
3025,61.1614,1,4.9933,1.0,wave,UNKNOWN,UNKNOWN,0.2733,1,70.83
3025,61.1614,4,4.9933,1.0,wave,UNKNOWN,UNKNOWN,0.2533,0,70.83
3026,61.2133,1,4.9953,1.0,wave,UNKNOWN,UNKNOWN,0.2733,0,65.665
3026,61.2133,4,4.9953,1.0,wave,UNKNOWN,UNKNOWN,0.2533,0,65.665
3027,61.2269,1,4.9954,1.0,wave,UNKNOWN,UNKNOWN,0.2733,0,64.0
3027,61.2269,4,4.9954,1.0,wave,UNKNOWN,UNKNOWN,0.2533,0,64.0
3028,61.2474,1,4.9893,1.0,wave,UNKNOWN,UNKNOWN,0.2733,0,65.585
3028,61.2474,4,4.9893,1.0,wave,UNKNOWN,UNKNOWN,0.2533,0,65.585
3029,61.2596,1,4.9867,1.0,wave,UNKNOWN,UNKNOWN,0.2733,0,67.055
3029,61.2596,4,4.9867,1.0,wave,UNKNOWN,UNKNOWN,0.2533,0,67.055
3030,61.2722,1,4.9992,1.0,wave,UNKNOWN,UNKNOWN,0.2733,0,68.336
3030,61.2722,4,4.9992,1.0,wave,UNKNOWN,UNKNOWN,0.2533,0,68.336
3031,61.2845,1,4.9974,1.0,wave,UNKNOWN,UNKNOWN,0.2733,0,69.228
3031,61.2845,4,4.9974,1.0,wave,UNKNOWN,UNKNOWN,0.2533,0,69.228
3032,61.2976,1,4.9483,1.0,wave,UNKNOWN,UNKNOWN,0.2733,0,68.498
3032,61.2976,4,4.9483,1.0,wave,UNKNOWN,UNKNOWN,0.2533,0,68.498
3033,61.3139,1,4.9646,1.0,wave,UNKNOWN,UNKNOWN,0.2733,0,69.605
3033,61.3139,4,4.9646,1.0,wave,UNKNOWN,UNKNOWN,0.2567,1,69.605
3034,61.3628,1,4.9957,1.0,wave,UNKNOWN,UNKNOWN,0.2733,0,64.591
3034,61.3628,4,4.9957,1.0,wave,UNKNOWN,UNKNOWN,0.2567,0,64.591
3035,61.378,1,4.948,1.0,wave,UNKNOWN,UNKNOWN,0.2733,0,64.358
3035,61.378,4,4.948,1.0,wave,UNKNOWN,UNKNOWN,0.2567,0,64.358
3036,61.3939,1,4.9638,1.0,wave,UNKNOWN,UNKNOWN,0.2733,0,65.78
3036,61.3939,4,4.9638,1.0,wave,UNKNOWN,UNKNOWN,0.2567,0,65.78
3037,61.4065,1,4.9764,1.0,wave,UNKNOWN,UNKNOWN,0.2733,0,67.078
3037,61.4065,4,4.9764,1.0,wave,UNKNOWN,UNKNOWN,0.2567,0,67.078
3038,61.4191,1,4.989,1.0,wave,UNKNOWN,UNKNOWN,0.2567,1,67.072
3038,61.4191,4,4.989,1.0,wave,UNKNOWN,UNKNOWN,0.2567,0,67.072
3039,61.4726,1,4.9944,1.0,wave,UNKNOWN,UNKNOWN,0.2567,0,62.296
3039,61.4726,4,4.9944,1.0,wave,UNKNOWN,UNKNOWN,0.2567,0,62.296
3040,61.486,1,4.9921,1.0,wave,UNKNOWN,UNKNOWN,0.2567,0,61.551
3040,61.486,4,4.9921,1.0,wave,UNKNOWN,UNKNOWN,0.2567,0,61.551
3041,61.5042,1,4.9934,1.0,wave,UNKNOWN,UNKNOWN,0.2567,0,62.917
3041,61.5042,4,4.9934,1.0,wave,UNKNOWN,UNKNOWN,0.2567,0,62.917
3042,61.5174,1,4.9901,1.0,wave,UNKNOWN,UNKNOWN,0.2567,0,64.431
3042,61.5174,4,4.9901,1.0,wave,UNKNOWN,UNKNOWN,0.2567,0,64.431
3043,61.5302,1,4.9847,1.0,wave,UNKNOWN,UNKNOWN,0.2567,0,63.685
3043,61.5302,4,4.9847,1.0,wave,UNKNOWN,UNKNOWN,0.2567,0,63.685
3044,61.5479,1,4.9401,1.0,wave,UNKNOWN,UNKNOWN,0.2567,0,65.181
3044,61.5479,4,4.9401,1.0,wave,UNKNOWN,UNKNOWN,0.2567,0,65.181
3045,61.5604,1,4.9525,1.0,wave,UNKNOWN,UNKNOWN,0.2567,0,64.603
3045,61.5604,4,4.9525,1.0,wave,UNKNOWN,UNKNOWN,0.2567,0,64.603
3046,61.5772,1,4.9694,1.0,wave,UNKNOWN,UNKNOWN,0.2567,0,63.604
3046,61.5772,4,4.9694,1.0,wave,UNKNOWN,UNKNOWN,0.2533,1,63.604
3047,61.6332,1,4.9432,1.0,wave,UNKNOWN,UNKNOWN,0.2567,0,59.205
3047,61.6332,4,4.9432,1.0,wave,UNKNOWN,UNKNOWN,0.2533,0,59.205
3048,61.6466,1,4.9566,1.0,wave,UNKNOWN,UNKNOWN,0.2567,0,58.288
3048,61.6466,4,4.9566,1.0,wave,UNKNOWN,UNKNOWN,0.2533,0,58.288
3049,61.6667,1,4.9767,1.0,wave,UNKNOWN,UNKNOWN,0.2567,0,59.991
3049,61.6667,4,4.9767,1.0,wave,UNKNOWN,UNKNOWN,0.2533,0,59.991
3050,61.6799,1,4.9898,1.0,wave,UNKNOWN,UNKNOWN,0.27,1,60.793
3050,61.6799,4,4.9898,1.0,wave,UNKNOWN,UNKNOWN,0.2533,0,60.793
3051,61.7392,1,4.9949,1.0,wave,UNKNOWN,UNKNOWN,0.27,0,56.436
3051,61.7392,4,4.9949,1.0,wave,UNKNOWN,UNKNOWN,0.2533,0,56.436
3052,61.7526,1,4.9946,1.0,wave,UNKNOWN,UNKNOWN,0.27,0,58.676
3052,61.7526,4,4.9946,1.0,wave,UNKNOWN,UNKNOWN,0.2533,0,58.676
3053,61.7653,1,4.9916,1.0,wave,UNKNOWN,UNKNOWN,0.27,0,60.684
3053,61.7653,4,4.9916,1.0,wave,UNKNOWN,UNKNOWN,0.2533,0,60.684
3054,61.7781,1,4.9881,1.0,wave,UNKNOWN,UNKNOWN,0.27,0,62.021
3054,61.7781,4,4.9881,1.0,wave,UNKNOWN,UNKNOWN,0.2533,0,62.021
3055,61.7915,1,4.9862,1.0,wave,UNKNOWN,UNKNOWN,0.27,0,63.601
3055,61.7915,4,4.9862,1.0,wave,UNKNOWN,UNKNOWN,0.2533,0,63.601
3056,61.8043,1,4.999,1.0,wave,UNKNOWN,UNKNOWN,0.27,0,64.334
3056,61.8043,4,4.999,1.0,wave,UNKNOWN,UNKNOWN,0.2533,0,64.334
3057,61.8186,1,4.961,1.0,wave,UNKNOWN,UNKNOWN,0.27,0,64.822
3057,61.8186,4,4.961,1.0,wave,UNKNOWN,UNKNOWN,0.2533,0,64.822
3058,61.8329,1,4.9754,1.0,wave,UNKNOWN,UNKNOWN,0.27,0,65.879
3058,61.8329,4,4.9754,1.0,wave,UNKNOWN,UNKNOWN,0.2533,1,65.879
3059,61.8849,1,4.9393,1.0,wave,UNKNOWN,UNKNOWN,0.27,0,61.209
3059,61.8849,4,4.9393,1.0,wave,UNKNOWN,UNKNOWN,0.2533,0,61.209
3060,61.8986,1,4.9531,1.0,wave,UNKNOWN,UNKNOWN,0.27,0,61.915
3060,61.8986,4,4.9531,1.0,wave,UNKNOWN,UNKNOWN,0.2533,0,61.915
3061,61.913,1,4.9675,1.0,wave,UNKNOWN,UNKNOWN,0.27,0,62.067
3061,61.913,4,4.9675,1.0,wave,UNKNOWN,UNKNOWN,0.2533,0,62.067
3062,61.9289,1,4.9833,1.0,wave,UNKNOWN,UNKNOWN,0.27,0,63.645
3062,61.9289,4,4.9833,1.0,wave,UNKNOWN,UNKNOWN,0.2533,0,63.645
3063,61.9417,1,4.9961,1.0,wave,UNKNOWN,UNKNOWN,0.2667,1,65.068
3063,61.9417,4,4.9961,1.0,wave,UNKNOWN,UNKNOWN,0.2533,0,65.068
3064,61.9979,1,4.9936,1.0,wave,UNKNOWN,UNKNOWN,0.2667,0,60.247
3064,61.9979,4,4.9936,1.0,wave,UNKNOWN,UNKNOWN,0.2533,0,60.247
3065,62.014,1,4.9965,1.0,wave,UNKNOWN,UNKNOWN,0.2667,0,61.667
3065,62.014,4,4.9965,1.0,wave,UNKNOWN,UNKNOWN,0.2533,0,61.667
3066,62.0271,1,4.9864,1.0,wave,UNKNOWN,UNKNOWN,0.2667,0,63.207
3066,62.0271,4,4.9864,1.0,wave,UNKNOWN,UNKNOWN,0.2533,0,63.207
3067,62.0404,1,4.9996,1.0,wave,UNKNOWN,UNKNOWN,0.2667,0,64.42
3067,62.0404,4,4.9996,1.0,wave,UNKNOWN,UNKNOWN,0.2533,0,64.42
3068,62.0537,1,4.996,1.0,wave,UNKNOWN,UNKNOWN,0.2667,0,65.524
3068,62.0537,4,4.996,1.0,wave,UNKNOWN,UNKNOWN,0.2533,0,65.524
3069,62.0667,1,4.9524,1.0,wave,UNKNOWN,UNKNOWN,0.2667,0,66.69
3069,62.0667,4,4.9524,1.0,wave,UNKNOWN,UNKNOWN,0.2533,0,66.69
3070,62.0796,1,4.9652,1.0,wave,UNKNOWN,UNKNOWN,0.2667,0,67.812
3070,62.0796,4,4.9652,1.0,wave,UNKNOWN,UNKNOWN,0.2533,0,67.812
3071,62.0925,1,4.9782,1.0,wave,UNKNOWN,UNKNOWN,0.2667,0,68.835
3071,62.0925,4,4.9782,1.0,leg_raise_lower,UNKNOWN,UNKNOWN,0.2567,1,68.835
3072,62.1424,1,4.9999,1.0,wave,UNKNOWN,UNKNOWN,0.2667,0,63.93
3072,62.1424,4,4.9999,1.0,leg_raise_lower,UNKNOWN,UNKNOWN,0.2567,0,63.93
3073,62.1558,1,4.9612,1.0,wave,UNKNOWN,UNKNOWN,0.2667,0,63.913
3073,62.1558,4,4.9612,1.0,leg_raise_lower,UNKNOWN,UNKNOWN,0.2567,0,63.913
3074,62.1716,1,4.9769,1.0,wave,UNKNOWN,UNKNOWN,0.2667,0,65.353
3074,62.1716,4,4.9769,1.0,leg_raise_lower,UNKNOWN,UNKNOWN,0.2567,0,65.353
3075,62.1843,1,4.9897,1.0,wave,UNKNOWN,UNKNOWN,0.2667,0,66.589
3075,62.1843,4,4.9897,1.0,leg_raise_lower,UNKNOWN,UNKNOWN,0.2567,0,66.589
3076,62.1972,1,4.9882,1.0,wave,UNKNOWN,UNKNOWN,0.26,1,66.735
3076,62.1972,4,4.9882,1.0,leg_raise_lower,UNKNOWN,UNKNOWN,0.2567,0,66.735
3077,62.25,1,4.9879,1.0,wave,UNKNOWN,UNKNOWN,0.26,0,61.962
3077,62.25,4,4.9879,1.0,leg_raise_lower,UNKNOWN,UNKNOWN,0.2567,0,61.962
3078,62.2645,1,4.9891,1.0,wave,UNKNOWN,UNKNOWN,0.26,0,62.523
3078,62.2645,4,4.9891,1.0,leg_raise_lower,UNKNOWN,UNKNOWN,0.2567,0,62.523
3079,62.2793,1,4.9907,1.0,wave,UNKNOWN,UNKNOWN,0.26,0,63.993
3079,62.2793,4,4.9907,1.0,leg_raise_lower,UNKNOWN,UNKNOWN,0.2567,0,63.993
3080,62.2923,1,4.9889,1.0,wave,UNKNOWN,UNKNOWN,0.26,0,65.274
3080,62.2923,4,4.9889,1.0,leg_raise_lower,UNKNOWN,UNKNOWN,0.2567,0,65.274
3081,62.3052,1,4.9875,1.0,wave,UNKNOWN,UNKNOWN,0.26,0,66.528
3081,62.3052,4,4.9875,1.0,leg_raise_lower,UNKNOWN,UNKNOWN,0.2567,0,66.528
3082,62.3181,1,4.945,1.0,wave,UNKNOWN,UNKNOWN,0.26,0,67.275
3082,62.3181,4,4.945,1.0,leg_raise_lower,UNKNOWN,UNKNOWN,0.2567,0,67.275
3083,62.3317,1,4.9585,1.0,wave,UNKNOWN,UNKNOWN,0.26,0,68.011
3083,62.3317,4,4.9585,1.0,leg_raise_lower,UNKNOWN,UNKNOWN,0.2567,0,68.011
3084,62.3451,1,4.972,1.0,wave,UNKNOWN,UNKNOWN,0.26,0,69.017
3084,62.3451,4,4.972,1.0,leg_raise_lower,UNKNOWN,UNKNOWN,0.2667,1,69.017
3085,62.3979,1,4.9968,1.0,wave,UNKNOWN,UNKNOWN,0.26,0,63.87
3085,62.3979,4,4.9968,1.0,leg_raise_lower,UNKNOWN,UNKNOWN,0.2667,0,63.87
3086,62.4151,1,4.9578,1.0,wave,UNKNOWN,UNKNOWN,0.26,0,63.495
3086,62.4151,4,4.9578,1.0,leg_raise_lower,UNKNOWN,UNKNOWN,0.2667,0,63.495
3087,62.4318,1,4.9745,1.0,wave,UNKNOWN,UNKNOWN,0.26,0,64.468
3087,62.4318,4,4.9745,1.0,leg_raise_lower,UNKNOWN,UNKNOWN,0.2667,0,64.468
3088,62.4453,1,4.9881,1.0,wave,UNKNOWN,UNKNOWN,0.26,0,65.612
3088,62.4453,4,4.9881,1.0,leg_raise_lower,UNKNOWN,UNKNOWN,0.2667,0,65.612
3089,62.4584,1,4.9876,1.0,wave,UNKNOWN,UNKNOWN,0.26,1,66.672
3089,62.4584,4,4.9876,1.0,leg_raise_lower,UNKNOWN,UNKNOWN,0.2667,0,66.672
3090,62.5158,1,4.985,1.0,wave,UNKNOWN,UNKNOWN,0.26,0,61.676
3090,62.5158,4,4.985,1.0,leg_raise_lower,UNKNOWN,UNKNOWN,0.2667,0,61.676
3091,62.5313,1,4.9877,1.0,wave,UNKNOWN,UNKNOWN,0.26,0,62.716
3091,62.5313,4,4.9877,1.0,leg_raise_lower,UNKNOWN,UNKNOWN,0.2667,0,62.716
3092,62.5452,1,4.9889,1.0,wave,UNKNOWN,UNKNOWN,0.26,0,61.355
3092,62.5452,4,4.9889,1.0,leg_raise_lower,UNKNOWN,UNKNOWN,0.2667,0,61.355
3093,62.5657,1,4.9956,1.0,wave,UNKNOWN,UNKNOWN,0.26,0,61.388
3093,62.5657,4,4.9956,1.0,leg_raise_lower,UNKNOWN,UNKNOWN,0.2667,0,61.388
3094,62.5819,1,4.9603,1.0,wave,UNKNOWN,UNKNOWN,0.26,0,62.812
3094,62.5819,4,4.9603,1.0,leg_raise_lower,UNKNOWN,UNKNOWN,0.2667,0,62.812
3095,62.5949,1,4.9733,1.0,wave,UNKNOWN,UNKNOWN,0.26,0,63.234
3095,62.5949,4,4.9733,1.0,leg_raise_lower,UNKNOWN,UNKNOWN,0.2667,0,63.234
3096,62.6098,1,4.9882,1.0,wave,UNKNOWN,UNKNOWN,0.26,0,64.686
3096,62.6098,4,4.9882,1.0,leg_raise_lower,UNKNOWN,UNKNOWN,0.2833,1,64.686
3097,62.6637,1,4.9527,1.0,wave,UNKNOWN,UNKNOWN,0.26,0,60.014
3097,62.6637,4,4.9527,1.0,leg_raise_lower,UNKNOWN,UNKNOWN,0.2833,0,60.014
3098,62.6786,1,4.9676,1.0,wave,UNKNOWN,UNKNOWN,0.26,0,61.56
3098,62.6786,4,4.9676,1.0,leg_raise_lower,UNKNOWN,UNKNOWN,0.2833,0,61.56
3099,62.6917,1,4.9806,1.0,wave,UNKNOWN,UNKNOWN,0.26,0,62.801
3099,62.6917,4,4.9806,1.0,leg_raise_lower,UNKNOWN,UNKNOWN,0.2833,0,62.801
3100,62.7052,1,4.9942,1.0,wave,UNKNOWN,UNKNOWN,0.26,0,64.074
3100,62.7052,4,4.9942,1.0,leg_raise_lower,UNKNOWN,UNKNOWN,0.2833,0,64.074
3101,62.7184,1,4.9935,1.0,wave,UNKNOWN,UNKNOWN,0.2567,1,65.156
3101,62.7184,4,4.9935,1.0,leg_raise_lower,UNKNOWN,UNKNOWN,0.2833,0,65.156
3102,62.7707,1,4.9837,1.0,wave,UNKNOWN,UNKNOWN,0.2567,0,60.492
3102,62.7707,4,4.9837,1.0,leg_raise_lower,UNKNOWN,UNKNOWN,0.2833,0,60.492
3103,62.7861,1,4.9991,1.0,wave,UNKNOWN,UNKNOWN,0.2567,0,61.835
3103,62.7861,4,4.9991,1.0,leg_raise_lower,UNKNOWN,UNKNOWN,0.2833,0,61.835
3104,62.7993,1,4.9989,1.0,wave,UNKNOWN,UNKNOWN,0.2567,0,62.729
3104,62.7993,4,4.9989,1.0,leg_raise_lower,UNKNOWN,UNKNOWN,0.2833,0,62.729
3105,62.8138,1,4.9923,1.0,wave,UNKNOWN,UNKNOWN,0.2567,0,62.804
3105,62.8138,4,4.9923,1.0,leg_raise_lower,UNKNOWN,UNKNOWN,0.2833,0,62.804
3106,62.8296,1,4.9491,1.0,wave,UNKNOWN,UNKNOWN,0.2567,0,63.74
3106,62.8296,4,4.9491,1.0,leg_raise_lower,UNKNOWN,UNKNOWN,0.2833,0,63.74
3107,62.8433,1,4.9629,1.0,wave,UNKNOWN,UNKNOWN,0.2567,0,64.549
3107,62.8433,4,4.9629,1.0,leg_raise_lower,UNKNOWN,UNKNOWN,0.2833,0,64.549
3108,62.8571,1,4.9766,1.0,wave,UNKNOWN,UNKNOWN,0.2567,0,65.588
3108,62.8571,4,4.9766,1.0,leg_raise_lower,UNKNOWN,UNKNOWN,0.2833,0,65.588
3109,62.8704,1,4.99,1.0,wave,UNKNOWN,UNKNOWN,0.2567,0,66.504
3109,62.8704,4,4.99,1.0,leg_raise_lower,UNKNOWN,UNKNOWN,0.2633,1,66.504
3110,62.9221,1,4.9624,1.0,wave,UNKNOWN,UNKNOWN,0.2567,0,61.732
3110,62.9221,4,4.9624,1.0,leg_raise_lower,UNKNOWN,UNKNOWN,0.2633,0,61.732
3111,62.9371,1,4.9774,1.0,wave,UNKNOWN,UNKNOWN,0.2567,0,62.986
3111,62.9371,4,4.9774,1.0,leg_raise_lower,UNKNOWN,UNKNOWN,0.2633,0,62.986
3112,62.9508,1,4.9911,1.0,wave,UNKNOWN,UNKNOWN,0.2567,0,63.719
3112,62.9508,4,4.9911,1.0,leg_raise_lower,UNKNOWN,UNKNOWN,0.2633,0,63.719
3113,62.9648,1,4.9908,1.0,wave,UNKNOWN,UNKNOWN,0.2567,0,64.818
3113,62.9648,4,4.9908,1.0,leg_raise_lower,UNKNOWN,UNKNOWN,0.2633,0,64.818
3114,62.9781,1,4.9911,1.0,wave,UNKNOWN,UNKNOWN,0.27,1,65.836
3114,62.9781,4,4.9911,1.0,leg_raise_lower,UNKNOWN,UNKNOWN,0.2633,0,65.836
3115,63.0272,1,4.9888,1.0,wave,UNKNOWN,UNKNOWN,0.27,0,61.272
3115,63.0272,4,4.9888,1.0,leg_raise_lower,UNKNOWN,UNKNOWN,0.2633,0,61.272
3116,63.0409,1,4.9856,1.0,wave,UNKNOWN,UNKNOWN,0.27,0,62.744
3116,63.0409,4,4.9856,1.0,leg_raise_lower,UNKNOWN,UNKNOWN,0.2633,0,62.744
3117,63.054,1,4.9987,1.0,wave,UNKNOWN,UNKNOWN,0.27,0,63.867
3117,63.054,4,4.9987,1.0,leg_raise_lower,UNKNOWN,UNKNOWN,0.2633,0,63.867
3118,63.0675,1,4.9959,1.0,wave,UNKNOWN,UNKNOWN,0.27,0,65.064
3118,63.0675,4,4.9959,1.0,leg_raise_lower,UNKNOWN,UNKNOWN,0.2633,0,65.064
3119,63.0806,1,4.9589,1.0,wave,UNKNOWN,UNKNOWN,0.27,0,64.791
3119,63.0806,4,4.9589,1.0,leg_raise_lower,UNKNOWN,UNKNOWN,0.2633,0,64.791
3120,63.0972,1,4.9754,1.0,wave,UNKNOWN,UNKNOWN,0.27,0,65.174
3120,63.0972,4,4.9754,1.0,leg_raise_lower,UNKNOWN,UNKNOWN,0.2633,0,65.174
3121,63.1115,1,4.9897,1.0,wave,UNKNOWN,UNKNOWN,0.27,0,65.853
3121,63.1115,4,4.9897,1.0,leg_raise_lower,UNKNOWN,UNKNOWN,0.2633,0,65.853
3122,63.1257,1,4.9899,1.0,wave,UNKNOWN,UNKNOWN,0.27,0,66.437
3122,63.1257,4,4.9899,1.0,wave,UNKNOWN,UNKNOWN,0.2567,1,66.437
3123,63.1758,1,4.9633,1.0,wave,UNKNOWN,UNKNOWN,0.27,0,61.775
3123,63.1758,4,4.9633,1.0,wave,UNKNOWN,UNKNOWN,0.2567,0,61.775
3124,63.1911,1,4.9786,1.0,wave,UNKNOWN,UNKNOWN,0.27,0,61.902
3124,63.1911,4,4.9786,1.0,wave,UNKNOWN,UNKNOWN,0.2567,0,61.902
3125,63.2061,1,4.9936,1.0,wave,UNKNOWN,UNKNOWN,0.27,0,62.668
3125,63.2061,4,4.9936,1.0,wave,UNKNOWN,UNKNOWN,0.2567,0,62.668
3126,63.2202,1,4.9865,1.0,wave,UNKNOWN,UNKNOWN,0.27,0,63.452
3126,63.2202,4,4.9865,1.0,wave,UNKNOWN,UNKNOWN,0.2567,0,63.452
3127,63.2346,1,4.9831,1.0,wave,UNKNOWN,UNKNOWN,0.2533,1,63.388
3127,63.2346,4,4.9831,1.0,wave,UNKNOWN,UNKNOWN,0.2567,0,63.388
3128,63.2942,1,4.9958,1.0,wave,UNKNOWN,UNKNOWN,0.2533,0,58.765
3128,63.2942,4,4.9958,1.0,wave,UNKNOWN,UNKNOWN,0.2567,0,58.765
3129,63.3086,1,4.9968,1.0,wave,UNKNOWN,UNKNOWN,0.2533,0,60.147
3129,63.3086,4,4.9968,1.0,wave,UNKNOWN,UNKNOWN,0.2567,0,60.147
3130,63.3222,1,4.9974,1.0,wave,UNKNOWN,UNKNOWN,0.2533,0,59.032
3130,63.3222,4,4.9974,1.0,wave,UNKNOWN,UNKNOWN,0.2567,0,59.032
3131,63.3426,1,4.9668,1.0,wave,UNKNOWN,UNKNOWN,0.2533,0,60.534
3131,63.3426,4,4.9668,1.0,wave,UNKNOWN,UNKNOWN,0.2567,0,60.534
3132,63.3561,1,4.9802,1.0,wave,UNKNOWN,UNKNOWN,0.2533,0,60.896
3132,63.3561,4,4.9802,1.0,wave,UNKNOWN,UNKNOWN,0.2567,0,60.896
3133,63.3719,1,4.9961,1.0,wave,UNKNOWN,UNKNOWN,0.2533,0,59.297
3133,63.3719,4,4.9961,1.0,wave,UNKNOWN,UNKNOWN,0.2567,0,59.297
3134,63.3944,1,4.9872,1.0,wave,UNKNOWN,UNKNOWN,0.2533,0,60.256
3134,63.3944,4,4.9872,1.0,wave,UNKNOWN,UNKNOWN,0.2567,1,60.256
3135,63.4481,1,4.9753,1.0,wave,UNKNOWN,UNKNOWN,0.2533,0,56.075
3135,63.4481,4,4.9753,1.0,wave,UNKNOWN,UNKNOWN,0.2567,0,56.075
3136,63.4629,1,4.9901,1.0,wave,UNKNOWN,UNKNOWN,0.2533,0,57.54
3136,63.4629,4,4.9901,1.0,wave,UNKNOWN,UNKNOWN,0.2567,0,57.54
3137,63.4766,1,4.9894,1.0,wave,UNKNOWN,UNKNOWN,0.2533,0,59.335
3137,63.4766,4,4.9894,1.0,wave,UNKNOWN,UNKNOWN,0.2567,0,59.335
3138,63.4903,1,4.9879,1.0,wave,UNKNOWN,UNKNOWN,0.2633,1,60.324
3138,63.4903,4,4.9879,1.0,wave,UNKNOWN,UNKNOWN,0.2567,0,60.324
3139,63.541,1,4.982,1.0,wave,UNKNOWN,UNKNOWN,0.2633,0,56.275
3139,63.541,4,4.982,1.0,wave,UNKNOWN,UNKNOWN,0.2567,0,56.275
3140,63.555,1,4.9959,1.0,wave,UNKNOWN,UNKNOWN,0.2633,0,57.945
3140,63.555,4,4.9959,1.0,wave,UNKNOWN,UNKNOWN,0.2567,0,57.945
3141,63.5686,1,4.9961,1.0,wave,UNKNOWN,UNKNOWN,0.2633,0,59.519
3141,63.5686,4,4.9961,1.0,wave,UNKNOWN,UNKNOWN,0.2567,0,59.519
3142,63.5825,1,4.9892,1.0,wave,UNKNOWN,UNKNOWN,0.2633,0,60.747
3142,63.5825,4,4.9892,1.0,wave,UNKNOWN,UNKNOWN,0.2567,0,60.747
3143,63.5962,1,4.946,1.0,wave,UNKNOWN,UNKNOWN,0.2633,0,61.38
3143,63.5962,4,4.946,1.0,wave,UNKNOWN,UNKNOWN,0.2567,0,61.38
3144,63.6111,1,4.9609,1.0,wave,UNKNOWN,UNKNOWN,0.2633,0,61.605
3144,63.6111,4,4.9609,1.0,wave,UNKNOWN,UNKNOWN,0.2567,0,61.605
3145,63.6267,1,4.9765,1.0,wave,UNKNOWN,UNKNOWN,0.2633,0,62.894
3145,63.6267,4,4.9765,1.0,wave,UNKNOWN,UNKNOWN,0.2567,0,62.894
3146,63.6401,1,4.9899,1.0,wave,UNKNOWN,UNKNOWN,0.2633,0,63.966
3146,63.6401,4,4.9899,1.0,wave,UNKNOWN,UNKNOWN,0.2567,0,63.966
3147,63.6539,1,4.99,1.0,wave,UNKNOWN,UNKNOWN,0.2633,0,64.78
3147,63.6539,4,4.99,1.0,wave,UNKNOWN,UNKNOWN,0.2633,1,64.78
3148,63.7035,1,4.9741,1.0,wave,UNKNOWN,UNKNOWN,0.2633,0,60.294
3148,63.7035,4,4.9741,1.0,wave,UNKNOWN,UNKNOWN,0.2633,0,60.294
3150,63.7307,36,0.0,1.0,WARMING_UP,WARMING_UP,WARMING_UP,0.0,0,63.318
3151,63.7436,36,0.0129,1.0,WARMING_UP,WARMING_UP,WARMING_UP,0.0,0,64.823
3152,63.7564,36,0.0257,1.0,WARMING_UP,WARMING_UP,WARMING_UP,0.0,0,65.282
3153,63.7709,36,0.0401,1.0,WARMING_UP,WARMING_UP,WARMING_UP,0.0,0,65.685
3154,63.7854,36,0.0546,1.0,WARMING_UP,WARMING_UP,WARMING_UP,0.0,0,66.975
3155,63.7981,36,0.0674,1.0,WARMING_UP,WARMING_UP,WARMING_UP,0.0,0,67.224
3156,63.8127,36,0.082,1.0,WARMING_UP,WARMING_UP,WARMING_UP,0.0,0,67.372
3157,63.8272,36,0.0965,1.0,WARMING_UP,WARMING_UP,WARMING_UP,0.0,0,68.233
3158,63.8402,36,0.1095,1.0,WARMING_UP,WARMING_UP,WARMING_UP,0.0,0,68.992
3159,63.8534,36,0.1227,1.0,WARMING_UP,WARMING_UP,WARMING_UP,0.0,0,69.877
3160,63.8662,36,0.1354,1.0,WARMING_UP,WARMING_UP,WARMING_UP,0.0,0,70.711
3161,63.879,36,0.1482,1.0,WARMING_UP,WARMING_UP,WARMING_UP,0.0,0,71.558
3162,63.8917,36,0.161,1.0,WARMING_UP,WARMING_UP,WARMING_UP,0.0,0,72.181
3163,63.9043,36,0.1736,1.0,WARMING_UP,WARMING_UP,WARMING_UP,0.0,0,72.759
3164,63.9173,36,0.1865,1.0,WARMING_UP,WARMING_UP,WARMING_UP,0.0,0,73.368
3165,63.93,36,0.1992,1.0,WARMING_UP,WARMING_UP,WARMING_UP,0.0,0,72.991
3166,63.9443,36,0.2136,1.0,WARMING_UP,WARMING_UP,WARMING_UP,0.0,0,73.501
3167,63.9573,36,0.2265,1.0,WARMING_UP,WARMING_UP,WARMING_UP,0.0,0,73.941
3168,63.9701,36,0.2393,1.0,WARMING_UP,WARMING_UP,WARMING_UP,0.0,0,73.607
3169,63.9842,36,0.2535,1.0,WARMING_UP,WARMING_UP,WARMING_UP,0.0,0,71.653
3170,64.0029,36,0.2722,1.0,WARMING_UP,WARMING_UP,WARMING_UP,0.0,0,72.2
3171,64.0155,36,0.2848,1.0,WARMING_UP,WARMING_UP,WARMING_UP,0.0,0,72.913
3172,64.0282,36,0.2975,1.0,WARMING_UP,WARMING_UP,WARMING_UP,0.0,0,72.054
3173,64.0437,36,0.313,1.0,WARMING_UP,WARMING_UP,WARMING_UP,0.0,0,72.589
3174,64.0566,36,0.3259,1.0,WARMING_UP,WARMING_UP,WARMING_UP,0.0,0,73.772
3175,64.0684,36,0.3377,1.0,WARMING_UP,WARMING_UP,WARMING_UP,0.0,0,73.962
3176,64.0816,36,0.3509,1.0,WARMING_UP,WARMING_UP,WARMING_UP,0.0,0,74.213
3177,64.0949,36,0.3641,1.0,WARMING_UP,WARMING_UP,WARMING_UP,0.0,0,74.914
3178,64.107,36,0.3763,1.0,WARMING_UP,WARMING_UP,WARMING_UP,0.0,0,72.859
3179,64.1256,36,0.3948,1.0,WARMING_UP,WARMING_UP,WARMING_UP,0.0,0,73.847
3180,64.1375,36,0.4068,1.0,WARMING_UP,WARMING_UP,WARMING_UP,0.0,0,74.783
3181,64.1496,36,0.4188,1.0,WARMING_UP,WARMING_UP,WARMING_UP,0.0,0,74.479
3182,64.1634,36,0.4327,1.0,WARMING_UP,WARMING_UP,WARMING_UP,0.0,0,75.048
3183,64.176,36,0.4453,1.0,WARMING_UP,WARMING_UP,WARMING_UP,0.0,0,75.896
3184,64.1879,36,0.4572,1.0,WARMING_UP,WARMING_UP,WARMING_UP,0.0,0,75.197
3185,64.2025,36,0.4718,1.0,WARMING_UP,WARMING_UP,WARMING_UP,0.0,0,75.977
3186,64.2145,36,0.4838,1.0,WARMING_UP,WARMING_UP,WARMING_UP,0.0,0,76.69
3187,64.2265,36,0.4958,1.0,WARMING_UP,WARMING_UP,WARMING_UP,0.0,0,77.287
3188,64.2385,36,0.5078,1.0,WARMING_UP,WARMING_UP,WARMING_UP,0.0,0,76.25
3189,64.2534,36,0.5227,1.0,WARMING_UP,WARMING_UP,WARMING_UP,0.0,0,77.28
3190,64.2655,36,0.5348,1.0,WARMING_UP,WARMING_UP,WARMING_UP,0.0,0,73.584
3191,64.2906,36,0.5599,1.0,WARMING_UP,WARMING_UP,WARMING_UP,0.0,0,70.846
3192,64.3121,36,0.5813,1.0,WARMING_UP,WARMING_UP,WARMING_UP,0.0,0,71.124
3193,64.3252,36,0.5945,1.0,WARMING_UP,WARMING_UP,WARMING_UP,0.0,0,68.83
3194,64.3465,36,0.6158,1.0,WARMING_UP,WARMING_UP,WARMING_UP,0.0,0,69.281
3195,64.3598,36,0.6291,1.0,WARMING_UP,WARMING_UP,WARMING_UP,0.0,0,70.008
3196,64.3728,36,0.6421,1.0,WARMING_UP,WARMING_UP,WARMING_UP,0.0,0,69.771
3197,64.3875,36,0.6568,1.0,WARMING_UP,WARMING_UP,WARMING_UP,0.0,0,69.268
3198,64.4033,36,0.6725,1.0,WARMING_UP,WARMING_UP,WARMING_UP,0.0,0,68.816
3199,64.4188,36,0.6881,1.0,WARMING_UP,WARMING_UP,WARMING_UP,0.0,0,69.321
3200,64.4322,36,0.7015,1.0,WARMING_UP,WARMING_UP,WARMING_UP,0.0,0,69.882
3201,64.4457,36,0.715,1.0,WARMING_UP,WARMING_UP,WARMING_UP,0.0,0,70.314
3202,64.4591,36,0.7283,1.0,WARMING_UP,WARMING_UP,WARMING_UP,0.0,0,70.414
3203,64.4732,36,0.7425,1.0,WARMING_UP,WARMING_UP,WARMING_UP,0.0,0,70.99
3204,64.4862,36,0.7555,1.0,WARMING_UP,WARMING_UP,WARMING_UP,0.0,0,70.108
3205,64.5023,36,0.7715,1.0,WARMING_UP,WARMING_UP,WARMING_UP,0.0,0,69.691
3206,64.5174,36,0.7867,1.0,WARMING_UP,WARMING_UP,WARMING_UP,0.0,0,68.838
3207,64.5343,36,0.8036,1.0,WARMING_UP,WARMING_UP,WARMING_UP,0.0,0,68.96
3208,64.5484,36,0.8177,1.0,WARMING_UP,WARMING_UP,WARMING_UP,0.0,0,66.675
3209,64.5704,36,0.8397,1.0,WARMING_UP,WARMING_UP,WARMING_UP,0.0,0,65.498
3210,64.5885,36,0.8578,1.0,WARMING_UP,WARMING_UP,WARMING_UP,0.0,0,65.731
3211,64.6033,36,0.8726,1.0,WARMING_UP,WARMING_UP,WARMING_UP,0.0,0,66.243
3212,64.6168,36,0.8861,1.0,WARMING_UP,WARMING_UP,WARMING_UP,0.0,0,67.063
3213,64.6304,36,0.8997,1.0,WARMING_UP,WARMING_UP,WARMING_UP,0.0,0,67.535
3214,64.6445,36,0.9137,1.0,WARMING_UP,WARMING_UP,WARMING_UP,0.0,0,66.775
3215,64.6615,36,0.9307,1.0,WARMING_UP,WARMING_UP,WARMING_UP,0.0,0,66.592
3216,64.6767,36,0.946,1.0,WARMING_UP,WARMING_UP,WARMING_UP,0.0,0,66.26
3217,64.6927,36,0.962,1.0,WARMING_UP,WARMING_UP,WARMING_UP,0.0,0,64.45
3218,64.7135,36,0.9828,1.0,WARMING_UP,WARMING_UP,WARMING_UP,0.0,0,61.387
3219,64.744,36,1.0132,1.0,WARMING_UP,WARMING_UP,WARMING_UP,0.0,0,61.044
3220,64.7609,36,1.0302,1.0,WARMING_UP,WARMING_UP,WARMING_UP,0.0,0,60.98
3221,64.7777,36,1.0469,1.0,WARMING_UP,WARMING_UP,WARMING_UP,0.0,0,59.948
3222,64.7976,36,1.0669,1.0,WARMING_UP,WARMING_UP,WARMING_UP,0.0,0,58.729
3223,64.8191,36,1.0883,1.0,WARMING_UP,WARMING_UP,WARMING_UP,0.0,0,58.184
3224,64.8369,36,1.1061,1.0,WARMING_UP,WARMING_UP,WARMING_UP,0.0,0,58.17
3225,64.854,36,1.1233,1.0,WARMING_UP,WARMING_UP,WARMING_UP,0.0,0,58.816
3226,64.8689,36,1.1382,1.0,WARMING_UP,WARMING_UP,WARMING_UP,0.0,0,59.903
3227,64.8836,36,1.1529,1.0,WARMING_UP,WARMING_UP,WARMING_UP,0.0,0,60.36
3228,64.8987,36,1.168,1.0,WARMING_UP,WARMING_UP,WARMING_UP,0.0,0,61.6
3229,64.9119,36,1.1812,1.0,WARMING_UP,WARMING_UP,WARMING_UP,0.0,0,63.081
3230,64.9248,36,1.1941,1.0,WARMING_UP,WARMING_UP,WARMING_UP,0.0,0,65.087
3231,64.9368,36,1.2061,1.0,WARMING_UP,WARMING_UP,WARMING_UP,0.0,0,63.562
3232,64.9572,36,1.2264,1.0,WARMING_UP,WARMING_UP,WARMING_UP,0.0,0,62.195
3233,64.9771,36,1.2464,1.0,WARMING_UP,WARMING_UP,WARMING_UP,0.0,0,60.825
3234,64.9978,36,1.2671,1.0,WARMING_UP,WARMING_UP,WARMING_UP,0.0,0,62.858
3235,65.01,36,1.2792,1.0,WARMING_UP,WARMING_UP,WARMING_UP,0.0,0,64.784
3236,65.0221,36,1.2913,1.0,WARMING_UP,WARMING_UP,WARMING_UP,0.0,0,66.824
3237,65.0338,36,1.3031,1.0,WARMING_UP,WARMING_UP,WARMING_UP,0.0,0,68.421
3238,65.046,36,1.3152,1.0,WARMING_UP,WARMING_UP,WARMING_UP,0.0,0,70.108
3239,65.0575,36,1.3268,1.0,WARMING_UP,WARMING_UP,WARMING_UP,0.0,0,71.212
3240,65.0702,36,1.3395,1.0,WARMING_UP,WARMING_UP,WARMING_UP,0.0,0,72.552
3241,65.082,36,1.3513,1.0,WARMING_UP,WARMING_UP,WARMING_UP,0.0,0,73.474
3242,65.0939,36,1.3631,1.0,WARMING_UP,WARMING_UP,WARMING_UP,0.0,0,72.081
3243,65.1109,36,1.3802,1.0,WARMING_UP,WARMING_UP,WARMING_UP,0.0,0,73.339
3244,65.1225,36,1.3918,1.0,WARMING_UP,WARMING_UP,WARMING_UP,0.0,0,73.719
3245,65.1358,36,1.4051,1.0,WARMING_UP,WARMING_UP,WARMING_UP,0.0,0,74.625
3246,65.1475,36,1.4168,1.0,WARMING_UP,WARMING_UP,WARMING_UP,0.0,0,74.97
