frame_id,elapsed_sec,track_id,buffer_duration_sec,valid_feature_ratio,raw_label,threshold_label,stable_label,confidence,prediction_updated,processing_fps
0,0.0,1,0.0,1.0,WARMING_UP,WARMING_UP,WARMING_UP,0.0,0,0.0
0,0.0,2,0.0,1.0,WARMING_UP,WARMING_UP,WARMING_UP,0.0,0,0.0
0,0.0,3,0.0,1.0,WARMING_UP,WARMING_UP,WARMING_UP,0.0,0,0.0
1,29.2487,1,0.0,1.0,WARMING_UP,WARMING_UP,WARMING_UP,0.0,0,0.075
2,29.3768,1,0.1281,1.0,WARMING_UP,WARMING_UP,WARMING_UP,0.0,0,1.917
2,29.3768,3,0.0,1.0,WARMING_UP,WARMING_UP,WARMING_UP,0.0,0,1.917
3,29.4296,1,0.181,1.0,WARMING_UP,WARMING_UP,WARMING_UP,0.0,0,4.562
3,29.4296,3,0.0529,1.0,WARMING_UP,WARMING_UP,WARMING_UP,0.0,0,4.562
3,29.4296,2,0.0,1.0,WARMING_UP,WARMING_UP,WARMING_UP,0.0,0,4.562
4,29.4648,1,0.2161,1.0,WARMING_UP,WARMING_UP,WARMING_UP,0.0,0,6.94
4,29.4648,3,0.088,1.0,WARMING_UP,WARMING_UP,WARMING_UP,0.0,0,6.94
4,29.4648,2,0.0352,1.0,WARMING_UP,WARMING_UP,WARMING_UP,0.0,0,6.94
5,29.5047,1,0.256,1.0,WARMING_UP,WARMING_UP,WARMING_UP,0.0,0,8.619
5,29.5047,2,0.075,1.0,WARMING_UP,WARMING_UP,WARMING_UP,0.0,0,8.619
6,29.5417,2,0.1121,1.0,WARMING_UP,WARMING_UP,WARMING_UP,0.0,0,12.492
7,29.5622,2,0.1326,1.0,WARMING_UP,WARMING_UP,WARMING_UP,0.0,0,15.914
7,29.5622,1,0.3136,0.8571,WARMING_UP,WARMING_UP,WARMING_UP,0.0,0,15.914
8,29.5842,2,0.1545,1.0,WARMING_UP,WARMING_UP,WARMING_UP,0.0,0,21.445
8,29.5842,1,0.3355,0.875,WARMING_UP,WARMING_UP,WARMING_UP,0.0,0,21.445
8,29.5842,3,0.2074,0.5714,WARMING_UP,WARMING_UP,WARMING_UP,0.0,0,21.445
9,29.5978,1,0.3492,0.8889,WARMING_UP,WARMING_UP,WARMING_UP,0.0,0,26.811
9,29.5978,3,0.2211,0.625,WARMING_UP,WARMING_UP,WARMING_UP,0.0,0,26.811
10,29.6109,1,0.3622,0.9,WARMING_UP,WARMING_UP,WARMING_UP,0.0,0,29.624
10,29.6109,3,0.2341,0.6667,WARMING_UP,WARMING_UP,WARMING_UP,0.0,0,29.624
10,29.6109,2,0.1813,0.875,WARMING_UP,WARMING_UP,WARMING_UP,0.0,0,29.624
11,29.6292,1,0.3806,0.9091,WARMING_UP,WARMING_UP,WARMING_UP,0.0,0,33.791
11,29.6292,3,0.2525,0.7,WARMING_UP,WARMING_UP,WARMING_UP,0.0,0,33.791
11,29.6292,2,0.1996,0.8889,WARMING_UP,WARMING_UP,WARMING_UP,0.0,0,33.791
12,29.6432,1,0.3945,0.9167,WARMING_UP,WARMING_UP,WARMING_UP,0.0,0,36.476
12,29.6432,3,0.2664,0.7273,WARMING_UP,WARMING_UP,WARMING_UP,0.0,0,36.476
12,29.6432,2,0.2136,0.9,WARMING_UP,WARMING_UP,WARMING_UP,0.0,0,36.476
13,29.6597,1,0.4111,0.9231,WARMING_UP,WARMING_UP,WARMING_UP,0.0,0,37.777
13,29.6597,2,0.2301,0.9091,WARMING_UP,WARMING_UP,WARMING_UP,0.0,0,37.777
14,29.68,1,0.4314,0.9286,WARMING_UP,WARMING_UP,WARMING_UP,0.0,0,41.359
14,29.68,2,0.2504,0.9167,WARMING_UP,WARMING_UP,WARMING_UP,0.0,0,41.359
14,29.68,3,0.3033,0.6923,WARMING_UP,WARMING_UP,WARMING_UP,0.0,0,41.359
15,29.6937,1,0.445,0.9333,WARMING_UP,WARMING_UP,WARMING_UP,0.0,0,44.807
15,29.6937,2,0.264,0.9231,WARMING_UP,WARMING_UP,WARMING_UP,0.0,0,44.807
15,29.6937,3,0.3169,0.7143,WARMING_UP,WARMING_UP,WARMING_UP,0.0,0,44.807
16,29.7066,1,0.4579,0.9375,WARMING_UP,WARMING_UP,WARMING_UP,0.0,0,48.483
17,29.7187,1,0.47,0.9412,WARMING_UP,WARMING_UP,WARMING_UP,0.0,0,51.538
17,29.7187,2,0.289,0.8667,WARMING_UP,WARMING_UP,WARMING_UP,0.0,0,51.538
17,29.7187,3,0.3419,0.6875,WARMING_UP,WARMING_UP,WARMING_UP,0.0,0,51.538
18,29.7316,1,0.483,0.9444,WARMING_UP,WARMING_UP,WARMING_UP,0.0,0,54.007
18,29.7316,2,0.302,0.875,WARMING_UP,WARMING_UP,WARMING_UP,0.0,0,54.007
19,29.7448,1,0.4961,0.9474,WARMING_UP,WARMING_UP,WARMING_UP,0.0,0,56.35
19,29.7448,2,0.3151,0.8824,WARMING_UP,WARMING_UP,WARMING_UP,0.0,0,56.35
19,29.7448,3,0.368,0.6667,WARMING_UP,WARMING_UP,WARMING_UP,0.0,0,56.35
20,29.7575,1,0.5088,0.95,WARMING_UP,WARMING_UP,WARMING_UP,0.0,0,58.399
20,29.7575,2,0.3279,0.8889,WARMING_UP,WARMING_UP,WARMING_UP,0.0,0,58.399
20,29.7575,3,0.3807,0.6842,WARMING_UP,WARMING_UP,WARMING_UP,0.0,0,58.399
21,29.771,3,0.3942,0.7,WARMING_UP,WARMING_UP,WARMING_UP,0.0,0,60.473
22,29.7831,3,0.4063,0.7143,WARMING_UP,WARMING_UP,WARMING_UP,0.0,0,60.844
22,29.7831,1,0.5344,0.9091,WARMING_UP,WARMING_UP,WARMING_UP,0.0,0,60.844
22,29.7831,2,0.3534,0.85,WARMING_UP,WARMING_UP,WARMING_UP,0.0,0,60.844
23,29.7988,3,0.422,0.7273,WARMING_UP,WARMING_UP,WARMING_UP,0.0,0,62.438
23,29.7988,6,0.0,1.0,WARMING_UP,WARMING_UP,WARMING_UP,0.0,0,62.438
23,29.7988,1,0.5501,0.913,WARMING_UP,WARMING_UP,WARMING_UP,0.0,0,62.438
23,29.7988,2,0.3691,0.8571,WARMING_UP,WARMING_UP,WARMING_UP,0.0,0,62.438
24,29.8122,3,0.4354,0.7391,WARMING_UP,WARMING_UP,WARMING_UP,0.0,0,62.276
24,29.8122,1,0.5635,0.9167,WARMING_UP,WARMING_UP,WARMING_UP,0.0,0,62.276
25,29.8285,3,0.4518,0.75,WARMING_UP,WARMING_UP,WARMING_UP,0.0,0,63.663
25,29.8285,1,0.5799,0.92,WARMING_UP,WARMING_UP,WARMING_UP,0.0,0,63.663
26,29.8415,3,0.4647,0.76,WARMING_UP,WARMING_UP,WARMING_UP,0.0,0,63.674
26,29.8415,1,0.5928,0.9231,WARMING_UP,WARMING_UP,WARMING_UP,0.0,0,63.674
26,29.8415,6,0.0427,0.5,WARMING_UP,WARMING_UP,WARMING_UP,0.0,0,63.674
27,29.8573,1,0.6087,0.9259,WARMING_UP,WARMING_UP,WARMING_UP,0.0,0,64.389
27,29.8573,6,0.0586,0.6,WARMING_UP,WARMING_UP,WARMING_UP,0.0,0,64.389
28,29.8716,1,0.6229,0.9286,WARMING_UP,WARMING_UP,WARMING_UP,0.0,0,66.008
28,29.8716,6,0.0728,0.6667,WARMING_UP,WARMING_UP,WARMING_UP,0.0,0,66.008
29,29.8837,1,0.635,0.931,WARMING_UP,WARMING_UP,WARMING_UP,0.0,0,67.633
29,29.8837,6,0.0849,0.7143,WARMING_UP,WARMING_UP,WARMING_UP,0.0,0,67.633
30,29.8959,1,0.6472,0.9333,WARMING_UP,WARMING_UP,WARMING_UP,0.0,0,68.641
30,29.8959,6,0.0971,0.75,WARMING_UP,WARMING_UP,WARMING_UP,0.0,0,68.641
31,29.9087,6,0.1099,0.7778,WARMING_UP,WARMING_UP,WARMING_UP,0.0,0,69.229
32,29.922,6,0.1232,0.8,WARMING_UP,WARMING_UP,WARMING_UP,0.0,0,68.991
33,29.9368,6,0.138,0.8182,WARMING_UP,WARMING_UP,WARMING_UP,0.0,0,69.938
34,29.9496,6,0.1508,0.8333,WARMING_UP,WARMING_UP,WARMING_UP,0.0,0,70.127
34,29.9496,1,0.7009,0.8529,WARMING_UP,WARMING_UP,WARMING_UP,0.0,0,70.127
35,29.9636,3,0.5868,0.5882,WARMING_UP,WARMING_UP,WARMING_UP,0.0,0,71.434
36,29.9758,3,0.599,0.6,WARMING_UP,WARMING_UP,WARMING_UP,0.0,0,72.493
36,29.9758,1,0.7271,0.8333,WARMING_UP,WARMING_UP,WARMING_UP,0.0,0,72.493
37,29.9878,3,0.611,0.6111,WARMING_UP,WARMING_UP,WARMING_UP,0.0,0,73.761
37,29.9878,1,0.7391,0.8378,WARMING_UP,WARMING_UP,WARMING_UP,0.0,0,73.761
38,29.9995,3,0.6227,0.6216,WARMING_UP,WARMING_UP,WARMING_UP,0.0,0,72.96
38,29.9995,1,0.7508,0.8421,WARMING_UP,WARMING_UP,WARMING_UP,0.0,0,72.96
39,30.0148,3,0.638,0.6316,WARMING_UP,WARMING_UP,WARMING_UP,0.0,0,72.378
39,30.0148,1,0.7661,0.8462,WARMING_UP,WARMING_UP,WARMING_UP,0.0,0,72.378
40,30.0296,3,0.6528,0.641,WARMING_UP,WARMING_UP,WARMING_UP,0.0,0,72.951
40,30.0296,1,0.7809,0.85,WARMING_UP,WARMING_UP,WARMING_UP,0.0,0,72.951
41,30.0426,3,0.6658,0.65,WARMING_UP,WARMING_UP,WARMING_UP,0.0,0,73.725
42,30.055,3,0.6782,0.6585,WARMING_UP,WARMING_UP,WARMING_UP,0.0,0,74.027
42,30.055,6,0.2562,0.55,WARMING_UP,WARMING_UP,WARMING_UP,0.0,0,74.027
42,30.055,1,0.8063,0.8333,WARMING_UP,WARMING_UP,WARMING_UP,0.0,0,74.027
43,30.0682,6,0.2694,0.5714,WARMING_UP,WARMING_UP,WARMING_UP,0.0,0,72.644
43,30.0682,1,0.8196,0.8372,WARMING_UP,WARMING_UP,WARMING_UP,0.0,0,72.644
44,30.0848,6,0.286,0.5909,WARMING_UP,WARMING_UP,WARMING_UP,0.0,0,72.443
45,30.0986,6,0.2998,0.6087,WARMING_UP,WARMING_UP,WARMING_UP,0.0,0,72.422
45,30.0986,1,0.8499,0.8222,WARMING_UP,WARMING_UP,WARMING_UP,0.0,0,72.422
46,30.1125,6,0.3137,0.625,WARMING_UP,WARMING_UP,WARMING_UP,0.0,0,72.984
46,30.1125,1,0.8638,0.8261,WARMING_UP,WARMING_UP,WARMING_UP,0.0,0,72.984
47,30.1258,6,0.327,0.64,WARMING_UP,WARMING_UP,WARMING_UP,0.0,0,73.632
47,30.1258,1,0.8771,0.8298,WARMING_UP,WARMING_UP,WARMING_UP,0.0,0,73.632
48,30.1378,6,0.339,0.6538,WARMING_UP,WARMING_UP,WARMING_UP,0.0,0,71.665
48,30.1378,1,0.8891,0.8333,WARMING_UP,WARMING_UP,WARMING_UP,0.0,0,71.665
49,30.1565,6,0.3578,0.6667,WARMING_UP,WARMING_UP,WARMING_UP,0.0,0,72.339
49,30.1565,1,0.9079,0.8367,WARMING_UP,WARMING_UP,WARMING_UP,0.0,0,72.339
50,30.1692,6,0.3704,0.6786,WARMING_UP,WARMING_UP,WARMING_UP,0.0,0,73.197
50,30.1692,1,0.9205,0.84,WARMING_UP,WARMING_UP,WARMING_UP,0.0,0,73.197
51,30.1815,6,0.3827,0.6897,WARMING_UP,WARMING_UP,WARMING_UP,0.0,0,73.694
51,30.1815,1,0.9328,0.8431,WARMING_UP,WARMING_UP,WARMING_UP,0.0,0,73.694
51,30.1815,3,0.8047,0.56,WARMING_UP,WARMING_UP,WARMING_UP,0.0,0,73.694
52,30.1946,6,0.3958,0.7,WARMING_UP,WARMING_UP,WARMING_UP,0.0,0,74.521
52,30.1946,1,0.9459,0.8462,WARMING_UP,WARMING_UP,WARMING_UP,0.0,0,74.521
52,30.1946,3,0.8178,0.5686,WARMING_UP,WARMING_UP,WARMING_UP,0.0,0,74.521
53,30.2068,1,0.9581,0.8491,WARMING_UP,WARMING_UP,WARMING_UP,0.0,0,74.758
53,30.2068,3,0.83,0.5769,WARMING_UP,WARMING_UP,WARMING_UP,0.0,0,74.758
54,30.22,1,0.9714,0.8519,WARMING_UP,WARMING_UP,WARMING_UP,0.0,0,74.333
55,30.2338,1,0.9851,0.8545,WARMING_UP,WARMING_UP,WARMING_UP,0.0,0,73.385
55,30.2338,6,0.435,0.6667,WARMING_UP,WARMING_UP,WARMING_UP,0.0,0,73.385
55,30.2338,3,0.857,0.5741,WARMING_UP,WARMING_UP,WARMING_UP,0.0,0,73.385
56,30.2495,1,1.0008,0.8571,WARMING_UP,WARMING_UP,WARMING_UP,0.0,0,73.441
56,30.2495,6,0.4507,0.6765,WARMING_UP,WARMING_UP,WARMING_UP,0.0,0,73.441
56,30.2495,3,0.8727,0.5818,WARMING_UP,WARMING_UP,WARMING_UP,0.0,0,73.441
57,30.2627,1,1.014,0.8596,WARMING_UP,WARMING_UP,WARMING_UP,0.0,0,74.144
57,30.2627,6,0.4639,0.6857,WARMING_UP,WARMING_UP,WARMING_UP,0.0,0,74.144
58,30.2751,1,1.0264,0.8621,WARMING_UP,WARMING_UP,WARMING_UP,0.0,0,75.051
58,30.2751,6,0.4763,0.6944,WARMING_UP,WARMING_UP,WARMING_UP,0.0,0,75.051
59,30.287,1,1.0383,0.8644,WARMING_UP,WARMING_UP,WARMING_UP,0.0,0,72.644
59,30.287,3,0.9102,0.569,WARMING_UP,WARMING_UP,WARMING_UP,0.0,0,72.644
60,30.3068,1,1.0582,0.8667,WARMING_UP,WARMING_UP,WARMING_UP,0.0,0,70.392
61,30.3267,1,1.0781,0.8689,WARMING_UP,WARMING_UP,WARMING_UP,0.0,0,71.551
61,30.3267,3,0.95,0.5667,WARMING_UP,WARMING_UP,WARMING_UP,0.0,0,71.551
62,30.3388,1,1.0901,0.871,WARMING_UP,WARMING_UP,WARMING_UP,0.0,0,69.603
62,30.3388,3,0.962,0.5738,WARMING_UP,WARMING_UP,WARMING_UP,0.0,0,69.603
63,30.3582,1,1.1096,0.873,WARMING_UP,WARMING_UP,WARMING_UP,0.0,0,67.882
63,30.3582,3,0.9815,0.5806,WARMING_UP,WARMING_UP,WARMING_UP,0.0,0,67.882
63,30.3582,15,0.0,1.0,WARMING_UP,WARMING_UP,WARMING_UP,0.0,0,67.882
64,30.3774,1,1.1288,0.875,WARMING_UP,WARMING_UP,WARMING_UP,0.0,0,66.419
64,30.3774,3,1.0007,0.5873,WARMING_UP,WARMING_UP,WARMING_UP,0.0,0,66.419
64,30.3774,15,0.0192,1.0,WARMING_UP,WARMING_UP,WARMING_UP,0.0,0,66.419
65,30.3969,1,1.1482,0.8769,WARMING_UP,WARMING_UP,WARMING_UP,0.0,0,66.015
65,30.3969,15,0.0386,1.0,WARMING_UP,WARMING_UP,WARMING_UP,0.0,0,66.015
66,30.4121,1,1.1634,0.8788,WARMING_UP,WARMING_UP,WARMING_UP,0.0,0,66.008
67,30.4308,1,1.1821,0.8806,WARMING_UP,WARMING_UP,WARMING_UP,0.0,0,64.357
67,30.4308,15,0.0725,0.8,WARMING_UP,WARMING_UP,WARMING_UP,0.0,0,64.357
68,30.4476,1,1.1989,0.8824,WARMING_UP,WARMING_UP,WARMING_UP,0.0,0,65.583
68,30.4476,3,1.0708,0.5672,WARMING_UP,WARMING_UP,WARMING_UP,0.0,0,65.583
69,30.4603,1,1.2116,0.8841,WARMING_UP,WARMING_UP,WARMING_UP,0.0,0,67.19
69,30.4603,3,1.0835,0.5735,WARMING_UP,WARMING_UP,WARMING_UP,0.0,0,67.19
69,30.4603,15,0.1021,0.7143,WARMING_UP,WARMING_UP,WARMING_UP,0.0,0,67.19
70,30.4726,1,1.224,0.8857,WARMING_UP,WARMING_UP,WARMING_UP,0.0,0,68.62
70,30.4726,3,1.0959,0.5797,WARMING_UP,WARMING_UP,WARMING_UP,0.0,0,68.62
70,30.4726,15,0.1144,0.75,WARMING_UP,WARMING_UP,WARMING_UP,0.0,0,68.62
71,30.485,1,1.2363,0.8873,WARMING_UP,WARMING_UP,WARMING_UP,0.0,0,69.836
71,30.485,3,1.1082,0.5857,WARMING_UP,WARMING_UP,WARMING_UP,0.0,0,69.836
71,30.485,15,0.1268,0.7778,WARMING_UP,WARMING_UP,WARMING_UP,0.0,0,69.836
72,30.4976,1,1.2489,0.8889,WARMING_UP,WARMING_UP,WARMING_UP,0.0,0,70.68
73,30.5099,1,1.2612,0.8904,WARMING_UP,WARMING_UP,WARMING_UP,0.0,0,71.732
73,30.5099,15,0.1516,0.7273,WARMING_UP,WARMING_UP,WARMING_UP,0.0,0,71.732
74,30.5225,1,1.2738,0.8919,WARMING_UP,WARMING_UP,WARMING_UP,0.0,0,72.727
74,30.5225,15,0.1642,0.75,WARMING_UP,WARMING_UP,WARMING_UP,0.0,0,72.727
75,30.5346,1,1.2859,0.8933,WARMING_UP,WARMING_UP,WARMING_UP,0.0,0,73.708
75,30.5346,15,0.1764,0.7692,WARMING_UP,WARMING_UP,WARMING_UP,0.0,0,73.708
75,30.5346,3,1.1578,0.5676,WARMING_UP,WARMING_UP,WARMING_UP,0.0,0,73.708
76,30.5468,1,1.2981,0.8947,WARMING_UP,WARMING_UP,WARMING_UP,0.0,0,74.111
76,30.5468,15,0.1886,0.7857,WARMING_UP,WARMING_UP,WARMING_UP,0.0,0,74.111
76,30.5468,3,1.17,0.5733,WARMING_UP,WARMING_UP,WARMING_UP,0.0,0,74.111
77,30.5598,1,1.3111,0.8961,WARMING_UP,WARMING_UP,WARMING_UP,0.0,0,74.469
77,30.5598,15,0.2015,0.8,WARMING_UP,WARMING_UP,WARMING_UP,0.0,0,74.469
77,30.5598,3,1.183,0.5789,WARMING_UP,WARMING_UP,WARMING_UP,0.0,0,74.469
78,30.5727,1,1.324,0.8974,WARMING_UP,WARMING_UP,WARMING_UP,0.0,0,74.471
78,30.5727,15,0.2145,0.8125,WARMING_UP,WARMING_UP,WARMING_UP,0.0,0,74.471
78,30.5727,3,1.1959,0.5844,WARMING_UP,WARMING_UP,WARMING_UP,0.0,0,74.471
79,30.5861,1,1.3374,0.8987,WARMING_UP,WARMING_UP,WARMING_UP,0.0,0,75.322
79,30.5861,15,0.2278,0.8235,WARMING_UP,WARMING_UP,WARMING_UP,0.0,0,75.322
80,30.5983,1,1.3496,0.9,WARMING_UP,WARMING_UP,WARMING_UP,0.0,0,75.772
80,30.5983,15,0.24,0.8333,WARMING_UP,WARMING_UP,WARMING_UP,0.0,0,75.772
82,30.6211,1,1.3724,0.8902,WARMING_UP,WARMING_UP,WARMING_UP,0.0,0,77.028
83,30.6351,1,1.3864,0.8916,WARMING_UP,WARMING_UP,WARMING_UP,0.0,0,75.546
83,30.6351,3,1.2583,0.561,WARMING_UP,WARMING_UP,WARMING_UP,0.0,0,75.546
83,30.6351,15,0.2768,0.7619,WARMING_UP,WARMING_UP,WARMING_UP,0.0,0,75.546
84,30.6511,1,1.4024,0.8929,WARMING_UP,WARMING_UP,WARMING_UP,0.0,0,75.788
85,30.6636,1,1.4149,0.8941,WARMING_UP,WARMING_UP,WARMING_UP,0.0,0,76.04
85,30.6636,15,0.3053,0.7391,WARMING_UP,WARMING_UP,WARMING_UP,0.0,0,76.04
86,30.677,1,1.4284,0.8953,WARMING_UP,WARMING_UP,WARMING_UP,0.0,0,76.179
87,30.6894,1,1.4408,0.8966,WARMING_UP,WARMING_UP,WARMING_UP,0.0,0,77.072
88,30.701,1,1.4523,0.8977,WARMING_UP,WARMING_UP,WARMING_UP,0.0,0,76.701
89,30.7151,1,1.4664,0.8989,WARMING_UP,WARMING_UP,WARMING_UP,0.0,0,77.164
90,30.7271,1,1.4784,0.9,WARMING_UP,WARMING_UP,WARMING_UP,0.0,0,77.938
91,30.7387,1,1.49,0.9011,WARMING_UP,WARMING_UP,WARMING_UP,0.0,0,77.593
92,30.7524,1,1.5037,0.9022,WARMING_UP,WARMING_UP,WARMING_UP,0.0,0,74.819
93,30.7724,1,1.5237,0.9032,WARMING_UP,WARMING_UP,WARMING_UP,0.0,0,75.265
94,30.7848,1,1.5361,0.9043,WARMING_UP,WARMING_UP,WARMING_UP,0.0,0,74.252
94,30.7848,15,0.4266,0.5625,WARMING_UP,WARMING_UP,WARMING_UP,0.0,0,74.252
95,30.8009,15,0.4427,0.5758,WARMING_UP,WARMING_UP,WARMING_UP,0.0,0,72.102
96,30.8194,15,0.4611,0.5882,WARMING_UP,WARMING_UP,WARMING_UP,0.0,0,71.544
96,30.8194,1,1.5707,0.8958,WARMING_UP,WARMING_UP,WARMING_UP,0.0,0,71.544
97,30.8349,1,1.5862,0.8969,WARMING_UP,WARMING_UP,WARMING_UP,0.0,0,72.173
98,30.847,1,1.5983,0.898,WARMING_UP,WARMING_UP,WARMING_UP,0.0,0,73.616
99,30.8585,1,1.6098,0.899,WARMING_UP,WARMING_UP,WARMING_UP,0.0,0,73.635
101,30.8829,15,0.5247,0.5385,WARMING_UP,WARMING_UP,WARMING_UP,0.0,0,76.755
102,30.8947,15,0.5365,0.55,WARMING_UP,WARMING_UP,WARMING_UP,0.0,0,73.944
103,30.915,1,1.6663,0.8738,WARMING_UP,WARMING_UP,WARMING_UP,0.0,0,74.711
104,30.9274,1,1.6787,0.875,WARMING_UP,WARMING_UP,WARMING_UP,0.0,0,75.228
105,30.9398,1,1.6911,0.8762,WARMING_UP,WARMING_UP,WARMING_UP,0.0,0,75.63
105,30.9398,15,0.5816,0.5349,WARMING_UP,WARMING_UP,WARMING_UP,0.0,0,75.63
106,30.9527,1,1.704,0.8774,WARMING_UP,WARMING_UP,WARMING_UP,0.0,0,75.555
106,30.9527,15,0.5944,0.5455,WARMING_UP,WARMING_UP,WARMING_UP,0.0,0,75.555
107,30.966,1,1.7174,0.8785,WARMING_UP,WARMING_UP,WARMING_UP,0.0,0,75.763
107,30.966,15,0.6078,0.5556,WARMING_UP,WARMING_UP,WARMING_UP,0.0,0,75.763
108,30.9786,1,1.7299,0.8796,WARMING_UP,WARMING_UP,WARMING_UP,0.0,0,76.768
108,30.9786,15,0.6203,0.5652,WARMING_UP,WARMING_UP,WARMING_UP,0.0,0,76.768
109,30.9904,1,1.7417,0.8807,WARMING_UP,WARMING_UP,WARMING_UP,0.0,0,77.551
109,30.9904,15,0.6321,0.5745,WARMING_UP,WARMING_UP,WARMING_UP,0.0,0,77.551
110,31.0021,1,1.7534,0.8818,WARMING_UP,WARMING_UP,WARMING_UP,0.0,0,77.888
110,31.0021,15,0.6438,0.5833,WARMING_UP,WARMING_UP,WARMING_UP,0.0,0,77.888
111,31.0146,1,1.7659,0.8829,WARMING_UP,WARMING_UP,WARMING_UP,0.0,0,75.362
111,31.0146,15,0.6563,0.5918,WARMING_UP,WARMING_UP,WARMING_UP,0.0,0,75.362
112,31.0339,1,1.7852,0.8839,WARMING_UP,WARMING_UP,WARMING_UP,0.0,0,75.143
112,31.0339,15,0.6756,0.6,WARMING_UP,WARMING_UP,WARMING_UP,0.0,0,75.143
113,31.0474,1,1.7987,0.885,WARMING_UP,WARMING_UP,WARMING_UP,0.0,0,73.786
113,31.0474,15,0.6891,0.6078,WARMING_UP,WARMING_UP,WARMING_UP,0.0,0,73.786
114,31.0633,1,1.8147,0.886,WARMING_UP,WARMING_UP,WARMING_UP,0.0,0,74.415
114,31.0633,15,0.7051,0.6154,WARMING_UP,WARMING_UP,WARMING_UP,0.0,0,74.415
115,31.076,1,1.8273,0.887,WARMING_UP,WARMING_UP,WARMING_UP,0.0,0,74.668
115,31.076,15,0.7177,0.6226,WARMING_UP,WARMING_UP,WARMING_UP,0.0,0,74.668
116,31.0889,1,1.8402,0.8879,WARMING_UP,WARMING_UP,WARMING_UP,0.0,0,75.326
116,31.0889,15,0.7306,0.6296,WARMING_UP,WARMING_UP,WARMING_UP,0.0,0,75.326
117,31.1011,1,1.8524,0.8889,WARMING_UP,WARMING_UP,WARMING_UP,0.0,0,73.711
117,31.1011,15,0.7428,0.6364,WARMING_UP,WARMING_UP,WARMING_UP,0.0,0,73.711
118,31.1182,1,1.8696,0.8898,WARMING_UP,WARMING_UP,WARMING_UP,0.0,0,72.257
118,31.1182,15,0.76,0.6429,WARMING_UP,WARMING_UP,WARMING_UP,0.0,0,72.257
119,31.1352,1,1.8865,0.8908,WARMING_UP,WARMING_UP,WARMING_UP,0.0,0,72.877
119,31.1352,15,0.777,0.6491,WARMING_UP,WARMING_UP,WARMING_UP,0.0,0,72.877
120,31.1477,1,1.8991,0.8917,WARMING_UP,WARMING_UP,WARMING_UP,0.0,0,73.463
120,31.1477,15,0.7895,0.6552,WARMING_UP,WARMING_UP,WARMING_UP,0.0,0,73.463
121,31.1605,1,1.9119,0.8926,WARMING_UP,WARMING_UP,WARMING_UP,0.0,0,73.366
121,31.1605,15,0.8023,0.661,WARMING_UP,WARMING_UP,WARMING_UP,0.0,0,73.366
121,31.1605,20,0.0,1.0,WARMING_UP,WARMING_UP,WARMING_UP,0.0,0,73.366
122,31.1746,1,1.9259,0.8934,WARMING_UP,WARMING_UP,WARMING_UP,0.0,0,74.463
122,31.1746,20,0.014,1.0,WARMING_UP,WARMING_UP,WARMING_UP,0.0,0,74.463
123,31.1861,1,1.9375,0.8943,WARMING_UP,WARMING_UP,WARMING_UP,0.0,0,74.885
123,31.1861,20,0.0256,1.0,WARMING_UP,WARMING_UP,WARMING_UP,0.0,0,74.885
123,31.1861,15,0.8279,0.6557,WARMING_UP,WARMING_UP,WARMING_UP,0.0,0,74.885
124,31.1991,1,1.9505,0.8952,WARMING_UP,WARMING_UP,WARMING_UP,0.0,0,74.371
124,31.1991,20,0.0386,1.0,WARMING_UP,WARMING_UP,WARMING_UP,0.0,0,74.371
125,31.2131,1,1.9644,0.896,WARMING_UP,WARMING_UP,WARMING_UP,0.0,0,74.245
125,31.2131,20,0.0525,1.0,WARMING_UP,WARMING_UP,WARMING_UP,0.0,0,74.245
126,31.2269,1,1.9782,0.8968,WARMING_UP,WARMING_UP,WARMING_UP,0.0,0,71.985
126,31.2269,20,0.0663,1.0,WARMING_UP,WARMING_UP,WARMING_UP,0.0,0,71.985
127,31.2465,1,1.9978,0.8976,WARMING_UP,WARMING_UP,WARMING_UP,0.0,0,72.394
127,31.2465,15,0.8883,0.6308,WARMING_UP,WARMING_UP,WARMING_UP,0.0,0,72.394
128,31.2596,1,2.0109,0.8984,WARMING_UP,WARMING_UP,WARMING_UP,0.0,0,73.126
128,31.2596,20,0.0991,0.875,WARMING_UP,WARMING_UP,WARMING_UP,0.0,0,73.126
129,31.2722,1,2.0235,0.8992,WARMING_UP,WARMING_UP,WARMING_UP,0.0,0,73.531
129,31.2722,20,0.1117,0.8889,WARMING_UP,WARMING_UP,WARMING_UP,0.0,0,73.531
130,31.285,1,2.0363,0.9,WARMING_UP,WARMING_UP,WARMING_UP,0.0,0,72.276
130,31.285,20,0.1244,0.9,WARMING_UP,WARMING_UP,WARMING_UP,0.0,0,72.276
131,31.3014,1,2.0527,0.9008,WARMING_UP,WARMING_UP,WARMING_UP,0.0,0,70.145
131,31.3014,20,0.1408,0.9091,WARMING_UP,WARMING_UP,WARMING_UP,0.0,0,70.145
132,31.3209,1,2.0722,0.9015,WARMING_UP,WARMING_UP,WARMING_UP,0.0,0,71.514
132,31.3209,20,0.1603,0.9167,WARMING_UP,WARMING_UP,WARMING_UP,0.0,0,71.514
133,31.3327,1,2.084,0.9023,WARMING_UP,WARMING_UP,WARMING_UP,0.0,0,71.251
133,31.3327,15,0.9745,0.5915,WARMING_UP,WARMING_UP,WARMING_UP,0.0,0,71.251
134,31.3472,1,2.0986,0.903,WARMING_UP,WARMING_UP,WARMING_UP,0.0,0,72.141
134,31.3472,20,0.1867,0.8571,WARMING_UP,WARMING_UP,WARMING_UP,0.0,0,72.141
135,31.3598,1,2.1111,0.9037,WARMING_UP,WARMING_UP,WARMING_UP,0.0,0,72.741
135,31.3598,20,0.1992,0.8667,WARMING_UP,WARMING_UP,WARMING_UP,0.0,0,72.741
136,31.3727,1,2.124,0.9044,WARMING_UP,WARMING_UP,WARMING_UP,0.0,0,70.549
136,31.3727,20,0.2121,0.875,WARMING_UP,WARMING_UP,WARMING_UP,0.0,0,70.549
137,31.3925,1,2.1439,0.9051,WARMING_UP,WARMING_UP,WARMING_UP,0.0,0,71.527
137,31.3925,20,0.232,0.8824,WARMING_UP,WARMING_UP,WARMING_UP,0.0,0,71.527
137,31.3925,15,1.0343,0.5733,WARMING_UP,WARMING_UP,WARMING_UP,0.0,0,71.527
138,31.4049,1,2.1562,0.9058,WARMING_UP,WARMING_UP,WARMING_UP,0.0,0,69.332
138,31.4049,20,0.2444,0.8889,WARMING_UP,WARMING_UP,WARMING_UP,0.0,0,69.332
138,31.4049,15,1.0467,0.5789,WARMING_UP,WARMING_UP,WARMING_UP,0.0,0,69.332
139,31.4252,1,2.1765,0.9065,WARMING_UP,WARMING_UP,WARMING_UP,0.0,0,69.755
139,31.4252,20,0.2647,0.8947,WARMING_UP,WARMING_UP,WARMING_UP,0.0,0,69.755
139,31.4252,15,1.067,0.5844,WARMING_UP,WARMING_UP,WARMING_UP,0.0,0,69.755
140,31.4385,1,2.1899,0.9071,WARMING_UP,WARMING_UP,WARMING_UP,0.0,0,69.043
140,31.4385,20,0.278,0.9,WARMING_UP,WARMING_UP,WARMING_UP,0.0,0,69.043
140,31.4385,15,1.0803,0.5897,WARMING_UP,WARMING_UP,WARMING_UP,0.0,0,69.043
141,31.4544,1,2.2058,0.9078,WARMING_UP,WARMING_UP,WARMING_UP,0.0,0,68.786
141,31.4544,20,0.2939,0.9048,WARMING_UP,WARMING_UP,WARMING_UP,0.0,0,68.786
141,31.4544,15,1.0962,0.5949,WARMING_UP,WARMING_UP,WARMING_UP,0.0,0,68.786
141,31.4544,26,0.0,1.0,WARMING_UP,WARMING_UP,WARMING_UP,0.0,0,68.786
142,31.4696,1,2.2209,0.9085,WARMING_UP,WARMING_UP,WARMING_UP,0.0,0,69.202
142,31.4696,15,1.1114,0.6,WARMING_UP,WARMING_UP,WARMING_UP,0.0,0,69.202
143,31.4833,1,2.2346,0.9091,WARMING_UP,WARMING_UP,WARMING_UP,0.0,0,67.229
143,31.4833,20,0.3228,0.8696,WARMING_UP,WARMING_UP,WARMING_UP,0.0,0,67.229
144,31.5035,1,2.2548,0.9097,WARMING_UP,WARMING_UP,WARMING_UP,0.0,0,66.891
144,31.5035,20,0.3429,0.875,WARMING_UP,WARMING_UP,WARMING_UP,0.0,0,66.891
145,31.519,1,2.2703,0.9103,WARMING_UP,WARMING_UP,WARMING_UP,0.0,0,67.279
145,31.519,15,1.1607,0.5904,WARMING_UP,WARMING_UP,WARMING_UP,0.0,0,67.279
146,31.5332,1,2.2845,0.911,WARMING_UP,WARMING_UP,WARMING_UP,0.0,0,67.536
146,31.5332,15,1.175,0.5952,WARMING_UP,WARMING_UP,WARMING_UP,0.0,0,67.536
146,31.5332,20,0.3727,0.8462,WARMING_UP,WARMING_UP,WARMING_UP,0.0,0,67.536
147,31.5476,1,2.299,0.9116,WARMING_UP,WARMING_UP,WARMING_UP,0.0,0,69.244
147,31.5476,15,1.1894,0.6,WARMING_UP,WARMING_UP,WARMING_UP,0.0,0,69.244
148,31.5599,1,2.3113,0.9122,WARMING_UP,WARMING_UP,WARMING_UP,0.0,0,69.796
148,31.5599,15,1.2017,0.6047,WARMING_UP,WARMING_UP,WARMING_UP,0.0,0,69.796
148,31.5599,20,0.3994,0.8214,WARMING_UP,WARMING_UP,WARMING_UP,0.0,0,69.796
149,31.573,1,2.3243,0.9128,WARMING_UP,WARMING_UP,WARMING_UP,0.0,0,70.517
149,31.573,20,0.4125,0.8276,WARMING_UP,WARMING_UP,WARMING_UP,0.0,0,70.517
150,31.5858,1,2.3371,0.9133,WARMING_UP,WARMING_UP,WARMING_UP,0.0,0,71.53
150,31.5858,20,0.4253,0.8333,WARMING_UP,WARMING_UP,WARMING_UP,0.0,0,71.53
150,31.5858,15,1.2276,0.6023,WARMING_UP,WARMING_UP,WARMING_UP,0.0,0,71.53
151,31.5982,1,2.3495,0.9139,WARMING_UP,WARMING_UP,WARMING_UP,0.0,0,72.797
151,31.5982,20,0.4377,0.8387,WARMING_UP,WARMING_UP,WARMING_UP,0.0,0,72.797
151,31.5982,15,1.24,0.6067,WARMING_UP,WARMING_UP,WARMING_UP,0.0,0,72.797
152,31.6103,1,2.3616,0.9145,WARMING_UP,WARMING_UP,WARMING_UP,0.0,0,73.696
152,31.6103,15,1.252,0.6111,WARMING_UP,WARMING_UP,WARMING_UP,0.0,0,73.696
152,31.6103,26,0.1558,0.1667,WARMING_UP,WARMING_UP,WARMING_UP,0.0,0,73.696
153,31.6221,1,2.3735,0.915,WARMING_UP,WARMING_UP,WARMING_UP,0.0,0,74.407
153,31.6221,15,1.2639,0.6154,WARMING_UP,WARMING_UP,WARMING_UP,0.0,0,74.407
153,31.6221,20,0.4616,0.8182,WARMING_UP,WARMING_UP,WARMING_UP,0.0,0,74.407
154,31.6346,1,2.386,0.9156,WARMING_UP,WARMING_UP,WARMING_UP,0.0,0,74.976
154,31.6346,15,1.2764,0.6196,WARMING_UP,WARMING_UP,WARMING_UP,0.0,0,74.976
154,31.6346,20,0.4741,0.8235,WARMING_UP,WARMING_UP,WARMING_UP,0.0,0,74.976
155,31.6472,1,2.3985,0.9161,WARMING_UP,WARMING_UP,WARMING_UP,0.0,0,76.107
155,31.6472,20,0.4866,0.8286,WARMING_UP,WARMING_UP,WARMING_UP,0.0,0,76.107
156,31.6585,1,2.4098,0.9167,WARMING_UP,WARMING_UP,WARMING_UP,0.0,0,76.594
156,31.6585,15,1.3002,0.617,WARMING_UP,WARMING_UP,WARMING_UP,0.0,0,76.594
157,31.6709,1,2.4223,0.9172,WARMING_UP,WARMING_UP,WARMING_UP,0.0,0,75.066
157,31.6709,20,0.5104,0.8108,WARMING_UP,WARMING_UP,WARMING_UP,0.0,0,75.066
158,31.6875,1,2.4388,0.9177,WARMING_UP,WARMING_UP,WARMING_UP,0.0,0,74.066
158,31.6875,20,0.527,0.8158,WARMING_UP,WARMING_UP,WARMING_UP,0.0,0,74.066
159,31.7027,1,2.4541,0.9182,WARMING_UP,WARMING_UP,WARMING_UP,0.0,0,75.116
159,31.7027,20,0.5422,0.8205,WARMING_UP,WARMING_UP,WARMING_UP,0.0,0,75.116
159,31.7027,26,0.2483,0.1579,WARMING_UP,WARMING_UP,WARMING_UP,0.0,0,75.116
160,31.7146,1,2.4659,0.9187,WARMING_UP,WARMING_UP,WARMING_UP,0.0,0,73.526
160,31.7146,15,1.3564,0.602,WARMING_UP,WARMING_UP,WARMING_UP,0.0,0,73.526
161,31.7315,1,2.4829,0.9193,WARMING_UP,WARMING_UP,WARMING_UP,0.0,0,74.293
161,31.7315,20,0.571,0.8049,WARMING_UP,WARMING_UP,WARMING_UP,0.0,0,74.293
161,31.7315,26,0.2771,0.1905,WARMING_UP,WARMING_UP,WARMING_UP,0.0,0,74.293
162,31.7437,1,2.495,0.9198,WARMING_UP,WARMING_UP,WARMING_UP,0.0,0,74.843
162,31.7437,20,0.5832,0.8095,WARMING_UP,WARMING_UP,WARMING_UP,0.0,0,74.843
163,31.7562,1,2.5075,0.9202,WARMING_UP,WARMING_UP,WARMING_UP,0.0,0,74.951
163,31.7562,15,1.3979,0.5941,WARMING_UP,WARMING_UP,WARMING_UP,0.0,0,74.951
164,31.7694,1,2.5207,0.9207,WARMING_UP,WARMING_UP,WARMING_UP,0.0,0,73.791
164,31.7694,15,1.4112,0.598,WARMING_UP,WARMING_UP,WARMING_UP,0.0,0,73.791
165,31.7853,1,2.5366,0.9212,WARMING_UP,WARMING_UP,WARMING_UP,0.0,0,74.067
165,31.7853,15,1.4271,0.6019,WARMING_UP,WARMING_UP,WARMING_UP,0.0,0,74.067
166,31.7982,1,2.5495,0.9217,WARMING_UP,WARMING_UP,WARMING_UP,0.0,0,74.888
166,31.7982,15,1.44,0.6058,WARMING_UP,WARMING_UP,WARMING_UP,0.0,0,74.888
167,31.8103,1,2.5616,0.9222,WARMING_UP,WARMING_UP,WARMING_UP,0.0,0,74.791
167,31.8103,15,1.452,0.6095,WARMING_UP,WARMING_UP,WARMING_UP,0.0,0,74.791
167,31.8103,26,0.3558,0.1852,WARMING_UP,WARMING_UP,WARMING_UP,0.0,0,74.791
168,31.8242,1,2.5755,0.9226,WARMING_UP,WARMING_UP,WARMING_UP,0.0,0,72.569
168,31.8242,15,1.466,0.6132,WARMING_UP,WARMING_UP,WARMING_UP,0.0,0,72.569
169,31.8433,1,2.5946,0.9231,WARMING_UP,WARMING_UP,WARMING_UP,0.0,0,73.229
169,31.8433,15,1.485,0.6168,WARMING_UP,WARMING_UP,WARMING_UP,0.0,0,73.229
170,31.8555,1,2.6068,0.9235,WARMING_UP,WARMING_UP,WARMING_UP,0.0,0,71.621
171,31.8733,1,2.6246,0.924,WARMING_UP,WARMING_UP,WARMING_UP,0.0,0,69.466
171,31.8733,26,0.4188,0.1935,WARMING_UP,WARMING_UP,WARMING_UP,0.0,0,69.466
172,31.8932,1,2.6445,0.9244,WARMING_UP,WARMING_UP,WARMING_UP,0.0,0,69.836
172,31.8932,26,0.4388,0.2188,WARMING_UP,WARMING_UP,WARMING_UP,0.0,0,69.836
173,31.9069,1,2.6582,0.9249,WARMING_UP,WARMING_UP,WARMING_UP,0.0,0,69.934
173,31.9069,26,0.4525,0.2424,WARMING_UP,WARMING_UP,WARMING_UP,0.0,0,69.934
174,31.9211,1,2.6724,0.9253,WARMING_UP,WARMING_UP,WARMING_UP,0.0,0,69.031
174,31.9211,26,0.4666,0.2647,WARMING_UP,WARMING_UP,WARMING_UP,0.0,0,69.031
174,31.9211,15,1.5628,0.5982,WARMING_UP,WARMING_UP,WARMING_UP,0.0,0,69.031
175,31.9376,1,2.6889,0.9257,WARMING_UP,WARMING_UP,WARMING_UP,0.0,0,66.346
175,31.9376,15,1.5794,0.6018,WARMING_UP,WARMING_UP,WARMING_UP,0.0,0,66.346
176,31.9616,1,2.7129,0.9261,WARMING_UP,WARMING_UP,WARMING_UP,0.0,0,65.744
176,31.9616,15,1.6033,0.6053,WARMING_UP,WARMING_UP,WARMING_UP,0.0,0,65.744
177,31.978,1,2.7293,0.9266,WARMING_UP,WARMING_UP,WARMING_UP,0.0,0,63.242
177,31.978,26,0.5236,0.2703,WARMING_UP,WARMING_UP,WARMING_UP,0.0,0,63.242
178,32.0026,1,2.754,0.927,WARMING_UP,WARMING_UP,WARMING_UP,0.0,0,63.954
178,32.0026,15,1.6444,0.6034,WARMING_UP,WARMING_UP,WARMING_UP,0.0,0,63.954
179,32.0167,1,2.768,0.9274,WARMING_UP,WARMING_UP,WARMING_UP,0.0,0,61.684
179,32.0167,15,1.6585,0.6068,WARMING_UP,WARMING_UP,WARMING_UP,0.0,0,61.684
180,32.0412,1,2.7925,0.9278,WARMING_UP,WARMING_UP,WARMING_UP,0.0,0,61.918
180,32.0412,20,0.8806,0.5833,WARMING_UP,WARMING_UP,WARMING_UP,0.0,0,61.918
181,32.0567,1,2.808,0.9282,WARMING_UP,WARMING_UP,WARMING_UP,0.0,0,62.087
181,32.0567,20,0.8962,0.5902,WARMING_UP,WARMING_UP,WARMING_UP,0.0,0,62.087
181,32.0567,15,1.6985,0.605,WARMING_UP,WARMING_UP,WARMING_UP,0.0,0,62.087
182,32.0722,1,2.8235,0.9286,WARMING_UP,WARMING_UP,WARMING_UP,0.0,0,62.008
182,32.0722,20,0.9117,0.5968,WARMING_UP,WARMING_UP,WARMING_UP,0.0,0,62.008
182,32.0722,15,1.714,0.6083,WARMING_UP,WARMING_UP,WARMING_UP,0.0,0,62.008
183,32.0885,15,1.7302,0.6116,WARMING_UP,WARMING_UP,WARMING_UP,0.0,0,62.087
184,32.1045,15,1.7463,0.6148,WARMING_UP,WARMING_UP,WARMING_UP,0.0,0,63.909
185,32.1164,15,1.7582,0.6179,WARMING_UP,WARMING_UP,WARMING_UP,0.0,0,65.906
186,32.1286,15,1.7703,0.621,WARMING_UP,WARMING_UP,WARMING_UP,0.0,0,66.843
187,32.1416,15,1.7834,0.624,WARMING_UP,WARMING_UP,WARMING_UP,0.0,0,68.362
188,32.154,15,1.7957,0.627,WARMING_UP,WARMING_UP,WARMING_UP,0.0,0,69.968
189,32.1656,15,1.8073,0.6299,WARMING_UP,WARMING_UP,WARMING_UP,0.0,0,71.288
190,32.1776,15,1.8193,0.6328,WARMING_UP,WARMING_UP,WARMING_UP,0.0,0,69.908
191,32.1952,15,1.8369,0.6357,WARMING_UP,WARMING_UP,WARMING_UP,0.0,0,70.899
192,32.2076,15,1.8493,0.6385,WARMING_UP,WARMING_UP,WARMING_UP,0.0,0,72.056
193,32.2201,15,1.8619,0.6412,WARMING_UP,WARMING_UP,WARMING_UP,0.0,0,73.112
194,32.2317,15,1.8735,0.6439,WARMING_UP,WARMING_UP,WARMING_UP,0.0,0,72.962
195,32.2461,15,1.8879,0.6466,WARMING_UP,WARMING_UP,WARMING_UP,0.0,0,70.77
196,32.2658,15,1.9075,0.6493,WARMING_UP,WARMING_UP,WARMING_UP,0.0,0,71.758
197,32.2779,15,1.9197,0.6519,WARMING_UP,WARMING_UP,WARMING_UP,0.0,0,72.338
198,32.2908,15,1.9326,0.6544,WARMING_UP,WARMING_UP,WARMING_UP,0.0,0,72.57
199,32.3041,15,1.9459,0.6569,WARMING_UP,WARMING_UP,WARMING_UP,0.0,0,70.713
200,32.3227,15,1.9644,0.6594,WARMING_UP,WARMING_UP,WARMING_UP,0.0,0,70.863
201,32.3366,15,1.9783,0.6619,WARMING_UP,WARMING_UP,WARMING_UP,0.0,0,70.067
202,32.3526,15,1.9943,0.6643,WARMING_UP,WARMING_UP,WARMING_UP,0.0,0,71.139
203,32.3648,15,2.0065,0.6667,WARMING_UP,WARMING_UP,WARMING_UP,0.0,0,72.311
204,32.3767,15,2.0184,0.669,WARMING_UP,WARMING_UP,WARMING_UP,0.0,0,70.925
205,32.3939,15,2.0357,0.6713,WARMING_UP,WARMING_UP,WARMING_UP,0.0,0,72.054
206,32.406,15,2.0478,0.6736,WARMING_UP,WARMING_UP,WARMING_UP,0.0,0,72.498
207,32.4193,15,2.0611,0.6759,WARMING_UP,WARMING_UP,WARMING_UP,0.0,0,73.327
208,32.4314,15,2.0732,0.6781,WARMING_UP,WARMING_UP,WARMING_UP,0.0,0,74.233
209,32.4435,15,2.0853,0.6803,WARMING_UP,WARMING_UP,WARMING_UP,0.0,0,75.265
210,32.4554,15,2.0972,0.6824,WARMING_UP,WARMING_UP,WARMING_UP,0.0,0,74.44
211,32.4706,15,2.1124,0.6846,WARMING_UP,WARMING_UP,WARMING_UP,0.0,0,74.502
212,32.4837,15,2.1255,0.6867,WARMING_UP,WARMING_UP,WARMING_UP,0.0,0,75.954
213,32.4952,15,2.1369,0.6887,WARMING_UP,WARMING_UP,WARMING_UP,0.0,0,76.424
214,32.5076,15,2.1494,0.6908,WARMING_UP,WARMING_UP,WARMING_UP,0.0,0,77.283
215,32.5196,15,2.1613,0.6928,WARMING_UP,WARMING_UP,WARMING_UP,0.0,0,76.869
216,32.5331,15,2.1748,0.6948,WARMING_UP,WARMING_UP,WARMING_UP,0.0,0,77.249
217,32.5453,15,2.1871,0.6968,WARMING_UP,WARMING_UP,WARMING_UP,0.0,0,76.515
218,32.5596,15,2.2014,0.6987,WARMING_UP,WARMING_UP,WARMING_UP,0.0,0,76.083
219,32.5735,15,2.2152,0.7006,WARMING_UP,WARMING_UP,WARMING_UP,0.0,0,76.756
220,32.5857,15,2.2275,0.7025,WARMING_UP,WARMING_UP,WARMING_UP,0.0,0,74.779
221,32.6038,15,2.2455,0.7044,WARMING_UP,WARMING_UP,WARMING_UP,0.0,0,74.605
222,32.6171,15,2.2588,0.7063,WARMING_UP,WARMING_UP,WARMING_UP,0.0,0,72.412
223,32.6362,15,2.278,0.7081,WARMING_UP,WARMING_UP,WARMING_UP,0.0,0,71.36
224,32.652,15,2.2938,0.7099,WARMING_UP,WARMING_UP,WARMING_UP,0.0,0,72.262
225,32.6644,15,2.3061,0.7117,WARMING_UP,WARMING_UP,WARMING_UP,0.0,0,73.299
226,32.6765,15,2.3183,0.7134,WARMING_UP,WARMING_UP,WARMING_UP,0.0,0,71.889
227,32.6935,15,2.3353,0.7152,WARMING_UP,WARMING_UP,WARMING_UP,0.0,0,69.659
228,32.7135,15,2.3552,0.7169,WARMING_UP,WARMING_UP,WARMING_UP,0.0,0,68.289
229,32.7316,15,2.3733,0.7186,WARMING_UP,WARMING_UP,WARMING_UP,0.0,0,69.821
230,32.7433,15,2.3851,0.7202,WARMING_UP,WARMING_UP,WARMING_UP,0.0,0,71.047
231,32.7554,15,2.3971,0.7219,WARMING_UP,WARMING_UP,WARMING_UP,0.0,0,71.961
232,32.7681,15,2.4099,0.7235,WARMING_UP,WARMING_UP,WARMING_UP,0.0,0,71.11
233,32.7841,15,2.4258,0.7251,WARMING_UP,WARMING_UP,WARMING_UP,0.0,0,71.701
234,32.7968,15,2.4386,0.7267,WARMING_UP,WARMING_UP,WARMING_UP,0.0,0,71.092
235,32.8119,15,2.4536,0.7283,WARMING_UP,WARMING_UP,WARMING_UP,0.0,0,70.149
236,32.8283,15,2.4701,0.7299,WARMING_UP,WARMING_UP,WARMING_UP,0.0,0,68.563
237,32.8466,15,2.4884,0.7314,WARMING_UP,WARMING_UP,WARMING_UP,0.0,0,69.116
238,32.8602,15,2.5019,0.733,WARMING_UP,WARMING_UP,WARMING_UP,0.0,0,67.178
239,32.8803,15,2.522,0.7345,WARMING_UP,WARMING_UP,WARMING_UP,0.0,0,68.515
240,32.8927,15,2.5344,0.736,WARMING_UP,WARMING_UP,WARMING_UP,0.0,0,67.501
241,32.9096,15,2.5514,0.7374,WARMING_UP,WARMING_UP,WARMING_UP,0.0,0,68.955
242,32.9221,15,2.5638,0.7389,WARMING_UP,WARMING_UP,WARMING_UP,0.0,0,70.54
243,32.9337,15,2.5754,0.7403,WARMING_UP,WARMING_UP,WARMING_UP,0.0,0,71.639
244,32.9458,15,2.5876,0.7418,WARMING_UP,WARMING_UP,WARMING_UP,0.0,0,69.573
244,32.9458,29,0.0,1.0,WARMING_UP,WARMING_UP,WARMING_UP,0.0,0,69.573
245,32.966,15,2.6078,0.7432,WARMING_UP,WARMING_UP,WARMING_UP,0.0,0,68.783
246,32.982,15,2.6237,0.7446,WARMING_UP,WARMING_UP,WARMING_UP,0.0,0,69.775
247,32.9945,15,2.6363,0.7459,WARMING_UP,WARMING_UP,WARMING_UP,0.0,0,70.857
271,33.3532,34,0.0,1.0,WARMING_UP,WARMING_UP,WARMING_UP,0.0,0,66.915
272,33.3736,34,0.0204,1.0,WARMING_UP,WARMING_UP,WARMING_UP,0.0,0,68.034
273,33.3862,34,0.033,1.0,WARMING_UP,WARMING_UP,WARMING_UP,0.0,0,66.374
274,33.406,34,0.0528,1.0,WARMING_UP,WARMING_UP,WARMING_UP,0.0,0,64.647
275,33.4262,34,0.073,1.0,WARMING_UP,WARMING_UP,WARMING_UP,0.0,0,65.023
276,33.4406,34,0.0874,1.0,WARMING_UP,WARMING_UP,WARMING_UP,0.0,0,64.228
278,33.4727,34,0.1195,0.875,WARMING_UP,WARMING_UP,WARMING_UP,0.0,0,63.019
279,33.4933,34,0.1402,0.8889,WARMING_UP,WARMING_UP,WARMING_UP,0.0,0,63.185
280,33.5086,34,0.1554,0.9,WARMING_UP,WARMING_UP,WARMING_UP,0.0,0,64.626
281,33.5215,34,0.1683,0.9091,WARMING_UP,WARMING_UP,WARMING_UP,0.0,0,62.764
282,33.5435,34,0.1903,0.9167,WARMING_UP,WARMING_UP,WARMING_UP,0.0,0,64.082
286,33.6046,34,0.2515,0.75,WARMING_UP,WARMING_UP,WARMING_UP,0.0,0,65.26
287,33.6176,34,0.2644,0.7647,WARMING_UP,WARMING_UP,WARMING_UP,0.0,0,65.834
288,33.6319,34,0.2788,0.7778,WARMING_UP,WARMING_UP,WARMING_UP,0.0,0,67.516
316,34.07,40,0.0,1.0,WARMING_UP,WARMING_UP,WARMING_UP,0.0,0,62.544
317,34.0889,40,0.0189,1.0,WARMING_UP,WARMING_UP,WARMING_UP,0.0,0,61.201
320,34.137,40,0.067,0.6,WARMING_UP,WARMING_UP,WARMING_UP,0.0,0,62.826
322,34.1745,40,0.1045,0.5714,WARMING_UP,WARMING_UP,WARMING_UP,0.0,0,63.621
323,34.1881,40,0.1181,0.625,WARMING_UP,WARMING_UP,WARMING_UP,0.0,0,62.197
331,34.3258,42,0.0,1.0,WARMING_UP,WARMING_UP,WARMING_UP,0.0,0,60.991
332,34.3468,42,0.021,1.0,WARMING_UP,WARMING_UP,WARMING_UP,0.0,0,62.718
333,34.359,42,0.0333,1.0,WARMING_UP,WARMING_UP,WARMING_UP,0.0,0,62.366
334,34.3758,42,0.05,1.0,WARMING_UP,WARMING_UP,WARMING_UP,0.0,0,64.065
335,34.3886,42,0.0628,1.0,WARMING_UP,WARMING_UP,WARMING_UP,0.0,0,63.721
336,34.4051,42,0.0793,1.0,WARMING_UP,WARMING_UP,WARMING_UP,0.0,0,61.753
337,34.4282,42,0.1024,1.0,WARMING_UP,WARMING_UP,WARMING_UP,0.0,0,62.392
338,34.4424,42,0.1167,1.0,WARMING_UP,WARMING_UP,WARMING_UP,0.0,0,63.053
341,34.4907,40,0.4207,0.2308,WARMING_UP,WARMING_UP,WARMING_UP,0.0,0,63.335
347,34.5862,40,0.5162,0.2188,WARMING_UP,WARMING_UP,WARMING_UP,0.0,0,64.289
350,34.6308,43,0.0,1.0,WARMING_UP,WARMING_UP,WARMING_UP,0.0,0,66.073
351,34.6432,43,0.0124,1.0,WARMING_UP,WARMING_UP,WARMING_UP,0.0,0,64.363
352,34.6638,43,0.033,1.0,WARMING_UP,WARMING_UP,WARMING_UP,0.0,0,65.592
357,34.745,49,0.0,1.0,WARMING_UP,WARMING_UP,WARMING_UP,0.0,0,64.978
358,34.7595,49,0.0144,1.0,WARMING_UP,WARMING_UP,WARMING_UP,0.0,0,63.464
362,34.8305,49,0.0854,0.5,WARMING_UP,WARMING_UP,WARMING_UP,0.0,0,61.05
363,34.8508,49,0.1058,0.5714,WARMING_UP,WARMING_UP,WARMING_UP,0.0,0,59.9
364,34.8706,49,0.1256,0.625,WARMING_UP,WARMING_UP,WARMING_UP,0.0,0,58.667
365,34.8953,49,0.1503,0.6667,WARMING_UP,WARMING_UP,WARMING_UP,0.0,0,56.917
366,34.9164,49,0.1714,0.7,WARMING_UP,WARMING_UP,WARMING_UP,0.0,0,56.024
367,34.937,49,0.192,0.7273,WARMING_UP,WARMING_UP,WARMING_UP,0.0,0,57.534
368,34.9509,49,0.2059,0.75,WARMING_UP,WARMING_UP,WARMING_UP,0.0,0,57.889
369,34.9675,49,0.2225,0.7692,WARMING_UP,WARMING_UP,WARMING_UP,0.0,0,56.552
370,34.9898,49,0.2448,0.7857,WARMING_UP,WARMING_UP,WARMING_UP,0.0,0,59.178
371,35.0017,49,0.2566,0.8,WARMING_UP,WARMING_UP,WARMING_UP,0.0,0,60.84
372,35.015,49,0.27,0.8125,WARMING_UP,WARMING_UP,WARMING_UP,0.0,0,61.536
373,35.0296,49,0.2846,0.8235,WARMING_UP,WARMING_UP,WARMING_UP,0.0,0,61.68
374,35.0459,49,0.3008,0.8333,WARMING_UP,WARMING_UP,WARMING_UP,0.0,0,60.43
375,35.0665,49,0.3215,0.8421,WARMING_UP,WARMING_UP,WARMING_UP,0.0,0,60.66
376,35.0822,49,0.3372,0.85,WARMING_UP,WARMING_UP,WARMING_UP,0.0,0,59.453
377,35.1029,49,0.3579,0.8571,WARMING_UP,WARMING_UP,WARMING_UP,0.0,0,58.218
378,35.1239,49,0.3789,0.8636,WARMING_UP,WARMING_UP,WARMING_UP,0.0,0,57.834
379,35.1422,49,0.3971,0.8696,WARMING_UP,WARMING_UP,WARMING_UP,0.0,0,56.939
380,35.1627,49,0.4177,0.875,WARMING_UP,WARMING_UP,WARMING_UP,0.0,0,56.137
381,35.1833,49,0.4382,0.88,WARMING_UP,WARMING_UP,WARMING_UP,0.0,0,55.43
382,35.2038,49,0.4587,0.8846,WARMING_UP,WARMING_UP,WARMING_UP,0.0,0,57.538
383,35.2165,49,0.4715,0.8889,WARMING_UP,WARMING_UP,WARMING_UP,0.0,0,56.742
384,35.237,49,0.492,0.8929,WARMING_UP,WARMING_UP,WARMING_UP,0.0,0,58.791
385,35.2496,49,0.5046,0.8966,WARMING_UP,WARMING_UP,WARMING_UP,0.0,0,59.264
386,35.2655,49,0.5205,0.9,WARMING_UP,WARMING_UP,WARMING_UP,0.0,0,58.062
387,35.2869,49,0.5419,0.9032,WARMING_UP,WARMING_UP,WARMING_UP,0.0,0,60.038
388,35.2991,49,0.5541,0.9062,WARMING_UP,WARMING_UP,WARMING_UP,0.0,0,62.206
389,35.3115,49,0.5664,0.9091,WARMING_UP,WARMING_UP,WARMING_UP,0.0,0,62.29
390,35.3275,49,0.5825,0.9118,WARMING_UP,WARMING_UP,WARMING_UP,0.0,0,60.928
391,35.3482,49,0.6032,0.9143,WARMING_UP,WARMING_UP,WARMING_UP,0.0,0,59.693
392,35.3689,49,0.6239,0.9167,WARMING_UP,WARMING_UP,WARMING_UP,0.0,0,60.082
393,35.3844,49,0.6393,0.9189,WARMING_UP,WARMING_UP,WARMING_UP,0.0,0,60.233
394,35.4005,49,0.6555,0.9211,WARMING_UP,WARMING_UP,WARMING_UP,0.0,0,62.092
395,35.413,49,0.6679,0.9231,WARMING_UP,WARMING_UP,WARMING_UP,0.0,0,61.687
396,35.4306,49,0.6856,0.925,WARMING_UP,WARMING_UP,WARMING_UP,0.0,0,62.056
397,35.4458,49,0.7008,0.9268,WARMING_UP,WARMING_UP,WARMING_UP,0.0,0,62.304
398,35.461,49,0.716,0.9286,WARMING_UP,WARMING_UP,WARMING_UP,0.0,0,61.006
399,35.4817,49,0.7367,0.9302,WARMING_UP,WARMING_UP,WARMING_UP,0.0,0,62.593
400,35.4944,49,0.7494,0.9318,WARMING_UP,WARMING_UP,WARMING_UP,0.0,0,61.688
401,35.513,49,0.768,0.9333,WARMING_UP,WARMING_UP,WARMING_UP,0.0,0,61.245
402,35.5308,49,0.7858,0.9348,WARMING_UP,WARMING_UP,WARMING_UP,0.0,0,59.7
403,35.5524,49,0.8074,0.9362,WARMING_UP,WARMING_UP,WARMING_UP,0.0,0,58.14
404,35.575,49,0.83,0.9375,WARMING_UP,WARMING_UP,WARMING_UP,0.0,0,57.554
405,35.5945,49,0.8495,0.9388,WARMING_UP,WARMING_UP,WARMING_UP,0.0,0,59.081
406,35.608,49,0.863,0.94,WARMING_UP,WARMING_UP,WARMING_UP,0.0,0,58.161
407,35.6284,49,0.8834,0.9412,WARMING_UP,WARMING_UP,WARMING_UP,0.0,0,59.391
408,35.6423,49,0.8973,0.9423,WARMING_UP,WARMING_UP,WARMING_UP,0.0,0,61.068
409,35.6553,49,0.9102,0.9434,WARMING_UP,WARMING_UP,WARMING_UP,0.0,0,60.636
410,35.6736,49,0.9286,0.9444,WARMING_UP,WARMING_UP,WARMING_UP,0.0,0,59.248
411,35.6947,49,0.9497,0.9455,WARMING_UP,WARMING_UP,WARMING_UP,0.0,0,58.552
412,35.7138,49,0.9688,0.9464,WARMING_UP,WARMING_UP,WARMING_UP,0.0,0,58.376
413,35.7312,49,0.9862,0.9474,WARMING_UP,WARMING_UP,WARMING_UP,0.0,0,56.947
414,35.7541,49,1.009,0.9483,WARMING_UP,WARMING_UP,WARMING_UP,0.0,0,58.572
415,35.7675,49,1.0225,0.9492,WARMING_UP,WARMING_UP,WARMING_UP,0.0,0,60.588
416,35.7802,49,1.0351,0.95,WARMING_UP,WARMING_UP,WARMING_UP,0.0,0,59.695
417,35.7997,49,1.0547,0.9508,WARMING_UP,WARMING_UP,WARMING_UP,0.0,0,59.731
418,35.8163,49,1.0713,0.9516,WARMING_UP,WARMING_UP,WARMING_UP,0.0,0,59.905
419,35.8325,49,1.0875,0.9524,WARMING_UP,WARMING_UP,WARMING_UP,0.0,0,59.257
420,35.8514,49,1.1064,0.9531,WARMING_UP,WARMING_UP,WARMING_UP,0.0,0,57.837
421,35.8737,49,1.1286,0.9538,WARMING_UP,WARMING_UP,WARMING_UP,0.0,0,56.762
422,35.895,49,1.1499,0.9545,WARMING_UP,WARMING_UP,WARMING_UP,0.0,0,57.885
423,35.9092,49,1.1642,0.9552,WARMING_UP,WARMING_UP,WARMING_UP,0.0,0,57.767
424,35.9269,49,1.1818,0.9559,WARMING_UP,WARMING_UP,WARMING_UP,0.0,0,57.854
425,35.944,49,1.1989,0.9565,WARMING_UP,WARMING_UP,WARMING_UP,0.0,0,58.452
426,35.96,49,1.215,0.9571,WARMING_UP,WARMING_UP,WARMING_UP,0.0,0,59.519
427,35.9742,49,1.2292,0.9577,WARMING_UP,WARMING_UP,WARMING_UP,0.0,0,59.502
428,35.9909,49,1.2459,0.9583,WARMING_UP,WARMING_UP,WARMING_UP,0.0,0,58.885
429,36.0098,49,1.2648,0.9589,WARMING_UP,WARMING_UP,WARMING_UP,0.0,0,57.91
430,36.0302,49,1.2852,0.9595,WARMING_UP,WARMING_UP,WARMING_UP,0.0,0,58.152
431,36.0467,49,1.3017,0.96,WARMING_UP,WARMING_UP,WARMING_UP,0.0,0,58.435
432,36.0629,49,1.3179,0.9605,WARMING_UP,WARMING_UP,WARMING_UP,0.0,0,57.492
433,36.0835,49,1.3385,0.961,WARMING_UP,WARMING_UP,WARMING_UP,0.0,0,56.659
434,36.1038,49,1.3587,0.9615,WARMING_UP,WARMING_UP,WARMING_UP,0.0,0,55.772
435,36.1247,49,1.3797,0.962,WARMING_UP,WARMING_UP,WARMING_UP,0.0,0,56.497
436,36.1408,49,1.3958,0.9625,WARMING_UP,WARMING_UP,WARMING_UP,0.0,0,55.614
437,36.1615,49,1.4165,0.963,WARMING_UP,WARMING_UP,WARMING_UP,0.0,0,55.041
438,36.1818,49,1.4368,0.9634,WARMING_UP,WARMING_UP,WARMING_UP,0.0,0,56.649
439,36.196,49,1.451,0.9639,WARMING_UP,WARMING_UP,WARMING_UP,0.0,0,55.692
440,36.2172,49,1.4721,0.9643,WARMING_UP,WARMING_UP,WARMING_UP,0.0,0,57.046
441,36.2314,49,1.4864,0.9647,WARMING_UP,WARMING_UP,WARMING_UP,0.0,0,59.459
442,36.2437,49,1.4987,0.9651,WARMING_UP,WARMING_UP,WARMING_UP,0.0,0,58.525
443,36.2636,49,1.5186,0.9655,WARMING_UP,WARMING_UP,WARMING_UP,0.0,0,57.679
444,36.2838,49,1.5387,0.9659,WARMING_UP,WARMING_UP,WARMING_UP,0.0,0,56.839
445,36.3041,49,1.5591,0.9663,WARMING_UP,WARMING_UP,WARMING_UP,0.0,0,59.283
446,36.3161,49,1.571,0.9667,WARMING_UP,WARMING_UP,WARMING_UP,0.0,0,60.278
447,36.3306,49,1.5856,0.967,WARMING_UP,WARMING_UP,WARMING_UP,0.0,0,59.189
448,36.351,49,1.606,0.9674,WARMING_UP,WARMING_UP,WARMING_UP,0.0,0,58.194
449,36.3714,49,1.6264,0.9677,WARMING_UP,WARMING_UP,WARMING_UP,0.0,0,56.386
450,36.3964,49,1.6514,0.9681,WARMING_UP,WARMING_UP,WARMING_UP,0.0,0,56.178
451,36.415,49,1.67,0.9684,WARMING_UP,WARMING_UP,WARMING_UP,0.0,0,57.175
452,36.4298,49,1.6848,0.9688,WARMING_UP,WARMING_UP,WARMING_UP,0.0,0,59.112
453,36.4429,49,1.6979,0.9691,WARMING_UP,WARMING_UP,WARMING_UP,0.0,0,61.136
454,36.4555,49,1.7105,0.9694,WARMING_UP,WARMING_UP,WARMING_UP,0.0,0,62.305
455,36.4691,49,1.7241,0.9697,WARMING_UP,WARMING_UP,WARMING_UP,0.0,0,63.343
456,36.4829,49,1.7379,0.97,WARMING_UP,WARMING_UP,WARMING_UP,0.0,0,63.643
457,36.4977,49,1.7527,0.9703,WARMING_UP,WARMING_UP,WARMING_UP,0.0,0,64.562
458,36.5117,49,1.7667,0.9706,WARMING_UP,WARMING_UP,WARMING_UP,0.0,0,62.388
459,36.535,49,1.79,0.9709,WARMING_UP,WARMING_UP,WARMING_UP,0.0,0,60.859
460,36.5566,49,1.8116,0.9712,WARMING_UP,WARMING_UP,WARMING_UP,0.0,0,61.451
461,36.571,49,1.826,0.9714,WARMING_UP,WARMING_UP,WARMING_UP,0.0,0,62.688
462,36.5845,49,1.8395,0.9717,WARMING_UP,WARMING_UP,WARMING_UP,0.0,0,64.042
463,36.5978,49,1.8528,0.972,WARMING_UP,WARMING_UP,WARMING_UP,0.0,0,62.768
464,36.6173,49,1.8723,0.9722,WARMING_UP,WARMING_UP,WARMING_UP,0.0,0,61.476
465,36.6373,49,1.8923,0.9725,WARMING_UP,WARMING_UP,WARMING_UP,0.0,0,60.286
466,36.658,49,1.9129,0.9727,WARMING_UP,WARMING_UP,WARMING_UP,0.0,0,61.441
467,36.6717,49,1.9267,0.973,WARMING_UP,WARMING_UP,WARMING_UP,0.0,0,60.074
468,36.6928,49,1.9478,0.9732,WARMING_UP,WARMING_UP,WARMING_UP,0.0,0,61.381
469,36.7062,49,1.9612,0.9735,WARMING_UP,WARMING_UP,WARMING_UP,0.0,0,62.544
470,36.7198,49,1.9747,0.9737,WARMING_UP,WARMING_UP,WARMING_UP,0.0,0,63.792
471,36.7333,49,1.9883,0.9739,WARMING_UP,WARMING_UP,WARMING_UP,0.0,0,63.613
472,36.7494,49,2.0044,0.9741,WARMING_UP,WARMING_UP,WARMING_UP,0.0,0,62.542
473,36.7683,49,2.0233,0.9744,WARMING_UP,WARMING_UP,WARMING_UP,0.0,0,63.752
474,36.7817,49,2.0367,0.9746,WARMING_UP,WARMING_UP,WARMING_UP,0.0,0,64.617
475,36.7955,49,2.0505,0.9748,WARMING_UP,WARMING_UP,WARMING_UP,0.0,0,65.89
476,36.8085,49,2.0634,0.975,WARMING_UP,WARMING_UP,WARMING_UP,0.0,0,66.698
477,36.8219,49,2.0769,0.9752,WARMING_UP,WARMING_UP,WARMING_UP,0.0,0,66.494
478,36.8379,49,2.0928,0.9754,WARMING_UP,WARMING_UP,WARMING_UP,0.0,0,64.585
479,36.859,49,2.114,0.9756,WARMING_UP,WARMING_UP,WARMING_UP,0.0,0,65.501
480,36.8723,49,2.1272,0.9758,WARMING_UP,WARMING_UP,WARMING_UP,0.0,0,63.792
481,36.8929,49,2.1479,0.976,WARMING_UP,WARMING_UP,WARMING_UP,0.0,0,64.578
482,36.9069,49,2.1618,0.9762,WARMING_UP,WARMING_UP,WARMING_UP,0.0,0,65.113
482,36.9069,52,0.0,1.0,WARMING_UP,WARMING_UP,WARMING_UP,0.0,0,65.113
483,36.9212,49,2.1761,0.9764,WARMING_UP,WARMING_UP,WARMING_UP,0.0,0,64.528
483,36.9212,52,0.0143,1.0,WARMING_UP,WARMING_UP,WARMING_UP,0.0,0,64.528
484,36.9412,49,2.1961,0.9766,WARMING_UP,WARMING_UP,WARMING_UP,0.0,0,64.068
484,36.9412,52,0.0343,1.0,WARMING_UP,WARMING_UP,WARMING_UP,0.0,0,64.068
485,36.9547,49,2.2097,0.9767,WARMING_UP,WARMING_UP,WARMING_UP,0.0,0,64.28
485,36.9547,52,0.0479,1.0,WARMING_UP,WARMING_UP,WARMING_UP,0.0,0,64.28
486,36.9698,49,2.2247,0.9769,WARMING_UP,WARMING_UP,WARMING_UP,0.0,0,65.351
487,36.9826,49,2.2376,0.9771,WARMING_UP,WARMING_UP,WARMING_UP,0.0,0,66.112
487,36.9826,52,0.0758,0.8333,WARMING_UP,WARMING_UP,WARMING_UP,0.0,0,66.112
488,36.9968,49,2.2518,0.9773,WARMING_UP,WARMING_UP,WARMING_UP,0.0,0,64.657
488,36.9968,52,0.0899,0.8571,WARMING_UP,WARMING_UP,WARMING_UP,0.0,0,64.657
489,37.0163,49,2.2712,0.9774,WARMING_UP,WARMING_UP,WARMING_UP,0.0,0,63.538
489,37.0163,52,0.1094,0.875,WARMING_UP,WARMING_UP,WARMING_UP,0.0,0,63.538
490,37.0351,49,2.2901,0.9776,WARMING_UP,WARMING_UP,WARMING_UP,0.0,0,61.698
490,37.0351,52,0.1282,0.8889,WARMING_UP,WARMING_UP,WARMING_UP,0.0,0,61.698
491,37.0572,52,0.1504,0.9,WARMING_UP,WARMING_UP,WARMING_UP,0.0,0,62.442
492,37.0714,52,0.1645,0.9091,WARMING_UP,WARMING_UP,WARMING_UP,0.0,0,63.857
492,37.0714,49,2.3264,0.9706,WARMING_UP,WARMING_UP,WARMING_UP,0.0,0,63.857
493,37.0846,52,0.1777,0.9167,WARMING_UP,WARMING_UP,WARMING_UP,0.0,0,62.221
493,37.0846,49,2.3396,0.9708,WARMING_UP,WARMING_UP,WARMING_UP,0.0,0,62.221
494,37.1056,52,0.1988,0.9231,WARMING_UP,WARMING_UP,WARMING_UP,0.0,0,60.932
494,37.1056,49,2.3606,0.971,WARMING_UP,WARMING_UP,WARMING_UP,0.0,0,60.932
495,37.1261,52,0.2193,0.9286,WARMING_UP,WARMING_UP,WARMING_UP,0.0,0,62.203
495,37.1261,49,2.3811,0.9712,WARMING_UP,WARMING_UP,WARMING_UP,0.0,0,62.203
496,37.1396,52,0.2328,0.9333,WARMING_UP,WARMING_UP,WARMING_UP,0.0,0,61.008
497,37.1589,52,0.2521,0.9375,WARMING_UP,WARMING_UP,WARMING_UP,0.0,0,62.672
497,37.1589,49,2.4139,0.9645,WARMING_UP,WARMING_UP,WARMING_UP,0.0,0,62.672
498,37.1725,52,0.2656,0.9412,WARMING_UP,WARMING_UP,WARMING_UP,0.0,0,61.266
499,37.1927,52,0.2858,0.9444,WARMING_UP,WARMING_UP,WARMING_UP,0.0,0,59.827
500,37.2144,52,0.3075,0.9474,WARMING_UP,WARMING_UP,WARMING_UP,0.0,0,60.995
501,37.2283,52,0.3214,0.95,WARMING_UP,WARMING_UP,WARMING_UP,0.0,0,62.464
501,37.2283,49,2.4833,0.9448,WARMING_UP,WARMING_UP,WARMING_UP,0.0,0,62.464
502,37.241,49,2.496,0.9452,WARMING_UP,WARMING_UP,WARMING_UP,0.0,0,63.497
503,37.2551,49,2.51,0.9456,WARMING_UP,WARMING_UP,WARMING_UP,0.0,0,63.706
504,37.2704,52,0.3636,0.8696,WARMING_UP,WARMING_UP,WARMING_UP,0.0,0,64.503
505,37.2841,49,2.5391,0.9396,WARMING_UP,WARMING_UP,WARMING_UP,0.0,0,65.58
506,37.2971,49,2.552,0.94,WARMING_UP,WARMING_UP,WARMING_UP,0.0,0,66.666
507,37.3105,49,2.5655,0.9404,WARMING_UP,WARMING_UP,WARMING_UP,0.0,0,68.061
508,37.3229,49,2.5779,0.9408,WARMING_UP,WARMING_UP,WARMING_UP,0.0,0,68.879
509,37.336,49,2.591,0.9412,WARMING_UP,WARMING_UP,WARMING_UP,0.0,0,68.691
510,37.3508,49,2.6058,0.9416,WARMING_UP,WARMING_UP,WARMING_UP,0.0,0,66.85
511,37.3707,49,2.6256,0.9419,WARMING_UP,WARMING_UP,WARMING_UP,0.0,0,66.22
511,37.3707,52,0.4638,0.7,WARMING_UP,WARMING_UP,WARMING_UP,0.0,0,66.22
512,37.3877,49,2.6426,0.9423,WARMING_UP,WARMING_UP,WARMING_UP,0.0,0,66.266
513,37.4024,49,2.6574,0.9427,WARMING_UP,WARMING_UP,WARMING_UP,0.0,0,65.275
514,37.4203,49,2.6752,0.943,WARMING_UP,WARMING_UP,WARMING_UP,0.0,0,65.388
515,37.4354,49,2.6904,0.9434,WARMING_UP,WARMING_UP,WARMING_UP,0.0,0,65.156
516,37.4512,49,2.7062,0.9437,WARMING_UP,WARMING_UP,WARMING_UP,0.0,0,65.424
517,37.4659,49,2.7209,0.9441,WARMING_UP,WARMING_UP,WARMING_UP,0.0,0,66.644
518,37.4785,49,2.7335,0.9444,WARMING_UP,WARMING_UP,WARMING_UP,0.0,0,64.796
519,37.4991,49,2.7541,0.9448,WARMING_UP,WARMING_UP,WARMING_UP,0.0,0,66.292
520,37.512,49,2.767,0.9451,WARMING_UP,WARMING_UP,WARMING_UP,0.0,0,67.338
521,37.5247,49,2.7796,0.9455,WARMING_UP,WARMING_UP,WARMING_UP,0.0,0,68.521
522,37.5378,49,2.7927,0.9458,WARMING_UP,WARMING_UP,WARMING_UP,0.0,0,68.58
523,37.5519,49,2.8069,0.9461,WARMING_UP,WARMING_UP,WARMING_UP,0.0,0,66.686
524,37.5721,49,2.8271,0.9464,WARMING_UP,WARMING_UP,WARMING_UP,0.0,0,67.37
525,37.5858,49,2.8408,0.9467,WARMING_UP,WARMING_UP,WARMING_UP,0.0,0,67.061
526,37.601,49,2.856,0.9471,WARMING_UP,WARMING_UP,WARMING_UP,0.0,0,67.908
527,37.6144,49,2.8694,0.9474,WARMING_UP,WARMING_UP,WARMING_UP,0.0,0,67.837
528,37.6295,49,2.8845,0.9477,WARMING_UP,WARMING_UP,WARMING_UP,0.0,0,66.126
529,37.6491,49,2.9041,0.948,WARMING_UP,WARMING_UP,WARMING_UP,0.0,0,64.883
530,37.668,49,2.923,0.9483,WARMING_UP,WARMING_UP,WARMING_UP,0.0,0,63.911
531,37.6861,49,2.9411,0.9486,WARMING_UP,WARMING_UP,WARMING_UP,0.0,0,62.389
532,37.7065,49,2.9615,0.9489,WARMING_UP,WARMING_UP,WARMING_UP,0.0,0,63.683
533,37.7195,49,2.9744,0.9492,WARMING_UP,WARMING_UP,WARMING_UP,0.0,0,62.513
534,37.739,49,2.994,0.9494,WARMING_UP,WARMING_UP,WARMING_UP,0.0,0,61.342
535,37.7587,49,3.0136,0.9497,WARMING_UP,WARMING_UP,WARMING_UP,0.0,0,62.695
536,37.7721,49,3.0271,0.95,WARMING_UP,WARMING_UP,WARMING_UP,0.0,0,63.944
537,37.7852,49,3.0401,0.9503,WARMING_UP,WARMING_UP,WARMING_UP,0.0,0,64.899
538,37.7988,49,3.0538,0.9505,WARMING_UP,WARMING_UP,WARMING_UP,0.0,0,65.999
539,37.8121,49,3.0671,0.9508,WARMING_UP,WARMING_UP,WARMING_UP,0.0,0,66.858
540,37.8258,49,3.0808,0.9511,WARMING_UP,WARMING_UP,WARMING_UP,0.0,0,64.95
541,37.8465,49,3.1015,0.9514,WARMING_UP,WARMING_UP,WARMING_UP,0.0,0,65.975
542,37.8596,49,3.1146,0.9516,WARMING_UP,WARMING_UP,WARMING_UP,0.0,0,66.875
543,37.8729,49,3.1279,0.9519,WARMING_UP,WARMING_UP,WARMING_UP,0.0,0,67.378
544,37.8869,49,3.1419,0.9521,WARMING_UP,WARMING_UP,WARMING_UP,0.0,0,65.528
545,37.9074,49,3.1624,0.9524,WARMING_UP,WARMING_UP,WARMING_UP,0.0,0,66.649
546,37.9204,49,3.1753,0.9526,WARMING_UP,WARMING_UP,WARMING_UP,0.0,0,67.034
547,37.9349,49,3.1899,0.9529,WARMING_UP,WARMING_UP,WARMING_UP,0.0,0,64.611
548,37.9582,49,3.2131,0.9531,WARMING_UP,WARMING_UP,WARMING_UP,0.0,0,65.555
549,37.9715,49,3.2265,0.9534,WARMING_UP,WARMING_UP,WARMING_UP,0.0,0,65.729
550,37.9864,49,3.2413,0.9536,WARMING_UP,WARMING_UP,WARMING_UP,0.0,0,66.648
551,37.9995,49,3.2545,0.9538,WARMING_UP,WARMING_UP,WARMING_UP,0.0,0,67.848
552,38.0124,49,3.2674,0.9541,WARMING_UP,WARMING_UP,WARMING_UP,0.0,0,68.844
553,38.025,49,3.28,0.9543,WARMING_UP,WARMING_UP,WARMING_UP,0.0,0,69.909
554,38.0382,49,3.2932,0.9545,WARMING_UP,WARMING_UP,WARMING_UP,0.0,0,70.108
555,38.0518,49,3.3068,0.9548,WARMING_UP,WARMING_UP,WARMING_UP,0.0,0,69.023
556,38.0686,49,3.3235,0.955,WARMING_UP,WARMING_UP,WARMING_UP,0.0,0,69.46
557,38.0823,49,3.3373,0.9552,WARMING_UP,WARMING_UP,WARMING_UP,0.0,0,70.612
558,38.0946,49,3.3496,0.9554,WARMING_UP,WARMING_UP,WARMING_UP,0.0,0,71.315
559,38.1073,49,3.3622,0.9557,WARMING_UP,WARMING_UP,WARMING_UP,0.0,0,72.372
560,38.1195,49,3.3745,0.9559,WARMING_UP,WARMING_UP,WARMING_UP,0.0,0,72.472
561,38.1334,49,3.3883,0.9561,WARMING_UP,WARMING_UP,WARMING_UP,0.0,0,73.026
562,38.1459,49,3.4008,0.9563,WARMING_UP,WARMING_UP,WARMING_UP,0.0,0,74.117
563,38.1576,49,3.4125,0.9565,WARMING_UP,WARMING_UP,WARMING_UP,0.0,0,71.755
564,38.1781,49,3.4331,0.9567,WARMING_UP,WARMING_UP,WARMING_UP,0.0,0,69.238
565,38.1995,49,3.4545,0.9569,WARMING_UP,WARMING_UP,WARMING_UP,0.0,0,67.309
566,38.2191,49,3.474,0.9571,WARMING_UP,WARMING_UP,WARMING_UP,0.0,0,66.411
567,38.2365,49,3.4915,0.9573,WARMING_UP,WARMING_UP,WARMING_UP,0.0,0,65.366
568,38.2542,49,3.5092,0.9575,WARMING_UP,WARMING_UP,WARMING_UP,0.0,0,63.86
569,38.2742,49,3.5292,0.9577,WARMING_UP,WARMING_UP,WARMING_UP,0.0,0,65.302
570,38.2869,49,3.5419,0.9579,WARMING_UP,WARMING_UP,WARMING_UP,0.0,0,66.782
571,38.2991,49,3.554,0.9581,WARMING_UP,WARMING_UP,WARMING_UP,0.0,0,67.46
572,38.3132,49,3.5682,0.9583,WARMING_UP,WARMING_UP,WARMING_UP,0.0,0,68.355
573,38.3263,49,3.5812,0.9585,WARMING_UP,WARMING_UP,WARMING_UP,0.0,0,66.435
574,38.3465,49,3.6015,0.9587,WARMING_UP,WARMING_UP,WARMING_UP,0.0,0,67.544
575,38.3592,49,3.6142,0.9589,WARMING_UP,WARMING_UP,WARMING_UP,0.0,0,65.678
576,38.3796,49,3.6346,0.9591,WARMING_UP,WARMING_UP,WARMING_UP,0.0,0,67.644
577,38.3914,49,3.6463,0.9593,WARMING_UP,WARMING_UP,WARMING_UP,0.0,0,66.903
578,38.4083,49,3.6633,0.9595,WARMING_UP,WARMING_UP,WARMING_UP,0.0,0,68.177
579,38.4205,49,3.6755,0.9596,WARMING_UP,WARMING_UP,WARMING_UP,0.0,0,68.69
580,38.4343,49,3.6892,0.9598,WARMING_UP,WARMING_UP,WARMING_UP,0.0,0,69.998
581,38.4466,49,3.7016,0.96,WARMING_UP,WARMING_UP,WARMING_UP,0.0,0,70.694
582,38.4594,49,3.7144,0.9602,WARMING_UP,WARMING_UP,WARMING_UP,0.0,0,68.733
583,38.4794,49,3.7344,0.9604,WARMING_UP,WARMING_UP,WARMING_UP,0.0,0,69.91
584,38.4916,49,3.7465,0.9605,WARMING_UP,WARMING_UP,WARMING_UP,0.0,0,68.685
585,38.509,49,3.764,0.9607,WARMING_UP,WARMING_UP,WARMING_UP,0.0,0,67.684
586,38.5258,49,3.7808,0.9609,WARMING_UP,WARMING_UP,WARMING_UP,0.0,0,66.008
587,38.5455,49,3.8005,0.961,WARMING_UP,WARMING_UP,WARMING_UP,0.0,0,67.075
588,38.5589,49,3.8138,0.9612,WARMING_UP,WARMING_UP,WARMING_UP,0.0,0,68.031
589,38.5715,49,3.8265,0.9614,WARMING_UP,WARMING_UP,WARMING_UP,0.0,0,66.237
590,38.5917,49,3.8467,0.9615,WARMING_UP,WARMING_UP,WARMING_UP,0.0,0,64.943
591,38.6104,49,3.8654,0.9617,WARMING_UP,WARMING_UP,WARMING_UP,0.0,0,64.821
592,38.626,49,3.881,0.9619,WARMING_UP,WARMING_UP,WARMING_UP,0.0,0,63.424
593,38.6457,49,3.9007,0.962,WARMING_UP,WARMING_UP,WARMING_UP,0.0,0,61.872
594,38.6667,49,3.9217,0.9622,WARMING_UP,WARMING_UP,WARMING_UP,0.0,0,60.864
595,38.6861,49,3.9411,0.9623,WARMING_UP,WARMING_UP,WARMING_UP,0.0,0,61.76
596,38.7001,49,3.9551,0.9625,WARMING_UP,WARMING_UP,WARMING_UP,0.0,0,63.923
597,38.7121,49,3.9671,0.9627,WARMING_UP,WARMING_UP,WARMING_UP,0.0,0,62.614
598,38.7324,49,3.9874,0.9628,WARMING_UP,WARMING_UP,WARMING_UP,0.0,0,61.081
599,38.7531,49,4.0081,0.963,sit_stand,UNKNOWN,UNKNOWN,0.25,1,60.215
600,38.8365,49,4.0914,0.9631,sit_stand,UNKNOWN,UNKNOWN,0.25,0,55.429
601,38.8532,49,4.1082,0.9633,sit_stand,UNKNOWN,UNKNOWN,0.25,0,55.379
602,38.8713,49,4.1263,0.9634,sit_stand,UNKNOWN,UNKNOWN,0.25,0,55.148
603,38.8901,49,4.1451,0.9636,sit_stand,UNKNOWN,UNKNOWN,0.25,0,54.569
604,38.9105,49,4.1654,0.9637,sit_stand,UNKNOWN,UNKNOWN,0.25,0,54.703
605,38.9284,49,4.1834,0.9639,sit_stand,UNKNOWN,UNKNOWN,0.25,0,55.969
606,38.9433,49,4.1983,0.964,sit_stand,UNKNOWN,UNKNOWN,0.25,0,57.346
607,38.9577,49,4.2126,0.9641,sit_stand,UNKNOWN,UNKNOWN,0.25,0,56.427
608,38.9785,49,4.2334,0.9643,sit_stand,UNKNOWN,UNKNOWN,0.25,0,55.622
609,38.9991,49,4.2541,0.9644,sit_stand,UNKNOWN,UNKNOWN,0.25,0,57.323
610,39.0129,49,4.2678,0.9646,sit_stand,UNKNOWN,UNKNOWN,0.2633,1,59.088
611,39.0638,49,4.3188,0.9647,sit_stand,UNKNOWN,UNKNOWN,0.2633,0,54.94
612,39.0831,49,4.3381,0.9648,sit_stand,UNKNOWN,UNKNOWN,0.2633,0,54.632
613,39.102,49,4.357,0.965,sit_stand,UNKNOWN,UNKNOWN,0.2633,0,54.231
614,39.1221,49,4.3771,0.9651,sit_stand,UNKNOWN,UNKNOWN,0.2633,0,53.813
615,39.1419,49,4.3969,0.9653,sit_stand,UNKNOWN,UNKNOWN,0.2633,0,53.605
616,39.1612,49,4.4162,0.9654,sit_stand,UNKNOWN,UNKNOWN,0.2633,0,54.453
617,39.1776,49,4.4325,0.9655,sit_stand,UNKNOWN,UNKNOWN,0.2633,0,55.585
618,39.1926,49,4.4476,0.9656,sit_stand,UNKNOWN,UNKNOWN,0.2633,0,57.65
619,39.206,49,4.461,0.9658,sit_stand,UNKNOWN,UNKNOWN,0.2633,0,56.594
620,39.2273,49,4.4822,0.9659,sit_stand,UNKNOWN,UNKNOWN,0.2633,0,57.585
621,39.2421,49,4.497,0.966,sit_stand,UNKNOWN,UNKNOWN,0.2633,0,56.925
622,39.2616,49,4.5166,0.9662,sit_stand,UNKNOWN,UNKNOWN,0.2633,0,58.358
623,39.2755,49,4.5305,0.9663,sit_stand,UNKNOWN,UNKNOWN,0.24,1,57.395
624,39.3323,49,4.5872,0.9664,sit_stand,UNKNOWN,UNKNOWN,0.24,0,53.648
625,39.3462,49,4.6012,0.9665,sit_stand,UNKNOWN,UNKNOWN,0.24,0,54.53
626,39.3625,49,4.6175,0.9667,sit_stand,UNKNOWN,UNKNOWN,0.24,0,56.524
627,39.3757,49,4.6307,0.9668,sit_stand,UNKNOWN,UNKNOWN,0.24,0,55.584
628,39.3968,49,4.6518,0.9669,sit_stand,UNKNOWN,UNKNOWN,0.24,0,55.301
629,39.4161,49,4.671,0.967,sit_stand,UNKNOWN,UNKNOWN,0.24,0,54.313
630,39.4379,49,4.6929,0.9672,sit_stand,UNKNOWN,UNKNOWN,0.24,0,53.271
631,39.4607,49,4.7157,0.9673,sit_stand,UNKNOWN,UNKNOWN,0.24,0,55.607
632,39.4736,49,4.7286,0.9674,sit_stand,UNKNOWN,UNKNOWN,0.24,0,57.645
633,39.4869,49,4.7419,0.9675,sit_stand,UNKNOWN,UNKNOWN,0.24,0,59.641
634,39.4994,49,4.7544,0.9676,sit_stand,UNKNOWN,UNKNOWN,0.24,0,59.601
635,39.5168,49,4.7718,0.9677,sit_stand,UNKNOWN,UNKNOWN,0.24,0,59.33
636,39.5345,49,4.7895,0.9679,sit_stand,UNKNOWN,UNKNOWN,0.2433,1,58.909
637,39.5914,49,4.8464,0.968,sit_stand,UNKNOWN,UNKNOWN,0.2433,0,54.874
638,39.6063,49,4.8612,0.9681,sit_stand,UNKNOWN,UNKNOWN,0.2433,0,57.074
639,39.6223,49,4.8772,0.9682,sit_stand,UNKNOWN,UNKNOWN,0.2433,0,57.177
640,39.6364,49,4.8914,0.9683,sit_stand,UNKNOWN,UNKNOWN,0.2433,0,57.794
641,39.6522,49,4.9071,0.9684,sit_stand,UNKNOWN,UNKNOWN,0.2433,0,56.929
642,39.6726,49,4.9275,0.9685,sit_stand,UNKNOWN,UNKNOWN,0.2433,0,58.869
643,39.6856,49,4.9406,0.9686,sit_stand,UNKNOWN,UNKNOWN,0.2433,0,60.82
644,39.6984,49,4.9534,0.9688,sit_stand,UNKNOWN,UNKNOWN,0.2433,0,59.677
645,39.7189,49,4.9739,0.9689,sit_stand,UNKNOWN,UNKNOWN,0.2433,0,59.425
646,39.7363,49,4.9913,0.969,sit_stand,UNKNOWN,UNKNOWN,0.2433,0,59.76
647,39.7521,49,4.9926,0.969,sit_stand,UNKNOWN,UNKNOWN,0.2433,0,58.705
648,39.7724,49,4.9928,0.969,sit_stand,UNKNOWN,UNKNOWN,0.2433,0,59.104
649,39.7884,49,4.9952,0.9724,sit_stand,UNKNOWN,UNKNOWN,0.24,1,60.162
650,39.8403,49,4.9895,0.9792,sit_stand,UNKNOWN,UNKNOWN,0.24,0,56.055
651,39.8555,49,4.9848,0.9792,sit_stand,UNKNOWN,UNKNOWN,0.24,0,56.757
652,39.871,49,4.9757,0.9792,sit_stand,UNKNOWN,UNKNOWN,0.24,0,58.569
653,39.8845,49,4.9892,0.9792,sit_stand,UNKNOWN,UNKNOWN,0.24,0,60.527
654,39.8972,49,4.9808,0.9792,sit_stand,UNKNOWN,UNKNOWN,0.24,0,61.803
655,39.911,49,4.9946,0.9793,sit_stand,UNKNOWN,UNKNOWN,0.24,0,63.381
656,39.9239,49,4.9869,0.9793,sit_stand,UNKNOWN,UNKNOWN,0.24,0,62.602
657,39.9418,49,4.9909,0.9793,sit_stand,UNKNOWN,UNKNOWN,0.24,0,63.893
658,39.9548,49,4.9873,0.9793,sit_stand,UNKNOWN,UNKNOWN,0.24,0,61.782
659,39.979,49,4.9892,0.9793,sit_stand,UNKNOWN,UNKNOWN,0.24,0,62.285
660,39.9934,49,4.9918,0.9793,sit_stand,UNKNOWN,UNKNOWN,0.24,0,63.144
661,40.007,49,4.992,0.9793,sit_stand,UNKNOWN,UNKNOWN,0.24,0,63.362
662,40.0227,49,4.993,0.9793,sit_stand,UNKNOWN,UNKNOWN,0.24,0,62.001
663,40.043,49,4.9972,0.9793,sit_stand,UNKNOWN,UNKNOWN,0.2433,1,61.774
664,40.0997,49,4.9968,0.9792,sit_stand,UNKNOWN,UNKNOWN,0.2433,0,57.392
665,40.1154,49,4.9915,0.9792,sit_stand,UNKNOWN,UNKNOWN,0.2433,0,58.506
666,40.1298,49,4.9876,0.9792,sit_stand,UNKNOWN,UNKNOWN,0.2433,0,60.423
667,40.1429,49,4.9801,0.9792,sit_stand,UNKNOWN,UNKNOWN,0.2433,0,62.026
668,40.1559,49,4.9931,0.9792,sit_stand,UNKNOWN,UNKNOWN,0.2433,0,62.15
669,40.1717,49,4.9884,0.9792,sit_stand,UNKNOWN,UNKNOWN,0.2433,0,60.78
670,40.1922,49,4.9885,0.9792,sit_stand,UNKNOWN,UNKNOWN,0.2433,0,62.319
671,40.2052,49,4.9887,0.9792,sit_stand,UNKNOWN,UNKNOWN,0.2433,0,63.343
672,40.2192,49,4.9822,0.9792,sit_stand,UNKNOWN,UNKNOWN,0.2433,0,62.015
673,40.2396,49,4.9899,0.9792,sit_stand,UNKNOWN,UNKNOWN,0.2433,0,62.227
674,40.2549,49,4.9894,0.9792,sit_stand,UNKNOWN,UNKNOWN,0.2433,0,60.632
675,40.277,49,4.9901,0.9792,sit_stand,UNKNOWN,UNKNOWN,0.2433,0,59.298
676,40.2975,49,4.9984,0.9792,sit_stand,UNKNOWN,UNKNOWN,0.2633,1,61.154
677,40.3463,49,4.9981,0.9791,sit_stand,UNKNOWN,UNKNOWN,0.2633,0,57.034
678,40.3605,49,4.9916,0.9791,sit_stand,UNKNOWN,UNKNOWN,0.2633,0,57.981
678,40.3605,58,0.0,1.0,WARMING_UP,WARMING_UP,WARMING_UP,0.0,0,57.981
679,40.3757,49,4.9913,0.9791,sit_stand,UNKNOWN,UNKNOWN,0.2633,0,59.065
680,40.3905,49,4.99,0.9791,sit_stand,UNKNOWN,UNKNOWN,0.2633,0,60.83
680,40.3905,58,0.03,0.6667,WARMING_UP,WARMING_UP,WARMING_UP,0.0,0,60.83
681,40.4034,49,4.9904,0.9791,sit_stand,UNKNOWN,UNKNOWN,0.2633,0,61.824
681,40.4034,58,0.0429,0.75,WARMING_UP,WARMING_UP,WARMING_UP,0.0,0,61.824
682,40.4175,49,4.9869,0.9791,sit_stand,UNKNOWN,UNKNOWN,0.2633,0,62.955
683,40.431,49,4.9852,0.9791,sit_stand,UNKNOWN,UNKNOWN,0.2633,0,64.136
683,40.431,58,0.0704,0.6667,WARMING_UP,WARMING_UP,WARMING_UP,0.0,0,64.136
684,40.4445,49,4.9987,0.9792,sit_stand,UNKNOWN,UNKNOWN,0.2633,0,64.143
685,40.4599,49,4.9989,0.9792,sit_stand,UNKNOWN,UNKNOWN,0.2633,0,65.041
686,40.4736,49,4.9919,0.9792,sit_stand,UNKNOWN,UNKNOWN,0.2633,0,63.461
687,40.4937,49,4.9993,0.9792,sit_stand,UNKNOWN,UNKNOWN,0.2633,0,62.097
688,40.5139,49,4.983,0.9791,sit_stand,UNKNOWN,UNKNOWN,0.2633,0,60.953
689,40.5338,49,4.9814,0.9791,sit_stand,UNKNOWN,UNKNOWN,0.2633,0,62.352
690,40.5469,49,4.9945,0.9792,sit_stand,UNKNOWN,UNKNOWN,0.2633,0,63.81
691,40.5598,49,4.9848,0.9792,sit_stand,UNKNOWN,UNKNOWN,0.24,1,63.762
692,40.6113,49,4.983,0.979,sit_stand,UNKNOWN,UNKNOWN,0.24,0,59.161
693,40.6321,49,4.9898,0.979,sit_stand,UNKNOWN,UNKNOWN,0.24,0,60.399
694,40.646,49,4.9908,0.979,sit_stand,UNKNOWN,UNKNOWN,0.24,0,61.565
695,40.6598,49,4.9862,0.979,sit_stand,UNKNOWN,UNKNOWN,0.24,0,62.644
696,40.674,49,4.9792,0.979,sit_stand,UNKNOWN,UNKNOWN,0.24,0,61.675
696,40.674,58,0.3135,0.2632,WARMING_UP,WARMING_UP,WARMING_UP,0.0,0,61.675
697,40.693,49,4.9983,0.9791,sit_stand,UNKNOWN,UNKNOWN,0.24,0,61.846
697,40.693,58,0.3325,0.3,WARMING_UP,WARMING_UP,WARMING_UP,0.0,0,61.846
698,40.7092,49,4.9953,0.9791,sit_stand,UNKNOWN,UNKNOWN,0.24,0,61.735
699,40.7254,49,4.9942,0.9791,sit_stand,UNKNOWN,UNKNOWN,0.24,0,61.698
699,40.7254,58,0.3649,0.3182,WARMING_UP,WARMING_UP,WARMING_UP,0.0,0,61.698
700,40.7425,49,4.9885,0.9791,sit_stand,UNKNOWN,UNKNOWN,0.24,0,61.651
701,40.7594,49,4.9919,0.9791,sit_stand,UNKNOWN,UNKNOWN,0.24,0,61.13
702,40.7769,49,4.9967,0.9791,sit_stand,UNKNOWN,UNKNOWN,0.24,0,60.881
703,40.7924,49,4.9927,0.9791,sit_stand,UNKNOWN,UNKNOWN,0.24,0,61.98
704,40.8062,49,4.9899,0.9791,sit_stand,UNKNOWN,UNKNOWN,0.24,0,61.74
704,40.8062,58,0.4456,0.2963,WARMING_UP,WARMING_UP,WARMING_UP,0.0,0,61.74
705,40.8234,49,4.9909,0.9791,sit_stand,UNKNOWN,UNKNOWN,0.2567,1,62.313
706,40.8747,49,4.9798,0.9789,sit_stand,UNKNOWN,UNKNOWN,0.2567,0,57.96
707,40.8916,49,4.9966,0.979,sit_stand,UNKNOWN,UNKNOWN,0.2567,0,56.819
708,40.9128,49,4.9859,0.9789,sit_stand,UNKNOWN,UNKNOWN,0.2567,0,58.117
709,40.9273,49,4.9833,0.9789,sit_stand,UNKNOWN,UNKNOWN,0.2567,0,57.047
710,40.9484,49,4.9884,0.9789,sit_stand,UNKNOWN,UNKNOWN,0.2567,0,55.88
711,40.9708,49,4.9967,0.9789,sit_stand,UNKNOWN,UNKNOWN,0.2567,0,55.334
712,40.9903,49,4.9993,0.9789,sit_stand,UNKNOWN,UNKNOWN,0.2567,0,56.481
713,41.005,49,4.9952,0.9789,sit_stand,UNKNOWN,UNKNOWN,0.2567,0,57.65
714,41.0195,49,4.9893,0.9789,sit_stand,UNKNOWN,UNKNOWN,0.2567,0,56.602
715,41.0411,49,4.9944,0.9789,sit_stand,UNKNOWN,UNKNOWN,0.2567,0,57.377
716,41.0568,49,4.9939,0.9789,sit_stand,UNKNOWN,UNKNOWN,0.2567,0,57.713
717,41.0731,49,4.9896,0.9789,sit_stand,UNKNOWN,UNKNOWN,0.2567,0,58.06
718,41.0894,49,4.9856,0.9789,sit_stand,UNKNOWN,UNKNOWN,0.2767,1,58.527
719,41.1423,49,4.9808,0.9788,sit_stand,UNKNOWN,UNKNOWN,0.2767,0,54.642
720,41.1562,49,4.9947,0.9789,sit_stand,UNKNOWN,UNKNOWN,0.2767,0,56.164
721,41.1701,49,4.9883,0.9789,sit_stand,UNKNOWN,UNKNOWN,0.2767,0,58.172
722,41.1839,49,4.9878,0.9789,sit_stand,UNKNOWN,UNKNOWN,0.2767,0,59.97
723,41.1964,49,4.9792,0.9789,sit_stand,UNKNOWN,UNKNOWN,0.2767,0,62.157
724,41.2086,49,4.9915,0.9789,sit_stand,UNKNOWN,UNKNOWN,0.2767,0,63.231
725,41.2224,49,4.991,0.9789,sit_stand,UNKNOWN,UNKNOWN,0.2767,0,64.389
726,41.2359,49,4.9922,0.9789,sit_stand,UNKNOWN,UNKNOWN,0.2767,0,63.739
727,41.253,49,4.9894,0.9789,sit_stand,UNKNOWN,UNKNOWN,0.2767,0,65.122
728,41.2659,49,4.9822,0.9789,sit_stand,UNKNOWN,UNKNOWN,0.2767,0,63.301
729,41.2874,49,4.9833,0.9789,sit_stand,UNKNOWN,UNKNOWN,0.2767,0,65.082
730,41.2995,49,4.9954,0.979,sit_stand,UNKNOWN,UNKNOWN,0.2767,0,66.57
731,41.3121,49,4.996,0.979,sit_stand,UNKNOWN,UNKNOWN,0.2767,0,67.378
732,41.3257,49,4.9951,0.979,sit_stand,UNKNOWN,UNKNOWN,0.2767,0,65.35
733,41.3469,49,4.9959,0.979,sit_stand,UNKNOWN,UNKNOWN,0.2533,1,66.781
734,41.3955,49,4.9991,0.9789,sit_stand,UNKNOWN,UNKNOWN,0.2533,0,61.891
735,41.4159,49,4.9862,0.9789,sit_stand,UNKNOWN,UNKNOWN,0.2533,0,61.235
736,41.4341,49,4.9912,0.9789,sit_stand,UNKNOWN,UNKNOWN,0.2533,0,59.488
737,41.4565,49,4.9874,0.9788,sit_stand,UNKNOWN,UNKNOWN,0.2533,0,58.075
738,41.4783,49,4.9954,0.9788,sit_stand,UNKNOWN,UNKNOWN,0.2533,0,58.284
739,41.4948,49,4.9971,0.9788,sit_stand,UNKNOWN,UNKNOWN,0.2533,0,58.642
739,41.4948,64,0.0,1.0,WARMING_UP,WARMING_UP,WARMING_UP,0.0,0,58.642
740,41.5111,49,4.9994,0.9788,sit_stand,UNKNOWN,UNKNOWN,0.2533,0,57.614
741,41.5321,49,4.9971,0.9788,sit_stand,UNKNOWN,UNKNOWN,0.2533,0,58.681
742,41.5463,49,4.9897,0.9788,sit_stand,UNKNOWN,UNKNOWN,0.2533,0,60.536
743,41.5594,49,4.9883,0.9788,sit_stand,UNKNOWN,UNKNOWN,0.2533,0,60.086
744,41.5772,49,4.9926,0.9788,sit_stand,UNKNOWN,UNKNOWN,0.2533,0,59.416
745,41.5959,49,4.998,0.9788,sit_stand,UNKNOWN,UNKNOWN,0.2533,0,60.155
746,41.6108,49,4.9935,0.9788,sit_stand,UNKNOWN,UNKNOWN,0.2867,1,59.05
747,41.6677,49,4.996,0.9786,sit_stand,UNKNOWN,UNKNOWN,0.2867,0,55.119
748,41.6816,49,4.9888,0.9786,sit_stand,UNKNOWN,UNKNOWN,0.2867,0,57.371
749,41.6944,49,4.9883,0.9786,sit_stand,UNKNOWN,UNKNOWN,0.2867,0,56.452
750,41.7152,49,4.9955,0.9786,sit_stand,UNKNOWN,UNKNOWN,0.2867,0,57.899
751,41.7295,49,4.9962,0.9786,sit_stand,UNKNOWN,UNKNOWN,0.2867,0,57.041
752,41.7498,49,4.9815,0.9786,sit_stand,UNKNOWN,UNKNOWN,0.2867,0,57.505
753,41.7659,49,4.9976,0.9786,sit_stand,UNKNOWN,UNKNOWN,0.2867,0,58.172
754,41.7816,49,4.9999,0.9786,sit_stand,UNKNOWN,UNKNOWN,0.2867,0,58.291
755,41.7982,49,4.9897,0.9786,sit_stand,UNKNOWN,UNKNOWN,0.2867,0,58.002
756,41.8161,49,4.9942,0.9786,sit_stand,UNKNOWN,UNKNOWN,0.2867,0,59.193
757,41.8306,49,4.9927,0.9786,sit_stand,UNKNOWN,UNKNOWN,0.2867,0,60.392
758,41.8449,49,4.9859,0.9786,sit_stand,UNKNOWN,UNKNOWN,0.2867,0,59.32
759,41.8652,49,4.9929,0.9786,sit_stand,UNKNOWN,UNKNOWN,0.2867,1,60.02
760,41.9195,49,4.9983,0.9784,sit_stand,UNKNOWN,UNKNOWN,0.2867,0,55.878
761,41.9339,49,4.9927,0.9784,sit_stand,UNKNOWN,UNKNOWN,0.2867,0,57.099
762,41.9485,49,4.9938,0.9784,sit_stand,UNKNOWN,UNKNOWN,0.2867,0,59.504
763,41.9607,49,4.991,0.9784,sit_stand,UNKNOWN,UNKNOWN,0.2867,0,61.13
764,41.9738,49,4.9912,0.9784,sit_stand,UNKNOWN,UNKNOWN,0.2867,0,61.23
765,41.9901,49,4.9933,0.9784,sit_stand,UNKNOWN,UNKNOWN,0.2867,0,62.329
766,42.0041,49,4.9879,0.9784,sit_stand,UNKNOWN,UNKNOWN,0.2867,0,63.317
767,42.0176,49,4.9825,0.9784,sit_stand,UNKNOWN,UNKNOWN,0.2867,0,64.084
768,42.032,49,4.9969,0.9785,sit_stand,UNKNOWN,UNKNOWN,0.2867,0,65.493
769,42.0446,49,4.9873,0.9785,sit_stand,UNKNOWN,UNKNOWN,0.2867,0,66.707
770,42.0574,49,4.986,0.9821,sit_stand,UNKNOWN,UNKNOWN,0.2867,0,66.284
771,42.0736,49,4.989,0.9821,sit_stand,UNKNOWN,UNKNOWN,0.2867,0,65.187
772,42.0919,49,4.9863,0.9821,sit_stand,UNKNOWN,UNKNOWN,0.2867,0,64.44
773,42.1093,49,4.9832,0.9821,sit_stand,UNKNOWN,UNKNOWN,0.2867,0,64.308
774,42.125,49,4.9989,0.9821,sit_stand,UNKNOWN,UNKNOWN,0.3067,1,62.776
775,42.1834,49,4.9908,0.9892,sit_stand,UNKNOWN,UNKNOWN,0.3067,0,58.431
776,42.1967,49,4.9823,0.9928,sit_stand,UNKNOWN,UNKNOWN,0.3067,0,60.46
777,42.2097,49,4.9953,0.9928,sit_stand,UNKNOWN,UNKNOWN,0.3067,0,59.138
778,42.231,49,4.99,0.9964,sit_stand,UNKNOWN,UNKNOWN,0.3067,0,58.182
779,42.2511,49,4.9961,0.9964,sit_stand,UNKNOWN,UNKNOWN,0.3067,0,58.029
780,42.2686,49,4.9982,0.9964,sit_stand,UNKNOWN,UNKNOWN,0.3067,0,59.447
781,42.2825,49,4.9984,1.0,sit_stand,UNKNOWN,UNKNOWN,0.3067,0,58.391
782,42.303,49,4.9925,1.0,sit_stand,UNKNOWN,UNKNOWN,0.3067,0,57.511
783,42.3233,49,4.9873,1.0,sit_stand,UNKNOWN,UNKNOWN,0.3067,0,56.553
784,42.3439,49,4.9931,1.0,sit_stand,UNKNOWN,UNKNOWN,0.3067,0,56.19
785,42.3628,49,4.9922,1.0,sit_stand,UNKNOWN,UNKNOWN,0.3067,0,55.559
786,42.383,49,4.9953,1.0,sit_stand,UNKNOWN,UNKNOWN,0.2933,1,54.884
787,42.4394,49,4.9882,1.0,sit_stand,UNKNOWN,UNKNOWN,0.2933,0,51.157
788,42.4603,49,4.9944,1.0,sit_stand,UNKNOWN,UNKNOWN,0.2933,0,53.739
789,42.4731,49,4.9946,1.0,sit_stand,UNKNOWN,UNKNOWN,0.2933,0,54.447
790,42.4896,49,4.9905,1.0,sit_stand,UNKNOWN,UNKNOWN,0.2933,0,53.906
791,42.5102,49,4.9981,1.0,sit_stand,UNKNOWN,UNKNOWN,0.2933,0,55.804
792,42.5237,49,4.9991,1.0,sit_stand,UNKNOWN,UNKNOWN,0.2933,0,57.634
793,42.537,49,4.9992,1.0,sit_stand,UNKNOWN,UNKNOWN,0.2933,0,57.821
794,42.5541,49,4.982,1.0,sit_stand,UNKNOWN,UNKNOWN,0.2933,0,58.559
795,42.5693,49,4.9972,1.0,sit_stand,UNKNOWN,UNKNOWN,0.2933,0,57.595
796,42.5899,49,4.9889,1.0,sit_stand,UNKNOWN,UNKNOWN,0.2933,0,56.814
797,42.6101,49,4.9957,1.0,sit_stand,UNKNOWN,UNKNOWN,0.2933,0,55.87
798,42.6313,49,4.9823,1.0,sit_stand,UNKNOWN,UNKNOWN,0.2933,0,54.714
799,42.6537,49,4.9857,1.0,sit_stand,UNKNOWN,UNKNOWN,0.2967,1,53.916
800,42.7121,49,4.9927,1.0,sit_stand,UNKNOWN,UNKNOWN,0.2967,0,50.425
801,42.7276,49,4.9885,1.0,sit_stand,UNKNOWN,UNKNOWN,0.2967,0,53.317
802,42.7402,49,4.9815,1.0,sit_stand,UNKNOWN,UNKNOWN,0.2967,0,54.383
803,42.7586,49,5.0,1.0,sit_stand,UNKNOWN,UNKNOWN,0.2967,0,54.934
804,42.7726,49,4.9875,1.0,sit_stand,UNKNOWN,UNKNOWN,0.2967,0,54.312
805,42.7932,49,4.9944,1.0,sit_stand,UNKNOWN,UNKNOWN,0.2967,0,56.17
806,42.8068,49,4.9946,1.0,sit_stand,UNKNOWN,UNKNOWN,0.2967,0,57.964
807,42.8201,49,4.9943,1.0,sit_stand,UNKNOWN,UNKNOWN,0.2967,0,59.592
808,42.8335,49,4.987,1.0,sit_stand,UNKNOWN,UNKNOWN,0.2967,0,60.298
809,42.8495,49,4.99,1.0,sit_stand,UNKNOWN,UNKNOWN,0.2967,0,60.181
810,42.8663,49,4.9934,1.0,sit_stand,UNKNOWN,UNKNOWN,0.2967,0,60.54
811,42.8814,49,4.9945,1.0,sit_stand,UNKNOWN,UNKNOWN,0.2967,0,60.954
812,42.8967,49,4.9892,1.0,sit_stand,UNKNOWN,UNKNOWN,0.2967,0,59.528
813,42.9183,49,4.998,1.0,sit_stand,UNKNOWN,UNKNOWN,0.3,1,60.9
814,42.9711,49,4.9996,1.0,sit_stand,UNKNOWN,UNKNOWN,0.3,0,56.434
815,42.9935,49,4.994,1.0,sit_stand,UNKNOWN,UNKNOWN,0.3,0,56.014
816,43.0133,49,4.9882,1.0,sit_stand,UNKNOWN,UNKNOWN,0.3,0,55.183
817,43.034,49,4.9957,1.0,sit_stand,UNKNOWN,UNKNOWN,0.3,0,57.005
818,43.0474,49,4.9956,1.0,sit_stand,UNKNOWN,UNKNOWN,0.3,0,58.955
819,43.0602,49,4.9916,1.0,sit_stand,UNKNOWN,UNKNOWN,0.3,0,60.564
820,43.0739,49,4.9916,1.0,sit_stand,UNKNOWN,UNKNOWN,0.3,0,61.27
821,43.0881,49,4.9935,1.0,sit_stand,UNKNOWN,UNKNOWN,0.3,0,61.264
822,43.1047,49,4.9974,1.0,sit_stand,UNKNOWN,UNKNOWN,0.3,0,62.664
823,43.1179,49,4.9984,1.0,sit_stand,UNKNOWN,UNKNOWN,0.3,0,64.56
824,43.1302,49,4.9968,1.0,sit_stand,UNKNOWN,UNKNOWN,0.3,0,64.455
825,43.146,49,4.9884,1.0,sit_stand,UNKNOWN,UNKNOWN,0.3,0,66.199
826,43.1581,49,4.9801,1.0,sit_stand,UNKNOWN,UNKNOWN,0.3,0,66.685
827,43.172,49,4.9939,1.0,sit_stand,UNKNOWN,UNKNOWN,0.3,1,66.876
828,43.2308,49,4.9942,1.0,sit_stand,UNKNOWN,UNKNOWN,0.3,0,61.829
829,43.2482,49,4.9939,1.0,sit_stand,UNKNOWN,UNKNOWN,0.3,0,60.226
830,43.2699,49,4.9957,1.0,sit_stand,UNKNOWN,UNKNOWN,0.3,0,60.346
831,43.286,49,4.9991,1.0,sit_stand,UNKNOWN,UNKNOWN,0.3,0,59.874
832,43.3041,49,4.9908,1.0,sit_stand,UNKNOWN,UNKNOWN,0.3,0,59.54
833,43.3218,49,4.9955,1.0,sit_stand,UNKNOWN,UNKNOWN,0.3,0,60.75
837,43.3857,49,4.9943,0.9885,sit_stand,UNKNOWN,UNKNOWN,0.3,0,61.924
839,43.4121,69,0.0,1.0,WARMING_UP,WARMING_UP,WARMING_UP,0.0,0,64.774
841,43.4375,69,0.0254,0.6667,WARMING_UP,WARMING_UP,WARMING_UP,0.0,0,64.914
847,43.536,72,0.0,1.0,WARMING_UP,WARMING_UP,WARMING_UP,0.0,0,65.558
848,43.5493,72,0.0133,1.0,WARMING_UP,WARMING_UP,WARMING_UP,0.0,0,63.45
849,43.572,72,0.036,1.0,WARMING_UP,WARMING_UP,WARMING_UP,0.0,0,64.275
850,43.5857,72,0.0497,1.0,WARMING_UP,WARMING_UP,WARMING_UP,0.0,0,64.958
851,43.5998,72,0.0638,1.0,WARMING_UP,WARMING_UP,WARMING_UP,0.0,0,65.884
852,43.6127,72,0.0767,1.0,WARMING_UP,WARMING_UP,WARMING_UP,0.0,0,64.198
874,43.9524,82,0.0,1.0,WARMING_UP,WARMING_UP,WARMING_UP,0.0,0,65.662
875,43.9753,82,0.0229,1.0,WARMING_UP,WARMING_UP,WARMING_UP,0.0,0,64.069
877,44.0072,82,0.0548,0.75,WARMING_UP,WARMING_UP,WARMING_UP,0.0,0,62.247
878,44.0301,82,0.0777,0.8,WARMING_UP,WARMING_UP,WARMING_UP,0.0,0,62.822
879,44.0444,82,0.092,0.8333,WARMING_UP,WARMING_UP,WARMING_UP,0.0,0,64.144
883,44.1056,82,0.1532,0.6,WARMING_UP,WARMING_UP,WARMING_UP,0.0,0,63.224
886,44.1521,82,0.1997,0.5385,WARMING_UP,WARMING_UP,WARMING_UP,0.0,0,63.387
888,44.1858,82,0.2334,0.5333,WARMING_UP,WARMING_UP,WARMING_UP,0.0,0,62.583
889,44.2065,82,0.2542,0.5625,WARMING_UP,WARMING_UP,WARMING_UP,0.0,0,62.085
890,44.224,82,0.2716,0.5882,WARMING_UP,WARMING_UP,WARMING_UP,0.0,0,60.71
891,44.2446,82,0.2922,0.6111,WARMING_UP,WARMING_UP,WARMING_UP,0.0,0,62.231
893,44.2688,82,0.3165,0.6,WARMING_UP,WARMING_UP,WARMING_UP,0.0,0,64.847
894,44.2842,82,0.3318,0.619,WARMING_UP,WARMING_UP,WARMING_UP,0.0,0,65.024
895,44.2991,82,0.3467,0.6364,WARMING_UP,WARMING_UP,WARMING_UP,0.0,0,63.552
896,44.3192,82,0.3668,0.6522,WARMING_UP,WARMING_UP,WARMING_UP,0.0,0,62.823
898,44.3498,91,0.0,1.0,WARMING_UP,WARMING_UP,WARMING_UP,0.0,0,63.741
899,44.3665,82,0.4142,0.6154,WARMING_UP,WARMING_UP,WARMING_UP,0.0,0,63.368
900,44.3832,82,0.4309,0.6296,WARMING_UP,WARMING_UP,WARMING_UP,0.0,0,62.266
900,44.3832,91,0.0334,0.6667,WARMING_UP,WARMING_UP,WARMING_UP,0.0,0,62.266
901,44.4023,91,0.0525,0.75,WARMING_UP,WARMING_UP,WARMING_UP,0.0,0,61.779
902,44.4196,82,0.4673,0.6207,WARMING_UP,WARMING_UP,WARMING_UP,0.0,0,62.113
903,44.4351,82,0.4828,0.6333,WARMING_UP,WARMING_UP,WARMING_UP,0.0,0,60.892
904,44.4553,82,0.5029,0.6452,WARMING_UP,WARMING_UP,WARMING_UP,0.0,0,62.139
905,44.4687,82,0.5164,0.6562,WARMING_UP,WARMING_UP,WARMING_UP,0.0,0,62.158
905,44.4687,92,0.0,1.0,WARMING_UP,WARMING_UP,WARMING_UP,0.0,0,62.158
906,44.4848,82,0.5324,0.6667,WARMING_UP,WARMING_UP,WARMING_UP,0.0,0,62.653
907,44.4998,92,0.031,0.6667,WARMING_UP,WARMING_UP,WARMING_UP,0.0,0,61.64
908,44.5188,92,0.0501,0.75,WARMING_UP,WARMING_UP,WARMING_UP,0.0,0,60.378
908,44.5188,82,0.5664,0.6571,WARMING_UP,WARMING_UP,WARMING_UP,0.0,0,60.378
909,44.5394,92,0.0706,0.8,WARMING_UP,WARMING_UP,WARMING_UP,0.0,0,60.953
910,44.5541,82,0.6017,0.6486,WARMING_UP,WARMING_UP,WARMING_UP,0.0,0,59.8
911,44.5748,92,0.1061,0.7143,WARMING_UP,WARMING_UP,WARMING_UP,0.0,0,60.64
912,44.5894,92,0.1207,0.75,WARMING_UP,WARMING_UP,WARMING_UP,0.0,0,59.191
913,44.6106,92,0.1418,0.7778,WARMING_UP,WARMING_UP,WARMING_UP,0.0,0,59.976
914,44.6255,92,0.1568,0.8,WARMING_UP,WARMING_UP,WARMING_UP,0.0,0,61.803
915,44.6383,92,0.1696,0.8182,WARMING_UP,WARMING_UP,WARMING_UP,0.0,0,62.059
915,44.6383,91,0.2885,0.2222,WARMING_UP,WARMING_UP,WARMING_UP,0.0,0,62.059
916,44.654,82,0.7016,0.5814,WARMING_UP,WARMING_UP,WARMING_UP,0.0,0,63.501
917,44.667,92,0.1983,0.7692,WARMING_UP,WARMING_UP,WARMING_UP,0.0,0,63.373
918,44.6831,92,0.2144,0.7857,WARMING_UP,WARMING_UP,WARMING_UP,0.0,0,65.191
918,44.6831,91,0.3333,0.2381,WARMING_UP,WARMING_UP,WARMING_UP,0.0,0,65.191
919,44.6956,92,0.2269,0.8,WARMING_UP,WARMING_UP,WARMING_UP,0.0,0,66.534
920,44.7081,82,0.7557,0.5532,WARMING_UP,WARMING_UP,WARMING_UP,0.0,0,65.861
921,44.7249,82,0.7725,0.5625,WARMING_UP,WARMING_UP,WARMING_UP,0.0,0,66.505
922,44.7385,82,0.7861,0.5714,WARMING_UP,WARMING_UP,WARMING_UP,0.0,0,67.674
923,44.7513,82,0.7989,0.58,WARMING_UP,WARMING_UP,WARMING_UP,0.0,0,68.084
924,44.7655,82,0.8131,0.5882,WARMING_UP,WARMING_UP,WARMING_UP,0.0,0,67.815
924,44.7655,91,0.4157,0.2222,WARMING_UP,WARMING_UP,WARMING_UP,0.0,0,67.815
925,44.7807,82,0.8283,0.5962,WARMING_UP,WARMING_UP,WARMING_UP,0.0,0,69.085
926,44.7931,82,0.8407,0.6038,WARMING_UP,WARMING_UP,WARMING_UP,0.0,0,70.15
927,44.8057,92,0.337,0.5652,WARMING_UP,WARMING_UP,WARMING_UP,0.0,0,69.828
928,44.8207,92,0.352,0.5833,WARMING_UP,WARMING_UP,WARMING_UP,0.0,0,70.527
929,44.8336,82,0.8812,0.5893,WARMING_UP,WARMING_UP,WARMING_UP,0.0,0,70.924
930,44.8469,82,0.8945,0.5965,WARMING_UP,WARMING_UP,WARMING_UP,0.0,0,71.123
930,44.8469,91,0.4971,0.2121,WARMING_UP,WARMING_UP,WARMING_UP,0.0,0,71.123
931,44.8606,82,0.9082,0.6034,WARMING_UP,WARMING_UP,WARMING_UP,0.0,0,72.213
932,44.8728,82,0.9204,0.6102,WARMING_UP,WARMING_UP,WARMING_UP,0.0,0,69.985
933,44.8933,82,0.9409,0.6167,WARMING_UP,WARMING_UP,WARMING_UP,0.0,0,70.826
934,44.9058,82,0.9534,0.623,WARMING_UP,WARMING_UP,WARMING_UP,0.0,0,69.83
935,44.9221,82,0.9697,0.629,WARMING_UP,WARMING_UP,WARMING_UP,0.0,0,69.748
936,44.9367,82,0.9843,0.6349,WARMING_UP,WARMING_UP,WARMING_UP,0.0,0,69.985
937,44.9506,91,0.6008,0.2,WARMING_UP,WARMING_UP,WARMING_UP,0.0,0,70.442
938,44.9638,91,0.614,0.2195,WARMING_UP,WARMING_UP,WARMING_UP,0.0,0,71.433
939,44.9762,91,0.6264,0.2381,WARMING_UP,WARMING_UP,WARMING_UP,0.0,0,72.621
940,44.9882,91,0.6384,0.2558,WARMING_UP,WARMING_UP,WARMING_UP,0.0,0,73.239
941,45.0009,91,0.6511,0.2727,WARMING_UP,WARMING_UP,WARMING_UP,0.0,0,73.896
941,45.0009,82,1.0486,0.6029,WARMING_UP,WARMING_UP,WARMING_UP,0.0,0,73.896
942,45.0136,82,1.0612,0.6087,WARMING_UP,WARMING_UP,WARMING_UP,0.0,0,74.381
943,45.0265,82,1.0741,0.6143,WARMING_UP,WARMING_UP,WARMING_UP,0.0,0,71.164
944,45.0498,82,1.0974,0.6197,WARMING_UP,WARMING_UP,WARMING_UP,0.0,0,71.495
945,45.0634,82,1.111,0.625,WARMING_UP,WARMING_UP,WARMING_UP,0.0,0,72.04
946,45.0763,91,0.7265,0.2653,WARMING_UP,WARMING_UP,WARMING_UP,0.0,0,72.911
947,45.0886,82,1.1362,0.6216,WARMING_UP,WARMING_UP,WARMING_UP,0.0,0,73.595
948,45.1013,82,1.149,0.6267,WARMING_UP,WARMING_UP,WARMING_UP,0.0,0,73.675
949,45.1148,82,1.1624,0.6316,WARMING_UP,WARMING_UP,WARMING_UP,0.0,0,74.584
950,45.1264,82,1.174,0.6364,WARMING_UP,WARMING_UP,WARMING_UP,0.0,0,75.429
951,45.1388,82,1.1864,0.641,WARMING_UP,WARMING_UP,WARMING_UP,0.0,0,75.969
952,45.1517,82,1.1994,0.6456,WARMING_UP,WARMING_UP,WARMING_UP,0.0,0,75.79
953,45.1645,82,1.2122,0.65,WARMING_UP,WARMING_UP,WARMING_UP,0.0,0,74.878
954,45.1796,82,1.2272,0.6543,WARMING_UP,WARMING_UP,WARMING_UP,0.0,0,75.528
955,45.192,82,1.2396,0.6585,WARMING_UP,WARMING_UP,WARMING_UP,0.0,0,76.254
956,45.2041,82,1.2518,0.6627,WARMING_UP,WARMING_UP,WARMING_UP,0.0,0,75.058
957,45.2197,82,1.2673,0.6667,WARMING_UP,WARMING_UP,WARMING_UP,0.0,0,74.999
958,45.2329,82,1.2805,0.6706,WARMING_UP,WARMING_UP,WARMING_UP,0.0,0,75.884
959,45.2452,82,1.2928,0.6744,WARMING_UP,WARMING_UP,WARMING_UP,0.0,0,75.172
960,45.2596,82,1.3073,0.6782,WARMING_UP,WARMING_UP,WARMING_UP,0.0,0,74.976
961,45.2732,82,1.3208,0.6818,WARMING_UP,WARMING_UP,WARMING_UP,0.0,0,75.256
962,45.2863,82,1.3339,0.6854,WARMING_UP,WARMING_UP,WARMING_UP,0.0,0,74.913
963,45.3,82,1.3476,0.6889,WARMING_UP,WARMING_UP,WARMING_UP,0.0,0,75.141
964,45.313,82,1.3606,0.6923,WARMING_UP,WARMING_UP,WARMING_UP,0.0,0,75.815
965,45.3252,82,1.3728,0.6957,WARMING_UP,WARMING_UP,WARMING_UP,0.0,0,76.253
966,45.3374,82,1.385,0.6989,WARMING_UP,WARMING_UP,WARMING_UP,0.0,0,76.69
967,45.3502,82,1.3979,0.7021,WARMING_UP,WARMING_UP,WARMING_UP,0.0,0,76.421
968,45.3634,82,1.411,0.7053,WARMING_UP,WARMING_UP,WARMING_UP,0.0,0,75.711
969,45.3784,82,1.426,0.7083,WARMING_UP,WARMING_UP,WARMING_UP,0.0,0,76.158
970,45.3904,82,1.4381,0.7113,WARMING_UP,WARMING_UP,WARMING_UP,0.0,0,76.054
971,45.4036,82,1.4512,0.7143,WARMING_UP,WARMING_UP,WARMING_UP,0.0,0,75.258
972,45.4184,82,1.466,0.7172,WARMING_UP,WARMING_UP,WARMING_UP,0.0,0,75.332
973,45.4316,82,1.4792,0.72,WARMING_UP,WARMING_UP,WARMING_UP,0.0,0,76.072
974,45.4435,82,1.4911,0.7228,WARMING_UP,WARMING_UP,WARMING_UP,0.0,0,74.803
975,45.4594,82,1.507,0.7255,WARMING_UP,WARMING_UP,WARMING_UP,0.0,0,75.595
976,45.4714,82,1.519,0.7282,WARMING_UP,WARMING_UP,WARMING_UP,0.0,0,74.009
977,45.4881,82,1.5357,0.7308,WARMING_UP,WARMING_UP,WARMING_UP,0.0,0,72.694
978,45.5052,82,1.5528,0.7333,WARMING_UP,WARMING_UP,WARMING_UP,0.0,0,70.346
979,45.525,82,1.5726,0.7358,WARMING_UP,WARMING_UP,WARMING_UP,0.0,0,69.824
980,45.5406,82,1.5882,0.7383,WARMING_UP,WARMING_UP,WARMING_UP,0.0,0,70.566
981,45.5534,82,1.601,0.7407,WARMING_UP,WARMING_UP,WARMING_UP,0.0,0,70.804
982,45.5673,82,1.6149,0.7431,WARMING_UP,WARMING_UP,WARMING_UP,0.0,0,68.748
983,45.5872,82,1.6348,0.7455,WARMING_UP,WARMING_UP,WARMING_UP,0.0,0,69.349
984,45.6004,82,1.648,0.7477,WARMING_UP,WARMING_UP,WARMING_UP,0.0,0,68.761
985,45.6162,82,1.6639,0.75,WARMING_UP,WARMING_UP,WARMING_UP,0.0,0,69.041
986,45.6301,82,1.6777,0.7522,WARMING_UP,WARMING_UP,WARMING_UP,0.0,0,70.497
987,45.6421,82,1.6898,0.7544,WARMING_UP,WARMING_UP,WARMING_UP,0.0,0,71.345
988,45.6546,82,1.7022,0.7565,WARMING_UP,WARMING_UP,WARMING_UP,0.0,0,72.325
989,45.6667,82,1.7144,0.7586,WARMING_UP,WARMING_UP,WARMING_UP,0.0,0,72.952
990,45.6796,82,1.7272,0.7607,WARMING_UP,WARMING_UP,WARMING_UP,0.0,0,74.165
991,45.6916,82,1.7392,0.7627,WARMING_UP,WARMING_UP,WARMING_UP,0.0,0,74.944
992,45.7036,82,1.7512,0.7647,WARMING_UP,WARMING_UP,WARMING_UP,0.0,0,74.629
993,45.7177,82,1.7653,0.7667,WARMING_UP,WARMING_UP,WARMING_UP,0.0,0,74.546
994,45.7312,82,1.7788,0.7686,WARMING_UP,WARMING_UP,WARMING_UP,0.0,0,75.38
995,45.7433,82,1.7909,0.7705,WARMING_UP,WARMING_UP,WARMING_UP,0.0,0,74.784
996,45.7576,82,1.8053,0.7724,WARMING_UP,WARMING_UP,WARMING_UP,0.0,0,75.561
997,45.7697,82,1.8173,0.7742,WARMING_UP,WARMING_UP,WARMING_UP,0.0,0,73.083
998,45.7896,82,1.8373,0.776,WARMING_UP,WARMING_UP,WARMING_UP,0.0,0,73.227
999,45.8029,82,1.8505,0.7778,WARMING_UP,WARMING_UP,WARMING_UP,0.0,0,71.623
1000,45.8208,82,1.8684,0.7795,WARMING_UP,WARMING_UP,WARMING_UP,0.0,0,72.022
1001,45.8339,82,1.8815,0.7812,WARMING_UP,WARMING_UP,WARMING_UP,0.0,0,69.651
1002,45.8544,82,1.902,0.7829,WARMING_UP,WARMING_UP,WARMING_UP,0.0,0,67.741
1003,45.874,82,1.9217,0.7846,WARMING_UP,WARMING_UP,WARMING_UP,0.0,0,68.504
1004,45.8871,82,1.9347,0.7863,WARMING_UP,WARMING_UP,WARMING_UP,0.0,0,70.032
1005,45.8991,82,1.9467,0.7879,WARMING_UP,WARMING_UP,WARMING_UP,0.0,0,68.255
1006,45.9184,82,1.966,0.7895,WARMING_UP,WARMING_UP,WARMING_UP,0.0,0,66.866
1007,45.9367,82,1.9843,0.791,WARMING_UP,WARMING_UP,WARMING_UP,0.0,0,65.588
1008,45.9551,82,2.0028,0.7926,WARMING_UP,WARMING_UP,WARMING_UP,0.0,0,63.806
1009,45.9763,82,2.024,0.7941,WARMING_UP,WARMING_UP,WARMING_UP,0.0,0,62.151
1010,45.9975,82,2.0451,0.7956,WARMING_UP,WARMING_UP,WARMING_UP,0.0,0,61.097
1011,46.0169,82,2.0646,0.7971,WARMING_UP,WARMING_UP,WARMING_UP,0.0,0,60.074
1012,46.0366,82,2.0842,0.7986,WARMING_UP,WARMING_UP,WARMING_UP,0.0,0,61.674
1013,46.0494,82,2.097,0.8,WARMING_UP,WARMING_UP,WARMING_UP,0.0,0,63.048
1014,46.063,82,2.1106,0.8014,WARMING_UP,WARMING_UP,WARMING_UP,0.0,0,61.379
1015,46.0848,82,2.1324,0.8028,WARMING_UP,WARMING_UP,WARMING_UP,0.0,0,62.381
1016,46.0988,82,2.1465,0.8042,WARMING_UP,WARMING_UP,WARMING_UP,0.0,0,63.234
1017,46.1127,82,2.1603,0.8056,WARMING_UP,WARMING_UP,WARMING_UP,0.0,0,64.901
1018,46.1253,82,2.1729,0.8069,WARMING_UP,WARMING_UP,WARMING_UP,0.0,0,65.75
1019,46.1385,82,2.1861,0.8082,WARMING_UP,WARMING_UP,WARMING_UP,0.0,0,66.194
1020,46.1527,82,2.2003,0.8095,WARMING_UP,WARMING_UP,WARMING_UP,0.0,0,67.533
1021,46.1654,82,2.2131,0.8108,WARMING_UP,WARMING_UP,WARMING_UP,0.0,0,68.909
1022,46.1776,82,2.2253,0.8121,WARMING_UP,WARMING_UP,WARMING_UP,0.0,0,70.02
1023,46.1903,82,2.2379,0.8133,WARMING_UP,WARMING_UP,WARMING_UP,0.0,0,67.906
1024,46.2109,82,2.2586,0.8146,WARMING_UP,WARMING_UP,WARMING_UP,0.0,0,68.304
1025,46.2247,82,2.2724,0.8158,WARMING_UP,WARMING_UP,WARMING_UP,0.0,0,66.297
1026,46.2453,82,2.293,0.817,WARMING_UP,WARMING_UP,WARMING_UP,0.0,0,65.172
1027,46.2636,82,2.3112,0.8182,WARMING_UP,WARMING_UP,WARMING_UP,0.0,0,66.39
1028,46.2765,82,2.3241,0.8194,WARMING_UP,WARMING_UP,WARMING_UP,0.0,0,66.858
1029,46.2906,82,2.3382,0.8205,WARMING_UP,WARMING_UP,WARMING_UP,0.0,0,68.219
1030,46.3031,82,2.3507,0.8217,WARMING_UP,WARMING_UP,WARMING_UP,0.0,0,68.679
1031,46.3166,82,2.3642,0.8228,WARMING_UP,WARMING_UP,WARMING_UP,0.0,0,69.495
1032,46.3298,82,2.3774,0.8239,WARMING_UP,WARMING_UP,WARMING_UP,0.0,0,70.697
1033,46.3421,82,2.3898,0.825,WARMING_UP,WARMING_UP,WARMING_UP,0.0,0,70.736
1034,46.356,82,2.4036,0.8261,WARMING_UP,WARMING_UP,WARMING_UP,0.0,0,71.908
1035,46.3681,82,2.4158,0.8272,WARMING_UP,WARMING_UP,WARMING_UP,0.0,0,70.94
1036,46.3843,82,2.4319,0.8282,WARMING_UP,WARMING_UP,WARMING_UP,0.0,0,71.294
1037,46.3977,82,2.4454,0.8293,WARMING_UP,WARMING_UP,WARMING_UP,0.0,0,71.408
1038,46.4117,82,2.4593,0.8303,WARMING_UP,WARMING_UP,WARMING_UP,0.0,0,72.362
1039,46.424,82,2.4716,0.8313,WARMING_UP,WARMING_UP,WARMING_UP,0.0,0,69.902
1040,46.4478,82,2.4954,0.8323,WARMING_UP,WARMING_UP,WARMING_UP,0.0,0,67.362
1041,46.4674,82,2.515,0.8333,WARMING_UP,WARMING_UP,WARMING_UP,0.0,0,67.701
1042,46.4814,82,2.5291,0.8343,WARMING_UP,WARMING_UP,WARMING_UP,0.0,0,66.862
1043,46.4984,82,2.546,0.8353,WARMING_UP,WARMING_UP,WARMING_UP,0.0,0,65.539
1044,46.517,82,2.5647,0.8363,WARMING_UP,WARMING_UP,WARMING_UP,0.0,0,66.155
1045,46.5308,82,2.5784,0.8372,WARMING_UP,WARMING_UP,WARMING_UP,0.0,0,64.435
1046,46.5513,82,2.5989,0.8382,WARMING_UP,WARMING_UP,WARMING_UP,0.0,0,63.313
1047,46.57,82,2.6177,0.8391,WARMING_UP,WARMING_UP,WARMING_UP,0.0,0,63.128
1048,46.586,82,2.6336,0.84,WARMING_UP,WARMING_UP,WARMING_UP,0.0,0,62.045
1049,46.6056,82,2.6532,0.8409,WARMING_UP,WARMING_UP,WARMING_UP,0.0,0,62.574
1050,46.6205,82,2.6681,0.8418,WARMING_UP,WARMING_UP,WARMING_UP,0.0,0,61.383
1051,46.6402,82,2.6878,0.8427,WARMING_UP,WARMING_UP,WARMING_UP,0.0,0,59.552
1052,46.6636,82,2.7112,0.8436,WARMING_UP,WARMING_UP,WARMING_UP,0.0,0,58.43
1053,46.6867,82,2.7343,0.8444,WARMING_UP,WARMING_UP,WARMING_UP,0.0,0,56.83
1054,46.7078,82,2.7554,0.8453,WARMING_UP,WARMING_UP,WARMING_UP,0.0,0,57.342
1055,46.7237,82,2.7714,0.8462,WARMING_UP,WARMING_UP,WARMING_UP,0.0,0,56.827
1056,46.7428,82,2.7904,0.847,WARMING_UP,WARMING_UP,WARMING_UP,0.0,0,56.01
1057,46.7664,82,2.8141,0.8478,WARMING_UP,WARMING_UP,WARMING_UP,0.0,0,56.575
1058,46.7795,82,2.8271,0.8486,WARMING_UP,WARMING_UP,WARMING_UP,0.0,0,56.307
1059,46.7978,82,2.8455,0.8495,WARMING_UP,WARMING_UP,WARMING_UP,0.0,0,57.463
1060,46.8126,82,2.8603,0.8503,WARMING_UP,WARMING_UP,WARMING_UP,0.0,0,56.829
1061,46.8323,82,2.8799,0.8511,WARMING_UP,WARMING_UP,WARMING_UP,0.0,0,56.815
1062,46.8501,82,2.8978,0.8519,WARMING_UP,WARMING_UP,WARMING_UP,0.0,0,57.284
1063,46.8661,82,2.9137,0.8526,WARMING_UP,WARMING_UP,WARMING_UP,0.0,0,56.672
1064,46.8861,82,2.9337,0.8534,WARMING_UP,WARMING_UP,WARMING_UP,0.0,0,58.81
1064,46.8861,101,0.0,1.0,WARMING_UP,WARMING_UP,WARMING_UP,0.0,0,58.81
1065,46.8986,82,2.9462,0.8542,WARMING_UP,WARMING_UP,WARMING_UP,0.0,0,57.896
1066,46.9189,82,2.9666,0.8549,WARMING_UP,WARMING_UP,WARMING_UP,0.0,0,56.623
1067,46.9413,82,2.9889,0.8557,WARMING_UP,WARMING_UP,WARMING_UP,0.0,0,58.084
1068,46.955,82,3.0026,0.8564,WARMING_UP,WARMING_UP,WARMING_UP,0.0,0,57.059
1069,46.9761,82,3.0237,0.8571,WARMING_UP,WARMING_UP,WARMING_UP,0.0,0,58.75
1070,46.9895,82,3.0371,0.8579,WARMING_UP,WARMING_UP,WARMING_UP,0.0,0,57.599
1071,47.0104,82,3.0581,0.8586,WARMING_UP,WARMING_UP,WARMING_UP,0.0,0,56.862
1072,47.0303,82,3.0779,0.8593,WARMING_UP,WARMING_UP,WARMING_UP,0.0,0,58.139
1073,47.045,82,3.0926,0.86,WARMING_UP,WARMING_UP,WARMING_UP,0.0,0,59.376
1074,47.0594,82,3.107,0.8607,WARMING_UP,WARMING_UP,WARMING_UP,0.0,0,60.537
1075,47.0732,82,3.1209,0.8614,WARMING_UP,WARMING_UP,WARMING_UP,0.0,0,62.15
1076,47.086,82,3.1336,0.8621,WARMING_UP,WARMING_UP,WARMING_UP,0.0,0,64.122
1077,47.0984,82,3.146,0.8627,WARMING_UP,WARMING_UP,WARMING_UP,0.0,0,65.438
1078,47.1112,82,3.1588,0.8634,WARMING_UP,WARMING_UP,WARMING_UP,0.0,0,67.39
1079,47.1229,82,3.1705,0.8641,WARMING_UP,WARMING_UP,WARMING_UP,0.0,0,65.367
1080,47.1442,82,3.1919,0.8647,WARMING_UP,WARMING_UP,WARMING_UP,0.0,0,66.922
1081,47.1566,82,3.2043,0.8654,WARMING_UP,WARMING_UP,WARMING_UP,0.0,0,68.21
1082,47.1688,82,3.2165,0.866,WARMING_UP,WARMING_UP,WARMING_UP,0.0,0,68.682
1083,47.1827,82,3.2304,0.8667,WARMING_UP,WARMING_UP,WARMING_UP,0.0,0,66.72
1084,47.2032,82,3.2509,0.8673,WARMING_UP,WARMING_UP,WARMING_UP,0.0,0,66.039
1085,47.2197,82,3.2673,0.8679,WARMING_UP,WARMING_UP,WARMING_UP,0.0,0,64.533
1086,47.2397,82,3.2873,0.8685,WARMING_UP,WARMING_UP,WARMING_UP,0.0,0,62.669
1087,47.2612,82,3.3088,0.8692,WARMING_UP,WARMING_UP,WARMING_UP,0.0,0,62.463
1088,47.2781,82,3.3257,0.8698,WARMING_UP,WARMING_UP,WARMING_UP,0.0,0,61.191
1089,47.2981,82,3.3457,0.8704,WARMING_UP,WARMING_UP,WARMING_UP,0.0,0,61.962
1090,47.3125,82,3.3601,0.871,WARMING_UP,WARMING_UP,WARMING_UP,0.0,0,63.374
1091,47.3254,82,3.373,0.8716,WARMING_UP,WARMING_UP,WARMING_UP,0.0,0,64.923
1092,47.338,82,3.3856,0.8721,WARMING_UP,WARMING_UP,WARMING_UP,0.0,0,63.492
1093,47.3584,82,3.406,0.8727,WARMING_UP,WARMING_UP,WARMING_UP,0.0,0,63.143
1094,47.3752,82,3.4228,0.8733,WARMING_UP,WARMING_UP,WARMING_UP,0.0,0,61.683
1095,47.3954,82,3.443,0.8739,WARMING_UP,WARMING_UP,WARMING_UP,0.0,0,61.168
1096,47.4127,82,3.4604,0.8744,WARMING_UP,WARMING_UP,WARMING_UP,0.0,0,61.304
1097,47.4288,82,3.4765,0.875,WARMING_UP,WARMING_UP,WARMING_UP,0.0,0,60.211
1098,47.449,82,3.4966,0.8756,WARMING_UP,WARMING_UP,WARMING_UP,0.0,0,59.244
1099,47.4691,82,3.5167,0.8761,WARMING_UP,WARMING_UP,WARMING_UP,0.0,0,58.115
1100,47.4899,82,3.5376,0.8767,WARMING_UP,WARMING_UP,WARMING_UP,0.0,0,57.413
1101,47.5089,82,3.5565,0.8772,WARMING_UP,WARMING_UP,WARMING_UP,0.0,0,56.705
1102,47.5288,82,3.5764,0.8777,WARMING_UP,WARMING_UP,WARMING_UP,0.0,0,56.107
1103,47.5487,82,3.5963,0.8783,WARMING_UP,WARMING_UP,WARMING_UP,0.0,0,58.564
1104,47.5606,82,3.6082,0.8788,WARMING_UP,WARMING_UP,WARMING_UP,0.0,0,61.436
1105,47.5727,82,3.6203,0.8793,WARMING_UP,WARMING_UP,WARMING_UP,0.0,0,61.236
1106,47.5893,82,3.637,0.8798,WARMING_UP,WARMING_UP,WARMING_UP,0.0,0,63.535
1107,47.601,82,3.6486,0.8803,WARMING_UP,WARMING_UP,WARMING_UP,0.0,0,65.485
1108,47.6131,82,3.6607,0.8809,WARMING_UP,WARMING_UP,WARMING_UP,0.0,0,66.51
1109,47.6262,82,3.6738,0.8814,WARMING_UP,WARMING_UP,WARMING_UP,0.0,0,66.219
1110,47.6423,82,3.6899,0.8819,WARMING_UP,WARMING_UP,WARMING_UP,0.0,0,64.426
1111,47.663,82,3.7106,0.8824,WARMING_UP,WARMING_UP,WARMING_UP,0.0,0,64.867
1112,47.6774,82,3.725,0.8828,WARMING_UP,WARMING_UP,WARMING_UP,0.0,0,65.622
1113,47.6913,82,3.7389,0.8833,WARMING_UP,WARMING_UP,WARMING_UP,0.0,0,67.238
1114,47.7033,82,3.751,0.8838,WARMING_UP,WARMING_UP,WARMING_UP,0.0,0,66.833
1115,47.7194,82,3.767,0.8843,WARMING_UP,WARMING_UP,WARMING_UP,0.0,0,68.315
1116,47.7312,82,3.7788,0.8848,WARMING_UP,WARMING_UP,WARMING_UP,0.0,0,69.528
1117,47.7438,82,3.7914,0.8852,WARMING_UP,WARMING_UP,WARMING_UP,0.0,0,70.255
1118,47.7568,82,3.8044,0.8857,WARMING_UP,WARMING_UP,WARMING_UP,0.0,0,70.53
1119,47.7704,82,3.818,0.8862,WARMING_UP,WARMING_UP,WARMING_UP,0.0,0,70.741
1120,47.7842,82,3.8318,0.8866,WARMING_UP,WARMING_UP,WARMING_UP,0.0,0,71.63
1121,47.7965,82,3.8441,0.8871,WARMING_UP,WARMING_UP,WARMING_UP,0.0,0,69.434
1122,47.8171,82,3.8647,0.8876,WARMING_UP,WARMING_UP,WARMING_UP,0.0,0,69.472
1123,47.8312,82,3.8788,0.888,WARMING_UP,WARMING_UP,WARMING_UP,0.0,0,67.715
1124,47.8509,82,3.8985,0.8884,WARMING_UP,WARMING_UP,WARMING_UP,0.0,0,68.038
1125,47.865,82,3.9126,0.8889,WARMING_UP,WARMING_UP,WARMING_UP,0.0,0,66.966
1126,47.882,82,3.9296,0.8893,WARMING_UP,WARMING_UP,WARMING_UP,0.0,0,65.929
1127,47.9001,82,3.9477,0.8898,WARMING_UP,WARMING_UP,WARMING_UP,0.0,0,67.103
1128,47.9127,82,3.9603,0.8902,WARMING_UP,WARMING_UP,WARMING_UP,0.0,0,67.318
1129,47.9274,82,3.9751,0.8906,WARMING_UP,WARMING_UP,WARMING_UP,0.0,0,66.795
1130,47.9433,82,3.991,0.8911,WARMING_UP,WARMING_UP,WARMING_UP,0.0,0,67.842
1131,47.9563,82,4.0039,0.8915,sit_stand,UNKNOWN,UNKNOWN,0.2967,1,68.184
1132,48.0063,82,4.0539,0.8919,sit_stand,UNKNOWN,UNKNOWN,0.2967,0,63.228
1133,48.024,82,4.0717,0.8923,sit_stand,UNKNOWN,UNKNOWN,0.2967,0,63.09
1134,48.0401,82,4.0877,0.8927,sit_stand,UNKNOWN,UNKNOWN,0.2967,0,62.254
1135,48.0583,82,4.106,0.8931,sit_stand,UNKNOWN,UNKNOWN,0.2967,0,63.606
1136,48.0721,82,4.1197,0.8935,sit_stand,UNKNOWN,UNKNOWN,0.2967,0,64.293
1137,48.0858,82,4.1334,0.8939,sit_stand,UNKNOWN,UNKNOWN,0.2967,0,63.668
1138,48.103,82,4.1506,0.8943,sit_stand,UNKNOWN,UNKNOWN,0.2967,0,65.744
1139,48.1149,82,4.1625,0.8947,sit_stand,UNKNOWN,UNKNOWN,0.2967,0,66.021
1140,48.1294,82,4.177,0.8951,sit_stand,UNKNOWN,UNKNOWN,0.2967,0,67.311
1141,48.142,82,4.1896,0.8955,sit_stand,UNKNOWN,UNKNOWN,0.2967,0,68.824
1142,48.1544,82,4.202,0.8959,sit_stand,UNKNOWN,UNKNOWN,0.2967,0,66.531
1143,48.1763,82,4.2239,0.8963,sit_stand,UNKNOWN,UNKNOWN,0.2967,0,64.393
1144,48.1981,82,4.2458,0.8967,sit_stand,UNKNOWN,UNKNOWN,0.2967,0,66.189
1145,48.2102,82,4.2578,0.8971,sit_stand,UNKNOWN,UNKNOWN,0.3067,1,67.778
1146,48.2603,82,4.3079,0.8974,sit_stand,UNKNOWN,UNKNOWN,0.3067,0,62.799
1147,48.2781,82,4.3257,0.8978,sit_stand,UNKNOWN,UNKNOWN,0.3067,0,64.029
1148,48.2915,82,4.3391,0.8982,sit_stand,UNKNOWN,UNKNOWN,0.3067,0,62.602
1149,48.3115,82,4.3592,0.8986,sit_stand,UNKNOWN,UNKNOWN,0.3067,0,63.917
1150,48.3247,82,4.3723,0.8989,sit_stand,UNKNOWN,UNKNOWN,0.3067,0,62.579
1151,48.3446,82,4.3922,0.8993,sit_stand,UNKNOWN,UNKNOWN,0.3067,0,61.283
1152,48.3647,82,4.4124,0.8996,sit_stand,UNKNOWN,UNKNOWN,0.3067,0,60.212
1153,48.3843,82,4.4319,0.9,sit_stand,UNKNOWN,UNKNOWN,0.3067,0,59.183
1154,48.4045,82,4.4521,0.9004,sit_stand,UNKNOWN,UNKNOWN,0.3067,0,58.248
1155,48.4248,82,4.4724,0.9007,sit_stand,UNKNOWN,UNKNOWN,0.3067,0,58.773
1156,48.4403,82,4.4879,0.9011,sit_stand,UNKNOWN,UNKNOWN,0.3067,0,59.47
1157,48.4556,82,4.5033,0.9014,sit_stand,UNKNOWN,UNKNOWN,0.3067,0,60.577
1158,48.4698,82,4.5174,0.9018,sit_stand,UNKNOWN,UNKNOWN,0.3167,1,59.47
1159,48.5288,82,4.5765,0.9021,sit_stand,UNKNOWN,UNKNOWN,0.3167,0,55.224
1160,48.5492,82,4.5968,0.9024,sit_stand,UNKNOWN,UNKNOWN,0.3167,0,55.778
1161,48.5657,82,4.6133,0.9028,sit_stand,UNKNOWN,UNKNOWN,0.3167,0,57.749
1162,48.5783,82,4.6259,0.9031,sit_stand,UNKNOWN,UNKNOWN,0.3167,0,59.319
1163,48.592,82,4.6396,0.9034,sit_stand,UNKNOWN,UNKNOWN,0.3167,0,61.463
1164,48.6044,82,4.652,0.9038,sit_stand,UNKNOWN,UNKNOWN,0.3167,0,63.762
1165,48.6161,82,4.6637,0.9041,sit_stand,UNKNOWN,UNKNOWN,0.3167,0,65.513
1166,48.6288,82,4.6764,0.9044,sit_stand,UNKNOWN,UNKNOWN,0.3167,0,66.557
1167,48.6417,82,4.6894,0.9048,sit_stand,UNKNOWN,UNKNOWN,0.3167,0,67.55
1168,48.655,82,4.7026,0.9051,sit_stand,UNKNOWN,UNKNOWN,0.3167,0,69.024
1169,48.6672,82,4.7148,0.9054,sit_stand,UNKNOWN,UNKNOWN,0.3167,0,70.123
1170,48.6797,82,4.7273,0.9057,sit_stand,UNKNOWN,UNKNOWN,0.3167,0,70.824
1171,48.6927,82,4.7403,0.906,sit_stand,UNKNOWN,UNKNOWN,0.3167,0,71.235
1172,48.7058,82,4.7535,0.9064,sit_stand,UNKNOWN,UNKNOWN,0.3167,0,72.539
1173,48.7179,82,4.7655,0.9067,sit_stand,UNKNOWN,UNKNOWN,0.3167,0,73.214
1174,48.73,82,4.7776,0.907,sit_stand,UNKNOWN,UNKNOWN,0.3167,1,74.049
1175,48.7803,82,4.8279,0.9073,sit_stand,UNKNOWN,UNKNOWN,0.3167,0,68.354
1176,48.8014,82,4.849,0.9076,sit_stand,UNKNOWN,UNKNOWN,0.3167,0,66.672
1177,48.8204,82,4.868,0.9079,sit_stand,UNKNOWN,UNKNOWN,0.3167,0,67.527
1178,48.8336,82,4.8812,0.9082,sit_stand,UNKNOWN,UNKNOWN,0.3167,0,68.745
1179,48.8462,82,4.8938,0.9085,sit_stand,UNKNOWN,UNKNOWN,0.3167,0,66.888
1180,48.8664,82,4.914,0.9088,sit_stand,UNKNOWN,UNKNOWN,0.3167,0,65.789
1181,48.8843,82,4.9319,0.9091,sit_stand,UNKNOWN,UNKNOWN,0.3167,0,63.981
1182,48.9051,82,4.9528,0.9094,sit_stand,UNKNOWN,UNKNOWN,0.3167,0,62.809
1183,48.9242,82,4.9718,0.9097,sit_stand,UNKNOWN,UNKNOWN,0.3167,0,61.298
1184,48.9451,82,4.9928,0.91,sit_stand,UNKNOWN,UNKNOWN,0.3167,0,62.576
1185,48.9586,82,4.9833,0.91,sit_stand,UNKNOWN,UNKNOWN,0.3167,0,61.321
1186,48.9787,82,4.9866,0.91,sit_stand,UNKNOWN,UNKNOWN,0.3167,0,62.513
1187,48.9922,82,4.9851,0.9132,sit_stand,UNKNOWN,UNKNOWN,0.3033,1,60.983
1188,49.0529,82,4.9947,0.9126,sit_stand,UNKNOWN,UNKNOWN,0.3033,0,56.674
1189,49.0697,82,4.9998,0.9159,sit_stand,UNKNOWN,UNKNOWN,0.3033,0,55.413
1190,49.0925,82,4.9869,0.9221,sit_stand,UNKNOWN,UNKNOWN,0.3033,0,56.12
1191,49.1087,82,4.9855,0.9221,sit_stand,UNKNOWN,UNKNOWN,0.3033,0,57.299
1192,49.1231,82,4.9999,0.9223,sit_stand,UNKNOWN,UNKNOWN,0.3033,0,58.388
1193,49.1374,82,4.9976,0.9256,sit_stand,UNKNOWN,UNKNOWN,0.3033,0,60.59
1194,49.1499,82,4.9978,0.9288,sit_stand,UNKNOWN,UNKNOWN,0.3033,0,61.214
1195,49.1647,82,4.9929,0.9288,sit_stand,UNKNOWN,UNKNOWN,0.3033,0,63.499
1196,49.1768,82,4.991,0.932,sit_stand,UNKNOWN,UNKNOWN,0.3033,0,64.401
1197,49.1907,82,4.9842,0.932,sit_stand,UNKNOWN,UNKNOWN,0.3033,0,64.666
1198,49.2054,82,4.9989,0.9323,sit_stand,UNKNOWN,UNKNOWN,0.3033,0,66.431
1199,49.218,82,4.994,0.9323,sit_stand,UNKNOWN,UNKNOWN,0.3033,0,67.634
1200,49.2303,82,4.9856,0.9323,sit_stand,UNKNOWN,UNKNOWN,0.3033,0,67.452
1201,49.2454,82,4.9878,0.9323,sit_stand,UNKNOWN,UNKNOWN,0.32,1,68.689
1202,49.2957,82,4.9965,0.9351,sit_stand,UNKNOWN,UNKNOWN,0.32,0,63.746
1203,49.3099,82,4.9907,0.9351,sit_stand,UNKNOWN,UNKNOWN,0.32,0,65.698
1204,49.3219,82,4.9849,0.9351,sit_stand,UNKNOWN,UNKNOWN,0.32,0,67.465
1205,49.334,82,4.997,0.9353,sit_stand,UNKNOWN,UNKNOWN,0.32,0,68.353
1206,49.3472,82,4.9974,0.9385,sit_stand,UNKNOWN,UNKNOWN,0.32,0,68.708
1207,49.361,82,4.9945,0.9417,sit_stand,UNKNOWN,UNKNOWN,0.32,0,69.003
1208,49.3749,82,4.9917,0.9417,sit_stand,UNKNOWN,UNKNOWN,0.32,0,68.555
1209,49.3902,82,4.9879,0.9417,sit_stand,UNKNOWN,UNKNOWN,0.32,0,69.639
1210,49.4029,82,4.9832,0.945,sit_stand,UNKNOWN,UNKNOWN,0.32,0,67.559
1211,49.4234,82,4.9883,0.945,sit_stand,UNKNOWN,UNKNOWN,0.32,0,66.273
1212,49.442,82,4.9867,0.945,sit_stand,UNKNOWN,UNKNOWN,0.32,0,66.871
1213,49.4558,82,4.9871,0.945,sit_stand,UNKNOWN,UNKNOWN,0.32,0,66.027
1214,49.4727,82,4.9879,0.945,sit_stand,UNKNOWN,UNKNOWN,0.32,0,65.048
1215,49.4908,82,4.991,0.945,sit_stand,UNKNOWN,UNKNOWN,0.32,0,65.04
1216,49.506,82,4.9872,0.9482,sit_stand,UNKNOWN,UNKNOWN,0.3167,1,66.68
1217,49.5549,82,4.9801,0.9511,sit_stand,UNKNOWN,UNKNOWN,0.3167,0,61.925
1218,49.5707,82,4.9959,0.9513,sit_stand,UNKNOWN,UNKNOWN,0.3167,0,62.042
1219,49.5863,82,4.9969,0.9545,sit_stand,UNKNOWN,UNKNOWN,0.3167,0,61.242
1220,49.605,82,4.9944,0.9578,sit_stand,UNKNOWN,UNKNOWN,0.3167,0,60.075
1221,49.6252,82,4.9997,0.961,sit_stand,UNKNOWN,UNKNOWN,0.3167,0,58.985
1222,49.6455,82,4.9915,0.9674,sit_stand,UNKNOWN,UNKNOWN,0.3167,0,58.125
1223,49.6652,82,4.9982,0.9674,sit_stand,UNKNOWN,UNKNOWN,0.3167,0,59.68
1224,49.6789,82,4.9957,0.9707,sit_stand,UNKNOWN,UNKNOWN,0.3167,0,61.54
1225,49.6912,82,4.9956,0.9739,sit_stand,UNKNOWN,UNKNOWN,0.3167,0,62.533
1226,49.7058,82,4.9977,0.9772,sit_stand,UNKNOWN,UNKNOWN,0.3167,0,61.206
1227,49.726,82,4.9875,0.9771,sit_stand,UNKNOWN,UNKNOWN,0.3167,0,62.722
1228,49.7389,82,4.9876,0.9771,sit_stand,UNKNOWN,UNKNOWN,0.3167,0,63.898
1229,49.752,82,4.9866,0.9771,sit_stand,UNKNOWN,UNKNOWN,0.3167,0,63.225
1230,49.77,82,4.9894,0.9771,sit_stand,UNKNOWN,UNKNOWN,0.34,1,61.609
1231,49.826,82,4.9924,0.9835,sit_stand,UNKNOWN,UNKNOWN,0.34,0,57.393
1232,49.8425,82,4.9956,0.9835,sit_stand,UNKNOWN,UNKNOWN,0.34,0,59.66
1233,49.8549,82,4.9943,0.9835,sit_stand,UNKNOWN,UNKNOWN,0.34,0,60.164
1234,49.8703,82,4.9974,0.9835,sit_stand,UNKNOWN,UNKNOWN,0.34,0,61.712
1235,49.8836,82,4.9903,0.9835,sit_stand,UNKNOWN,UNKNOWN,0.34,0,63.543
1236,49.8963,82,4.9905,0.9835,sit_stand,UNKNOWN,UNKNOWN,0.34,0,64.961
1237,49.9088,82,4.9867,0.9835,sit_stand,UNKNOWN,UNKNOWN,0.34,0,65.651
1238,49.923,82,4.9862,0.9835,sit_stand,UNKNOWN,UNKNOWN,0.34,0,66.129
1239,49.9371,82,4.9865,0.9835,sit_stand,UNKNOWN,UNKNOWN,0.34,0,66.686
1240,49.9508,82,4.987,0.9868,sit_stand,UNKNOWN,UNKNOWN,0.34,0,68.501
1241,49.9627,82,4.9989,0.9868,sit_stand,UNKNOWN,UNKNOWN,0.34,0,70.243
1242,49.9744,82,4.9982,0.9901,sit_stand,UNKNOWN,UNKNOWN,0.34,0,69.53
1243,49.9903,82,4.9894,0.9967,sit_stand,UNKNOWN,UNKNOWN,0.34,0,68.9
1244,50.0064,82,4.9928,0.9967,sit_stand,UNKNOWN,UNKNOWN,0.34,0,67.732
1245,50.024,82,4.9975,0.9967,sit_stand,UNKNOWN,UNKNOWN,0.3467,1,65.708
1246,50.0807,82,4.9921,1.0,sit_stand,UNKNOWN,UNKNOWN,0.3467,0,61.171
1247,50.0941,82,4.9928,1.0,sit_stand,UNKNOWN,UNKNOWN,0.3467,0,62.676
1248,50.1069,82,4.9922,1.0,sit_stand,UNKNOWN,UNKNOWN,0.3467,0,61.945
1249,50.1252,82,4.9988,1.0,sit_stand,UNKNOWN,UNKNOWN,0.3467,0,63.491
1250,50.1378,82,4.999,1.0,sit_stand,UNKNOWN,UNKNOWN,0.3467,0,62.224
1251,50.1576,82,4.9931,1.0,sit_stand,UNKNOWN,UNKNOWN,0.3467,0,61.071
1252,50.1774,82,4.9978,1.0,sit_stand,UNKNOWN,UNKNOWN,0.3467,0,60.134
1253,50.1972,82,4.993,1.0,sit_stand,UNKNOWN,UNKNOWN,0.3467,0,61.638
1254,50.2099,82,4.9902,1.0,sit_stand,UNKNOWN,UNKNOWN,0.3467,0,60.239
1255,50.2314,82,4.9985,1.0,sit_stand,UNKNOWN,UNKNOWN,0.3467,0,61.032
1256,50.2455,82,4.9859,1.0,sit_stand,UNKNOWN,UNKNOWN,0.3467,0,59.689
1257,50.2671,82,4.9939,1.0,sit_stand,UNKNOWN,UNKNOWN,0.3467,0,60.873
1258,50.2813,82,4.9951,1.0,sit_stand,UNKNOWN,UNKNOWN,0.3333,1,59.474
1259,50.3421,82,4.9919,1.0,sit_stand,UNKNOWN,UNKNOWN,0.3333,0,55.267
1260,50.3595,82,4.9961,1.0,sit_stand,UNKNOWN,UNKNOWN,0.3333,0,55.86
1261,50.3754,82,4.997,1.0,sit_stand,UNKNOWN,UNKNOWN,0.3333,0,56.511
1262,50.3918,82,4.9883,1.0,sit_stand,UNKNOWN,UNKNOWN,0.3333,0,55.856
1263,50.412,82,4.9937,1.0,sit_stand,UNKNOWN,UNKNOWN,0.3333,0,56.945
1264,50.4266,82,4.9951,1.0,sit_stand,UNKNOWN,UNKNOWN,0.3333,0,58.727
1265,50.4403,82,4.9968,1.0,sit_stand,UNKNOWN,UNKNOWN,0.3333,0,60.477
1266,50.4532,82,4.9938,1.0,sit_stand,UNKNOWN,UNKNOWN,0.3333,0,62.152
1267,50.466,82,4.9946,1.0,sit_stand,UNKNOWN,UNKNOWN,0.3333,0,64.052
1268,50.4785,82,4.9904,1.0,sit_stand,UNKNOWN,UNKNOWN,0.3333,0,65.667
1269,50.4912,82,4.9861,1.0,sit_stand,UNKNOWN,UNKNOWN,0.3333,0,65.026
1270,50.5075,82,4.9826,1.0,sit_stand,UNKNOWN,UNKNOWN,0.3333,0,63.711
1271,50.5304,82,4.9898,1.0,sit_stand,UNKNOWN,UNKNOWN,0.3333,0,61.471
1272,50.5517,82,4.9983,1.0,sit_stand,UNKNOWN,UNKNOWN,0.34,1,61.27
1273,50.6037,82,4.9875,1.0,sit_stand,UNKNOWN,UNKNOWN,0.34,0,56.879
1274,50.626,82,4.9958,1.0,sit_stand,UNKNOWN,UNKNOWN,0.34,0,58.609
1275,50.6393,82,4.9971,1.0,sit_stand,UNKNOWN,UNKNOWN,0.34,0,60.341
1276,50.6524,82,4.9978,1.0,sit_stand,UNKNOWN,UNKNOWN,0.34,0,59.484
1277,50.6721,82,4.9926,1.0,sit_stand,UNKNOWN,UNKNOWN,0.34,0,58.339
1278,50.693,82,4.9894,1.0,sit_stand,UNKNOWN,UNKNOWN,0.34,0,57.633
1279,50.713,82,4.9954,1.0,sit_stand,UNKNOWN,UNKNOWN,0.34,0,59.31
1280,50.7255,82,4.9943,1.0,sit_stand,UNKNOWN,UNKNOWN,0.34,0,60.656
1281,50.7392,82,4.9959,1.0,sit_stand,UNKNOWN,UNKNOWN,0.34,0,59.858
1282,50.7584,82,4.9887,1.0,sit_stand,UNKNOWN,UNKNOWN,0.34,0,59.248
1283,50.7769,82,4.9872,1.0,sit_stand,UNKNOWN,UNKNOWN,0.34,0,60.309
1284,50.7913,82,4.9884,1.0,sit_stand,UNKNOWN,UNKNOWN,0.34,0,58.667
1285,50.8144,82,4.9937,1.0,sit_stand,UNKNOWN,UNKNOWN,0.33,1,60.684
1286,50.8708,82,4.9967,1.0,sit_stand,UNKNOWN,UNKNOWN,0.33,0,56.326
1287,50.885,82,4.9979,1.0,sit_stand,UNKNOWN,UNKNOWN,0.33,0,57.967
1288,50.899,82,5.0,1.0,sit_stand,UNKNOWN,UNKNOWN,0.33,0,57.824
1289,50.9167,82,4.9983,1.0,sit_stand,UNKNOWN,UNKNOWN,0.33,0,59.448
1290,50.9301,82,4.9934,1.0,sit_stand,UNKNOWN,UNKNOWN,0.33,0,61.508
1291,50.9423,82,4.9872,1.0,sit_stand,UNKNOWN,UNKNOWN,0.33,0,62.155
1292,50.9573,82,4.981,1.0,sit_stand,UNKNOWN,UNKNOWN,0.33,0,63.672
1293,50.9702,82,4.9939,1.0,sit_stand,UNKNOWN,UNKNOWN,0.33,0,64.881
1294,50.9835,82,4.986,1.0,sit_stand,UNKNOWN,UNKNOWN,0.33,0,65.188
1295,50.998,82,4.9811,1.0,sit_stand,UNKNOWN,UNKNOWN,0.33,0,67.024
1296,51.01,82,4.993,1.0,sit_stand,UNKNOWN,UNKNOWN,0.33,0,68.452
1297,51.0223,82,4.9856,1.0,sit_stand,UNKNOWN,UNKNOWN,0.33,0,68.464
1298,51.037,82,4.9877,1.0,sit_stand,UNKNOWN,UNKNOWN,0.33,0,69.121
1299,51.0503,82,4.9874,1.0,sit_stand,UNKNOWN,UNKNOWN,0.33,0,69.72
1300,51.0638,82,4.979,1.0,sit_stand,UNKNOWN,UNKNOWN,0.33,0,70.908
1301,51.0761,82,4.9913,1.0,sit_stand,UNKNOWN,UNKNOWN,0.3467,1,71.636
1302,51.1244,82,4.9991,1.0,sit_stand,UNKNOWN,UNKNOWN,0.3467,0,66.223
1303,51.146,82,4.9933,1.0,sit_stand,UNKNOWN,UNKNOWN,0.3467,0,64.682
1304,51.1651,82,4.9997,1.0,sit_stand,UNKNOWN,UNKNOWN,0.3467,0,63.907
1305,51.1833,82,4.993,1.0,sit_stand,UNKNOWN,UNKNOWN,0.3467,0,62.264
1306,51.207,82,4.9961,1.0,sit_stand,UNKNOWN,UNKNOWN,0.3467,0,60.357
1307,51.2273,82,4.982,1.0,sit_stand,UNKNOWN,UNKNOWN,0.3467,0,61.818
1308,51.2405,82,4.9952,1.0,sit_stand,UNKNOWN,UNKNOWN,0.3467,0,62.152
1309,51.2558,82,4.9922,1.0,sit_stand,UNKNOWN,UNKNOWN,0.3467,0,60.883
1310,51.2765,82,5.0,1.0,sit_stand,UNKNOWN,UNKNOWN,0.3467,0,61.994
1311,51.2902,82,4.9996,1.0,sit_stand,UNKNOWN,UNKNOWN,0.3467,0,60.694
1312,51.3108,82,4.9941,1.0,sit_stand,UNKNOWN,UNKNOWN,0.3467,0,59.428
1313,51.3315,82,4.9894,1.0,sit_stand,UNKNOWN,UNKNOWN,0.3367,1,59.468
1314,51.3852,82,4.9874,1.0,sit_stand,UNKNOWN,UNKNOWN,0.3367,0,55.483
1315,51.3991,82,4.9875,1.0,sit_stand,UNKNOWN,UNKNOWN,0.3367,0,54.324
1316,51.4216,82,4.9976,1.0,sit_stand,UNKNOWN,UNKNOWN,0.3367,0,55.916
1317,51.436,82,4.9882,1.0,sit_stand,UNKNOWN,UNKNOWN,0.3367,0,56.757
1318,51.4514,82,4.984,1.0,sit_stand,UNKNOWN,UNKNOWN,0.3367,0,58.927
1319,51.4641,82,4.9967,1.0,sit_stand,UNKNOWN,UNKNOWN,0.3367,0,61.352
1320,51.4764,82,4.995,1.0,sit_stand,UNKNOWN,UNKNOWN,0.3367,0,60.992
1321,51.4938,82,4.9954,1.0,sit_stand,UNKNOWN,UNKNOWN,0.3367,0,62.952
1322,51.5061,82,4.989,1.0,sit_stand,UNKNOWN,UNKNOWN,0.3367,0,64.054
1323,51.5196,82,4.9888,1.0,sit_stand,UNKNOWN,UNKNOWN,0.3367,0,64.211
1324,51.5349,82,4.9837,1.0,sit_stand,UNKNOWN,UNKNOWN,0.3367,0,65.188
1325,51.5482,82,4.9969,1.0,sit_stand,UNKNOWN,UNKNOWN,0.3367,0,66.443
1326,51.5612,82,4.9912,1.0,sit_stand,UNKNOWN,UNKNOWN,0.3367,0,66.93
1327,51.5753,82,4.9893,1.0,sit_stand,UNKNOWN,UNKNOWN,0.3367,0,68.228
1328,51.5876,82,4.9821,1.0,sit_stand,UNKNOWN,UNKNOWN,0.32,1,66.402
1329,51.6469,82,4.9833,1.0,sit_stand,UNKNOWN,UNKNOWN,0.32,0,61.449
1330,51.6671,82,4.9805,1.0,sit_stand,UNKNOWN,UNKNOWN,0.32,0,63.428
1331,51.6793,82,4.9927,1.0,sit_stand,UNKNOWN,UNKNOWN,0.32,0,62.773
1332,51.6968,82,4.9891,1.0,sit_stand,UNKNOWN,UNKNOWN,0.32,0,61.513
1333,51.7171,82,4.9934,1.0,sit_stand,UNKNOWN,UNKNOWN,0.32,0,61.47
1334,51.7331,82,4.9903,1.0,sit_stand,UNKNOWN,UNKNOWN,0.32,0,60.957
1335,51.7509,82,4.9845,1.0,sit_stand,UNKNOWN,UNKNOWN,0.32,0,62.523
1336,51.7636,82,4.9972,1.0,sit_stand,UNKNOWN,UNKNOWN,0.32,0,64.809
1337,51.7762,82,4.9967,1.0,sit_stand,UNKNOWN,UNKNOWN,0.32,0,66.196
1338,51.7882,82,4.9904,1.0,sit_stand,UNKNOWN,UNKNOWN,0.32,0,67.788
1339,51.8006,82,4.988,1.0,sit_stand,UNKNOWN,UNKNOWN,0.32,0,68.472
1340,51.8139,82,4.9816,1.0,sit_stand,UNKNOWN,UNKNOWN,0.32,0,68.831
1341,51.828,82,4.9957,1.0,sit_stand,UNKNOWN,UNKNOWN,0.32,0,70.017
1342,51.8405,82,4.9904,1.0,sit_stand,UNKNOWN,UNKNOWN,0.33,1,70.778
1343,51.8899,82,4.9914,1.0,sit_stand,UNKNOWN,UNKNOWN,0.33,0,65.506
1344,51.9086,82,4.9897,1.0,sit_stand,UNKNOWN,UNKNOWN,0.33,0,64.886
1345,51.9255,82,4.9842,1.0,sit_stand,UNKNOWN,UNKNOWN,0.33,0,65.869
1346,51.939,82,4.9977,1.0,sit_stand,UNKNOWN,UNKNOWN,0.33,0,65.871
1347,51.9538,82,4.9988,1.0,sit_stand,UNKNOWN,UNKNOWN,0.33,0,66.701
1348,51.9676,82,4.9915,1.0,sit_stand,UNKNOWN,UNKNOWN,0.33,0,68.197
1349,51.9799,82,4.9904,1.0,sit_stand,UNKNOWN,UNKNOWN,0.33,0,69.249
1350,51.9924,82,4.982,1.0,sit_stand,UNKNOWN,UNKNOWN,0.33,0,70.045
1351,52.0054,82,4.9949,1.0,sit_stand,UNKNOWN,UNKNOWN,0.33,0,70.358
1352,52.0188,82,4.9885,1.0,sit_stand,UNKNOWN,UNKNOWN,0.33,0,69.451
1353,52.0355,82,4.9906,1.0,sit_stand,UNKNOWN,UNKNOWN,0.33,0,67.563
1354,52.0552,82,4.9959,1.0,sit_stand,UNKNOWN,UNKNOWN,0.33,0,68.302
1355,52.0683,82,4.9951,1.0,sit_stand,UNKNOWN,UNKNOWN,0.33,0,69.208
1356,52.0812,82,4.9952,1.0,sit_stand,UNKNOWN,UNKNOWN,0.33,0,67.647
1357,52.1002,82,4.989,1.0,sit_stand,UNKNOWN,UNKNOWN,0.3333,1,68.419
1358,52.1502,82,4.9936,1.0,sit_stand,UNKNOWN,UNKNOWN,0.3333,0,63.556
1359,52.1637,82,4.9949,1.0,sit_stand,UNKNOWN,UNKNOWN,0.3333,0,63.723
1360,52.179,82,4.9963,1.0,sit_stand,UNKNOWN,UNKNOWN,0.3333,0,62.569
1361,52.1984,82,4.9952,1.0,sit_stand,UNKNOWN,UNKNOWN,0.3333,0,61.366
1362,52.2183,82,4.9986,1.0,sit_stand,UNKNOWN,UNKNOWN,0.3333,0,60.637
1363,52.2368,82,4.9971,1.0,sit_stand,UNKNOWN,UNKNOWN,0.3333,0,59.152
1364,52.2587,82,4.9975,1.0,sit_stand,UNKNOWN,UNKNOWN,0.3333,0,58.516
1365,52.2776,82,4.9996,1.0,sit_stand,UNKNOWN,UNKNOWN,0.3333,0,58.173
1366,52.2955,82,4.9974,1.0,sit_stand,UNKNOWN,UNKNOWN,0.3333,0,57.864
1367,52.3136,82,4.9882,1.0,sit_stand,UNKNOWN,UNKNOWN,0.3333,0,58.054
1368,52.3302,82,4.9922,1.0,sit_stand,UNKNOWN,UNKNOWN,0.3333,0,59.038
1369,52.3452,82,4.9869,1.0,sit_stand,UNKNOWN,UNKNOWN,0.3333,0,57.978
1370,52.366,82,4.9908,1.0,sit_stand,UNKNOWN,UNKNOWN,0.31,1,59.196
1371,52.4163,82,4.9875,1.0,sit_stand,UNKNOWN,UNKNOWN,0.31,0,55.128
1372,52.4341,82,4.9851,1.0,sit_stand,UNKNOWN,UNKNOWN,0.31,0,54.84
1373,52.4532,82,4.9841,1.0,sit_stand,UNKNOWN,UNKNOWN,0.31,0,54.271
1374,52.4736,82,4.9836,1.0,sit_stand,UNKNOWN,UNKNOWN,0.31,0,55.578
1375,52.4885,82,4.9986,1.0,sit_stand,UNKNOWN,UNKNOWN,0.31,0,54.492
1376,52.511,82,4.9822,1.0,sit_stand,UNKNOWN,UNKNOWN,0.31,0,54.377
1377,52.5295,82,4.9807,1.0,sit_stand,UNKNOWN,UNKNOWN,0.31,0,53.903
1378,52.5497,82,4.9891,1.0,sit_stand,UNKNOWN,UNKNOWN,0.31,0,55.61
1379,52.5636,82,4.991,1.0,sit_stand,UNKNOWN,UNKNOWN,0.31,0,56.838
1380,52.5784,82,4.9891,1.0,sit_stand,UNKNOWN,UNKNOWN,0.31,0,58.734
1381,52.5915,82,4.9906,1.0,sit_stand,UNKNOWN,UNKNOWN,0.31,0,57.86
1382,52.6116,82,4.9986,1.0,sit_stand,UNKNOWN,UNKNOWN,0.31,0,59.892
1383,52.6243,82,4.9981,1.0,sit_stand,UNKNOWN,UNKNOWN,0.3433,1,62.213
1384,52.6791,82,4.9878,1.0,sit_stand,UNKNOWN,UNKNOWN,0.3433,0,57.743
1385,52.6939,82,4.9905,1.0,sit_stand,UNKNOWN,UNKNOWN,0.3433,0,58.572
1386,52.7085,82,4.9892,1.0,sit_stand,UNKNOWN,UNKNOWN,0.3433,0,58.021
1387,52.7277,82,4.9965,1.0,sit_stand,UNKNOWN,UNKNOWN,0.3433,0,58.938
1388,52.7423,82,4.9986,1.0,sit_stand,UNKNOWN,UNKNOWN,0.3433,0,60.818
1389,52.7556,82,4.9989,1.0,sit_stand,UNKNOWN,UNKNOWN,0.3433,0,62.637
1390,52.7679,82,4.9974,1.0,sit_stand,UNKNOWN,UNKNOWN,0.3433,0,64.268
1391,52.7807,82,4.9965,1.0,sit_stand,UNKNOWN,UNKNOWN,0.3433,0,65.192
1392,52.7943,82,4.9978,1.0,sit_stand,UNKNOWN,UNKNOWN,0.3433,0,65.177
1393,52.8095,82,4.9924,1.0,sit_stand,UNKNOWN,UNKNOWN,0.3433,0,65.993
1394,52.8233,82,4.9921,1.0,sit_stand,UNKNOWN,UNKNOWN,0.3433,0,67.483
1395,52.8354,82,4.9845,1.0,sit_stand,UNKNOWN,UNKNOWN,0.3433,0,69.047
1396,52.8474,82,4.9965,1.0,sit_stand,UNKNOWN,UNKNOWN,0.3433,0,68.811
1397,52.863,82,4.998,1.0,sit_stand,UNKNOWN,UNKNOWN,0.3433,0,68.995
1398,52.8765,82,4.9944,1.0,sit_stand,UNKNOWN,UNKNOWN,0.3267,1,69.413
1399,52.9276,82,4.9843,1.0,sit_stand,UNKNOWN,UNKNOWN,0.3267,0,64.411
1400,52.9421,82,4.9987,1.0,sit_stand,UNKNOWN,UNKNOWN,0.3267,0,65.797
1401,52.9549,82,4.9986,1.0,sit_stand,UNKNOWN,UNKNOWN,0.3267,0,67.2
1402,52.9675,82,4.9612,1.0,sit_stand,UNKNOWN,UNKNOWN,0.3267,0,67.406
1403,52.9816,82,4.9753,1.0,sit_stand,UNKNOWN,UNKNOWN,0.3267,0,68.437
1404,52.9947,82,4.9884,1.0,sit_stand,UNKNOWN,UNKNOWN,0.3267,0,68.813
1405,53.0086,82,4.9846,1.0,sit_stand,UNKNOWN,UNKNOWN,0.3267,0,66.825
1406,53.0289,82,4.9888,1.0,sit_stand,UNKNOWN,UNKNOWN,0.3267,0,67.591
1407,53.0425,82,4.9841,1.0,sit_stand,UNKNOWN,UNKNOWN,0.3267,0,67.85
1408,53.0565,82,4.9981,1.0,sit_stand,UNKNOWN,UNKNOWN,0.3267,0,66.188
1409,53.0758,82,4.99,1.0,sit_stand,UNKNOWN,UNKNOWN,0.3267,0,67.352
1410,53.0888,82,4.9858,1.0,sit_stand,UNKNOWN,UNKNOWN,0.3267,0,68.037
1411,53.1025,82,4.9995,1.0,sit_stand,UNKNOWN,UNKNOWN,0.3267,0,69.149
1412,53.1149,82,5.0,1.0,sit_stand,UNKNOWN,UNKNOWN,0.3267,0,67.437
1413,53.1347,82,4.9926,1.0,sit_stand,UNKNOWN,UNKNOWN,0.3267,1,68.409
1414,53.1843,82,4.9862,1.0,sit_stand,UNKNOWN,UNKNOWN,0.3267,0,63.522
1415,53.1986,82,4.9884,1.0,sit_stand,UNKNOWN,UNKNOWN,0.3267,0,63.525
1416,53.2143,82,4.954,1.0,sit_stand,UNKNOWN,UNKNOWN,0.3267,0,64.717
1417,53.2275,82,4.9672,1.0,sit_stand,UNKNOWN,UNKNOWN,0.3267,0,65.884
1418,53.2405,82,4.9802,1.0,sit_stand,UNKNOWN,UNKNOWN,0.3267,0,67.13
1419,53.2531,82,4.9928,1.0,sit_stand,UNKNOWN,UNKNOWN,0.3267,0,67.775
1420,53.2669,82,4.9888,1.0,sit_stand,UNKNOWN,UNKNOWN,0.3267,0,68.601
1421,53.2802,82,4.9887,1.0,sit_stand,UNKNOWN,UNKNOWN,0.3267,0,68.381
1422,53.2949,82,4.9834,1.0,sit_stand,UNKNOWN,UNKNOWN,0.3267,0,67.342
1423,53.3125,82,4.9879,1.0,sit_stand,UNKNOWN,UNKNOWN,0.3267,0,67.578
1424,53.3268,82,4.9822,1.0,sit_stand,UNKNOWN,UNKNOWN,0.3267,0,67.891
1425,53.341,82,4.9964,1.0,sit_stand,UNKNOWN,UNKNOWN,0.3267,0,68.985
1426,53.3534,82,4.9887,1.0,sit_stand,UNKNOWN,UNKNOWN,0.3267,0,69.699
1427,53.3667,82,4.9824,1.0,sit_stand,UNKNOWN,UNKNOWN,0.3267,0,70.363
1428,53.3798,82,4.9955,1.0,sit_stand,UNKNOWN,UNKNOWN,0.3267,0,71.028
1429,53.3929,82,4.9885,1.0,sit_stand,UNKNOWN,UNKNOWN,0.3167,1,71.531
1430,53.443,82,4.9874,1.0,sit_stand,UNKNOWN,UNKNOWN,0.3167,0,66.3
1431,53.458,82,4.9882,1.0,sit_stand,UNKNOWN,UNKNOWN,0.3167,0,64.614
1432,53.4781,82,4.9493,1.0,sit_stand,UNKNOWN,UNKNOWN,0.3167,0,63.928
1433,53.4954,82,4.9665,1.0,sit_stand,UNKNOWN,UNKNOWN,0.3167,0,64.058
1434,53.511,82,4.9822,1.0,sit_stand,UNKNOWN,UNKNOWN,0.3167,0,64.085
1435,53.5262,82,4.9973,1.0,sit_stand,UNKNOWN,UNKNOWN,0.3167,0,65.218
1436,53.5394,82,4.9902,1.0,sit_stand,UNKNOWN,UNKNOWN,0.3167,0,67.171
1437,53.5512,82,4.9856,1.0,sit_stand,UNKNOWN,UNKNOWN,0.3167,0,67.475
1438,53.5655,82,4.9998,1.0,sit_stand,UNKNOWN,UNKNOWN,0.3167,0,68.843
1439,53.5778,82,4.9995,1.0,sit_stand,UNKNOWN,UNKNOWN,0.3167,0,69.339
1440,53.5916,82,4.9996,1.0,sit_stand,UNKNOWN,UNKNOWN,0.3167,0,69.768
1441,53.6049,82,4.9888,1.0,sit_stand,UNKNOWN,UNKNOWN,0.3167,0,70.727
1442,53.6178,82,4.989,1.0,sit_stand,UNKNOWN,UNKNOWN,0.3167,0,71.548
1443,53.6299,82,4.9881,1.0,sit_stand,UNKNOWN,UNKNOWN,0.3167,0,72.364
1444,53.643,82,4.988,1.0,sit_stand,UNKNOWN,UNKNOWN,0.3433,1,72.294
1445,53.6937,82,4.9878,1.0,sit_stand,UNKNOWN,UNKNOWN,0.3433,0,66.995
1446,53.7086,82,4.9908,1.0,sit_stand,UNKNOWN,UNKNOWN,0.3433,0,65.381
1447,53.7282,82,4.9981,1.0,sit_stand,UNKNOWN,UNKNOWN,0.3433,0,65.535
1448,53.7432,82,4.9629,1.0,sit_stand,UNKNOWN,UNKNOWN,0.3433,0,66.398
1449,53.7566,82,4.9763,1.0,sit_stand,UNKNOWN,UNKNOWN,0.3433,0,66.634
1450,53.7712,82,4.9909,1.0,sit_stand,UNKNOWN,UNKNOWN,0.3433,0,68.157
1451,53.7834,82,4.982,1.0,sit_stand,UNKNOWN,UNKNOWN,0.3433,0,69.553
1452,53.7957,82,4.9944,1.0,sit_stand,UNKNOWN,UNKNOWN,0.3433,0,69.997
1453,53.809,82,4.9886,1.0,sit_stand,UNKNOWN,UNKNOWN,0.3433,0,67.842
1454,53.8299,82,4.9963,1.0,sit_stand,UNKNOWN,UNKNOWN,0.3433,0,68.53
1455,53.8431,82,4.9969,1.0,sit_stand,UNKNOWN,UNKNOWN,0.3433,0,69.305
1456,53.8564,82,4.99,1.0,sit_stand,UNKNOWN,UNKNOWN,0.3433,0,67.269
1457,53.877,82,4.9927,1.0,sit_stand,UNKNOWN,UNKNOWN,0.3433,0,67.244
1458,53.8916,82,4.9864,1.0,sit_stand,UNKNOWN,UNKNOWN,0.3433,0,67.147
1459,53.9066,82,4.9824,1.0,sit_stand,UNKNOWN,UNKNOWN,0.33,1,66.71
1460,53.9663,82,4.9876,1.0,sit_stand,UNKNOWN,UNKNOWN,0.33,0,61.586
1461,53.9873,82,4.995,1.0,sit_stand,UNKNOWN,UNKNOWN,0.33,0,61.078
1462,54.005,82,4.952,1.0,sit_stand,UNKNOWN,UNKNOWN,0.33,0,60.456
1463,54.0234,82,4.9705,1.0,sit_stand,UNKNOWN,UNKNOWN,0.33,0,59.162
1464,54.0443,82,4.9914,1.0,sit_stand,UNKNOWN,UNKNOWN,0.33,0,58.584
1465,54.0632,82,4.9935,1.0,sit_stand,UNKNOWN,UNKNOWN,0.33,0,60.132
1466,54.0764,82,4.9839,1.0,sit_stand,UNKNOWN,UNKNOWN,0.33,0,59.532
1467,54.0951,82,4.9865,1.0,sit_stand,UNKNOWN,UNKNOWN,0.33,0,58.277
1467,54.0951,109,0.0,1.0,WARMING_UP,WARMING_UP,WARMING_UP,0.0,0,58.277
1468,54.1167,82,4.9936,1.0,sit_stand,UNKNOWN,UNKNOWN,0.33,0,59.67
1468,54.1167,109,0.0216,1.0,WARMING_UP,WARMING_UP,WARMING_UP,0.0,0,59.67
1469,54.1299,82,4.9926,1.0,sit_stand,UNKNOWN,UNKNOWN,0.33,0,59.65
1470,54.1473,82,4.9974,1.0,sit_stand,UNKNOWN,UNKNOWN,0.33,0,59.031
1471,54.1657,82,4.9889,1.0,sit_stand,UNKNOWN,UNKNOWN,0.33,1,58.05
1472,54.2221,82,4.9918,1.0,sit_stand,UNKNOWN,UNKNOWN,0.33,0,54.235
1473,54.2365,82,4.9911,1.0,sit_stand,UNKNOWN,UNKNOWN,0.33,0,56.473
1474,54.2495,82,4.9538,1.0,sit_stand,UNKNOWN,UNKNOWN,0.33,0,58.611
1475,54.2621,82,4.9664,1.0,sit_stand,UNKNOWN,UNKNOWN,0.33,0,60.848
1476,54.2745,82,4.9788,1.0,sit_stand,UNKNOWN,UNKNOWN,0.33,0,62.101
1477,54.288,82,4.9924,1.0,sit_stand,UNKNOWN,UNKNOWN,0.33,0,63.229
1478,54.3018,82,4.9919,1.0,sit_stand,UNKNOWN,UNKNOWN,0.33,0,65.069
1479,54.3138,82,4.9919,1.0,sit_stand,UNKNOWN,UNKNOWN,0.33,0,66.597
1480,54.3263,82,4.9923,1.0,sit_stand,UNKNOWN,UNKNOWN,0.33,0,66.807
1481,54.3408,82,4.9936,1.0,sit_stand,UNKNOWN,UNKNOWN,0.33,0,67.354
1482,54.3547,82,4.9937,1.0,sit_stand,UNKNOWN,UNKNOWN,0.33,0,68.112
1483,54.3681,82,4.9931,1.0,sit_stand,UNKNOWN,UNKNOWN,0.33,0,66.281
1484,54.3884,82,4.9982,1.0,sit_stand,UNKNOWN,UNKNOWN,0.33,0,66.856
1485,54.402,82,4.9991,1.0,sit_stand,UNKNOWN,UNKNOWN,0.33,0,68.236
1486,54.4144,82,4.991,1.0,sit_stand,UNKNOWN,UNKNOWN,0.33,0,69.819
1487,54.4265,82,4.9845,1.0,sit_stand,UNKNOWN,UNKNOWN,0.3333,1,70.086
1488,54.4804,82,4.9896,1.0,sit_stand,UNKNOWN,UNKNOWN,0.3333,0,64.802
1489,54.4983,82,4.9924,1.0,sit_stand,UNKNOWN,UNKNOWN,0.3333,0,64.892
1490,54.5136,82,4.9587,1.0,sit_stand,UNKNOWN,UNKNOWN,0.3333,0,63.217
1491,54.5341,82,4.9792,1.0,sit_stand,UNKNOWN,UNKNOWN,0.3333,0,64.564
1492,54.5471,82,4.9922,1.0,sit_stand,UNKNOWN,UNKNOWN,0.3333,0,65.014
1493,54.5616,82,4.9909,1.0,sit_stand,UNKNOWN,UNKNOWN,0.3333,0,64.578
1494,54.5781,82,4.9918,1.0,sit_stand,UNKNOWN,UNKNOWN,0.3333,0,63.49
1495,54.5969,82,4.9919,1.0,sit_stand,UNKNOWN,UNKNOWN,0.3333,0,63.859
1496,54.6116,82,4.9864,1.0,sit_stand,UNKNOWN,UNKNOWN,0.3333,0,64.588
1497,54.6254,82,4.9798,1.0,sit_stand,UNKNOWN,UNKNOWN,0.3333,0,65.468
1498,54.6392,82,4.9937,1.0,sit_stand,UNKNOWN,UNKNOWN,0.3333,0,67.2
1499,54.6513,82,4.9861,1.0,sit_stand,UNKNOWN,UNKNOWN,0.3333,0,68.396
1500,54.6642,82,4.9989,1.0,sit_stand,UNKNOWN,UNKNOWN,0.3333,0,68.415
1501,54.6787,82,4.9999,1.0,sit_stand,UNKNOWN,UNKNOWN,0.33,1,66.498
1502,54.7403,82,4.9883,1.0,sit_stand,UNKNOWN,UNKNOWN,0.33,0,61.587
1503,54.7567,82,4.9866,1.0,sit_stand,UNKNOWN,UNKNOWN,0.33,0,62.752
1504,54.7703,82,4.9442,1.0,sit_stand,UNKNOWN,UNKNOWN,0.33,0,61.448
1505,54.7902,82,4.9642,1.0,sit_stand,UNKNOWN,UNKNOWN,0.33,0,62.772
1506,54.8035,82,4.9775,1.0,sit_stand,UNKNOWN,UNKNOWN,0.33,0,61.062
1507,54.8261,82,4.9836,1.0,sit_stand,UNKNOWN,UNKNOWN,0.33,0,61.844
1508,54.8402,82,4.9977,1.0,sit_stand,UNKNOWN,UNKNOWN,0.33,0,62.984
1509,54.8536,82,4.9987,1.0,sit_stand,UNKNOWN,UNKNOWN,0.33,0,64.436
1510,54.8665,82,4.9963,1.0,sit_stand,UNKNOWN,UNKNOWN,0.33,0,66.187
1511,54.8788,82,4.9953,1.0,sit_stand,UNKNOWN,UNKNOWN,0.33,0,64.248
1512,54.9002,82,4.9914,1.0,sit_stand,UNKNOWN,UNKNOWN,0.33,0,64.103
1513,54.9161,82,4.9932,1.0,sit_stand,UNKNOWN,UNKNOWN,0.33,0,64.813
1514,54.9308,82,4.9937,1.0,sit_stand,UNKNOWN,UNKNOWN,0.3267,1,64.615
1515,54.9856,82,4.9953,1.0,sit_stand,UNKNOWN,UNKNOWN,0.3267,0,60.022
1516,54.9996,82,4.9932,1.0,sit_stand,UNKNOWN,UNKNOWN,0.3267,0,59.244
1517,55.019,82,4.995,1.0,sit_stand,UNKNOWN,UNKNOWN,0.3267,0,60.537
1518,55.0327,82,4.952,1.0,sit_stand,UNKNOWN,UNKNOWN,0.3267,0,61.97
1519,55.0458,82,4.9651,1.0,sit_stand,UNKNOWN,UNKNOWN,0.3267,0,60.676
1520,55.0661,82,4.9854,1.0,sit_stand,UNKNOWN,UNKNOWN,0.3267,0,62.682
1521,55.0787,82,4.998,1.0,sit_stand,UNKNOWN,UNKNOWN,0.3267,0,64.388
1522,55.0913,82,4.9972,1.0,sit_stand,UNKNOWN,UNKNOWN,0.3267,0,65.856
1523,55.1038,82,4.9968,1.0,sit_stand,UNKNOWN,UNKNOWN,0.3267,0,64.01
1524,55.1283,82,4.9905,1.0,sit_stand,UNKNOWN,UNKNOWN,0.3267,0,61.638
1525,55.1499,82,4.9923,1.0,sit_stand,UNKNOWN,UNKNOWN,0.3267,0,62.455
1526,55.1642,82,4.9868,1.0,sit_stand,UNKNOWN,UNKNOWN,0.3267,0,61.132
1527,55.185,82,4.9878,1.0,sit_stand,UNKNOWN,UNKNOWN,0.32,1,62.017
1528,55.2435,82,4.9979,1.0,sit_stand,UNKNOWN,UNKNOWN,0.32,0,57.518
1529,55.2578,82,4.9907,1.0,sit_stand,UNKNOWN,UNKNOWN,0.32,0,59.516
1530,55.2705,82,4.9891,1.0,sit_stand,UNKNOWN,UNKNOWN,0.32,0,61.151
1531,55.2835,82,4.9413,1.0,sit_stand,UNKNOWN,UNKNOWN,0.32,0,63.287
1532,55.2961,82,4.954,1.0,sit_stand,UNKNOWN,UNKNOWN,0.32,0,64.822
1533,55.3083,82,4.9662,1.0,sit_stand,UNKNOWN,UNKNOWN,0.32,0,65.795
1534,55.3218,82,4.9797,1.0,sit_stand,UNKNOWN,UNKNOWN,0.32,0,66.191
1535,55.3362,82,4.9941,1.0,sit_stand,UNKNOWN,UNKNOWN,0.32,0,67.052
1536,55.3497,82,4.9902,1.0,sit_stand,UNKNOWN,UNKNOWN,0.32,0,66.057
1537,55.3673,82,4.9919,1.0,sit_stand,UNKNOWN,UNKNOWN,0.32,0,66.928
1538,55.3802,82,4.9884,1.0,sit_stand,UNKNOWN,UNKNOWN,0.32,0,65.389
1539,55.3999,82,4.9879,1.0,sit_stand,UNKNOWN,UNKNOWN,0.32,0,64.846
1540,55.4167,82,4.9901,1.0,sit_stand,UNKNOWN,UNKNOWN,0.32,0,63.286
1541,55.437,82,4.9968,1.0,sit_stand,UNKNOWN,UNKNOWN,0.33,1,61.905
1542,55.4928,82,4.9853,1.0,sit_stand,UNKNOWN,UNKNOWN,0.33,0,57.735
1543,55.5068,82,4.9992,1.0,sit_stand,UNKNOWN,UNKNOWN,0.33,0,57.402
1544,55.5251,82,4.9947,1.0,sit_stand,UNKNOWN,UNKNOWN,0.33,0,58.006
1545,55.5408,82,4.9891,1.0,sit_stand,UNKNOWN,UNKNOWN,0.33,0,58.594
1546,55.5564,82,4.9527,1.0,sit_stand,UNKNOWN,UNKNOWN,0.33,0,57.866
1547,55.576,82,4.9723,1.0,sit_stand,UNKNOWN,UNKNOWN,0.33,0,59.655
1548,55.5888,82,4.9851,1.0,sit_stand,UNKNOWN,UNKNOWN,0.33,0,60.806
1549,55.603,82,4.9992,1.0,sit_stand,UNKNOWN,UNKNOWN,0.33,0,62.866
1550,55.6152,82,4.9892,1.0,sit_stand,UNKNOWN,UNKNOWN,0.33,0,64.792
1551,55.6273,82,4.9881,1.0,sit_stand,UNKNOWN,UNKNOWN,0.33,0,63.376
1552,55.6472,82,4.9948,1.0,sit_stand,UNKNOWN,UNKNOWN,0.33,0,61.976
1553,55.6676,82,4.9954,1.0,sit_stand,UNKNOWN,UNKNOWN,0.33,0,61.327
1554,55.6854,82,4.9924,1.0,sit_stand,UNKNOWN,UNKNOWN,0.33,0,60.806
1555,55.7035,82,4.9905,1.0,sit_stand,UNKNOWN,UNKNOWN,0.32,1,59.945
1556,55.765,82,4.9881,1.0,sit_stand,UNKNOWN,UNKNOWN,0.32,0,55.546
1557,55.7854,82,4.9941,1.0,sit_stand,UNKNOWN,UNKNOWN,0.32,0,55.452
1558,55.804,82,4.9895,1.0,sit_stand,UNKNOWN,UNKNOWN,0.32,0,55.704
1559,55.8208,82,4.9501,1.0,sit_stand,UNKNOWN,UNKNOWN,0.32,0,57.827
1560,55.8339,82,4.9631,1.0,sit_stand,UNKNOWN,UNKNOWN,0.32,0,56.934
1561,55.8546,82,4.9839,1.0,sit_stand,UNKNOWN,UNKNOWN,0.32,0,56.501
1562,55.8737,82,4.9886,1.0,sit_stand,UNKNOWN,UNKNOWN,0.32,0,56.147
1563,55.8922,82,4.9932,1.0,sit_stand,UNKNOWN,UNKNOWN,0.32,0,58.348
1564,55.9048,82,4.9881,1.0,sit_stand,UNKNOWN,UNKNOWN,0.32,0,57.269
1565,55.9266,82,4.9965,1.0,sit_stand,UNKNOWN,UNKNOWN,0.32,0,56.435
1566,55.9465,82,4.9892,1.0,sit_stand,UNKNOWN,UNKNOWN,0.32,0,55.786
1567,55.9666,82,4.9964,1.0,sit_stand,UNKNOWN,UNKNOWN,0.3267,1,57.023
1568,56.0193,82,4.9971,1.0,sit_stand,UNKNOWN,UNKNOWN,0.3267,0,53.213
1569,56.0339,82,4.9969,1.0,sit_stand,UNKNOWN,UNKNOWN,0.3267,0,52.877
1570,56.0539,82,4.9901,1.0,sit_stand,UNKNOWN,UNKNOWN,0.3267,0,54.691
1571,56.068,82,4.9919,1.0,sit_stand,UNKNOWN,UNKNOWN,0.3267,0,56.519
1572,56.0818,82,4.9574,1.0,sit_stand,UNKNOWN,UNKNOWN,0.3267,0,58.279
1573,56.0953,82,4.9709,1.0,sit_stand,UNKNOWN,UNKNOWN,0.3267,0,58.752
1574,56.111,82,4.9865,1.0,sit_stand,UNKNOWN,UNKNOWN,0.3267,0,61.224
1575,56.1232,82,4.9988,1.0,sit_stand,UNKNOWN,UNKNOWN,0.3267,0,63.127
1576,56.1359,82,4.9899,1.0,sit_stand,UNKNOWN,UNKNOWN,0.3267,0,60.946
1577,56.1628,82,4.9977,1.0,sit_stand,UNKNOWN,UNKNOWN,0.3267,0,60.383
1578,56.1783,82,4.995,1.0,sit_stand,UNKNOWN,UNKNOWN,0.3267,0,61.75
1579,56.1913,82,4.9843,1.0,sit_stand,UNKNOWN,UNKNOWN,0.3267,0,63.205
1580,56.2044,82,4.9974,1.0,sit_stand,UNKNOWN,UNKNOWN,0.3267,0,64.663
1581,56.2172,82,4.9899,1.0,sit_stand,UNKNOWN,UNKNOWN,0.3233,1,65.508
1582,56.2682,82,4.9917,1.0,sit_stand,UNKNOWN,UNKNOWN,0.3233,0,60.952
1583,56.2812,82,4.991,1.0,sit_stand,UNKNOWN,UNKNOWN,0.3233,0,62.448
1584,56.2942,82,4.9834,1.0,sit_stand,UNKNOWN,UNKNOWN,0.3233,0,61.85
1585,56.312,82,4.9805,1.0,sit_stand,UNKNOWN,UNKNOWN,0.3233,0,61.389
1586,56.3293,82,4.9978,1.0,sit_stand,UNKNOWN,UNKNOWN,0.3233,0,60.27
1587,56.3494,82,4.9642,1.0,sit_stand,UNKNOWN,UNKNOWN,0.3233,0,60.79
1588,56.3645,82,4.9794,1.0,sit_stand,UNKNOWN,UNKNOWN,0.3233,0,61.644
1589,56.3788,82,4.9936,1.0,sit_stand,UNKNOWN,UNKNOWN,0.3233,0,62.826
1590,56.3927,82,4.9936,1.0,sit_stand,UNKNOWN,UNKNOWN,0.3233,0,64.413
1591,56.4053,82,4.9837,1.0,sit_stand,UNKNOWN,UNKNOWN,0.3233,0,62.859
1592,56.4259,82,4.9899,1.0,sit_stand,UNKNOWN,UNKNOWN,0.3233,0,61.518
1593,56.4461,82,4.9947,1.0,sit_stand,UNKNOWN,UNKNOWN,0.3233,0,60.374
1594,56.4661,82,4.9897,1.0,sit_stand,UNKNOWN,UNKNOWN,0.3233,0,61.665
1595,56.4794,82,4.9856,1.0,sit_stand,UNKNOWN,UNKNOWN,0.32,1,60.99
1596,56.5337,82,4.9988,1.0,sit_stand,UNKNOWN,UNKNOWN,0.32,0,56.695
1597,56.5534,82,4.9921,1.0,sit_stand,UNKNOWN,UNKNOWN,0.32,0,57.771
1598,56.5681,82,4.9928,1.0,sit_stand,UNKNOWN,UNKNOWN,0.32,0,59.687
1599,56.5811,82,4.9935,1.0,sit_stand,UNKNOWN,UNKNOWN,0.32,0,58.75
1600,56.6011,82,4.9542,1.0,sit_stand,UNKNOWN,UNKNOWN,0.32,0,59.106
1601,56.6201,82,4.9733,1.0,sit_stand,UNKNOWN,UNKNOWN,0.32,0,57.287
1602,56.6416,82,4.9947,1.0,sit_stand,UNKNOWN,UNKNOWN,0.32,0,56.63
1603,56.6613,82,4.9942,1.0,sit_stand,UNKNOWN,UNKNOWN,0.32,0,57.367
1604,56.6771,82,4.9978,1.0,sit_stand,UNKNOWN,UNKNOWN,0.32,0,57.829
1605,56.6932,82,4.9964,1.0,sit_stand,UNKNOWN,UNKNOWN,0.32,0,57.185
1606,56.7125,82,4.9954,1.0,sit_stand,UNKNOWN,UNKNOWN,0.32,0,57.506
1607,56.7289,82,4.9959,1.0,sit_stand,UNKNOWN,UNKNOWN,0.32,0,57.663
1608,56.746,82,4.9951,1.0,sit_stand,UNKNOWN,UNKNOWN,0.3267,1,58.372
1609,56.7979,82,4.9973,1.0,sit_stand,UNKNOWN,UNKNOWN,0.3267,0,54.361
1610,56.8162,82,4.9882,1.0,sit_stand,UNKNOWN,UNKNOWN,0.3267,0,53.811
1611,56.8364,82,4.9959,1.0,sit_stand,UNKNOWN,UNKNOWN,0.3267,0,53.568
1612,56.8562,82,4.9663,1.0,sit_stand,UNKNOWN,UNKNOWN,0.3267,0,53.393
1613,56.8754,82,4.9855,1.0,sit_stand,UNKNOWN,UNKNOWN,0.3267,0,54.644
1614,56.8905,82,4.9819,1.0,sit_stand,UNKNOWN,UNKNOWN,0.3267,0,56.444
1615,56.9045,82,4.9958,1.0,sit_stand,UNKNOWN,UNKNOWN,0.3267,0,55.549
1616,56.9254,82,4.9999,1.0,sit_stand,UNKNOWN,UNKNOWN,0.3267,0,58.196
1617,56.9375,82,4.9986,1.0,sit_stand,UNKNOWN,UNKNOWN,0.3267,0,57.257
1618,56.9582,82,4.9906,1.0,sit_stand,UNKNOWN,UNKNOWN,0.3267,0,56.448
1619,56.9784,82,4.9985,1.0,sit_stand,UNKNOWN,UNKNOWN,0.3267,0,55.898
1620,56.998,82,4.9927,1.0,sit_stand,UNKNOWN,UNKNOWN,0.3233,1,55.255
1621,57.0561,82,4.9878,1.0,sit_stand,UNKNOWN,UNKNOWN,0.3233,0,51.508
1622,57.0745,82,4.9933,1.0,sit_stand,UNKNOWN,UNKNOWN,0.3233,0,54.404
1623,57.0869,82,4.9867,1.0,sit_stand,UNKNOWN,UNKNOWN,0.3233,0,57.312
1624,57.0991,82,4.9989,1.0,sit_stand,UNKNOWN,UNKNOWN,0.3233,0,58.904
1625,57.1124,82,4.9622,1.0,sit_stand,UNKNOWN,UNKNOWN,0.3233,0,59.876
1626,57.1272,82,4.977,1.0,sit_stand,UNKNOWN,UNKNOWN,0.3233,0,61.336
1627,57.1407,82,4.9905,1.0,sit_stand,UNKNOWN,UNKNOWN,0.3233,0,63.029
1628,57.1535,82,4.9898,1.0,sit_stand,UNKNOWN,UNKNOWN,0.3233,0,64.6
1629,57.166,82,4.987,1.0,sit_stand,UNKNOWN,UNKNOWN,0.3233,0,65.815
1630,57.1792,82,4.9808,1.0,sit_stand,UNKNOWN,UNKNOWN,0.3233,0,64.948
1631,57.1965,82,4.9981,1.0,sit_stand,UNKNOWN,UNKNOWN,0.3233,0,63.293
1632,57.2175,82,4.9992,1.0,sit_stand,UNKNOWN,UNKNOWN,0.3233,0,62.27
1633,57.2364,82,4.9996,1.0,sit_stand,UNKNOWN,UNKNOWN,0.3233,0,63.547
1634,57.2494,82,4.9907,1.0,sit_stand,UNKNOWN,UNKNOWN,0.3167,1,63.542
1635,57.3015,82,4.9879,1.0,sit_stand,UNKNOWN,UNKNOWN,0.3167,0,59.0
1636,57.3206,82,4.9903,1.0,sit_stand,UNKNOWN,UNKNOWN,0.3167,0,57.912
1637,57.341,82,4.9958,1.0,sit_stand,UNKNOWN,UNKNOWN,0.3167,0,59.595
1638,57.3543,82,4.9883,1.0,sit_stand,UNKNOWN,UNKNOWN,0.3167,0,60.696
1639,57.3685,82,4.9522,1.0,sit_stand,UNKNOWN,UNKNOWN,0.3167,0,59.595
1640,57.389,82,4.9727,1.0,sit_stand,UNKNOWN,UNKNOWN,0.3167,0,57.865
1641,57.4125,82,4.9962,1.0,sit_stand,UNKNOWN,UNKNOWN,0.3167,0,57.711
1642,57.43,82,4.996,1.0,sit_stand,UNKNOWN,UNKNOWN,0.3167,0,57.471
1643,57.4484,82,4.9952,1.0,sit_stand,UNKNOWN,UNKNOWN,0.3167,0,56.23
1644,57.4712,82,4.9977,1.0,sit_stand,UNKNOWN,UNKNOWN,0.3167,0,54.815
1645,57.4942,82,4.9832,1.0,sit_stand,UNKNOWN,UNKNOWN,0.3167,0,54.278
1646,57.5144,82,4.985,1.0,sit_stand,UNKNOWN,UNKNOWN,0.3133,1,55.901
1647,57.5645,82,4.9861,1.0,sit_stand,UNKNOWN,UNKNOWN,0.3133,0,52.299
1648,57.5788,82,4.9873,1.0,sit_stand,UNKNOWN,UNKNOWN,0.3133,0,52.311
1649,57.5978,82,4.9862,1.0,sit_stand,UNKNOWN,UNKNOWN,0.3133,0,52.263
1650,57.6172,82,4.9928,1.0,sit_stand,UNKNOWN,UNKNOWN,0.3133,0,52.53
1651,57.6354,82,4.9563,1.0,sit_stand,UNKNOWN,UNKNOWN,0.3133,0,54.787
1652,57.6486,82,4.9695,1.0,sit_stand,UNKNOWN,UNKNOWN,0.3133,0,54.13
1653,57.6701,82,4.9909,1.0,sit_stand,UNKNOWN,UNKNOWN,0.3133,0,54.314
1654,57.6876,82,4.9938,1.0,sit_stand,UNKNOWN,UNKNOWN,0.3133,0,56.326
1655,57.7009,82,4.9923,1.0,sit_stand,UNKNOWN,UNKNOWN,0.3133,0,57.887
1656,57.7149,82,4.9871,1.0,sit_stand,UNKNOWN,UNKNOWN,0.3133,0,57.122
1657,57.7348,82,4.9925,1.0,sit_stand,UNKNOWN,UNKNOWN,0.3133,0,58.393
1658,57.7486,82,4.993,1.0,sit_stand,UNKNOWN,UNKNOWN,0.3133,0,59.634
1659,57.7632,82,4.9953,1.0,sit_stand,UNKNOWN,UNKNOWN,0.3133,0,58.671
1660,57.7835,82,4.9892,1.0,sit_stand,UNKNOWN,UNKNOWN,0.2867,1,58.033
1661,57.8394,82,4.992,1.0,sit_stand,UNKNOWN,UNKNOWN,0.2867,0,53.961
1662,57.86,82,4.9971,1.0,sit_stand,UNKNOWN,UNKNOWN,0.2867,0,53.45
1663,57.8806,82,4.953,1.0,sit_stand,UNKNOWN,UNKNOWN,0.2867,0,53.068
1664,57.9007,82,4.9731,1.0,sit_stand,UNKNOWN,UNKNOWN,0.2867,0,55.859
1665,57.9135,82,4.9859,1.0,sit_stand,UNKNOWN,UNKNOWN,0.2867,0,57.399
1666,57.9269,82,4.9993,1.0,sit_stand,UNKNOWN,UNKNOWN,0.2867,0,58.152
1667,57.9425,82,4.9876,1.0,sit_stand,UNKNOWN,UNKNOWN,0.2867,0,57.068
1668,57.9639,82,4.9965,1.0,sit_stand,UNKNOWN,UNKNOWN,0.2867,0,57.955
1669,57.9786,82,4.997,1.0,sit_stand,UNKNOWN,UNKNOWN,0.2867,0,59.332
1670,57.993,82,4.9983,1.0,sit_stand,UNKNOWN,UNKNOWN,0.2867,0,58.223
1671,58.0136,82,4.9846,1.0,sit_stand,UNKNOWN,UNKNOWN,0.2867,0,59.454
1672,58.0277,82,4.9988,1.0,sit_stand,UNKNOWN,UNKNOWN,0.2867,0,58.404
1673,58.0484,82,4.9919,1.0,sit_stand,UNKNOWN,UNKNOWN,0.3233,1,58.902
1674,58.1027,82,4.9878,1.0,sit_stand,UNKNOWN,UNKNOWN,0.3233,0,54.692
1675,58.1234,82,4.9888,1.0,sit_stand,UNKNOWN,UNKNOWN,0.3233,0,56.487
1676,58.1368,82,4.9525,1.0,sit_stand,UNKNOWN,UNKNOWN,0.3233,0,57.254
1677,58.1525,82,4.9682,1.0,sit_stand,UNKNOWN,UNKNOWN,0.3233,0,56.523
1678,58.1726,82,4.9883,1.0,sit_stand,UNKNOWN,UNKNOWN,0.3233,0,56.686
1679,58.19,82,4.9914,1.0,sit_stand,UNKNOWN,UNKNOWN,0.3233,0,57.755
1680,58.2049,82,4.9906,1.0,sit_stand,UNKNOWN,UNKNOWN,0.3233,0,59.24
1681,58.2185,82,4.991,1.0,sit_stand,UNKNOWN,UNKNOWN,0.3233,0,60.629
1682,58.2319,82,4.9914,1.0,sit_stand,UNKNOWN,UNKNOWN,0.3233,0,61.809
1683,58.2465,82,4.9934,1.0,sit_stand,UNKNOWN,UNKNOWN,0.3233,0,62.642
1684,58.2601,82,4.9931,1.0,sit_stand,UNKNOWN,UNKNOWN,0.3233,0,63.71
1685,58.2739,82,4.9938,1.0,sit_stand,UNKNOWN,UNKNOWN,0.3233,0,62.14
1686,58.2948,82,4.9998,1.0,sit_stand,UNKNOWN,UNKNOWN,0.3233,0,60.487
1687,58.3166,82,4.9898,1.0,sit_stand,UNKNOWN,UNKNOWN,0.3133,1,61.6
1688,58.3662,82,4.9995,1.0,sit_stand,UNKNOWN,UNKNOWN,0.3133,0,57.44
1689,58.3804,82,4.9875,1.0,sit_stand,UNKNOWN,UNKNOWN,0.3133,0,59.308
1690,58.3937,82,4.9506,1.0,sit_stand,UNKNOWN,UNKNOWN,0.3133,0,61.345
1691,58.4059,82,4.9629,1.0,sit_stand,UNKNOWN,UNKNOWN,0.3133,0,62.55
1692,58.4199,82,4.9768,1.0,sit_stand,UNKNOWN,UNKNOWN,0.3133,0,64.028
1693,58.4328,82,4.9898,1.0,sit_stand,UNKNOWN,UNKNOWN,0.3133,0,64.664
1694,58.447,82,4.989,1.0,sit_stand,UNKNOWN,UNKNOWN,0.3133,0,65.639
1695,58.4605,82,4.9824,1.0,sit_stand,UNKNOWN,UNKNOWN,0.3133,0,65.111
1696,58.4771,82,4.999,1.0,sit_stand,UNKNOWN,UNKNOWN,0.3133,0,66.123
1697,58.4903,82,4.9949,1.0,sit_stand,UNKNOWN,UNKNOWN,0.3133,0,67.214
1698,58.5031,82,4.992,1.0,sit_stand,UNKNOWN,UNKNOWN,0.3133,0,66.9
1699,58.5187,82,4.9926,1.0,sit_stand,UNKNOWN,UNKNOWN,0.3133,0,67.756
1700,58.532,82,4.9926,1.0,sit_stand,UNKNOWN,UNKNOWN,0.3133,0,66.14
1701,58.5515,82,4.986,1.0,sit_stand,UNKNOWN,UNKNOWN,0.3133,0,64.31
1702,58.5728,82,4.9949,1.0,sit_stand,UNKNOWN,UNKNOWN,0.33,1,62.924
1703,58.628,82,4.9982,1.0,sit_stand,UNKNOWN,UNKNOWN,0.33,0,58.458
1704,58.6468,82,4.9531,1.0,sit_stand,UNKNOWN,UNKNOWN,0.33,0,57.689
1705,58.6663,82,4.9727,1.0,sit_stand,UNKNOWN,UNKNOWN,0.33,0,57.009
1706,58.6862,82,4.9926,1.0,sit_stand,UNKNOWN,UNKNOWN,0.33,0,56.544
1707,58.7056,82,4.997,1.0,sit_stand,UNKNOWN,UNKNOWN,0.33,0,57.56
1708,58.7204,82,4.9922,1.0,sit_stand,UNKNOWN,UNKNOWN,0.33,0,56.808
1709,58.7404,82,4.9972,1.0,sit_stand,UNKNOWN,UNKNOWN,0.33,0,57.965
1710,58.755,82,4.9984,1.0,sit_stand,UNKNOWN,UNKNOWN,0.33,0,58.833
1711,58.77,82,4.9988,1.0,sit_stand,UNKNOWN,UNKNOWN,0.33,0,58.167
1712,58.7892,82,4.9935,1.0,sit_stand,UNKNOWN,UNKNOWN,0.33,0,57.323
1713,58.8092,82,4.9793,1.0,sit_stand,UNKNOWN,UNKNOWN,0.33,0,56.72
1714,58.8287,82,4.9988,1.0,sit_stand,UNKNOWN,UNKNOWN,0.31,1,57.873
1715,58.8834,82,4.9918,1.0,sit_stand,UNKNOWN,UNKNOWN,0.31,0,53.939
1716,58.8974,82,4.9908,1.0,sit_stand,UNKNOWN,UNKNOWN,0.31,0,56.504
1717,58.9101,82,4.9438,1.0,sit_stand,UNKNOWN,UNKNOWN,0.31,0,56.068
1718,58.9294,82,4.9631,1.0,sit_stand,UNKNOWN,UNKNOWN,0.31,0,57.845
1719,58.9424,82,4.9761,1.0,sit_stand,UNKNOWN,UNKNOWN,0.31,0,56.453
1720,58.9651,82,4.9988,1.0,sit_stand,UNKNOWN,UNKNOWN,0.31,0,55.835
1721,58.9853,82,4.998,1.0,sit_stand,UNKNOWN,UNKNOWN,0.31,0,55.36
1722,59.0049,82,4.9999,1.0,sit_stand,UNKNOWN,UNKNOWN,0.31,0,54.75
1723,59.0249,82,4.9807,1.0,sit_stand,UNKNOWN,UNKNOWN,0.31,0,54.484
1724,59.0443,82,4.9812,1.0,sit_stand,UNKNOWN,UNKNOWN,0.31,0,57.051
1725,59.0567,82,4.9936,1.0,sit_stand,UNKNOWN,UNKNOWN,0.31,0,58.999
1726,59.07,82,4.9936,1.0,sit_stand,UNKNOWN,UNKNOWN,0.31,0,59.952
1727,59.0845,82,4.9894,1.0,sit_stand,UNKNOWN,UNKNOWN,0.3133,1,59.067
1728,59.1431,82,4.9958,1.0,sit_stand,UNKNOWN,UNKNOWN,0.3133,0,54.872
1729,59.1625,82,4.9968,1.0,sit_stand,UNKNOWN,UNKNOWN,0.3133,0,56.62
1730,59.1765,82,4.9544,1.0,sit_stand,UNKNOWN,UNKNOWN,0.3133,0,57.475
1731,59.1917,82,4.9696,1.0,sit_stand,UNKNOWN,UNKNOWN,0.3133,0,59.493
1732,59.2044,82,4.9824,1.0,sit_stand,UNKNOWN,UNKNOWN,0.3133,0,60.991
1733,59.2179,82,4.9958,1.0,sit_stand,UNKNOWN,UNKNOWN,0.3133,0,61.933
1734,59.2321,82,4.9956,1.0,sit_stand,UNKNOWN,UNKNOWN,0.3133,0,62.217
1735,59.2478,82,4.9983,1.0,sit_stand,UNKNOWN,UNKNOWN,0.3133,0,61.538
1736,59.2659,82,4.9914,1.0,sit_stand,UNKNOWN,UNKNOWN,0.3133,0,61.981
1737,59.2809,82,4.9928,1.0,sit_stand,UNKNOWN,UNKNOWN,0.3133,0,62.879
1738,59.2949,82,4.9931,1.0,sit_stand,UNKNOWN,UNKNOWN,0.3133,0,64.46
1739,59.3076,82,4.9938,1.0,sit_stand,UNKNOWN,UNKNOWN,0.3133,0,65.699
1740,59.3206,82,4.9944,1.0,sit_stand,UNKNOWN,UNKNOWN,0.3133,0,66.389
1741,59.3345,82,4.9937,1.0,sit_stand,UNKNOWN,UNKNOWN,0.3267,1,67.109
1742,59.3835,82,4.9951,1.0,sit_stand,UNKNOWN,UNKNOWN,0.3267,0,62.396
1743,59.3981,82,4.9961,1.0,sit_stand,UNKNOWN,UNKNOWN,0.3267,0,61.557
1744,59.4165,82,4.99,1.0,sit_stand,UNKNOWN,UNKNOWN,0.3267,0,62.866
1745,59.43,82,4.9495,1.0,sit_stand,UNKNOWN,UNKNOWN,0.3267,0,61.466
1746,59.4505,82,4.97,1.0,sit_stand,UNKNOWN,UNKNOWN,0.3267,0,60.253
1747,59.4709,82,4.9904,1.0,sit_stand,UNKNOWN,UNKNOWN,0.3267,0,61.541
1748,59.4843,82,4.986,1.0,sit_stand,UNKNOWN,UNKNOWN,0.3267,0,61.917
1749,59.4993,82,4.9857,1.0,sit_stand,UNKNOWN,UNKNOWN,0.3267,0,60.503
1750,59.5207,82,4.9866,1.0,sit_stand,UNKNOWN,UNKNOWN,0.3267,0,61.376
1751,59.5349,82,4.9878,1.0,sit_stand,UNKNOWN,UNKNOWN,0.3267,0,61.717
1752,59.5504,82,4.9888,1.0,sit_stand,UNKNOWN,UNKNOWN,0.3267,0,60.517
1753,59.5707,82,4.9926,1.0,sit_stand,UNKNOWN,UNKNOWN,0.3267,0,59.413
1754,59.5909,82,4.994,1.0,sit_stand,UNKNOWN,UNKNOWN,0.33,1,59.729
1755,59.6443,82,4.993,1.0,sit_stand,UNKNOWN,UNKNOWN,0.33,0,55.685
1756,59.6587,82,4.9946,1.0,sit_stand,UNKNOWN,UNKNOWN,0.33,0,57.148
1757,59.6727,82,4.994,1.0,sit_stand,UNKNOWN,UNKNOWN,0.33,0,58.267
1758,59.6875,82,4.9471,1.0,sit_stand,UNKNOWN,UNKNOWN,0.33,0,57.419
1759,59.7079,82,4.9675,1.0,sit_stand,UNKNOWN,UNKNOWN,0.33,0,57.672
1760,59.7246,82,4.9842,1.0,sit_stand,UNKNOWN,UNKNOWN,0.33,0,56.597
1761,59.7456,82,4.9889,1.0,sit_stand,UNKNOWN,UNKNOWN,0.33,0,55.955
1762,59.7655,82,4.9953,1.0,sit_stand,UNKNOWN,UNKNOWN,0.33,0,55.682
1763,59.7843,82,4.9941,1.0,sit_stand,UNKNOWN,UNKNOWN,0.33,0,55.258
1764,59.8039,82,4.9778,1.0,sit_stand,UNKNOWN,UNKNOWN,0.33,0,54.645
1765,59.8244,82,4.9983,1.0,sit_stand,UNKNOWN,UNKNOWN,0.33,0,53.789
1766,59.8459,82,4.9923,1.0,sit_stand,UNKNOWN,UNKNOWN,0.3167,1,53.394
1767,59.9058,82,4.9897,1.0,sit_stand,UNKNOWN,UNKNOWN,0.3167,0,49.917
1768,59.9199,82,4.9891,1.0,sit_stand,UNKNOWN,UNKNOWN,0.3167,0,52.766
1769,59.9322,82,4.9465,1.0,sit_stand,UNKNOWN,UNKNOWN,0.3167,0,55.062
1770,59.9455,82,4.9599,1.0,sit_stand,UNKNOWN,UNKNOWN,0.3167,0,56.931
1771,59.9594,82,4.9738,1.0,sit_stand,UNKNOWN,UNKNOWN,0.3167,0,59.104
1772,59.9719,82,4.9863,1.0,sit_stand,UNKNOWN,UNKNOWN,0.3167,0,58.071
1773,59.9925,82,4.9929,1.0,sit_stand,UNKNOWN,UNKNOWN,0.3167,0,56.917
1774,60.0141,82,4.9951,1.0,sit_stand,UNKNOWN,UNKNOWN,0.3167,0,58.245
1775,60.0282,82,4.9955,1.0,sit_stand,UNKNOWN,UNKNOWN,0.3167,0,57.608
1776,60.0476,82,4.9815,1.0,sit_stand,UNKNOWN,UNKNOWN,0.3167,0,59.361
1777,60.0602,82,4.9941,1.0,sit_stand,UNKNOWN,UNKNOWN,0.3167,0,58.552
1778,60.0802,82,4.9889,1.0,sit_stand,UNKNOWN,UNKNOWN,0.3167,0,57.746
1779,60.0997,82,4.996,1.0,sit_stand,UNKNOWN,UNKNOWN,0.3367,1,59.435
1780,60.2291,82,4.9856,1.0,sit_stand,UNKNOWN,UNKNOWN,0.3367,0,54.251
1781,60.2453,82,4.9875,1.0,sit_stand,UNKNOWN,UNKNOWN,0.3367,0,56.496
1782,60.2584,82,4.988,1.0,sit_stand,UNKNOWN,UNKNOWN,0.3367,0,58.719
1783,60.2707,82,4.9872,1.0,sit_stand,UNKNOWN,UNKNOWN,0.3367,0,60.536
1784,60.2837,82,4.9876,1.0,sit_stand,UNKNOWN,UNKNOWN,0.3367,0,61.936
1785,60.2972,82,4.9889,1.0,sit_stand,UNKNOWN,UNKNOWN,0.3367,0,61.209
1786,60.3158,82,4.994,1.0,sit_stand,UNKNOWN,UNKNOWN,0.3367,0,62.196
1787,60.33,82,4.9938,1.0,sit_stand,UNKNOWN,UNKNOWN,0.3367,0,62.567
1788,60.345,82,4.9954,1.0,sit_stand,UNKNOWN,UNKNOWN,0.3367,0,64.156
1789,60.3573,82,4.99,1.0,sit_stand,UNKNOWN,UNKNOWN,0.3167,1,65.132
1790,60.4082,82,4.9915,1.0,sit_stand,UNKNOWN,UNKNOWN,0.3167,0,60.521
1791,60.4237,82,4.9867,1.0,sit_stand,UNKNOWN,UNKNOWN,0.3167,0,59.124
1792,60.4451,82,4.9523,1.0,sit_stand,UNKNOWN,UNKNOWN,0.3167,0,58.142
1793,60.4653,82,4.9725,1.0,sit_stand,UNKNOWN,UNKNOWN,0.3167,0,58.544
1794,60.4818,82,4.989,1.0,sit_stand,UNKNOWN,UNKNOWN,0.3167,0,57.512
1795,60.502,82,4.9952,1.0,sit_stand,UNKNOWN,UNKNOWN,0.3167,0,58.038
1796,60.5182,82,4.993,1.0,sit_stand,UNKNOWN,UNKNOWN,0.3167,0,57.177
1797,60.5391,82,4.9983,1.0,sit_stand,UNKNOWN,UNKNOWN,0.3167,0,56.593
1798,60.5582,82,4.9822,1.0,sit_stand,UNKNOWN,UNKNOWN,0.3167,0,56.069
1799,60.5776,82,4.9888,1.0,sit_stand,UNKNOWN,UNKNOWN,0.3167,0,55.851
1800,60.597,82,4.9941,1.0,sit_stand,UNKNOWN,UNKNOWN,0.3167,0,55.094
1801,60.6168,82,4.9895,1.0,sit_stand,UNKNOWN,UNKNOWN,0.3333,1,54.382
1802,60.6749,82,4.9894,1.0,sit_stand,UNKNOWN,UNKNOWN,0.3333,0,50.666
1803,60.6956,82,4.9921,1.0,sit_stand,UNKNOWN,UNKNOWN,0.3333,0,50.434
1804,60.7165,82,4.9516,1.0,sit_stand,UNKNOWN,UNKNOWN,0.3333,0,52.73
1805,60.7299,82,4.965,1.0,sit_stand,UNKNOWN,UNKNOWN,0.3333,0,54.132
1806,60.7446,82,4.9797,1.0,sit_stand,UNKNOWN,UNKNOWN,0.3333,0,54.083
1807,60.7636,82,4.9986,1.0,sit_stand,UNKNOWN,UNKNOWN,0.3333,0,54.784
1808,60.7801,82,4.9947,1.0,sit_stand,UNKNOWN,UNKNOWN,0.3333,0,54.265
1809,60.8005,82,4.9966,1.0,sit_stand,UNKNOWN,UNKNOWN,0.3333,0,54.81
1810,60.8169,82,4.9961,1.0,sit_stand,UNKNOWN,UNKNOWN,0.3333,0,56.205
1811,60.8316,82,4.9977,1.0,sit_stand,UNKNOWN,UNKNOWN,0.3333,0,57.832
1812,60.8457,82,4.991,1.0,sit_stand,UNKNOWN,UNKNOWN,0.3333,0,58.855
1813,60.8605,82,4.9869,1.0,sit_stand,UNKNOWN,UNKNOWN,0.3333,0,57.695
1814,60.8814,82,4.9892,1.0,sit_stand,UNKNOWN,UNKNOWN,0.32,1,56.273
1815,60.9423,82,4.9959,1.0,sit_stand,UNKNOWN,UNKNOWN,0.32,0,52.278
1816,60.9656,82,4.999,1.0,sit_stand,UNKNOWN,UNKNOWN,0.32,0,50.166
1817,60.9985,82,4.9792,1.0,sit_stand,UNKNOWN,UNKNOWN,0.32,0,51.396
1818,61.0131,82,4.9938,1.0,sit_stand,UNKNOWN,UNKNOWN,0.32,0,51.198
1819,61.0338,82,4.9999,1.0,sit_stand,UNKNOWN,UNKNOWN,0.32,0,53.48
1820,61.047,82,4.993,1.0,sit_stand,UNKNOWN,UNKNOWN,0.32,0,55.702
1821,61.0604,82,4.9924,1.0,sit_stand,UNKNOWN,UNKNOWN,0.32,0,57.491
1822,61.074,82,4.9922,1.0,sit_stand,UNKNOWN,UNKNOWN,0.32,0,59.144
1823,61.0875,82,4.9922,1.0,sit_stand,UNKNOWN,UNKNOWN,0.32,0,59.788
1824,61.1024,82,4.9914,1.0,sit_stand,UNKNOWN,UNKNOWN,0.32,0,58.683
1825,61.1233,82,4.9874,1.0,sit_stand,UNKNOWN,UNKNOWN,0.32,0,60.321
1826,61.1364,82,4.9736,1.0,sit_stand,UNKNOWN,UNKNOWN,0.3267,1,62.045
1827,61.1973,82,4.9929,1.0,sit_stand,UNKNOWN,UNKNOWN,0.3267,0,57.368
1828,61.2152,82,4.998,1.0,sit_stand,UNKNOWN,UNKNOWN,0.3267,0,57.019
1829,61.2332,82,4.9651,1.0,sit_stand,UNKNOWN,UNKNOWN,0.3267,0,59.114
1830,61.2462,82,4.978,1.0,sit_stand,UNKNOWN,UNKNOWN,0.3267,0,61.094
1831,61.2591,82,4.991,1.0,sit_stand,UNKNOWN,UNKNOWN,0.3267,0,62.612
1832,61.272,82,4.9908,1.0,sit_stand,UNKNOWN,UNKNOWN,0.3267,0,64.142
1833,61.2846,82,4.9904,1.0,sit_stand,UNKNOWN,UNKNOWN,0.3267,0,65.577
1834,61.2976,82,4.9856,1.0,sit_stand,UNKNOWN,UNKNOWN,0.3267,0,66.103
1835,61.3117,82,4.9998,1.0,sit_stand,UNKNOWN,UNKNOWN,0.3267,0,67.433
1836,61.3243,82,4.995,1.0,sit_stand,UNKNOWN,UNKNOWN,0.3267,0,68.929
1837,61.3361,82,4.9867,1.0,sit_stand,UNKNOWN,UNKNOWN,0.3267,0,70.396
1838,61.3487,82,4.9993,1.0,sit_stand,UNKNOWN,UNKNOWN,0.3267,0,70.444
1839,61.3622,82,4.9976,1.0,sit_stand,UNKNOWN,UNKNOWN,0.3267,0,71.479
1840,61.375,82,4.9962,1.0,sit_stand,UNKNOWN,UNKNOWN,0.3267,0,72.264
1841,61.3873,82,4.9945,1.0,sit_stand,UNKNOWN,UNKNOWN,0.3267,1,73.516
1842,61.4357,82,4.9896,1.0,sit_stand,UNKNOWN,UNKNOWN,0.3267,0,67.922
1843,61.4562,82,4.9902,1.0,sit_stand,UNKNOWN,UNKNOWN,0.3267,0,66.042
1844,61.4767,82,4.9973,1.0,sit_stand,UNKNOWN,UNKNOWN,0.3267,0,64.227
1845,61.4975,82,4.9638,1.0,sit_stand,UNKNOWN,UNKNOWN,0.3267,0,65.979
1845,61.4975,115,0.0,1.0,WARMING_UP,WARMING_UP,WARMING_UP,0.0,0,65.979
1846,61.5097,82,4.976,1.0,sit_stand,UNKNOWN,UNKNOWN,0.3267,0,66.948
1846,61.5097,115,0.0122,1.0,WARMING_UP,WARMING_UP,WARMING_UP,0.0,0,66.948
1847,61.5229,82,4.9892,1.0,sit_stand,UNKNOWN,UNKNOWN,0.3267,0,67.971
1847,61.5229,115,0.0254,1.0,WARMING_UP,WARMING_UP,WARMING_UP,0.0,0,67.971
1848,61.5362,82,4.9829,1.0,sit_stand,UNKNOWN,UNKNOWN,0.3267,0,66.106
1848,61.5362,115,0.0388,1.0,WARMING_UP,WARMING_UP,WARMING_UP,0.0,0,66.106
1849,61.5558,82,4.9877,1.0,sit_stand,UNKNOWN,UNKNOWN,0.3267,0,67.381
1849,61.5558,115,0.0584,1.0,WARMING_UP,WARMING_UP,WARMING_UP,0.0,0,67.381
1850,61.5688,82,4.9877,1.0,sit_stand,UNKNOWN,UNKNOWN,0.3267,0,67.57
1850,61.5688,115,0.0714,1.0,WARMING_UP,WARMING_UP,WARMING_UP,0.0,0,67.57
1851,61.5833,82,4.9822,1.0,sit_stand,UNKNOWN,UNKNOWN,0.3267,0,68.802
1851,61.5833,115,0.0859,1.0,WARMING_UP,WARMING_UP,WARMING_UP,0.0,0,68.802
1852,61.5958,82,4.9947,1.0,sit_stand,UNKNOWN,UNKNOWN,0.3267,0,67.064
1852,61.5958,115,0.0984,1.0,WARMING_UP,WARMING_UP,WARMING_UP,0.0,0,67.064
1853,61.6152,82,4.995,1.0,sit_stand,UNKNOWN,UNKNOWN,0.3267,0,65.173
1853,61.6152,115,0.1177,1.0,WARMING_UP,WARMING_UP,WARMING_UP,0.0,0,65.173
1854,61.6359,82,4.9944,1.0,sit_stand,UNKNOWN,UNKNOWN,0.3267,0,64.331
1854,61.6359,115,0.1385,1.0,WARMING_UP,WARMING_UP,WARMING_UP,0.0,0,64.331
1855,61.6534,82,4.9921,1.0,sit_stand,UNKNOWN,UNKNOWN,0.3233,1,65.194
1855,61.6534,115,0.1559,1.0,WARMING_UP,WARMING_UP,WARMING_UP,0.0,0,65.194
1856,61.7046,82,4.9921,1.0,sit_stand,UNKNOWN,UNKNOWN,0.3233,0,60.399
1856,61.7046,115,0.2072,1.0,WARMING_UP,WARMING_UP,WARMING_UP,0.0,0,60.399
1857,61.7256,82,4.9967,1.0,sit_stand,UNKNOWN,UNKNOWN,0.3233,0,59.859
1857,61.7256,115,0.2282,1.0,WARMING_UP,WARMING_UP,WARMING_UP,0.0,0,59.859
1858,61.7434,82,4.9974,1.0,sit_stand,UNKNOWN,UNKNOWN,0.3233,0,59.061
1859,61.7626,82,4.9647,1.0,sit_stand,UNKNOWN,UNKNOWN,0.3233,0,61.25
1859,61.7626,115,0.2652,0.9333,WARMING_UP,WARMING_UP,WARMING_UP,0.0,0,61.25
1860,61.7751,82,4.9772,1.0,sit_stand,UNKNOWN,UNKNOWN,0.3233,0,60.278
1860,61.7751,115,0.2776,0.9375,WARMING_UP,WARMING_UP,WARMING_UP,0.0,0,60.278
1861,61.7946,82,4.9967,1.0,sit_stand,UNKNOWN,UNKNOWN,0.3233,0,62.223
1861,61.7946,115,0.2971,0.9412,WARMING_UP,WARMING_UP,WARMING_UP,0.0,0,62.223
1862,61.8068,82,4.9906,1.0,sit_stand,UNKNOWN,UNKNOWN,0.3233,0,62.624
1862,61.8068,115,0.3093,0.9444,WARMING_UP,WARMING_UP,WARMING_UP,0.0,0,62.624
1863,61.8223,82,4.9859,1.0,sit_stand,UNKNOWN,UNKNOWN,0.3233,0,61.408
1863,61.8223,115,0.3248,0.9474,WARMING_UP,WARMING_UP,WARMING_UP,0.0,0,61.408
1864,61.8422,82,4.986,1.0,sit_stand,UNKNOWN,UNKNOWN,0.3233,0,63.208
1864,61.8422,115,0.3448,0.95,WARMING_UP,WARMING_UP,WARMING_UP,0.0,0,63.208
1865,61.8545,82,4.9983,1.0,sit_stand,UNKNOWN,UNKNOWN,0.3233,0,64.598
1865,61.8545,115,0.357,0.9524,WARMING_UP,WARMING_UP,WARMING_UP,0.0,0,64.598
1866,61.8675,82,4.992,1.0,sit_stand,UNKNOWN,UNKNOWN,0.3233,0,63.736
1866,61.8675,115,0.37,0.9545,WARMING_UP,WARMING_UP,WARMING_UP,0.0,0,63.736
1867,61.8856,82,4.9951,1.0,sit_stand,UNKNOWN,UNKNOWN,0.3233,0,65.311
1867,61.8856,115,0.3881,0.9565,WARMING_UP,WARMING_UP,WARMING_UP,0.0,0,65.311
1868,61.898,82,4.9935,1.0,sit_stand,UNKNOWN,UNKNOWN,0.3233,0,63.56
1869,61.9188,82,4.9934,1.0,sit_stand,UNKNOWN,UNKNOWN,0.2933,1,65.094
1870,61.9685,82,4.99,1.0,sit_stand,UNKNOWN,UNKNOWN,0.2933,0,60.56
1870,61.9685,115,0.471,0.8846,WARMING_UP,WARMING_UP,WARMING_UP,0.0,0,60.56
1871,61.9819,82,4.9838,1.0,sit_stand,UNKNOWN,UNKNOWN,0.2933,0,62.71
1871,61.9819,115,0.4844,0.8889,WARMING_UP,WARMING_UP,WARMING_UP,0.0,0,62.71
1872,61.9945,82,4.9965,1.0,sit_stand,UNKNOWN,UNKNOWN,0.2933,0,62.13
1873,62.012,82,4.956,1.0,sit_stand,UNKNOWN,UNKNOWN,0.2933,0,61.087
1873,62.012,115,0.5146,0.8621,WARMING_UP,WARMING_UP,WARMING_UP,0.0,0,61.087
1874,62.0313,82,4.9753,1.0,sit_stand,UNKNOWN,UNKNOWN,0.2933,0,63.364
1874,62.0313,115,0.5339,0.8667,WARMING_UP,WARMING_UP,WARMING_UP,0.0,0,63.364
1875,62.0434,82,4.9873,1.0,sit_stand,UNKNOWN,UNKNOWN,0.2933,0,64.521
1876,62.0565,82,4.982,1.0,sit_stand,UNKNOWN,UNKNOWN,0.2933,0,62.948
1876,62.0565,115,0.559,0.8438,WARMING_UP,WARMING_UP,WARMING_UP,0.0,0,62.948
1877,62.0777,82,4.9908,1.0,sit_stand,UNKNOWN,UNKNOWN,0.2933,0,61.408
1877,62.0777,115,0.5803,0.8485,WARMING_UP,WARMING_UP,WARMING_UP,0.0,0,61.408
1878,62.0978,82,4.9988,1.0,sit_stand,UNKNOWN,UNKNOWN,0.2933,0,63.882
1879,62.1095,82,4.9971,1.0,sit_stand,UNKNOWN,UNKNOWN,0.2933,0,65.253
1879,62.1095,115,0.6121,0.8286,WARMING_UP,WARMING_UP,WARMING_UP,0.0,0,65.253
1880,62.1225,82,4.9953,1.0,sit_stand,UNKNOWN,UNKNOWN,0.2933,0,65.309
1881,62.1377,82,4.997,1.0,sit_stand,UNKNOWN,UNKNOWN,0.2933,0,66.563
1881,62.1377,115,0.6402,0.8108,WARMING_UP,WARMING_UP,WARMING_UP,0.0,0,66.563
1882,62.1506,82,4.997,1.0,sit_stand,UNKNOWN,UNKNOWN,0.2933,0,65.107
1883,62.1703,82,4.991,1.0,sit_stand,UNKNOWN,UNKNOWN,0.3133,1,65.833
1884,62.2309,82,4.9945,1.0,sit_stand,UNKNOWN,UNKNOWN,0.3133,0,60.741
1885,62.2507,82,4.9493,1.0,sit_stand,UNKNOWN,UNKNOWN,0.3133,0,59.834
1885,62.2507,115,0.7533,0.7561,WARMING_UP,WARMING_UP,WARMING_UP,0.0,0,59.834
1886,62.2703,82,4.9688,1.0,sit_stand,UNKNOWN,UNKNOWN,0.3133,0,61.853
1887,62.2825,82,4.981,1.0,sit_stand,UNKNOWN,UNKNOWN,0.3133,0,63.531
1887,62.2825,115,0.785,0.7442,WARMING_UP,WARMING_UP,WARMING_UP,0.0,0,63.531
1888,62.2953,82,4.9938,1.0,sit_stand,UNKNOWN,UNKNOWN,0.3133,0,65.527
1889,62.307,82,4.9864,1.0,sit_stand,UNKNOWN,UNKNOWN,0.3133,0,67.659
1890,62.3184,82,4.9979,1.0,sit_stand,UNKNOWN,UNKNOWN,0.3133,0,66.457
1891,62.3368,82,4.9958,1.0,sit_stand,UNKNOWN,UNKNOWN,0.3133,0,66.008
1892,62.3527,82,4.9985,1.0,sit_stand,UNKNOWN,UNKNOWN,0.3133,0,64.948
1893,62.3713,82,4.9823,1.0,sit_stand,UNKNOWN,UNKNOWN,0.3133,0,63.303
1893,62.3713,115,0.8739,0.6735,WARMING_UP,WARMING_UP,WARMING_UP,0.0,0,63.303
1894,62.3918,82,4.9793,1.0,sit_stand,UNKNOWN,UNKNOWN,0.3133,0,62.187
1895,62.4107,82,4.9982,1.0,sit_stand,UNKNOWN,UNKNOWN,0.3133,0,61.055
1896,62.4303,82,4.9819,1.0,sit_stand,UNKNOWN,UNKNOWN,0.31,1,61.812
1897,62.4819,82,4.9876,1.0,sit_stand,UNKNOWN,UNKNOWN,0.31,0,57.457
1898,62.4996,82,4.9852,1.0,sit_stand,UNKNOWN,UNKNOWN,0.31,0,60.218
1899,62.5112,82,4.9968,1.0,sit_stand,UNKNOWN,UNKNOWN,0.31,0,59.527
1900,62.53,82,4.9655,1.0,sit_stand,UNKNOWN,UNKNOWN,0.31,0,59.309
1901,62.5476,82,4.9831,1.0,sit_stand,UNKNOWN,UNKNOWN,0.31,0,58.467
1902,62.5674,82,4.9886,1.0,sit_stand,UNKNOWN,UNKNOWN,0.31,0,60.943
1903,62.579,82,4.9812,1.0,sit_stand,UNKNOWN,UNKNOWN,0.31,0,60.043
1904,62.5985,82,4.9814,1.0,sit_stand,UNKNOWN,UNKNOWN,0.31,0,61.947
1905,62.6111,82,4.994,1.0,sit_stand,UNKNOWN,UNKNOWN,0.31,0,63.755
1906,62.624,82,4.9886,1.0,sit_stand,UNKNOWN,UNKNOWN,0.31,0,62.011
1907,62.6453,82,4.9967,1.0,sit_stand,UNKNOWN,UNKNOWN,0.31,0,63.716
1908,62.658,82,4.9879,1.0,sit_stand,UNKNOWN,UNKNOWN,0.31,0,65.68
1909,62.6697,82,4.9997,1.0,sit_stand,UNKNOWN,UNKNOWN,0.31,0,67.184
1910,62.6821,82,4.9945,1.0,sit_stand,UNKNOWN,UNKNOWN,0.3067,1,67.206
1911,62.734,82,4.9992,1.0,sit_stand,UNKNOWN,UNKNOWN,0.3067,0,62.233
1912,62.7544,82,4.9912,1.0,sit_stand,UNKNOWN,UNKNOWN,0.3067,0,63.672
1913,62.7676,82,4.9841,1.0,sit_stand,UNKNOWN,UNKNOWN,0.3067,0,64.748
1914,62.7809,82,4.9974,1.0,sit_stand,UNKNOWN,UNKNOWN,0.3067,0,66.507
1915,62.7938,82,4.9544,1.0,sit_stand,UNKNOWN,UNKNOWN,0.3067,0,67.386
1916,62.8063,82,4.9669,1.0,sit_stand,UNKNOWN,UNKNOWN,0.3067,0,68.228
1917,62.8194,82,4.98,1.0,sit_stand,UNKNOWN,UNKNOWN,0.3067,0,69.231
1918,62.8322,82,4.9928,1.0,sit_stand,UNKNOWN,UNKNOWN,0.3067,0,70.384
1919,62.845,82,4.985,1.0,sit_stand,UNKNOWN,UNKNOWN,0.3067,0,71.078
1920,62.8577,82,4.9977,1.0,sit_stand,UNKNOWN,UNKNOWN,0.3067,0,71.283
1921,62.8714,82,4.9907,1.0,sit_stand,UNKNOWN,UNKNOWN,0.3067,0,71.908
1922,62.8841,82,4.9835,1.0,sit_stand,UNKNOWN,UNKNOWN,0.3067,0,71.333
1923,62.8996,82,4.9989,1.0,sit_stand,UNKNOWN,UNKNOWN,0.3067,0,68.781
1924,62.9213,82,4.9944,1.0,sit_stand,UNKNOWN,UNKNOWN,0.3067,0,69.509
1925,62.9341,82,4.9916,1.0,sit_stand,UNKNOWN,UNKNOWN,0.3133,1,68.848
1926,62.9893,82,4.9962,1.0,sit_stand,UNKNOWN,UNKNOWN,0.3133,0,63.84
1927,63.0035,82,4.9899,1.0,sit_stand,UNKNOWN,UNKNOWN,0.3133,0,63.604
1928,63.0194,82,4.9917,1.0,sit_stand,UNKNOWN,UNKNOWN,0.3133,0,64.995
1929,63.0326,82,4.9843,1.0,sit_stand,UNKNOWN,UNKNOWN,0.3133,0,66.479
1930,63.0451,82,4.9967,1.0,sit_stand,UNKNOWN,UNKNOWN,0.3133,0,64.67
1931,63.0658,82,4.9631,1.0,sit_stand,UNKNOWN,UNKNOWN,0.3133,0,66.015
1932,63.0785,82,4.9758,1.0,sit_stand,UNKNOWN,UNKNOWN,0.3133,0,67.462
1933,63.091,82,4.9883,1.0,sit_stand,UNKNOWN,UNKNOWN,0.3133,0,68.717
1934,63.1034,82,4.98,1.0,sit_stand,UNKNOWN,UNKNOWN,0.3133,0,66.671
1935,63.124,82,4.9872,1.0,sit_stand,UNKNOWN,UNKNOWN,0.3133,0,67.832
1936,63.1369,82,4.9844,1.0,sit_stand,UNKNOWN,UNKNOWN,0.3133,0,68.645
1937,63.1501,82,4.9976,1.0,sit_stand,UNKNOWN,UNKNOWN,0.3133,0,69.674
1938,63.1628,82,4.9902,1.0,sit_stand,UNKNOWN,UNKNOWN,0.3133,0,67.207
1939,63.1849,82,4.995,1.0,sit_stand,UNKNOWN,UNKNOWN,0.3167,1,65.285
1940,63.246,82,4.9995,1.0,sit_stand,UNKNOWN,UNKNOWN,0.3167,0,60.617
1941,63.2597,82,4.9996,1.0,sit_stand,UNKNOWN,UNKNOWN,0.3167,0,61.938
1942,63.2731,82,4.9992,1.0,sit_stand,UNKNOWN,UNKNOWN,0.3167,0,61.884
1943,63.2895,82,4.9947,1.0,sit_stand,UNKNOWN,UNKNOWN,0.3167,0,61.162
1944,63.3078,82,4.9912,1.0,sit_stand,UNKNOWN,UNKNOWN,0.3167,0,61.612
1945,63.3231,82,4.9569,1.0,sit_stand,UNKNOWN,UNKNOWN,0.3167,0,62.647
1946,63.3371,82,4.9709,1.0,sit_stand,UNKNOWN,UNKNOWN,0.3167,0,64.483
1947,63.3494,82,4.9832,1.0,sit_stand,UNKNOWN,UNKNOWN,0.3167,0,65.717
1948,63.3621,82,4.9959,1.0,sit_stand,UNKNOWN,UNKNOWN,0.3167,0,66.84
1949,63.3751,82,4.9947,1.0,sit_stand,UNKNOWN,UNKNOWN,0.3167,0,68.271
1950,63.3876,82,4.994,1.0,sit_stand,UNKNOWN,UNKNOWN,0.3167,0,69.694
1951,63.4,82,4.994,1.0,sit_stand,UNKNOWN,UNKNOWN,0.3167,0,70.759
1952,63.412,82,4.9921,1.0,sit_stand,UNKNOWN,UNKNOWN,0.3167,0,71.579
1953,63.4248,82,4.992,1.0,sit_stand,UNKNOWN,UNKNOWN,0.3167,0,70.775
1954,63.4406,82,4.9936,1.0,sit_stand,UNKNOWN,UNKNOWN,0.3167,1,71.128
1955,63.4938,82,4.9907,1.0,sit_stand,UNKNOWN,UNKNOWN,0.3167,0,65.886
1956,63.5074,82,4.9887,1.0,sit_stand,UNKNOWN,UNKNOWN,0.3167,0,66.799
1957,63.5208,82,4.9888,1.0,sit_stand,UNKNOWN,UNKNOWN,0.3167,0,67.969
1958,63.5333,82,4.9817,1.0,sit_stand,UNKNOWN,UNKNOWN,0.3167,0,66.107
1959,63.5538,82,4.9811,1.0,sit_stand,UNKNOWN,UNKNOWN,0.3167,0,67.734
1960,63.5658,82,4.993,1.0,sit_stand,UNKNOWN,UNKNOWN,0.3167,0,67.698
1961,63.5805,82,4.9525,1.0,sit_stand,UNKNOWN,UNKNOWN,0.3167,0,65.855
1962,63.6018,82,4.9737,1.0,sit_stand,UNKNOWN,UNKNOWN,0.3167,0,66.462
1963,63.6152,82,4.9871,1.0,sit_stand,UNKNOWN,UNKNOWN,0.3167,0,64.467
1964,63.6368,82,4.99,1.0,sit_stand,UNKNOWN,UNKNOWN,0.3167,0,65.62
1965,63.6494,82,4.983,1.0,sit_stand,UNKNOWN,UNKNOWN,0.3167,0,66.665
1965,63.6494,116,0.0,1.0,WARMING_UP,WARMING_UP,WARMING_UP,0.0,0,66.665
1966,63.6628,82,4.9964,1.0,sit_stand,UNKNOWN,UNKNOWN,0.3167,0,67.196
1966,63.6628,116,0.0134,1.0,WARMING_UP,WARMING_UP,WARMING_UP,0.0,0,67.196
1967,63.6768,82,4.9906,1.0,sit_stand,UNKNOWN,UNKNOWN,0.3167,0,67.808
1968,63.6902,82,4.9846,1.0,sit_stand,UNKNOWN,UNKNOWN,0.3167,0,68.493
1969,63.7043,82,4.9987,1.0,sit_stand,UNKNOWN,UNKNOWN,0.3,1,66.533
1970,63.7669,82,4.9969,1.0,sit_stand,UNKNOWN,UNKNOWN,0.3,0,61.678
1971,63.7794,82,4.9902,1.0,sit_stand,UNKNOWN,UNKNOWN,0.3,0,63.096
1972,63.793,82,4.9838,1.0,sit_stand,UNKNOWN,UNKNOWN,0.3,0,61.598
1972,63.793,116,0.1436,0.375,WARMING_UP,WARMING_UP,WARMING_UP,0.0,0,61.598
1973,63.814,82,4.9853,1.0,sit_stand,UNKNOWN,UNKNOWN,0.3,0,60.49
1974,63.8333,82,4.9499,1.0,sit_stand,UNKNOWN,UNKNOWN,0.3,0,62.592
1974,63.8333,116,0.1839,0.4,WARMING_UP,WARMING_UP,WARMING_UP,0.0,0,62.592
1975,63.8455,82,4.9621,1.0,sit_stand,UNKNOWN,UNKNOWN,0.3,0,62.054
1975,63.8455,116,0.1961,0.4545,WARMING_UP,WARMING_UP,WARMING_UP,0.0,0,62.054
1976,63.8634,82,4.98,1.0,sit_stand,UNKNOWN,UNKNOWN,0.3,0,62.403
1976,63.8634,116,0.214,0.5,WARMING_UP,WARMING_UP,WARMING_UP,0.0,0,62.403
1977,63.8787,82,4.9953,1.0,sit_stand,UNKNOWN,UNKNOWN,0.3,0,61.209
1977,63.8787,116,0.2293,0.5385,WARMING_UP,WARMING_UP,WARMING_UP,0.0,0,61.209
1978,63.8982,82,4.988,1.0,sit_stand,UNKNOWN,UNKNOWN,0.3,0,63.116
1979,63.9104,82,4.981,1.0,sit_stand,UNKNOWN,UNKNOWN,0.3,0,65.229
1980,63.9222,82,4.9928,1.0,sit_stand,UNKNOWN,UNKNOWN,0.3,0,63.88
1981,63.9419,82,4.9994,1.0,sit_stand,UNKNOWN,UNKNOWN,0.3,0,65.652
1982,63.9545,82,4.9894,1.0,sit_stand,UNKNOWN,UNKNOWN,0.2967,1,63.91
1983,64.0202,82,4.9953,1.0,sit_stand,UNKNOWN,UNKNOWN,0.2967,0,59.111
1984,64.0376,82,4.9933,1.0,sit_stand,UNKNOWN,UNKNOWN,0.2967,0,58.415
1985,64.0568,82,4.9868,1.0,sit_stand,UNKNOWN,UNKNOWN,0.2967,0,57.703
1986,64.0764,82,4.9919,1.0,sit_stand,UNKNOWN,UNKNOWN,0.2967,0,56.972
1987,64.0965,82,4.9534,1.0,sit_stand,UNKNOWN,UNKNOWN,0.2967,0,59.466
1988,64.1083,82,4.9652,1.0,sit_stand,UNKNOWN,UNKNOWN,0.2967,0,58.659
1989,64.128,82,4.9849,1.0,sit_stand,UNKNOWN,UNKNOWN,0.2967,0,58.368
1990,64.1459,82,4.9834,1.0,sit_stand,UNKNOWN,UNKNOWN,0.2967,0,60.726
1991,64.1578,82,4.9953,1.0,sit_stand,UNKNOWN,UNKNOWN,0.2967,0,61.18
1992,64.1733,82,4.9969,1.0,sit_stand,UNKNOWN,UNKNOWN,0.2967,0,60.035
1993,64.1933,82,4.9889,1.0,sit_stand,UNKNOWN,UNKNOWN,0.2967,0,62.466
1994,64.205,82,4.9871,1.0,sit_stand,UNKNOWN,UNKNOWN,0.3133,1,64.459
1995,64.2552,82,4.9893,1.0,sit_stand,UNKNOWN,UNKNOWN,0.3133,0,59.96
1996,64.2689,82,4.988,1.0,sit_stand,UNKNOWN,UNKNOWN,0.3133,0,62.106
1997,64.2812,82,4.9862,1.0,sit_stand,UNKNOWN,UNKNOWN,0.3133,0,63.924
1998,64.2933,82,4.9984,1.0,sit_stand,UNKNOWN,UNKNOWN,0.3133,0,65.553
1999,64.3061,82,4.9985,1.0,sit_stand,UNKNOWN,UNKNOWN,0.3133,0,66.965
2000,64.3192,82,4.9985,1.0,sit_stand,UNKNOWN,UNKNOWN,0.3133,0,67.815
2001,64.3325,82,4.998,1.0,sit_stand,UNKNOWN,UNKNOWN,0.3133,0,68.225
2002,64.3459,82,4.9624,1.0,sit_stand,UNKNOWN,UNKNOWN,0.3133,0,68.434
2003,64.3601,82,4.9766,1.0,sit_stand,UNKNOWN,UNKNOWN,0.3133,0,69.376
2004,64.3727,82,4.9892,1.0,sit_stand,UNKNOWN,UNKNOWN,0.3133,0,69.276
2005,64.3874,82,4.9893,1.0,sit_stand,UNKNOWN,UNKNOWN,0.3133,0,70.437
2006,64.4,82,4.9835,1.0,sit_stand,UNKNOWN,UNKNOWN,0.3133,0,71.608
2007,64.4116,82,4.9951,1.0,sit_stand,UNKNOWN,UNKNOWN,0.3133,0,72.589
2008,64.4241,82,4.9942,1.0,sit_stand,UNKNOWN,UNKNOWN,0.3133,0,73.143
2009,64.4372,82,4.9867,1.0,sit_stand,UNKNOWN,UNKNOWN,0.3133,0,72.212
2010,64.4527,82,4.9819,1.0,sit_stand,UNKNOWN,UNKNOWN,0.3133,0,73.159
2011,64.4654,82,4.9945,1.0,sit_stand,UNKNOWN,UNKNOWN,0.3,1,73.432
2012,64.5262,82,4.9913,1.0,sit_stand,UNKNOWN,UNKNOWN,0.3,0,67.682
2013,64.5408,82,4.9904,1.0,sit_stand,UNKNOWN,UNKNOWN,0.3,0,69.228
2014,64.5527,82,4.982,1.0,sit_stand,UNKNOWN,UNKNOWN,0.3,0,68.307
2015,64.5696,82,4.9989,1.0,sit_stand,UNKNOWN,UNKNOWN,0.3,0,66.524
2016,64.5891,82,4.9983,1.0,sit_stand,UNKNOWN,UNKNOWN,0.3,0,64.878
2017,64.6093,82,4.965,1.0,sit_stand,UNKNOWN,UNKNOWN,0.3,0,63.441
2018,64.6289,82,4.9846,1.0,sit_stand,UNKNOWN,UNKNOWN,0.3,0,62.317
2019,64.6487,82,4.9899,1.0,sit_stand,UNKNOWN,UNKNOWN,0.3,0,63.973
2020,64.661,82,4.9883,1.0,sit_stand,UNKNOWN,UNKNOWN,0.3,0,62.704
2021,64.6803,82,4.9929,1.0,sit_stand,UNKNOWN,UNKNOWN,0.3,0,62.11
2022,64.6978,82,4.99,1.0,sit_stand,UNKNOWN,UNKNOWN,0.3,0,61.007
2023,64.7178,82,4.9932,1.0,sit_stand,UNKNOWN,UNKNOWN,0.3167,1,60.033
2024,64.7746,82,4.9903,1.0,sit_stand,UNKNOWN,UNKNOWN,0.3167,0,55.758
2025,64.7952,82,4.9913,1.0,sit_stand,UNKNOWN,UNKNOWN,0.3167,0,57.438
2026,64.8088,82,4.9844,1.0,sit_stand,UNKNOWN,UNKNOWN,0.3167,0,56.77
2027,64.8286,82,4.9827,1.0,sit_stand,UNKNOWN,UNKNOWN,0.3167,0,58.49
2028,64.8422,82,4.9963,1.0,sit_stand,UNKNOWN,UNKNOWN,0.3167,0,58.811
2029,64.8586,82,4.9528,1.0,sit_stand,UNKNOWN,UNKNOWN,0.3167,0,60.23
2030,64.872,82,4.9662,1.0,sit_stand,UNKNOWN,UNKNOWN,0.3167,0,61.097
2031,64.8864,82,4.9806,1.0,sit_stand,UNKNOWN,UNKNOWN,0.3167,0,59.825
2032,64.9103,82,4.9904,1.0,sit_stand,UNKNOWN,UNKNOWN,0.3167,0,59.394
2033,64.9253,82,4.9931,1.0,sit_stand,UNKNOWN,UNKNOWN,0.3167,0,58.092
2034,64.9469,82,4.9875,1.0,sit_stand,UNKNOWN,UNKNOWN,0.3167,0,59.835
2035,64.9601,82,4.9881,1.0,sit_stand,UNKNOWN,UNKNOWN,0.3167,0,60.882
2036,64.9741,82,4.9817,1.0,sit_stand,UNKNOWN,UNKNOWN,0.3033,1,62.104
2037,65.0245,82,4.9964,1.0,sit_stand,UNKNOWN,UNKNOWN,0.3033,0,57.717
2038,65.0433,82,4.9957,1.0,sit_stand,UNKNOWN,UNKNOWN,0.3033,0,56.746
2039,65.0639,82,4.9837,1.0,sit_stand,UNKNOWN,UNKNOWN,0.3033,0,58.213
2040,65.0778,82,4.9976,1.0,sit_stand,UNKNOWN,UNKNOWN,0.3033,0,60.131
2041,65.0907,82,4.991,1.0,sit_stand,UNKNOWN,UNKNOWN,0.3033,0,60.087
2042,65.1072,82,4.8781,1.0,sit_stand,UNKNOWN,UNKNOWN,0.3033,0,59.092
2043,65.1276,82,4.8985,1.0,sit_stand,UNKNOWN,UNKNOWN,0.3033,0,59.655
2044,65.1427,82,4.9136,1.0,sit_stand,UNKNOWN,UNKNOWN,0.3033,0,61.207
2045,65.1562,82,4.9271,1.0,sit_stand,UNKNOWN,UNKNOWN,0.3033,0,59.887
2046,65.1768,82,4.9477,1.0,sit_stand,UNKNOWN,UNKNOWN,0.3033,0,58.788
2047,65.198,82,4.9689,1.0,sit_stand,UNKNOWN,UNKNOWN,0.3033,0,60.369
2048,65.2106,82,4.9815,1.0,sit_stand,UNKNOWN,UNKNOWN,0.3033,0,59.395
2049,65.2307,82,4.9855,1.0,sit_stand,UNKNOWN,UNKNOWN,0.33,1,61.242
2050,65.2806,82,4.9969,1.0,sit_stand,UNKNOWN,UNKNOWN,0.33,0,56.837
2051,65.3015,82,4.9857,1.0,sit_stand,UNKNOWN,UNKNOWN,0.33,0,56.015
2052,65.3224,82,4.9924,1.0,sit_stand,UNKNOWN,UNKNOWN,0.33,0,57.298
2053,65.337,82,4.992,1.0,sit_stand,UNKNOWN,UNKNOWN,0.33,0,56.881
2054,65.3561,82,4.9988,1.0,sit_stand,UNKNOWN,UNKNOWN,0.33,0,58.101
2055,65.3699,82,4.9617,1.0,sit_stand,UNKNOWN,UNKNOWN,0.33,0,58.757
2056,65.3855,82,4.9773,1.0,sit_stand,UNKNOWN,UNKNOWN,0.33,0,57.448
2057,65.4075,82,4.9993,1.0,sit_stand,UNKNOWN,UNKNOWN,0.33,0,56.992
2058,65.4263,82,4.9812,1.0,sit_stand,UNKNOWN,UNKNOWN,0.33,0,56.825
2059,65.4444,82,4.9993,1.0,sit_stand,UNKNOWN,UNKNOWN,0.33,0,55.982
2060,65.465,82,4.9997,1.0,sit_stand,UNKNOWN,UNKNOWN,0.33,0,58.091
2061,65.4777,82,4.9959,1.0,sit_stand,UNKNOWN,UNKNOWN,0.33,0,59.478
2062,65.4916,82,4.9896,1.0,sit_stand,UNKNOWN,UNKNOWN,0.3267,1,59.679
2063,65.545,82,4.9869,1.0,sit_stand,UNKNOWN,UNKNOWN,0.3267,0,55.398
2064,65.5676,82,4.99,1.0,sit_stand,UNKNOWN,UNKNOWN,0.3267,0,55.368
2065,65.5855,82,4.9884,1.0,sit_stand,UNKNOWN,UNKNOWN,0.3267,0,54.418
2066,65.6074,82,4.9905,1.0,sit_stand,UNKNOWN,UNKNOWN,0.3267,0,55.122
2067,65.6238,82,4.9489,1.0,sit_stand,UNKNOWN,UNKNOWN,0.3267,0,57.584
2068,65.6362,82,4.9614,1.0,sit_stand,UNKNOWN,UNKNOWN,0.3267,0,59.39
2069,65.6493,82,4.9744,1.0,sit_stand,UNKNOWN,UNKNOWN,0.3267,0,57.685
2070,65.6731,82,4.9983,1.0,sit_stand,UNKNOWN,UNKNOWN,0.3267,0,57.564
2071,65.6909,82,4.9953,1.0,sit_stand,UNKNOWN,UNKNOWN,0.3267,0,57.343
2072,65.7089,82,4.9924,1.0,sit_stand,UNKNOWN,UNKNOWN,0.3267,0,57.707
2073,65.7254,82,4.9955,1.0,sit_stand,UNKNOWN,UNKNOWN,0.3267,0,58.173
2074,65.7416,82,4.997,1.0,sit_stand,UNKNOWN,UNKNOWN,0.3267,0,57.328
2075,65.7615,82,4.998,1.0,sit_stand,UNKNOWN,UNKNOWN,0.3167,1,57.249
2076,65.8159,82,4.999,1.0,sit_stand,UNKNOWN,UNKNOWN,0.3167,0,53.119
2077,65.8423,82,4.9967,1.0,sit_stand,UNKNOWN,UNKNOWN,0.3167,0,52.887
2078,65.8618,82,4.9805,1.0,sit_stand,UNKNOWN,UNKNOWN,0.3167,0,52.842
2079,65.8822,82,4.9399,1.0,sit_stand,UNKNOWN,UNKNOWN,0.3167,0,50.584
2080,65.917,82,4.9747,1.0,sit_stand,UNKNOWN,UNKNOWN,0.3167,0,50.806
2081,65.9329,82,4.9906,1.0,sit_stand,UNKNOWN,UNKNOWN,0.3167,0,52.713
2082,65.9468,82,4.9812,1.0,sit_stand,UNKNOWN,UNKNOWN,0.3167,0,54.716
2083,65.9605,82,4.9949,1.0,sit_stand,UNKNOWN,UNKNOWN,0.3167,0,56.509
2084,65.9743,82,4.9758,1.0,sit_stand,UNKNOWN,UNKNOWN,0.3167,0,58.616
2085,65.9873,82,4.9888,1.0,sit_stand,UNKNOWN,UNKNOWN,0.3167,0,59.499
2086,66.002,82,4.9889,1.0,sit_stand,UNKNOWN,UNKNOWN,0.3167,0,58.989
2087,66.0203,82,4.9865,1.0,sit_stand,UNKNOWN,UNKNOWN,0.3133,1,60.714
2088,66.0708,82,4.9968,1.0,sit_stand,UNKNOWN,UNKNOWN,0.3133,0,56.296
2089,66.094,82,4.9916,1.0,sit_stand,UNKNOWN,UNKNOWN,0.3133,0,55.276
2090,66.1163,82,4.993,1.0,sit_stand,UNKNOWN,UNKNOWN,0.3133,0,56.846
2091,66.1299,82,4.9934,1.0,sit_stand,UNKNOWN,UNKNOWN,0.3133,0,57.501
2092,66.1458,82,4.9486,1.0,sit_stand,UNKNOWN,UNKNOWN,0.3133,0,58.073
2093,66.1614,82,4.9641,1.0,sit_stand,UNKNOWN,UNKNOWN,0.3133,0,59.268
2094,66.1754,82,4.9782,1.0,sit_stand,UNKNOWN,UNKNOWN,0.3133,0,59.127
2095,66.1934,82,4.9961,1.0,sit_stand,UNKNOWN,UNKNOWN,0.3133,0,57.696
2096,66.2157,82,4.9825,1.0,sit_stand,UNKNOWN,UNKNOWN,0.3133,0,58.787
2097,66.2303,82,4.9971,1.0,sit_stand,UNKNOWN,UNKNOWN,0.3133,0,57.829
2098,66.251,82,4.9919,1.0,sit_stand,UNKNOWN,UNKNOWN,0.3133,0,57.791
2099,66.2682,82,4.9962,1.0,sit_stand,UNKNOWN,UNKNOWN,0.3133,0,56.964
2100,66.2888,82,4.9912,1.0,sit_stand,UNKNOWN,UNKNOWN,0.33,1,56.364
2101,66.3455,82,4.9968,1.0,sit_stand,UNKNOWN,UNKNOWN,0.33,0,52.598
2102,66.3615,82,4.9993,1.0,sit_stand,UNKNOWN,UNKNOWN,0.33,0,52.492
2103,66.3808,82,4.9935,1.0,sit_stand,UNKNOWN,UNKNOWN,0.33,0,51.869
2104,66.4022,82,4.9665,1.0,sit_stand,UNKNOWN,UNKNOWN,0.33,0,54.36
2105,66.4154,82,4.9797,1.0,sit_stand,UNKNOWN,UNKNOWN,0.33,0,56.226
2106,66.4291,82,4.9933,1.0,sit_stand,UNKNOWN,UNKNOWN,0.33,0,57.386
2107,66.4438,82,4.9876,1.0,sit_stand,UNKNOWN,UNKNOWN,0.33,0,58.896
2108,66.4571,82,4.9804,1.0,sit_stand,UNKNOWN,UNKNOWN,0.33,0,60.55
2109,66.4706,82,4.994,1.0,sit_stand,UNKNOWN,UNKNOWN,0.33,0,59.383
2110,66.4912,82,4.9938,1.0,sit_stand,UNKNOWN,UNKNOWN,0.33,0,59.323
2111,66.5079,82,4.9983,1.0,sit_stand,UNKNOWN,UNKNOWN,0.33,0,60.735
2112,66.5219,82,4.9991,1.0,sit_stand,UNKNOWN,UNKNOWN,0.33,0,62.005
2113,66.535,82,4.9988,1.0,sit_stand,UNKNOWN,UNKNOWN,0.33,0,60.399
2114,66.5573,82,4.9884,1.0,sit_stand,UNKNOWN,UNKNOWN,0.32,1,58.94
2115,66.626,82,4.99,1.0,sit_stand,UNKNOWN,UNKNOWN,0.32,0,54.61
2116,66.6428,82,4.9894,1.0,sit_stand,UNKNOWN,UNKNOWN,0.32,0,54.125
2117,66.6626,82,4.958,1.0,sit_stand,UNKNOWN,UNKNOWN,0.32,0,55.391
2118,66.6774,82,4.9727,1.0,sit_stand,UNKNOWN,UNKNOWN,0.32,0,55.941
2119,66.6946,82,4.99,1.0,sit_stand,UNKNOWN,UNKNOWN,0.32,0,56.876
2120,66.7094,82,4.9838,1.0,sit_stand,UNKNOWN,UNKNOWN,0.32,0,58.299
2121,66.7237,82,4.9981,1.0,sit_stand,UNKNOWN,UNKNOWN,0.32,0,57.445
2122,66.7438,82,4.9812,1.0,sit_stand,UNKNOWN,UNKNOWN,0.32,0,58.932
2123,66.7575,82,4.9949,1.0,sit_stand,UNKNOWN,UNKNOWN,0.32,0,60.128
2124,66.7716,82,4.9965,1.0,sit_stand,UNKNOWN,UNKNOWN,0.32,0,61.305
2125,66.7851,82,4.9905,1.0,sit_stand,UNKNOWN,UNKNOWN,0.32,0,62.749
2126,66.7984,82,4.9916,1.0,sit_stand,UNKNOWN,UNKNOWN,0.32,0,62.304
2127,66.8157,82,4.9934,1.0,sit_stand,UNKNOWN,UNKNOWN,0.33,1,63.276
2128,66.8662,82,4.9987,1.0,sit_stand,UNKNOWN,UNKNOWN,0.33,0,58.819
2129,66.8829,82,4.9974,1.0,sit_stand,UNKNOWN,UNKNOWN,0.33,0,59.587
2130,66.8979,82,4.9999,1.0,sit_stand,UNKNOWN,UNKNOWN,0.33,0,59.222
2131,66.9158,82,4.997,1.0,sit_stand,UNKNOWN,UNKNOWN,0.33,0,60.334
2132,66.93,82,4.9615,1.0,sit_stand,UNKNOWN,UNKNOWN,0.33,0,60.182
2133,66.9471,82,4.9786,1.0,sit_stand,UNKNOWN,UNKNOWN,0.33,0,59.966
2134,66.9645,82,4.996,1.0,sit_stand,UNKNOWN,UNKNOWN,0.33,0,61.049
2135,66.9781,82,4.9963,1.0,sit_stand,UNKNOWN,UNKNOWN,0.33,0,62.679
2136,66.9916,82,4.9971,1.0,sit_stand,UNKNOWN,UNKNOWN,0.33,0,63.952
2137,67.0052,82,4.9932,1.0,sit_stand,UNKNOWN,UNKNOWN,0.33,0,64.954
2138,67.0181,82,4.9868,1.0,sit_stand,UNKNOWN,UNKNOWN,0.33,0,65.657
2139,67.0324,82,4.989,1.0,sit_stand,UNKNOWN,UNKNOWN,0.33,0,65.67
2140,67.0475,82,4.9911,1.0,sit_stand,UNKNOWN,UNKNOWN,0.33,0,65.688
2141,67.0625,82,4.9848,1.0,sit_stand,UNKNOWN,UNKNOWN,0.33,0,66.407
2142,67.077,82,4.9993,1.0,sit_stand,UNKNOWN,UNKNOWN,0.32,1,66.334
2143,67.1392,82,4.9886,1.0,sit_stand,UNKNOWN,UNKNOWN,0.32,0,61.307
2144,67.1539,82,4.9837,1.0,sit_stand,UNKNOWN,UNKNOWN,0.32,0,61.686
2145,67.1692,82,4.9989,1.0,sit_stand,UNKNOWN,UNKNOWN,0.32,0,61.876
2146,67.1849,82,4.9541,1.0,sit_stand,UNKNOWN,UNKNOWN,0.32,0,62.733
2147,67.1989,82,4.968,1.0,sit_stand,UNKNOWN,UNKNOWN,0.32,0,63.681
2148,67.213,82,4.9821,1.0,sit_stand,UNKNOWN,UNKNOWN,0.32,0,64.779
2149,67.2263,82,4.9955,1.0,sit_stand,UNKNOWN,UNKNOWN,0.32,0,65.598
2150,67.2401,82,4.9893,1.0,sit_stand,UNKNOWN,UNKNOWN,0.32,0,66.662
2151,67.2531,82,4.9828,1.0,sit_stand,UNKNOWN,UNKNOWN,0.32,0,67.301
2152,67.2667,82,4.9964,1.0,sit_stand,UNKNOWN,UNKNOWN,0.32,0,67.769
2153,67.2802,82,4.9977,1.0,sit_stand,UNKNOWN,UNKNOWN,0.32,0,68.369
2154,67.2951,82,4.9998,1.0,sit_stand,UNKNOWN,UNKNOWN,0.32,0,68.11
2155,67.3101,82,4.9916,1.0,sit_stand,UNKNOWN,UNKNOWN,0.32,0,68.623
2156,67.323,82,4.9862,1.0,sit_stand,UNKNOWN,UNKNOWN,0.32,0,69.218
2157,67.3362,82,4.9994,1.0,sit_stand,UNKNOWN,UNKNOWN,0.31,1,69.075
2158,67.3883,82,4.9964,1.0,sit_stand,UNKNOWN,UNKNOWN,0.31,0,64.031
2159,67.405,82,4.9942,1.0,sit_stand,UNKNOWN,UNKNOWN,0.31,0,64.545
2160,67.4192,82,4.9889,1.0,sit_stand,UNKNOWN,UNKNOWN,0.31,0,65.45
2161,67.4329,82,4.9511,1.0,sit_stand,UNKNOWN,UNKNOWN,0.31,0,64.263
2162,67.4515,82,4.9697,1.0,sit_stand,UNKNOWN,UNKNOWN,0.31,0,64.467
2163,67.4666,82,4.9847,1.0,sit_stand,UNKNOWN,UNKNOWN,0.31,0,63.49
2164,67.4848,82,4.9852,1.0,sit_stand,UNKNOWN,UNKNOWN,0.31,0,62.136
2165,67.505,82,4.9937,1.0,sit_stand,UNKNOWN,UNKNOWN,0.31,0,61.314
2166,67.5236,82,4.9936,1.0,sit_stand,UNKNOWN,UNKNOWN,0.31,0,62.419
2167,67.5373,82,4.9897,1.0,sit_stand,UNKNOWN,UNKNOWN,0.31,0,62.999
2168,67.5519,82,4.9845,1.0,sit_stand,UNKNOWN,UNKNOWN,0.31,0,63.921
2169,67.5659,82,4.9985,1.0,sit_stand,UNKNOWN,UNKNOWN,0.31,0,64.282
2170,67.5805,82,4.982,1.0,sit_stand,UNKNOWN,UNKNOWN,0.31,0,63.883
2171,67.5971,82,4.9986,1.0,sit_stand,UNKNOWN,UNKNOWN,0.3067,1,63.35
2172,67.6614,82,4.9917,1.0,sit_stand,UNKNOWN,UNKNOWN,0.3067,0,58.48
2173,67.6824,82,4.9484,1.0,sit_stand,UNKNOWN,UNKNOWN,0.3067,0,60.089
2174,67.6963,82,4.9623,1.0,sit_stand,UNKNOWN,UNKNOWN,0.3067,0,58.714
2175,67.7175,82,4.9835,1.0,sit_stand,UNKNOWN,UNKNOWN,0.3067,0,58.786
2176,67.7343,82,4.9799,1.0,sit_stand,UNKNOWN,UNKNOWN,0.3067,0,59.549
2177,67.7494,82,4.995,1.0,sit_stand,UNKNOWN,UNKNOWN,0.3067,0,58.83
2178,67.7686,82,4.9878,1.0,sit_stand,UNKNOWN,UNKNOWN,0.3067,0,57.57
2179,67.7906,82,4.9967,1.0,sit_stand,UNKNOWN,UNKNOWN,0.3067,0,58.032
2180,67.8065,82,4.9871,1.0,sit_stand,UNKNOWN,UNKNOWN,0.3067,0,56.695
2180,67.8065,120,0.0,1.0,WARMING_UP,WARMING_UP,WARMING_UP,0.0,0,56.695
2181,67.8308,82,4.9986,1.0,sit_stand,UNKNOWN,UNKNOWN,0.3067,0,55.957
2181,67.8308,120,0.0243,1.0,WARMING_UP,WARMING_UP,WARMING_UP,0.0,0,55.957
2182,67.8492,82,4.9915,1.0,sit_stand,UNKNOWN,UNKNOWN,0.31,1,56.012
2183,67.9035,82,4.9822,1.0,sit_stand,UNKNOWN,UNKNOWN,0.31,0,52.095
2184,67.9264,82,4.9923,1.0,sit_stand,UNKNOWN,UNKNOWN,0.31,0,54.099
2185,67.9398,82,4.9505,1.0,sit_stand,UNKNOWN,UNKNOWN,0.31,0,54.394
2185,67.9398,120,0.1333,0.5,WARMING_UP,WARMING_UP,WARMING_UP,0.0,0,54.394
2186,67.9575,82,4.9683,1.0,sit_stand,UNKNOWN,UNKNOWN,0.31,0,52.979
2187,67.9825,82,4.9932,1.0,sit_stand,UNKNOWN,UNKNOWN,0.31,0,52.232
2188,68.0044,82,4.985,1.0,sit_stand,UNKNOWN,UNKNOWN,0.31,0,53.61
2189,68.0196,82,4.987,1.0,sit_stand,UNKNOWN,UNKNOWN,0.31,0,54.628
2190,68.0353,82,4.9902,1.0,sit_stand,UNKNOWN,UNKNOWN,0.31,0,54.516
2191,68.0537,82,4.9879,1.0,sit_stand,UNKNOWN,UNKNOWN,0.31,0,53.746
2192,68.0755,82,4.997,1.0,sit_stand,UNKNOWN,UNKNOWN,0.31,0,52.332
2193,68.1004,82,4.997,1.0,sit_stand,UNKNOWN,UNKNOWN,0.3133,1,54.403
2194,68.1642,82,4.9793,1.0,sit_stand,UNKNOWN,UNKNOWN,0.3133,0,50.534
2195,68.1776,82,4.9926,1.0,sit_stand,UNKNOWN,UNKNOWN,0.3133,0,52.565
2196,68.1921,82,4.9461,1.0,sit_stand,UNKNOWN,UNKNOWN,0.3133,0,53.216
2196,68.1921,120,0.3856,0.2353,WARMING_UP,WARMING_UP,WARMING_UP,0.0,0,53.216
2197,68.2097,82,4.9637,1.0,sit_stand,UNKNOWN,UNKNOWN,0.3133,0,51.502
2197,68.2097,120,0.4032,0.2778,WARMING_UP,WARMING_UP,WARMING_UP,0.0,0,51.502
2198,68.2369,82,4.9909,1.0,sit_stand,UNKNOWN,UNKNOWN,0.3133,0,51.803
2199,68.2548,82,4.9952,1.0,sit_stand,UNKNOWN,UNKNOWN,0.3133,0,52.144
2200,68.2732,120,0.4667,0.2857,WARMING_UP,WARMING_UP,WARMING_UP,0.0,0,52.613
2201,68.2906,82,4.9827,0.9961,sit_stand,UNKNOWN,UNKNOWN,0.3133,0,53.062
2202,68.3082,120,0.5017,0.3043,WARMING_UP,WARMING_UP,WARMING_UP,0.0,0,53.686
2203,68.3248,120,0.5183,0.3333,WARMING_UP,WARMING_UP,WARMING_UP,0.0,0,54.141
2204,68.3423,82,4.9929,0.9884,sit_stand,UNKNOWN,UNKNOWN,0.3133,0,54.525
2205,68.3593,82,4.9972,0.9884,sit_stand,UNKNOWN,UNKNOWN,0.2933,1,55.149
2206,68.4237,82,4.9989,0.9882,sit_stand,UNKNOWN,UNKNOWN,0.2933,0,51.258
2207,68.4371,120,0.6307,0.3214,WARMING_UP,WARMING_UP,WARMING_UP,0.0,0,52.831
2208,68.4521,120,0.6456,0.3448,WARMING_UP,WARMING_UP,WARMING_UP,0.0,0,55.807
2209,68.4645,120,0.658,0.3667,WARMING_UP,WARMING_UP,WARMING_UP,0.0,0,57.481
2211,68.4995,82,4.9921,0.9727,sit_stand,UNKNOWN,UNKNOWN,0.2933,0,58.408
2212,68.5128,82,4.9919,0.9727,sit_stand,UNKNOWN,UNKNOWN,0.2933,0,59.346
2213,68.5276,82,4.9944,0.9727,sit_stand,UNKNOWN,UNKNOWN,0.2933,0,61.083
2214,68.5404,82,4.9865,0.9727,sit_stand,UNKNOWN,UNKNOWN,0.2933,0,61.604
2215,68.5556,82,4.9898,0.9727,sit_stand,UNKNOWN,UNKNOWN,0.2933,0,61.798
2216,68.5713,82,4.9908,0.9727,sit_stand,UNKNOWN,UNKNOWN,0.2933,0,63.206
2217,68.5844,82,4.9827,0.9727,sit_stand,UNKNOWN,UNKNOWN,0.2933,0,65.279
2218,68.5964,82,4.9946,0.9728,sit_stand,UNKNOWN,UNKNOWN,0.2933,0,66.338
2219,68.6096,82,4.9944,0.9728,sit_stand,UNKNOWN,UNKNOWN,0.3033,1,66.007
2220,68.6733,82,4.9965,0.9724,sit_stand,UNKNOWN,UNKNOWN,0.3033,0,61.039
2221,68.6865,82,4.9963,0.9724,sit_stand,UNKNOWN,UNKNOWN,0.3033,0,63.434
2222,68.6983,82,4.994,0.9724,sit_stand,UNKNOWN,UNKNOWN,0.3033,0,65.146
2223,68.7106,82,4.9438,0.9724,sit_stand,UNKNOWN,UNKNOWN,0.3033,0,66.819
2224,68.7226,82,4.9557,0.9725,sit_stand,UNKNOWN,UNKNOWN,0.3033,0,66.821
2225,68.7379,82,4.971,0.9727,sit_stand,UNKNOWN,UNKNOWN,0.3033,0,68.466
2226,68.7502,82,4.9833,0.9728,sit_stand,UNKNOWN,UNKNOWN,0.3033,0,66.488
2227,68.7704,82,4.991,0.9728,sit_stand,UNKNOWN,UNKNOWN,0.3033,0,64.927
2228,68.7901,82,4.9971,0.9728,sit_stand,UNKNOWN,UNKNOWN,0.3033,0,63.411
2229,68.8104,82,4.9963,0.9728,sit_stand,UNKNOWN,UNKNOWN,0.3033,0,64.877
2230,68.8232,82,4.99,0.9728,sit_stand,UNKNOWN,UNKNOWN,0.3033,0,66.003
2231,68.8362,82,4.9907,0.9728,sit_stand,UNKNOWN,UNKNOWN,0.3033,0,67.594
2232,68.8488,82,4.9854,0.9728,sit_stand,UNKNOWN,UNKNOWN,0.3033,0,68.613
2233,68.8612,82,4.9978,0.9729,sit_stand,UNKNOWN,UNKNOWN,0.2933,1,69.845
2234,68.9112,82,4.989,0.9725,sit_stand,UNKNOWN,UNKNOWN,0.2933,0,64.615
2235,68.9306,82,4.9888,0.9725,sit_stand,UNKNOWN,UNKNOWN,0.2933,0,66.069
2236,68.9431,82,4.9887,0.9725,sit_stand,UNKNOWN,UNKNOWN,0.2933,0,66.637
2237,68.9571,82,4.9368,0.9725,sit_stand,UNKNOWN,UNKNOWN,0.2933,0,67.572
2238,68.9705,82,4.9502,0.9727,sit_stand,UNKNOWN,UNKNOWN,0.2933,0,68.916
2239,68.9826,82,4.9623,0.9728,sit_stand,UNKNOWN,UNKNOWN,0.2933,0,70.116
2240,68.9948,82,4.9746,0.9729,sit_stand,UNKNOWN,UNKNOWN,0.2933,0,71.674
2241,69.0066,82,4.9863,0.973,sit_stand,UNKNOWN,UNKNOWN,0.2933,0,73.095
2242,69.0183,82,4.998,0.9731,sit_stand,UNKNOWN,UNKNOWN,0.2933,0,73.983
2243,69.0302,82,4.9926,0.9731,sit_stand,UNKNOWN,UNKNOWN,0.2933,0,75.378
2244,69.0418,82,4.9849,0.9731,sit_stand,UNKNOWN,UNKNOWN,0.2933,0,75.973
2245,69.0542,82,4.9973,0.9732,sit_stand,UNKNOWN,UNKNOWN,0.2933,0,73.48
2246,69.0738,82,4.9974,0.9732,sit_stand,UNKNOWN,UNKNOWN,0.2933,0,71.105
2247,69.0941,82,4.9976,0.9732,sit_stand,UNKNOWN,UNKNOWN,0.2933,0,71.249
2248,69.1075,82,4.9991,0.9732,sit_stand,UNKNOWN,UNKNOWN,0.2933,0,71.652
2249,69.121,82,4.993,0.9732,sit_stand,UNKNOWN,UNKNOWN,0.3167,1,71.24
2250,69.1744,82,4.981,0.9729,sit_stand,UNKNOWN,UNKNOWN,0.3167,0,66.053
2251,69.1874,82,4.994,0.973,sit_stand,UNKNOWN,UNKNOWN,0.3167,0,67.611
2252,69.1996,82,4.9945,0.973,sit_stand,UNKNOWN,UNKNOWN,0.3167,0,69.208
2253,69.2117,82,4.9565,0.973,sit_stand,UNKNOWN,UNKNOWN,0.3167,0,70.433
2254,69.2237,82,4.9685,0.9731,sit_stand,UNKNOWN,UNKNOWN,0.3167,0,71.827
2255,69.2357,82,4.9805,0.9732,sit_stand,UNKNOWN,UNKNOWN,0.3167,0,69.281
2256,69.2572,82,4.9883,0.9732,sit_stand,UNKNOWN,UNKNOWN,0.3167,0,70.215
2256,69.2572,121,0.0,1.0,WARMING_UP,WARMING_UP,WARMING_UP,0.0,0,70.215
2257,69.2701,82,4.9889,0.9732,sit_stand,UNKNOWN,UNKNOWN,0.3167,0,71.695
2258,69.2817,82,4.9884,0.9732,sit_stand,UNKNOWN,UNKNOWN,0.3167,0,72.885
2259,69.2936,121,0.0364,0.5,WARMING_UP,WARMING_UP,WARMING_UP,0.0,0,74.181
2260,69.3052,82,4.9991,0.9695,sit_stand,UNKNOWN,UNKNOWN,0.3167,0,74.908
2261,69.3176,82,4.9984,0.9695,sit_stand,UNKNOWN,UNKNOWN,0.3167,0,75.707
2261,69.3176,121,0.0604,0.5,WARMING_UP,WARMING_UP,WARMING_UP,0.0,0,75.707
2262,69.3299,82,4.9974,0.9695,sit_stand,UNKNOWN,UNKNOWN,0.3167,0,76.159
2263,69.342,82,4.9961,0.9695,sit_stand,UNKNOWN,UNKNOWN,0.3167,0,77.025
2263,69.342,121,0.0848,0.5,WARMING_UP,WARMING_UP,WARMING_UP,0.0,0,77.025
2264,69.3537,82,4.9936,0.9695,sit_stand,UNKNOWN,UNKNOWN,0.3167,0,74.44
2264,69.3537,121,0.0965,0.5556,WARMING_UP,WARMING_UP,WARMING_UP,0.0,0,74.44
2265,69.3738,121,0.1166,0.6,WARMING_UP,WARMING_UP,WARMING_UP,0.0,0,70.624
2265,69.3738,124,0.0,1.0,WARMING_UP,WARMING_UP,WARMING_UP,0.0,0,70.624
2266,69.4025,121,0.1453,0.6364,WARMING_UP,WARMING_UP,WARMING_UP,0.0,0,70.051
2266,69.4025,124,0.0286,1.0,WARMING_UP,WARMING_UP,WARMING_UP,0.0,0,70.051
2267,69.4171,121,0.1599,0.6667,WARMING_UP,WARMING_UP,WARMING_UP,0.0,0,69.104
2268,69.4335,121,0.1763,0.6923,WARMING_UP,WARMING_UP,WARMING_UP,0.0,0,69.29
2268,69.4335,82,4.9964,0.9577,sit_stand,UNKNOWN,UNKNOWN,0.3467,1,69.29
2268,69.4335,124,0.0597,0.75,WARMING_UP,WARMING_UP,WARMING_UP,0.0,0,69.29
2269,69.4846,82,4.9584,0.9574,sit_stand,UNKNOWN,UNKNOWN,0.3467,0,64.145
2270,69.5032,82,4.977,0.9575,sit_stand,UNKNOWN,UNKNOWN,0.3467,0,63.293
2270,69.5032,124,0.1294,0.6667,WARMING_UP,WARMING_UP,WARMING_UP,0.0,0,63.293
2271,69.5212,121,0.264,0.625,WARMING_UP,WARMING_UP,WARMING_UP,0.0,0,61.995
2272,69.5409,121,0.2837,0.6471,WARMING_UP,WARMING_UP,WARMING_UP,0.0,0,60.757
2272,69.5409,82,4.9882,0.9537,sit_stand,UNKNOWN,UNKNOWN,0.3467,0,60.757
2273,69.5612,121,0.304,0.6667,WARMING_UP,WARMING_UP,WARMING_UP,0.0,0,62.93
2273,69.5612,82,4.9916,0.9537,sit_stand,UNKNOWN,UNKNOWN,0.3467,0,62.93
2274,69.5733,82,4.9842,0.9537,sit_stand,UNKNOWN,UNKNOWN,0.3467,0,63.475
2274,69.5733,124,0.1995,0.5,WARMING_UP,WARMING_UP,WARMING_UP,0.0,0,63.475
2275,69.588,82,4.9989,0.9538,sit_stand,UNKNOWN,UNKNOWN,0.3467,0,64.907
2275,69.588,121,0.3308,0.65,WARMING_UP,WARMING_UP,WARMING_UP,0.0,0,64.907
2276,69.6005,82,4.9912,0.9538,sit_stand,UNKNOWN,UNKNOWN,0.3467,0,64.035
2276,69.6005,121,0.3433,0.6667,WARMING_UP,WARMING_UP,WARMING_UP,0.0,0,64.035
2277,69.6184,82,4.9895,0.9538,sit_stand,UNKNOWN,UNKNOWN,0.3467,0,65.62
2278,69.6308,82,4.9821,0.9538,sit_stand,UNKNOWN,UNKNOWN,0.3467,0,67.748
2279,69.6422,82,4.9936,0.954,sit_stand,UNKNOWN,UNKNOWN,0.3467,0,65.989
2280,69.6622,121,0.405,0.6,WARMING_UP,WARMING_UP,WARMING_UP,0.0,0,65.649
2281,69.678,121,0.4208,0.6154,WARMING_UP,WARMING_UP,WARMING_UP,0.0,0,65.121
2282,69.6948,121,0.4376,0.6296,WARMING_UP,WARMING_UP,WARMING_UP,0.0,0,67.174
2283,69.7063,121,0.4491,0.6429,WARMING_UP,WARMING_UP,WARMING_UP,0.0,0,69.039
2283,69.7063,82,4.9885,0.9425,sit_stand,UNKNOWN,UNKNOWN,0.33,1,69.039
2284,69.7559,121,0.4987,0.6552,WARMING_UP,WARMING_UP,WARMING_UP,0.0,0,63.912
2284,69.7559,82,4.9813,0.9425,sit_stand,UNKNOWN,UNKNOWN,0.33,0,63.912
2285,69.7745,121,0.5173,0.6667,WARMING_UP,WARMING_UP,WARMING_UP,0.0,0,65.607
2286,69.7867,121,0.5295,0.6774,WARMING_UP,WARMING_UP,WARMING_UP,0.0,0,67.847
2287,69.7981,121,0.5409,0.6875,WARMING_UP,WARMING_UP,WARMING_UP,0.0,0,69.047
2288,69.8106,121,0.5534,0.697,WARMING_UP,WARMING_UP,WARMING_UP,0.0,0,67.305
2289,69.8305,121,0.5733,0.7059,WARMING_UP,WARMING_UP,WARMING_UP,0.0,0,65.618
2290,69.8502,121,0.593,0.7143,WARMING_UP,WARMING_UP,WARMING_UP,0.0,0,66.996
2291,69.8623,121,0.6051,0.7222,WARMING_UP,WARMING_UP,WARMING_UP,0.0,0,66.833
2292,69.8774,121,0.6202,0.7297,WARMING_UP,WARMING_UP,WARMING_UP,0.0,0,67.296
2293,69.8916,121,0.6344,0.7368,WARMING_UP,WARMING_UP,WARMING_UP,0.0,0,68.391
2294,69.9046,121,0.6474,0.7436,WARMING_UP,WARMING_UP,WARMING_UP,0.0,0,66.652
2295,69.9244,121,0.6672,0.75,WARMING_UP,WARMING_UP,WARMING_UP,0.0,0,68.016
2296,69.9365,121,0.6793,0.7561,WARMING_UP,WARMING_UP,WARMING_UP,0.0,0,68.179
2297,69.9509,121,0.6937,0.7619,WARMING_UP,WARMING_UP,WARMING_UP,0.0,0,69.684
2298,69.9626,121,0.7054,0.7674,WARMING_UP,WARMING_UP,WARMING_UP,0.0,0,71.714
2299,69.9737,121,0.7166,0.7727,WARMING_UP,WARMING_UP,WARMING_UP,0.0,0,72.974
2300,69.9859,121,0.7287,0.7778,WARMING_UP,WARMING_UP,WARMING_UP,0.0,0,71.649
2301,70.0025,121,0.7453,0.7826,WARMING_UP,WARMING_UP,WARMING_UP,0.0,0,73.168
2302,70.0139,121,0.7567,0.7872,WARMING_UP,WARMING_UP,WARMING_UP,0.0,0,73.923
2303,70.0264,121,0.7692,0.7917,WARMING_UP,WARMING_UP,WARMING_UP,0.0,0,74.989
2304,70.0381,121,0.7809,0.7959,WARMING_UP,WARMING_UP,WARMING_UP,0.0,0,76.117
2305,70.05,121,0.7928,0.8,WARMING_UP,WARMING_UP,WARMING_UP,0.0,0,76.606
2306,70.062,121,0.8048,0.8039,WARMING_UP,WARMING_UP,WARMING_UP,0.0,0,77.485
2307,70.0741,121,0.8169,0.8077,WARMING_UP,WARMING_UP,WARMING_UP,0.0,0,75.683
2308,70.0909,121,0.8337,0.8113,WARMING_UP,WARMING_UP,WARMING_UP,0.0,0,76.18
2309,70.1031,121,0.8459,0.8148,WARMING_UP,WARMING_UP,WARMING_UP,0.0,0,74.02
2310,70.1213,121,0.8641,0.8182,WARMING_UP,WARMING_UP,WARMING_UP,0.0,0,75.163
2311,70.1333,121,0.8761,0.8214,WARMING_UP,WARMING_UP,WARMING_UP,0.0,0,75.644
2312,70.1457,121,0.8885,0.8246,WARMING_UP,WARMING_UP,WARMING_UP,0.0,0,76.76
2314,70.1691,121,0.9119,0.8136,WARMING_UP,WARMING_UP,WARMING_UP,0.0,0,77.954
2317,70.2043,121,0.9471,0.7903,WARMING_UP,WARMING_UP,WARMING_UP,0.0,0,80.149
2318,70.2163,121,0.9591,0.7937,WARMING_UP,WARMING_UP,WARMING_UP,0.0,0,79.887
2319,70.2292,121,0.972,0.7969,WARMING_UP,WARMING_UP,WARMING_UP,0.0,0,80.025
2320,70.2415,121,0.9843,0.8,WARMING_UP,WARMING_UP,WARMING_UP,0.0,0,79.467
2322,70.2655,121,1.0083,0.791,WARMING_UP,WARMING_UP,WARMING_UP,0.0,0,80.139
2323,70.2792,121,1.022,0.7941,WARMING_UP,WARMING_UP,WARMING_UP,0.0,0,77.231
2325,70.3097,121,1.0525,0.7857,WARMING_UP,WARMING_UP,WARMING_UP,0.0,0,77.58
2329,70.3712,121,1.114,0.7568,WARMING_UP,WARMING_UP,WARMING_UP,0.0,0,74.729
2331,70.4026,121,1.1454,0.75,WARMING_UP,WARMING_UP,WARMING_UP,0.0,0,73.853
2334,70.4387,121,1.1815,0.7342,WARMING_UP,WARMING_UP,WARMING_UP,0.0,0,76.776
2337,70.4777,121,1.2205,0.7195,WARMING_UP,WARMING_UP,WARMING_UP,0.0,0,77.737
2338,70.4899,121,1.2327,0.7229,WARMING_UP,WARMING_UP,WARMING_UP,0.0,0,78.618
2342,70.5341,121,1.2769,0.7011,WARMING_UP,WARMING_UP,WARMING_UP,0.0,0,78.752
2343,70.5552,121,1.298,0.7045,WARMING_UP,WARMING_UP,WARMING_UP,0.0,0,76.202
2344,70.574,121,1.3168,0.7079,WARMING_UP,WARMING_UP,WARMING_UP,0.0,0,75.38
2345,70.5887,121,1.3315,0.7111,WARMING_UP,WARMING_UP,WARMING_UP,0.0,0,74.814
2348,70.6326,121,1.3754,0.6989,WARMING_UP,WARMING_UP,WARMING_UP,0.0,0,73.703
2349,70.6461,121,1.3889,0.7021,WARMING_UP,WARMING_UP,WARMING_UP,0.0,0,73.339
2351,70.6711,121,1.4139,0.6979,WARMING_UP,WARMING_UP,WARMING_UP,0.0,0,76.258
2352,70.6828,121,1.4256,0.701,WARMING_UP,WARMING_UP,WARMING_UP,0.0,0,77.315
2354,70.7051,121,1.4479,0.697,WARMING_UP,WARMING_UP,WARMING_UP,0.0,0,78.951
2355,70.7175,121,1.4603,0.7,WARMING_UP,WARMING_UP,WARMING_UP,0.0,0,79.256
2356,70.7297,121,1.4725,0.703,WARMING_UP,WARMING_UP,WARMING_UP,0.0,0,80.109
2357,70.7412,121,1.484,0.7059,WARMING_UP,WARMING_UP,WARMING_UP,0.0,0,79.745
2358,70.7541,121,1.4969,0.7087,WARMING_UP,WARMING_UP,WARMING_UP,0.0,0,76.972
2359,70.7738,121,1.5166,0.7115,WARMING_UP,WARMING_UP,WARMING_UP,0.0,0,76.482
2360,70.7875,121,1.5303,0.7143,WARMING_UP,WARMING_UP,WARMING_UP,0.0,0,73.905
2361,70.8073,121,1.5501,0.717,WARMING_UP,WARMING_UP,WARMING_UP,0.0,0,73.931
2362,70.8206,121,1.5634,0.7196,WARMING_UP,WARMING_UP,WARMING_UP,0.0,0,71.488
2364,70.8546,121,1.5974,0.7156,WARMING_UP,WARMING_UP,WARMING_UP,0.0,0,70.645
2366,70.8813,121,1.6241,0.7117,WARMING_UP,WARMING_UP,WARMING_UP,0.0,0,72.743
2372,70.9607,121,1.7035,0.6838,WARMING_UP,WARMING_UP,WARMING_UP,0.0,0,71.539
2373,70.9821,121,1.7249,0.6864,WARMING_UP,WARMING_UP,WARMING_UP,0.0,0,72.314
2374,70.9942,121,1.737,0.6891,WARMING_UP,WARMING_UP,WARMING_UP,0.0,0,71.886
2375,71.0089,121,1.7517,0.6917,WARMING_UP,WARMING_UP,WARMING_UP,0.0,0,71.925
2376,71.0225,121,1.7653,0.6942,WARMING_UP,WARMING_UP,WARMING_UP,0.0,0,72.451
2377,71.0365,121,1.7793,0.6967,WARMING_UP,WARMING_UP,WARMING_UP,0.0,0,72.377
2378,71.0497,121,1.7925,0.6992,WARMING_UP,WARMING_UP,WARMING_UP,0.0,0,72.304
2379,71.0638,121,1.8066,0.7016,WARMING_UP,WARMING_UP,WARMING_UP,0.0,0,71.296
2380,71.08,121,1.8228,0.704,WARMING_UP,WARMING_UP,WARMING_UP,0.0,0,70.961
2381,71.0944,121,1.8372,0.7063,WARMING_UP,WARMING_UP,WARMING_UP,0.0,0,71.591
2384,71.1378,121,1.8806,0.6977,WARMING_UP,WARMING_UP,WARMING_UP,0.0,0,68.885
2385,71.1585,121,1.9013,0.7,WARMING_UP,WARMING_UP,WARMING_UP,0.0,0,68.334
2389,71.2122,121,1.955,0.6866,WARMING_UP,WARMING_UP,WARMING_UP,0.0,0,69.394
2519,72.8288,185,0.0,1.0,WARMING_UP,WARMING_UP,WARMING_UP,0.0,0,83.739
2536,73.0282,185,0.1994,0.1111,WARMING_UP,WARMING_UP,WARMING_UP,0.0,0,87.615
2581,73.5273,187,0.0,1.0,WARMING_UP,WARMING_UP,WARMING_UP,0.0,0,92.27
2582,73.5385,187,0.0112,1.0,WARMING_UP,WARMING_UP,WARMING_UP,0.0,0,92.072
2583,73.5496,187,0.0222,1.0,WARMING_UP,WARMING_UP,WARMING_UP,0.0,0,91.775
2584,73.5606,187,0.0333,1.0,WARMING_UP,WARMING_UP,WARMING_UP,0.0,0,91.282
2585,73.572,187,0.0447,1.0,WARMING_UP,WARMING_UP,WARMING_UP,0.0,0,91.323
2586,73.5833,187,0.0559,1.0,WARMING_UP,WARMING_UP,WARMING_UP,0.0,0,90.689
2587,73.5949,187,0.0676,1.0,WARMING_UP,WARMING_UP,WARMING_UP,0.0,0,90.02
2588,73.607,187,0.0797,1.0,WARMING_UP,WARMING_UP,WARMING_UP,0.0,0,88.929
2590,73.636,187,0.1087,0.9,WARMING_UP,WARMING_UP,WARMING_UP,0.0,0,85.839
2591,73.6482,187,0.1209,0.9091,WARMING_UP,WARMING_UP,WARMING_UP,0.0,0,84.795
2592,73.6613,187,0.134,0.9167,WARMING_UP,WARMING_UP,WARMING_UP,0.0,0,83.589
2593,73.6752,187,0.1478,0.9231,WARMING_UP,WARMING_UP,WARMING_UP,0.0,0,83.658
2597,73.7339,187,0.2066,0.7647,WARMING_UP,WARMING_UP,WARMING_UP,0.0,0,79.136
2598,73.7467,187,0.2193,0.7778,WARMING_UP,WARMING_UP,WARMING_UP,0.0,0,79.339
2599,73.7591,187,0.2318,0.7895,WARMING_UP,WARMING_UP,WARMING_UP,0.0,0,79.752
2600,73.7711,187,0.2437,0.8,WARMING_UP,WARMING_UP,WARMING_UP,0.0,0,79.783
2611,73.8987,187,0.3714,0.5484,WARMING_UP,WARMING_UP,WARMING_UP,0.0,0,81.764
2617,73.9757,187,0.4484,0.4865,WARMING_UP,WARMING_UP,WARMING_UP,0.0,0,83.794
2634,74.1845,193,0.0,1.0,WARMING_UP,WARMING_UP,WARMING_UP,0.0,0,83.407
2635,74.1988,193,0.0143,1.0,WARMING_UP,WARMING_UP,WARMING_UP,0.0,0,81.301
2637,74.2268,193,0.0423,0.75,WARMING_UP,WARMING_UP,WARMING_UP,0.0,0,79.661
2638,74.2415,193,0.057,0.8,WARMING_UP,WARMING_UP,WARMING_UP,0.0,0,78.098
2642,74.2916,193,0.1071,0.5556,WARMING_UP,WARMING_UP,WARMING_UP,0.0,0,79.861
2643,74.3058,193,0.1213,0.6,WARMING_UP,WARMING_UP,WARMING_UP,0.0,0,79.867
2644,74.3187,193,0.1341,0.6364,WARMING_UP,WARMING_UP,WARMING_UP,0.0,0,80.045
2652,74.4053,193,0.2207,0.4211,WARMING_UP,WARMING_UP,WARMING_UP,0.0,0,88.16
2654,74.4263,193,0.2418,0.4286,WARMING_UP,WARMING_UP,WARMING_UP,0.0,0,88.965
2658,74.4723,193,0.2877,0.4,WARMING_UP,WARMING_UP,WARMING_UP,0.0,0,85.772
2660,74.5058,193,0.3213,0.4074,WARMING_UP,WARMING_UP,WARMING_UP,0.0,0,83.901
2661,74.5186,193,0.3341,0.4286,WARMING_UP,WARMING_UP,WARMING_UP,0.0,0,83.41
2662,74.5307,193,0.3462,0.4483,WARMING_UP,WARMING_UP,WARMING_UP,0.0,0,82.996
2663,74.5433,193,0.3587,0.4667,WARMING_UP,WARMING_UP,WARMING_UP,0.0,0,80.309
2665,74.5721,193,0.3875,0.4688,WARMING_UP,WARMING_UP,WARMING_UP,0.0,0,81.874
2666,74.584,193,0.3994,0.4848,WARMING_UP,WARMING_UP,WARMING_UP,0.0,0,81.011
2667,74.5974,193,0.4129,0.5,WARMING_UP,WARMING_UP,WARMING_UP,0.0,0,80.738
2677,74.71,193,0.5255,0.4091,WARMING_UP,WARMING_UP,WARMING_UP,0.0,0,86.414
2694,74.8904,193,0.7059,0.3115,WARMING_UP,WARMING_UP,WARMING_UP,0.0,0,94.665
2697,74.9218,193,0.7372,0.3125,WARMING_UP,WARMING_UP,WARMING_UP,0.0,0,94.858
2698,74.9338,193,0.7493,0.3231,WARMING_UP,WARMING_UP,WARMING_UP,0.0,0,94.074
2700,74.9553,193,0.7708,0.3284,WARMING_UP,WARMING_UP,WARMING_UP,0.0,0,93.914
2701,74.9671,193,0.7826,0.3382,WARMING_UP,WARMING_UP,WARMING_UP,0.0,0,92.772
2703,74.989,193,0.8044,0.3429,WARMING_UP,WARMING_UP,WARMING_UP,0.0,0,91.261
2705,75.0131,193,0.8285,0.3472,WARMING_UP,WARMING_UP,WARMING_UP,0.0,0,89.422
2707,75.0386,193,0.8541,0.3514,WARMING_UP,WARMING_UP,WARMING_UP,0.0,0,89.155
2708,75.0505,193,0.866,0.36,WARMING_UP,WARMING_UP,WARMING_UP,0.0,0,88.608
2709,75.0624,193,0.8779,0.3684,WARMING_UP,WARMING_UP,WARMING_UP,0.0,0,84.613
2710,75.0832,193,0.8987,0.3766,WARMING_UP,WARMING_UP,WARMING_UP,0.0,0,81.468
2711,75.1017,193,0.9172,0.3846,WARMING_UP,WARMING_UP,WARMING_UP,0.0,0,81.808
2712,75.1133,193,0.9288,0.3924,WARMING_UP,WARMING_UP,WARMING_UP,0.0,0,81.84
2718,75.2019,193,1.0174,0.3765,WARMING_UP,WARMING_UP,WARMING_UP,0.0,0,74.933
2719,75.2187,193,1.0342,0.3837,WARMING_UP,WARMING_UP,WARMING_UP,0.0,0,72.904
2720,75.2371,193,1.0525,0.3908,WARMING_UP,WARMING_UP,WARMING_UP,0.0,0,73.26
2729,75.3438,193,1.1593,0.3646,WARMING_UP,WARMING_UP,WARMING_UP,0.0,0,81.86
2731,75.3743,193,1.1898,0.3673,WARMING_UP,WARMING_UP,WARMING_UP,0.0,0,78.89
2732,75.3875,193,1.203,0.3737,WARMING_UP,WARMING_UP,WARMING_UP,0.0,0,77.114
2733,75.4041,193,1.2196,0.38,WARMING_UP,WARMING_UP,WARMING_UP,0.0,0,74.268
2734,75.4246,193,1.24,0.3861,WARMING_UP,WARMING_UP,WARMING_UP,0.0,0,72.297
2735,75.4429,193,1.2583,0.3922,WARMING_UP,WARMING_UP,WARMING_UP,0.0,0,73.201
2737,75.4652,193,1.2807,0.3942,WARMING_UP,WARMING_UP,WARMING_UP,0.0,0,76.313
2739,75.4889,193,1.3044,0.3962,WARMING_UP,WARMING_UP,WARMING_UP,0.0,0,76.14
2741,75.515,193,1.3305,0.3981,WARMING_UP,WARMING_UP,WARMING_UP,0.0,0,77.606
2742,75.5284,193,1.3438,0.4037,WARMING_UP,WARMING_UP,WARMING_UP,0.0,0,76.552
2743,75.5427,193,1.3581,0.4091,WARMING_UP,WARMING_UP,WARMING_UP,0.0,0,74.481
2744,75.561,193,1.3765,0.4144,WARMING_UP,WARMING_UP,WARMING_UP,0.0,0,74.717
2745,75.5735,193,1.389,0.4196,WARMING_UP,WARMING_UP,WARMING_UP,0.0,0,75.379
2746,75.5856,193,1.4011,0.4248,WARMING_UP,WARMING_UP,WARMING_UP,0.0,0,76.2
2747,75.5979,193,1.4134,0.4298,WARMING_UP,WARMING_UP,WARMING_UP,0.0,0,77.099
2752,75.6494,193,1.4648,0.4202,WARMING_UP,WARMING_UP,WARMING_UP,0.0,0,85.301
2756,75.7018,193,1.5173,0.4146,WARMING_UP,WARMING_UP,WARMING_UP,0.0,0,82.746
2757,75.714,193,1.5295,0.4194,WARMING_UP,WARMING_UP,WARMING_UP,0.0,0,79.298
2763,75.7916,193,1.6071,0.4077,WARMING_UP,WARMING_UP,WARMING_UP,0.0,0,79.535
2765,75.822,193,1.6375,0.4091,WARMING_UP,WARMING_UP,WARMING_UP,0.0,0,80.837
2772,75.9071,193,1.7225,0.3957,WARMING_UP,WARMING_UP,WARMING_UP,0.0,0,79.159
2775,75.9515,193,1.767,0.3944,WARMING_UP,WARMING_UP,WARMING_UP,0.0,0,76.683
2792,76.2011,193,2.0166,0.3585,WARMING_UP,WARMING_UP,WARMING_UP,0.0,0,72.383
2793,76.2189,193,2.0344,0.3625,WARMING_UP,WARMING_UP,WARMING_UP,0.0,0,71.11
2802,76.3395,193,2.155,0.3491,WARMING_UP,WARMING_UP,WARMING_UP,0.0,0,74.528
2805,76.3784,193,2.1939,0.3488,WARMING_UP,WARMING_UP,WARMING_UP,0.0,0,77.3
2810,76.4447,193,2.2601,0.3446,WARMING_UP,WARMING_UP,WARMING_UP,0.0,0,75.404
2813,76.4877,193,2.3032,0.3444,WARMING_UP,WARMING_UP,WARMING_UP,0.0,0,74.877
2828,76.6766,193,2.4921,0.3231,WARMING_UP,WARMING_UP,WARMING_UP,0.0,0,81.691
2830,76.7024,193,2.5178,0.3249,WARMING_UP,WARMING_UP,WARMING_UP,0.0,0,78.699
2831,76.72,193,2.5355,0.3283,WARMING_UP,WARMING_UP,WARMING_UP,0.0,0,78.049
2834,76.7548,193,2.5703,0.3284,WARMING_UP,WARMING_UP,WARMING_UP,0.0,0,80.282
2837,76.7946,193,2.6101,0.3284,WARMING_UP,WARMING_UP,WARMING_UP,0.0,0,80.659
2841,76.8503,193,2.6657,0.3269,WARMING_UP,WARMING_UP,WARMING_UP,0.0,0,79.526
2842,76.8621,193,2.6775,0.3301,WARMING_UP,WARMING_UP,WARMING_UP,0.0,0,79.812
2843,76.8742,193,2.6897,0.3333,WARMING_UP,WARMING_UP,WARMING_UP,0.0,0,79.681
2844,76.8868,193,2.7023,0.3365,WARMING_UP,WARMING_UP,WARMING_UP,0.0,0,79.528
2845,76.8997,193,2.7152,0.3396,WARMING_UP,WARMING_UP,WARMING_UP,0.0,0,79.657
2849,76.9544,193,2.7699,0.338,WARMING_UP,WARMING_UP,WARMING_UP,0.0,0,77.77
2851,76.9776,193,2.793,0.3394,WARMING_UP,WARMING_UP,WARMING_UP,0.0,0,80.235
2853,77.0001,193,2.8156,0.3409,WARMING_UP,WARMING_UP,WARMING_UP,0.0,0,78.554
2855,77.0368,193,2.8523,0.3423,WARMING_UP,WARMING_UP,WARMING_UP,0.0,0,76.549
2860,77.0958,193,2.9113,0.3392,WARMING_UP,WARMING_UP,WARMING_UP,0.0,0,82.113
2867,77.1806,193,2.996,0.3333,WARMING_UP,WARMING_UP,WARMING_UP,0.0,0,84.544
2872,77.2364,193,3.0518,0.3305,WARMING_UP,WARMING_UP,WARMING_UP,0.0,0,85.439
2873,77.2504,193,3.0659,0.3333,WARMING_UP,WARMING_UP,WARMING_UP,0.0,0,83.795
2874,77.2648,193,3.0802,0.3361,WARMING_UP,WARMING_UP,WARMING_UP,0.0,0,83.711
2875,77.2771,193,3.0925,0.3388,WARMING_UP,WARMING_UP,WARMING_UP,0.0,0,83.185
2877,77.3017,193,3.1172,0.3402,WARMING_UP,WARMING_UP,WARMING_UP,0.0,0,82.457
2878,77.3148,193,3.1303,0.3429,WARMING_UP,WARMING_UP,WARMING_UP,0.0,0,82.557
2879,77.3268,193,3.1422,0.3455,WARMING_UP,WARMING_UP,WARMING_UP,0.0,0,82.458
2881,77.3504,193,3.1659,0.3468,WARMING_UP,WARMING_UP,WARMING_UP,0.0,0,82.877
2882,77.3633,193,3.1787,0.3494,WARMING_UP,WARMING_UP,WARMING_UP,0.0,0,82.367
2883,77.3754,193,3.1908,0.352,WARMING_UP,WARMING_UP,WARMING_UP,0.0,0,81.815
2887,77.4204,193,3.2358,0.3504,WARMING_UP,WARMING_UP,WARMING_UP,0.0,0,84.332
2889,77.4446,193,3.2601,0.3516,WARMING_UP,WARMING_UP,WARMING_UP,0.0,0,84.092
2891,77.4702,193,3.2857,0.3527,WARMING_UP,WARMING_UP,WARMING_UP,0.0,0,81.954
3043,79.2196,195,0.0,1.0,WARMING_UP,WARMING_UP,WARMING_UP,0.0,0,87.811
3044,79.232,195,0.0125,1.0,WARMING_UP,WARMING_UP,WARMING_UP,0.0,0,86.922
3045,79.2444,195,0.0249,1.0,WARMING_UP,WARMING_UP,WARMING_UP,0.0,0,86.782
3046,79.2565,195,0.037,1.0,WARMING_UP,WARMING_UP,WARMING_UP,0.0,0,85.938
3047,79.2691,195,0.0495,1.0,WARMING_UP,WARMING_UP,WARMING_UP,0.0,0,85.818
3048,79.2808,195,0.0613,1.0,WARMING_UP,WARMING_UP,WARMING_UP,0.0,0,84.78
3053,79.3475,197,0.0,1.0,WARMING_UP,WARMING_UP,WARMING_UP,0.0,0,82.023
3054,79.3601,197,0.0126,1.0,WARMING_UP,WARMING_UP,WARMING_UP,0.0,0,78.767
3055,79.3802,197,0.0328,1.0,WARMING_UP,WARMING_UP,WARMING_UP,0.0,0,78.662
3056,79.3931,197,0.0457,1.0,WARMING_UP,WARMING_UP,WARMING_UP,0.0,0,79.339
3058,79.4153,197,0.0678,0.8333,WARMING_UP,WARMING_UP,WARMING_UP,0.0,0,80.389
3059,79.4284,197,0.0809,0.8571,WARMING_UP,WARMING_UP,WARMING_UP,0.0,0,81.096
3060,79.4403,197,0.0929,0.875,WARMING_UP,WARMING_UP,WARMING_UP,0.0,0,81.065
3062,79.4631,197,0.1156,0.8,WARMING_UP,WARMING_UP,WARMING_UP,0.0,0,81.797
3063,79.4762,197,0.1287,0.8182,WARMING_UP,WARMING_UP,WARMING_UP,0.0,0,78.716
3064,79.4956,197,0.1481,0.8333,WARMING_UP,WARMING_UP,WARMING_UP,0.0,0,78.241
3065,79.5092,197,0.1617,0.8462,WARMING_UP,WARMING_UP,WARMING_UP,0.0,0,78.1
3067,79.5404,195,0.3208,0.28,WARMING_UP,WARMING_UP,WARMING_UP,0.0,0,73.246
3068,79.5603,195,0.3407,0.3077,WARMING_UP,WARMING_UP,WARMING_UP,0.0,0,74.049
3126,80.275,198,0.0,1.0,WARMING_UP,WARMING_UP,WARMING_UP,0.0,0,83.526
3127,80.2954,198,0.0204,1.0,WARMING_UP,WARMING_UP,WARMING_UP,0.0,0,82.665
3128,80.3085,198,0.0334,1.0,WARMING_UP,WARMING_UP,WARMING_UP,0.0,0,83.021
3129,80.3202,198,0.0452,1.0,WARMING_UP,WARMING_UP,WARMING_UP,0.0,0,83.139
3216,81.3647,207,0.0,1.0,WARMING_UP,WARMING_UP,WARMING_UP,0.0,0,78.592
3217,81.3834,207,0.0187,1.0,WARMING_UP,WARMING_UP,WARMING_UP,0.0,0,78.823
3218,81.3952,207,0.0306,1.0,WARMING_UP,WARMING_UP,WARMING_UP,0.0,0,76.167
3219,81.4146,207,0.0499,1.0,WARMING_UP,WARMING_UP,WARMING_UP,0.0,0,76.866
3220,81.4267,207,0.0621,1.0,WARMING_UP,WARMING_UP,WARMING_UP,0.0,0,75.176
3221,81.4432,207,0.0785,1.0,WARMING_UP,WARMING_UP,WARMING_UP,0.0,0,74.45
3222,81.4579,207,0.0933,1.0,WARMING_UP,WARMING_UP,WARMING_UP,0.0,0,73.718
3223,81.4729,207,0.1082,1.0,WARMING_UP,WARMING_UP,WARMING_UP,0.0,0,73.632
3224,81.4865,207,0.1218,1.0,WARMING_UP,WARMING_UP,WARMING_UP,0.0,0,74.615
3225,81.4987,207,0.134,1.0,WARMING_UP,WARMING_UP,WARMING_UP,0.0,0,75.438
3226,81.5104,207,0.1458,1.0,WARMING_UP,WARMING_UP,WARMING_UP,0.0,0,75.302
3227,81.524,207,0.1594,1.0,WARMING_UP,WARMING_UP,WARMING_UP,0.0,0,75.314
3228,81.5373,207,0.1727,1.0,WARMING_UP,WARMING_UP,WARMING_UP,0.0,0,75.883
3229,81.5497,207,0.1851,1.0,WARMING_UP,WARMING_UP,WARMING_UP,0.0,0,76.485
3230,81.5617,207,0.1971,1.0,WARMING_UP,WARMING_UP,WARMING_UP,0.0,0,76.907
3231,81.5743,207,0.2096,1.0,WARMING_UP,WARMING_UP,WARMING_UP,0.0,0,76.26
3232,81.5886,207,0.2239,1.0,WARMING_UP,WARMING_UP,WARMING_UP,0.0,0,75.741
3233,81.603,207,0.2383,1.0,WARMING_UP,WARMING_UP,WARMING_UP,0.0,0,76.2
3234,81.6153,207,0.2506,1.0,WARMING_UP,WARMING_UP,WARMING_UP,0.0,0,76.356
3235,81.628,207,0.2634,1.0,WARMING_UP,WARMING_UP,WARMING_UP,0.0,0,76.24
3236,81.6411,207,0.2764,1.0,WARMING_UP,WARMING_UP,WARMING_UP,0.0,0,75.71
3237,81.6552,207,0.2906,1.0,WARMING_UP,WARMING_UP,WARMING_UP,0.0,0,76.664
3238,81.669,207,0.3044,1.0,WARMING_UP,WARMING_UP,WARMING_UP,0.0,0,76.166
3239,81.6808,207,0.3161,1.0,WARMING_UP,WARMING_UP,WARMING_UP,0.0,0,76.648
3240,81.6934,207,0.3287,1.0,WARMING_UP,WARMING_UP,WARMING_UP,0.0,0,76.926
3241,81.7058,207,0.3411,1.0,WARMING_UP,WARMING_UP,WARMING_UP,0.0,0,77.005
3242,81.7188,207,0.3542,1.0,WARMING_UP,WARMING_UP,WARMING_UP,0.0,0,77.849
3243,81.7306,207,0.366,1.0,WARMING_UP,WARMING_UP,WARMING_UP,0.0,0,78.019
3244,81.7432,207,0.3785,1.0,WARMING_UP,WARMING_UP,WARMING_UP,0.0,0,77.662
3245,81.7564,207,0.3917,1.0,WARMING_UP,WARMING_UP,WARMING_UP,0.0,0,76.332
3246,81.7752,207,0.4106,1.0,WARMING_UP,WARMING_UP,WARMING_UP,0.0,0,74.54
3247,81.7896,207,0.425,1.0,WARMING_UP,WARMING_UP,WARMING_UP,0.0,0,73.443
3248,81.805,207,0.4403,1.0,WARMING_UP,WARMING_UP,WARMING_UP,0.0,0,74.09
3249,81.8173,207,0.4527,1.0,WARMING_UP,WARMING_UP,WARMING_UP,0.0,0,74.009
3250,81.8343,207,0.4696,1.0,WARMING_UP,WARMING_UP,WARMING_UP,0.0,0,73.016
3251,81.8468,207,0.4822,1.0,WARMING_UP,WARMING_UP,WARMING_UP,0.0,0,73.508
3252,81.8595,207,0.4948,1.0,WARMING_UP,WARMING_UP,WARMING_UP,0.0,0,73.648
3253,81.8729,207,0.5082,1.0,WARMING_UP,WARMING_UP,WARMING_UP,0.0,0,73.565
3254,81.8869,207,0.5222,1.0,WARMING_UP,WARMING_UP,WARMING_UP,0.0,0,73.358
3255,81.9006,207,0.5359,1.0,WARMING_UP,WARMING_UP,WARMING_UP,0.0,0,74.001
3256,81.9137,207,0.5491,1.0,WARMING_UP,WARMING_UP,WARMING_UP,0.0,0,74.358
3257,81.9263,207,0.5616,1.0,WARMING_UP,WARMING_UP,WARMING_UP,0.0,0,74.179
3258,81.9402,207,0.5755,1.0,WARMING_UP,WARMING_UP,WARMING_UP,0.0,0,71.229
3259,81.9625,207,0.5979,1.0,WARMING_UP,WARMING_UP,WARMING_UP,0.0,0,72.191
3260,81.9745,207,0.6099,1.0,WARMING_UP,WARMING_UP,WARMING_UP,0.0,0,72.572
3261,81.9876,207,0.6229,1.0,WARMING_UP,WARMING_UP,WARMING_UP,0.0,0,73.105
3262,82.0006,207,0.636,1.0,WARMING_UP,WARMING_UP,WARMING_UP,0.0,0,74.283
3263,82.012,207,0.6474,1.0,WARMING_UP,WARMING_UP,WARMING_UP,0.0,0,73.357
3264,82.0282,207,0.6636,1.0,WARMING_UP,WARMING_UP,WARMING_UP,0.0,0,71.026
3265,82.0484,207,0.6837,1.0,WARMING_UP,WARMING_UP,WARMING_UP,0.0,0,71.298
3266,82.0614,207,0.6967,1.0,WARMING_UP,WARMING_UP,WARMING_UP,0.0,0,72.231
3267,82.0738,207,0.7091,1.0,WARMING_UP,WARMING_UP,WARMING_UP,0.0,0,72.632
3268,82.0867,207,0.7221,1.0,WARMING_UP,WARMING_UP,WARMING_UP,0.0,0,73.025
3269,82.1,207,0.7354,1.0,WARMING_UP,WARMING_UP,WARMING_UP,0.0,0,73.584
3270,82.1127,207,0.748,1.0,WARMING_UP,WARMING_UP,WARMING_UP,0.0,0,71.089
3271,82.1331,207,0.7684,1.0,WARMING_UP,WARMING_UP,WARMING_UP,0.0,0,71.951
3272,82.1458,207,0.7812,1.0,WARMING_UP,WARMING_UP,WARMING_UP,0.0,0,72.72
3273,82.1581,207,0.7935,1.0,WARMING_UP,WARMING_UP,WARMING_UP,0.0,0,71.929
3274,82.1734,207,0.8088,1.0,WARMING_UP,WARMING_UP,WARMING_UP,0.0,0,69.785
3275,82.1938,207,0.8292,1.0,WARMING_UP,WARMING_UP,WARMING_UP,0.0,0,70.24
3276,82.207,207,0.8423,1.0,WARMING_UP,WARMING_UP,WARMING_UP,0.0,0,69.094
3277,82.2241,207,0.8594,1.0,WARMING_UP,WARMING_UP,WARMING_UP,0.0,0,69.954
3278,82.2369,207,0.8723,1.0,WARMING_UP,WARMING_UP,WARMING_UP,0.0,0,70.545
3279,82.2502,207,0.8855,1.0,WARMING_UP,WARMING_UP,WARMING_UP,0.0,0,71.314
3280,82.2631,207,0.8985,1.0,WARMING_UP,WARMING_UP,WARMING_UP,0.0,0,71.911
3281,82.2757,207,0.9111,1.0,WARMING_UP,WARMING_UP,WARMING_UP,0.0,0,71.829
3282,82.2898,207,0.9252,1.0,WARMING_UP,WARMING_UP,WARMING_UP,0.0,0,71.901
3283,82.3036,207,0.9389,1.0,WARMING_UP,WARMING_UP,WARMING_UP,0.0,0,72.778
3284,82.316,207,0.9514,1.0,WARMING_UP,WARMING_UP,WARMING_UP,0.0,0,73.6
3285,82.3284,207,0.9638,1.0,WARMING_UP,WARMING_UP,WARMING_UP,0.0,0,74.034
3286,82.3412,207,0.9765,1.0,WARMING_UP,WARMING_UP,WARMING_UP,0.0,0,75.073
3287,82.353,207,0.9883,1.0,WARMING_UP,WARMING_UP,WARMING_UP,0.0,0,75.084
3288,82.3666,207,1.0019,1.0,WARMING_UP,WARMING_UP,WARMING_UP,0.0,0,72.543
3289,82.3865,207,1.0218,1.0,WARMING_UP,WARMING_UP,WARMING_UP,0.0,0,72.617
3290,82.4,207,1.0354,1.0,WARMING_UP,WARMING_UP,WARMING_UP,0.0,0,70.88
3291,82.4186,207,1.054,1.0,WARMING_UP,WARMING_UP,WARMING_UP,0.0,0,70.955
3292,82.4323,207,1.0676,1.0,WARMING_UP,WARMING_UP,WARMING_UP,0.0,0,72.088
3293,82.4443,207,1.0796,1.0,WARMING_UP,WARMING_UP,WARMING_UP,0.0,0,73.119
3294,82.4565,207,1.0918,1.0,WARMING_UP,WARMING_UP,WARMING_UP,0.0,0,71.936
3295,82.4727,207,1.108,1.0,WARMING_UP,WARMING_UP,WARMING_UP,0.0,0,71.963
3295,82.4727,213,0.0,1.0,WARMING_UP,WARMING_UP,WARMING_UP,0.0,0,71.963
3296,82.4868,207,1.1221,1.0,WARMING_UP,WARMING_UP,WARMING_UP,0.0,0,72.166
3297,82.5001,207,1.1355,1.0,WARMING_UP,WARMING_UP,WARMING_UP,0.0,0,69.772
3297,82.5001,213,0.0275,0.6667,WARMING_UP,WARMING_UP,WARMING_UP,0.0,0,69.772
3298,82.5212,207,1.1565,1.0,WARMING_UP,WARMING_UP,WARMING_UP,0.0,0,70.517
3299,82.5339,207,1.1692,1.0,WARMING_UP,WARMING_UP,WARMING_UP,0.0,0,72.009
3299,82.5339,213,0.0612,0.6,WARMING_UP,WARMING_UP,WARMING_UP,0.0,0,72.009
3300,82.5455,207,1.1808,1.0,WARMING_UP,WARMING_UP,WARMING_UP,0.0,0,69.64
3300,82.5455,213,0.0728,0.6667,WARMING_UP,WARMING_UP,WARMING_UP,0.0,0,69.64
3301,82.5664,207,1.2018,1.0,WARMING_UP,WARMING_UP,WARMING_UP,0.0,0,68.532
3302,82.5833,207,1.2187,1.0,WARMING_UP,WARMING_UP,WARMING_UP,0.0,0,69.387
3303,82.5971,207,1.2324,1.0,WARMING_UP,WARMING_UP,WARMING_UP,0.0,0,69.841
3304,82.6101,207,1.2455,1.0,WARMING_UP,WARMING_UP,WARMING_UP,0.0,0,70.79
3305,82.6225,207,1.2578,1.0,WARMING_UP,WARMING_UP,WARMING_UP,0.0,0,71.095
3306,82.636,207,1.2713,1.0,WARMING_UP,WARMING_UP,WARMING_UP,0.0,0,70.53
3307,82.6511,207,1.2864,1.0,WARMING_UP,WARMING_UP,WARMING_UP,0.0,0,69.951
3308,82.6666,207,1.302,1.0,WARMING_UP,WARMING_UP,WARMING_UP,0.0,0,71.399
3309,82.6781,207,1.3135,1.0,WARMING_UP,WARMING_UP,WARMING_UP,0.0,0,69.83
3310,82.6968,207,1.3321,1.0,WARMING_UP,WARMING_UP,WARMING_UP,0.0,0,68.02
3311,82.7156,207,1.3509,1.0,WARMING_UP,WARMING_UP,WARMING_UP,0.0,0,70.052
3312,82.727,207,1.3624,1.0,WARMING_UP,WARMING_UP,WARMING_UP,0.0,0,71.348
3313,82.7389,207,1.3742,1.0,WARMING_UP,WARMING_UP,WARMING_UP,0.0,0,72.827
3314,82.7507,207,1.386,1.0,WARMING_UP,WARMING_UP,WARMING_UP,0.0,0,74.12
3315,82.7628,207,1.3982,1.0,WARMING_UP,WARMING_UP,WARMING_UP,0.0,0,73.965
3316,82.7764,207,1.4117,1.0,WARMING_UP,WARMING_UP,WARMING_UP,0.0,0,72.279
3317,82.7939,207,1.4293,1.0,WARMING_UP,WARMING_UP,WARMING_UP,0.0,0,73.07
3318,82.8062,207,1.4415,1.0,WARMING_UP,WARMING_UP,WARMING_UP,0.0,0,71.325
3319,82.8241,207,1.4595,1.0,WARMING_UP,WARMING_UP,WARMING_UP,0.0,0,69.413
3320,82.8435,207,1.4789,1.0,WARMING_UP,WARMING_UP,WARMING_UP,0.0,0,70.613
3321,82.8557,207,1.491,1.0,WARMING_UP,WARMING_UP,WARMING_UP,0.0,0,68.626
3322,82.8757,207,1.511,1.0,WARMING_UP,WARMING_UP,WARMING_UP,0.0,0,66.587
3323,82.8961,207,1.5314,1.0,WARMING_UP,WARMING_UP,WARMING_UP,0.0,0,68.257
3324,82.9081,207,1.5435,1.0,WARMING_UP,WARMING_UP,WARMING_UP,0.0,0,68.902
3325,82.9215,207,1.5568,1.0,WARMING_UP,WARMING_UP,WARMING_UP,0.0,0,66.993
3326,82.942,207,1.5773,1.0,WARMING_UP,WARMING_UP,WARMING_UP,0.0,0,65.617
3327,82.9606,207,1.596,1.0,WARMING_UP,WARMING_UP,WARMING_UP,0.0,0,63.953
3328,82.9808,207,1.6161,1.0,WARMING_UP,WARMING_UP,WARMING_UP,0.0,0,65.423
3329,82.9936,207,1.629,1.0,WARMING_UP,WARMING_UP,WARMING_UP,0.0,0,66.779
3330,83.006,207,1.6414,1.0,WARMING_UP,WARMING_UP,WARMING_UP,0.0,0,67.744
3331,83.0191,207,1.6545,1.0,WARMING_UP,WARMING_UP,WARMING_UP,0.0,0,66.211
3332,83.0382,207,1.6735,1.0,WARMING_UP,WARMING_UP,WARMING_UP,0.0,0,65.396
3333,83.0557,207,1.691,1.0,WARMING_UP,WARMING_UP,WARMING_UP,0.0,0,66.207
3334,83.0692,207,1.7045,1.0,WARMING_UP,WARMING_UP,WARMING_UP,0.0,0,64.499
3335,83.0898,207,1.7251,1.0,WARMING_UP,WARMING_UP,WARMING_UP,0.0,0,65.29
3336,83.1033,207,1.7387,1.0,WARMING_UP,WARMING_UP,WARMING_UP,0.0,0,66.727
3337,83.1159,207,1.7513,1.0,WARMING_UP,WARMING_UP,WARMING_UP,0.0,0,64.947
3338,83.1363,207,1.7716,1.0,WARMING_UP,WARMING_UP,WARMING_UP,0.0,0,63.449
3339,83.1563,207,1.7917,1.0,WARMING_UP,WARMING_UP,WARMING_UP,0.0,0,62.074
3340,83.177,207,1.8123,1.0,WARMING_UP,WARMING_UP,WARMING_UP,0.0,0,61.288
3341,83.1953,207,1.8306,1.0,WARMING_UP,WARMING_UP,WARMING_UP,0.0,0,63.29
3342,83.2069,207,1.8423,1.0,WARMING_UP,WARMING_UP,WARMING_UP,0.0,0,64.981
3343,83.2195,207,1.8549,1.0,WARMING_UP,WARMING_UP,WARMING_UP,0.0,0,66.566
3344,83.232,207,1.8673,1.0,WARMING_UP,WARMING_UP,WARMING_UP,0.0,0,66.167
3345,83.248,207,1.8834,1.0,WARMING_UP,WARMING_UP,WARMING_UP,0.0,0,68.091
3346,83.2599,207,1.8953,1.0,WARMING_UP,WARMING_UP,WARMING_UP,0.0,0,66.527
3347,83.2788,207,1.9141,1.0,WARMING_UP,WARMING_UP,WARMING_UP,0.0,0,67.656
3348,83.2917,207,1.927,1.0,WARMING_UP,WARMING_UP,WARMING_UP,0.0,0,69.088
3349,83.3034,207,1.9388,1.0,WARMING_UP,WARMING_UP,WARMING_UP,0.0,0,67.332
3350,83.3237,207,1.959,1.0,WARMING_UP,WARMING_UP,WARMING_UP,0.0,0,67.841
3351,83.337,207,1.9724,1.0,WARMING_UP,WARMING_UP,WARMING_UP,0.0,0,66.221
3352,83.3566,207,1.9919,1.0,WARMING_UP,WARMING_UP,WARMING_UP,0.0,0,65.24
3353,83.3744,207,2.0098,1.0,WARMING_UP,WARMING_UP,WARMING_UP,0.0,0,66.477
3354,83.3871,207,2.0225,1.0,WARMING_UP,WARMING_UP,WARMING_UP,0.0,0,64.82
3355,83.4072,207,2.0425,1.0,WARMING_UP,WARMING_UP,WARMING_UP,0.0,0,65.653
3356,83.4207,207,2.0561,1.0,WARMING_UP,WARMING_UP,WARMING_UP,0.0,0,67.438
3357,83.4323,207,2.0676,1.0,WARMING_UP,WARMING_UP,WARMING_UP,0.0,0,67.172
3358,83.4482,207,2.0835,1.0,WARMING_UP,WARMING_UP,WARMING_UP,0.0,0,65.473
3359,83.4681,207,2.1034,1.0,WARMING_UP,WARMING_UP,WARMING_UP,0.0,0,66.339
3360,83.4814,207,2.1168,1.0,WARMING_UP,WARMING_UP,WARMING_UP,0.0,0,66.934
3361,83.4954,207,2.1307,1.0,WARMING_UP,WARMING_UP,WARMING_UP,0.0,0,65.32
3362,83.5151,207,2.1504,1.0,WARMING_UP,WARMING_UP,WARMING_UP,0.0,0,64.676
3363,83.532,207,2.1673,1.0,WARMING_UP,WARMING_UP,WARMING_UP,0.0,0,63.211
3364,83.5521,207,2.1874,1.0,WARMING_UP,WARMING_UP,WARMING_UP,0.0,0,65.003
3365,83.5644,207,2.1997,1.0,WARMING_UP,WARMING_UP,WARMING_UP,0.0,0,66.124
3366,83.5779,207,2.2132,1.0,WARMING_UP,WARMING_UP,WARMING_UP,0.0,0,64.323
3367,83.5984,207,2.2338,1.0,WARMING_UP,WARMING_UP,WARMING_UP,0.0,0,63.033
3368,83.6174,207,2.2527,1.0,WARMING_UP,WARMING_UP,WARMING_UP,0.0,0,62.242
3369,83.6359,207,2.2713,1.0,WARMING_UP,WARMING_UP,WARMING_UP,0.0,0,60.854
3370,83.6567,207,2.2921,1.0,WARMING_UP,WARMING_UP,WARMING_UP,0.0,0,62.013
3371,83.6702,207,2.3056,1.0,WARMING_UP,WARMING_UP,WARMING_UP,0.0,0,64.261
3372,83.6821,207,2.3174,1.0,WARMING_UP,WARMING_UP,WARMING_UP,0.0,0,65.549
3373,83.6951,207,2.3305,1.0,WARMING_UP,WARMING_UP,WARMING_UP,0.0,0,64.745
3374,83.7128,207,2.3481,1.0,WARMING_UP,WARMING_UP,WARMING_UP,0.0,0,66.665
3375,83.7245,207,2.3598,1.0,WARMING_UP,WARMING_UP,WARMING_UP,0.0,0,68.02
3376,83.7367,207,2.372,1.0,WARMING_UP,WARMING_UP,WARMING_UP,0.0,0,67.801
3377,83.7521,207,2.3874,1.0,WARMING_UP,WARMING_UP,WARMING_UP,0.0,0,66.91
3378,83.769,207,2.4044,1.0,WARMING_UP,WARMING_UP,WARMING_UP,0.0,0,64.902
3379,83.7909,207,2.4262,1.0,WARMING_UP,WARMING_UP,WARMING_UP,0.0,0,66.217
3380,83.8032,207,2.4385,1.0,WARMING_UP,WARMING_UP,WARMING_UP,0.0,0,67.086
3381,83.8165,207,2.4519,1.0,WARMING_UP,WARMING_UP,WARMING_UP,0.0,0,67.159
3382,83.8314,207,2.4668,1.0,WARMING_UP,WARMING_UP,WARMING_UP,0.0,0,66.598
3383,83.8477,207,2.4831,1.0,WARMING_UP,WARMING_UP,WARMING_UP,0.0,0,66.643
3384,83.8625,207,2.4978,1.0,WARMING_UP,WARMING_UP,WARMING_UP,0.0,0,68.398
3385,83.8748,207,2.5101,1.0,WARMING_UP,WARMING_UP,WARMING_UP,0.0,0,65.894
3386,83.8973,207,2.5327,1.0,WARMING_UP,WARMING_UP,WARMING_UP,0.0,0,66.636
3387,83.9115,207,2.5468,1.0,WARMING_UP,WARMING_UP,WARMING_UP,0.0,0,67.64
3388,83.9246,207,2.5599,1.0,WARMING_UP,WARMING_UP,WARMING_UP,0.0,0,68.583
3389,83.9368,207,2.5721,1.0,WARMING_UP,WARMING_UP,WARMING_UP,0.0,0,69.426
3390,83.95,207,2.5853,1.0,WARMING_UP,WARMING_UP,WARMING_UP,0.0,0,69.54
3391,83.9641,207,2.5995,1.0,WARMING_UP,WARMING_UP,WARMING_UP,0.0,0,69.952
3392,83.9778,207,2.6132,1.0,WARMING_UP,WARMING_UP,WARMING_UP,0.0,0,71.175
3393,83.99,207,2.6254,1.0,WARMING_UP,WARMING_UP,WARMING_UP,0.0,0,71.915
3394,84.0023,207,2.6377,1.0,WARMING_UP,WARMING_UP,WARMING_UP,0.0,0,72.534
3395,84.0156,207,2.6509,1.0,WARMING_UP,WARMING_UP,WARMING_UP,0.0,0,71.468
3396,84.0316,207,2.667,1.0,WARMING_UP,WARMING_UP,WARMING_UP,0.0,0,70.184
3397,84.0487,207,2.6841,1.0,WARMING_UP,WARMING_UP,WARMING_UP,0.0,0,69.824
3398,84.0637,207,2.699,1.0,WARMING_UP,WARMING_UP,WARMING_UP,0.0,0,69.974
3399,84.0776,207,2.713,1.0,WARMING_UP,WARMING_UP,WARMING_UP,0.0,0,70.877
3400,84.0905,207,2.7258,1.0,WARMING_UP,WARMING_UP,WARMING_UP,0.0,0,71.983
3401,84.1026,207,2.7379,1.0,WARMING_UP,WARMING_UP,WARMING_UP,0.0,0,72.343
3402,84.1159,207,2.7512,1.0,WARMING_UP,WARMING_UP,WARMING_UP,0.0,0,70.826
3403,84.1335,207,2.7689,1.0,WARMING_UP,WARMING_UP,WARMING_UP,0.0,0,70.877
3404,84.147,207,2.7824,1.0,WARMING_UP,WARMING_UP,WARMING_UP,0.0,0,70.917
3405,84.1611,207,2.7965,1.0,WARMING_UP,WARMING_UP,WARMING_UP,0.0,0,72.236
3406,84.1734,207,2.8088,1.0,WARMING_UP,WARMING_UP,WARMING_UP,0.0,0,72.694
3407,84.1863,207,2.8217,1.0,WARMING_UP,WARMING_UP,WARMING_UP,0.0,0,72.895
3408,84.1997,207,2.835,1.0,WARMING_UP,WARMING_UP,WARMING_UP,0.0,0,73.463
3409,84.212,207,2.8474,1.0,WARMING_UP,WARMING_UP,WARMING_UP,0.0,0,74.693
3410,84.224,207,2.8594,1.0,WARMING_UP,WARMING_UP,WARMING_UP,0.0,0,75.708
3411,84.2356,207,2.871,1.0,WARMING_UP,WARMING_UP,WARMING_UP,0.0,0,75.794
3412,84.2488,207,2.8842,1.0,WARMING_UP,WARMING_UP,WARMING_UP,0.0,0,75.748
3413,84.2621,207,2.8975,1.0,WARMING_UP,WARMING_UP,WARMING_UP,0.0,0,73.317
3414,84.2814,207,2.9167,1.0,WARMING_UP,WARMING_UP,WARMING_UP,0.0,0,70.997
3415,84.3016,207,2.9369,1.0,WARMING_UP,WARMING_UP,WARMING_UP,0.0,0,71.113
3416,84.3156,207,2.9509,1.0,WARMING_UP,WARMING_UP,WARMING_UP,0.0,0,70.822
3417,84.3299,207,2.9652,1.0,WARMING_UP,WARMING_UP,WARMING_UP,0.0,0,71.632
3418,84.3429,207,2.9783,1.0,WARMING_UP,WARMING_UP,WARMING_UP,0.0,0,72.756
3419,84.3545,207,2.9898,1.0,WARMING_UP,WARMING_UP,WARMING_UP,0.0,0,73.546
3420,84.3672,207,3.0025,1.0,WARMING_UP,WARMING_UP,WARMING_UP,0.0,0,74.322
3421,84.3794,207,3.0148,1.0,WARMING_UP,WARMING_UP,WARMING_UP,0.0,0,71.867
3422,84.3998,207,3.0351,1.0,WARMING_UP,WARMING_UP,WARMING_UP,0.0,0,71.938
3423,84.4134,207,3.0487,1.0,WARMING_UP,WARMING_UP,WARMING_UP,0.0,0,70.318
3424,84.4316,207,3.0669,1.0,WARMING_UP,WARMING_UP,WARMING_UP,0.0,0,70.114
3425,84.4461,207,3.0815,1.0,WARMING_UP,WARMING_UP,WARMING_UP,0.0,0,69.304
3426,84.4626,207,3.0979,1.0,WARMING_UP,WARMING_UP,WARMING_UP,0.0,0,66.858
3427,84.4847,207,3.12,1.0,WARMING_UP,WARMING_UP,WARMING_UP,0.0,0,67.514
3428,84.498,207,3.1333,1.0,WARMING_UP,WARMING_UP,WARMING_UP,0.0,0,68.166
3429,84.5117,207,3.147,1.0,WARMING_UP,WARMING_UP,WARMING_UP,0.0,0,68.015
3430,84.5267,207,3.162,1.0,WARMING_UP,WARMING_UP,WARMING_UP,0.0,0,69.35
3431,84.5398,207,3.1751,1.0,WARMING_UP,WARMING_UP,WARMING_UP,0.0,0,69.805
3432,84.5525,207,3.1879,1.0,WARMING_UP,WARMING_UP,WARMING_UP,0.0,0,70.132
3433,84.566,207,3.2013,1.0,WARMING_UP,WARMING_UP,WARMING_UP,0.0,0,70.689
3434,84.5793,207,3.2146,1.0,WARMING_UP,WARMING_UP,WARMING_UP,0.0,0,70.995
3435,84.5931,207,3.2284,1.0,WARMING_UP,WARMING_UP,WARMING_UP,0.0,0,68.4
3436,84.6151,207,3.2505,1.0,WARMING_UP,WARMING_UP,WARMING_UP,0.0,0,68.677
3437,84.6288,207,3.2642,1.0,WARMING_UP,WARMING_UP,WARMING_UP,0.0,0,69.258
3438,84.6424,207,3.2778,1.0,WARMING_UP,WARMING_UP,WARMING_UP,0.0,0,67.125
3439,84.6632,207,3.2986,1.0,WARMING_UP,WARMING_UP,WARMING_UP,0.0,0,65.361
3440,84.6836,207,3.3189,1.0,WARMING_UP,WARMING_UP,WARMING_UP,0.0,0,64.44
3441,84.7011,207,3.3365,1.0,WARMING_UP,WARMING_UP,WARMING_UP,0.0,0,65.713
3442,84.7141,207,3.3494,1.0,WARMING_UP,WARMING_UP,WARMING_UP,0.0,0,66.576
3443,84.7275,207,3.3629,1.0,WARMING_UP,WARMING_UP,WARMING_UP,0.0,0,67.395
3444,84.741,207,3.3763,1.0,WARMING_UP,WARMING_UP,WARMING_UP,0.0,0,65.37
3445,84.7626,207,3.3979,1.0,WARMING_UP,WARMING_UP,WARMING_UP,0.0,0,64.665
3446,84.7796,207,3.4149,1.0,WARMING_UP,WARMING_UP,WARMING_UP,0.0,0,65.201
3447,84.7939,207,3.4293,1.0,WARMING_UP,WARMING_UP,WARMING_UP,0.0,0,64.718
3448,84.8104,207,3.4458,1.0,WARMING_UP,WARMING_UP,WARMING_UP,0.0,0,64.986
3449,84.8254,207,3.4607,1.0,WARMING_UP,WARMING_UP,WARMING_UP,0.0,0,66.708
3450,84.8377,207,3.473,1.0,WARMING_UP,WARMING_UP,WARMING_UP,0.0,0,67.796
3451,84.8505,207,3.4858,1.0,WARMING_UP,WARMING_UP,WARMING_UP,0.0,0,67.958
3452,84.8649,207,3.5002,1.0,WARMING_UP,WARMING_UP,WARMING_UP,0.0,0,68.274
3453,84.8792,207,3.5145,1.0,WARMING_UP,WARMING_UP,WARMING_UP,0.0,0,68.024
3454,84.8943,207,3.5297,1.0,WARMING_UP,WARMING_UP,WARMING_UP,0.0,0,67.316
3455,84.9106,207,3.5459,1.0,WARMING_UP,WARMING_UP,WARMING_UP,0.0,0,66.839
3456,84.9266,207,3.562,1.0,WARMING_UP,WARMING_UP,WARMING_UP,0.0,0,66.864
3457,84.9417,207,3.577,1.0,WARMING_UP,WARMING_UP,WARMING_UP,0.0,0,64.754
3458,84.9634,207,3.5988,1.0,WARMING_UP,WARMING_UP,WARMING_UP,0.0,0,64.672
3459,84.9788,207,3.6142,1.0,WARMING_UP,WARMING_UP,WARMING_UP,0.0,0,64.905
3460,84.9938,207,3.6291,1.0,WARMING_UP,WARMING_UP,WARMING_UP,0.0,0,64.846
3461,85.0094,207,3.6448,1.0,WARMING_UP,WARMING_UP,WARMING_UP,0.0,0,65.104
3462,85.0241,207,3.6595,1.0,WARMING_UP,WARMING_UP,WARMING_UP,0.0,0,66.73
3463,85.036,207,3.6714,1.0,WARMING_UP,WARMING_UP,WARMING_UP,0.0,0,67.91
3464,85.0493,207,3.6846,1.0,WARMING_UP,WARMING_UP,WARMING_UP,0.0,0,68.738
3465,85.0624,207,3.6977,1.0,WARMING_UP,WARMING_UP,WARMING_UP,0.0,0,68.793
3466,85.0766,207,3.7119,1.0,WARMING_UP,WARMING_UP,WARMING_UP,0.0,0,69.199
3467,85.0907,207,3.726,1.0,WARMING_UP,WARMING_UP,WARMING_UP,0.0,0,69.962
3468,85.104,207,3.7393,1.0,WARMING_UP,WARMING_UP,WARMING_UP,0.0,0,70.731
3469,85.1161,207,3.7515,1.0,WARMING_UP,WARMING_UP,WARMING_UP,0.0,0,70.445
3470,85.1313,207,3.7666,1.0,WARMING_UP,WARMING_UP,WARMING_UP,0.0,0,70.898
3471,85.1443,207,3.7797,1.0,WARMING_UP,WARMING_UP,WARMING_UP,0.0,0,70.434
3472,85.1597,207,3.795,1.0,WARMING_UP,WARMING_UP,WARMING_UP,0.0,0,69.152
3473,85.1768,207,3.8121,1.0,WARMING_UP,WARMING_UP,WARMING_UP,0.0,0,68.203
3474,85.1938,207,3.8292,1.0,WARMING_UP,WARMING_UP,WARMING_UP,0.0,0,65.971
3475,85.2153,207,3.8507,1.0,WARMING_UP,WARMING_UP,WARMING_UP,0.0,0,66.693
3476,85.2292,207,3.8645,1.0,WARMING_UP,WARMING_UP,WARMING_UP,0.0,0,67.148
3477,85.2436,207,3.879,1.0,WARMING_UP,WARMING_UP,WARMING_UP,0.0,0,65.015
3478,85.2651,207,3.9005,1.0,WARMING_UP,WARMING_UP,WARMING_UP,0.0,0,63.174
3479,85.2868,207,3.9222,1.0,WARMING_UP,WARMING_UP,WARMING_UP,0.0,0,64.399
3480,85.3,207,3.9354,1.0,WARMING_UP,WARMING_UP,WARMING_UP,0.0,0,65.018
3481,85.3141,207,3.9494,1.0,WARMING_UP,WARMING_UP,WARMING_UP,0.0,0,65.633
3482,85.3278,207,3.9631,1.0,WARMING_UP,WARMING_UP,WARMING_UP,0.0,0,66.594
3483,85.3411,207,3.9764,1.0,WARMING_UP,WARMING_UP,WARMING_UP,0.0,0,66.547
3484,85.3565,207,3.9918,1.0,WARMING_UP,WARMING_UP,WARMING_UP,0.0,0,67.786
3485,85.3694,207,4.0048,1.0,drink_return,UNKNOWN,UNKNOWN,0.2833,1,65.449
3486,85.4386,207,4.0739,1.0,drink_return,UNKNOWN,UNKNOWN,0.2833,0,60.363
3487,85.4603,207,4.0957,1.0,drink_return,UNKNOWN,UNKNOWN,0.2833,0,59.123
3488,85.4813,207,4.1166,1.0,drink_return,UNKNOWN,UNKNOWN,0.2833,0,57.874
3489,85.5031,207,4.1384,1.0,drink_return,UNKNOWN,UNKNOWN,0.2833,0,58.148
3490,85.5196,207,4.155,1.0,drink_return,UNKNOWN,UNKNOWN,0.2833,0,57.371
3491,85.5393,207,4.1746,1.0,drink_return,UNKNOWN,UNKNOWN,0.2833,0,58.607
3492,85.5533,207,4.1887,1.0,drink_return,UNKNOWN,UNKNOWN,0.2833,0,60.101
3493,85.5672,207,4.2026,1.0,drink_return,UNKNOWN,UNKNOWN,0.2833,0,61.315
3494,85.5816,207,4.2169,1.0,drink_return,UNKNOWN,UNKNOWN,0.2833,0,62.176
3495,85.595,207,4.2303,1.0,drink_return,UNKNOWN,UNKNOWN,0.2833,0,62.542
3496,85.6104,207,4.2457,1.0,drink_return,UNKNOWN,UNKNOWN,0.2833,0,60.961
3497,85.6319,207,4.2672,1.0,drink_return,UNKNOWN,UNKNOWN,0.2733,1,60.797
3498,85.6868,207,4.3221,1.0,drink_return,UNKNOWN,UNKNOWN,0.2733,0,56.646
3499,85.7002,207,4.3356,1.0,drink_return,UNKNOWN,UNKNOWN,0.2733,0,58.215
3500,85.7141,207,4.3494,1.0,drink_return,UNKNOWN,UNKNOWN,0.2733,0,59.721
3501,85.7278,207,4.3632,1.0,drink_return,UNKNOWN,UNKNOWN,0.2733,0,60.891
3502,85.742,207,4.3773,1.0,drink_return,UNKNOWN,UNKNOWN,0.2733,0,59.394
3503,85.7636,207,4.399,1.0,drink_return,UNKNOWN,UNKNOWN,0.2733,0,57.901
3504,85.7866,207,4.4219,1.0,drink_return,UNKNOWN,UNKNOWN,0.2733,0,59.284
3505,85.7999,207,4.4353,1.0,drink_return,UNKNOWN,UNKNOWN,0.2733,0,60.565
3506,85.8136,207,4.449,1.0,drink_return,UNKNOWN,UNKNOWN,0.2733,0,59.698
3507,85.833,207,4.4684,1.0,drink_return,UNKNOWN,UNKNOWN,0.2733,0,60.555
3508,85.8476,207,4.483,1.0,drink_return,UNKNOWN,UNKNOWN,0.2733,0,62.301
3509,85.8612,207,4.4965,1.0,drink_return,UNKNOWN,UNKNOWN,0.2733,0,63.818
3510,85.873,207,4.5083,1.0,drink_return,UNKNOWN,UNKNOWN,0.2733,0,64.589
3511,85.8876,207,4.5229,1.0,drink_return,UNKNOWN,UNKNOWN,0.2667,1,64.575
3512,85.9486,207,4.5839,1.0,drink_return,UNKNOWN,UNKNOWN,0.2667,0,59.658
3513,85.9682,207,4.6035,1.0,drink_return,UNKNOWN,UNKNOWN,0.2667,0,60.533
3514,85.9829,207,4.6182,1.0,drink_return,UNKNOWN,UNKNOWN,0.2667,0,61.427
3515,85.9971,207,4.6324,1.0,drink_return,UNKNOWN,UNKNOWN,0.2667,0,62.544
3516,86.0106,207,4.646,1.0,drink_return,UNKNOWN,UNKNOWN,0.2667,0,63.63
3517,86.0244,207,4.6598,1.0,drink_return,UNKNOWN,UNKNOWN,0.2667,0,61.8
3518,86.0466,207,4.682,1.0,drink_return,UNKNOWN,UNKNOWN,0.2667,0,61.699
3519,86.0629,207,4.6983,1.0,drink_return,UNKNOWN,UNKNOWN,0.2667,0,62.868
3520,86.0764,207,4.7118,1.0,drink_return,UNKNOWN,UNKNOWN,0.2667,0,61.403
3521,86.0972,207,4.7326,1.0,drink_return,UNKNOWN,UNKNOWN,0.2667,0,62.358
3522,86.111,207,4.7464,1.0,drink_return,UNKNOWN,UNKNOWN,0.2667,0,60.13
3523,86.1366,207,4.7719,1.0,drink_return,UNKNOWN,UNKNOWN,0.2667,0,60.872
3524,86.1511,207,4.7865,1.0,drink_return,UNKNOWN,UNKNOWN,0.2667,1,60.736
3525,86.2067,207,4.8421,1.0,drink_return,UNKNOWN,UNKNOWN,0.2667,0,56.502
3526,86.2225,207,4.8578,1.0,drink_return,UNKNOWN,UNKNOWN,0.2667,0,57.165
3527,86.2379,207,4.8732,1.0,drink_return,UNKNOWN,UNKNOWN,0.2667,0,56.669
3528,86.2571,207,4.8924,1.0,drink_return,UNKNOWN,UNKNOWN,0.2667,0,57.258
3529,86.2732,207,4.9086,1.0,drink_return,UNKNOWN,UNKNOWN,0.2667,0,57.362
3530,86.2904,207,4.9257,1.0,drink_return,UNKNOWN,UNKNOWN,0.2667,0,57.889
3531,86.3062,207,4.9415,1.0,drink_return,UNKNOWN,UNKNOWN,0.2667,0,58.118
3532,86.323,207,4.9584,1.0,drink_return,UNKNOWN,UNKNOWN,0.2667,0,56.931
3533,86.3448,207,4.9801,1.0,drink_return,UNKNOWN,UNKNOWN,0.2667,0,57.958
3534,86.3595,207,4.9948,1.0,drink_return,UNKNOWN,UNKNOWN,0.2667,0,59.109
3535,86.3739,207,4.9905,1.0,drink_return,UNKNOWN,UNKNOWN,0.2667,0,59.441
3536,86.3895,207,4.9943,1.0,drink_return,UNKNOWN,UNKNOWN,0.2667,0,60.289
3537,86.4043,207,4.9897,1.0,drink_return,UNKNOWN,UNKNOWN,0.26,1,60.152
3538,86.4583,207,4.9854,1.0,drink_return,UNKNOWN,UNKNOWN,0.26,0,55.846
3539,86.4805,207,4.994,1.0,drink_return,UNKNOWN,UNKNOWN,0.26,0,57.618
3540,86.4934,207,4.9947,1.0,drink_return,UNKNOWN,UNKNOWN,0.26,0,58.697
3541,86.5083,207,4.9979,1.0,drink_return,UNKNOWN,UNKNOWN,0.26,0,57.688
3542,86.5288,207,4.9915,1.0,drink_return,UNKNOWN,UNKNOWN,0.26,0,59.075
3543,86.5428,207,4.9931,1.0,drink_return,UNKNOWN,UNKNOWN,0.26,0,59.978
3544,86.5573,207,4.9956,1.0,drink_return,UNKNOWN,UNKNOWN,0.26,0,61.022
3545,86.5718,207,4.9975,1.0,drink_return,UNKNOWN,UNKNOWN,0.26,0,61.354
3546,86.5871,207,4.9986,1.0,drink_return,UNKNOWN,UNKNOWN,0.26,0,61.871
3547,86.602,207,4.9991,1.0,drink_return,UNKNOWN,UNKNOWN,0.26,0,63.854
3548,86.6147,207,4.9994,1.0,drink_return,UNKNOWN,UNKNOWN,0.26,0,64.147
3549,86.63,207,4.989,1.0,drink_return,UNKNOWN,UNKNOWN,0.26,0,61.789
3550,86.6543,207,4.999,1.0,drink_return,UNKNOWN,UNKNOWN,0.26,0,61.542
3551,86.6711,207,4.9903,1.0,drink_return,UNKNOWN,UNKNOWN,0.2767,1,61.69
3552,86.7239,207,4.9933,1.0,drink_return,UNKNOWN,UNKNOWN,0.2767,0,57.254
3553,86.7449,207,4.9885,1.0,drink_return,UNKNOWN,UNKNOWN,0.2767,0,55.954
3554,86.7675,207,4.9922,1.0,drink_return,UNKNOWN,UNKNOWN,0.2767,0,57.657
3555,86.7812,207,4.9916,1.0,drink_return,UNKNOWN,UNKNOWN,0.2767,0,56.065
3556,86.805,207,4.9877,1.0,drink_return,UNKNOWN,UNKNOWN,0.2767,0,55.936
3557,86.8232,207,4.9889,1.0,drink_return,UNKNOWN,UNKNOWN,0.2767,0,56.427
3558,86.8397,207,4.9928,1.0,drink_return,UNKNOWN,UNKNOWN,0.2767,0,57.261
3559,86.8546,207,4.9952,1.0,drink_return,UNKNOWN,UNKNOWN,0.2767,0,58.882
3560,86.8681,207,4.9952,1.0,drink_return,UNKNOWN,UNKNOWN,0.2767,0,61.046
3561,86.8814,207,4.9945,1.0,drink_return,UNKNOWN,UNKNOWN,0.2767,0,62.298
3562,86.8948,207,4.9942,1.0,drink_return,UNKNOWN,UNKNOWN,0.2767,0,63.463
3563,86.9079,207,4.9942,1.0,drink_return,UNKNOWN,UNKNOWN,0.2767,0,64.123
3564,86.9221,207,4.9958,1.0,drink_return,UNKNOWN,UNKNOWN,0.2767,1,63.613
3565,86.9763,207,4.9887,1.0,drink_return,UNKNOWN,UNKNOWN,0.2767,0,59.198
3566,86.9908,207,4.9901,1.0,drink_return,UNKNOWN,UNKNOWN,0.2767,0,60.926
3567,87.0038,207,4.9918,1.0,drink_return,UNKNOWN,UNKNOWN,0.2767,0,61.406
3568,87.0191,207,4.9909,1.0,drink_return,UNKNOWN,UNKNOWN,0.2767,0,63.01
3569,87.032,207,4.9836,1.0,drink_return,UNKNOWN,UNKNOWN,0.2767,0,64.11
3570,87.0456,207,4.9972,1.0,drink_return,UNKNOWN,UNKNOWN,0.2767,0,62.18
3571,87.068,207,4.9943,1.0,drink_return,UNKNOWN,UNKNOWN,0.2767,0,62.493
3572,87.0831,207,4.9963,1.0,drink_return,UNKNOWN,UNKNOWN,0.2767,0,61.483
3573,87.1022,207,4.9896,1.0,drink_return,UNKNOWN,UNKNOWN,0.2767,0,61.059
3574,87.1196,207,4.9865,1.0,drink_return,UNKNOWN,UNKNOWN,0.2767,0,59.816
3575,87.1404,207,4.9946,1.0,drink_return,UNKNOWN,UNKNOWN,0.2767,0,57.904
3576,87.1651,207,4.9917,1.0,drink_return,UNKNOWN,UNKNOWN,0.2767,0,59.303
3577,87.179,207,4.9851,1.0,drink_return,UNKNOWN,UNKNOWN,0.2867,1,58.494
3578,87.2389,207,4.9887,1.0,drink_return,UNKNOWN,UNKNOWN,0.2867,0,54.285
3579,87.2595,207,4.9964,1.0,drink_return,UNKNOWN,UNKNOWN,0.2867,0,55.861
3580,87.2735,207,4.9978,1.0,drink_return,UNKNOWN,UNKNOWN,0.2867,0,57.478
3581,87.2873,207,4.9975,1.0,drink_return,UNKNOWN,UNKNOWN,0.2867,0,58.845
3582,87.3014,207,4.9978,1.0,drink_return,UNKNOWN,UNKNOWN,0.2867,0,59.548
3583,87.317,207,4.9886,1.0,drink_return,UNKNOWN,UNKNOWN,0.2867,0,60.615
3584,87.3309,207,4.9897,1.0,drink_return,UNKNOWN,UNKNOWN,0.2867,0,62.439
3585,87.3435,207,4.9906,1.0,drink_return,UNKNOWN,UNKNOWN,0.2867,0,63.343
3586,87.3573,207,4.9907,1.0,drink_return,UNKNOWN,UNKNOWN,0.2867,0,61.879
3587,87.3785,207,4.992,1.0,drink_return,UNKNOWN,UNKNOWN,0.2867,0,62.069
3588,87.3936,207,4.9935,1.0,drink_return,UNKNOWN,UNKNOWN,0.2867,0,63.802
3589,87.4059,207,4.9873,1.0,drink_return,UNKNOWN,UNKNOWN,0.2867,0,64.848
3590,87.4196,207,4.9873,1.0,drink_return,UNKNOWN,UNKNOWN,0.2867,0,64.316
3591,87.4363,207,4.9921,1.0,drink_return,UNKNOWN,UNKNOWN,0.27,1,64.665
3592,87.4884,207,4.9883,1.0,drink_return,UNKNOWN,UNKNOWN,0.27,0,60.162
3593,87.502,207,4.9808,1.0,drink_return,UNKNOWN,UNKNOWN,0.27,0,61.052
3594,87.5172,207,4.9961,1.0,drink_return,UNKNOWN,UNKNOWN,0.27,0,62.39
3595,87.5301,207,4.9963,1.0,drink_return,UNKNOWN,UNKNOWN,0.27,0,63.775
3596,87.5435,207,4.998,1.0,drink_return,UNKNOWN,UNKNOWN,0.27,0,64.78
3597,87.5569,207,4.9905,1.0,drink_return,UNKNOWN,UNKNOWN,0.27,0,64.775
3598,87.5724,207,4.9891,1.0,drink_return,UNKNOWN,UNKNOWN,0.27,0,65.323
3599,87.5866,207,4.9895,1.0,drink_return,UNKNOWN,UNKNOWN,0.27,0,65.366
3600,87.6018,207,4.9917,1.0,drink_return,UNKNOWN,UNKNOWN,0.27,0,66.133
3601,87.6156,207,4.9932,1.0,drink_return,UNKNOWN,UNKNOWN,0.27,0,64.819
3602,87.6344,207,4.9984,1.0,drink_return,UNKNOWN,UNKNOWN,0.27,0,64.579
3603,87.6503,207,4.9992,1.0,drink_return,UNKNOWN,UNKNOWN,0.27,0,64.792
3604,87.6653,207,4.9987,1.0,drink_return,UNKNOWN,UNKNOWN,0.27,0,65.684
3605,87.6788,207,4.982,1.0,drink_return,UNKNOWN,UNKNOWN,0.27,0,64.912
3606,87.6963,207,4.9995,1.0,drink_return,UNKNOWN,UNKNOWN,0.2533,1,65.01
3607,87.7484,207,4.9977,1.0,drink_return,UNKNOWN,UNKNOWN,0.2533,0,60.214
3608,87.7698,207,4.9934,1.0,drink_return,UNKNOWN,UNKNOWN,0.2533,0,59.096
3609,87.7907,207,4.9968,1.0,drink_return,UNKNOWN,UNKNOWN,0.2533,0,60.527
3610,87.8041,207,4.998,1.0,drink_return,UNKNOWN,UNKNOWN,0.2533,0,61.674
3611,87.8178,207,4.9937,1.0,drink_return,UNKNOWN,UNKNOWN,0.2533,0,61.861
3612,87.8333,207,4.9898,1.0,drink_return,UNKNOWN,UNKNOWN,0.2533,0,62.83
3613,87.8473,207,4.9916,1.0,drink_return,UNKNOWN,UNKNOWN,0.2533,0,64.354
3614,87.8613,207,4.9857,1.0,drink_return,UNKNOWN,UNKNOWN,0.2533,0,65.073
3615,87.874,207,4.9983,1.0,drink_return,UNKNOWN,UNKNOWN,0.2533,0,66.289
3616,87.887,207,4.991,1.0,drink_return,UNKNOWN,UNKNOWN,0.2533,0,66.97
3617,87.9008,207,4.9927,1.0,drink_return,UNKNOWN,UNKNOWN,0.2533,0,66.924
3618,87.9157,207,4.9942,1.0,drink_return,UNKNOWN,UNKNOWN,0.2533,0,67.762
3619,87.9292,207,4.9872,1.0,drink_return,UNKNOWN,UNKNOWN,0.2533,0,68.916
3620,87.9418,207,4.9998,1.0,drink_return,UNKNOWN,UNKNOWN,0.2533,0,69.138
3621,87.9561,207,4.9955,1.0,drink_return,UNKNOWN,UNKNOWN,0.2467,1,69.97
3622,88.0076,207,4.9885,1.0,drink_return,UNKNOWN,UNKNOWN,0.2467,0,64.865
3623,88.0216,207,4.9834,1.0,drink_return,UNKNOWN,UNKNOWN,0.2467,0,65.583
3624,88.0357,207,4.9975,1.0,drink_return,UNKNOWN,UNKNOWN,0.2467,0,65.295
3625,88.0513,207,4.9957,1.0,drink_return,UNKNOWN,UNKNOWN,0.2467,0,66.506
3626,88.0645,207,4.9953,1.0,drink_return,UNKNOWN,UNKNOWN,0.2467,0,65.657
3627,88.0813,207,4.9915,1.0,drink_return,UNKNOWN,UNKNOWN,0.2467,0,66.61
3628,88.0951,207,4.9918,1.0,drink_return,UNKNOWN,UNKNOWN,0.2467,0,65.942
3629,88.1115,207,4.9956,1.0,drink_return,UNKNOWN,UNKNOWN,0.2467,0,66.297
3630,88.1261,207,4.9898,1.0,drink_return,UNKNOWN,UNKNOWN,0.2467,0,67.255
3631,88.1392,207,4.9828,1.0,drink_return,UNKNOWN,UNKNOWN,0.2467,0,67.64
3632,88.1532,207,4.9968,1.0,drink_return,UNKNOWN,UNKNOWN,0.2467,0,65.303
3633,88.1762,207,4.9992,1.0,drink_return,UNKNOWN,UNKNOWN,0.2467,0,65.587
3634,88.1906,207,4.9953,1.0,drink_return,UNKNOWN,UNKNOWN,0.2467,0,66.292
3635,88.2043,207,4.9974,1.0,drink_return,UNKNOWN,UNKNOWN,0.2467,0,67.202
3636,88.2176,207,4.9981,1.0,drink_return,UNKNOWN,UNKNOWN,0.25,1,67.275
3637,88.2691,207,4.9903,1.0,drink_return,UNKNOWN,UNKNOWN,0.25,0,62.499
3638,88.2837,207,4.992,1.0,drink_return,UNKNOWN,UNKNOWN,0.25,0,63.574
3639,88.2972,207,4.9938,1.0,drink_return,UNKNOWN,UNKNOWN,0.25,0,62.979
3640,88.315,207,4.9913,1.0,drink_return,UNKNOWN,UNKNOWN,0.25,0,63.75
3641,88.3287,207,4.9916,1.0,drink_return,UNKNOWN,UNKNOWN,0.25,0,65.253
3642,88.3418,207,4.9852,1.0,drink_return,UNKNOWN,UNKNOWN,0.25,0,63.366
3643,88.3631,207,4.9887,1.0,drink_return,UNKNOWN,UNKNOWN,0.25,0,64.353
3644,88.3768,207,4.9897,1.0,drink_return,UNKNOWN,UNKNOWN,0.25,0,65.657
3645,88.3892,207,4.982,1.0,drink_return,UNKNOWN,UNKNOWN,0.25,0,66.83
3646,88.4021,207,4.9949,1.0,drink_return,UNKNOWN,UNKNOWN,0.25,0,67.7
3647,88.4159,207,4.9952,1.0,drink_return,UNKNOWN,UNKNOWN,0.25,0,65.356
3648,88.4387,207,4.9906,1.0,drink_return,UNKNOWN,UNKNOWN,0.25,0,65.695
3649,88.4527,207,4.9846,1.0,drink_return,UNKNOWN,UNKNOWN,0.25,0,63.768
3650,88.4746,207,4.9932,1.0,leg_raise_lower,UNKNOWN,UNKNOWN,0.25,1,63.763
3651,88.5286,207,4.9966,1.0,leg_raise_lower,UNKNOWN,UNKNOWN,0.25,0,59.25
3652,88.5435,207,4.9915,1.0,leg_raise_lower,UNKNOWN,UNKNOWN,0.25,0,61.183
3653,88.5567,207,4.9923,1.0,leg_raise_lower,UNKNOWN,UNKNOWN,0.25,0,61.143
3654,88.5732,207,4.9953,1.0,leg_raise_lower,UNKNOWN,UNKNOWN,0.25,0,59.618
3655,88.5946,207,4.9962,1.0,leg_raise_lower,UNKNOWN,UNKNOWN,0.25,0,59.758
3656,88.6108,207,4.9935,1.0,leg_raise_lower,UNKNOWN,UNKNOWN,0.25,0,61.278
3657,88.6248,207,4.9889,1.0,leg_raise_lower,UNKNOWN,UNKNOWN,0.25,0,62.783
3658,88.6376,207,4.9808,1.0,leg_raise_lower,UNKNOWN,UNKNOWN,0.25,0,64.174
3659,88.6503,207,4.9936,1.0,leg_raise_lower,UNKNOWN,UNKNOWN,0.25,0,62.819
3660,88.6702,207,4.9882,1.0,leg_raise_lower,UNKNOWN,UNKNOWN,0.25,0,64.079
3661,88.6833,207,4.9882,1.0,leg_raise_lower,UNKNOWN,UNKNOWN,0.25,0,64.862
3662,88.7003,207,4.9875,1.0,leg_raise_lower,UNKNOWN,UNKNOWN,0.25,0,62.849
3663,88.7196,207,4.9951,1.0,leg_raise_lower,UNKNOWN,UNKNOWN,0.25,0,63.995
3664,88.7331,207,4.9964,1.0,leg_raise_lower,UNKNOWN,UNKNOWN,0.2633,1,64.152
3665,88.7844,207,4.9935,1.0,leg_raise_lower,UNKNOWN,UNKNOWN,0.2633,0,59.718
3666,88.7989,207,4.9957,1.0,leg_raise_lower,UNKNOWN,UNKNOWN,0.2633,0,58.665
3667,88.8195,207,4.9881,1.0,leg_raise_lower,UNKNOWN,UNKNOWN,0.2633,0,59.7
3668,88.8336,207,4.9859,1.0,leg_raise_lower,UNKNOWN,UNKNOWN,0.2633,0,60.182
3669,88.8491,207,4.9866,1.0,leg_raise_lower,UNKNOWN,UNKNOWN,0.2633,0,61.433
3670,88.8629,207,4.9882,1.0,leg_raise_lower,UNKNOWN,UNKNOWN,0.2633,0,62.566
3671,88.8765,207,4.9792,1.0,leg_raise_lower,UNKNOWN,UNKNOWN,0.2633,0,63.901
3672,88.8899,207,4.9926,1.0,leg_raise_lower,UNKNOWN,UNKNOWN,0.2633,0,65.07
3673,88.903,207,4.9916,1.0,leg_raise_lower,UNKNOWN,UNKNOWN,0.2633,0,66.359
3674,88.9158,207,4.9912,1.0,leg_raise_lower,UNKNOWN,UNKNOWN,0.2633,0,67.003
3675,88.9295,207,4.9927,1.0,leg_raise_lower,UNKNOWN,UNKNOWN,0.2633,0,66.949
3676,88.9446,207,4.9946,1.0,leg_raise_lower,UNKNOWN,UNKNOWN,0.2633,0,67.737
3677,88.958,207,4.9939,1.0,leg_raise_lower,UNKNOWN,UNKNOWN,0.2633,0,68.968
3678,88.9705,207,4.9927,1.0,leg_raise_lower,UNKNOWN,UNKNOWN,0.2633,0,69.41
3679,88.984,207,4.994,1.0,drink_return,UNKNOWN,UNKNOWN,0.2467,1,69.487
3680,89.0363,207,4.9875,1.0,drink_return,UNKNOWN,UNKNOWN,0.2467,0,64.482
3681,89.0498,207,4.9861,1.0,drink_return,UNKNOWN,UNKNOWN,0.2467,0,65.955
3682,89.0624,207,4.9987,1.0,drink_return,UNKNOWN,UNKNOWN,0.2467,0,67.302
3683,89.0752,207,4.9976,1.0,drink_return,UNKNOWN,UNKNOWN,0.2467,0,68.207
3684,89.0887,207,4.9983,1.0,drink_return,UNKNOWN,UNKNOWN,0.2467,0,68.535
3685,89.1021,207,4.9996,1.0,drink_return,UNKNOWN,UNKNOWN,0.2467,0,68.949
3686,89.1159,207,4.9824,1.0,drink_return,UNKNOWN,UNKNOWN,0.2467,0,68.829
3687,89.1309,207,4.9973,1.0,drink_return,UNKNOWN,UNKNOWN,0.2467,0,69.708
3688,89.1437,207,4.9966,1.0,drink_return,UNKNOWN,UNKNOWN,0.2467,0,70.215
3689,89.1569,207,4.9957,1.0,drink_return,UNKNOWN,UNKNOWN,0.2467,0,70.676
3690,89.1705,207,4.9971,1.0,drink_return,UNKNOWN,UNKNOWN,0.2467,0,69.801
3691,89.1865,207,4.9868,1.0,drink_return,UNKNOWN,UNKNOWN,0.2467,0,69.297
3692,89.2019,207,4.9899,1.0,drink_return,UNKNOWN,UNKNOWN,0.2467,0,69.896
3693,89.2148,207,4.9908,1.0,drink_return,UNKNOWN,UNKNOWN,0.2467,0,70.631
3694,89.2281,207,4.9925,1.0,drink_return,UNKNOWN,UNKNOWN,0.2467,0,70.763
3695,89.2421,207,4.9933,1.0,drink_return,UNKNOWN,UNKNOWN,0.2633,1,71.33
3696,89.2936,207,4.992,1.0,drink_return,UNKNOWN,UNKNOWN,0.2633,0,66.08
3697,89.3082,207,4.9926,1.0,drink_return,UNKNOWN,UNKNOWN,0.2633,0,67.52
3698,89.3208,207,4.9909,1.0,drink_return,UNKNOWN,UNKNOWN,0.2633,0,67.947
3699,89.3345,207,4.9916,1.0,drink_return,UNKNOWN,UNKNOWN,0.2633,0,65.897
3700,89.3557,207,4.9886,1.0,drink_return,UNKNOWN,UNKNOWN,0.2633,0,67.033
3701,89.3686,207,4.9892,1.0,drink_return,UNKNOWN,UNKNOWN,0.2633,0,67.839
3702,89.3818,207,4.9821,1.0,drink_return,UNKNOWN,UNKNOWN,0.2633,0,68.892
3703,89.3944,207,4.9946,1.0,drink_return,UNKNOWN,UNKNOWN,0.2633,0,69.191
3704,89.4085,207,4.9951,1.0,drink_return,UNKNOWN,UNKNOWN,0.2633,0,69.537
3705,89.4222,207,4.9906,1.0,drink_return,UNKNOWN,UNKNOWN,0.2633,0,70.078
3706,89.4361,207,4.99,1.0,drink_return,UNKNOWN,UNKNOWN,0.2633,0,70.738
3707,89.4486,207,4.986,1.0,drink_return,UNKNOWN,UNKNOWN,0.2633,0,70.032
3708,89.4644,207,4.9797,1.0,drink_return,UNKNOWN,UNKNOWN,0.2633,0,70.269
3709,89.4783,207,4.9936,1.0,drink_return,UNKNOWN,UNKNOWN,0.2633,0,69.743
3710,89.4935,207,4.9955,1.0,drink_return,UNKNOWN,UNKNOWN,0.2467,1,69.471
3711,89.5551,207,4.9892,1.0,drink_return,UNKNOWN,UNKNOWN,0.2467,0,63.989
3712,89.5772,207,4.9979,1.0,drink_return,UNKNOWN,UNKNOWN,0.2467,0,64.542
3713,89.5914,207,4.9983,1.0,drink_return,UNKNOWN,UNKNOWN,0.2467,0,62.714
3714,89.6132,207,4.998,1.0,drink_return,UNKNOWN,UNKNOWN,0.2467,0,63.656
3715,89.6266,207,4.9978,1.0,drink_return,UNKNOWN,UNKNOWN,0.2467,0,64.023
3716,89.6415,207,4.999,1.0,drink_return,UNKNOWN,UNKNOWN,0.2467,0,64.7
3717,89.6557,207,4.9925,1.0,drink_return,UNKNOWN,UNKNOWN,0.2467,0,65.383
3718,89.6703,207,4.9867,1.0,drink_return,UNKNOWN,UNKNOWN,0.2467,0,65.538
3719,89.6845,207,4.9833,1.0,drink_return,UNKNOWN,UNKNOWN,0.2467,0,65.887
3720,89.6991,207,4.998,1.0,drink_return,UNKNOWN,UNKNOWN,0.2467,0,64.323
3721,89.7195,207,4.9919,1.0,drink_return,UNKNOWN,UNKNOWN,0.2467,0,64.736
3722,89.7338,207,4.9928,1.0,drink_return,UNKNOWN,UNKNOWN,0.2467,0,65.285
3723,89.7479,207,4.9853,1.0,drink_return,UNKNOWN,UNKNOWN,0.2267,1,65.202
3724,89.8,207,4.9895,1.0,drink_return,UNKNOWN,UNKNOWN,0.2267,0,60.676
3725,89.8132,207,4.9878,1.0,drink_return,UNKNOWN,UNKNOWN,0.2267,0,61.803
3726,89.8274,207,4.9897,1.0,drink_return,UNKNOWN,UNKNOWN,0.2267,0,62.153
3727,89.8426,207,4.9921,1.0,drink_return,UNKNOWN,UNKNOWN,0.2267,0,63.765
3728,89.8556,207,4.9907,1.0,drink_return,UNKNOWN,UNKNOWN,0.2267,0,63.378
3729,89.8722,207,4.993,1.0,drink_return,UNKNOWN,UNKNOWN,0.2267,0,61.814
3730,89.8933,207,4.999,1.0,drink_return,UNKNOWN,UNKNOWN,0.2267,0,63.109
3731,89.9064,207,4.9958,1.0,drink_return,UNKNOWN,UNKNOWN,0.2267,0,64.009
3732,89.9204,207,4.9938,1.0,drink_return,UNKNOWN,UNKNOWN,0.2267,0,64.669
3733,89.9346,207,4.993,1.0,drink_return,UNKNOWN,UNKNOWN,0.2267,0,65.724
3734,89.9478,207,4.9844,1.0,drink_return,UNKNOWN,UNKNOWN,0.2267,0,65.71
3735,89.9631,207,4.9996,1.0,drink_return,UNKNOWN,UNKNOWN,0.2267,0,66.274
3736,89.977,207,4.9982,1.0,drink_return,UNKNOWN,UNKNOWN,0.2267,0,65.49
3737,89.9941,207,4.9846,1.0,drink_return,UNKNOWN,UNKNOWN,0.2267,0,66.119
3738,90.0081,207,4.9986,1.0,drink_return,UNKNOWN,UNKNOWN,0.25,1,64.051
3739,90.0667,207,4.9901,1.0,drink_return,UNKNOWN,UNKNOWN,0.25,0,59.534
3740,90.0832,207,4.9925,1.0,drink_return,UNKNOWN,UNKNOWN,0.25,0,60.924
3741,90.0968,207,4.9928,1.0,drink_return,UNKNOWN,UNKNOWN,0.25,0,62.446
3742,90.1099,207,4.9937,1.0,drink_return,UNKNOWN,UNKNOWN,0.25,0,63.67
3743,90.1231,207,4.9918,1.0,drink_return,UNKNOWN,UNKNOWN,0.25,0,64.987
3744,90.1362,207,4.9919,1.0,drink_return,UNKNOWN,UNKNOWN,0.25,0,66.049
3745,90.1497,207,4.99,1.0,drink_return,UNKNOWN,UNKNOWN,0.25,0,66.246
3746,90.1641,207,4.9874,1.0,drink_return,UNKNOWN,UNKNOWN,0.25,0,66.917
3747,90.1779,207,4.9841,1.0,drink_return,UNKNOWN,UNKNOWN,0.25,0,64.985
3748,90.199,207,4.9837,1.0,drink_return,UNKNOWN,UNKNOWN,0.25,0,65.455
3749,90.2131,207,4.9977,1.0,drink_return,UNKNOWN,UNKNOWN,0.25,0,64.881
3750,90.2297,207,4.986,1.0,drink_return,UNKNOWN,UNKNOWN,0.25,0,65.817
3751,90.2436,207,5.0,1.0,drink_return,UNKNOWN,UNKNOWN,0.25,0,66.548
3752,90.2572,207,4.9921,1.0,drink_return,UNKNOWN,UNKNOWN,0.25,0,67.116
3753,90.2707,207,4.9839,1.0,drink_return,UNKNOWN,UNKNOWN,0.2467,1,68.106
3754,90.3241,207,4.9963,1.0,drink_return,UNKNOWN,UNKNOWN,0.2467,0,63.051
3755,90.3409,207,4.9998,1.0,drink_return,UNKNOWN,UNKNOWN,0.2467,0,63.794
3756,90.355,207,4.9985,1.0,drink_return,UNKNOWN,UNKNOWN,0.2467,0,64.677
3757,90.3693,207,4.9999,1.0,drink_return,UNKNOWN,UNKNOWN,0.2467,0,64.315
3758,90.3853,207,4.9467,1.0,drink_return,UNKNOWN,UNKNOWN,0.2467,0,65.732
3759,90.3978,207,4.9592,1.0,drink_return,UNKNOWN,UNKNOWN,0.2467,0,67.037
3760,90.4106,207,4.972,1.0,drink_return,UNKNOWN,UNKNOWN,0.2467,0,67.706
3761,90.4242,207,4.9856,1.0,drink_return,UNKNOWN,UNKNOWN,0.2467,0,67.187
3762,90.4401,207,4.9798,1.0,drink_return,UNKNOWN,UNKNOWN,0.2467,0,67.291
3763,90.4548,207,4.9945,1.0,drink_return,UNKNOWN,UNKNOWN,0.2467,0,67.593
3764,90.4689,207,4.9876,1.0,drink_return,UNKNOWN,UNKNOWN,0.2467,0,68.934
3765,90.4815,207,4.9785,1.0,drink_return,UNKNOWN,UNKNOWN,0.2467,0,69.58
3766,90.4948,207,4.9917,1.0,drink_return,UNKNOWN,UNKNOWN,0.2467,0,68.29
3767,90.5126,207,4.993,1.0,drink_return,UNKNOWN,UNKNOWN,0.2467,0,69.099
3768,90.5256,207,4.9864,1.0,drink_return,UNKNOWN,UNKNOWN,0.2667,1,68.847
3769,90.5792,207,4.9976,1.0,drink_return,UNKNOWN,UNKNOWN,0.2667,0,63.831
3770,90.5941,207,4.9991,1.0,drink_return,UNKNOWN,UNKNOWN,0.2667,0,64.241
3771,90.6086,207,4.9982,1.0,drink_return,UNKNOWN,UNKNOWN,0.2667,0,62.253
3772,90.632,207,4.9452,1.0,drink_return,UNKNOWN,UNKNOWN,0.2667,0,63.256
3773,90.6455,207,4.9587,1.0,drink_return,UNKNOWN,UNKNOWN,0.2667,0,63.536
3774,90.6601,207,4.9733,1.0,drink_return,UNKNOWN,UNKNOWN,0.2667,0,64.311
3775,90.6742,207,4.9874,1.0,drink_return,UNKNOWN,UNKNOWN,0.2667,0,65.765
3776,90.6867,207,4.9999,1.0,drink_return,UNKNOWN,UNKNOWN,0.2667,0,65.483
3777,90.7033,207,4.9892,1.0,drink_return,UNKNOWN,UNKNOWN,0.2667,0,64.894
3778,90.7201,207,4.9922,1.0,drink_return,UNKNOWN,UNKNOWN,0.2667,0,65.583
3779,90.7335,207,4.9916,1.0,drink_return,UNKNOWN,UNKNOWN,0.2667,0,63.666
3780,90.755,207,4.9914,1.0,drink_return,UNKNOWN,UNKNOWN,0.2667,0,64.432
3781,90.7692,207,4.9826,1.0,drink_return,UNKNOWN,UNKNOWN,0.2667,0,62.595
3782,90.7911,207,4.9911,1.0,drink_return,UNKNOWN,UNKNOWN,0.2833,1,63.485
3783,90.8451,207,4.9975,1.0,drink_return,UNKNOWN,UNKNOWN,0.2833,0,58.949
3784,90.8601,207,4.9989,1.0,drink_return,UNKNOWN,UNKNOWN,0.2833,0,60.031
3785,90.8741,207,4.9866,1.0,drink_return,UNKNOWN,UNKNOWN,0.2833,0,61.763
3786,90.8871,207,4.9995,1.0,drink_return,UNKNOWN,UNKNOWN,0.2833,0,63.069
3787,90.9005,207,4.952,1.0,drink_return,UNKNOWN,UNKNOWN,0.2833,0,64.59
3788,90.9137,207,4.9651,1.0,drink_return,UNKNOWN,UNKNOWN,0.2833,0,65.425
3789,90.9271,207,4.9785,1.0,drink_return,UNKNOWN,UNKNOWN,0.2833,0,65.927
3790,90.9414,207,4.9928,1.0,drink_return,UNKNOWN,UNKNOWN,0.2833,0,67.012
3791,90.9543,207,4.9861,1.0,drink_return,UNKNOWN,UNKNOWN,0.2833,0,67.292
3792,90.9688,207,4.9859,1.0,drink_return,UNKNOWN,UNKNOWN,0.2833,0,66.377
3793,90.9856,207,4.9885,1.0,drink_return,UNKNOWN,UNKNOWN,0.2833,0,67.447
3794,90.9986,207,4.988,1.0,drink_return,UNKNOWN,UNKNOWN,0.2833,0,68.663
3795,91.0115,207,4.987,1.0,drink_return,UNKNOWN,UNKNOWN,0.2833,0,68.855
3796,91.0252,207,4.9785,1.0,drink_return,UNKNOWN,UNKNOWN,0.2833,0,68.466
3797,91.0408,207,4.9942,1.0,drink_return,UNKNOWN,UNKNOWN,0.2833,0,65.99
3798,91.0642,207,4.9878,1.0,drink_return,UNKNOWN,UNKNOWN,0.28,1,63.85
3799,91.1273,207,4.9907,1.0,drink_return,UNKNOWN,UNKNOWN,0.28,0,59.284
3800,91.1412,207,4.99,1.0,drink_return,UNKNOWN,UNKNOWN,0.28,0,57.771
3801,91.1644,207,4.9576,1.0,drink_return,UNKNOWN,UNKNOWN,0.28,0,59.3
3802,91.1774,207,4.9707,1.0,drink_return,UNKNOWN,UNKNOWN,0.28,0,60.594
3803,91.1915,207,4.9847,1.0,drink_return,UNKNOWN,UNKNOWN,0.28,0,61.804
3804,91.205,207,4.9982,1.0,drink_return,UNKNOWN,UNKNOWN,0.28,0,63.29
3805,91.2183,207,4.9958,1.0,drink_return,UNKNOWN,UNKNOWN,0.28,0,64.378
3806,91.2316,207,4.9937,1.0,drink_return,UNKNOWN,UNKNOWN,0.28,0,65.816
3807,91.2444,207,4.9874,1.0,drink_return,UNKNOWN,UNKNOWN,0.28,0,65.914
3808,91.2595,207,4.9863,1.0,drink_return,UNKNOWN,UNKNOWN,0.28,0,64.863
3809,91.2774,207,4.9871,1.0,drink_return,UNKNOWN,UNKNOWN,0.28,0,65.341
3810,91.2919,207,4.9857,1.0,drink_return,UNKNOWN,UNKNOWN,0.28,0,66.571
3811,91.3045,207,4.9983,1.0,drink_return,UNKNOWN,UNKNOWN,0.28,0,67.091
3812,91.3185,207,4.9954,1.0,drink_return,UNKNOWN,UNKNOWN,0.28,1,66.267
3813,91.3727,207,4.9988,1.0,drink_return,UNKNOWN,UNKNOWN,0.28,0,61.364
3814,91.3936,207,4.9893,1.0,drink_return,UNKNOWN,UNKNOWN,0.28,0,62.556
3815,91.4071,207,4.9488,1.0,drink_return,UNKNOWN,UNKNOWN,0.28,0,63.809
3816,91.4208,207,4.9625,1.0,drink_return,UNKNOWN,UNKNOWN,0.28,0,63.43
3817,91.4371,207,4.9788,1.0,drink_return,UNKNOWN,UNKNOWN,0.28,0,63.706
3818,91.4522,207,4.9939,1.0,drink_return,UNKNOWN,UNKNOWN,0.28,0,63.667
3819,91.4681,207,4.9876,1.0,drink_return,UNKNOWN,UNKNOWN,0.28,0,64.668
3820,91.4817,207,4.9883,1.0,drink_return,UNKNOWN,UNKNOWN,0.28,0,62.774
3821,91.5063,207,4.998,1.0,drink_return,UNKNOWN,UNKNOWN,0.28,0,61.29
3822,91.5249,207,4.9961,1.0,drink_return,UNKNOWN,UNKNOWN,0.28,0,62.468
3823,91.538,207,4.9952,1.0,drink_return,UNKNOWN,UNKNOWN,0.28,0,62.768
3824,91.5534,207,4.9961,1.0,drink_return,UNKNOWN,UNKNOWN,0.28,0,63.416
3825,91.5677,207,4.996,1.0,drink_return,UNKNOWN,UNKNOWN,0.28,0,63.558
3826,91.5829,207,4.9958,1.0,drink_return,UNKNOWN,UNKNOWN,0.2867,1,64.186
3827,91.6357,207,4.9814,1.0,drink_return,UNKNOWN,UNKNOWN,0.2867,0,59.657
3828,91.6504,207,4.9962,1.0,drink_return,UNKNOWN,UNKNOWN,0.2867,0,60.649
3829,91.6647,207,4.9936,1.0,drink_return,UNKNOWN,UNKNOWN,0.2867,0,62.712
3830,91.6774,207,4.9535,1.0,drink_return,UNKNOWN,UNKNOWN,0.2867,0,63.677
3831,91.6912,207,4.9673,1.0,drink_return,UNKNOWN,UNKNOWN,0.2867,0,64.45
3832,91.705,207,4.9811,1.0,drink_return,UNKNOWN,UNKNOWN,0.2867,0,65.189
3833,91.7189,207,4.995,1.0,drink_return,UNKNOWN,UNKNOWN,0.2867,0,65.147
3834,91.7343,207,4.9894,1.0,drink_return,UNKNOWN,UNKNOWN,0.2867,0,65.167
3835,91.7499,207,4.9824,1.0,drink_return,UNKNOWN,UNKNOWN,0.2867,0,63.926
3836,91.7686,207,4.9874,1.0,drink_return,UNKNOWN,UNKNOWN,0.2867,0,64.475
3837,91.783,207,4.9779,1.0,drink_return,UNKNOWN,UNKNOWN,0.2867,0,65.053
3838,91.7972,207,4.9922,1.0,drink_return,UNKNOWN,UNKNOWN,0.2867,0,64.667
3839,91.8135,207,4.9903,1.0,drink_return,UNKNOWN,UNKNOWN,0.2867,0,66.093
3840,91.8263,207,4.9867,1.0,drink_return,UNKNOWN,UNKNOWN,0.2867,0,67.519
3841,91.8387,207,4.9991,1.0,drink_return,UNKNOWN,UNKNOWN,0.31,1,67.791
3842,91.8964,207,4.9885,1.0,drink_return,UNKNOWN,UNKNOWN,0.31,0,62.693
3843,91.9124,207,4.9903,1.0,drink_return,UNKNOWN,UNKNOWN,0.31,0,64.144
3844,91.9262,207,4.9499,1.0,drink_return,UNKNOWN,UNKNOWN,0.31,0,64.838
3845,91.9398,207,4.9635,1.0,drink_return,UNKNOWN,UNKNOWN,0.31,0,65.533
3846,91.9534,207,4.9771,1.0,drink_return,UNKNOWN,UNKNOWN,0.31,0,65.33
3847,91.9691,207,4.9928,1.0,drink_return,UNKNOWN,UNKNOWN,0.31,0,65.802
3848,91.9834,207,4.9926,1.0,drink_return,UNKNOWN,UNKNOWN,0.31,0,65.814
3849,91.9992,207,4.9954,1.0,drink_return,UNKNOWN,UNKNOWN,0.31,0,65.558
3850,92.0144,207,4.9953,1.0,drink_return,UNKNOWN,UNKNOWN,0.31,0,65.88
3851,92.029,207,4.997,1.0,drink_return,UNKNOWN,UNKNOWN,0.31,0,67.226
3852,92.042,207,4.9964,1.0,drink_return,UNKNOWN,UNKNOWN,0.31,0,67.913
3853,92.0551,207,4.987,1.0,drink_return,UNKNOWN,UNKNOWN,0.31,0,64.864
3854,92.0819,207,4.9989,1.0,drink_return,UNKNOWN,UNKNOWN,0.31,0,65.204
3855,92.0966,207,4.9943,1.0,drink_return,UNKNOWN,UNKNOWN,0.3067,1,66.403
3856,92.1472,207,4.982,1.0,drink_return,UNKNOWN,UNKNOWN,0.3067,0,61.661
3857,92.1622,207,4.9971,1.0,drink_return,UNKNOWN,UNKNOWN,0.3067,0,63.331
3858,92.1751,207,4.9962,1.0,drink_return,UNKNOWN,UNKNOWN,0.3067,0,63.428
3859,92.1905,207,4.9516,1.0,drink_return,UNKNOWN,UNKNOWN,0.3067,0,64.851
3860,92.2032,207,4.9643,1.0,drink_return,UNKNOWN,UNKNOWN,0.3067,0,62.918
3861,92.2267,207,4.9878,1.0,drink_return,UNKNOWN,UNKNOWN,0.3067,0,63.46
3862,92.2395,207,4.98,1.0,drink_return,UNKNOWN,UNKNOWN,0.3067,0,64.992
3863,92.2525,207,4.993,1.0,drink_return,UNKNOWN,UNKNOWN,0.3067,0,65.207
3864,92.2677,207,4.9942,1.0,drink_return,UNKNOWN,UNKNOWN,0.3067,0,63.135
3865,92.2899,207,4.9886,1.0,drink_return,UNKNOWN,UNKNOWN,0.3067,0,64.573
3866,92.3027,207,4.9857,1.0,drink_return,UNKNOWN,UNKNOWN,0.3067,0,65.309
3867,92.3168,207,4.9998,1.0,drink_return,UNKNOWN,UNKNOWN,0.3067,0,65.519
3868,92.3315,207,4.988,1.0,drink_return,UNKNOWN,UNKNOWN,0.3067,0,65.654
3869,92.3464,207,4.9891,1.0,drink_return,UNKNOWN,UNKNOWN,0.3067,0,66.041
3870,92.3609,207,4.9824,1.0,drink_return,UNKNOWN,UNKNOWN,0.2667,1,67.164
3871,92.4111,207,4.9915,1.0,drink_return,UNKNOWN,UNKNOWN,0.2667,0,62.24
3872,92.4297,207,4.9934,1.0,drink_return,UNKNOWN,UNKNOWN,0.2667,0,63.027
3873,92.444,207,4.9556,1.0,drink_return,UNKNOWN,UNKNOWN,0.2667,0,63.824
3874,92.458,207,4.9695,1.0,drink_return,UNKNOWN,UNKNOWN,0.2667,0,65.284
3875,92.4708,207,4.9824,1.0,drink_return,UNKNOWN,UNKNOWN,0.2667,0,66.333
3876,92.4842,207,4.9957,1.0,drink_return,UNKNOWN,UNKNOWN,0.2667,0,64.376
3877,92.5057,207,4.9885,1.0,drink_return,UNKNOWN,UNKNOWN,0.2667,0,65.701
3878,92.5182,207,4.988,1.0,drink_return,UNKNOWN,UNKNOWN,0.2667,0,66.804
3879,92.5314,207,4.9879,1.0,drink_return,UNKNOWN,UNKNOWN,0.2667,0,67.215
3880,92.5453,207,4.9884,1.0,drink_return,UNKNOWN,UNKNOWN,0.2667,0,66.447
3881,92.5622,207,4.9899,1.0,drink_return,UNKNOWN,UNKNOWN,0.2667,0,66.806
3882,92.5761,207,4.9895,1.0,drink_return,UNKNOWN,UNKNOWN,0.2667,0,67.123
3883,92.5906,207,4.9888,1.0,drink_return,UNKNOWN,UNKNOWN,0.2667,0,67.297
3884,92.6052,207,4.9896,1.0,drink_return,UNKNOWN,UNKNOWN,0.2667,0,67.959
3885,92.6187,207,4.9843,1.0,drink_return,UNKNOWN,UNKNOWN,0.23,1,68.774
3886,92.6678,207,4.989,1.0,drink_return,UNKNOWN,UNKNOWN,0.23,0,63.882
3887,92.6822,207,4.9859,1.0,drink_return,UNKNOWN,UNKNOWN,0.23,0,65.191
3888,92.6956,207,4.9993,1.0,drink_return,UNKNOWN,UNKNOWN,0.23,0,65.849
3889,92.709,207,4.9607,1.0,drink_return,UNKNOWN,UNKNOWN,0.23,0,67.113
3890,92.7218,207,4.9735,1.0,drink_return,UNKNOWN,UNKNOWN,0.23,0,67.959
3891,92.7355,207,4.9871,1.0,drink_return,UNKNOWN,UNKNOWN,0.23,0,68.191
3892,92.7492,207,4.9793,1.0,drink_return,UNKNOWN,UNKNOWN,0.23,0,67.728
3893,92.7651,207,4.9952,1.0,drink_return,UNKNOWN,UNKNOWN,0.23,0,67.353
3894,92.7806,207,4.9899,1.0,drink_return,UNKNOWN,UNKNOWN,0.23,0,67.413
3895,92.7954,207,4.9912,1.0,drink_return,UNKNOWN,UNKNOWN,0.23,0,68.149
3896,92.8087,207,4.9909,1.0,drink_return,UNKNOWN,UNKNOWN,0.23,0,69.221
3897,92.8214,207,4.9881,1.0,drink_return,UNKNOWN,UNKNOWN,0.23,0,70.107
3898,92.8342,207,4.9869,1.0,drink_return,UNKNOWN,UNKNOWN,0.23,0,70.247
3899,92.8482,207,4.9868,1.0,drink_return,UNKNOWN,UNKNOWN,0.23,0,69.942
3900,92.8631,207,4.989,1.0,drink_return,UNKNOWN,UNKNOWN,0.23,0,69.748
3901,92.8778,207,4.9907,1.0,drink_return,UNKNOWN,UNKNOWN,0.23,1,70.416
3902,92.932,207,4.9902,1.0,drink_return,UNKNOWN,UNKNOWN,0.23,0,65.156
3903,92.9475,207,4.9914,1.0,drink_return,UNKNOWN,UNKNOWN,0.23,0,65.769
3904,92.9612,207,4.9536,1.0,drink_return,UNKNOWN,UNKNOWN,0.23,0,66.075
3905,92.9756,207,4.9679,1.0,drink_return,UNKNOWN,UNKNOWN,0.23,0,67.229
3906,92.9889,207,4.9813,1.0,drink_return,UNKNOWN,UNKNOWN,0.23,0,67.929
3907,93.0019,207,4.9943,1.0,drink_return,UNKNOWN,UNKNOWN,0.23,0,68.82
3908,93.0146,207,4.993,1.0,drink_return,UNKNOWN,UNKNOWN,0.23,0,69.213
3909,93.0286,207,4.993,1.0,drink_return,UNKNOWN,UNKNOWN,0.23,0,68.997
3910,93.0435,207,4.9922,1.0,drink_return,UNKNOWN,UNKNOWN,0.23,0,67.102
3911,93.0636,207,4.9991,1.0,drink_return,UNKNOWN,UNKNOWN,0.23,0,67.207
3912,93.0785,207,4.9972,1.0,drink_return,UNKNOWN,UNKNOWN,0.23,0,67.206
3913,93.0931,207,4.998,1.0,drink_return,UNKNOWN,UNKNOWN,0.23,0,67.268
3914,93.1079,207,4.9964,1.0,drink_return,UNKNOWN,UNKNOWN,0.23,0,68.606
3915,93.1207,207,4.9945,1.0,drink_return,UNKNOWN,UNKNOWN,0.23,0,66.353
3916,93.1419,207,4.9888,1.0,sit_stand,UNKNOWN,UNKNOWN,0.2133,1,67.716
3917,93.1915,207,4.9872,1.0,sit_stand,UNKNOWN,UNKNOWN,0.2133,0,62.892
3918,93.2061,207,4.9885,1.0,sit_stand,UNKNOWN,UNKNOWN,0.2133,0,64.147
3919,93.219,207,4.9499,1.0,sit_stand,UNKNOWN,UNKNOWN,0.2133,0,65.618
3920,93.2316,207,4.9625,1.0,sit_stand,UNKNOWN,UNKNOWN,0.2133,0,66.414
3921,93.2453,207,4.9762,1.0,sit_stand,UNKNOWN,UNKNOWN,0.2133,0,65.048
3922,93.2644,207,4.9953,1.0,sit_stand,UNKNOWN,UNKNOWN,0.2133,0,65.845
3923,93.278,207,4.9943,1.0,sit_stand,UNKNOWN,UNKNOWN,0.2133,0,66.414
3924,93.292,207,4.9948,1.0,sit_stand,UNKNOWN,UNKNOWN,0.2133,0,66.686
3925,93.3067,207,4.9917,1.0,sit_stand,UNKNOWN,UNKNOWN,0.2133,0,67.461
3926,93.32,207,4.9914,1.0,sit_stand,UNKNOWN,UNKNOWN,0.2133,0,68.168
3927,93.3335,207,4.9917,1.0,sit_stand,UNKNOWN,UNKNOWN,0.2133,0,68.272
3928,93.3479,207,4.9849,1.0,sit_stand,UNKNOWN,UNKNOWN,0.2133,0,68.56
3929,93.3618,207,4.9987,1.0,sit_stand,UNKNOWN,UNKNOWN,0.2133,0,68.016
3930,93.3778,207,4.9886,1.0,sit_stand,UNKNOWN,UNKNOWN,0.2133,0,67.489
3931,93.3938,207,4.9917,1.0,sit_stand,UNKNOWN,UNKNOWN,0.2067,1,67.378
3932,93.4471,207,4.9944,1.0,sit_stand,UNKNOWN,UNKNOWN,0.2067,0,62.511
3933,93.4621,207,4.9875,1.0,sit_stand,UNKNOWN,UNKNOWN,0.2067,0,62.97
3934,93.4769,207,4.9483,1.0,sit_stand,UNKNOWN,UNKNOWN,0.2067,0,64.582
3935,93.4901,207,4.9615,1.0,sit_stand,UNKNOWN,UNKNOWN,0.2067,0,65.46
3936,93.5033,207,4.9747,1.0,sit_stand,UNKNOWN,UNKNOWN,0.2067,0,66.25
3937,93.5167,207,4.9882,1.0,sit_stand,UNKNOWN,UNKNOWN,0.2067,0,66.165
3938,93.5323,207,4.9888,1.0,sit_stand,UNKNOWN,UNKNOWN,0.2067,0,65.409
3939,93.5496,207,4.9928,1.0,sit_stand,UNKNOWN,UNKNOWN,0.2067,0,65.386
3940,93.5646,207,4.9914,1.0,sit_stand,UNKNOWN,UNKNOWN,0.2067,0,66.054
3941,93.5783,207,4.9837,1.0,sit_stand,UNKNOWN,UNKNOWN,0.2067,0,67.422
3942,93.5912,207,4.9966,1.0,sit_stand,UNKNOWN,UNKNOWN,0.2067,0,68.064
3943,93.6048,207,4.994,1.0,sit_stand,UNKNOWN,UNKNOWN,0.2067,0,68.574
3944,93.6183,207,4.9935,1.0,sit_stand,UNKNOWN,UNKNOWN,0.2067,0,68.484
3945,93.6332,207,4.9956,1.0,sit_stand,UNKNOWN,UNKNOWN,0.2067,0,68.414
3946,93.6478,207,4.9975,1.0,sit_stand,UNKNOWN,UNKNOWN,0.21,1,69.41
3947,93.7019,207,4.9823,1.0,sit_stand,UNKNOWN,UNKNOWN,0.21,0,64.244
3948,93.7171,207,4.9975,1.0,sit_stand,UNKNOWN,UNKNOWN,0.21,0,63.658
3949,93.734,207,4.9496,1.0,sit_stand,UNKNOWN,UNKNOWN,0.21,0,63.849
3950,93.7493,207,4.9648,1.0,sit_stand,UNKNOWN,UNKNOWN,0.21,0,65.262
3951,93.7627,207,4.9783,1.0,sit_stand,UNKNOWN,UNKNOWN,0.21,0,65.582
3952,93.7769,207,4.9925,1.0,sit_stand,UNKNOWN,UNKNOWN,0.21,0,66.243
3953,93.7908,207,4.992,1.0,sit_stand,UNKNOWN,UNKNOWN,0.21,0,66.402
3954,93.8053,207,4.9859,1.0,sit_stand,UNKNOWN,UNKNOWN,0.21,0,66.781
3955,93.8202,207,4.9866,1.0,sit_stand,UNKNOWN,UNKNOWN,0.21,0,64.641
3956,93.8419,207,4.9928,1.0,sit_stand,UNKNOWN,UNKNOWN,0.21,0,65.176
3957,93.8562,207,4.9932,1.0,sit_stand,UNKNOWN,UNKNOWN,0.21,0,65.105
3958,93.8714,207,4.9949,1.0,sit_stand,UNKNOWN,UNKNOWN,0.21,0,65.475
3959,93.8861,207,4.9962,1.0,sit_stand,UNKNOWN,UNKNOWN,0.21,0,66.505
3960,93.9005,207,4.9975,1.0,leg_raise_lower,UNKNOWN,UNKNOWN,0.2,1,66.731
3961,93.9547,207,4.9966,1.0,leg_raise_lower,UNKNOWN,UNKNOWN,0.2,0,61.836
3962,93.9699,207,4.9994,1.0,leg_raise_lower,UNKNOWN,UNKNOWN,0.2,0,63.252
3963,93.9837,207,4.9997,1.0,leg_raise_lower,UNKNOWN,UNKNOWN,0.2,0,64.073
3964,93.9975,207,4.9612,1.0,leg_raise_lower,UNKNOWN,UNKNOWN,0.2,0,61.872
3965,94.0208,207,4.9845,1.0,leg_raise_lower,UNKNOWN,UNKNOWN,0.2,0,63.209
3966,94.0348,207,4.9985,1.0,leg_raise_lower,UNKNOWN,UNKNOWN,0.2,0,63.413
3967,94.0497,207,4.9999,1.0,leg_raise_lower,UNKNOWN,UNKNOWN,0.2,0,64.567
3968,94.063,207,4.9878,1.0,leg_raise_lower,UNKNOWN,UNKNOWN,0.2,0,64.219
3969,94.0795,207,4.9908,1.0,leg_raise_lower,UNKNOWN,UNKNOWN,0.2,0,62.418
3970,94.1013,207,4.9991,1.0,leg_raise_lower,UNKNOWN,UNKNOWN,0.2,0,63.438
3971,94.1147,207,4.9987,1.0,leg_raise_lower,UNKNOWN,UNKNOWN,0.2,0,64.324
3972,94.1286,207,4.9978,1.0,leg_raise_lower,UNKNOWN,UNKNOWN,0.2,0,64.386
3973,94.1441,207,4.9872,1.0,leg_raise_lower,UNKNOWN,UNKNOWN,0.2,0,64.019
3974,94.1603,207,4.9898,1.0,sit_stand,UNKNOWN,UNKNOWN,0.2,1,63.738
3975,94.2206,207,4.9925,1.0,sit_stand,UNKNOWN,UNKNOWN,0.2,0,58.863
3976,94.2438,207,4.9501,1.0,sit_stand,UNKNOWN,UNKNOWN,0.2,0,59.518
3977,94.2586,207,4.965,1.0,sit_stand,UNKNOWN,UNKNOWN,0.2,0,61.179
3978,94.2724,207,4.9787,1.0,sit_stand,UNKNOWN,UNKNOWN,0.2,0,61.838
3979,94.287,207,4.9933,1.0,sit_stand,UNKNOWN,UNKNOWN,0.2,0,61.57
3980,94.3035,207,4.9953,1.0,sit_stand,UNKNOWN,UNKNOWN,0.2,0,62.311
3981,94.3179,207,4.9971,1.0,sit_stand,UNKNOWN,UNKNOWN,0.2,0,62.915
3982,94.3324,207,4.9979,1.0,sit_stand,UNKNOWN,UNKNOWN,0.2,0,64.063
3983,94.346,207,4.9903,1.0,sit_stand,UNKNOWN,UNKNOWN,0.2,0,64.953
3984,94.3597,207,4.9911,1.0,sit_stand,UNKNOWN,UNKNOWN,0.2,0,65.993
3985,94.3731,207,4.9912,1.0,sit_stand,UNKNOWN,UNKNOWN,0.2,0,66.775
3986,94.3865,207,4.992,1.0,sit_stand,UNKNOWN,UNKNOWN,0.2,0,66.957
3987,94.4011,207,4.9927,1.0,sit_stand,UNKNOWN,UNKNOWN,0.2,0,67.189
3988,94.4155,207,4.9933,1.0,sit_stand,UNKNOWN,UNKNOWN,0.1933,1,67.237
3989,94.47,207,4.9917,1.0,sit_stand,UNKNOWN,UNKNOWN,0.1933,0,62.321
3990,94.4858,207,4.9923,1.0,sit_stand,UNKNOWN,UNKNOWN,0.1933,0,63.364
3991,94.4998,207,4.9446,1.0,sit_stand,UNKNOWN,UNKNOWN,0.1933,0,63.877
3992,94.5144,207,4.9592,1.0,sit_stand,UNKNOWN,UNKNOWN,0.1933,0,64.384
3993,94.5285,207,4.9734,1.0,sit_stand,UNKNOWN,UNKNOWN,0.1933,0,65.37
3994,94.542,207,4.9869,1.0,sit_stand,UNKNOWN,UNKNOWN,0.1933,0,63.434
3995,94.5645,207,4.9873,1.0,sit_stand,UNKNOWN,UNKNOWN,0.1933,0,64.212
3996,94.5786,207,4.9872,1.0,sit_stand,UNKNOWN,UNKNOWN,0.1933,0,64.947
3997,94.592,207,4.9788,1.0,sit_stand,UNKNOWN,UNKNOWN,0.1933,0,64.65
3998,94.6082,207,4.995,1.0,sit_stand,UNKNOWN,UNKNOWN,0.1933,0,65.011
3999,94.6224,207,4.9959,1.0,sit_stand,UNKNOWN,UNKNOWN,0.1933,0,65.952
4000,94.6357,207,4.9942,1.0,sit_stand,UNKNOWN,UNKNOWN,0.1933,0,65.399
4001,94.6527,207,4.9971,1.0,sit_stand,UNKNOWN,UNKNOWN,0.1933,0,65.046
4002,94.6688,207,4.9985,1.0,drink_return,UNKNOWN,UNKNOWN,0.2033,1,64.958
4003,94.7212,207,4.9873,1.0,drink_return,UNKNOWN,UNKNOWN,0.2033,0,60.402
4004,94.7359,207,4.988,1.0,drink_return,UNKNOWN,UNKNOWN,0.2033,0,61.642
4005,94.7502,207,4.9502,1.0,drink_return,UNKNOWN,UNKNOWN,0.2033,0,62.262
4006,94.7644,207,4.9644,1.0,drink_return,UNKNOWN,UNKNOWN,0.2033,0,63.482
4007,94.7776,207,4.9777,1.0,drink_return,UNKNOWN,UNKNOWN,0.2033,0,64.414
4008,94.7915,207,4.9915,1.0,drink_return,UNKNOWN,UNKNOWN,0.2033,0,64.841
4009,94.8062,207,4.993,1.0,drink_return,UNKNOWN,UNKNOWN,0.2033,0,64.905
4010,94.8213,207,4.9939,1.0,drink_return,UNKNOWN,UNKNOWN,0.2033,0,64.673
4011,94.8374,207,4.9949,1.0,drink_return,UNKNOWN,UNKNOWN,0.2033,0,64.876
4012,94.8521,207,4.9966,1.0,drink_return,UNKNOWN,UNKNOWN,0.2033,0,66.053
4013,94.8661,207,4.9939,1.0,drink_return,UNKNOWN,UNKNOWN,0.2033,0,66.818
4014,94.8792,207,4.9859,1.0,drink_return,UNKNOWN,UNKNOWN,0.2033,0,67.305
4015,94.8929,207,4.9996,1.0,drink_return,UNKNOWN,UNKNOWN,0.2033,0,67.88
4016,94.9064,207,4.986,1.0,drink_return,UNKNOWN,UNKNOWN,0.2033,0,67.825
4017,94.9213,207,4.9867,1.0,drink_return,UNKNOWN,UNKNOWN,0.1967,1,68.014
4018,94.9767,207,4.9997,1.0,drink_return,UNKNOWN,UNKNOWN,0.1967,0,62.953
4019,94.9935,207,4.9994,1.0,drink_return,UNKNOWN,UNKNOWN,0.1967,0,63.37
4020,95.0081,207,5.0,1.0,drink_return,UNKNOWN,UNKNOWN,0.1967,0,63.46
4021,95.0237,207,4.957,1.0,drink_return,UNKNOWN,UNKNOWN,0.1967,0,64.527
4022,95.0372,207,4.9705,1.0,drink_return,UNKNOWN,UNKNOWN,0.1967,0,64.278
4023,95.0531,207,4.9864,1.0,drink_return,UNKNOWN,UNKNOWN,0.1967,0,65.656
4024,95.0658,207,4.9992,1.0,drink_return,UNKNOWN,UNKNOWN,0.1967,0,66.44
4025,95.08,207,4.9968,1.0,drink_return,UNKNOWN,UNKNOWN,0.1967,0,66.535
4026,95.0943,207,4.9975,1.0,drink_return,UNKNOWN,UNKNOWN,0.1967,0,67.096
4027,95.1082,207,4.9984,1.0,drink_return,UNKNOWN,UNKNOWN,0.1967,0,66.1
4028,95.1259,207,4.9897,1.0,drink_return,UNKNOWN,UNKNOWN,0.1967,0,65.769
4029,95.142,207,4.9923,1.0,drink_return,UNKNOWN,UNKNOWN,0.1967,0,64.855
4030,95.1595,207,4.9954,1.0,drink_return,UNKNOWN,UNKNOWN,0.1967,0,65.304
4031,95.174,207,4.9961,1.0,drink_return,UNKNOWN,UNKNOWN,0.1967,1,66.475
4032,95.2342,207,4.9906,1.0,drink_return,UNKNOWN,UNKNOWN,0.1967,0,61.447
4033,95.2486,207,4.9914,1.0,drink_return,UNKNOWN,UNKNOWN,0.1967,0,60.318
4034,95.2685,207,4.9978,1.0,drink_return,UNKNOWN,UNKNOWN,0.1967,0,61.199
4035,95.2834,207,4.9593,1.0,drink_return,UNKNOWN,UNKNOWN,0.1967,0,61.389
4036,95.2989,207,4.9748,1.0,drink_return,UNKNOWN,UNKNOWN,0.1967,0,62.075
4037,95.3134,207,4.9893,1.0,drink_return,UNKNOWN,UNKNOWN,0.1967,0,63.074
4038,95.3279,207,4.987,1.0,drink_return,UNKNOWN,UNKNOWN,0.1967,0,64.281
4039,95.3409,207,4.9859,1.0,drink_return,UNKNOWN,UNKNOWN,0.1967,0,65.057
4040,95.3548,207,4.9998,1.0,drink_return,UNKNOWN,UNKNOWN,0.1967,0,65.932
4041,95.3684,207,4.9991,1.0,drink_return,UNKNOWN,UNKNOWN,0.1967,0,66.432
4042,95.3821,207,4.9968,1.0,drink_return,UNKNOWN,UNKNOWN,0.1967,0,65.622
4043,95.3993,207,4.9888,1.0,drink_return,UNKNOWN,UNKNOWN,0.1967,0,65.887
4044,95.4139,207,4.9897,1.0,drink_return,UNKNOWN,UNKNOWN,0.1967,0,66.256
4045,95.4284,207,4.9882,1.0,drink_return,UNKNOWN,UNKNOWN,0.22,1,66.086
4046,95.4819,207,4.9872,1.0,drink_return,UNKNOWN,UNKNOWN,0.22,0,61.169
4047,95.5032,207,4.9906,1.0,drink_return,UNKNOWN,UNKNOWN,0.22,0,58.959
4048,95.5289,207,4.9497,1.0,drink_return,UNKNOWN,UNKNOWN,0.22,0,60.197
4049,95.5439,207,4.9648,1.0,drink_return,UNKNOWN,UNKNOWN,0.22,0,59.378
4050,95.5619,207,4.9828,1.0,drink_return,UNKNOWN,UNKNOWN,0.22,0,61.162
4051,95.5748,207,4.9956,1.0,drink_return,UNKNOWN,UNKNOWN,0.22,0,62.868
4052,95.5876,207,4.9935,1.0,drink_return,UNKNOWN,UNKNOWN,0.22,0,63.721
4053,95.6015,207,4.9929,1.0,drink_return,UNKNOWN,UNKNOWN,0.22,0,63.96
4054,95.6166,207,4.9847,1.0,drink_return,UNKNOWN,UNKNOWN,0.22,0,64.295
4055,95.6312,207,4.9993,1.0,drink_return,UNKNOWN,UNKNOWN,0.22,0,65.9
4056,95.6447,207,4.9992,1.0,drink_return,UNKNOWN,UNKNOWN,0.22,0,65.288
4057,95.6607,207,4.9865,1.0,drink_return,UNKNOWN,UNKNOWN,0.22,0,66.229
4058,95.6743,207,4.9877,1.0,drink_return,UNKNOWN,UNKNOWN,0.22,0,63.674
4059,95.6988,207,4.9955,1.0,drink_return,UNKNOWN,UNKNOWN,0.2233,1,65.114
4060,95.7593,207,4.9901,1.0,drink_return,UNKNOWN,UNKNOWN,0.2233,0,60.127
4061,95.7771,207,4.986,1.0,drink_return,UNKNOWN,UNKNOWN,0.2233,0,59.103
4062,95.7972,207,4.9521,1.0,drink_return,UNKNOWN,UNKNOWN,0.2233,0,58.342
4063,95.8168,207,4.9717,1.0,drink_return,UNKNOWN,UNKNOWN,0.2233,0,58.31
4064,95.8339,207,4.9887,1.0,drink_return,UNKNOWN,UNKNOWN,0.2233,0,60.14
4065,95.8467,207,4.9866,1.0,drink_return,UNKNOWN,UNKNOWN,0.2233,0,61.808
4066,95.86,207,4.9998,1.0,drink_return,UNKNOWN,UNKNOWN,0.2233,0,62.959
4067,95.8737,207,4.9996,1.0,drink_return,UNKNOWN,UNKNOWN,0.2233,0,63.379
4068,95.8886,207,4.9881,1.0,drink_return,UNKNOWN,UNKNOWN,0.2233,0,61.94
4069,95.9087,207,4.995,1.0,drink_return,UNKNOWN,UNKNOWN,0.2233,0,61.911
4070,95.925,207,4.998,1.0,drink_return,UNKNOWN,UNKNOWN,0.2233,0,62.878
4071,95.9389,207,4.9975,1.0,drink_return,UNKNOWN,UNKNOWN,0.2233,0,63.714
4072,95.9532,207,4.9989,1.0,drink_return,UNKNOWN,UNKNOWN,0.2367,1,64.861
4073,96.005,207,4.9935,1.0,drink_return,UNKNOWN,UNKNOWN,0.2367,0,60.216
4074,96.0207,207,4.9955,1.0,drink_return,UNKNOWN,UNKNOWN,0.2367,0,61.06
4075,96.035,207,4.9942,1.0,drink_return,UNKNOWN,UNKNOWN,0.2367,0,62.865
4076,96.0483,207,4.9841,1.0,drink_return,UNKNOWN,UNKNOWN,0.2367,0,63.894
4077,96.0617,207,4.9975,1.0,drink_return,UNKNOWN,UNKNOWN,0.2367,0,63.007
4078,96.0799,207,4.9526,1.0,drink_return,UNKNOWN,UNKNOWN,0.2367,0,64.172
4079,96.0933,207,4.966,1.0,drink_return,UNKNOWN,UNKNOWN,0.2367,0,64.167
4080,96.1086,207,4.9813,1.0,drink_return,UNKNOWN,UNKNOWN,0.2367,0,64.69
4081,96.1231,207,4.9958,1.0,drink_return,UNKNOWN,UNKNOWN,0.2367,0,64.899
4082,96.138,207,4.9968,1.0,drink_return,UNKNOWN,UNKNOWN,0.2367,0,66.133
4083,96.1518,207,4.9874,1.0,drink_return,UNKNOWN,UNKNOWN,0.2367,0,66.78
4084,96.1649,207,4.9874,1.0,drink_return,UNKNOWN,UNKNOWN,0.2367,0,67.792
4085,96.1779,207,4.9864,1.0,drink_return,UNKNOWN,UNKNOWN,0.2367,0,68.483
4086,96.1912,207,4.9998,1.0,drink_return,UNKNOWN,UNKNOWN,0.2367,0,68.197
4087,96.2066,207,4.9882,1.0,sit_stand,UNKNOWN,UNKNOWN,0.2133,1,68.047
4088,96.2671,207,4.9896,1.0,sit_stand,UNKNOWN,UNKNOWN,0.2133,0,62.924
4089,96.2809,207,4.9889,1.0,sit_stand,UNKNOWN,UNKNOWN,0.2133,0,63.735
4090,96.2953,207,4.9908,1.0,sit_stand,UNKNOWN,UNKNOWN,0.2133,0,64.107
4091,96.31,207,4.9915,1.0,sit_stand,UNKNOWN,UNKNOWN,0.2133,0,64.879
4092,96.324,207,4.9513,1.0,sit_stand,UNKNOWN,UNKNOWN,0.2133,0,65.966
4093,96.337,207,4.9643,1.0,sit_stand,UNKNOWN,UNKNOWN,0.2133,0,66.192
4094,96.3519,207,4.9793,1.0,sit_stand,UNKNOWN,UNKNOWN,0.2133,0,64.075
4095,96.3738,207,4.9802,1.0,sit_stand,UNKNOWN,UNKNOWN,0.2133,0,63.06
4096,96.3926,207,4.999,1.0,sit_stand,UNKNOWN,UNKNOWN,0.2133,0,63.372
4097,96.4079,207,4.9871,1.0,sit_stand,UNKNOWN,UNKNOWN,0.2133,0,62.163
4098,96.4271,207,4.99,1.0,sit_stand,UNKNOWN,UNKNOWN,0.2133,0,61.541
4099,96.4449,207,4.9927,1.0,sit_stand,UNKNOWN,UNKNOWN,0.2133,0,61.569
4100,96.4608,207,4.9928,1.0,sit_stand,UNKNOWN,UNKNOWN,0.24,1,61.072
4101,96.5169,207,4.992,1.0,sit_stand,UNKNOWN,UNKNOWN,0.24,0,56.82
4102,96.5326,207,4.9946,1.0,sit_stand,UNKNOWN,UNKNOWN,0.24,0,58.4
4103,96.5465,207,4.9931,1.0,sit_stand,UNKNOWN,UNKNOWN,0.24,0,59.507
4104,96.5637,207,4.996,1.0,sit_stand,UNKNOWN,UNKNOWN,0.24,0,59.467
4105,96.578,207,4.995,1.0,sit_stand,UNKNOWN,UNKNOWN,0.24,0,59.945
4106,96.5935,207,4.9578,1.0,sit_stand,UNKNOWN,UNKNOWN,0.24,0,60.903
4107,96.608,207,4.9723,1.0,sit_stand,UNKNOWN,UNKNOWN,0.24,0,62.177
4108,96.6208,207,4.9852,1.0,sit_stand,UNKNOWN,UNKNOWN,0.24,0,61.19
4109,96.6408,207,4.9903,1.0,sit_stand,UNKNOWN,UNKNOWN,0.24,0,61.582
4110,96.6561,207,4.9914,1.0,sit_stand,UNKNOWN,UNKNOWN,0.24,0,60.382
4111,96.6765,207,4.9992,1.0,sit_stand,UNKNOWN,UNKNOWN,0.24,0,59.439
4112,96.6956,207,4.9905,1.0,sit_stand,UNKNOWN,UNKNOWN,0.24,0,58.839
4113,96.7143,207,4.9954,1.0,sit_stand,UNKNOWN,UNKNOWN,0.2367,1,59.691
4114,96.7756,207,4.9926,1.0,sit_stand,UNKNOWN,UNKNOWN,0.2367,0,55.354
4115,96.7906,207,4.9934,1.0,sit_stand,UNKNOWN,UNKNOWN,0.2367,0,57.365
4116,96.804,207,4.9905,1.0,sit_stand,UNKNOWN,UNKNOWN,0.2367,0,58.742
4117,96.8176,207,4.9913,1.0,sit_stand,UNKNOWN,UNKNOWN,0.2367,0,59.607
4118,96.8326,207,4.9938,1.0,sit_stand,UNKNOWN,UNKNOWN,0.2367,0,60.947
4119,96.8462,207,4.9498,1.0,sit_stand,UNKNOWN,UNKNOWN,0.2367,0,61.887
4120,96.8605,207,4.9641,1.0,sit_stand,UNKNOWN,UNKNOWN,0.2367,0,62.233
4121,96.8759,207,4.9795,1.0,sit_stand,UNKNOWN,UNKNOWN,0.2367,0,63.145
4122,96.8898,207,4.9934,1.0,sit_stand,UNKNOWN,UNKNOWN,0.2367,0,63.668
4123,96.9045,207,4.992,1.0,sit_stand,UNKNOWN,UNKNOWN,0.2367,0,62.863
4124,96.9227,207,4.9965,1.0,sit_stand,UNKNOWN,UNKNOWN,0.2367,0,62.317
4125,96.94,207,4.9867,1.0,sit_stand,UNKNOWN,UNKNOWN,0.2367,0,62.525
4126,96.9555,207,4.9864,1.0,sit_stand,UNKNOWN,UNKNOWN,0.2367,0,61.097
4127,96.9766,207,4.9933,1.0,sit_stand,UNKNOWN,UNKNOWN,0.22,1,61.754
4128,97.0285,207,4.9994,1.0,sit_stand,UNKNOWN,UNKNOWN,0.22,0,57.454
4129,97.0444,207,4.9894,1.0,sit_stand,UNKNOWN,UNKNOWN,0.22,0,58.151
4130,97.0597,207,4.9778,1.0,sit_stand,UNKNOWN,UNKNOWN,0.22,0,59.779
4131,97.0735,207,4.9915,1.0,sit_stand,UNKNOWN,UNKNOWN,0.22,0,60.943
4132,97.087,207,4.9904,1.0,sit_stand,UNKNOWN,UNKNOWN,0.22,0,62.188
4133,97.1008,207,4.9537,1.0,sit_stand,UNKNOWN,UNKNOWN,0.22,0,62.207
4134,97.1169,207,4.9698,1.0,sit_stand,UNKNOWN,UNKNOWN,0.22,0,62.34
4135,97.1327,207,4.9855,1.0,sit_stand,UNKNOWN,UNKNOWN,0.22,0,63.138
4136,97.1467,207,4.9995,1.0,sit_stand,UNKNOWN,UNKNOWN,0.22,0,64.148
4137,97.1605,207,4.9983,1.0,sit_stand,UNKNOWN,UNKNOWN,0.22,0,64.66
4138,97.175,207,4.9998,1.0,sit_stand,UNKNOWN,UNKNOWN,0.22,0,65.725
4139,97.1886,207,4.9981,1.0,sit_stand,UNKNOWN,UNKNOWN,0.22,0,64.354
4140,97.2104,207,4.9837,1.0,sit_stand,UNKNOWN,UNKNOWN,0.22,0,63.646
4141,97.2246,207,4.9979,1.0,sit_stand,UNKNOWN,UNKNOWN,0.22,0,63.546
4142,97.2407,207,4.9883,1.0,sit_stand,UNKNOWN,UNKNOWN,0.2233,1,64.804
4143,97.2921,207,4.9894,1.0,sit_stand,UNKNOWN,UNKNOWN,0.2233,0,60.213
4144,97.307,207,4.9902,1.0,sit_stand,UNKNOWN,UNKNOWN,0.2233,0,58.941
4145,97.3309,207,4.9994,1.0,sit_stand,UNKNOWN,UNKNOWN,0.2233,0,59.043
4146,97.3446,207,4.9982,1.0,sit_stand,UNKNOWN,UNKNOWN,0.2233,0,60.32
4147,97.3583,207,4.9975,1.0,sit_stand,UNKNOWN,UNKNOWN,0.2233,0,61.146
4148,97.373,207,4.9619,1.0,sit_stand,UNKNOWN,UNKNOWN,0.2233,0,61.659
4149,97.3884,207,4.9773,1.0,sit_stand,UNKNOWN,UNKNOWN,0.2233,0,62.439
4150,97.4026,207,4.9915,1.0,sit_stand,UNKNOWN,UNKNOWN,0.2233,0,60.962
4151,97.4236,207,4.9939,1.0,sit_stand,UNKNOWN,UNKNOWN,0.2233,0,61.473
4152,97.4388,207,4.9948,1.0,sit_stand,UNKNOWN,UNKNOWN,0.2233,0,61.895
4153,97.4539,207,4.9959,1.0,sit_stand,UNKNOWN,UNKNOWN,0.2233,0,63.203
4154,97.4675,207,4.9967,1.0,sit_stand,UNKNOWN,UNKNOWN,0.2233,0,64.209
4155,97.4809,207,4.9967,1.0,sit_stand,UNKNOWN,UNKNOWN,0.2233,0,65.354
4156,97.494,207,4.9883,1.0,sit_stand,UNKNOWN,UNKNOWN,0.2267,1,66.154
4157,97.5457,207,4.9835,1.0,sit_stand,UNKNOWN,UNKNOWN,0.2267,0,61.445
4158,97.5603,207,4.9981,1.0,sit_stand,UNKNOWN,UNKNOWN,0.2267,0,62.775
4159,97.5743,207,4.9983,1.0,sit_stand,UNKNOWN,UNKNOWN,0.2267,0,63.093
4160,97.5889,207,4.9982,1.0,sit_stand,UNKNOWN,UNKNOWN,0.2267,0,63.34
4161,97.6037,207,4.9985,1.0,sit_stand,UNKNOWN,UNKNOWN,0.2267,0,64.858
4162,97.6166,207,4.9979,1.0,sit_stand,UNKNOWN,UNKNOWN,0.2267,0,63.114
4163,97.638,207,4.9702,1.0,sit_stand,UNKNOWN,UNKNOWN,0.2267,0,63.626
4164,97.6522,207,4.9844,1.0,sit_stand,UNKNOWN,UNKNOWN,0.2267,0,63.114
4165,97.6696,207,4.9874,1.0,sit_stand,UNKNOWN,UNKNOWN,0.2267,0,61.876
4166,97.6891,207,4.9935,1.0,sit_stand,UNKNOWN,UNKNOWN,0.2267,0,61.901
4167,97.7053,207,4.9963,1.0,sit_stand,UNKNOWN,UNKNOWN,0.2267,0,61.212
4168,97.7235,207,4.9881,1.0,sit_stand,UNKNOWN,UNKNOWN,0.2267,0,60.649
4169,97.7415,207,4.9924,1.0,sit_stand,UNKNOWN,UNKNOWN,0.2267,0,61.246
4170,97.7565,207,4.9914,1.0,sit_stand,UNKNOWN,UNKNOWN,0.2433,1,62.458
4171,97.8179,207,4.9964,1.0,sit_stand,UNKNOWN,UNKNOWN,0.2433,0,57.802
4172,97.8335,207,4.9993,1.0,sit_stand,UNKNOWN,UNKNOWN,0.2433,0,58.447
4173,97.8492,207,4.9861,1.0,sit_stand,UNKNOWN,UNKNOWN,0.2433,0,58.384
4174,97.866,207,4.9883,1.0,sit_stand,UNKNOWN,UNKNOWN,0.2433,0,59.682
4175,97.8798,207,4.9479,1.0,sit_stand,UNKNOWN,UNKNOWN,0.2433,0,61.757
4176,97.8922,207,4.9602,1.0,sit_stand,UNKNOWN,UNKNOWN,0.2433,0,62.977
4177,97.9059,207,4.9739,1.0,sit_stand,UNKNOWN,UNKNOWN,0.2433,0,64.301
4178,97.9191,207,4.9872,1.0,sit_stand,UNKNOWN,UNKNOWN,0.2433,0,65.287
4179,97.9323,207,4.9849,1.0,sit_stand,UNKNOWN,UNKNOWN,0.2433,0,66.054
4180,97.9461,207,4.9986,1.0,sit_stand,UNKNOWN,UNKNOWN,0.2433,0,66.983
4181,97.9596,207,4.9984,1.0,sit_stand,UNKNOWN,UNKNOWN,0.2433,0,67.302
4182,97.9734,207,4.9979,1.0,sit_stand,UNKNOWN,UNKNOWN,0.2433,0,68.227
4183,97.987,207,4.9982,1.0,sit_stand,UNKNOWN,UNKNOWN,0.2433,0,68.578
4184,98.0007,207,4.9989,1.0,sit_stand,UNKNOWN,UNKNOWN,0.2433,0,68.858
4185,98.0147,207,4.9861,1.0,sit_stand,UNKNOWN,UNKNOWN,0.2433,1,68.363
4186,98.0686,207,4.9901,1.0,sit_stand,UNKNOWN,UNKNOWN,0.2433,0,63.429
4187,98.0829,207,4.9898,1.0,sit_stand,UNKNOWN,UNKNOWN,0.2433,0,64.743
4188,98.096,207,4.9881,1.0,sit_stand,UNKNOWN,UNKNOWN,0.2433,0,65.696
4189,98.1095,207,4.9888,1.0,sit_stand,UNKNOWN,UNKNOWN,0.2433,0,66.3
4190,98.1233,207,4.9814,1.0,sit_stand,UNKNOWN,UNKNOWN,0.2433,0,67.106
4191,98.1371,207,4.9951,1.0,sit_stand,UNKNOWN,UNKNOWN,0.2433,0,67.388
4192,98.1511,207,4.9596,1.0,sit_stand,UNKNOWN,UNKNOWN,0.2433,0,66.789
4193,98.1675,207,4.976,1.0,sit_stand,UNKNOWN,UNKNOWN,0.2433,0,66.984
4194,98.1819,207,4.9904,1.0,sit_stand,UNKNOWN,UNKNOWN,0.2433,0,66.874
4195,98.197,207,4.991,1.0,sit_stand,UNKNOWN,UNKNOWN,0.2433,0,66.91
4196,98.212,207,4.993,1.0,sit_stand,UNKNOWN,UNKNOWN,0.2433,0,66.287
4197,98.2285,207,4.9968,1.0,sit_stand,UNKNOWN,UNKNOWN,0.2433,0,66.914
4198,98.2424,207,4.9971,1.0,sit_stand,UNKNOWN,UNKNOWN,0.2433,0,65.313
4199,98.2619,207,4.9975,1.0,sit_stand,UNKNOWN,UNKNOWN,0.2433,0,66.227
4200,98.2756,207,4.9976,1.0,sit_stand,UNKNOWN,UNKNOWN,0.2233,1,67.093
4201,98.3284,207,4.9949,1.0,sit_stand,UNKNOWN,UNKNOWN,0.2233,0,62.186
4202,98.3443,207,4.9963,1.0,sit_stand,UNKNOWN,UNKNOWN,0.2233,0,62.656
4203,98.3593,207,4.9975,1.0,sit_stand,UNKNOWN,UNKNOWN,0.2233,0,64.07
4204,98.3723,207,4.9945,1.0,sit_stand,UNKNOWN,UNKNOWN,0.2233,0,64.079
4205,98.3878,207,4.994,1.0,sit_stand,UNKNOWN,UNKNOWN,0.2233,0,65.161
4206,98.4011,207,4.954,1.0,sit_stand,UNKNOWN,UNKNOWN,0.2233,0,65.881
4207,98.415,207,4.9679,1.0,sit_stand,UNKNOWN,UNKNOWN,0.2233,0,65.659
4208,98.4306,207,4.9834,1.0,sit_stand,UNKNOWN,UNKNOWN,0.2233,0,65.669
4209,98.4459,207,4.9987,1.0,sit_stand,UNKNOWN,UNKNOWN,0.2233,0,66.212
4210,98.46,207,4.9979,1.0,sit_stand,UNKNOWN,UNKNOWN,0.2233,0,67.145
4211,98.4732,207,4.9963,1.0,sit_stand,UNKNOWN,UNKNOWN,0.2233,0,66.076
4212,98.4911,207,4.9878,1.0,sit_stand,UNKNOWN,UNKNOWN,0.2233,0,67.055
4213,98.5042,207,4.9874,1.0,sit_stand,UNKNOWN,UNKNOWN,0.2233,0,67.465
4214,98.5214,207,4.9891,1.0,sit_stand,UNKNOWN,UNKNOWN,0.2233,0,66.19
4215,98.5364,207,4.9868,1.0,leg_raise_lower,UNKNOWN,UNKNOWN,0.2067,1,66.552
4216,98.5905,207,4.9994,1.0,leg_raise_lower,UNKNOWN,UNKNOWN,0.2067,0,61.74
4217,98.605,207,4.9867,1.0,leg_raise_lower,UNKNOWN,UNKNOWN,0.2067,0,63.034
4218,98.619,207,4.9858,1.0,leg_raise_lower,UNKNOWN,UNKNOWN,0.2067,0,63.919
4219,98.6322,207,4.9991,1.0,leg_raise_lower,UNKNOWN,UNKNOWN,0.2067,0,64.528
4220,98.6465,207,4.9986,1.0,leg_raise_lower,UNKNOWN,UNKNOWN,0.2067,0,64.79
4221,98.6616,207,4.9597,1.0,leg_raise_lower,UNKNOWN,UNKNOWN,0.2067,0,65.495
4222,98.6758,207,4.9739,1.0,leg_raise_lower,UNKNOWN,UNKNOWN,0.2067,0,65.353
4223,98.6907,207,4.9888,1.0,leg_raise_lower,UNKNOWN,UNKNOWN,0.2067,0,66.03
4224,98.7048,207,4.9877,1.0,leg_raise_lower,UNKNOWN,UNKNOWN,0.2067,0,66.517
4225,98.7189,207,4.9849,1.0,leg_raise_lower,UNKNOWN,UNKNOWN,0.2067,0,67.14
4226,98.7328,207,4.9988,1.0,leg_raise_lower,UNKNOWN,UNKNOWN,0.2067,0,67.911
4227,98.7461,207,4.9968,1.0,leg_raise_lower,UNKNOWN,UNKNOWN,0.2067,0,68.211
4228,98.7634,207,4.9865,1.0,leg_raise_lower,UNKNOWN,UNKNOWN,0.2067,0,67.277
4229,98.7776,207,4.9868,1.0,leg_raise_lower,UNKNOWN,UNKNOWN,0.2067,0,66.991
4230,98.7933,207,4.988,1.0,wave,UNKNOWN,UNKNOWN,0.2167,1,64.936
4231,98.8559,207,4.9998,1.0,wave,UNKNOWN,UNKNOWN,0.2167,0,60.112
4232,98.8743,207,4.9882,1.0,wave,UNKNOWN,UNKNOWN,0.2167,0,60.988
4233,98.8886,207,4.9881,1.0,wave,UNKNOWN,UNKNOWN,0.2167,0,62.044
4234,98.9026,207,4.9479,1.0,wave,UNKNOWN,UNKNOWN,0.2167,0,63.103
4235,98.9165,207,4.9619,1.0,wave,UNKNOWN,UNKNOWN,0.2167,0,62.715
4236,98.9334,207,4.9787,1.0,wave,UNKNOWN,UNKNOWN,0.2167,0,63.703
4237,98.9473,207,4.9927,1.0,wave,UNKNOWN,UNKNOWN,0.2167,0,64.976
4238,98.9605,207,4.9907,1.0,wave,UNKNOWN,UNKNOWN,0.2167,0,65.263
4239,98.9748,207,4.9911,1.0,wave,UNKNOWN,UNKNOWN,0.2167,0,65.865
4240,98.9889,207,4.9914,1.0,wave,UNKNOWN,UNKNOWN,0.2167,0,66.487
4241,99.0027,207,4.9819,1.0,wave,UNKNOWN,UNKNOWN,0.2167,0,66.796
4242,99.0169,207,4.9961,1.0,wave,UNKNOWN,UNKNOWN,0.2167,0,66.109
4243,99.0339,207,4.9991,1.0,wave,UNKNOWN,UNKNOWN,0.2167,0,65.838
4244,99.0494,207,4.9997,1.0,sit_stand,UNKNOWN,UNKNOWN,0.23,1,67.287
4245,99.1009,207,4.9996,1.0,sit_stand,UNKNOWN,UNKNOWN,0.23,0,62.429
4246,99.1156,207,4.9869,1.0,sit_stand,UNKNOWN,UNKNOWN,0.23,0,63.744
4247,99.129,207,4.9849,1.0,sit_stand,UNKNOWN,UNKNOWN,0.23,0,64.663
4248,99.1422,207,4.9981,1.0,sit_stand,UNKNOWN,UNKNOWN,0.23,0,63.457
4249,99.1617,207,4.9411,1.0,sit_stand,UNKNOWN,UNKNOWN,0.23,0,64.113
4250,99.1762,207,4.9556,1.0,sit_stand,UNKNOWN,UNKNOWN,0.23,0,64.769
4251,99.1899,207,4.9693,1.0,sit_stand,UNKNOWN,UNKNOWN,0.23,0,65.548
4252,99.2037,207,4.9831,1.0,sit_stand,UNKNOWN,UNKNOWN,0.23,0,65.53
4253,99.219,207,4.9984,1.0,sit_stand,UNKNOWN,UNKNOWN,0.23,0,65.411
4254,99.2344,207,4.9907,1.0,sit_stand,UNKNOWN,UNKNOWN,0.23,0,65.879
4255,99.2488,207,4.9902,1.0,sit_stand,UNKNOWN,UNKNOWN,0.23,0,66.361
4256,99.266,207,4.9937,1.0,sit_stand,UNKNOWN,UNKNOWN,0.23,0,65.559
4257,99.2807,207,4.9937,1.0,sit_stand,UNKNOWN,UNKNOWN,0.23,0,65.657
4258,99.2951,207,4.9916,1.0,sit_stand,UNKNOWN,UNKNOWN,0.23,0,66.225
4259,99.3091,207,4.9911,1.0,sit_stand,UNKNOWN,UNKNOWN,0.2233,1,65.703
4260,99.3726,207,4.9995,1.0,sit_stand,UNKNOWN,UNKNOWN,0.2233,0,60.733
4261,99.3881,207,4.9869,1.0,sit_stand,UNKNOWN,UNKNOWN,0.2233,0,61.449
4262,99.4029,207,4.9874,1.0,sit_stand,UNKNOWN,UNKNOWN,0.2233,0,61.528
4263,99.4189,207,4.9489,1.0,sit_stand,UNKNOWN,UNKNOWN,0.2233,0,61.409
4264,99.4353,207,4.9653,1.0,sit_stand,UNKNOWN,UNKNOWN,0.2233,0,63.229
4265,99.4483,207,4.9783,1.0,sit_stand,UNKNOWN,UNKNOWN,0.2233,0,64.307
4266,99.4614,207,4.9913,1.0,sit_stand,UNKNOWN,UNKNOWN,0.2233,0,64.488
4267,99.4767,207,4.9908,1.0,sit_stand,UNKNOWN,UNKNOWN,0.2233,0,65.151
4268,99.4907,207,4.9909,1.0,sit_stand,UNKNOWN,UNKNOWN,0.2233,0,65.893
4269,99.5041,207,4.9897,1.0,sit_stand,UNKNOWN,UNKNOWN,0.2233,0,66.552
4270,99.5182,207,4.9898,1.0,sit_stand,UNKNOWN,UNKNOWN,0.2233,0,67.13
4271,99.5324,207,4.9904,1.0,sit_stand,UNKNOWN,UNKNOWN,0.2233,0,67.783
4272,99.5459,207,4.9814,1.0,sit_stand,UNKNOWN,UNKNOWN,0.2233,0,68.006
4273,99.5599,207,4.9954,1.0,wave,UNKNOWN,UNKNOWN,0.2333,1,67.421
4274,99.6152,207,4.9927,1.0,wave,UNKNOWN,UNKNOWN,0.2333,0,62.542
4275,99.6296,207,4.9939,1.0,wave,UNKNOWN,UNKNOWN,0.2333,0,63.724
4276,99.6433,207,4.9905,1.0,wave,UNKNOWN,UNKNOWN,0.2333,0,64.721
4277,99.6568,207,4.988,1.0,wave,UNKNOWN,UNKNOWN,0.2333,0,64.957
4278,99.6719,207,4.9507,1.0,wave,UNKNOWN,UNKNOWN,0.2333,0,65.489
4279,99.6858,207,4.9647,1.0,wave,UNKNOWN,UNKNOWN,0.2333,0,66.305
4280,99.6994,207,4.9783,1.0,wave,UNKNOWN,UNKNOWN,0.2333,0,66.813
4281,99.7136,207,4.9925,1.0,wave,UNKNOWN,UNKNOWN,0.2333,0,66.424
4282,99.7291,207,4.9931,1.0,wave,UNKNOWN,UNKNOWN,0.2333,0,66.657
4283,99.7441,207,4.9939,1.0,wave,UNKNOWN,UNKNOWN,0.2333,0,66.907
4284,99.7584,207,4.994,1.0,wave,UNKNOWN,UNKNOWN,0.2333,0,67.484
4285,99.7723,207,4.9947,1.0,wave,UNKNOWN,UNKNOWN,0.2333,0,67.982
4286,99.7856,207,4.9941,1.0,wave,UNKNOWN,UNKNOWN,0.2333,0,69.048
4287,99.7986,207,4.9925,1.0,wave,UNKNOWN,UNKNOWN,0.2333,0,69.372
4288,99.8123,207,4.991,1.0,drink_return,UNKNOWN,UNKNOWN,0.2267,1,68.725
4289,99.8674,207,4.9883,1.0,drink_return,UNKNOWN,UNKNOWN,0.2267,0,63.674
4290,99.8838,207,4.9909,1.0,drink_return,UNKNOWN,UNKNOWN,0.2267,0,63.677
4291,99.8989,207,4.9925,1.0,drink_return,UNKNOWN,UNKNOWN,0.2267,0,64.32
4292,99.9132,207,4.9919,1.0,drink_return,UNKNOWN,UNKNOWN,0.2267,0,64.418
4293,99.9291,207,4.9524,1.0,drink_return,UNKNOWN,UNKNOWN,0.2267,0,65.213
4294,99.9424,207,4.9657,1.0,drink_return,UNKNOWN,UNKNOWN,0.2267,0,66.057
4295,99.9558,207,4.9791,1.0,drink_return,UNKNOWN,UNKNOWN,0.2267,0,66.724
4296,99.9695,207,4.9928,1.0,drink_return,UNKNOWN,UNKNOWN,0.2267,0,67.498
4297,99.9832,207,4.9897,1.0,drink_return,UNKNOWN,UNKNOWN,0.2267,0,66.878
4298,99.9995,207,4.9915,1.0,drink_return,UNKNOWN,UNKNOWN,0.2267,0,66.539
4299,100.0152,207,4.9915,1.0,drink_return,UNKNOWN,UNKNOWN,0.2267,0,66.928
4300,100.0292,207,4.9921,1.0,drink_return,UNKNOWN,UNKNOWN,0.2267,0,67.654
4301,100.043,207,4.9899,1.0,drink_return,UNKNOWN,UNKNOWN,0.2267,0,67.537
4302,100.058,207,4.9921,1.0,drink_return,UNKNOWN,UNKNOWN,0.2267,0,67.527
4303,100.0729,207,4.9929,1.0,drink_return,UNKNOWN,UNKNOWN,0.2433,1,68.377
4304,100.124,207,4.9981,1.0,drink_return,UNKNOWN,UNKNOWN,0.2433,0,63.384
4305,100.1401,207,4.9982,1.0,drink_return,UNKNOWN,UNKNOWN,0.2433,0,63.759
4306,100.1549,207,4.9953,1.0,drink_return,UNKNOWN,UNKNOWN,0.2433,0,64.838
4307,100.1683,207,4.9943,1.0,drink_return,UNKNOWN,UNKNOWN,0.2433,0,66.087
4308,100.1813,207,4.9471,1.0,drink_return,UNKNOWN,UNKNOWN,0.2433,0,66.547
4309,100.1954,207,4.9612,1.0,drink_return,UNKNOWN,UNKNOWN,0.2433,0,66.949
4310,100.2096,207,4.9754,1.0,drink_return,UNKNOWN,UNKNOWN,0.2433,0,66.924
4311,100.2251,207,4.9909,1.0,drink_return,UNKNOWN,UNKNOWN,0.2433,0,66.215
4312,100.2412,207,4.9926,1.0,drink_return,UNKNOWN,UNKNOWN,0.2433,0,66.028
4313,100.2569,207,4.9884,1.0,drink_return,UNKNOWN,UNKNOWN,0.2433,0,65.409
4314,100.2732,207,4.9898,1.0,drink_return,UNKNOWN,UNKNOWN,0.2433,0,65.065
4315,100.2896,207,4.9907,1.0,drink_return,UNKNOWN,UNKNOWN,0.2433,0,66.115
4316,100.3028,207,4.9894,1.0,drink_return,UNKNOWN,UNKNOWN,0.2433,0,65.793
4317,100.3189,207,4.991,1.0,drink_return,UNKNOWN,UNKNOWN,0.2433,0,66.761
4318,100.3319,207,4.991,1.0,drink_return,UNKNOWN,UNKNOWN,0.22,1,67.411
4319,100.3838,207,4.9845,1.0,drink_return,UNKNOWN,UNKNOWN,0.22,0,62.567
4320,100.3983,207,4.999,1.0,drink_return,UNKNOWN,UNKNOWN,0.22,0,64.009
4321,100.4113,207,4.9974,1.0,drink_return,UNKNOWN,UNKNOWN,0.22,0,65.446
4322,100.4241,207,4.9957,1.0,drink_return,UNKNOWN,UNKNOWN,0.22,0,66.403
4323,100.4378,207,4.9559,1.0,drink_return,UNKNOWN,UNKNOWN,0.22,0,66.671
4324,100.4521,207,4.9702,1.0,drink_return,UNKNOWN,UNKNOWN,0.22,0,67.092
4325,100.4661,207,4.9842,1.0,drink_return,UNKNOWN,UNKNOWN,0.22,0,66.604
4326,100.4823,207,4.9791,1.0,drink_return,UNKNOWN,UNKNOWN,0.22,0,66.778
4327,100.4969,207,4.9937,1.0,drink_return,UNKNOWN,UNKNOWN,0.22,0,67.206
4328,100.5109,207,4.9821,1.0,drink_return,UNKNOWN,UNKNOWN,0.22,0,68.028
4329,100.5243,207,4.9954,1.0,drink_return,UNKNOWN,UNKNOWN,0.22,0,68.644
4330,100.5378,207,4.9938,1.0,drink_return,UNKNOWN,UNKNOWN,0.22,0,69.48
4331,100.5505,207,4.9885,1.0,drink_return,UNKNOWN,UNKNOWN,0.22,0,69.878
4332,100.5644,207,4.9896,1.0,drink_return,UNKNOWN,UNKNOWN,0.22,0,70.101
4333,100.5783,207,4.9907,1.0,drink_return,UNKNOWN,UNKNOWN,0.22,0,70.01
4334,100.593,207,4.9915,1.0,drink_return,UNKNOWN,UNKNOWN,0.2333,1,67.823
4335,100.6557,207,4.995,1.0,drink_return,UNKNOWN,UNKNOWN,0.2333,0,62.793
4336,100.6706,207,4.9963,1.0,drink_return,UNKNOWN,UNKNOWN,0.2333,0,64.004
4337,100.6837,207,4.9849,1.0,drink_return,UNKNOWN,UNKNOWN,0.2333,0,63.28
4338,100.7015,207,4.9422,1.0,drink_return,UNKNOWN,UNKNOWN,0.2333,0,64.097
4339,100.7155,207,4.9562,1.0,drink_return,UNKNOWN,UNKNOWN,0.2333,0,64.714
4340,100.7315,207,4.9722,1.0,drink_return,UNKNOWN,UNKNOWN,0.2333,0,62.779
4341,100.7516,207,4.9923,1.0,drink_return,UNKNOWN,UNKNOWN,0.2333,0,61.979
4342,100.7702,207,4.9931,1.0,drink_return,UNKNOWN,UNKNOWN,0.2333,0,62.932
4343,100.7838,207,4.9866,1.0,drink_return,UNKNOWN,UNKNOWN,0.2333,0,64.042
4344,100.7974,207,4.9806,1.0,drink_return,UNKNOWN,UNKNOWN,0.2333,0,65.08
4345,100.8108,207,4.9939,1.0,drink_return,UNKNOWN,UNKNOWN,0.2333,0,66.126
4346,100.824,207,4.9902,1.0,drink_return,UNKNOWN,UNKNOWN,0.2333,0,67.026
4347,100.8373,207,4.9906,1.0,drink_return,UNKNOWN,UNKNOWN,0.2333,0,67.618
4348,100.8507,207,4.9908,1.0,sit_stand,UNKNOWN,UNKNOWN,0.2033,1,66.847
4349,100.9046,207,4.9958,1.0,sit_stand,UNKNOWN,UNKNOWN,0.2033,0,62.115
4350,100.9194,207,4.9944,1.0,sit_stand,UNKNOWN,UNKNOWN,0.2033,0,63.306
4351,100.9327,207,4.9938,1.0,sit_stand,UNKNOWN,UNKNOWN,0.2033,0,62.932
4352,100.9496,207,4.9964,1.0,sit_stand,UNKNOWN,UNKNOWN,0.2033,0,64.16
4353,100.9625,207,4.9575,1.0,sit_stand,UNKNOWN,UNKNOWN,0.2033,0,64.798
4354,100.9767,207,4.9718,1.0,sit_stand,UNKNOWN,UNKNOWN,0.2033,0,65.457
4355,100.9907,207,4.9858,1.0,sit_stand,UNKNOWN,UNKNOWN,0.2033,0,66.255
4356,101.0045,207,4.9995,1.0,sit_stand,UNKNOWN,UNKNOWN,0.2033,0,66.376
4357,101.0195,207,4.9988,1.0,sit_stand,UNKNOWN,UNKNOWN,0.2033,0,64.147
4358,101.042,207,4.9937,1.0,sit_stand,UNKNOWN,UNKNOWN,0.2033,0,64.795
4359,101.0561,207,4.9944,1.0,sit_stand,UNKNOWN,UNKNOWN,0.2033,0,65.406
4360,101.0704,207,4.9904,1.0,sit_stand,UNKNOWN,UNKNOWN,0.2033,0,65.285
4361,101.0857,207,4.9923,1.0,sit_stand,UNKNOWN,UNKNOWN,0.2033,0,65.742
4362,101.1,207,4.9914,1.0,sit_stand,UNKNOWN,UNKNOWN,0.2033,0,66.136
4363,101.1144,207,4.9913,1.0,sit_stand,UNKNOWN,UNKNOWN,0.2167,1,65.515
4364,101.1676,207,4.9897,1.0,sit_stand,UNKNOWN,UNKNOWN,0.2167,0,60.865
4365,101.1838,207,4.9925,1.0,sit_stand,UNKNOWN,UNKNOWN,0.2167,0,61.358
4366,101.1988,207,4.9922,1.0,sit_stand,UNKNOWN,UNKNOWN,0.2167,0,62.731
4367,101.2122,207,4.9451,1.0,sit_stand,UNKNOWN,UNKNOWN,0.2167,0,63.749
4368,101.2259,207,4.9588,1.0,sit_stand,UNKNOWN,UNKNOWN,0.2167,0,64.987
4369,101.2389,207,4.9718,1.0,sit_stand,UNKNOWN,UNKNOWN,0.2167,0,65.556
4370,101.2532,207,4.9861,1.0,sit_stand,UNKNOWN,UNKNOWN,0.2167,0,65.914
4371,101.2677,207,4.9868,1.0,sit_stand,UNKNOWN,UNKNOWN,0.2167,0,65.386
4372,101.2841,207,4.9888,1.0,sit_stand,UNKNOWN,UNKNOWN,0.2167,0,65.684
4373,101.2988,207,4.9888,1.0,sit_stand,UNKNOWN,UNKNOWN,0.2167,0,65.287
4374,101.315,207,4.991,1.0,sit_stand,UNKNOWN,UNKNOWN,0.2167,0,65.184
4375,101.3305,207,4.9935,1.0,sit_stand,UNKNOWN,UNKNOWN,0.2167,0,65.655
4376,101.3448,207,4.9928,1.0,sit_stand,UNKNOWN,UNKNOWN,0.2167,0,66.798
4377,101.3583,207,4.9844,1.0,sit_stand,UNKNOWN,UNKNOWN,0.2167,0,67.423
4378,101.3714,207,4.9976,1.0,leg_raise_lower,UNKNOWN,UNKNOWN,0.21,1,68.075
4379,101.4243,207,4.9971,1.0,leg_raise_lower,UNKNOWN,UNKNOWN,0.21,0,63.143
4380,101.4383,207,4.9934,1.0,leg_raise_lower,UNKNOWN,UNKNOWN,0.21,0,64.228
4381,101.4517,207,4.9909,1.0,leg_raise_lower,UNKNOWN,UNKNOWN,0.21,0,65.49
4382,101.4649,207,4.948,1.0,leg_raise_lower,UNKNOWN,UNKNOWN,0.21,0,66.221
4383,101.4786,207,4.9617,1.0,leg_raise_lower,UNKNOWN,UNKNOWN,0.21,0,67.155
4384,101.4918,207,4.9749,1.0,leg_raise_lower,UNKNOWN,UNKNOWN,0.21,0,67.624
4385,101.5056,207,4.9887,1.0,leg_raise_lower,UNKNOWN,UNKNOWN,0.21,0,68.144
4386,101.5192,207,4.9866,1.0,leg_raise_lower,UNKNOWN,UNKNOWN,0.21,0,68.754
4387,101.5331,207,4.9866,1.0,leg_raise_lower,UNKNOWN,UNKNOWN,0.21,0,68.989
4388,101.547,207,4.9832,1.0,leg_raise_lower,UNKNOWN,UNKNOWN,0.21,0,68.578
4389,101.5624,207,4.9987,1.0,leg_raise_lower,UNKNOWN,UNKNOWN,0.21,0,69.283
4390,101.5758,207,4.9978,1.0,leg_raise_lower,UNKNOWN,UNKNOWN,0.21,0,69.64
4391,101.5893,207,4.9959,1.0,leg_raise_lower,UNKNOWN,UNKNOWN,0.21,0,68.617
4392,101.6061,207,4.9981,1.0,leg_raise_lower,UNKNOWN,UNKNOWN,0.21,0,68.368
4393,101.6216,207,4.9808,1.0,wave,UNKNOWN,UNKNOWN,0.2167,1,68.543
4394,101.6728,207,4.9963,1.0,wave,UNKNOWN,UNKNOWN,0.2167,0,63.629
4395,101.6871,207,4.9916,1.0,wave,UNKNOWN,UNKNOWN,0.2167,0,63.196
4396,101.704,207,4.9897,1.0,wave,UNKNOWN,UNKNOWN,0.2167,0,64.757
4397,101.7166,207,4.941,1.0,wave,UNKNOWN,UNKNOWN,0.2167,0,65.53
4398,101.7307,207,4.9551,1.0,wave,UNKNOWN,UNKNOWN,0.2167,0,65.685
4399,101.7454,207,4.9698,1.0,wave,UNKNOWN,UNKNOWN,0.2167,0,66.344
4400,101.7591,207,4.9835,1.0,wave,UNKNOWN,UNKNOWN,0.2167,0,67.099
4401,101.773,207,4.9974,1.0,wave,UNKNOWN,UNKNOWN,0.2167,0,67.367
4402,101.787,207,4.9964,1.0,wave,UNKNOWN,UNKNOWN,0.2167,0,67.619
4403,101.8013,207,4.9973,1.0,wave,UNKNOWN,UNKNOWN,0.2167,0,66.467
4404,101.8192,207,4.9867,1.0,wave,UNKNOWN,UNKNOWN,0.2167,0,65.781
4405,101.8357,207,4.9895,1.0,wave,UNKNOWN,UNKNOWN,0.2167,0,65.745
4406,101.8512,207,4.9907,1.0,wave,UNKNOWN,UNKNOWN,0.2167,0,65.973
4407,101.866,207,4.9901,1.0,wave,UNKNOWN,UNKNOWN,0.2167,0,66.349
4408,101.8804,207,4.9906,1.0,wave,UNKNOWN,UNKNOWN,0.2167,1,67.511
4409,101.9303,207,4.9902,1.0,wave,UNKNOWN,UNKNOWN,0.2167,0,62.653
4410,101.9461,207,4.9906,1.0,wave,UNKNOWN,UNKNOWN,0.2167,0,63.549
4411,101.9599,207,4.9833,1.0,wave,UNKNOWN,UNKNOWN,0.2167,0,64.664
4412,101.9734,207,4.9968,1.0,wave,UNKNOWN,UNKNOWN,0.2167,0,65.849
4413,101.9866,207,4.9581,1.0,wave,UNKNOWN,UNKNOWN,0.2167,0,66.526
4414,102.0001,207,4.9717,1.0,wave,UNKNOWN,UNKNOWN,0.2167,0,67.251
4415,102.0134,207,4.985,1.0,wave,UNKNOWN,UNKNOWN,0.2167,0,67.804
4416,102.0275,207,4.999,1.0,wave,UNKNOWN,UNKNOWN,0.2167,0,67.085
4417,102.0439,207,4.9994,1.0,wave,UNKNOWN,UNKNOWN,0.2167,0,67.73
4418,102.0576,207,4.9979,1.0,wave,UNKNOWN,UNKNOWN,0.2167,0,68.604
4419,102.0709,207,4.9975,1.0,wave,UNKNOWN,UNKNOWN,0.2167,0,67.978
4420,102.0868,207,4.9998,1.0,wave,UNKNOWN,UNKNOWN,0.2167,0,68.284
4421,102.1006,207,4.9998,1.0,wave,UNKNOWN,UNKNOWN,0.2167,0,68.841
4422,102.114,207,4.9971,1.0,wave,UNKNOWN,UNKNOWN,0.2167,0,69.297
4423,102.128,207,4.9953,1.0,wave,UNKNOWN,UNKNOWN,0.2167,0,68.916
4424,102.1434,207,4.9967,1.0,wave,UNKNOWN,UNKNOWN,0.21,1,68.988
4425,102.1945,207,4.9841,1.0,wave,UNKNOWN,UNKNOWN,0.21,0,63.761
4426,102.2174,207,4.9928,1.0,wave,UNKNOWN,UNKNOWN,0.21,0,64.339
4427,102.2321,207,4.9914,1.0,wave,UNKNOWN,UNKNOWN,0.21,0,64.685
4428,102.2464,207,4.9543,1.0,wave,UNKNOWN,UNKNOWN,0.21,0,65.359
4429,102.2606,207,4.9685,1.0,wave,UNKNOWN,UNKNOWN,0.21,0,66.027
4430,102.274,207,4.9819,1.0,wave,UNKNOWN,UNKNOWN,0.21,0,67.047
4431,102.2876,207,4.9955,1.0,wave,UNKNOWN,UNKNOWN,0.21,0,67.57
4432,102.3012,207,4.9942,1.0,wave,UNKNOWN,UNKNOWN,0.21,0,68.014
4433,102.3149,207,4.984,1.0,wave,UNKNOWN,UNKNOWN,0.21,0,68.756
4434,102.3291,207,4.9982,1.0,wave,UNKNOWN,UNKNOWN,0.21,0,67.997
4435,102.3449,207,4.9866,1.0,wave,UNKNOWN,UNKNOWN,0.21,0,67.542
4436,102.3607,207,4.9877,1.0,wave,UNKNOWN,UNKNOWN,0.21,0,67.879
4437,102.3748,207,4.9864,1.0,wave,UNKNOWN,UNKNOWN,0.21,0,67.955
4438,102.3892,207,4.9865,1.0,wave,UNKNOWN,UNKNOWN,0.21,0,67.151
4439,102.4059,207,4.9822,1.0,wave,UNKNOWN,UNKNOWN,0.21,1,67.641
4440,102.4667,207,4.9992,1.0,wave,UNKNOWN,UNKNOWN,0.21,0,62.473
4441,102.4825,207,4.9884,1.0,wave,UNKNOWN,UNKNOWN,0.21,0,63.428
4442,102.497,207,4.9513,1.0,wave,UNKNOWN,UNKNOWN,0.21,0,64.56
4443,102.5097,207,4.964,1.0,wave,UNKNOWN,UNKNOWN,0.21,0,65.834
4444,102.5225,207,4.9769,1.0,wave,UNKNOWN,UNKNOWN,0.21,0,66.41
4445,102.5367,207,4.991,1.0,wave,UNKNOWN,UNKNOWN,0.21,0,65.771
4446,102.5534,207,4.9931,1.0,wave,UNKNOWN,UNKNOWN,0.21,0,65.961
4447,102.5681,207,4.9937,1.0,wave,UNKNOWN,UNKNOWN,0.21,0,66.326
4448,102.5823,207,4.9934,1.0,wave,UNKNOWN,UNKNOWN,0.21,0,67.642
4449,102.5952,207,4.9916,1.0,wave,UNKNOWN,UNKNOWN,0.21,0,68.322
4450,102.6084,207,4.9918,1.0,wave,UNKNOWN,UNKNOWN,0.21,0,68.486
4451,102.6229,207,4.9849,1.0,wave,UNKNOWN,UNKNOWN,0.21,0,68.73
4452,102.6368,207,4.9988,1.0,wave,UNKNOWN,UNKNOWN,0.21,0,68.593
4453,102.6522,207,4.9826,1.0,wave,UNKNOWN,UNKNOWN,0.21,0,67.902
4454,102.668,207,4.9983,1.0,wave,UNKNOWN,UNKNOWN,0.2467,1,67.853
4455,102.7194,207,4.9958,1.0,wave,UNKNOWN,UNKNOWN,0.2467,0,63.017
4456,102.7345,207,4.9929,1.0,wave,UNKNOWN,UNKNOWN,0.2467,0,63.722
4457,102.7486,207,4.9922,1.0,wave,UNKNOWN,UNKNOWN,0.2467,0,64.89
4458,102.7617,207,4.9438,1.0,wave,UNKNOWN,UNKNOWN,0.2467,0,65.998
4459,102.7745,207,4.9566,1.0,wave,UNKNOWN,UNKNOWN,0.2467,0,66.51
4460,102.7887,207,4.9708,1.0,wave,UNKNOWN,UNKNOWN,0.2467,0,66.803
4461,102.8031,207,4.9852,1.0,wave,UNKNOWN,UNKNOWN,0.2467,0,66.639
4462,102.8185,207,4.985,1.0,wave,UNKNOWN,UNKNOWN,0.2467,0,67.11
4463,102.8325,207,4.9991,1.0,wave,UNKNOWN,UNKNOWN,0.2467,0,67.612
4464,102.8467,207,4.9976,1.0,wave,UNKNOWN,UNKNOWN,0.2467,0,68.273
4465,102.8606,207,4.9946,1.0,wave,UNKNOWN,UNKNOWN,0.2467,0,68.688
4466,102.8739,207,4.9941,1.0,wave,UNKNOWN,UNKNOWN,0.2467,0,69.005
4467,102.8873,207,4.9951,1.0,wave,UNKNOWN,UNKNOWN,0.2467,0,69.224
4468,102.9016,207,4.9958,1.0,wave,UNKNOWN,UNKNOWN,0.2467,0,69.226
4469,102.9161,207,4.9969,1.0,wave,UNKNOWN,UNKNOWN,0.2467,0,69.769
4470,102.9301,207,4.9978,1.0,wave,UNKNOWN,UNKNOWN,0.2433,1,68.868
4471,102.9833,207,4.9962,1.0,wave,UNKNOWN,UNKNOWN,0.2433,0,63.934
4472,102.9973,207,4.9966,1.0,wave,UNKNOWN,UNKNOWN,0.2433,0,65.085
4473,103.0105,207,4.9958,1.0,wave,UNKNOWN,UNKNOWN,0.2433,0,65.999
4474,103.0241,207,4.9555,1.0,wave,UNKNOWN,UNKNOWN,0.2433,0,63.957
4475,103.0463,207,4.9777,1.0,wave,UNKNOWN,UNKNOWN,0.2433,0,64.772
4476,103.0605,207,4.9919,1.0,wave,UNKNOWN,UNKNOWN,0.2433,0,65.33
4477,103.0739,207,4.991,1.0,wave,UNKNOWN,UNKNOWN,0.2433,0,65.964
4478,103.088,207,4.992,1.0,wave,UNKNOWN,UNKNOWN,0.2433,0,66.312
4479,103.1022,207,4.9927,1.0,wave,UNKNOWN,UNKNOWN,0.2433,0,67.267
4480,103.1153,207,4.992,1.0,wave,UNKNOWN,UNKNOWN,0.2433,0,67.846
4481,103.1288,207,4.9918,1.0,wave,UNKNOWN,UNKNOWN,0.2433,0,68.271
4482,103.1429,207,4.9918,1.0,wave,UNKNOWN,UNKNOWN,0.2433,0,69.035
4483,103.1558,207,4.9882,1.0,wave,UNKNOWN,UNKNOWN,0.2433,0,69.803
4484,103.1692,207,4.9873,1.0,wave,UNKNOWN,UNKNOWN,0.2433,0,70.51
4485,103.1819,207,4.9849,1.0,wave,UNKNOWN,UNKNOWN,0.23,1,71.052
4486,103.2342,207,4.9918,1.0,wave,UNKNOWN,UNKNOWN,0.23,0,65.802
4487,103.2491,207,4.9872,1.0,wave,UNKNOWN,UNKNOWN,0.23,0,66.953
4488,103.2621,207,4.9865,1.0,wave,UNKNOWN,UNKNOWN,0.23,0,67.832
4489,103.2756,207,4.9472,1.0,wave,UNKNOWN,UNKNOWN,0.23,0,68.058
4490,103.2899,207,4.9615,1.0,wave,UNKNOWN,UNKNOWN,0.23,0,67.315
4491,103.306,207,4.9776,1.0,wave,UNKNOWN,UNKNOWN,0.23,0,65.103
4492,103.3287,207,4.9844,1.0,wave,UNKNOWN,UNKNOWN,0.23,0,65.957
4493,103.3421,207,4.9978,1.0,wave,UNKNOWN,UNKNOWN,0.23,0,66.114
4494,103.3565,207,4.9972,1.0,wave,UNKNOWN,UNKNOWN,0.23,0,66.381
4495,103.3713,207,4.999,1.0,wave,UNKNOWN,UNKNOWN,0.23,0,66.322
4496,103.3865,207,4.9987,1.0,wave,UNKNOWN,UNKNOWN,0.23,0,66.227
4497,103.4017,207,4.9867,1.0,wave,UNKNOWN,UNKNOWN,0.23,0,66.715
4498,103.4169,207,4.9863,1.0,wave,UNKNOWN,UNKNOWN,0.23,0,66.968
4499,103.4304,207,4.9999,1.0,wave,UNKNOWN,UNKNOWN,0.23,0,67.671
4500,103.4438,207,4.9979,1.0,drink_return,UNKNOWN,UNKNOWN,0.2533,1,67.681
4501,103.4965,207,4.9924,1.0,drink_return,UNKNOWN,UNKNOWN,0.2533,0,62.842
4502,103.5105,207,4.9891,1.0,drink_return,UNKNOWN,UNKNOWN,0.2533,0,62.368
4503,103.5281,207,4.9917,1.0,drink_return,UNKNOWN,UNKNOWN,0.2533,0,62.763
4504,103.5426,207,4.9521,1.0,drink_return,UNKNOWN,UNKNOWN,0.2533,0,63.402
4505,103.5582,207,4.9676,1.0,drink_return,UNKNOWN,UNKNOWN,0.2533,0,62.706
4506,103.5749,207,4.9843,1.0,drink_return,UNKNOWN,UNKNOWN,0.2533,0,64.051
4507,103.5881,207,4.9976,1.0,drink_return,UNKNOWN,UNKNOWN,0.2533,0,64.316
4508,103.603,207,4.9979,1.0,drink_return,UNKNOWN,UNKNOWN,0.2533,0,65.055
4509,103.6169,207,4.998,1.0,drink_return,UNKNOWN,UNKNOWN,0.2533,0,66.1
4510,103.6306,207,4.9983,1.0,drink_return,UNKNOWN,UNKNOWN,0.2533,0,66.596
4511,103.6443,207,4.9978,1.0,drink_return,UNKNOWN,UNKNOWN,0.2533,0,66.742
4512,103.6589,207,4.9973,1.0,drink_return,UNKNOWN,UNKNOWN,0.2533,0,67.178
4513,103.6729,207,4.9971,1.0,drink_return,UNKNOWN,UNKNOWN,0.2533,0,66.834
4514,103.6886,207,4.9979,1.0,drink_return,UNKNOWN,UNKNOWN,0.2533,0,67.486
4515,103.7024,207,4.9976,1.0,drink_return,UNKNOWN,UNKNOWN,0.2467,1,68.173
4516,103.7547,207,4.9914,1.0,drink_return,UNKNOWN,UNKNOWN,0.2467,0,63.168
4517,103.7709,207,4.9932,1.0,drink_return,UNKNOWN,UNKNOWN,0.2467,0,62.876
4518,103.7875,207,4.9941,1.0,drink_return,UNKNOWN,UNKNOWN,0.2467,0,63.167
4519,103.8027,207,4.9468,1.0,drink_return,UNKNOWN,UNKNOWN,0.2467,0,64.312
4520,103.8169,207,4.961,1.0,drink_return,UNKNOWN,UNKNOWN,0.2467,0,65.039
4521,103.8303,207,4.9744,1.0,drink_return,UNKNOWN,UNKNOWN,0.2467,0,66.032
4522,103.8433,207,4.9874,1.0,drink_return,UNKNOWN,UNKNOWN,0.2467,0,67.015
4523,103.8563,207,4.982,1.0,drink_return,UNKNOWN,UNKNOWN,0.2467,0,67.326
4524,103.8708,207,4.9965,1.0,drink_return,UNKNOWN,UNKNOWN,0.2467,0,66.299
4525,103.8883,207,4.9997,1.0,drink_return,UNKNOWN,UNKNOWN,0.2467,0,66.477
4526,103.9031,207,4.9865,1.0,drink_return,UNKNOWN,UNKNOWN,0.2467,0,67.668
4527,103.9164,207,4.9999,1.0,drink_return,UNKNOWN,UNKNOWN,0.2467,0,67.605
4528,103.9306,207,4.9972,1.0,drink_return,UNKNOWN,UNKNOWN,0.2467,0,68.162
4529,103.9451,207,4.9978,1.0,drink_return,UNKNOWN,UNKNOWN,0.2467,0,68.1
4530,103.9595,207,4.9989,1.0,drink_return,UNKNOWN,UNKNOWN,0.2467,1,68.286
4531,104.0119,207,4.995,1.0,drink_return,UNKNOWN,UNKNOWN,0.2467,0,63.35
4532,104.0263,207,4.9924,1.0,drink_return,UNKNOWN,UNKNOWN,0.2467,0,64.548
4533,104.0401,207,4.9907,1.0,drink_return,UNKNOWN,UNKNOWN,0.2467,0,65.241
4534,104.0537,207,4.9528,1.0,drink_return,UNKNOWN,UNKNOWN,0.2467,0,65.862
4535,104.0674,207,4.9665,1.0,drink_return,UNKNOWN,UNKNOWN,0.2467,0,66.785
4536,104.0812,207,4.9803,1.0,drink_return,UNKNOWN,UNKNOWN,0.2467,0,67.431
4537,104.0947,207,4.9938,1.0,drink_return,UNKNOWN,UNKNOWN,0.2467,0,67.614
4538,104.1091,207,4.9935,1.0,drink_return,UNKNOWN,UNKNOWN,0.2467,0,65.263
4539,104.1322,207,4.99,1.0,drink_return,UNKNOWN,UNKNOWN,0.2467,0,63.137
4540,104.1545,207,4.9928,1.0,drink_return,UNKNOWN,UNKNOWN,0.2467,0,63.9
4541,104.1687,207,4.9925,1.0,drink_return,UNKNOWN,UNKNOWN,0.2467,0,65.211
4542,104.1816,207,4.9917,1.0,drink_return,UNKNOWN,UNKNOWN,0.2467,0,65.601
4543,104.196,207,4.9923,1.0,drink_return,UNKNOWN,UNKNOWN,0.2467,0,65.747
4544,104.2109,207,4.9918,1.0,wave,UNKNOWN,UNKNOWN,0.2333,1,63.614
4545,104.2693,207,4.9886,1.0,wave,UNKNOWN,UNKNOWN,0.2333,0,59.245
4546,104.2841,207,4.989,1.0,wave,UNKNOWN,UNKNOWN,0.2333,0,60.795
4547,104.2967,207,4.9876,1.0,wave,UNKNOWN,UNKNOWN,0.2333,0,62.05
4548,104.3105,207,4.9379,1.0,wave,UNKNOWN,UNKNOWN,0.2333,0,63.247
4549,104.3243,207,4.9516,1.0,wave,UNKNOWN,UNKNOWN,0.2333,0,63.217
4550,104.34,207,4.9674,1.0,wave,UNKNOWN,UNKNOWN,0.2333,0,63.193
4551,104.3556,207,4.983,1.0,wave,UNKNOWN,UNKNOWN,0.2333,0,61.534
4552,104.3772,207,4.9891,1.0,wave,UNKNOWN,UNKNOWN,0.2333,0,60.563
4553,104.3966,207,4.9937,1.0,wave,UNKNOWN,UNKNOWN,0.2333,0,62.02
4554,104.4098,207,4.9909,1.0,wave,UNKNOWN,UNKNOWN,0.2333,0,63.224
4555,104.4232,207,4.9879,1.0,wave,UNKNOWN,UNKNOWN,0.2333,0,63.881
4556,104.4375,207,4.9892,1.0,wave,UNKNOWN,UNKNOWN,0.2333,0,64.502
4557,104.452,207,4.9907,1.0,wave,UNKNOWN,UNKNOWN,0.2333,0,64.798
4558,104.468,207,4.9913,1.0,drink_return,UNKNOWN,UNKNOWN,0.23,1,65.308
4559,104.5189,207,4.9866,1.0,drink_return,UNKNOWN,UNKNOWN,0.23,0,60.66
4560,104.5343,207,4.9883,1.0,drink_return,UNKNOWN,UNKNOWN,0.23,0,62.311
4561,104.5476,207,4.9877,1.0,drink_return,UNKNOWN,UNKNOWN,0.23,0,63.42
4562,104.5608,207,4.9457,1.0,drink_return,UNKNOWN,UNKNOWN,0.23,0,64.901
4563,104.5736,207,4.9584,1.0,drink_return,UNKNOWN,UNKNOWN,0.23,0,64.839
4564,104.5892,207,4.974,1.0,drink_return,UNKNOWN,UNKNOWN,0.23,0,65.657
4565,104.6027,207,4.9875,1.0,drink_return,UNKNOWN,UNKNOWN,0.23,0,66.767
4566,104.6159,207,4.9863,1.0,drink_return,UNKNOWN,UNKNOWN,0.23,0,67.445
4567,104.6296,207,4.9999,1.0,drink_return,UNKNOWN,UNKNOWN,0.23,0,68.349
4568,104.6428,207,4.9995,1.0,drink_return,UNKNOWN,UNKNOWN,0.23,0,68.66
4569,104.6563,207,4.9996,1.0,drink_return,UNKNOWN,UNKNOWN,0.23,0,67.043
4570,104.6759,207,4.9901,1.0,drink_return,UNKNOWN,UNKNOWN,0.23,0,67.745
4571,104.6891,207,4.9896,1.0,drink_return,UNKNOWN,UNKNOWN,0.23,0,68.391
4572,104.7026,207,4.989,1.0,drink_return,UNKNOWN,UNKNOWN,0.23,0,69.169
4573,104.7188,207,4.9898,1.0,wave,UNKNOWN,UNKNOWN,0.2433,1,68.395
4574,104.7708,207,4.9985,1.0,wave,UNKNOWN,UNKNOWN,0.2433,0,63.31
4575,104.789,207,4.9904,1.0,wave,UNKNOWN,UNKNOWN,0.2433,0,63.794
4576,104.8038,207,4.9915,1.0,wave,UNKNOWN,UNKNOWN,0.2433,0,64.767
4577,104.8181,207,4.9506,1.0,wave,UNKNOWN,UNKNOWN,0.2433,0,65.572
4578,104.8312,207,4.9638,1.0,wave,UNKNOWN,UNKNOWN,0.2433,0,65.133
4579,104.8476,207,4.9801,1.0,wave,UNKNOWN,UNKNOWN,0.2433,0,66.049
4580,104.8607,207,4.9933,1.0,wave,UNKNOWN,UNKNOWN,0.2433,0,66.935
4581,104.8742,207,4.9904,1.0,wave,UNKNOWN,UNKNOWN,0.2433,0,64.643
4582,104.8969,207,4.998,1.0,wave,UNKNOWN,UNKNOWN,0.2433,0,65.713
4583,104.9103,207,4.9971,1.0,wave,UNKNOWN,UNKNOWN,0.2433,0,66.409
4584,104.924,207,4.9949,1.0,wave,UNKNOWN,UNKNOWN,0.2433,0,64.256
4585,104.9466,207,4.9907,1.0,wave,UNKNOWN,UNKNOWN,0.2433,0,65.121
4586,104.9601,207,4.9906,1.0,wave,UNKNOWN,UNKNOWN,0.2433,0,63.2
4587,104.9816,207,4.9984,1.0,wave,UNKNOWN,UNKNOWN,0.2467,1,64.944
4588,105.0325,207,4.9895,1.0,wave,UNKNOWN,UNKNOWN,0.2467,0,60.292
4589,105.0486,207,4.9906,1.0,wave,UNKNOWN,UNKNOWN,0.2467,0,61.471
4590,105.0623,207,4.9895,1.0,wave,UNKNOWN,UNKNOWN,0.2467,0,62.455
4591,105.0793,207,4.9553,1.0,wave,UNKNOWN,UNKNOWN,0.2467,0,60.193
4592,105.1014,207,4.9774,1.0,wave,UNKNOWN,UNKNOWN,0.2467,0,61.219
4593,105.1159,207,4.9919,1.0,wave,UNKNOWN,UNKNOWN,0.2467,0,62.121
4594,105.13,207,4.9899,1.0,wave,UNKNOWN,UNKNOWN,0.2467,0,62.84
4595,105.1444,207,4.9895,1.0,wave,UNKNOWN,UNKNOWN,0.2467,0,64.064
4596,105.1583,207,4.99,1.0,wave,UNKNOWN,UNKNOWN,0.2467,0,64.595
4597,105.1723,207,4.9911,1.0,wave,UNKNOWN,UNKNOWN,0.2467,0,63.746
4598,105.19,207,4.9945,1.0,wave,UNKNOWN,UNKNOWN,0.2467,0,64.447
4599,105.204,207,4.9944,1.0,wave,UNKNOWN,UNKNOWN,0.2467,0,64.29
4600,105.22,207,4.9949,1.0,wave,UNKNOWN,UNKNOWN,0.2467,0,65.076
4601,105.2341,207,4.9929,1.0,wave,UNKNOWN,UNKNOWN,0.2133,1,62.813
4602,105.295,207,4.9922,1.0,wave,UNKNOWN,UNKNOWN,0.2133,0,58.449
4603,105.3094,207,4.9905,1.0,wave,UNKNOWN,UNKNOWN,0.2133,0,59.005
4604,105.3251,207,4.9931,1.0,wave,UNKNOWN,UNKNOWN,0.2133,0,59.404
4605,105.341,207,4.9572,1.0,wave,UNKNOWN,UNKNOWN,0.2133,0,60.514
4606,105.3549,207,4.9711,1.0,wave,UNKNOWN,UNKNOWN,0.2133,0,62.511
4607,105.3675,207,4.9837,1.0,wave,UNKNOWN,UNKNOWN,0.2133,0,63.752
4608,105.3808,207,4.997,1.0,wave,UNKNOWN,UNKNOWN,0.2133,0,64.935
4609,105.3946,207,4.9962,1.0,wave,UNKNOWN,UNKNOWN,0.2133,0,65.029
4610,105.4093,207,4.998,1.0,wave,UNKNOWN,UNKNOWN,0.2133,0,64.974
4611,105.4247,207,4.987,1.0,wave,UNKNOWN,UNKNOWN,0.2133,0,65.582
4612,105.4388,207,4.9867,1.0,wave,UNKNOWN,UNKNOWN,0.2133,0,66.535
4613,105.4523,207,4.9863,1.0,wave,UNKNOWN,UNKNOWN,0.2133,0,66.424
4614,105.468,207,4.9856,1.0,wave,UNKNOWN,UNKNOWN,0.2133,0,67.219
4615,105.4811,207,4.9988,1.0,wave,UNKNOWN,UNKNOWN,0.2133,0,67.141
4616,105.496,207,4.9991,1.0,wave,UNKNOWN,UNKNOWN,0.2533,1,67.059
4617,105.547,207,4.9965,1.0,wave,UNKNOWN,UNKNOWN,0.2533,0,62.067
4618,105.5694,207,4.9911,1.0,wave,UNKNOWN,UNKNOWN,0.2533,0,63.237
4619,105.5831,207,4.99,1.0,wave,UNKNOWN,UNKNOWN,0.2533,0,61.706
4620,105.6041,207,4.9484,1.0,wave,UNKNOWN,UNKNOWN,0.2533,0,63.172
4621,105.6167,207,4.961,1.0,wave,UNKNOWN,UNKNOWN,0.2533,0,63.71
4622,105.6316,207,4.9758,1.0,wave,UNKNOWN,UNKNOWN,0.2533,0,63.742
4623,105.6475,207,4.9917,1.0,wave,UNKNOWN,UNKNOWN,0.2533,0,62.141
4624,105.6682,207,4.9976,1.0,wave,UNKNOWN,UNKNOWN,0.2533,0,63.427
4625,105.6815,207,4.9978,1.0,wave,UNKNOWN,UNKNOWN,0.2533,0,61.807
4626,105.7028,207,4.9873,1.0,wave,UNKNOWN,UNKNOWN,0.2533,0,63.362
4627,105.7151,207,4.9997,1.0,wave,UNKNOWN,UNKNOWN,0.2533,0,64.737
4628,105.7283,207,4.9968,1.0,wave,UNKNOWN,UNKNOWN,0.2533,0,64.988
4629,105.7434,207,4.9918,1.0,wave,UNKNOWN,UNKNOWN,0.2533,0,64.656
4630,105.7597,207,4.9895,1.0,wave,UNKNOWN,UNKNOWN,0.22,1,64.713
4630,105.7597,223,0.0,1.0,WARMING_UP,WARMING_UP,WARMING_UP,0.0,0,64.713
4631,105.8148,207,4.9907,1.0,wave,UNKNOWN,UNKNOWN,0.22,0,60.055
4631,105.8148,223,0.0551,1.0,WARMING_UP,WARMING_UP,WARMING_UP,0.0,0,60.055
4632,105.8304,207,4.9931,1.0,wave,UNKNOWN,UNKNOWN,0.22,0,58.599
4632,105.8304,223,0.0707,1.0,WARMING_UP,WARMING_UP,WARMING_UP,0.0,0,58.599
4633,105.8522,207,4.9476,1.0,wave,UNKNOWN,UNKNOWN,0.22,0,59.509
4633,105.8522,223,0.0926,1.0,WARMING_UP,WARMING_UP,WARMING_UP,0.0,0,59.509
4634,105.8671,207,4.9625,1.0,wave,UNKNOWN,UNKNOWN,0.22,0,60.209
4634,105.8671,223,0.1074,1.0,WARMING_UP,WARMING_UP,WARMING_UP,0.0,0,60.209
4635,105.882,207,4.9774,1.0,wave,UNKNOWN,UNKNOWN,0.22,0,61.247
4635,105.882,223,0.1224,1.0,WARMING_UP,WARMING_UP,WARMING_UP,0.0,0,61.247
4636,105.8963,207,4.9917,1.0,wave,UNKNOWN,UNKNOWN,0.22,0,60.924
4636,105.8963,223,0.1366,1.0,WARMING_UP,WARMING_UP,WARMING_UP,0.0,0,60.924
4637,105.9136,207,4.9942,1.0,wave,UNKNOWN,UNKNOWN,0.22,0,61.36
4637,105.9136,223,0.154,1.0,WARMING_UP,WARMING_UP,WARMING_UP,0.0,0,61.36
4638,105.9288,207,4.9961,1.0,wave,UNKNOWN,UNKNOWN,0.22,0,61.945
4638,105.9288,223,0.1691,1.0,WARMING_UP,WARMING_UP,WARMING_UP,0.0,0,61.945
4639,105.9437,207,4.9941,1.0,wave,UNKNOWN,UNKNOWN,0.22,0,62.562
4639,105.9437,223,0.184,1.0,WARMING_UP,WARMING_UP,WARMING_UP,0.0,0,62.562
4640,105.9583,207,4.9958,1.0,wave,UNKNOWN,UNKNOWN,0.22,0,62.813
4640,105.9583,223,0.1986,1.0,WARMING_UP,WARMING_UP,WARMING_UP,0.0,0,62.813
4641,105.9735,207,4.9967,1.0,wave,UNKNOWN,UNKNOWN,0.22,0,61.148
4641,105.9735,223,0.2138,1.0,WARMING_UP,WARMING_UP,WARMING_UP,0.0,0,61.148
4642,105.9953,207,4.9909,1.0,wave,UNKNOWN,UNKNOWN,0.22,0,59.964
4642,105.9953,223,0.2357,1.0,WARMING_UP,WARMING_UP,WARMING_UP,0.0,0,59.964
4643,106.0157,207,4.9962,1.0,sit_stand,UNKNOWN,UNKNOWN,0.2133,1,61.311
4643,106.0157,223,0.256,1.0,WARMING_UP,WARMING_UP,WARMING_UP,0.0,0,61.311
4644,106.0659,207,4.9955,1.0,sit_stand,UNKNOWN,UNKNOWN,0.2133,0,57.076
4644,106.0659,223,0.3063,1.0,WARMING_UP,WARMING_UP,WARMING_UP,0.0,0,57.076
4645,106.0818,207,4.9962,1.0,sit_stand,UNKNOWN,UNKNOWN,0.2133,0,58.494
4645,106.0818,223,0.3222,1.0,WARMING_UP,WARMING_UP,WARMING_UP,0.0,0,58.494
4646,106.0955,207,4.9956,1.0,sit_stand,UNKNOWN,UNKNOWN,0.2133,0,59.854
4646,106.0955,223,0.3359,1.0,WARMING_UP,WARMING_UP,WARMING_UP,0.0,0,59.854
4647,106.1098,207,4.9954,1.0,sit_stand,UNKNOWN,UNKNOWN,0.2133,0,61.188
4647,106.1098,223,0.3501,1.0,WARMING_UP,WARMING_UP,WARMING_UP,0.0,0,61.188
4648,106.1235,207,4.956,1.0,sit_stand,UNKNOWN,UNKNOWN,0.2133,0,61.885
4648,106.1235,223,0.3639,1.0,WARMING_UP,WARMING_UP,WARMING_UP,0.0,0,61.885
4649,106.1383,207,4.9707,1.0,sit_stand,UNKNOWN,UNKNOWN,0.2133,0,62.329
4649,106.1383,223,0.3786,1.0,WARMING_UP,WARMING_UP,WARMING_UP,0.0,0,62.329
4650,106.1534,207,4.9858,1.0,sit_stand,UNKNOWN,UNKNOWN,0.2133,0,62.98
4650,106.1534,223,0.3938,1.0,WARMING_UP,WARMING_UP,WARMING_UP,0.0,0,62.98
4651,106.1679,207,4.9841,1.0,sit_stand,UNKNOWN,UNKNOWN,0.2133,0,63.656
4651,106.1679,223,0.4082,1.0,WARMING_UP,WARMING_UP,WARMING_UP,0.0,0,63.656
4652,106.1821,207,4.9983,1.0,sit_stand,UNKNOWN,UNKNOWN,0.2133,0,64.319
4652,106.1821,223,0.4225,1.0,WARMING_UP,WARMING_UP,WARMING_UP,0.0,0,64.319
4653,106.1962,207,4.9974,1.0,sit_stand,UNKNOWN,UNKNOWN,0.2133,0,64.893
4653,106.1962,223,0.4365,1.0,WARMING_UP,WARMING_UP,WARMING_UP,0.0,0,64.893
4654,106.2106,207,4.9984,1.0,sit_stand,UNKNOWN,UNKNOWN,0.2133,0,64.552
4654,106.2106,223,0.4509,1.0,WARMING_UP,WARMING_UP,WARMING_UP,0.0,0,64.552
4655,106.2269,207,4.988,1.0,sit_stand,UNKNOWN,UNKNOWN,0.2133,0,65.527
4655,106.2269,223,0.4672,1.0,WARMING_UP,WARMING_UP,WARMING_UP,0.0,0,65.527
4656,106.241,207,4.9878,1.0,sit_stand,UNKNOWN,UNKNOWN,0.2133,0,65.85
4656,106.241,223,0.4813,1.0,WARMING_UP,WARMING_UP,WARMING_UP,0.0,0,65.85
4657,106.2587,207,4.9911,1.0,sit_stand,UNKNOWN,UNKNOWN,0.2133,0,64.711
4657,106.2587,223,0.4991,1.0,WARMING_UP,WARMING_UP,WARMING_UP,0.0,0,64.711
4658,106.274,207,4.9899,1.0,wave,UNKNOWN,UNKNOWN,0.24,1,64.726
4658,106.274,223,0.5143,1.0,WARMING_UP,WARMING_UP,WARMING_UP,0.0,0,64.726
4659,106.3362,207,4.9915,1.0,wave,UNKNOWN,UNKNOWN,0.24,0,59.845
4659,106.3362,223,0.5766,1.0,WARMING_UP,WARMING_UP,WARMING_UP,0.0,0,59.845
4660,106.3515,207,4.9933,1.0,wave,UNKNOWN,UNKNOWN,0.24,0,60.483
4660,106.3515,223,0.5919,1.0,WARMING_UP,WARMING_UP,WARMING_UP,0.0,0,60.483
4661,106.3668,207,4.9954,1.0,wave,UNKNOWN,UNKNOWN,0.24,0,61.629
4661,106.3668,223,0.6071,1.0,WARMING_UP,WARMING_UP,WARMING_UP,0.0,0,61.629
4662,106.3814,207,4.9571,1.0,wave,UNKNOWN,UNKNOWN,0.24,0,62.373
4662,106.3814,223,0.6217,1.0,WARMING_UP,WARMING_UP,WARMING_UP,0.0,0,62.373
4663,106.3954,207,4.9711,1.0,wave,UNKNOWN,UNKNOWN,0.24,0,62.949
4663,106.3954,223,0.6357,1.0,WARMING_UP,WARMING_UP,WARMING_UP,0.0,0,62.949
4664,106.4097,207,4.9855,1.0,wave,UNKNOWN,UNKNOWN,0.24,0,63.374
4664,106.4097,223,0.6501,1.0,WARMING_UP,WARMING_UP,WARMING_UP,0.0,0,63.374
4665,106.4247,207,4.9863,1.0,wave,UNKNOWN,UNKNOWN,0.24,0,63.896
4665,106.4247,223,0.665,1.0,WARMING_UP,WARMING_UP,WARMING_UP,0.0,0,63.896
4666,106.4391,207,4.9874,1.0,wave,UNKNOWN,UNKNOWN,0.24,0,64.923
4666,106.4391,223,0.6794,1.0,WARMING_UP,WARMING_UP,WARMING_UP,0.0,0,64.923
4667,106.4524,207,4.9875,1.0,wave,UNKNOWN,UNKNOWN,0.24,0,65.218
4667,106.4524,223,0.6927,1.0,WARMING_UP,WARMING_UP,WARMING_UP,0.0,0,65.218
4668,106.4675,207,4.9889,1.0,wave,UNKNOWN,UNKNOWN,0.24,0,65.5
4668,106.4675,223,0.7079,1.0,WARMING_UP,WARMING_UP,WARMING_UP,0.0,0,65.5
4669,106.4819,207,4.99,1.0,wave,UNKNOWN,UNKNOWN,0.24,0,65.915
4669,106.4819,223,0.7222,1.0,WARMING_UP,WARMING_UP,WARMING_UP,0.0,0,65.915
4670,106.4964,207,4.9908,1.0,wave,UNKNOWN,UNKNOWN,0.24,0,64.638
4670,106.4964,223,0.7367,1.0,WARMING_UP,WARMING_UP,WARMING_UP,0.0,0,64.638
4671,106.5148,207,4.9955,1.0,wave,UNKNOWN,UNKNOWN,0.24,0,65.344
4671,106.5148,223,0.7551,1.0,WARMING_UP,WARMING_UP,WARMING_UP,0.0,0,65.344
4672,106.5289,207,4.9958,1.0,wave,UNKNOWN,UNKNOWN,0.2533,1,66.475
4672,106.5289,223,0.7693,1.0,WARMING_UP,WARMING_UP,WARMING_UP,0.0,0,66.475
4673,106.5889,207,4.9996,1.0,wave,UNKNOWN,UNKNOWN,0.2533,0,61.354
4673,106.5889,223,0.8292,1.0,WARMING_UP,WARMING_UP,WARMING_UP,0.0,0,61.354
4674,106.608,207,4.9864,1.0,wave,UNKNOWN,UNKNOWN,0.2533,0,61.622
4674,106.608,223,0.8483,1.0,WARMING_UP,WARMING_UP,WARMING_UP,0.0,0,61.622
4675,106.6233,207,4.9505,1.0,wave,UNKNOWN,UNKNOWN,0.2533,0,61.211
4675,106.6233,223,0.8637,1.0,WARMING_UP,WARMING_UP,WARMING_UP,0.0,0,61.211
4676,106.6407,207,4.9679,1.0,wave,UNKNOWN,UNKNOWN,0.2533,0,60.599
4676,106.6407,223,0.8811,1.0,WARMING_UP,WARMING_UP,WARMING_UP,0.0,0,60.599
4677,106.6591,207,4.9863,1.0,wave,UNKNOWN,UNKNOWN,0.2533,0,59.558
4677,106.6591,223,0.8995,1.0,WARMING_UP,WARMING_UP,WARMING_UP,0.0,0,59.558
4678,106.6793,207,4.9922,1.0,wave,UNKNOWN,UNKNOWN,0.2533,0,60.378
4678,106.6793,223,0.9197,1.0,WARMING_UP,WARMING_UP,WARMING_UP,0.0,0,60.378
4679,106.6935,207,4.9896,1.0,wave,UNKNOWN,UNKNOWN,0.2533,0,59.018
4679,106.6935,223,0.9339,1.0,WARMING_UP,WARMING_UP,WARMING_UP,0.0,0,59.018
4680,106.7148,207,4.9982,1.0,wave,UNKNOWN,UNKNOWN,0.2533,0,57.566
4680,106.7148,223,0.9552,1.0,WARMING_UP,WARMING_UP,WARMING_UP,0.0,0,57.566
4681,106.7374,207,4.992,1.0,wave,UNKNOWN,UNKNOWN,0.2533,0,56.254
4681,106.7374,223,0.9778,1.0,WARMING_UP,WARMING_UP,WARMING_UP,0.0,0,56.254
4682,106.7603,207,4.9873,1.0,wave,UNKNOWN,UNKNOWN,0.2533,0,55.252
4682,106.7603,223,1.0006,1.0,WARMING_UP,WARMING_UP,WARMING_UP,0.0,0,55.252
4683,106.7818,207,4.9948,1.0,wave,UNKNOWN,UNKNOWN,0.2233,1,57.079
4683,106.7818,223,1.0222,1.0,WARMING_UP,WARMING_UP,WARMING_UP,0.0,0,57.079
4684,106.8319,207,4.9962,1.0,wave,UNKNOWN,UNKNOWN,0.2233,0,53.305
4684,106.8319,223,1.0723,1.0,WARMING_UP,WARMING_UP,WARMING_UP,0.0,0,53.305
4685,106.847,207,4.9958,1.0,wave,UNKNOWN,UNKNOWN,0.2233,0,54.673
4685,106.847,223,1.0874,1.0,WARMING_UP,WARMING_UP,WARMING_UP,0.0,0,54.673
4686,106.8619,207,4.9959,1.0,wave,UNKNOWN,UNKNOWN,0.2233,0,55.41
4686,106.8619,223,1.1022,1.0,WARMING_UP,WARMING_UP,WARMING_UP,0.0,0,55.41
4687,106.878,207,4.9976,1.0,wave,UNKNOWN,UNKNOWN,0.2233,0,56.871
4687,106.878,223,1.1183,1.0,WARMING_UP,WARMING_UP,WARMING_UP,0.0,0,56.871
4688,106.8933,207,4.963,1.0,wave,UNKNOWN,UNKNOWN,0.2233,0,57.962
4688,106.8933,223,1.1336,1.0,WARMING_UP,WARMING_UP,WARMING_UP,0.0,0,57.962
4689,106.9072,207,4.9769,1.0,wave,UNKNOWN,UNKNOWN,0.2233,0,58.614
4689,106.9072,223,1.1475,1.0,WARMING_UP,WARMING_UP,WARMING_UP,0.0,0,58.614
4690,106.9228,207,4.9925,1.0,wave,UNKNOWN,UNKNOWN,0.2233,0,59.948
4690,106.9228,223,1.1631,1.0,WARMING_UP,WARMING_UP,WARMING_UP,0.0,0,59.948
4691,106.9364,207,4.9903,1.0,wave,UNKNOWN,UNKNOWN,0.2233,0,60.962
4691,106.9364,223,1.1768,1.0,WARMING_UP,WARMING_UP,WARMING_UP,0.0,0,60.962
4692,106.9507,207,4.9908,1.0,wave,UNKNOWN,UNKNOWN,0.2233,0,61.669
4692,106.9507,223,1.191,1.0,WARMING_UP,WARMING_UP,WARMING_UP,0.0,0,61.669
4693,106.9655,207,4.9921,1.0,wave,UNKNOWN,UNKNOWN,0.2233,0,62.381
4693,106.9655,223,1.2058,1.0,WARMING_UP,WARMING_UP,WARMING_UP,0.0,0,62.381
4694,106.98,207,4.9934,1.0,wave,UNKNOWN,UNKNOWN,0.2233,0,62.775
4694,106.98,223,1.2204,1.0,WARMING_UP,WARMING_UP,WARMING_UP,0.0,0,62.775
4695,106.9948,207,4.9946,1.0,wave,UNKNOWN,UNKNOWN,0.2233,0,63.337
4695,106.9948,223,1.2351,1.0,WARMING_UP,WARMING_UP,WARMING_UP,0.0,0,63.337
4696,107.0095,207,4.9961,1.0,wave,UNKNOWN,UNKNOWN,0.2233,0,62.774
4696,107.0095,223,1.2499,1.0,WARMING_UP,WARMING_UP,WARMING_UP,0.0,0,62.774
4697,107.0269,207,4.9994,1.0,wave,UNKNOWN,UNKNOWN,0.2233,0,63.236
4697,107.0269,223,1.2672,1.0,WARMING_UP,WARMING_UP,WARMING_UP,0.0,0,63.236
4698,107.0417,207,4.9979,1.0,wave,UNKNOWN,UNKNOWN,0.2467,1,64.024
4698,107.0417,223,1.2821,1.0,WARMING_UP,WARMING_UP,WARMING_UP,0.0,0,64.024
4699,107.0932,207,4.9926,1.0,wave,UNKNOWN,UNKNOWN,0.2467,0,59.501
4699,107.0932,223,1.3336,1.0,WARMING_UP,WARMING_UP,WARMING_UP,0.0,0,59.501
4700,107.1091,207,4.995,1.0,wave,UNKNOWN,UNKNOWN,0.2467,0,59.275
4700,107.1091,223,1.3494,1.0,WARMING_UP,WARMING_UP,WARMING_UP,0.0,0,59.275
4701,107.1265,207,4.9985,1.0,wave,UNKNOWN,UNKNOWN,0.2467,0,58.695
4701,107.1265,223,1.3668,1.0,WARMING_UP,WARMING_UP,WARMING_UP,0.0,0,58.695
4702,107.1452,207,4.9507,1.0,wave,UNKNOWN,UNKNOWN,0.2467,0,59.756
4702,107.1452,223,1.3855,1.0,WARMING_UP,WARMING_UP,WARMING_UP,0.0,0,59.756
4703,107.1597,207,4.9652,1.0,wave,UNKNOWN,UNKNOWN,0.2467,0,60.357
4703,107.1597,223,1.4001,1.0,WARMING_UP,WARMING_UP,WARMING_UP,0.0,0,60.357
4704,107.1746,207,4.9801,1.0,wave,UNKNOWN,UNKNOWN,0.2467,0,60.621
4704,107.1746,223,1.4149,1.0,WARMING_UP,WARMING_UP,WARMING_UP,0.0,0,60.621
4705,107.1912,207,4.9967,1.0,wave,UNKNOWN,UNKNOWN,0.2467,0,61.019
4705,107.1912,223,1.4315,1.0,WARMING_UP,WARMING_UP,WARMING_UP,0.0,0,61.019
4706,107.2062,207,4.9889,1.0,wave,UNKNOWN,UNKNOWN,0.2467,0,61.11
4706,107.2062,223,1.4466,1.0,WARMING_UP,WARMING_UP,WARMING_UP,0.0,0,61.11
4707,107.2223,207,4.9902,1.0,wave,UNKNOWN,UNKNOWN,0.2467,0,59.506
4707,107.2223,223,1.4626,1.0,WARMING_UP,WARMING_UP,WARMING_UP,0.0,0,59.506
4708,107.2446,207,4.9982,1.0,wave,UNKNOWN,UNKNOWN,0.2467,0,60.606
4708,107.2446,223,1.485,1.0,WARMING_UP,WARMING_UP,WARMING_UP,0.0,0,60.606
4709,107.2586,207,4.998,1.0,wave,UNKNOWN,UNKNOWN,0.2467,0,61.288
4709,107.2586,223,1.499,1.0,WARMING_UP,WARMING_UP,WARMING_UP,0.0,0,61.288
4710,107.2737,207,4.9996,1.0,wave,UNKNOWN,UNKNOWN,0.2467,0,61.413
4710,107.2737,223,1.514,1.0,WARMING_UP,WARMING_UP,WARMING_UP,0.0,0,61.413
4711,107.2895,207,4.9883,1.0,wave,UNKNOWN,UNKNOWN,0.2467,0,61.257
4711,107.2895,223,1.5299,1.0,WARMING_UP,WARMING_UP,WARMING_UP,0.0,0,61.257
4712,107.3063,207,4.9913,1.0,wave,UNKNOWN,UNKNOWN,0.2367,1,61.67
4712,107.3063,223,1.5466,1.0,WARMING_UP,WARMING_UP,WARMING_UP,0.0,0,61.67
4713,107.3635,207,4.9887,1.0,wave,UNKNOWN,UNKNOWN,0.2367,0,57.263
4713,107.3635,223,1.6038,1.0,WARMING_UP,WARMING_UP,WARMING_UP,0.0,0,57.263
4714,107.3784,207,4.9892,1.0,wave,UNKNOWN,UNKNOWN,0.2367,0,58.223
4714,107.3784,223,1.6187,1.0,WARMING_UP,WARMING_UP,WARMING_UP,0.0,0,58.223
4715,107.3934,207,4.9875,1.0,wave,UNKNOWN,UNKNOWN,0.2367,0,59.338
4715,107.3934,223,1.6337,1.0,WARMING_UP,WARMING_UP,WARMING_UP,0.0,0,59.338
4716,107.4086,207,4.9419,1.0,wave,UNKNOWN,UNKNOWN,0.2367,0,58.863
4716,107.4086,223,1.6489,1.0,WARMING_UP,WARMING_UP,WARMING_UP,0.0,0,58.863
4717,107.4261,207,4.9594,1.0,wave,UNKNOWN,UNKNOWN,0.2367,0,59.876
4717,107.4261,223,1.6664,1.0,WARMING_UP,WARMING_UP,WARMING_UP,0.0,0,59.876
4718,107.4405,207,4.9738,1.0,wave,UNKNOWN,UNKNOWN,0.2367,0,61.171
4718,107.4405,223,1.6809,1.0,WARMING_UP,WARMING_UP,WARMING_UP,0.0,0,61.171
4719,107.4538,207,4.9871,1.0,wave,UNKNOWN,UNKNOWN,0.2367,0,62.733
4719,107.4538,223,1.6941,1.0,WARMING_UP,WARMING_UP,WARMING_UP,0.0,0,62.733
4720,107.468,207,4.9855,1.0,wave,UNKNOWN,UNKNOWN,0.2367,0,63.395
4720,107.468,223,1.7083,1.0,WARMING_UP,WARMING_UP,WARMING_UP,0.0,0,63.395
4721,107.4816,207,4.9992,1.0,wave,UNKNOWN,UNKNOWN,0.2367,0,64.011
4721,107.4816,223,1.722,1.0,WARMING_UP,WARMING_UP,WARMING_UP,0.0,0,64.011
4722,107.496,207,4.999,1.0,wave,UNKNOWN,UNKNOWN,0.2367,0,64.652
4722,107.496,223,1.7364,1.0,WARMING_UP,WARMING_UP,WARMING_UP,0.0,0,64.652
4723,107.5103,207,4.9877,1.0,wave,UNKNOWN,UNKNOWN,0.2367,0,64.477
4723,107.5103,223,1.7506,1.0,WARMING_UP,WARMING_UP,WARMING_UP,0.0,0,64.477
4724,107.5261,207,4.9894,1.0,wave,UNKNOWN,UNKNOWN,0.2367,0,64.672
4724,107.5261,223,1.7665,1.0,WARMING_UP,WARMING_UP,WARMING_UP,0.0,0,64.672
4725,107.5413,207,4.9879,1.0,wave,UNKNOWN,UNKNOWN,0.2367,0,64.601
4725,107.5413,223,1.7817,1.0,WARMING_UP,WARMING_UP,WARMING_UP,0.0,0,64.601
4726,107.5566,207,4.9886,1.0,wave,UNKNOWN,UNKNOWN,0.2333,1,64.29
4726,107.5566,223,1.797,1.0,WARMING_UP,WARMING_UP,WARMING_UP,0.0,0,64.29
4727,107.6092,207,4.9864,1.0,wave,UNKNOWN,UNKNOWN,0.2333,0,59.688
4727,107.6092,223,1.8496,1.0,WARMING_UP,WARMING_UP,WARMING_UP,0.0,0,59.688
4728,107.628,207,4.9912,1.0,wave,UNKNOWN,UNKNOWN,0.2333,0,59.559
4728,107.628,223,1.8683,1.0,WARMING_UP,WARMING_UP,WARMING_UP,0.0,0,59.559
4729,107.645,207,4.9928,1.0,wave,UNKNOWN,UNKNOWN,0.2333,0,60.528
4729,107.645,223,1.8854,1.0,WARMING_UP,WARMING_UP,WARMING_UP,0.0,0,60.528
4730,107.6593,207,4.9914,1.0,wave,UNKNOWN,UNKNOWN,0.2333,0,61.043
4730,107.6593,223,1.8997,1.0,WARMING_UP,WARMING_UP,WARMING_UP,0.0,0,61.043
4731,107.6747,207,4.9553,1.0,wave,UNKNOWN,UNKNOWN,0.2333,0,61.254
4731,107.6747,223,1.915,1.0,WARMING_UP,WARMING_UP,WARMING_UP,0.0,0,61.254
4732,107.6901,207,4.9708,1.0,wave,UNKNOWN,UNKNOWN,0.2333,0,61.895
4732,107.6901,223,1.9305,1.0,WARMING_UP,WARMING_UP,WARMING_UP,0.0,0,61.895
4733,107.7052,207,4.9858,1.0,wave,UNKNOWN,UNKNOWN,0.2333,0,63.079
4733,107.7052,223,1.9455,1.0,WARMING_UP,WARMING_UP,WARMING_UP,0.0,0,63.079
4734,107.7196,207,4.9852,1.0,wave,UNKNOWN,UNKNOWN,0.2333,0,63.81
4734,107.7196,223,1.96,1.0,WARMING_UP,WARMING_UP,WARMING_UP,0.0,0,63.81
4735,107.7336,207,4.9991,1.0,wave,UNKNOWN,UNKNOWN,0.2333,0,64.533
4735,107.7336,223,1.9739,1.0,WARMING_UP,WARMING_UP,WARMING_UP,0.0,0,64.533
4736,107.7472,207,4.9986,1.0,wave,UNKNOWN,UNKNOWN,0.2333,0,62.432
4736,107.7472,223,1.9876,1.0,WARMING_UP,WARMING_UP,WARMING_UP,0.0,0,62.432
4737,107.7702,207,4.9957,1.0,wave,UNKNOWN,UNKNOWN,0.2333,0,62.299
4737,107.7702,223,2.0105,1.0,WARMING_UP,WARMING_UP,WARMING_UP,0.0,0,62.299
4738,107.7867,207,4.998,1.0,wave,UNKNOWN,UNKNOWN,0.2333,0,61.253
4738,107.7867,223,2.0271,1.0,WARMING_UP,WARMING_UP,WARMING_UP,0.0,0,61.253
4739,107.8057,207,4.9873,1.0,wave,UNKNOWN,UNKNOWN,0.2333,0,61.309
4739,107.8057,223,2.0461,1.0,WARMING_UP,WARMING_UP,WARMING_UP,0.0,0,61.309
4740,107.8219,207,4.9894,1.0,wave,UNKNOWN,UNKNOWN,0.25,1,61.941
4740,107.8219,223,2.0622,1.0,WARMING_UP,WARMING_UP,WARMING_UP,0.0,0,61.941
4741,107.8731,207,4.9992,1.0,wave,UNKNOWN,UNKNOWN,0.25,0,57.692
4741,107.8731,223,2.1134,1.0,WARMING_UP,WARMING_UP,WARMING_UP,0.0,0,57.692
4742,107.8882,207,4.9866,1.0,wave,UNKNOWN,UNKNOWN,0.25,0,57.845
4742,107.8882,223,2.1285,1.0,WARMING_UP,WARMING_UP,WARMING_UP,0.0,0,57.845
4743,107.905,207,4.9889,1.0,wave,UNKNOWN,UNKNOWN,0.25,0,58.504
4743,107.905,223,2.1453,1.0,WARMING_UP,WARMING_UP,WARMING_UP,0.0,0,58.504
4744,107.9206,207,4.9905,1.0,wave,UNKNOWN,UNKNOWN,0.25,0,59.73
4744,107.9206,223,2.1609,1.0,WARMING_UP,WARMING_UP,WARMING_UP,0.0,0,59.73
4745,107.9358,207,4.9525,1.0,wave,UNKNOWN,UNKNOWN,0.25,0,60.662
4745,107.9358,223,2.1761,1.0,WARMING_UP,WARMING_UP,WARMING_UP,0.0,0,60.662
4746,107.951,207,4.9677,1.0,wave,UNKNOWN,UNKNOWN,0.25,0,61.18
4746,107.951,223,2.1913,1.0,WARMING_UP,WARMING_UP,WARMING_UP,0.0,0,61.18
4747,107.9645,207,4.9812,1.0,wave,UNKNOWN,UNKNOWN,0.25,0,62.122
4747,107.9645,223,2.2048,1.0,WARMING_UP,WARMING_UP,WARMING_UP,0.0,0,62.122
4748,107.9784,207,4.9951,1.0,wave,UNKNOWN,UNKNOWN,0.25,0,62.908
4748,107.9784,223,2.2187,1.0,WARMING_UP,WARMING_UP,WARMING_UP,0.0,0,62.908
4749,107.9926,207,4.9953,1.0,wave,UNKNOWN,UNKNOWN,0.25,0,63.005
4749,107.9926,223,2.233,1.0,WARMING_UP,WARMING_UP,WARMING_UP,0.0,0,63.005
4750,108.0084,207,4.9979,1.0,wave,UNKNOWN,UNKNOWN,0.25,0,62.458
4750,108.0084,223,2.2488,1.0,WARMING_UP,WARMING_UP,WARMING_UP,0.0,0,62.458
4751,108.0257,207,4.9794,1.0,wave,UNKNOWN,UNKNOWN,0.25,0,63.268
4751,108.0257,223,2.2661,1.0,WARMING_UP,WARMING_UP,WARMING_UP,0.0,0,63.268
4752,108.04,207,4.9937,1.0,wave,UNKNOWN,UNKNOWN,0.25,0,63.474
4752,108.04,223,2.2804,1.0,WARMING_UP,WARMING_UP,WARMING_UP,0.0,0,63.474
4753,108.0552,207,4.9946,1.0,wave,UNKNOWN,UNKNOWN,0.25,0,64.089
4753,108.0552,223,2.2955,1.0,WARMING_UP,WARMING_UP,WARMING_UP,0.0,0,64.089
4754,108.0696,207,4.9957,1.0,wave,UNKNOWN,UNKNOWN,0.25,0,63.888
4754,108.0696,223,2.3099,1.0,WARMING_UP,WARMING_UP,WARMING_UP,0.0,0,63.888
4755,108.0858,207,4.9978,1.0,wave,UNKNOWN,UNKNOWN,0.2433,1,64.734
4755,108.0858,223,2.3261,1.0,WARMING_UP,WARMING_UP,WARMING_UP,0.0,0,64.734
4756,108.1415,207,4.9986,1.0,wave,UNKNOWN,UNKNOWN,0.2433,0,60.031
4756,108.1415,223,2.3818,1.0,WARMING_UP,WARMING_UP,WARMING_UP,0.0,0,60.031
4757,108.1561,207,4.9869,1.0,wave,UNKNOWN,UNKNOWN,0.2433,0,61.589
4757,108.1561,223,2.3964,1.0,WARMING_UP,WARMING_UP,WARMING_UP,0.0,0,61.589
4758,108.1698,207,4.9879,1.0,wave,UNKNOWN,UNKNOWN,0.2433,0,62.141
4758,108.1698,223,2.4102,1.0,WARMING_UP,WARMING_UP,WARMING_UP,0.0,0,62.141
4759,108.1844,207,4.9503,1.0,wave,UNKNOWN,UNKNOWN,0.2433,0,62.221
4759,108.1844,223,2.4248,1.0,WARMING_UP,WARMING_UP,WARMING_UP,0.0,0,62.221
4760,108.2003,207,4.9662,1.0,wave,UNKNOWN,UNKNOWN,0.2433,0,63.312
4760,108.2003,223,2.4407,1.0,WARMING_UP,WARMING_UP,WARMING_UP,0.0,0,63.312
4761,108.2139,207,4.9797,1.0,wave,UNKNOWN,UNKNOWN,0.2433,0,63.914
4761,108.2139,223,2.4542,1.0,WARMING_UP,WARMING_UP,WARMING_UP,0.0,0,63.914
4762,108.2283,207,4.9941,1.0,wave,UNKNOWN,UNKNOWN,0.2433,0,63.875
4762,108.2283,223,2.4686,1.0,WARMING_UP,WARMING_UP,WARMING_UP,0.0,0,63.875
4763,108.2439,207,4.9948,1.0,wave,UNKNOWN,UNKNOWN,0.2433,0,62.014
4763,108.2439,223,2.4843,1.0,WARMING_UP,WARMING_UP,WARMING_UP,0.0,0,62.014
4764,108.2664,207,4.9908,1.0,wave,UNKNOWN,UNKNOWN,0.2433,0,60.169
4764,108.2664,223,2.5067,1.0,WARMING_UP,WARMING_UP,WARMING_UP,0.0,0,60.169
4765,108.289,207,4.9991,1.0,wave,UNKNOWN,UNKNOWN,0.2433,0,60.248
4765,108.289,223,2.5293,1.0,WARMING_UP,WARMING_UP,WARMING_UP,0.0,0,60.248
4766,108.3053,207,4.9993,1.0,wave,UNKNOWN,UNKNOWN,0.2433,0,60.798
4766,108.3053,223,2.5456,1.0,WARMING_UP,WARMING_UP,WARMING_UP,0.0,0,60.798
4767,108.3206,207,4.9919,1.0,wave,UNKNOWN,UNKNOWN,0.2433,0,61.342
4767,108.3206,223,2.5609,1.0,WARMING_UP,WARMING_UP,WARMING_UP,0.0,0,61.342
4768,108.3357,207,4.9936,1.0,wave,UNKNOWN,UNKNOWN,0.2433,0,62.724
4768,108.3357,223,2.5761,1.0,WARMING_UP,WARMING_UP,WARMING_UP,0.0,0,62.724
4769,108.3491,207,4.9926,1.0,sit_stand,UNKNOWN,UNKNOWN,0.2433,1,63.546
4769,108.3491,223,2.5895,1.0,WARMING_UP,WARMING_UP,WARMING_UP,0.0,0,63.546
4770,108.4001,207,4.9984,1.0,sit_stand,UNKNOWN,UNKNOWN,0.2433,0,59.119
4770,108.4001,223,2.6404,1.0,WARMING_UP,WARMING_UP,WARMING_UP,0.0,0,59.119
4771,108.4153,207,4.9984,1.0,sit_stand,UNKNOWN,UNKNOWN,0.2433,0,59.79
4771,108.4153,223,2.6556,1.0,WARMING_UP,WARMING_UP,WARMING_UP,0.0,0,59.79
4772,108.4301,207,4.9997,1.0,sit_stand,UNKNOWN,UNKNOWN,0.2433,0,60.927
4772,108.4301,223,2.6705,1.0,WARMING_UP,WARMING_UP,WARMING_UP,0.0,0,60.927
4773,108.4452,207,4.9487,1.0,sit_stand,UNKNOWN,UNKNOWN,0.2433,0,61.69
4773,108.4452,223,2.6855,1.0,WARMING_UP,WARMING_UP,WARMING_UP,0.0,0,61.69
4774,108.459,207,4.9625,1.0,sit_stand,UNKNOWN,UNKNOWN,0.2433,0,62.368
4774,108.459,223,2.6993,1.0,WARMING_UP,WARMING_UP,WARMING_UP,0.0,0,62.368
4775,108.4735,207,4.9769,1.0,sit_stand,UNKNOWN,UNKNOWN,0.2433,0,63.219
4775,108.4735,223,2.7138,1.0,WARMING_UP,WARMING_UP,WARMING_UP,0.0,0,63.219
4776,108.4875,207,4.991,1.0,sit_stand,UNKNOWN,UNKNOWN,0.2433,0,60.99
4776,108.4875,223,2.7278,1.0,WARMING_UP,WARMING_UP,WARMING_UP,0.0,0,60.99
4777,108.5123,207,4.9842,1.0,sit_stand,UNKNOWN,UNKNOWN,0.2433,0,61.639
4777,108.5123,223,2.7526,1.0,WARMING_UP,WARMING_UP,WARMING_UP,0.0,0,61.639
4778,108.5268,207,4.9987,1.0,sit_stand,UNKNOWN,UNKNOWN,0.2433,0,61.549
4778,108.5268,223,2.7671,1.0,WARMING_UP,WARMING_UP,WARMING_UP,0.0,0,61.549
4779,108.5433,207,4.9851,1.0,sit_stand,UNKNOWN,UNKNOWN,0.2433,0,62.279
4779,108.5433,223,2.7836,1.0,WARMING_UP,WARMING_UP,WARMING_UP,0.0,0,62.279
4780,108.558,207,4.9998,1.0,sit_stand,UNKNOWN,UNKNOWN,0.2433,0,63.449
4780,108.558,223,2.7983,1.0,WARMING_UP,WARMING_UP,WARMING_UP,0.0,0,63.449
4781,108.5707,207,4.9958,1.0,sit_stand,UNKNOWN,UNKNOWN,0.2433,0,64.358
4781,108.5707,223,2.811,1.0,WARMING_UP,WARMING_UP,WARMING_UP,0.0,0,64.358
4782,108.5851,207,4.997,1.0,sit_stand,UNKNOWN,UNKNOWN,0.2433,0,63.531
4782,108.5851,223,2.8255,1.0,WARMING_UP,WARMING_UP,WARMING_UP,0.0,0,63.531
4783,108.6029,207,4.9999,1.0,sit_stand,UNKNOWN,UNKNOWN,0.24,1,64.5
4783,108.6029,223,2.8433,1.0,WARMING_UP,WARMING_UP,WARMING_UP,0.0,0,64.5
4784,108.6622,207,4.9893,1.0,sit_stand,UNKNOWN,UNKNOWN,0.24,0,59.625
4784,108.6622,223,2.9025,1.0,WARMING_UP,WARMING_UP,WARMING_UP,0.0,0,59.625
4785,108.6804,207,4.9918,1.0,sit_stand,UNKNOWN,UNKNOWN,0.24,0,58.494
4785,108.6804,223,2.9207,1.0,WARMING_UP,WARMING_UP,WARMING_UP,0.0,0,58.494
4786,108.7007,207,4.9983,1.0,sit_stand,UNKNOWN,UNKNOWN,0.24,0,57.762
4786,108.7007,223,2.941,1.0,WARMING_UP,WARMING_UP,WARMING_UP,0.0,0,57.762
4787,108.7204,207,4.9657,1.0,sit_stand,UNKNOWN,UNKNOWN,0.24,0,56.91
4787,108.7204,223,2.9608,1.0,WARMING_UP,WARMING_UP,WARMING_UP,0.0,0,56.91
4788,108.7406,207,4.9859,1.0,sit_stand,UNKNOWN,UNKNOWN,0.24,0,57.163
4788,108.7406,223,2.981,1.0,WARMING_UP,WARMING_UP,WARMING_UP,0.0,0,57.163
4789,108.7574,207,4.9866,1.0,sit_stand,UNKNOWN,UNKNOWN,0.24,0,56.64
4789,108.7574,223,2.9978,1.0,WARMING_UP,WARMING_UP,WARMING_UP,0.0,0,56.64
4790,108.7766,207,4.9891,1.0,sit_stand,UNKNOWN,UNKNOWN,0.24,0,55.369
4790,108.7766,223,3.017,1.0,WARMING_UP,WARMING_UP,WARMING_UP,0.0,0,55.369
4791,108.8002,207,4.9975,1.0,sit_stand,UNKNOWN,UNKNOWN,0.24,0,55.599
4791,108.8002,223,3.0405,1.0,WARMING_UP,WARMING_UP,WARMING_UP,0.0,0,55.599
4792,108.8168,207,4.9999,1.0,sit_stand,UNKNOWN,UNKNOWN,0.24,0,57.417
4792,108.8168,223,3.0572,1.0,WARMING_UP,WARMING_UP,WARMING_UP,0.0,0,57.417
4793,108.8301,207,4.9998,1.0,sit_stand,UNKNOWN,UNKNOWN,0.24,0,58.954
4793,108.8301,223,3.0704,1.0,WARMING_UP,WARMING_UP,WARMING_UP,0.0,0,58.954
4794,108.8442,207,4.9879,1.0,sit_stand,UNKNOWN,UNKNOWN,0.24,0,59.686
4794,108.8442,223,3.0846,1.0,WARMING_UP,WARMING_UP,WARMING_UP,0.0,0,59.686
4795,108.8591,207,4.9882,1.0,wave,UNKNOWN,UNKNOWN,0.26,1,60.224
4795,108.8591,223,3.0994,1.0,WARMING_UP,WARMING_UP,WARMING_UP,0.0,0,60.224
4796,108.9197,207,4.9891,1.0,wave,UNKNOWN,UNKNOWN,0.26,0,55.856
4796,108.9197,223,3.16,1.0,WARMING_UP,WARMING_UP,WARMING_UP,0.0,0,55.856
4797,108.9349,207,4.9898,1.0,wave,UNKNOWN,UNKNOWN,0.26,0,57.727
4797,108.9349,223,3.1753,1.0,WARMING_UP,WARMING_UP,WARMING_UP,0.0,0,57.727
4798,108.95,207,4.9905,1.0,wave,UNKNOWN,UNKNOWN,0.26,0,58.568
4798,108.95,223,3.1904,1.0,WARMING_UP,WARMING_UP,WARMING_UP,0.0,0,58.568
4799,108.9634,207,4.9515,1.0,wave,UNKNOWN,UNKNOWN,0.26,0,60.237
4799,108.9634,223,3.2037,1.0,WARMING_UP,WARMING_UP,WARMING_UP,0.0,0,60.237
4800,108.9765,207,4.9646,1.0,wave,UNKNOWN,UNKNOWN,0.26,0,61.593
4800,108.9765,223,3.2169,1.0,WARMING_UP,WARMING_UP,WARMING_UP,0.0,0,61.593
4801,108.99,207,4.9781,1.0,wave,UNKNOWN,UNKNOWN,0.26,0,62.173
4801,108.99,223,3.2303,1.0,WARMING_UP,WARMING_UP,WARMING_UP,0.0,0,62.173
4802,109.0051,207,4.9932,1.0,wave,UNKNOWN,UNKNOWN,0.26,0,61.817
4802,109.0051,223,3.2454,1.0,WARMING_UP,WARMING_UP,WARMING_UP,0.0,0,61.817
4803,109.0221,207,4.9959,1.0,wave,UNKNOWN,UNKNOWN,0.26,0,62.271
4803,109.0221,223,3.2625,1.0,WARMING_UP,WARMING_UP,WARMING_UP,0.0,0,62.271
4804,109.0372,207,4.9971,1.0,wave,UNKNOWN,UNKNOWN,0.26,0,63.228
4804,109.0372,223,3.2776,1.0,WARMING_UP,WARMING_UP,WARMING_UP,0.0,0,63.228
4805,109.0509,207,4.9972,1.0,wave,UNKNOWN,UNKNOWN,0.26,0,64.069
4805,109.0509,223,3.2912,1.0,WARMING_UP,WARMING_UP,WARMING_UP,0.0,0,64.069
4806,109.0666,207,4.9991,1.0,wave,UNKNOWN,UNKNOWN,0.26,0,63.854
4806,109.0666,223,3.3069,1.0,WARMING_UP,WARMING_UP,WARMING_UP,0.0,0,63.854
4807,109.0821,207,4.9874,1.0,wave,UNKNOWN,UNKNOWN,0.26,0,64.339
4807,109.0821,223,3.3225,1.0,WARMING_UP,WARMING_UP,WARMING_UP,0.0,0,64.339
4808,109.0957,207,4.9867,1.0,wave,UNKNOWN,UNKNOWN,0.26,0,65.831
4808,109.0957,223,3.3361,1.0,WARMING_UP,WARMING_UP,WARMING_UP,0.0,0,65.831
4809,109.1086,207,4.9996,1.0,wave,UNKNOWN,UNKNOWN,0.26,0,66.194
4809,109.1086,223,3.349,1.0,WARMING_UP,WARMING_UP,WARMING_UP,0.0,0,66.194
4810,109.1228,207,4.9905,1.0,wave,UNKNOWN,UNKNOWN,0.26,1,66.435
4810,109.1228,223,3.3631,1.0,WARMING_UP,WARMING_UP,WARMING_UP,0.0,0,66.435
4811,109.1738,207,4.9922,1.0,wave,UNKNOWN,UNKNOWN,0.26,0,61.571
4811,109.1738,223,3.4142,1.0,WARMING_UP,WARMING_UP,WARMING_UP,0.0,0,61.571
4812,109.194,207,4.998,1.0,wave,UNKNOWN,UNKNOWN,0.26,0,61.718
4812,109.194,223,3.4344,1.0,WARMING_UP,WARMING_UP,WARMING_UP,0.0,0,61.718
4813,109.2093,207,4.9985,1.0,wave,UNKNOWN,UNKNOWN,0.26,0,60.74
4813,109.2093,223,3.4497,1.0,WARMING_UP,WARMING_UP,WARMING_UP,0.0,0,60.74
4814,109.2293,207,4.96,1.0,wave,UNKNOWN,UNKNOWN,0.26,0,59.36
4814,109.2293,223,3.4696,1.0,WARMING_UP,WARMING_UP,WARMING_UP,0.0,0,59.36
4815,109.2501,207,4.9808,1.0,wave,UNKNOWN,UNKNOWN,0.26,0,58.364
4815,109.2501,223,3.4904,1.0,WARMING_UP,WARMING_UP,WARMING_UP,0.0,0,58.364
4816,109.27,207,4.9859,1.0,wave,UNKNOWN,UNKNOWN,0.26,0,58.299
4816,109.27,223,3.5104,1.0,WARMING_UP,WARMING_UP,WARMING_UP,0.0,0,58.299
4817,109.2876,207,4.991,1.0,wave,UNKNOWN,UNKNOWN,0.26,0,58.13
4817,109.2876,223,3.528,1.0,WARMING_UP,WARMING_UP,WARMING_UP,0.0,0,58.13
4818,109.3053,207,4.9948,1.0,wave,UNKNOWN,UNKNOWN,0.26,0,56.598
4818,109.3053,223,3.5456,1.0,WARMING_UP,WARMING_UP,WARMING_UP,0.0,0,56.598
4819,109.3291,207,4.9891,1.0,wave,UNKNOWN,UNKNOWN,0.26,0,55.179
4819,109.3291,223,3.5694,1.0,WARMING_UP,WARMING_UP,WARMING_UP,0.0,0,55.179
4820,109.3522,207,4.9966,1.0,wave,UNKNOWN,UNKNOWN,0.26,0,54.766
4820,109.3522,223,3.5926,1.0,WARMING_UP,WARMING_UP,WARMING_UP,0.0,0,54.766
4821,109.372,207,4.9948,1.0,wave,UNKNOWN,UNKNOWN,0.26,0,55.409
4821,109.372,223,3.6123,1.0,WARMING_UP,WARMING_UP,WARMING_UP,0.0,0,55.409
4822,109.3882,207,4.9915,1.0,wave,UNKNOWN,UNKNOWN,0.24,1,54.269
4822,109.3882,223,3.6285,1.0,WARMING_UP,WARMING_UP,WARMING_UP,0.0,0,54.269
4823,109.4486,207,4.9966,1.0,wave,UNKNOWN,UNKNOWN,0.24,0,50.555
4823,109.4486,223,3.689,1.0,WARMING_UP,WARMING_UP,WARMING_UP,0.0,0,50.555
4824,109.469,207,4.95,1.0,wave,UNKNOWN,UNKNOWN,0.24,0,51.795
4824,109.469,223,3.7093,1.0,WARMING_UP,WARMING_UP,WARMING_UP,0.0,0,51.795
4825,109.4849,207,4.9659,1.0,wave,UNKNOWN,UNKNOWN,0.24,0,52.743
4825,109.4849,223,3.7252,1.0,WARMING_UP,WARMING_UP,WARMING_UP,0.0,0,52.743
4826,109.5012,207,4.9822,1.0,wave,UNKNOWN,UNKNOWN,0.24,0,52.132
4826,109.5012,223,3.7415,1.0,WARMING_UP,WARMING_UP,WARMING_UP,0.0,0,52.132
4827,109.5231,207,4.9888,1.0,wave,UNKNOWN,UNKNOWN,0.24,0,53.733
4827,109.5231,223,3.7634,1.0,WARMING_UP,WARMING_UP,WARMING_UP,0.0,0,53.733
4828,109.5374,207,4.9898,1.0,wave,UNKNOWN,UNKNOWN,0.24,0,52.609
4828,109.5374,223,3.7777,1.0,WARMING_UP,WARMING_UP,WARMING_UP,0.0,0,52.609
4829,109.5612,207,4.9877,1.0,wave,UNKNOWN,UNKNOWN,0.24,0,52.532
4829,109.5612,223,3.8016,1.0,WARMING_UP,WARMING_UP,WARMING_UP,0.0,0,52.532
4830,109.5808,207,4.9916,1.0,wave,UNKNOWN,UNKNOWN,0.24,0,52.142
4830,109.5808,223,3.8212,1.0,WARMING_UP,WARMING_UP,WARMING_UP,0.0,0,52.142
4831,109.601,207,4.9983,1.0,wave,UNKNOWN,UNKNOWN,0.24,0,52.434
4831,109.601,223,3.8413,1.0,WARMING_UP,WARMING_UP,WARMING_UP,0.0,0,52.434
4832,109.6193,207,4.9898,1.0,wave,UNKNOWN,UNKNOWN,0.24,0,54.633
4832,109.6193,223,3.8597,1.0,WARMING_UP,WARMING_UP,WARMING_UP,0.0,0,54.633
4833,109.6324,207,4.9896,1.0,wave,UNKNOWN,UNKNOWN,0.24,0,56.385
4833,109.6324,223,3.8727,1.0,WARMING_UP,WARMING_UP,WARMING_UP,0.0,0,56.385
4834,109.6463,207,4.99,1.0,wave,UNKNOWN,UNKNOWN,0.24,1,55.327
4834,109.6463,223,3.8867,1.0,WARMING_UP,WARMING_UP,WARMING_UP,0.0,0,55.327
4835,109.709,207,4.9901,1.0,wave,UNKNOWN,UNKNOWN,0.24,0,51.564
4835,109.709,223,3.9493,1.0,WARMING_UP,WARMING_UP,WARMING_UP,0.0,0,51.564
4836,109.725,207,4.9542,1.0,wave,UNKNOWN,UNKNOWN,0.24,0,53.025
4836,109.725,223,3.9654,1.0,WARMING_UP,WARMING_UP,WARMING_UP,0.0,0,53.025
4837,109.7399,207,4.969,1.0,wave,UNKNOWN,UNKNOWN,0.24,0,54.971
4837,109.7399,223,3.9802,1.0,WARMING_UP,WARMING_UP,WARMING_UP,0.0,0,54.971
4838,109.7544,207,4.9835,1.0,wave,UNKNOWN,UNKNOWN,0.24,0,55.911
4838,109.7544,223,3.9947,1.0,WARMING_UP,WARMING_UP,WARMING_UP,0.0,0,55.911
4839,109.7701,207,4.9993,1.0,wave,UNKNOWN,UNKNOWN,0.24,0,57.379
4839,109.7701,223,4.0104,1.0,wave,UNKNOWN,UNKNOWN,0.24,1,57.379
4840,109.8208,207,4.9896,1.0,wave,UNKNOWN,UNKNOWN,0.24,0,53.382
4840,109.8208,223,4.0612,1.0,wave,UNKNOWN,UNKNOWN,0.24,0,53.382
4841,109.8409,207,4.9933,1.0,wave,UNKNOWN,UNKNOWN,0.24,0,53.743
4841,109.8409,223,4.0812,1.0,wave,UNKNOWN,UNKNOWN,0.24,0,53.743
4842,109.8584,207,4.9977,1.0,wave,UNKNOWN,UNKNOWN,0.24,0,54.858
4842,109.8584,223,4.0988,1.0,wave,UNKNOWN,UNKNOWN,0.24,0,54.858
4843,109.8736,207,4.9994,1.0,wave,UNKNOWN,UNKNOWN,0.24,0,55.851
4843,109.8736,223,4.1139,1.0,wave,UNKNOWN,UNKNOWN,0.24,0,55.851
4844,109.8893,207,4.9924,1.0,wave,UNKNOWN,UNKNOWN,0.24,0,56.556
4844,109.8893,223,4.1297,1.0,wave,UNKNOWN,UNKNOWN,0.24,0,56.556
4845,109.9051,207,4.9948,1.0,wave,UNKNOWN,UNKNOWN,0.2467,1,57.092
4845,109.9051,223,4.1454,1.0,wave,UNKNOWN,UNKNOWN,0.24,0,57.092
4846,109.9676,207,4.986,1.0,wave,UNKNOWN,UNKNOWN,0.2467,0,52.99
4846,109.9676,223,4.208,1.0,wave,UNKNOWN,UNKNOWN,0.24,0,52.99
4847,109.9838,207,4.9512,1.0,wave,UNKNOWN,UNKNOWN,0.2467,0,53.429
4847,109.9838,223,4.2241,1.0,wave,UNKNOWN,UNKNOWN,0.24,0,53.429
4848,110.001,207,4.9685,1.0,wave,UNKNOWN,UNKNOWN,0.2467,0,54.655
4848,110.001,223,4.2413,1.0,wave,UNKNOWN,UNKNOWN,0.24,0,54.655
4849,110.0164,207,4.9838,1.0,wave,UNKNOWN,UNKNOWN,0.2467,0,55.968
4849,110.0164,223,4.2567,1.0,wave,UNKNOWN,UNKNOWN,0.24,0,55.968
4850,110.0322,207,4.9997,1.0,wave,UNKNOWN,UNKNOWN,0.2467,0,56.979
4850,110.0322,223,4.2726,1.0,wave,UNKNOWN,UNKNOWN,0.2267,1,56.979
4851,110.0834,207,4.982,1.0,wave,UNKNOWN,UNKNOWN,0.2467,0,53.152
4851,110.0834,223,4.3237,1.0,wave,UNKNOWN,UNKNOWN,0.2267,0,53.152
4852,110.0994,207,4.998,1.0,wave,UNKNOWN,UNKNOWN,0.2467,0,55.257
4852,110.0994,223,4.3397,1.0,wave,UNKNOWN,UNKNOWN,0.2267,0,55.257
4853,110.1133,207,4.9974,1.0,wave,UNKNOWN,UNKNOWN,0.2467,0,56.69
4853,110.1133,223,4.3537,1.0,wave,UNKNOWN,UNKNOWN,0.2267,0,56.69
4854,110.1275,207,4.9975,1.0,wave,UNKNOWN,UNKNOWN,0.2467,0,58.243
4854,110.1275,223,4.3678,1.0,wave,UNKNOWN,UNKNOWN,0.2267,0,58.243
4855,110.1413,207,4.9969,1.0,wave,UNKNOWN,UNKNOWN,0.2467,0,58.462
4855,110.1413,223,4.3816,1.0,wave,UNKNOWN,UNKNOWN,0.2267,0,58.462
4856,110.158,207,4.9997,1.0,wave,UNKNOWN,UNKNOWN,0.2567,1,59.545
4856,110.158,223,4.3984,1.0,wave,UNKNOWN,UNKNOWN,0.2267,0,59.545
4857,110.2095,207,4.9895,1.0,wave,UNKNOWN,UNKNOWN,0.2567,0,55.252
4857,110.2095,223,4.4499,1.0,wave,UNKNOWN,UNKNOWN,0.2267,0,55.252
4858,110.2325,207,4.9984,1.0,wave,UNKNOWN,UNKNOWN,0.2567,0,54.839
4858,110.2325,223,4.4728,1.0,wave,UNKNOWN,UNKNOWN,0.2267,0,54.839
4859,110.2522,207,4.9571,1.0,wave,UNKNOWN,UNKNOWN,0.2567,0,54.766
4859,110.2522,223,4.4925,1.0,wave,UNKNOWN,UNKNOWN,0.2267,0,54.766
4860,110.2706,207,4.9756,1.0,wave,UNKNOWN,UNKNOWN,0.2567,0,53.734
4860,110.2706,223,4.5109,1.0,wave,UNKNOWN,UNKNOWN,0.2267,0,53.734
4861,110.2932,207,4.9982,1.0,wave,UNKNOWN,UNKNOWN,0.2567,0,54.522
4861,110.2932,223,4.5335,1.0,wave,UNKNOWN,UNKNOWN,0.2333,1,54.522
4862,110.3455,207,4.9905,1.0,wave,UNKNOWN,UNKNOWN,0.2567,0,51.003
4862,110.3455,223,4.5858,1.0,wave,UNKNOWN,UNKNOWN,0.2333,0,51.003
4863,110.3609,207,4.9935,1.0,wave,UNKNOWN,UNKNOWN,0.2567,0,52.74
4863,110.3609,223,4.6013,1.0,wave,UNKNOWN,UNKNOWN,0.2333,0,52.74
4864,110.3757,207,4.9949,1.0,wave,UNKNOWN,UNKNOWN,0.2567,0,51.96
4864,110.3757,223,4.616,1.0,wave,UNKNOWN,UNKNOWN,0.2333,0,51.96
4865,110.3978,207,4.9885,1.0,wave,UNKNOWN,UNKNOWN,0.2567,0,53.687
4865,110.3978,223,4.6382,1.0,wave,UNKNOWN,UNKNOWN,0.2333,0,53.687
4866,110.4127,207,4.988,1.0,sit_stand,UNKNOWN,UNKNOWN,0.25,1,54.963
4866,110.4127,223,4.6531,1.0,wave,UNKNOWN,UNKNOWN,0.2333,0,54.963
4867,110.4645,207,4.9965,1.0,sit_stand,UNKNOWN,UNKNOWN,0.25,0,51.144
4867,110.4645,223,4.7048,1.0,wave,UNKNOWN,UNKNOWN,0.2333,0,51.144
4868,110.4869,207,4.9909,1.0,sit_stand,UNKNOWN,UNKNOWN,0.25,0,51.321
4868,110.4869,223,4.7272,1.0,wave,UNKNOWN,UNKNOWN,0.2333,0,51.321
4869,110.5062,207,4.9591,1.0,sit_stand,UNKNOWN,UNKNOWN,0.25,0,52.602
4869,110.5062,223,4.7465,1.0,wave,UNKNOWN,UNKNOWN,0.2333,0,52.602
4870,110.5219,207,4.9749,1.0,sit_stand,UNKNOWN,UNKNOWN,0.25,0,51.713
4870,110.5219,223,4.7623,1.0,wave,UNKNOWN,UNKNOWN,0.2333,0,51.713
4871,110.5445,207,4.9975,1.0,sit_stand,UNKNOWN,UNKNOWN,0.25,0,51.567
4871,110.5445,223,4.7849,1.0,wave,UNKNOWN,UNKNOWN,0.24,1,51.567
4872,110.6083,207,4.9916,1.0,sit_stand,UNKNOWN,UNKNOWN,0.25,0,48.103
4872,110.6083,223,4.8487,1.0,wave,UNKNOWN,UNKNOWN,0.24,0,48.103
4873,110.6234,207,4.9919,1.0,sit_stand,UNKNOWN,UNKNOWN,0.25,0,50.199
4873,110.6234,223,4.8638,1.0,wave,UNKNOWN,UNKNOWN,0.24,0,50.199
4874,110.6377,207,4.9903,1.0,sit_stand,UNKNOWN,UNKNOWN,0.25,0,51.79
4874,110.6377,223,4.878,1.0,wave,UNKNOWN,UNKNOWN,0.24,0,51.79
4875,110.6529,207,4.9847,1.0,sit_stand,UNKNOWN,UNKNOWN,0.25,0,53.301
4875,110.6529,223,4.8933,1.0,wave,UNKNOWN,UNKNOWN,0.24,0,53.301
4876,110.6681,207,4.9998,1.0,sit_stand,UNKNOWN,UNKNOWN,0.2567,1,54.293
4876,110.6681,223,4.9084,1.0,wave,UNKNOWN,UNKNOWN,0.24,0,54.293
4877,110.721,207,4.9927,1.0,sit_stand,UNKNOWN,UNKNOWN,0.2567,0,50.725
4877,110.721,223,4.9613,1.0,wave,UNKNOWN,UNKNOWN,0.24,0,50.725
4878,110.7373,207,4.9939,1.0,sit_stand,UNKNOWN,UNKNOWN,0.2567,0,52.269
4878,110.7373,223,4.9777,1.0,wave,UNKNOWN,UNKNOWN,0.24,0,52.269
4879,110.7525,207,4.9928,1.0,sit_stand,UNKNOWN,UNKNOWN,0.2567,0,53.409
4879,110.7525,223,4.9928,1.0,wave,UNKNOWN,UNKNOWN,0.24,0,53.409
4880,110.7682,207,4.9534,1.0,sit_stand,UNKNOWN,UNKNOWN,0.2567,0,55.082
4880,110.7682,223,4.9534,1.0,wave,UNKNOWN,UNKNOWN,0.24,0,55.082
4881,110.7826,207,4.9678,1.0,sit_stand,UNKNOWN,UNKNOWN,0.2567,0,56.935
4881,110.7826,223,4.9678,1.0,wave,UNKNOWN,UNKNOWN,0.24,0,56.935
4882,110.7962,207,4.9815,1.0,sit_stand,UNKNOWN,UNKNOWN,0.2567,0,58.405
4882,110.7962,223,4.9815,1.0,wave,UNKNOWN,UNKNOWN,0.2267,1,58.405
4883,110.8587,207,4.9916,1.0,sit_stand,UNKNOWN,UNKNOWN,0.2567,0,54.128
4883,110.8587,223,4.9916,1.0,wave,UNKNOWN,UNKNOWN,0.2267,0,54.128
4884,110.8746,207,4.9925,1.0,sit_stand,UNKNOWN,UNKNOWN,0.2567,0,54.868
4884,110.8746,223,4.9925,1.0,wave,UNKNOWN,UNKNOWN,0.2267,0,54.868
4885,110.8903,207,4.994,1.0,sit_stand,UNKNOWN,UNKNOWN,0.2567,0,56.12
4885,110.8903,223,4.994,1.0,wave,UNKNOWN,UNKNOWN,0.2267,0,56.12
4886,110.905,207,4.9914,1.0,sit_stand,UNKNOWN,UNKNOWN,0.2567,0,57.162
4886,110.905,223,4.9914,1.0,wave,UNKNOWN,UNKNOWN,0.2267,0,57.162
4887,110.9201,207,4.9913,1.0,wave,UNKNOWN,UNKNOWN,0.27,1,57.34
4887,110.9201,223,4.9913,1.0,wave,UNKNOWN,UNKNOWN,0.2267,0,57.34
4888,110.9747,207,4.9794,1.0,wave,UNKNOWN,UNKNOWN,0.27,0,53.256
4888,110.9747,223,4.9794,1.0,wave,UNKNOWN,UNKNOWN,0.2267,0,53.256
4889,110.9976,207,4.9819,1.0,wave,UNKNOWN,UNKNOWN,0.27,0,54.558
4889,110.9976,223,4.9819,1.0,wave,UNKNOWN,UNKNOWN,0.2267,0,54.558
4890,111.0127,207,4.997,1.0,wave,UNKNOWN,UNKNOWN,0.27,0,56.346
4890,111.0127,223,4.997,1.0,wave,UNKNOWN,UNKNOWN,0.2267,0,56.346
4891,111.0266,207,4.9607,1.0,wave,UNKNOWN,UNKNOWN,0.27,0,57.636
4891,111.0266,223,4.9607,1.0,wave,UNKNOWN,UNKNOWN,0.2267,0,57.636
4892,111.041,207,4.9751,1.0,wave,UNKNOWN,UNKNOWN,0.27,0,58.943
4892,111.041,223,4.9751,1.0,wave,UNKNOWN,UNKNOWN,0.2267,0,58.943
4893,111.0556,207,4.9897,1.0,wave,UNKNOWN,UNKNOWN,0.27,0,59.527
4893,111.0556,223,4.9897,1.0,wave,UNKNOWN,UNKNOWN,0.2533,1,59.527
4894,111.1143,207,4.9907,1.0,wave,UNKNOWN,UNKNOWN,0.27,0,55.252
4894,111.1143,223,4.9907,1.0,wave,UNKNOWN,UNKNOWN,0.2533,0,55.252
4895,111.1301,207,4.9919,1.0,wave,UNKNOWN,UNKNOWN,0.27,0,56.825
4895,111.1301,223,4.9919,1.0,wave,UNKNOWN,UNKNOWN,0.2533,0,56.825
4896,111.145,207,4.9916,1.0,wave,UNKNOWN,UNKNOWN,0.27,0,58.125
4896,111.145,223,4.9916,1.0,wave,UNKNOWN,UNKNOWN,0.2533,0,58.125
4897,111.159,207,4.9911,1.0,wave,UNKNOWN,UNKNOWN,0.27,0,59.358
4897,111.159,223,4.9911,1.0,wave,UNKNOWN,UNKNOWN,0.2533,0,59.358
4898,111.1729,207,4.9908,1.0,wave,UNKNOWN,UNKNOWN,0.25,1,59.941
4898,111.1729,223,4.9908,1.0,wave,UNKNOWN,UNKNOWN,0.2533,0,59.941
4899,111.2411,207,4.9823,1.0,wave,UNKNOWN,UNKNOWN,0.25,0,55.405
4899,111.2411,223,4.9823,1.0,wave,UNKNOWN,UNKNOWN,0.2533,0,55.405
4900,111.2565,207,4.9978,1.0,wave,UNKNOWN,UNKNOWN,0.25,0,57.017
4900,111.2565,223,4.9978,1.0,wave,UNKNOWN,UNKNOWN,0.2533,0,57.017
4901,111.2705,207,4.9965,1.0,wave,UNKNOWN,UNKNOWN,0.25,0,58.998
4901,111.2705,223,4.9965,1.0,wave,UNKNOWN,UNKNOWN,0.2533,0,58.998
4902,111.2836,207,4.9473,1.0,wave,UNKNOWN,UNKNOWN,0.25,0,60.287
4902,111.2836,223,4.9473,1.0,wave,UNKNOWN,UNKNOWN,0.2533,0,60.287
4903,111.2973,207,4.9611,1.0,wave,UNKNOWN,UNKNOWN,0.25,0,62.176
4903,111.2973,223,4.9611,1.0,wave,UNKNOWN,UNKNOWN,0.2533,0,62.176
4904,111.3105,207,4.9743,1.0,wave,UNKNOWN,UNKNOWN,0.25,0,63.229
4904,111.3105,223,4.9743,1.0,wave,UNKNOWN,UNKNOWN,0.2467,1,63.229
4905,111.3656,207,4.9989,1.0,wave,UNKNOWN,UNKNOWN,0.25,0,58.664
4905,111.3656,223,4.9989,1.0,wave,UNKNOWN,UNKNOWN,0.2467,0,58.664
4906,111.3808,207,4.9994,1.0,wave,UNKNOWN,UNKNOWN,0.25,0,60.394
4906,111.3808,223,4.9994,1.0,wave,UNKNOWN,UNKNOWN,0.2467,0,60.394
4907,111.3942,207,4.9989,1.0,wave,UNKNOWN,UNKNOWN,0.25,0,61.691
4907,111.3942,223,4.9989,1.0,wave,UNKNOWN,UNKNOWN,0.2467,0,61.691
4908,111.4077,207,4.998,1.0,wave,UNKNOWN,UNKNOWN,0.25,0,62.705
4908,111.4077,223,4.998,1.0,wave,UNKNOWN,UNKNOWN,0.2467,0,62.705
4909,111.4214,207,4.9967,1.0,wave,UNKNOWN,UNKNOWN,0.25,0,63.561
4909,111.4214,223,4.9967,1.0,wave,UNKNOWN,UNKNOWN,0.2467,0,63.561
4910,111.4355,207,4.9964,1.0,sit_stand,UNKNOWN,UNKNOWN,0.2367,1,64.159
4910,111.4355,223,4.9964,1.0,wave,UNKNOWN,UNKNOWN,0.2467,0,64.159
4911,111.4869,207,4.9906,1.0,sit_stand,UNKNOWN,UNKNOWN,0.2367,0,59.698
4911,111.4869,223,4.9906,1.0,wave,UNKNOWN,UNKNOWN,0.2467,0,59.698
4912,111.5007,207,4.9859,1.0,sit_stand,UNKNOWN,UNKNOWN,0.2367,0,60.367
4912,111.5007,223,4.9859,1.0,wave,UNKNOWN,UNKNOWN,0.2467,0,60.367
4913,111.5158,207,4.9869,1.0,sit_stand,UNKNOWN,UNKNOWN,0.2367,0,61.82
4913,111.5158,223,4.9869,1.0,wave,UNKNOWN,UNKNOWN,0.2467,0,61.82
4914,111.5297,207,4.9408,1.0,sit_stand,UNKNOWN,UNKNOWN,0.2367,0,63.442
4914,111.5297,223,4.9408,1.0,wave,UNKNOWN,UNKNOWN,0.2467,0,63.442
4915,111.5423,207,4.9534,1.0,sit_stand,UNKNOWN,UNKNOWN,0.2367,0,64.714
4915,111.5423,223,4.9534,1.0,wave,UNKNOWN,UNKNOWN,0.2467,0,64.714
4916,111.5552,207,4.9663,1.0,sit_stand,UNKNOWN,UNKNOWN,0.2367,0,65.534
4916,111.5552,223,4.9663,1.0,wave,UNKNOWN,UNKNOWN,0.2467,0,65.534
4917,111.569,207,4.9801,1.0,sit_stand,UNKNOWN,UNKNOWN,0.2367,0,65.798
4917,111.569,223,4.9801,1.0,wave,UNKNOWN,UNKNOWN,0.24,1,65.798
4918,111.6309,207,4.9902,1.0,sit_stand,UNKNOWN,UNKNOWN,0.2367,0,60.843
4918,111.6309,223,4.9902,1.0,wave,UNKNOWN,UNKNOWN,0.24,0,60.843
4919,111.6455,207,4.9864,1.0,sit_stand,UNKNOWN,UNKNOWN,0.2367,0,62.518
4919,111.6455,223,4.9864,1.0,wave,UNKNOWN,UNKNOWN,0.24,0,62.518
4920,111.658,207,4.9989,1.0,sit_stand,UNKNOWN,UNKNOWN,0.2367,0,61.013
4920,111.658,223,4.9989,1.0,wave,UNKNOWN,UNKNOWN,0.24,0,61.013
4921,111.6794,207,4.9859,1.0,sit_stand,UNKNOWN,UNKNOWN,0.2367,0,62.666
4921,111.6794,223,4.9859,1.0,wave,UNKNOWN,UNKNOWN,0.24,0,62.666
4922,111.692,207,4.9985,1.0,sit_stand,UNKNOWN,UNKNOWN,0.2467,1,64.019
4922,111.692,223,4.9985,1.0,wave,UNKNOWN,UNKNOWN,0.24,0,64.019
4923,111.7429,207,4.9826,1.0,sit_stand,UNKNOWN,UNKNOWN,0.2467,0,59.583
4923,111.7429,223,4.9826,1.0,wave,UNKNOWN,UNKNOWN,0.24,0,59.583
4924,111.7564,207,4.9961,1.0,sit_stand,UNKNOWN,UNKNOWN,0.2467,0,61.101
4924,111.7564,223,4.9961,1.0,wave,UNKNOWN,UNKNOWN,0.24,0,61.101
4925,111.7694,207,4.9876,1.0,sit_stand,UNKNOWN,UNKNOWN,0.2467,0,59.918
4925,111.7694,223,4.9876,1.0,wave,UNKNOWN,UNKNOWN,0.24,0,59.918
4926,111.79,207,4.9581,1.0,sit_stand,UNKNOWN,UNKNOWN,0.2467,0,61.499
4926,111.79,223,4.9581,1.0,wave,UNKNOWN,UNKNOWN,0.24,0,61.499
4927,111.8028,207,4.9709,1.0,sit_stand,UNKNOWN,UNKNOWN,0.2467,0,63.104
4927,111.8028,223,4.9709,1.0,wave,UNKNOWN,UNKNOWN,0.24,0,63.104
4928,111.8158,207,4.9839,1.0,sit_stand,UNKNOWN,UNKNOWN,0.2467,0,63.904
4928,111.8158,223,4.9839,1.0,wave,UNKNOWN,UNKNOWN,0.24,0,63.904
4929,111.83,207,4.998,1.0,sit_stand,UNKNOWN,UNKNOWN,0.2467,0,65.022
4929,111.83,223,4.998,1.0,wave,UNKNOWN,UNKNOWN,0.2533,1,65.022
4930,111.8825,207,4.9892,1.0,sit_stand,UNKNOWN,UNKNOWN,0.2467,0,60.376
4930,111.8825,223,4.9892,1.0,wave,UNKNOWN,UNKNOWN,0.2533,0,60.376
4931,111.8968,207,4.9896,1.0,sit_stand,UNKNOWN,UNKNOWN,0.2467,0,62.76
4931,111.8968,223,4.9896,1.0,wave,UNKNOWN,UNKNOWN,0.2533,0,62.76
4932,111.9097,207,4.9869,1.0,sit_stand,UNKNOWN,UNKNOWN,0.2467,0,63.723
4932,111.9097,223,4.9869,1.0,wave,UNKNOWN,UNKNOWN,0.2533,0,63.723
4933,111.9228,207,4.9864,1.0,sit_stand,UNKNOWN,UNKNOWN,0.2467,0,65.03
4933,111.9228,223,4.9864,1.0,wave,UNKNOWN,UNKNOWN,0.2533,0,65.03
4934,111.9358,207,4.9994,1.0,sit_stand,UNKNOWN,UNKNOWN,0.2467,0,65.68
4934,111.9358,223,4.9994,1.0,wave,UNKNOWN,UNKNOWN,0.2533,0,65.68
4935,111.9498,207,4.9991,1.0,sit_stand,UNKNOWN,UNKNOWN,0.25,1,66.388
4935,111.9498,223,4.9991,1.0,wave,UNKNOWN,UNKNOWN,0.2533,0,66.388
4936,112.0003,207,4.9907,1.0,sit_stand,UNKNOWN,UNKNOWN,0.25,0,61.731
4936,112.0003,223,4.9907,1.0,wave,UNKNOWN,UNKNOWN,0.2533,0,61.731
4937,112.014,207,4.9871,1.0,sit_stand,UNKNOWN,UNKNOWN,0.25,0,63.288
4937,112.014,223,4.9871,1.0,wave,UNKNOWN,UNKNOWN,0.2533,0,63.288
4938,112.0274,207,4.9857,1.0,sit_stand,UNKNOWN,UNKNOWN,0.25,0,61.191
4938,112.0274,223,4.9857,1.0,wave,UNKNOWN,UNKNOWN,0.2533,0,61.191
4939,112.0506,207,4.9574,1.0,sit_stand,UNKNOWN,UNKNOWN,0.25,0,60.862
4939,112.0506,223,4.9574,1.0,wave,UNKNOWN,UNKNOWN,0.2533,0,60.862
4940,112.0679,207,4.9746,1.0,sit_stand,UNKNOWN,UNKNOWN,0.25,0,61.577
4940,112.0679,223,4.9746,1.0,wave,UNKNOWN,UNKNOWN,0.2533,0,61.577
4941,112.0826,207,4.9893,1.0,sit_stand,UNKNOWN,UNKNOWN,0.25,0,62.498
4941,112.0826,223,4.9893,1.0,wave,UNKNOWN,UNKNOWN,0.2367,1,62.498
4942,112.143,207,4.9978,1.0,sit_stand,UNKNOWN,UNKNOWN,0.25,0,57.916
4942,112.143,223,4.9978,1.0,wave,UNKNOWN,UNKNOWN,0.2367,0,57.916
4943,112.1567,207,4.997,1.0,sit_stand,UNKNOWN,UNKNOWN,0.25,0,59.943
4943,112.1567,223,4.997,1.0,wave,UNKNOWN,UNKNOWN,0.2367,0,59.943
4944,112.1694,207,4.9948,1.0,sit_stand,UNKNOWN,UNKNOWN,0.25,0,61.375
4944,112.1694,223,4.9948,1.0,wave,UNKNOWN,UNKNOWN,0.2367,0,61.375
4945,112.1828,207,4.9916,1.0,sit_stand,UNKNOWN,UNKNOWN,0.25,0,62.907
4945,112.1828,223,4.9916,1.0,wave,UNKNOWN,UNKNOWN,0.2367,0,62.907
4946,112.1959,207,4.9897,1.0,sit_stand,UNKNOWN,UNKNOWN,0.25,0,64.125
4946,112.1959,223,4.9897,1.0,wave,UNKNOWN,UNKNOWN,0.2367,0,64.125
4947,112.2095,207,4.9872,1.0,sit_stand,UNKNOWN,UNKNOWN,0.24,1,65.073
4947,112.2095,223,4.9872,1.0,wave,UNKNOWN,UNKNOWN,0.2367,0,65.073
4948,112.2665,207,4.9928,1.0,sit_stand,UNKNOWN,UNKNOWN,0.24,0,60.285
4948,112.2665,223,4.9928,1.0,wave,UNKNOWN,UNKNOWN,0.2367,0,60.285
4949,112.2809,207,4.9913,1.0,sit_stand,UNKNOWN,UNKNOWN,0.24,0,61.758
4949,112.2809,223,4.9913,1.0,wave,UNKNOWN,UNKNOWN,0.2367,0,61.758
4950,112.2942,207,4.988,1.0,sit_stand,UNKNOWN,UNKNOWN,0.24,0,63.334
4950,112.2942,223,4.988,1.0,wave,UNKNOWN,UNKNOWN,0.2367,0,63.334
4951,112.3071,207,4.9437,1.0,sit_stand,UNKNOWN,UNKNOWN,0.24,0,64.74
4951,112.3071,223,4.9437,1.0,wave,UNKNOWN,UNKNOWN,0.2367,0,64.74
4952,112.3204,207,4.9569,1.0,sit_stand,UNKNOWN,UNKNOWN,0.24,0,65.519
4952,112.3204,223,4.9569,1.0,wave,UNKNOWN,UNKNOWN,0.2367,0,65.519
4953,112.3338,207,4.9703,1.0,sit_stand,UNKNOWN,UNKNOWN,0.24,0,66.198
4953,112.3338,223,4.9703,1.0,wave,UNKNOWN,UNKNOWN,0.2433,1,66.198
4954,112.3886,207,4.9952,1.0,sit_stand,UNKNOWN,UNKNOWN,0.24,0,61.409
4954,112.3886,223,4.9952,1.0,wave,UNKNOWN,UNKNOWN,0.2433,0,61.409
4955,112.4023,207,4.9937,1.0,sit_stand,UNKNOWN,UNKNOWN,0.24,0,62.517
4955,112.4023,223,4.9937,1.0,wave,UNKNOWN,UNKNOWN,0.2433,0,62.517
4956,112.4161,207,4.9901,1.0,sit_stand,UNKNOWN,UNKNOWN,0.24,0,63.161
4956,112.4161,223,4.9901,1.0,wave,UNKNOWN,UNKNOWN,0.2433,0,63.161
4957,112.4309,207,4.9904,1.0,sit_stand,UNKNOWN,UNKNOWN,0.24,0,64.14
4957,112.4309,223,4.9904,1.0,wave,UNKNOWN,UNKNOWN,0.2433,0,64.14
4958,112.4443,207,4.9905,1.0,sit_stand,UNKNOWN,UNKNOWN,0.24,0,65.488
4958,112.4443,223,4.9905,1.0,wave,UNKNOWN,UNKNOWN,0.2433,0,65.488
4959,112.4573,207,4.9893,1.0,sit_stand,UNKNOWN,UNKNOWN,0.24,0,66.539
4959,112.4573,223,4.9893,1.0,wave,UNKNOWN,UNKNOWN,0.2433,0,66.539
4960,112.4705,207,4.9889,1.0,sit_stand,UNKNOWN,UNKNOWN,0.23,1,67.059
4960,112.4705,223,4.9889,1.0,wave,UNKNOWN,UNKNOWN,0.2433,0,67.059
4961,112.6037,207,4.9945,1.0,sit_stand,UNKNOWN,UNKNOWN,0.23,0,61.1
4961,112.6037,223,4.9945,1.0,wave,UNKNOWN,UNKNOWN,0.2467,1,61.1
4962,112.6554,207,4.9961,1.0,sit_stand,UNKNOWN,UNKNOWN,0.23,0,56.964
4962,112.6554,223,4.9961,1.0,wave,UNKNOWN,UNKNOWN,0.2467,0,56.964
4963,112.6687,207,4.994,1.0,sit_stand,UNKNOWN,UNKNOWN,0.23,0,58.936
4963,112.6687,223,4.994,1.0,wave,UNKNOWN,UNKNOWN,0.2467,0,58.936
4964,112.6818,207,4.9917,1.0,sit_stand,UNKNOWN,UNKNOWN,0.23,0,60.26
4964,112.6818,223,4.9917,1.0,wave,UNKNOWN,UNKNOWN,0.2467,0,60.26
4965,112.6955,207,4.9903,1.0,sit_stand,UNKNOWN,UNKNOWN,0.23,0,61.579
4965,112.6955,223,4.9903,1.0,wave,UNKNOWN,UNKNOWN,0.2467,0,61.579
4966,112.7089,207,4.9893,1.0,sit_stand,UNKNOWN,UNKNOWN,0.23,0,62.95
4966,112.7089,223,4.9893,1.0,wave,UNKNOWN,UNKNOWN,0.2467,0,62.95
4967,112.7225,207,4.989,1.0,sit_stand,UNKNOWN,UNKNOWN,0.2333,1,64.366
4967,112.7225,223,4.989,1.0,wave,UNKNOWN,UNKNOWN,0.2467,0,64.366
4968,112.78,207,4.9933,1.0,sit_stand,UNKNOWN,UNKNOWN,0.2333,0,59.645
4968,112.78,223,4.9933,1.0,wave,UNKNOWN,UNKNOWN,0.2467,0,59.645
4969,112.7937,207,4.9879,1.0,sit_stand,UNKNOWN,UNKNOWN,0.2333,0,61.892
4969,112.7937,223,4.9879,1.0,wave,UNKNOWN,UNKNOWN,0.2467,0,61.892
4970,112.8058,207,4.9839,1.0,sit_stand,UNKNOWN,UNKNOWN,0.2333,0,60.34
4970,112.8058,223,4.9839,1.0,wave,UNKNOWN,UNKNOWN,0.2467,0,60.34
4971,112.8276,207,4.9546,1.0,sit_stand,UNKNOWN,UNKNOWN,0.2333,0,62.129
4971,112.8276,223,4.9546,1.0,wave,UNKNOWN,UNKNOWN,0.2467,0,62.129
4972,112.8405,207,4.9675,1.0,sit_stand,UNKNOWN,UNKNOWN,0.2333,0,63.634
4972,112.8405,223,4.9675,1.0,wave,UNKNOWN,UNKNOWN,0.2467,0,63.634
4973,112.8533,207,4.9802,1.0,sit_stand,UNKNOWN,UNKNOWN,0.2333,0,65.236
4973,112.8533,223,4.9802,1.0,wave,UNKNOWN,UNKNOWN,0.2467,0,65.236
4974,112.8656,207,4.9925,1.0,sit_stand,UNKNOWN,UNKNOWN,0.2333,0,66.577
4974,112.8656,223,4.9925,1.0,wave,UNKNOWN,UNKNOWN,0.2367,1,66.577
4975,112.9162,207,4.9957,1.0,sit_stand,UNKNOWN,UNKNOWN,0.2333,0,61.859
4975,112.9162,223,4.9957,1.0,wave,UNKNOWN,UNKNOWN,0.2367,0,61.859
4976,112.9299,207,4.9942,1.0,sit_stand,UNKNOWN,UNKNOWN,0.2333,0,60.968
4976,112.9299,223,4.9942,1.0,wave,UNKNOWN,UNKNOWN,0.2367,0,60.968
4977,112.949,207,4.998,1.0,sit_stand,UNKNOWN,UNKNOWN,0.2333,0,62.284
4977,112.949,223,4.998,1.0,wave,UNKNOWN,UNKNOWN,0.2367,0,62.284
4978,112.9621,207,4.9976,1.0,sit_stand,UNKNOWN,UNKNOWN,0.2333,0,64.178
4978,112.9621,223,4.9976,1.0,wave,UNKNOWN,UNKNOWN,0.2367,0,64.178
4979,112.9746,207,4.9962,1.0,wave,UNKNOWN,UNKNOWN,0.2333,1,62.356
4979,112.9746,223,4.9962,1.0,wave,UNKNOWN,UNKNOWN,0.2367,0,62.356
4980,113.0356,207,4.9956,1.0,wave,UNKNOWN,UNKNOWN,0.2333,0,58.012
4980,113.0356,223,4.9956,1.0,wave,UNKNOWN,UNKNOWN,0.2367,0,58.012
4981,113.049,207,4.9938,1.0,wave,UNKNOWN,UNKNOWN,0.2333,0,60.327
4981,113.049,223,4.9938,1.0,wave,UNKNOWN,UNKNOWN,0.2367,0,60.327
4982,113.0618,207,4.9922,1.0,wave,UNKNOWN,UNKNOWN,0.2333,0,61.772
4982,113.0618,223,4.9922,1.0,wave,UNKNOWN,UNKNOWN,0.2367,0,61.772
4983,113.0748,207,4.989,1.0,wave,UNKNOWN,UNKNOWN,0.2333,0,63.657
4983,113.0748,223,4.989,1.0,wave,UNKNOWN,UNKNOWN,0.2367,0,63.657
4984,113.0874,207,4.9459,1.0,wave,UNKNOWN,UNKNOWN,0.2333,0,65.155
4984,113.0874,223,4.9459,1.0,wave,UNKNOWN,UNKNOWN,0.2367,0,65.155
4985,113.1003,207,4.9588,1.0,wave,UNKNOWN,UNKNOWN,0.2333,0,65.781
4985,113.1003,223,4.9588,1.0,wave,UNKNOWN,UNKNOWN,0.2367,0,65.781
4986,113.1144,207,4.9729,1.0,wave,UNKNOWN,UNKNOWN,0.2333,0,66.7
4986,113.1144,223,4.9729,1.0,wave,UNKNOWN,UNKNOWN,0.2367,0,66.7
4987,113.1278,207,4.9863,1.0,wave,UNKNOWN,UNKNOWN,0.2333,0,66.792
4987,113.1278,223,4.9863,1.0,sit_stand,UNKNOWN,UNKNOWN,0.2367,1,66.792
4988,113.1793,207,4.9949,1.0,wave,UNKNOWN,UNKNOWN,0.2333,0,62.05
4988,113.1793,223,4.9949,1.0,sit_stand,UNKNOWN,UNKNOWN,0.2367,0,62.05
4989,113.1937,207,4.9933,1.0,wave,UNKNOWN,UNKNOWN,0.2333,0,63.859
4989,113.1937,223,4.9933,1.0,sit_stand,UNKNOWN,UNKNOWN,0.2367,0,63.859
4990,113.2072,207,4.9933,1.0,wave,UNKNOWN,UNKNOWN,0.2333,0,64.661
4990,113.2072,223,4.9933,1.0,sit_stand,UNKNOWN,UNKNOWN,0.2367,0,64.661
4991,113.2206,207,4.9923,1.0,wave,UNKNOWN,UNKNOWN,0.2333,0,65.598
4991,113.2206,223,4.9923,1.0,sit_stand,UNKNOWN,UNKNOWN,0.2367,0,65.598
4992,113.2336,207,4.9897,1.0,wave,UNKNOWN,UNKNOWN,0.2367,1,66.292
4992,113.2336,223,4.9897,1.0,sit_stand,UNKNOWN,UNKNOWN,0.2367,0,66.292
4993,113.2889,207,4.9999,1.0,wave,UNKNOWN,UNKNOWN,0.2367,0,61.493
4993,113.2889,223,4.9999,1.0,sit_stand,UNKNOWN,UNKNOWN,0.2367,0,61.493
4994,113.3026,207,4.9973,1.0,wave,UNKNOWN,UNKNOWN,0.2367,0,62.728
4994,113.3026,223,4.9973,1.0,sit_stand,UNKNOWN,UNKNOWN,0.2367,0,62.728
4995,113.316,207,4.9954,1.0,wave,UNKNOWN,UNKNOWN,0.2367,0,63.93
4995,113.316,223,4.9954,1.0,sit_stand,UNKNOWN,UNKNOWN,0.2367,0,63.93
4996,113.3292,207,4.9934,1.0,wave,UNKNOWN,UNKNOWN,0.2367,0,64.642
4996,113.3292,223,4.9934,1.0,sit_stand,UNKNOWN,UNKNOWN,0.2367,0,64.642
4997,113.3432,207,4.9941,1.0,wave,UNKNOWN,UNKNOWN,0.2367,0,65.869
4997,113.3432,223,4.9941,1.0,sit_stand,UNKNOWN,UNKNOWN,0.2367,0,65.869
4998,113.3579,207,4.9578,1.0,wave,UNKNOWN,UNKNOWN,0.2367,0,66.081
4998,113.3579,223,4.9578,1.0,sit_stand,UNKNOWN,UNKNOWN,0.2367,0,66.081
4999,113.3712,207,4.9711,1.0,wave,UNKNOWN,UNKNOWN,0.2367,0,67.032
4999,113.3712,223,4.9711,1.0,sit_stand,UNKNOWN,UNKNOWN,0.2367,0,67.032
5000,113.3842,207,4.9841,1.0,wave,UNKNOWN,UNKNOWN,0.2367,0,67.963
5000,113.3842,223,4.9841,1.0,wave,UNKNOWN,UNKNOWN,0.23,1,67.963
5001,113.4347,207,4.9895,1.0,wave,UNKNOWN,UNKNOWN,0.2367,0,63.083
5001,113.4347,223,4.9895,1.0,wave,UNKNOWN,UNKNOWN,0.23,0,63.083
5002,113.4495,207,4.9905,1.0,wave,UNKNOWN,UNKNOWN,0.2367,0,64.026
5002,113.4495,223,4.9905,1.0,wave,UNKNOWN,UNKNOWN,0.23,0,64.026
5003,113.4633,207,4.9899,1.0,wave,UNKNOWN,UNKNOWN,0.2367,0,64.745
5003,113.4633,223,4.9899,1.0,wave,UNKNOWN,UNKNOWN,0.23,0,64.745
5004,113.4775,207,4.99,1.0,wave,UNKNOWN,UNKNOWN,0.2367,0,64.989
5004,113.4775,223,4.99,1.0,wave,UNKNOWN,UNKNOWN,0.23,0,64.989
5005,113.4924,207,4.9801,1.0,sit_stand,UNKNOWN,UNKNOWN,0.23,1,65.937
5005,113.4924,223,4.9801,1.0,wave,UNKNOWN,UNKNOWN,0.23,0,65.937
5006,113.5448,207,4.9868,1.0,sit_stand,UNKNOWN,UNKNOWN,0.23,0,61.191
5006,113.5448,223,4.9868,1.0,wave,UNKNOWN,UNKNOWN,0.23,0,61.191
5007,113.56,207,4.9893,1.0,sit_stand,UNKNOWN,UNKNOWN,0.23,0,62.358
5007,113.56,223,4.9893,1.0,wave,UNKNOWN,UNKNOWN,0.23,0,62.358
5008,113.5745,207,4.9894,1.0,sit_stand,UNKNOWN,UNKNOWN,0.23,0,63.325
5008,113.5745,223,4.9894,1.0,wave,UNKNOWN,UNKNOWN,0.23,0,63.325
5009,113.5883,207,4.9854,1.0,sit_stand,UNKNOWN,UNKNOWN,0.23,0,64.225
5009,113.5883,223,4.9854,1.0,wave,UNKNOWN,UNKNOWN,0.23,0,64.225
5010,113.6015,207,4.9986,1.0,sit_stand,UNKNOWN,UNKNOWN,0.23,0,64.999
5010,113.6015,223,4.9986,1.0,wave,UNKNOWN,UNKNOWN,0.23,0,64.999
5011,113.6151,207,4.9529,1.0,sit_stand,UNKNOWN,UNKNOWN,0.23,0,65.761
5011,113.6151,223,4.9529,1.0,wave,UNKNOWN,UNKNOWN,0.23,0,65.761
5012,113.6289,207,4.9667,1.0,sit_stand,UNKNOWN,UNKNOWN,0.23,0,65.994
5012,113.6289,223,4.9667,1.0,wave,UNKNOWN,UNKNOWN,0.23,0,65.994
5013,113.6435,207,4.9813,1.0,sit_stand,UNKNOWN,UNKNOWN,0.23,0,66.339
5013,113.6435,223,4.9813,1.0,wave,UNKNOWN,UNKNOWN,0.23,1,66.339
5014,113.6983,207,4.9977,1.0,sit_stand,UNKNOWN,UNKNOWN,0.23,0,61.546
5014,113.6983,223,4.9977,1.0,wave,UNKNOWN,UNKNOWN,0.23,0,61.546
5015,113.7123,207,4.9918,1.0,sit_stand,UNKNOWN,UNKNOWN,0.23,0,62.767
5015,113.7123,223,4.9918,1.0,wave,UNKNOWN,UNKNOWN,0.23,0,62.767
5016,113.7256,207,4.985,1.0,sit_stand,UNKNOWN,UNKNOWN,0.23,0,64.409
5016,113.7256,223,4.985,1.0,wave,UNKNOWN,UNKNOWN,0.23,0,64.409
5017,113.7395,207,4.9988,1.0,sit_stand,UNKNOWN,UNKNOWN,0.23,0,65.286
5017,113.7395,223,4.9988,1.0,wave,UNKNOWN,UNKNOWN,0.23,0,65.286
5018,113.752,207,4.9946,1.0,wave,UNKNOWN,UNKNOWN,0.23,1,66.306
5018,113.752,223,4.9946,1.0,wave,UNKNOWN,UNKNOWN,0.23,0,66.306
5019,113.8044,207,4.9876,1.0,wave,UNKNOWN,UNKNOWN,0.23,0,61.582
5019,113.8044,223,4.9876,1.0,wave,UNKNOWN,UNKNOWN,0.23,0,61.582
5020,113.8179,207,4.9878,1.0,wave,UNKNOWN,UNKNOWN,0.23,0,62.116
5020,113.8179,223,4.9878,1.0,wave,UNKNOWN,UNKNOWN,0.23,0,62.116
5021,113.8326,207,4.9884,1.0,wave,UNKNOWN,UNKNOWN,0.23,0,61.088
5021,113.8326,223,4.9884,1.0,wave,UNKNOWN,UNKNOWN,0.23,0,61.088
5022,113.8523,207,4.9933,1.0,wave,UNKNOWN,UNKNOWN,0.23,0,62.031
5022,113.8523,223,4.9933,1.0,wave,UNKNOWN,UNKNOWN,0.23,0,62.031
5023,113.866,207,4.9463,1.0,wave,UNKNOWN,UNKNOWN,0.23,0,62.221
5023,113.866,223,4.9463,1.0,wave,UNKNOWN,UNKNOWN,0.23,0,62.221
5024,113.8817,207,4.962,1.0,wave,UNKNOWN,UNKNOWN,0.23,0,62.365
5024,113.8817,223,4.962,1.0,wave,UNKNOWN,UNKNOWN,0.23,0,62.365
5025,113.8974,207,4.9777,1.0,wave,UNKNOWN,UNKNOWN,0.23,0,62.271
5025,113.8974,223,4.9777,1.0,sit_stand,UNKNOWN,UNKNOWN,0.2267,1,62.271
5026,113.9536,207,4.9902,1.0,wave,UNKNOWN,UNKNOWN,0.23,0,57.925
5026,113.9536,223,4.9902,1.0,sit_stand,UNKNOWN,UNKNOWN,0.2267,0,57.925
5027,113.9674,207,4.9909,1.0,wave,UNKNOWN,UNKNOWN,0.23,0,58.702
5027,113.9674,223,4.9909,1.0,sit_stand,UNKNOWN,UNKNOWN,0.2267,0,58.702
5028,113.982,207,4.9921,1.0,wave,UNKNOWN,UNKNOWN,0.23,0,58.578
5028,113.982,223,4.9921,1.0,sit_stand,UNKNOWN,UNKNOWN,0.2267,0,58.578
5029,114.0001,207,4.995,1.0,wave,UNKNOWN,UNKNOWN,0.23,0,59.155
5029,114.0001,223,4.995,1.0,sit_stand,UNKNOWN,UNKNOWN,0.2267,0,59.155
5030,114.0152,207,4.9931,1.0,sit_stand,UNKNOWN,UNKNOWN,0.2233,1,59.659
5030,114.0152,223,4.9931,1.0,sit_stand,UNKNOWN,UNKNOWN,0.2267,0,59.659
5031,114.07,207,4.9879,1.0,sit_stand,UNKNOWN,UNKNOWN,0.2233,0,55.577
5031,114.07,223,4.9879,1.0,sit_stand,UNKNOWN,UNKNOWN,0.2267,0,55.577
5032,114.0841,207,4.9884,1.0,sit_stand,UNKNOWN,UNKNOWN,0.2233,0,56.704
5032,114.0841,223,4.9884,1.0,sit_stand,UNKNOWN,UNKNOWN,0.2267,0,56.704
5033,114.0989,207,4.9903,1.0,sit_stand,UNKNOWN,UNKNOWN,0.2233,0,56.907
5033,114.0989,223,4.9903,1.0,sit_stand,UNKNOWN,UNKNOWN,0.2267,0,56.907
5034,114.1165,207,4.9937,1.0,sit_stand,UNKNOWN,UNKNOWN,0.2233,0,57.301
5034,114.1165,223,4.9937,1.0,sit_stand,UNKNOWN,UNKNOWN,0.2267,0,57.301
5035,114.1327,207,4.9589,1.0,sit_stand,UNKNOWN,UNKNOWN,0.2233,0,57.779
5035,114.1327,223,4.9589,1.0,sit_stand,UNKNOWN,UNKNOWN,0.2267,0,57.779
5036,114.1482,207,4.9744,1.0,sit_stand,UNKNOWN,UNKNOWN,0.2233,0,58.507
5036,114.1482,223,4.9744,1.0,wave,UNKNOWN,UNKNOWN,0.2333,1,58.507
5037,114.2049,207,4.9955,1.0,sit_stand,UNKNOWN,UNKNOWN,0.2233,0,54.482
5037,114.2049,223,4.9955,1.0,wave,UNKNOWN,UNKNOWN,0.2333,0,54.482
5038,114.2192,207,4.9899,1.0,sit_stand,UNKNOWN,UNKNOWN,0.2233,0,55.946
5038,114.2192,223,4.9899,1.0,wave,UNKNOWN,UNKNOWN,0.2333,0,55.946
5039,114.2335,207,4.9834,1.0,sit_stand,UNKNOWN,UNKNOWN,0.2233,0,57.148
5039,114.2335,223,4.9834,1.0,wave,UNKNOWN,UNKNOWN,0.2333,0,57.148
5040,114.2478,207,4.9977,1.0,sit_stand,UNKNOWN,UNKNOWN,0.2233,0,57.88
5040,114.2478,223,4.9977,1.0,wave,UNKNOWN,UNKNOWN,0.2333,0,57.88
5041,114.2635,207,4.9935,1.0,sit_stand,UNKNOWN,UNKNOWN,0.2233,0,58.103
5041,114.2635,223,4.9935,1.0,wave,UNKNOWN,UNKNOWN,0.2333,0,58.103
5042,114.2802,207,4.9925,1.0,sit_stand,UNKNOWN,UNKNOWN,0.25,1,58.543
5042,114.2802,223,4.9925,1.0,wave,UNKNOWN,UNKNOWN,0.2333,0,58.543
5043,114.3345,207,4.9823,1.0,sit_stand,UNKNOWN,UNKNOWN,0.25,0,54.554
5043,114.3345,223,4.9823,1.0,wave,UNKNOWN,UNKNOWN,0.2333,0,54.554
5044,114.3496,207,4.9974,1.0,sit_stand,UNKNOWN,UNKNOWN,0.25,0,56.47
5044,114.3496,223,4.9974,1.0,wave,UNKNOWN,UNKNOWN,0.2333,0,56.47
5045,114.3637,207,4.9917,1.0,sit_stand,UNKNOWN,UNKNOWN,0.25,0,57.586
5045,114.3637,223,4.9917,1.0,wave,UNKNOWN,UNKNOWN,0.2333,0,57.586
5046,114.3779,207,4.9897,1.0,sit_stand,UNKNOWN,UNKNOWN,0.25,0,59.342
5046,114.3779,223,4.9897,1.0,wave,UNKNOWN,UNKNOWN,0.2333,0,59.342
5047,114.391,207,4.9423,1.0,sit_stand,UNKNOWN,UNKNOWN,0.25,0,60.46
5047,114.391,223,4.9423,1.0,wave,UNKNOWN,UNKNOWN,0.2333,0,60.46
5048,114.4052,207,4.9566,1.0,sit_stand,UNKNOWN,UNKNOWN,0.25,0,61.562
5048,114.4052,223,4.9566,1.0,sit_stand,UNKNOWN,UNKNOWN,0.2367,1,61.562
5049,114.4575,207,4.9885,1.0,sit_stand,UNKNOWN,UNKNOWN,0.25,0,57.255
5049,114.4575,223,4.9885,1.0,sit_stand,UNKNOWN,UNKNOWN,0.2367,0,57.255
5050,114.4733,207,4.9884,1.0,sit_stand,UNKNOWN,UNKNOWN,0.25,0,59.406
5050,114.4733,223,4.9884,1.0,sit_stand,UNKNOWN,UNKNOWN,0.2367,0,59.406
5051,114.4876,207,4.9864,1.0,sit_stand,UNKNOWN,UNKNOWN,0.25,0,60.175
5051,114.4876,223,4.9864,1.0,sit_stand,UNKNOWN,UNKNOWN,0.2367,0,60.175
5052,114.5015,207,4.9784,1.0,sit_stand,UNKNOWN,UNKNOWN,0.25,0,61.492
5052,114.5015,223,4.9784,1.0,sit_stand,UNKNOWN,UNKNOWN,0.2367,0,61.492
5053,114.5148,207,4.9917,1.0,sit_stand,UNKNOWN,UNKNOWN,0.25,0,62.506
5053,114.5148,223,4.9917,1.0,sit_stand,UNKNOWN,UNKNOWN,0.2367,0,62.506
5054,114.5286,207,4.9913,1.0,sit_stand,UNKNOWN,UNKNOWN,0.25,0,63.556
5054,114.5286,223,4.9913,1.0,sit_stand,UNKNOWN,UNKNOWN,0.2367,0,63.556
5055,114.5423,207,4.9811,1.0,sit_stand,UNKNOWN,UNKNOWN,0.2433,1,64.002
5055,114.5423,223,4.9811,1.0,sit_stand,UNKNOWN,UNKNOWN,0.2367,0,64.002
5056,114.5936,207,4.9926,1.0,sit_stand,UNKNOWN,UNKNOWN,0.2433,0,59.536
5056,114.5936,223,4.9926,1.0,sit_stand,UNKNOWN,UNKNOWN,0.2367,0,59.536
5057,114.6086,207,4.9893,1.0,sit_stand,UNKNOWN,UNKNOWN,0.2433,0,60.409
5057,114.6086,223,4.9893,1.0,sit_stand,UNKNOWN,UNKNOWN,0.2367,0,60.409
5058,114.6233,207,4.9909,1.0,sit_stand,UNKNOWN,UNKNOWN,0.2433,0,60.796
5058,114.6233,223,4.9909,1.0,sit_stand,UNKNOWN,UNKNOWN,0.2367,0,60.796
5059,114.6389,207,4.9925,1.0,sit_stand,UNKNOWN,UNKNOWN,0.2433,0,62.432
5059,114.6389,223,4.9925,1.0,sit_stand,UNKNOWN,UNKNOWN,0.2367,0,62.432
5060,114.6546,207,4.9456,1.0,sit_stand,UNKNOWN,UNKNOWN,0.2433,0,62.538
5060,114.6546,223,4.9456,1.0,sit_stand,UNKNOWN,UNKNOWN,0.2367,0,62.538
5061,114.6682,207,4.9592,1.0,sit_stand,UNKNOWN,UNKNOWN,0.2433,0,63.51
5061,114.6682,223,4.9592,1.0,sit_stand,UNKNOWN,UNKNOWN,0.2467,1,63.51
5062,114.729,207,4.9891,1.0,sit_stand,UNKNOWN,UNKNOWN,0.2433,0,58.761
5062,114.729,223,4.9891,1.0,sit_stand,UNKNOWN,UNKNOWN,0.2467,0,58.761
5063,114.7439,207,4.9896,1.0,sit_stand,UNKNOWN,UNKNOWN,0.2433,0,59.677
5063,114.7439,223,4.9896,1.0,sit_stand,UNKNOWN,UNKNOWN,0.2467,0,59.677
5064,114.7588,207,4.9887,1.0,sit_stand,UNKNOWN,UNKNOWN,0.2433,0,60.521
5064,114.7588,223,4.9887,1.0,sit_stand,UNKNOWN,UNKNOWN,0.2467,0,60.521
5065,114.7744,207,4.9536,1.0,sit_stand,UNKNOWN,UNKNOWN,0.2433,0,60.954
5065,114.7744,223,4.9536,1.0,sit_stand,UNKNOWN,UNKNOWN,0.2467,0,60.954
5066,114.7889,207,4.9681,1.0,sit_stand,UNKNOWN,UNKNOWN,0.2433,0,62.021
5066,114.7889,223,4.9681,1.0,sit_stand,UNKNOWN,UNKNOWN,0.2467,0,62.021
5067,114.8027,207,4.9819,1.0,sit_stand,UNKNOWN,UNKNOWN,0.2467,1,63.264
5067,114.8027,223,4.9819,1.0,sit_stand,UNKNOWN,UNKNOWN,0.2467,0,63.264
5068,114.8563,207,4.9978,1.0,sit_stand,UNKNOWN,UNKNOWN,0.2467,0,58.594
5068,114.8563,223,4.9978,1.0,sit_stand,UNKNOWN,UNKNOWN,0.2467,0,58.594
5069,114.8768,207,4.9875,1.0,sit_stand,UNKNOWN,UNKNOWN,0.2467,0,58.09
5069,114.8768,223,4.9875,1.0,sit_stand,UNKNOWN,UNKNOWN,0.2467,0,58.09
5070,114.8955,207,4.9904,1.0,sit_stand,UNKNOWN,UNKNOWN,0.2467,0,58.335
5070,114.8955,223,4.9904,1.0,sit_stand,UNKNOWN,UNKNOWN,0.2467,0,58.335
5071,114.9116,207,4.944,1.0,sit_stand,UNKNOWN,UNKNOWN,0.2467,0,58.331
5071,114.9116,223,4.944,1.0,sit_stand,UNKNOWN,UNKNOWN,0.2467,0,58.331
5072,114.929,207,4.9614,1.0,sit_stand,UNKNOWN,UNKNOWN,0.2467,0,58.611
5072,114.929,223,4.9614,1.0,sit_stand,UNKNOWN,UNKNOWN,0.2467,1,58.611
5073,114.9948,207,4.9939,1.0,sit_stand,UNKNOWN,UNKNOWN,0.2467,0,54.15
5073,114.9948,223,4.9939,1.0,sit_stand,UNKNOWN,UNKNOWN,0.2467,0,54.15
5074,115.0173,207,4.9851,1.0,sit_stand,UNKNOWN,UNKNOWN,0.2467,0,55.23
5074,115.0173,223,4.9851,1.0,sit_stand,UNKNOWN,UNKNOWN,0.2467,0,55.23
5075,115.0325,207,4.9491,1.0,sit_stand,UNKNOWN,UNKNOWN,0.2467,0,56.037
5075,115.0325,223,4.9491,1.0,sit_stand,UNKNOWN,UNKNOWN,0.2467,0,56.037
5076,115.0483,207,4.9649,1.0,sit_stand,UNKNOWN,UNKNOWN,0.2467,0,57.077
5076,115.0483,223,4.9649,1.0,sit_stand,UNKNOWN,UNKNOWN,0.2467,0,57.077
5077,115.0633,207,4.98,1.0,sit_stand,UNKNOWN,UNKNOWN,0.2233,1,57.535
5077,115.0633,223,4.98,1.0,sit_stand,UNKNOWN,UNKNOWN,0.2467,0,57.535
5078,115.1166,207,4.9891,1.0,sit_stand,UNKNOWN,UNKNOWN,0.2233,0,53.73
5078,115.1166,223,4.9891,1.0,sit_stand,UNKNOWN,UNKNOWN,0.2467,0,53.73
5079,115.1307,207,4.9894,1.0,sit_stand,UNKNOWN,UNKNOWN,0.2233,0,54.981
5079,115.1307,223,4.9894,1.0,sit_stand,UNKNOWN,UNKNOWN,0.2467,0,54.981
5080,115.1459,207,4.9878,1.0,sit_stand,UNKNOWN,UNKNOWN,0.2233,0,55.747
5080,115.1459,223,4.9878,1.0,sit_stand,UNKNOWN,UNKNOWN,0.2467,0,55.747
5081,115.1618,207,4.9523,1.0,sit_stand,UNKNOWN,UNKNOWN,0.2233,0,55.565
5081,115.1618,223,4.9523,1.0,sit_stand,UNKNOWN,UNKNOWN,0.2467,0,55.565
5082,115.1809,207,4.9713,1.0,sit_stand,UNKNOWN,UNKNOWN,0.2233,0,56.547
5082,115.1809,223,4.9713,1.0,sit_stand,UNKNOWN,UNKNOWN,0.2433,1,56.547
5083,115.2435,207,4.9914,1.0,sit_stand,UNKNOWN,UNKNOWN,0.2233,0,52.441
5083,115.2435,223,4.9914,1.0,sit_stand,UNKNOWN,UNKNOWN,0.2433,0,52.441
5084,115.2606,207,4.99,1.0,sit_stand,UNKNOWN,UNKNOWN,0.2233,0,52.893
5084,115.2606,223,4.99,1.0,sit_stand,UNKNOWN,UNKNOWN,0.2433,0,52.893
5085,115.278,207,4.9848,1.0,sit_stand,UNKNOWN,UNKNOWN,0.2233,0,53.551
5085,115.278,223,4.9848,1.0,sit_stand,UNKNOWN,UNKNOWN,0.2433,0,53.551
5086,115.2947,207,4.9493,1.0,sit_stand,UNKNOWN,UNKNOWN,0.2233,0,54.054
5086,115.2947,223,4.9493,1.0,sit_stand,UNKNOWN,UNKNOWN,0.2433,0,54.054
5087,115.312,207,4.9665,1.0,sit_stand,UNKNOWN,UNKNOWN,0.2233,0,54.508
5087,115.312,223,4.9665,1.0,sit_stand,UNKNOWN,UNKNOWN,0.2433,0,54.508
5088,115.3294,207,4.9839,1.0,sit_stand,UNKNOWN,UNKNOWN,0.23,1,55.266
5088,115.3294,223,4.9839,1.0,sit_stand,UNKNOWN,UNKNOWN,0.2433,0,55.266
5089,115.3939,207,4.9961,1.0,sit_stand,UNKNOWN,UNKNOWN,0.23,0,51.294
5089,115.3939,223,4.9961,1.0,sit_stand,UNKNOWN,UNKNOWN,0.2433,0,51.294
5090,115.4093,207,4.9966,1.0,sit_stand,UNKNOWN,UNKNOWN,0.23,0,53.092
5090,115.4093,223,4.9966,1.0,sit_stand,UNKNOWN,UNKNOWN,0.2433,0,53.092
5091,115.4243,207,4.9598,1.0,sit_stand,UNKNOWN,UNKNOWN,0.23,0,53.885
5091,115.4243,223,4.9598,1.0,sit_stand,UNKNOWN,UNKNOWN,0.2433,0,53.885
5092,115.4406,207,4.9761,1.0,sit_stand,UNKNOWN,UNKNOWN,0.23,0,54.41
5092,115.4406,223,4.9761,1.0,sit_stand,UNKNOWN,UNKNOWN,0.2667,1,54.41
5093,115.5056,207,4.9995,1.0,sit_stand,UNKNOWN,UNKNOWN,0.23,0,50.513
5093,115.5056,223,4.9995,1.0,sit_stand,UNKNOWN,UNKNOWN,0.2667,0,50.513
5094,115.5215,207,4.9996,1.0,sit_stand,UNKNOWN,UNKNOWN,0.23,0,51.114
5094,115.5215,223,4.9996,1.0,sit_stand,UNKNOWN,UNKNOWN,0.2667,0,51.114
5095,115.5393,207,4.9948,1.0,sit_stand,UNKNOWN,UNKNOWN,0.23,0,51.985
5095,115.5393,223,4.9948,1.0,sit_stand,UNKNOWN,UNKNOWN,0.2667,0,51.985
5096,115.5557,207,4.9474,1.0,sit_stand,UNKNOWN,UNKNOWN,0.23,0,51.926
5096,115.5557,223,4.9474,1.0,sit_stand,UNKNOWN,UNKNOWN,0.2667,0,51.926
5097,115.5756,207,4.9673,1.0,sit_stand,UNKNOWN,UNKNOWN,0.23,0,53.15
5097,115.5756,223,4.9673,1.0,sit_stand,UNKNOWN,UNKNOWN,0.2667,0,53.15
5098,115.5909,207,4.9826,1.0,sit_stand,UNKNOWN,UNKNOWN,0.25,1,54.155
5098,115.5909,223,4.9826,1.0,sit_stand,UNKNOWN,UNKNOWN,0.2667,0,54.155
5099,115.6446,207,4.9916,1.0,sit_stand,UNKNOWN,UNKNOWN,0.25,0,50.656
5099,115.6446,223,4.9916,1.0,sit_stand,UNKNOWN,UNKNOWN,0.2667,0,50.656
5100,115.659,207,4.991,1.0,sit_stand,UNKNOWN,UNKNOWN,0.25,0,51.925
5100,115.659,223,4.991,1.0,sit_stand,UNKNOWN,UNKNOWN,0.2667,0,51.925
5101,115.6747,207,4.9538,1.0,sit_stand,UNKNOWN,UNKNOWN,0.25,0,53.08
5101,115.6747,223,4.9538,1.0,sit_stand,UNKNOWN,UNKNOWN,0.2667,0,53.08
5102,115.6906,207,4.9696,1.0,sit_stand,UNKNOWN,UNKNOWN,0.25,0,54.078
5102,115.6906,223,4.9696,1.0,sit_stand,UNKNOWN,UNKNOWN,0.2633,1,54.078
5103,115.7443,207,4.9918,1.0,sit_stand,UNKNOWN,UNKNOWN,0.25,0,50.579
5103,115.7443,223,4.9918,1.0,sit_stand,UNKNOWN,UNKNOWN,0.2633,0,50.579
5104,115.7587,207,4.9906,1.0,sit_stand,UNKNOWN,UNKNOWN,0.25,0,51.773
5104,115.7587,223,4.9906,1.0,sit_stand,UNKNOWN,UNKNOWN,0.2633,0,51.773
5105,115.7747,207,4.9921,1.0,sit_stand,UNKNOWN,UNKNOWN,0.25,0,53.33
5105,115.7747,223,4.9921,1.0,sit_stand,UNKNOWN,UNKNOWN,0.2633,0,53.33
5106,115.7895,207,4.9933,1.0,sit_stand,UNKNOWN,UNKNOWN,0.25,0,54.703
5106,115.7895,223,4.9933,1.0,sit_stand,UNKNOWN,UNKNOWN,0.2633,0,54.703
5107,115.8045,207,4.9459,1.0,sit_stand,UNKNOWN,UNKNOWN,0.25,0,55.71
5107,115.8045,223,4.9459,1.0,sit_stand,UNKNOWN,UNKNOWN,0.2633,0,55.71
5108,115.8201,207,4.9614,1.0,sit_stand,UNKNOWN,UNKNOWN,0.25,0,56.066
5108,115.8201,223,4.9614,1.0,sit_stand,UNKNOWN,UNKNOWN,0.2633,0,56.066
5109,115.8369,207,4.9782,1.0,sit_stand,UNKNOWN,UNKNOWN,0.25,0,56.809
5109,115.8369,223,4.9782,1.0,sit_stand,UNKNOWN,UNKNOWN,0.2633,0,56.809
5110,115.8526,207,4.994,1.0,sit_stand,UNKNOWN,UNKNOWN,0.23,1,56.108
5110,115.8526,223,4.994,1.0,sit_stand,UNKNOWN,UNKNOWN,0.2633,0,56.108
5111,115.9119,207,4.9918,1.0,sit_stand,UNKNOWN,UNKNOWN,0.23,0,52.338
5111,115.9119,223,4.9918,1.0,sit_stand,UNKNOWN,UNKNOWN,0.2633,0,52.338
5112,115.9271,207,4.9524,1.0,sit_stand,UNKNOWN,UNKNOWN,0.23,0,53.903
5112,115.9271,223,4.9524,1.0,sit_stand,UNKNOWN,UNKNOWN,0.2633,0,53.903
5113,115.9419,207,4.9672,1.0,sit_stand,UNKNOWN,UNKNOWN,0.23,0,55.219
5113,115.9419,223,4.9672,1.0,sit_stand,UNKNOWN,UNKNOWN,0.2833,1,55.219
5114,115.9965,207,4.9989,1.0,sit_stand,UNKNOWN,UNKNOWN,0.23,0,51.512
5114,115.9965,223,4.9989,1.0,sit_stand,UNKNOWN,UNKNOWN,0.2833,0,51.512
5115,116.012,207,4.9993,1.0,sit_stand,UNKNOWN,UNKNOWN,0.23,0,53.149
5115,116.012,223,4.9993,1.0,sit_stand,UNKNOWN,UNKNOWN,0.2833,0,53.149
5116,116.0265,207,4.9998,1.0,sit_stand,UNKNOWN,UNKNOWN,0.23,0,54.628
5116,116.0265,223,4.9998,1.0,sit_stand,UNKNOWN,UNKNOWN,0.2833,0,54.628
5117,116.0417,207,4.9862,1.0,sit_stand,UNKNOWN,UNKNOWN,0.23,0,55.483
5117,116.0417,223,4.9862,1.0,sit_stand,UNKNOWN,UNKNOWN,0.2833,0,55.483
5118,116.058,207,4.9438,1.0,sit_stand,UNKNOWN,UNKNOWN,0.23,0,55.51
5118,116.058,223,4.9438,1.0,sit_stand,UNKNOWN,UNKNOWN,0.2833,0,55.51
5119,116.0749,207,4.9606,1.0,sit_stand,UNKNOWN,UNKNOWN,0.23,0,57.265
5119,116.0749,223,4.9606,1.0,sit_stand,UNKNOWN,UNKNOWN,0.2833,0,57.265
5120,116.0889,207,4.9746,1.0,sit_stand,UNKNOWN,UNKNOWN,0.23,0,58.184
5120,116.0889,223,4.9746,1.0,sit_stand,UNKNOWN,UNKNOWN,0.2833,0,58.184
5121,116.104,207,4.9897,1.0,sit_stand,UNKNOWN,UNKNOWN,0.2433,1,58.73
5121,116.104,223,4.9897,1.0,sit_stand,UNKNOWN,UNKNOWN,0.2833,0,58.73
5122,116.168,207,4.9951,1.0,sit_stand,UNKNOWN,UNKNOWN,0.2433,0,54.399
5122,116.168,223,4.9951,1.0,sit_stand,UNKNOWN,UNKNOWN,0.2833,0,54.399
5123,116.1843,207,4.9432,1.0,sit_stand,UNKNOWN,UNKNOWN,0.2433,0,55.509
5123,116.1843,223,4.9432,1.0,sit_stand,UNKNOWN,UNKNOWN,0.2833,0,55.509
5124,116.1996,207,4.9585,1.0,sit_stand,UNKNOWN,UNKNOWN,0.2433,0,55.982
5124,116.1996,223,4.9585,1.0,sit_stand,UNKNOWN,UNKNOWN,0.25,1,55.982
5125,116.2532,207,4.9966,1.0,sit_stand,UNKNOWN,UNKNOWN,0.2433,0,52.267
5125,116.2532,223,4.9966,1.0,sit_stand,UNKNOWN,UNKNOWN,0.25,0,52.267
5126,116.2696,207,4.9991,1.0,sit_stand,UNKNOWN,UNKNOWN,0.2433,0,53.195
5126,116.2696,223,4.9991,1.0,sit_stand,UNKNOWN,UNKNOWN,0.25,0,53.195
5127,116.2855,207,4.9881,1.0,sit_stand,UNKNOWN,UNKNOWN,0.2433,0,53.822
5127,116.2855,223,4.9881,1.0,sit_stand,UNKNOWN,UNKNOWN,0.25,0,53.822
5128,116.3023,207,4.9918,1.0,sit_stand,UNKNOWN,UNKNOWN,0.2433,0,54.361
5128,116.3023,223,4.9918,1.0,sit_stand,UNKNOWN,UNKNOWN,0.25,0,54.361
5129,116.3193,207,4.9536,1.0,sit_stand,UNKNOWN,UNKNOWN,0.2433,0,54.665
5129,116.3193,223,4.9536,1.0,sit_stand,UNKNOWN,UNKNOWN,0.25,0,54.665
5130,116.3366,207,4.971,1.0,sit_stand,UNKNOWN,UNKNOWN,0.2433,0,55.412
5130,116.3366,223,4.971,1.0,sit_stand,UNKNOWN,UNKNOWN,0.25,0,55.412
5131,116.3526,207,4.9869,1.0,sit_stand,UNKNOWN,UNKNOWN,0.2433,0,56.14
5131,116.3526,223,4.9869,1.0,sit_stand,UNKNOWN,UNKNOWN,0.25,0,56.14
5132,116.3686,207,4.9878,1.0,sit_stand,UNKNOWN,UNKNOWN,0.2333,1,57.326
5132,116.3686,223,4.9878,1.0,sit_stand,UNKNOWN,UNKNOWN,0.25,0,57.326
5133,116.424,207,4.9885,1.0,sit_stand,UNKNOWN,UNKNOWN,0.2333,0,53.325
5133,116.424,223,4.9885,1.0,sit_stand,UNKNOWN,UNKNOWN,0.25,0,53.325
5134,116.4415,207,4.9546,1.0,sit_stand,UNKNOWN,UNKNOWN,0.2333,0,54.272
5134,116.4415,223,4.9546,1.0,sit_stand,UNKNOWN,UNKNOWN,0.25,0,54.272
5135,116.4571,207,4.9701,1.0,sit_stand,UNKNOWN,UNKNOWN,0.2333,0,55.222
5135,116.4571,223,4.9701,1.0,sit_stand,UNKNOWN,UNKNOWN,0.25,1,55.222
5136,116.5109,207,4.9951,1.0,sit_stand,UNKNOWN,UNKNOWN,0.2333,0,51.277
5136,116.5109,223,4.9951,1.0,sit_stand,UNKNOWN,UNKNOWN,0.25,0,51.277
5137,116.536,207,4.9937,1.0,sit_stand,UNKNOWN,UNKNOWN,0.2333,0,52.605
5137,116.536,223,4.9937,1.0,sit_stand,UNKNOWN,UNKNOWN,0.25,0,52.605
5138,116.5516,207,4.9964,1.0,sit_stand,UNKNOWN,UNKNOWN,0.2333,0,53.435
5138,116.5516,223,4.9964,1.0,sit_stand,UNKNOWN,UNKNOWN,0.25,0,53.435
5139,116.5682,207,4.9992,1.0,sit_stand,UNKNOWN,UNKNOWN,0.2333,0,54.417
5139,116.5682,223,4.9992,1.0,sit_stand,UNKNOWN,UNKNOWN,0.25,0,54.417
5140,116.5838,207,4.9529,1.0,sit_stand,UNKNOWN,UNKNOWN,0.2333,0,55.545
5140,116.5838,223,4.9529,1.0,sit_stand,UNKNOWN,UNKNOWN,0.25,0,55.545
5141,116.5988,207,4.9679,1.0,sit_stand,UNKNOWN,UNKNOWN,0.2333,0,57.501
5141,116.5988,223,4.9679,1.0,sit_stand,UNKNOWN,UNKNOWN,0.25,0,57.501
5142,116.613,207,4.9821,1.0,sit_stand,UNKNOWN,UNKNOWN,0.2333,0,58.675
5142,116.613,223,4.9821,1.0,sit_stand,UNKNOWN,UNKNOWN,0.25,0,58.675
5143,116.6268,207,4.9959,1.0,wave,UNKNOWN,UNKNOWN,0.2333,1,59.952
5143,116.6268,223,4.9959,1.0,sit_stand,UNKNOWN,UNKNOWN,0.25,0,59.952
5144,116.6788,207,4.9993,1.0,wave,UNKNOWN,UNKNOWN,0.2333,0,55.846
5144,116.6788,223,4.9993,1.0,sit_stand,UNKNOWN,UNKNOWN,0.25,0,55.846
5145,116.6939,207,4.951,1.0,wave,UNKNOWN,UNKNOWN,0.2333,0,57.048
5145,116.6939,223,4.951,1.0,sit_stand,UNKNOWN,UNKNOWN,0.25,0,57.048
5146,116.7086,207,4.9657,1.0,wave,UNKNOWN,UNKNOWN,0.2333,0,58.332
5146,116.7086,223,4.9657,1.0,sit_stand,UNKNOWN,UNKNOWN,0.2533,1,58.332
5147,116.7608,207,4.9914,1.0,wave,UNKNOWN,UNKNOWN,0.2333,0,54.375
5147,116.7608,223,4.9914,1.0,sit_stand,UNKNOWN,UNKNOWN,0.2533,0,54.375
5148,116.7764,207,4.9863,1.0,wave,UNKNOWN,UNKNOWN,0.2333,0,55.15
5148,116.7764,223,4.9863,1.0,sit_stand,UNKNOWN,UNKNOWN,0.2533,0,55.15
5149,116.7926,207,4.9898,1.0,wave,UNKNOWN,UNKNOWN,0.2333,0,56.585
5149,116.7926,223,4.9898,1.0,sit_stand,UNKNOWN,UNKNOWN,0.2533,0,56.585
5150,116.8067,207,4.9908,1.0,wave,UNKNOWN,UNKNOWN,0.2333,0,57.703
5150,116.8067,223,4.9908,1.0,sit_stand,UNKNOWN,UNKNOWN,0.2533,0,57.703
5151,116.8208,207,4.9908,1.0,wave,UNKNOWN,UNKNOWN,0.2333,0,58.651
5151,116.8208,223,4.9908,1.0,sit_stand,UNKNOWN,UNKNOWN,0.2533,0,58.651
5152,116.8364,207,4.9539,1.0,wave,UNKNOWN,UNKNOWN,0.2333,0,58.885
5152,116.8364,223,4.9539,1.0,sit_stand,UNKNOWN,UNKNOWN,0.2533,0,58.885
5153,116.8528,207,4.9703,1.0,wave,UNKNOWN,UNKNOWN,0.2333,0,59.038
5153,116.8528,223,4.9703,1.0,sit_stand,UNKNOWN,UNKNOWN,0.2533,0,59.038
5154,116.8692,207,4.9867,1.0,wave,UNKNOWN,UNKNOWN,0.2333,0,59.348
5154,116.8692,223,4.9867,1.0,sit_stand,UNKNOWN,UNKNOWN,0.2533,0,59.348
5155,116.8856,207,4.9888,1.0,sit_stand,UNKNOWN,UNKNOWN,0.23,1,58.415
5155,116.8856,223,4.9888,1.0,sit_stand,UNKNOWN,UNKNOWN,0.2533,0,58.415
5156,116.9614,207,4.9611,1.0,sit_stand,UNKNOWN,UNKNOWN,0.23,0,53.982
5156,116.9614,223,4.9611,1.0,sit_stand,UNKNOWN,UNKNOWN,0.2733,1,53.982
5157,117.0138,207,4.9999,1.0,sit_stand,UNKNOWN,UNKNOWN,0.23,0,50.499
5157,117.0138,223,4.9999,1.0,sit_stand,UNKNOWN,UNKNOWN,0.2733,0,50.499
5158,117.0284,207,4.9777,1.0,sit_stand,UNKNOWN,UNKNOWN,0.23,0,53.114
5158,117.0284,223,4.9777,1.0,sit_stand,UNKNOWN,UNKNOWN,0.2733,0,53.114
5159,117.0413,207,4.9907,1.0,sit_stand,UNKNOWN,UNKNOWN,0.23,0,55.501
5159,117.0413,223,4.9907,1.0,sit_stand,UNKNOWN,UNKNOWN,0.2733,0,55.501
5160,117.0543,207,4.9865,1.0,sit_stand,UNKNOWN,UNKNOWN,0.23,0,56.36
5160,117.0543,223,4.9865,1.0,sit_stand,UNKNOWN,UNKNOWN,0.2733,0,56.36
5161,117.0698,207,4.9873,1.0,sit_stand,UNKNOWN,UNKNOWN,0.23,0,57.362
5161,117.0698,223,4.9873,1.0,sit_stand,UNKNOWN,UNKNOWN,0.2733,0,57.362
5162,117.0852,207,4.9422,1.0,sit_stand,UNKNOWN,UNKNOWN,0.23,0,58.359
5162,117.0852,223,4.9422,1.0,sit_stand,UNKNOWN,UNKNOWN,0.2733,0,58.359
5163,117.1,207,4.957,1.0,sit_stand,UNKNOWN,UNKNOWN,0.23,0,58.753
5163,117.1,223,4.957,1.0,sit_stand,UNKNOWN,UNKNOWN,0.2733,0,58.753
5164,117.1159,207,4.9729,1.0,sit_stand,UNKNOWN,UNKNOWN,0.23,0,58.231
5164,117.1159,223,4.9729,1.0,sit_stand,UNKNOWN,UNKNOWN,0.2733,0,58.231
5165,117.1349,207,4.9919,1.0,sit_stand,UNKNOWN,UNKNOWN,0.23,0,59.011
5165,117.1349,223,4.9919,1.0,sit_stand,UNKNOWN,UNKNOWN,0.2733,0,59.011
5166,117.1499,207,4.9932,1.0,wave,UNKNOWN,UNKNOWN,0.2333,1,59.077
5166,117.1499,223,4.9932,1.0,sit_stand,UNKNOWN,UNKNOWN,0.2733,0,59.077
5167,117.2159,207,4.9495,1.0,wave,UNKNOWN,UNKNOWN,0.2333,0,54.724
5167,117.2159,223,4.9495,1.0,sit_stand,UNKNOWN,UNKNOWN,0.2433,1,54.724
5168,117.2793,207,4.9984,1.0,wave,UNKNOWN,UNKNOWN,0.2333,0,50.807
5168,117.2793,223,4.9984,1.0,sit_stand,UNKNOWN,UNKNOWN,0.2433,0,50.807
5169,117.2952,207,4.9881,1.0,wave,UNKNOWN,UNKNOWN,0.2333,0,52.393
5169,117.2952,223,4.9881,1.0,sit_stand,UNKNOWN,UNKNOWN,0.2433,0,52.393
5170,117.3108,207,4.9904,1.0,wave,UNKNOWN,UNKNOWN,0.2333,0,53.797
5170,117.3108,223,4.9904,1.0,sit_stand,UNKNOWN,UNKNOWN,0.2433,0,53.797
5171,117.326,207,4.9922,1.0,wave,UNKNOWN,UNKNOWN,0.2333,0,54.349
5171,117.326,223,4.9922,1.0,sit_stand,UNKNOWN,UNKNOWN,0.2433,0,54.349
5172,117.3426,207,4.9539,1.0,wave,UNKNOWN,UNKNOWN,0.2333,0,55.869
5172,117.3426,223,4.9539,1.0,sit_stand,UNKNOWN,UNKNOWN,0.2433,0,55.869
5173,117.3565,207,4.9679,1.0,wave,UNKNOWN,UNKNOWN,0.2333,0,57.658
5173,117.3565,223,4.9679,1.0,sit_stand,UNKNOWN,UNKNOWN,0.2433,0,57.658
5174,117.3699,207,4.9813,1.0,wave,UNKNOWN,UNKNOWN,0.2333,0,59.227
5174,117.3699,223,4.9813,1.0,sit_stand,UNKNOWN,UNKNOWN,0.2433,0,59.227
5175,117.3837,207,4.995,1.0,wave,UNKNOWN,UNKNOWN,0.2333,0,59.954
5175,117.3837,223,4.995,1.0,sit_stand,UNKNOWN,UNKNOWN,0.2433,0,59.954
5176,117.3985,207,4.9963,1.0,wave,UNKNOWN,UNKNOWN,0.2333,0,60.366
5176,117.3985,223,4.9963,1.0,sit_stand,UNKNOWN,UNKNOWN,0.2433,0,60.366
5177,117.4146,207,4.9985,1.0,wave,UNKNOWN,UNKNOWN,0.2333,1,60.432
5177,117.4146,223,4.9985,1.0,sit_stand,UNKNOWN,UNKNOWN,0.2433,0,60.432
5178,117.4694,207,4.9988,1.0,wave,UNKNOWN,UNKNOWN,0.2333,0,56.246
5178,117.4694,223,4.9988,1.0,sit_stand,UNKNOWN,UNKNOWN,0.2533,1,56.246
5179,117.5226,207,4.9189,1.0,wave,UNKNOWN,UNKNOWN,0.2333,0,52.5
5179,117.5226,223,4.9189,1.0,sit_stand,UNKNOWN,UNKNOWN,0.2533,0,52.5
5180,117.5381,207,4.9344,1.0,wave,UNKNOWN,UNKNOWN,0.2333,0,51.636
5180,117.5381,223,4.9344,1.0,sit_stand,UNKNOWN,UNKNOWN,0.2533,0,51.636
5181,117.5607,207,4.957,1.0,wave,UNKNOWN,UNKNOWN,0.2333,0,53.902
5181,117.5607,223,4.957,1.0,sit_stand,UNKNOWN,UNKNOWN,0.2533,0,53.902
5182,117.5745,207,4.9708,1.0,wave,UNKNOWN,UNKNOWN,0.2333,0,55.071
5182,117.5745,223,4.9708,1.0,sit_stand,UNKNOWN,UNKNOWN,0.2533,0,55.071
5183,117.5894,207,4.9857,1.0,wave,UNKNOWN,UNKNOWN,0.2333,0,56.245
5183,117.5894,223,4.9857,1.0,sit_stand,UNKNOWN,UNKNOWN,0.2533,0,56.245
5184,117.6045,207,4.9491,1.0,wave,UNKNOWN,UNKNOWN,0.2333,0,57.511
5184,117.6045,223,4.9491,1.0,sit_stand,UNKNOWN,UNKNOWN,0.2533,0,57.511
5185,117.6188,207,4.9634,1.0,wave,UNKNOWN,UNKNOWN,0.2333,0,58.089
5185,117.6188,223,4.9634,1.0,sit_stand,UNKNOWN,UNKNOWN,0.2533,0,58.089
5186,117.6346,207,4.9792,1.0,wave,UNKNOWN,UNKNOWN,0.2333,0,58.396
5186,117.6346,223,4.9792,1.0,sit_stand,UNKNOWN,UNKNOWN,0.2533,0,58.396
5187,117.6509,207,4.9955,1.0,wave,UNKNOWN,UNKNOWN,0.2333,0,58.905
5187,117.6509,223,4.9955,1.0,sit_stand,UNKNOWN,UNKNOWN,0.2533,0,58.905
5188,117.6666,207,4.9979,1.0,wave,UNKNOWN,UNKNOWN,0.2433,1,59.693
5188,117.6666,223,4.9979,1.0,sit_stand,UNKNOWN,UNKNOWN,0.2533,0,59.693
5189,117.7204,207,4.9978,1.0,wave,UNKNOWN,UNKNOWN,0.2433,0,55.34
5189,117.7204,223,4.9978,1.0,sit_stand,UNKNOWN,UNKNOWN,0.25,1,55.34
5190,117.7907,207,4.997,1.0,wave,UNKNOWN,UNKNOWN,0.2433,0,51.367
5190,117.7907,223,4.997,1.0,sit_stand,UNKNOWN,UNKNOWN,0.25,0,51.367
5191,117.8077,207,4.98,1.0,wave,UNKNOWN,UNKNOWN,0.2433,0,52.973
5191,117.8077,223,4.98,1.0,sit_stand,UNKNOWN,UNKNOWN,0.25,0,52.973
5192,117.8224,207,4.9947,1.0,wave,UNKNOWN,UNKNOWN,0.2433,0,54.999
5192,117.8224,223,4.9947,1.0,sit_stand,UNKNOWN,UNKNOWN,0.25,0,54.999
5193,117.8363,207,4.9958,1.0,wave,UNKNOWN,UNKNOWN,0.2433,0,55.963
5193,117.8363,223,4.9958,1.0,sit_stand,UNKNOWN,UNKNOWN,0.25,0,55.963
5194,117.8522,207,4.9989,1.0,wave,UNKNOWN,UNKNOWN,0.2433,0,56.984
5194,117.8522,223,4.9989,1.0,sit_stand,UNKNOWN,UNKNOWN,0.25,0,56.984
5195,117.8668,207,4.9505,1.0,wave,UNKNOWN,UNKNOWN,0.2433,0,58.728
5195,117.8668,223,4.9505,1.0,sit_stand,UNKNOWN,UNKNOWN,0.25,0,58.728
5196,117.88,207,4.9638,1.0,wave,UNKNOWN,UNKNOWN,0.2433,0,59.373
5196,117.88,223,4.9638,1.0,sit_stand,UNKNOWN,UNKNOWN,0.25,0,59.373
5197,117.8957,207,4.9795,1.0,wave,UNKNOWN,UNKNOWN,0.2433,0,59.968
5197,117.8957,223,4.9795,1.0,sit_stand,UNKNOWN,UNKNOWN,0.25,0,59.968
5198,117.9108,207,4.9946,1.0,wave,UNKNOWN,UNKNOWN,0.2433,0,60.439
5198,117.9108,223,4.9946,1.0,sit_stand,UNKNOWN,UNKNOWN,0.25,0,60.439
5199,117.9262,207,4.9963,1.0,wave,UNKNOWN,UNKNOWN,0.2267,1,61.564
5199,117.9262,223,4.9963,1.0,sit_stand,UNKNOWN,UNKNOWN,0.25,0,61.564
5200,117.9776,207,4.942,1.0,wave,UNKNOWN,UNKNOWN,0.2267,0,57.314
5200,117.9776,223,4.942,1.0,sit_stand,UNKNOWN,UNKNOWN,0.2533,1,57.314
5201,118.0303,207,4.9946,1.0,wave,UNKNOWN,UNKNOWN,0.2267,0,53.408
5201,118.0303,223,4.9946,1.0,sit_stand,UNKNOWN,UNKNOWN,0.2533,0,53.408
5202,118.0474,207,4.9984,1.0,wave,UNKNOWN,UNKNOWN,0.2267,0,54.972
5202,118.0474,223,4.9984,1.0,sit_stand,UNKNOWN,UNKNOWN,0.2533,0,54.972
5203,118.0618,207,4.987,1.0,wave,UNKNOWN,UNKNOWN,0.2267,0,56.9
5203,118.0618,223,4.987,1.0,sit_stand,UNKNOWN,UNKNOWN,0.2533,0,56.9
5204,118.0757,207,4.9883,1.0,wave,UNKNOWN,UNKNOWN,0.2267,0,58.469
5204,118.0757,223,4.9883,1.0,sit_stand,UNKNOWN,UNKNOWN,0.2533,0,58.469
5205,118.0898,207,4.9895,1.0,wave,UNKNOWN,UNKNOWN,0.2267,0,58.788
5205,118.0898,223,4.9895,1.0,sit_stand,UNKNOWN,UNKNOWN,0.2533,0,58.788
5206,118.1057,207,4.9914,1.0,wave,UNKNOWN,UNKNOWN,0.2267,0,60.051
5206,118.1057,223,4.9914,1.0,sit_stand,UNKNOWN,UNKNOWN,0.2533,0,60.051
5207,118.1192,207,4.9914,1.0,wave,UNKNOWN,UNKNOWN,0.2267,0,61.599
5207,118.1192,223,4.9914,1.0,sit_stand,UNKNOWN,UNKNOWN,0.2533,0,61.599
5208,118.1325,207,4.9531,1.0,wave,UNKNOWN,UNKNOWN,0.2267,0,62.859
5208,118.1325,223,4.9531,1.0,sit_stand,UNKNOWN,UNKNOWN,0.2533,0,62.859
5209,118.1459,207,4.9666,1.0,wave,UNKNOWN,UNKNOWN,0.2267,0,63.06
5209,118.1459,223,4.9666,1.0,sit_stand,UNKNOWN,UNKNOWN,0.2533,0,63.06
5210,118.1616,207,4.9823,1.0,wave,UNKNOWN,UNKNOWN,0.2267,0,62.941
5210,118.1616,223,4.9823,1.0,sit_stand,UNKNOWN,UNKNOWN,0.2533,0,62.941
5211,118.1777,207,4.9984,1.0,wave,UNKNOWN,UNKNOWN,0.2267,1,62.992
5211,118.1777,223,4.9984,1.0,sit_stand,UNKNOWN,UNKNOWN,0.2533,0,62.992
5212,118.2345,207,4.9456,1.0,wave,UNKNOWN,UNKNOWN,0.2267,0,58.449
5212,118.2345,223,4.9456,1.0,sit_stand,UNKNOWN,UNKNOWN,0.26,1,58.449
5213,118.2887,207,4.9998,1.0,wave,UNKNOWN,UNKNOWN,0.2267,0,54.386
5213,118.2887,223,4.9998,1.0,sit_stand,UNKNOWN,UNKNOWN,0.26,0,54.386
5214,118.3068,207,4.9908,1.0,wave,UNKNOWN,UNKNOWN,0.2267,0,55.666
5214,118.3068,223,4.9908,1.0,sit_stand,UNKNOWN,UNKNOWN,0.26,0,55.666
5215,118.3212,207,4.992,1.0,wave,UNKNOWN,UNKNOWN,0.2267,0,57.037
5215,118.3212,223,4.992,1.0,sit_stand,UNKNOWN,UNKNOWN,0.26,0,57.037
5216,118.336,207,4.9928,1.0,wave,UNKNOWN,UNKNOWN,0.2267,0,57.899
5216,118.336,223,4.9928,1.0,sit_stand,UNKNOWN,UNKNOWN,0.26,0,57.899
5217,118.3513,207,4.9933,1.0,wave,UNKNOWN,UNKNOWN,0.2267,0,59.15
5217,118.3513,223,4.9933,1.0,sit_stand,UNKNOWN,UNKNOWN,0.26,0,59.15
5218,118.3662,207,4.9951,1.0,wave,UNKNOWN,UNKNOWN,0.2267,0,59.969
5218,118.3662,223,4.9951,1.0,sit_stand,UNKNOWN,UNKNOWN,0.26,0,59.969
5219,118.3802,207,4.996,1.0,wave,UNKNOWN,UNKNOWN,0.2267,0,61.054
5219,118.3802,223,4.996,1.0,sit_stand,UNKNOWN,UNKNOWN,0.26,0,61.054
5220,118.394,207,4.9593,1.0,wave,UNKNOWN,UNKNOWN,0.2267,0,62.042
5220,118.394,223,4.9593,1.0,sit_stand,UNKNOWN,UNKNOWN,0.26,0,62.042
5221,118.4082,207,4.9735,1.0,wave,UNKNOWN,UNKNOWN,0.2267,0,62.449
5221,118.4082,223,4.9735,1.0,sit_stand,UNKNOWN,UNKNOWN,0.26,0,62.449
5222,118.4235,207,4.9888,1.0,wave,UNKNOWN,UNKNOWN,0.2267,0,63.067
5222,118.4235,223,4.9888,1.0,sit_stand,UNKNOWN,UNKNOWN,0.26,0,63.067
5223,118.4384,207,4.9889,1.0,wave,UNKNOWN,UNKNOWN,0.2333,1,63.314
5223,118.4384,223,4.9889,1.0,sit_stand,UNKNOWN,UNKNOWN,0.26,0,63.314
5224,118.4913,207,4.9989,1.0,wave,UNKNOWN,UNKNOWN,0.2333,0,58.859
5224,118.4913,223,4.9989,1.0,sit_stand,UNKNOWN,UNKNOWN,0.26,1,58.859
5225,118.5476,207,4.9876,1.0,wave,UNKNOWN,UNKNOWN,0.2333,0,54.765
5225,118.5476,223,4.9876,1.0,sit_stand,UNKNOWN,UNKNOWN,0.26,0,54.765
5226,118.5624,207,4.9879,1.0,wave,UNKNOWN,UNKNOWN,0.2333,0,55.855
5226,118.5624,223,4.9879,1.0,sit_stand,UNKNOWN,UNKNOWN,0.26,0,55.855
5227,118.5776,207,4.9893,1.0,wave,UNKNOWN,UNKNOWN,0.2333,0,57.557
5227,118.5776,223,4.9893,1.0,sit_stand,UNKNOWN,UNKNOWN,0.26,0,57.557
5228,118.5915,207,4.99,1.0,wave,UNKNOWN,UNKNOWN,0.2333,0,59.162
5228,118.5915,223,4.99,1.0,sit_stand,UNKNOWN,UNKNOWN,0.26,0,59.162
5229,118.6047,207,4.9896,1.0,wave,UNKNOWN,UNKNOWN,0.2333,0,60.544
5229,118.6047,223,4.9896,1.0,sit_stand,UNKNOWN,UNKNOWN,0.26,0,60.544
5230,118.6182,207,4.9893,1.0,wave,UNKNOWN,UNKNOWN,0.2333,0,62.037
5230,118.6182,223,4.9893,1.0,sit_stand,UNKNOWN,UNKNOWN,0.26,0,62.037
5231,118.6314,207,4.988,1.0,wave,UNKNOWN,UNKNOWN,0.2333,0,62.613
5231,118.6314,223,4.988,1.0,sit_stand,UNKNOWN,UNKNOWN,0.26,0,62.613
5232,118.6463,207,4.948,1.0,wave,UNKNOWN,UNKNOWN,0.2333,0,62.467
5232,118.6463,223,4.948,1.0,sit_stand,UNKNOWN,UNKNOWN,0.26,0,62.467
5233,118.6626,207,4.9643,1.0,wave,UNKNOWN,UNKNOWN,0.2333,0,63.406
5233,118.6626,223,4.9643,1.0,sit_stand,UNKNOWN,UNKNOWN,0.26,0,63.406
5234,118.6765,207,4.9782,1.0,wave,UNKNOWN,UNKNOWN,0.2333,0,63.724
5234,118.6765,223,4.9782,1.0,sit_stand,UNKNOWN,UNKNOWN,0.26,0,63.724
5235,118.6915,207,4.9931,1.0,wave,UNKNOWN,UNKNOWN,0.24,1,64.787
5235,118.6915,223,4.9931,1.0,sit_stand,UNKNOWN,UNKNOWN,0.26,0,64.787
5236,118.7456,207,4.9936,1.0,wave,UNKNOWN,UNKNOWN,0.24,0,60.035
5236,118.7456,223,4.9936,1.0,sit_stand,UNKNOWN,UNKNOWN,0.2467,1,60.035
5237,118.8076,207,4.9898,1.0,wave,UNKNOWN,UNKNOWN,0.24,0,55.714
5237,118.8076,223,4.9898,1.0,sit_stand,UNKNOWN,UNKNOWN,0.2467,0,55.714
5238,118.8224,207,4.9899,1.0,wave,UNKNOWN,UNKNOWN,0.24,0,57.577
5238,118.8224,223,4.9899,1.0,sit_stand,UNKNOWN,UNKNOWN,0.2467,0,57.577
5239,118.8366,207,4.9842,1.0,wave,UNKNOWN,UNKNOWN,0.24,0,58.865
5239,118.8366,223,4.9842,1.0,sit_stand,UNKNOWN,UNKNOWN,0.2467,0,58.865
5240,118.85,207,4.9977,1.0,wave,UNKNOWN,UNKNOWN,0.24,0,60.614
5240,118.85,223,4.9977,1.0,sit_stand,UNKNOWN,UNKNOWN,0.2467,0,60.614
5241,118.8632,207,4.9972,1.0,wave,UNKNOWN,UNKNOWN,0.24,0,61.546
5241,118.8632,223,4.9972,1.0,sit_stand,UNKNOWN,UNKNOWN,0.2467,0,61.546
5242,118.8775,207,4.9958,1.0,wave,UNKNOWN,UNKNOWN,0.24,0,62.279
5242,118.8775,223,4.9958,1.0,sit_stand,UNKNOWN,UNKNOWN,0.2467,0,62.279
5243,118.8922,207,4.9948,1.0,wave,UNKNOWN,UNKNOWN,0.24,0,62.766
5243,118.8922,223,4.9948,1.0,sit_stand,UNKNOWN,UNKNOWN,0.2467,0,62.766
5244,118.9074,207,4.9538,1.0,wave,UNKNOWN,UNKNOWN,0.24,0,63.116
5244,118.9074,223,4.9538,1.0,sit_stand,UNKNOWN,UNKNOWN,0.2467,0,63.116
5245,118.9219,207,4.9683,1.0,wave,UNKNOWN,UNKNOWN,0.24,0,64.63
5245,118.9219,223,4.9683,1.0,sit_stand,UNKNOWN,UNKNOWN,0.2467,0,64.63
5246,118.9346,207,4.981,1.0,wave,UNKNOWN,UNKNOWN,0.24,0,66.028
5246,118.9346,223,4.981,1.0,sit_stand,UNKNOWN,UNKNOWN,0.2467,0,66.028
5247,118.9476,207,4.994,1.0,sit_stand,UNKNOWN,UNKNOWN,0.2333,1,66.15
5247,118.9476,223,4.994,1.0,sit_stand,UNKNOWN,UNKNOWN,0.2467,0,66.15
5248,119.0003,207,4.9851,1.0,sit_stand,UNKNOWN,UNKNOWN,0.2333,0,61.45
5248,119.0003,223,4.9851,1.0,sit_stand,UNKNOWN,UNKNOWN,0.2533,1,61.45
5249,119.051,207,4.9809,1.0,sit_stand,UNKNOWN,UNKNOWN,0.2333,0,57.261
5249,119.051,223,4.9809,1.0,sit_stand,UNKNOWN,UNKNOWN,0.2533,0,57.261
5250,119.0659,207,4.9959,1.0,sit_stand,UNKNOWN,UNKNOWN,0.2333,0,58.355
5250,119.0659,223,4.9959,1.0,sit_stand,UNKNOWN,UNKNOWN,0.2533,0,58.355
5251,119.0803,207,4.9962,1.0,sit_stand,UNKNOWN,UNKNOWN,0.2333,0,58.422
5251,119.0803,223,4.9962,1.0,sit_stand,UNKNOWN,UNKNOWN,0.2533,0,58.422
5252,119.0973,207,4.9984,1.0,sit_stand,UNKNOWN,UNKNOWN,0.2333,0,59.981
5252,119.0973,223,4.9984,1.0,sit_stand,UNKNOWN,UNKNOWN,0.2533,0,59.981
5253,119.1113,207,4.9948,1.0,sit_stand,UNKNOWN,UNKNOWN,0.2333,0,61.255
5253,119.1113,223,4.9948,1.0,sit_stand,UNKNOWN,UNKNOWN,0.2533,0,61.255
5254,119.1246,207,4.9919,1.0,sit_stand,UNKNOWN,UNKNOWN,0.2333,0,62.546
5254,119.1246,223,4.9919,1.0,sit_stand,UNKNOWN,UNKNOWN,0.2533,0,62.546
5255,119.1379,207,4.9897,1.0,sit_stand,UNKNOWN,UNKNOWN,0.2333,0,63.619
5255,119.1379,223,4.9897,1.0,sit_stand,UNKNOWN,UNKNOWN,0.2533,0,63.619
5256,119.1523,207,4.9474,1.0,sit_stand,UNKNOWN,UNKNOWN,0.2333,0,64.015
5256,119.1523,223,4.9474,1.0,sit_stand,UNKNOWN,UNKNOWN,0.2533,0,64.015
5257,119.1668,207,4.9619,1.0,sit_stand,UNKNOWN,UNKNOWN,0.2333,0,64.251
5257,119.1668,223,4.9619,1.0,sit_stand,UNKNOWN,UNKNOWN,0.2533,0,64.251
5258,119.1817,207,4.9768,1.0,sit_stand,UNKNOWN,UNKNOWN,0.2333,0,65.219
5258,119.1817,223,4.9768,1.0,sit_stand,UNKNOWN,UNKNOWN,0.2533,0,65.219
5259,119.1952,207,4.9903,1.0,sit_stand,UNKNOWN,UNKNOWN,0.2333,0,65.86
5259,119.1952,223,4.9903,1.0,sit_stand,UNKNOWN,UNKNOWN,0.2533,0,65.86
5260,119.2091,207,4.9899,1.0,wave,UNKNOWN,UNKNOWN,0.24,1,65.653
5260,119.2091,223,4.9899,1.0,sit_stand,UNKNOWN,UNKNOWN,0.2533,0,65.653
5261,119.2648,207,4.9847,1.0,wave,UNKNOWN,UNKNOWN,0.24,0,60.837
5261,119.2648,223,4.9847,1.0,sit_stand,UNKNOWN,UNKNOWN,0.2667,1,60.837
5262,119.3193,207,4.9848,1.0,wave,UNKNOWN,UNKNOWN,0.24,0,56.587
5262,119.3193,223,4.9848,1.0,sit_stand,UNKNOWN,UNKNOWN,0.2667,0,56.587
5263,119.3365,207,4.9869,1.0,wave,UNKNOWN,UNKNOWN,0.24,0,57.598
5263,119.3365,223,4.9869,1.0,sit_stand,UNKNOWN,UNKNOWN,0.2667,0,57.598
5264,119.3522,207,4.9885,1.0,wave,UNKNOWN,UNKNOWN,0.24,0,58.083
5264,119.3522,223,4.9885,1.0,sit_stand,UNKNOWN,UNKNOWN,0.2667,0,58.083
5265,119.3681,207,4.9902,1.0,wave,UNKNOWN,UNKNOWN,0.24,0,58.797
5265,119.3681,223,4.9902,1.0,sit_stand,UNKNOWN,UNKNOWN,0.2667,0,58.797
5266,119.3832,207,4.9923,1.0,wave,UNKNOWN,UNKNOWN,0.24,0,59.608
5266,119.3832,223,4.9923,1.0,sit_stand,UNKNOWN,UNKNOWN,0.2667,0,59.608
5267,119.3978,207,4.9926,1.0,wave,UNKNOWN,UNKNOWN,0.24,0,60.918
5267,119.3978,223,4.9926,1.0,sit_stand,UNKNOWN,UNKNOWN,0.2667,0,60.918
5268,119.4122,207,4.9547,1.0,wave,UNKNOWN,UNKNOWN,0.24,0,61.769
5268,119.4122,223,4.9547,1.0,sit_stand,UNKNOWN,UNKNOWN,0.2667,0,61.769
5269,119.4267,207,4.9691,1.0,wave,UNKNOWN,UNKNOWN,0.24,0,59.863
5269,119.4267,223,4.9691,1.0,sit_stand,UNKNOWN,UNKNOWN,0.2667,0,59.863
5270,119.4495,207,4.9919,1.0,wave,UNKNOWN,UNKNOWN,0.24,0,60.463
5270,119.4495,223,4.9919,1.0,sit_stand,UNKNOWN,UNKNOWN,0.2667,0,60.463
5271,119.4653,207,4.992,1.0,wave,UNKNOWN,UNKNOWN,0.2233,1,60.456
5271,119.4653,223,4.992,1.0,sit_stand,UNKNOWN,UNKNOWN,0.2667,0,60.456
5272,119.5192,207,4.9906,1.0,wave,UNKNOWN,UNKNOWN,0.2233,0,56.319
5272,119.5192,223,4.9906,1.0,sit_stand,UNKNOWN,UNKNOWN,0.2433,1,56.319
5273,119.5707,207,4.9771,1.0,wave,UNKNOWN,UNKNOWN,0.2233,0,52.288
5273,119.5707,223,4.9771,1.0,sit_stand,UNKNOWN,UNKNOWN,0.2433,0,52.288
5274,119.5984,207,4.9898,1.0,wave,UNKNOWN,UNKNOWN,0.2233,0,52.647
5274,119.5984,223,4.9898,1.0,sit_stand,UNKNOWN,UNKNOWN,0.2433,0,52.647
5275,119.615,207,4.9917,1.0,wave,UNKNOWN,UNKNOWN,0.2233,0,52.865
5275,119.615,223,4.9917,1.0,sit_stand,UNKNOWN,UNKNOWN,0.2433,0,52.865
5276,119.6325,207,4.9936,1.0,wave,UNKNOWN,UNKNOWN,0.2233,0,54.567
5276,119.6325,223,4.9936,1.0,sit_stand,UNKNOWN,UNKNOWN,0.2433,0,54.567
5277,119.6463,207,4.9918,1.0,wave,UNKNOWN,UNKNOWN,0.2233,0,56.057
5277,119.6463,223,4.9918,1.0,sit_stand,UNKNOWN,UNKNOWN,0.2433,0,56.057
5278,119.6606,207,4.9924,1.0,wave,UNKNOWN,UNKNOWN,0.2233,0,57.41
5278,119.6606,223,4.9924,1.0,sit_stand,UNKNOWN,UNKNOWN,0.2433,0,57.41
5279,119.6753,207,4.9463,1.0,wave,UNKNOWN,UNKNOWN,0.2233,0,58.337
5279,119.6753,223,4.9463,1.0,sit_stand,UNKNOWN,UNKNOWN,0.2433,0,58.337
5280,119.6903,207,4.9614,1.0,wave,UNKNOWN,UNKNOWN,0.2233,0,59.162
5280,119.6903,223,4.9614,1.0,sit_stand,UNKNOWN,UNKNOWN,0.2433,0,59.162
5281,119.7052,207,4.9763,1.0,wave,UNKNOWN,UNKNOWN,0.2233,0,59.163
5281,119.7052,223,4.9763,1.0,sit_stand,UNKNOWN,UNKNOWN,0.2433,0,59.163
5282,119.7219,207,4.993,1.0,wave,UNKNOWN,UNKNOWN,0.2333,1,59.258
5282,119.7219,223,4.993,1.0,sit_stand,UNKNOWN,UNKNOWN,0.2433,0,59.258
5283,119.7784,207,4.9895,1.0,wave,UNKNOWN,UNKNOWN,0.2333,0,55.161
5283,119.7784,223,4.9895,1.0,sit_stand,UNKNOWN,UNKNOWN,0.2367,1,55.161
5284,119.8308,207,4.9745,1.0,wave,UNKNOWN,UNKNOWN,0.2333,0,51.544
5284,119.8308,223,4.9745,1.0,sit_stand,UNKNOWN,UNKNOWN,0.2367,0,51.544
5285,119.846,207,4.9897,1.0,wave,UNKNOWN,UNKNOWN,0.2333,0,53.546
5285,119.846,223,4.9897,1.0,sit_stand,UNKNOWN,UNKNOWN,0.2367,0,53.546
5286,119.8599,207,4.9831,1.0,wave,UNKNOWN,UNKNOWN,0.2333,0,54.189
5286,119.8599,223,4.9831,1.0,sit_stand,UNKNOWN,UNKNOWN,0.2367,0,54.189
5287,119.8769,207,4.9814,1.0,wave,UNKNOWN,UNKNOWN,0.2333,0,54.335
5287,119.8769,223,4.9814,1.0,sit_stand,UNKNOWN,UNKNOWN,0.2367,0,54.335
5288,119.8948,207,4.9993,1.0,wave,UNKNOWN,UNKNOWN,0.2333,0,55.487
5288,119.8948,223,4.9993,1.0,sit_stand,UNKNOWN,UNKNOWN,0.2367,0,55.487
5289,119.9099,207,4.9983,1.0,wave,UNKNOWN,UNKNOWN,0.2333,0,56.975
5289,119.9099,223,4.9983,1.0,sit_stand,UNKNOWN,UNKNOWN,0.2367,0,56.975
5290,119.9248,207,4.9958,1.0,wave,UNKNOWN,UNKNOWN,0.2333,0,57.74
5290,119.9248,223,4.9958,1.0,sit_stand,UNKNOWN,UNKNOWN,0.2367,0,57.74
5291,119.9406,207,4.9458,1.0,wave,UNKNOWN,UNKNOWN,0.2333,0,58.378
5291,119.9406,223,4.9458,1.0,sit_stand,UNKNOWN,UNKNOWN,0.2367,0,58.378
5292,119.9554,207,4.9606,1.0,wave,UNKNOWN,UNKNOWN,0.2333,0,59.306
5292,119.9554,223,4.9606,1.0,sit_stand,UNKNOWN,UNKNOWN,0.2367,0,59.306
5293,119.9704,207,4.9756,1.0,wave,UNKNOWN,UNKNOWN,0.2333,0,60.394
5293,119.9704,223,4.9756,1.0,sit_stand,UNKNOWN,UNKNOWN,0.2367,0,60.394
5294,119.9851,207,4.9903,1.0,wave,UNKNOWN,UNKNOWN,0.2333,1,61.316
5294,119.9851,223,4.9903,1.0,sit_stand,UNKNOWN,UNKNOWN,0.2367,0,61.316
5295,120.0367,207,4.9884,1.0,wave,UNKNOWN,UNKNOWN,0.2333,0,57.017
5295,120.0367,223,4.9884,1.0,sit_stand,UNKNOWN,UNKNOWN,0.24,1,57.017
5296,120.0914,207,4.9748,1.0,wave,UNKNOWN,UNKNOWN,0.2333,0,53.17
5296,120.0914,223,4.9748,1.0,sit_stand,UNKNOWN,UNKNOWN,0.24,0,53.17
5297,120.1071,207,4.9905,1.0,wave,UNKNOWN,UNKNOWN,0.2333,0,54.875
5297,120.1071,223,4.9905,1.0,sit_stand,UNKNOWN,UNKNOWN,0.24,0,54.875
5298,120.1214,207,4.9908,1.0,wave,UNKNOWN,UNKNOWN,0.2333,0,56.165
5298,120.1214,223,4.9908,1.0,sit_stand,UNKNOWN,UNKNOWN,0.24,0,56.165
5299,120.1364,207,4.9906,1.0,wave,UNKNOWN,UNKNOWN,0.2333,0,57.722
5299,120.1364,223,4.9906,1.0,sit_stand,UNKNOWN,UNKNOWN,0.24,0,57.722
5300,120.1502,207,4.9884,1.0,wave,UNKNOWN,UNKNOWN,0.2333,0,59.314
5300,120.1502,223,4.9884,1.0,sit_stand,UNKNOWN,UNKNOWN,0.24,0,59.314
5301,120.164,207,4.9831,1.0,wave,UNKNOWN,UNKNOWN,0.2333,0,60.091
5301,120.164,223,4.9831,1.0,sit_stand,UNKNOWN,UNKNOWN,0.24,0,60.091
5302,120.1787,207,4.9979,1.0,wave,UNKNOWN,UNKNOWN,0.2333,0,59.895
5302,120.1787,223,4.9979,1.0,sit_stand,UNKNOWN,UNKNOWN,0.24,0,59.895
5303,120.1963,207,4.9528,1.0,wave,UNKNOWN,UNKNOWN,0.2333,0,60.235
5303,120.1963,223,4.9528,1.0,sit_stand,UNKNOWN,UNKNOWN,0.24,0,60.235
5304,120.2123,207,4.9688,1.0,wave,UNKNOWN,UNKNOWN,0.2333,0,60.101
5304,120.2123,223,4.9688,1.0,sit_stand,UNKNOWN,UNKNOWN,0.24,0,60.101
5305,120.2288,207,4.9853,1.0,wave,UNKNOWN,UNKNOWN,0.2333,0,60.65
5305,120.2288,223,4.9853,1.0,sit_stand,UNKNOWN,UNKNOWN,0.24,0,60.65
5306,120.2435,207,5.0,1.0,sit_stand,UNKNOWN,UNKNOWN,0.2267,1,61.288
5306,120.2435,223,5.0,1.0,sit_stand,UNKNOWN,UNKNOWN,0.24,0,61.288
5307,120.296,207,4.984,1.0,sit_stand,UNKNOWN,UNKNOWN,0.2267,0,57.061
5307,120.296,223,4.984,1.0,sit_stand,UNKNOWN,UNKNOWN,0.2267,1,57.061
5308,120.3477,207,4.9538,1.0,sit_stand,UNKNOWN,UNKNOWN,0.2267,0,53.289
5308,120.3477,223,4.9538,1.0,sit_stand,UNKNOWN,UNKNOWN,0.2267,0,53.289
5309,120.3629,207,4.9689,1.0,sit_stand,UNKNOWN,UNKNOWN,0.2267,0,54.822
5309,120.3629,223,4.9689,1.0,sit_stand,UNKNOWN,UNKNOWN,0.2267,0,54.822
5310,120.3777,207,4.9837,1.0,sit_stand,UNKNOWN,UNKNOWN,0.2267,0,54.88
5310,120.3777,223,4.9837,1.0,sit_stand,UNKNOWN,UNKNOWN,0.2267,0,54.88
5311,120.3957,207,4.9864,1.0,sit_stand,UNKNOWN,UNKNOWN,0.2267,0,56.149
5311,120.3957,223,4.9864,1.0,sit_stand,UNKNOWN,UNKNOWN,0.2267,0,56.149
5312,120.4106,207,4.9863,1.0,sit_stand,UNKNOWN,UNKNOWN,0.2267,0,58.01
5312,120.4106,223,4.9863,1.0,sit_stand,UNKNOWN,UNKNOWN,0.2267,0,58.01
5313,120.4234,207,4.9992,1.0,sit_stand,UNKNOWN,UNKNOWN,0.2267,0,58.243
5313,120.4234,223,4.9992,1.0,sit_stand,UNKNOWN,UNKNOWN,0.2267,0,58.243
5314,120.4414,207,4.9358,1.0,sit_stand,UNKNOWN,UNKNOWN,0.2267,0,58.688
5314,120.4414,223,4.9358,1.0,sit_stand,UNKNOWN,UNKNOWN,0.2267,0,58.688
5315,120.4564,207,4.9508,1.0,sit_stand,UNKNOWN,UNKNOWN,0.2267,0,59.874
5315,120.4564,223,4.9508,1.0,sit_stand,UNKNOWN,UNKNOWN,0.2267,0,59.874
5316,120.4704,207,4.9648,1.0,sit_stand,UNKNOWN,UNKNOWN,0.2267,0,60.593
5316,120.4704,223,4.9648,1.0,sit_stand,UNKNOWN,UNKNOWN,0.2267,0,60.593
5317,120.4853,207,4.9797,1.0,sit_stand,UNKNOWN,UNKNOWN,0.2267,0,61.946
5317,120.4853,223,4.9797,1.0,sit_stand,UNKNOWN,UNKNOWN,0.2267,0,61.946
5318,120.4987,207,4.9931,1.0,sit_stand,UNKNOWN,UNKNOWN,0.22,1,62.259
5318,120.4987,223,4.9931,1.0,sit_stand,UNKNOWN,UNKNOWN,0.2267,0,62.259
5319,120.5539,207,4.9982,1.0,sit_stand,UNKNOWN,UNKNOWN,0.22,0,57.849
5319,120.5539,223,4.9982,1.0,sit_stand,UNKNOWN,UNKNOWN,0.2367,1,57.849
5320,120.6074,207,4.9628,1.0,sit_stand,UNKNOWN,UNKNOWN,0.22,0,53.961
5320,120.6074,223,4.9628,1.0,sit_stand,UNKNOWN,UNKNOWN,0.2367,0,53.961
5321,120.6217,207,4.9772,1.0,sit_stand,UNKNOWN,UNKNOWN,0.22,0,55.027
5321,120.6217,223,4.9772,1.0,sit_stand,UNKNOWN,UNKNOWN,0.2367,0,55.027
5322,120.6375,207,4.993,1.0,sit_stand,UNKNOWN,UNKNOWN,0.22,0,56.796
5322,120.6375,223,4.993,1.0,sit_stand,UNKNOWN,UNKNOWN,0.2367,0,56.796
5323,120.6513,207,4.9923,1.0,sit_stand,UNKNOWN,UNKNOWN,0.22,0,58.552
5323,120.6513,223,4.9923,1.0,sit_stand,UNKNOWN,UNKNOWN,0.2367,0,58.552
5324,120.6647,207,4.99,1.0,sit_stand,UNKNOWN,UNKNOWN,0.22,0,60.011
5324,120.6647,223,4.99,1.0,sit_stand,UNKNOWN,UNKNOWN,0.2367,0,60.011
5325,120.6785,207,4.9879,1.0,sit_stand,UNKNOWN,UNKNOWN,0.22,0,60.884
5325,120.6785,223,4.9879,1.0,sit_stand,UNKNOWN,UNKNOWN,0.2367,0,60.884
5326,120.6928,207,4.9485,1.0,sit_stand,UNKNOWN,UNKNOWN,0.22,0,59.521
5326,120.6928,223,4.9485,1.0,sit_stand,UNKNOWN,UNKNOWN,0.2367,0,59.521
5327,120.7141,207,4.9699,1.0,sit_stand,UNKNOWN,UNKNOWN,0.22,0,60.905
5327,120.7141,223,4.9699,1.0,sit_stand,UNKNOWN,UNKNOWN,0.2367,0,60.905
5328,120.7277,207,4.9834,1.0,sit_stand,UNKNOWN,UNKNOWN,0.22,0,61.911
5328,120.7277,223,4.9834,1.0,sit_stand,UNKNOWN,UNKNOWN,0.2367,0,61.911
5329,120.7412,207,4.997,1.0,sit_stand,UNKNOWN,UNKNOWN,0.22,0,62.74
5329,120.7412,223,4.997,1.0,sit_stand,UNKNOWN,UNKNOWN,0.2367,0,62.74
5330,120.7561,207,4.9974,1.0,sit_stand,UNKNOWN,UNKNOWN,0.22,1,61.766
5330,120.7561,223,4.9974,1.0,sit_stand,UNKNOWN,UNKNOWN,0.2367,0,61.766
5331,120.8122,207,4.9921,1.0,sit_stand,UNKNOWN,UNKNOWN,0.22,0,57.519
5331,120.8122,223,4.9921,1.0,sit_stand,UNKNOWN,UNKNOWN,0.23,1,57.519
5332,120.8632,207,4.9512,1.0,sit_stand,UNKNOWN,UNKNOWN,0.22,0,53.7
5332,120.8632,223,4.9512,1.0,sit_stand,UNKNOWN,UNKNOWN,0.23,0,53.7
5333,120.8794,207,4.9674,1.0,sit_stand,UNKNOWN,UNKNOWN,0.22,0,54.454
5333,120.8794,223,4.9674,1.0,sit_stand,UNKNOWN,UNKNOWN,0.23,0,54.454
5334,120.8952,207,4.9832,1.0,sit_stand,UNKNOWN,UNKNOWN,0.22,0,54.441
5334,120.8952,223,4.9832,1.0,sit_stand,UNKNOWN,UNKNOWN,0.23,0,54.441
5335,120.9133,207,4.9862,1.0,sit_stand,UNKNOWN,UNKNOWN,0.22,0,55.703
5335,120.9133,223,4.9862,1.0,sit_stand,UNKNOWN,UNKNOWN,0.23,0,55.703
5336,120.9277,207,4.9858,1.0,sit_stand,UNKNOWN,UNKNOWN,0.22,0,57.264
5336,120.9277,223,4.9858,1.0,sit_stand,UNKNOWN,UNKNOWN,0.23,0,57.264
5337,120.9421,207,4.9456,1.0,sit_stand,UNKNOWN,UNKNOWN,0.22,0,58.716
5337,120.9421,223,4.9456,1.0,sit_stand,UNKNOWN,UNKNOWN,0.23,0,58.716
5338,120.9567,207,4.9603,1.0,sit_stand,UNKNOWN,UNKNOWN,0.22,0,59.149
5338,120.9567,223,4.9603,1.0,sit_stand,UNKNOWN,UNKNOWN,0.23,0,59.149
5339,120.9727,207,4.9762,1.0,sit_stand,UNKNOWN,UNKNOWN,0.22,0,57.621
5339,120.9727,223,4.9762,1.0,sit_stand,UNKNOWN,UNKNOWN,0.23,0,57.621
5340,120.9949,207,4.9984,1.0,sit_stand,UNKNOWN,UNKNOWN,0.22,0,57.725
5340,120.9949,223,4.9984,1.0,sit_stand,UNKNOWN,UNKNOWN,0.23,0,57.725
5341,121.0121,207,4.9856,1.0,wave,UNKNOWN,UNKNOWN,0.2267,1,58.647
5341,121.0121,223,4.9856,1.0,sit_stand,UNKNOWN,UNKNOWN,0.23,0,58.647
5342,121.0644,207,4.9895,1.0,wave,UNKNOWN,UNKNOWN,0.2267,0,54.665
5342,121.0644,223,4.9895,1.0,sit_stand,UNKNOWN,UNKNOWN,0.24,1,54.665
5343,121.1196,207,4.9516,1.0,wave,UNKNOWN,UNKNOWN,0.2267,0,51.024
5343,121.1196,223,4.9516,1.0,sit_stand,UNKNOWN,UNKNOWN,0.24,0,51.024
5344,121.1346,207,4.9666,1.0,wave,UNKNOWN,UNKNOWN,0.2267,0,51.767
5344,121.1346,223,4.9666,1.0,sit_stand,UNKNOWN,UNKNOWN,0.24,0,51.767
5345,121.1518,207,4.9838,1.0,wave,UNKNOWN,UNKNOWN,0.2267,0,52.731
5345,121.1518,223,4.9838,1.0,sit_stand,UNKNOWN,UNKNOWN,0.24,0,52.731
5346,121.168,207,4.9838,1.0,wave,UNKNOWN,UNKNOWN,0.2267,0,54.229
5346,121.168,223,4.9838,1.0,sit_stand,UNKNOWN,UNKNOWN,0.24,0,54.229
5347,121.1827,207,4.9985,1.0,wave,UNKNOWN,UNKNOWN,0.2267,0,55.359
5347,121.1827,223,4.9985,1.0,sit_stand,UNKNOWN,UNKNOWN,0.24,0,55.359
5348,121.1981,207,4.9985,1.0,wave,UNKNOWN,UNKNOWN,0.2267,0,56.83
5348,121.1981,223,4.9985,1.0,sit_stand,UNKNOWN,UNKNOWN,0.24,0,56.83
5349,121.2142,207,4.961,1.0,wave,UNKNOWN,UNKNOWN,0.2267,0,56.054
5349,121.2142,223,4.961,1.0,sit_stand,UNKNOWN,UNKNOWN,0.24,0,56.054
5350,121.2327,207,4.9795,1.0,wave,UNKNOWN,UNKNOWN,0.2267,0,57.417
5350,121.2327,223,4.9795,1.0,sit_stand,UNKNOWN,UNKNOWN,0.24,0,57.417
5351,121.247,207,4.9938,1.0,wave,UNKNOWN,UNKNOWN,0.2267,0,59.045
5351,121.247,223,4.9938,1.0,sit_stand,UNKNOWN,UNKNOWN,0.24,0,59.045
5352,121.2608,207,4.9913,1.0,wave,UNKNOWN,UNKNOWN,0.2267,0,60.014
5352,121.2608,223,4.9913,1.0,sit_stand,UNKNOWN,UNKNOWN,0.24,0,60.014
5353,121.2754,207,4.9899,1.0,sit_stand,UNKNOWN,UNKNOWN,0.2267,1,61.201
5353,121.2754,223,4.9899,1.0,sit_stand,UNKNOWN,UNKNOWN,0.24,0,61.201
5354,121.3266,207,4.99,1.0,sit_stand,UNKNOWN,UNKNOWN,0.2267,0,56.913
5354,121.3266,223,4.99,1.0,sit_stand,UNKNOWN,UNKNOWN,0.2267,1,56.913
5355,121.3858,207,4.9619,1.0,sit_stand,UNKNOWN,UNKNOWN,0.2267,0,52.926
5355,121.3858,223,4.9619,1.0,sit_stand,UNKNOWN,UNKNOWN,0.2267,0,52.926
5356,121.4025,207,4.9785,1.0,sit_stand,UNKNOWN,UNKNOWN,0.2267,0,53.735
5356,121.4025,223,4.9785,1.0,sit_stand,UNKNOWN,UNKNOWN,0.2267,0,53.735
5357,121.4185,207,4.9945,1.0,sit_stand,UNKNOWN,UNKNOWN,0.2267,0,54.684
5357,121.4185,223,4.9945,1.0,sit_stand,UNKNOWN,UNKNOWN,0.2267,0,54.684
5358,121.4345,207,4.993,1.0,sit_stand,UNKNOWN,UNKNOWN,0.2267,0,55.823
5358,121.4345,223,4.993,1.0,sit_stand,UNKNOWN,UNKNOWN,0.2267,0,55.823
5359,121.4496,207,4.9925,1.0,sit_stand,UNKNOWN,UNKNOWN,0.2267,0,56.841
5359,121.4496,223,4.9925,1.0,sit_stand,UNKNOWN,UNKNOWN,0.2267,0,56.841
5360,121.4648,207,4.9539,1.0,sit_stand,UNKNOWN,UNKNOWN,0.2267,0,58.513
5360,121.4648,223,4.9539,1.0,sit_stand,UNKNOWN,UNKNOWN,0.2267,0,58.513
5361,121.4794,207,4.9686,1.0,sit_stand,UNKNOWN,UNKNOWN,0.2267,0,59.609
5361,121.4794,223,4.9686,1.0,sit_stand,UNKNOWN,UNKNOWN,0.2267,0,59.609
5362,121.4929,207,4.982,1.0,sit_stand,UNKNOWN,UNKNOWN,0.2267,0,59.878
5362,121.4929,223,4.982,1.0,sit_stand,UNKNOWN,UNKNOWN,0.2267,0,59.878
5363,121.509,207,4.9981,1.0,sit_stand,UNKNOWN,UNKNOWN,0.2267,0,61.098
5363,121.509,223,4.9981,1.0,sit_stand,UNKNOWN,UNKNOWN,0.2267,0,61.098
5364,121.5236,207,4.9876,1.0,sit_stand,UNKNOWN,UNKNOWN,0.2267,0,61.589
5364,121.5236,223,4.9876,1.0,sit_stand,UNKNOWN,UNKNOWN,0.2267,0,61.589
5365,121.5376,207,4.9859,1.0,wave,UNKNOWN,UNKNOWN,0.2333,1,61.126
5365,121.5376,223,4.9859,1.0,sit_stand,UNKNOWN,UNKNOWN,0.2267,0,61.126
5366,121.6061,207,4.9931,1.0,wave,UNKNOWN,UNKNOWN,0.2333,0,56.544
5366,121.6061,223,4.9931,1.0,sit_stand,UNKNOWN,UNKNOWN,0.2267,1,56.544
5367,121.6589,207,4.9802,1.0,wave,UNKNOWN,UNKNOWN,0.2333,0,52.771
5367,121.6589,223,4.9802,1.0,sit_stand,UNKNOWN,UNKNOWN,0.2267,0,52.771
5368,121.6743,207,4.9956,1.0,wave,UNKNOWN,UNKNOWN,0.2333,0,53.365
5368,121.6743,223,4.9956,1.0,sit_stand,UNKNOWN,UNKNOWN,0.2267,0,53.365
5369,121.6911,207,4.9972,1.0,wave,UNKNOWN,UNKNOWN,0.2333,0,53.649
5369,121.6911,223,4.9972,1.0,sit_stand,UNKNOWN,UNKNOWN,0.2267,0,53.649
5370,121.7089,207,4.9481,1.0,wave,UNKNOWN,UNKNOWN,0.2333,0,54.872
5370,121.7089,223,4.9481,1.0,sit_stand,UNKNOWN,UNKNOWN,0.2267,0,54.872
5371,121.7242,207,4.9634,1.0,wave,UNKNOWN,UNKNOWN,0.2333,0,56.705
5371,121.7242,223,4.9634,1.0,sit_stand,UNKNOWN,UNKNOWN,0.2267,0,56.705
5372,121.7383,207,4.9775,1.0,wave,UNKNOWN,UNKNOWN,0.2333,0,57.038
5372,121.7383,223,4.9775,1.0,sit_stand,UNKNOWN,UNKNOWN,0.2267,0,57.038
5373,121.7543,207,4.9935,1.0,wave,UNKNOWN,UNKNOWN,0.2333,0,58.661
5373,121.7543,223,4.9935,1.0,sit_stand,UNKNOWN,UNKNOWN,0.2267,0,58.661
5374,121.768,207,4.9917,1.0,wave,UNKNOWN,UNKNOWN,0.2333,0,59.281
5374,121.768,223,4.9917,1.0,sit_stand,UNKNOWN,UNKNOWN,0.2267,0,59.281
5375,121.7833,207,4.9907,1.0,wave,UNKNOWN,UNKNOWN,0.2333,0,59.949
5375,121.7833,223,4.9907,1.0,sit_stand,UNKNOWN,UNKNOWN,0.2267,0,59.949
5376,121.7985,207,4.9919,1.0,sit_stand,UNKNOWN,UNKNOWN,0.2367,1,60.047
5376,121.7985,223,4.9919,1.0,sit_stand,UNKNOWN,UNKNOWN,0.2267,0,60.047
5377,121.8528,207,4.9836,1.0,sit_stand,UNKNOWN,UNKNOWN,0.2367,0,55.866
5377,121.8528,223,4.9836,1.0,sit_stand,UNKNOWN,UNKNOWN,0.2267,0,55.866
5378,121.8697,207,4.9842,1.0,sit_stand,UNKNOWN,UNKNOWN,0.2367,0,56.872
5378,121.8697,223,4.9842,1.0,sit_stand,UNKNOWN,UNKNOWN,0.2467,1,56.872
5379,121.9302,207,4.9688,1.0,sit_stand,UNKNOWN,UNKNOWN,0.2367,0,52.722
5379,121.9302,223,4.9688,1.0,sit_stand,UNKNOWN,UNKNOWN,0.2467,0,52.722
5380,121.9499,207,4.9886,1.0,sit_stand,UNKNOWN,UNKNOWN,0.2367,0,52.71
5380,121.9499,223,4.9886,1.0,sit_stand,UNKNOWN,UNKNOWN,0.2467,0,52.71
5381,121.9689,207,4.9551,1.0,sit_stand,UNKNOWN,UNKNOWN,0.2367,0,53.751
5381,121.9689,223,4.9551,1.0,sit_stand,UNKNOWN,UNKNOWN,0.2467,0,53.751
5382,121.9848,207,4.971,1.0,sit_stand,UNKNOWN,UNKNOWN,0.2367,0,54.488
5382,121.9848,223,4.971,1.0,sit_stand,UNKNOWN,UNKNOWN,0.2467,0,54.488
5383,122.0011,207,4.9873,1.0,sit_stand,UNKNOWN,UNKNOWN,0.2367,0,55.907
5383,122.0011,223,4.9873,1.0,sit_stand,UNKNOWN,UNKNOWN,0.2467,0,55.907
5384,122.0153,207,4.987,1.0,sit_stand,UNKNOWN,UNKNOWN,0.2367,0,57.212
5384,122.0153,223,4.987,1.0,sit_stand,UNKNOWN,UNKNOWN,0.2467,0,57.212
5385,122.0302,207,4.9889,1.0,sit_stand,UNKNOWN,UNKNOWN,0.2367,0,58.121
5385,122.0302,223,4.9889,1.0,sit_stand,UNKNOWN,UNKNOWN,0.2467,0,58.121
5386,122.0453,207,4.991,1.0,sit_stand,UNKNOWN,UNKNOWN,0.2367,0,59.678
5386,122.0453,223,4.991,1.0,sit_stand,UNKNOWN,UNKNOWN,0.2467,0,59.678
5387,122.0611,207,4.9913,1.0,sit_stand,UNKNOWN,UNKNOWN,0.2333,1,59.847
5387,122.0611,223,4.9913,1.0,sit_stand,UNKNOWN,UNKNOWN,0.2467,0,59.847
5388,122.1155,207,4.9996,1.0,sit_stand,UNKNOWN,UNKNOWN,0.2333,0,55.624
5388,122.1155,223,4.9996,1.0,sit_stand,UNKNOWN,UNKNOWN,0.2467,0,55.624
5389,122.1322,207,4.9973,1.0,sit_stand,UNKNOWN,UNKNOWN,0.2333,0,56.529
5389,122.1322,223,4.9973,1.0,sit_stand,UNKNOWN,UNKNOWN,0.23,1,56.529
5390,122.1825,207,4.9665,1.0,sit_stand,UNKNOWN,UNKNOWN,0.2333,0,52.806
5390,122.1825,223,4.9665,1.0,sit_stand,UNKNOWN,UNKNOWN,0.23,0,52.806
5391,122.1992,207,4.9833,1.0,sit_stand,UNKNOWN,UNKNOWN,0.2333,0,54.078
5391,122.1992,223,4.9833,1.0,sit_stand,UNKNOWN,UNKNOWN,0.23,0,54.078
5392,122.2171,207,4.9379,1.0,sit_stand,UNKNOWN,UNKNOWN,0.2333,0,54.12
5392,122.2171,223,4.9379,1.0,sit_stand,UNKNOWN,UNKNOWN,0.23,0,54.12
5393,122.2329,207,4.9536,1.0,sit_stand,UNKNOWN,UNKNOWN,0.2333,0,54.77
5393,122.2329,223,4.9536,1.0,sit_stand,UNKNOWN,UNKNOWN,0.23,0,54.77
5394,122.2495,207,4.9703,1.0,sit_stand,UNKNOWN,UNKNOWN,0.2333,0,55.078
5394,122.2495,223,4.9703,1.0,sit_stand,UNKNOWN,UNKNOWN,0.23,0,55.078
5395,122.2665,207,4.9872,1.0,sit_stand,UNKNOWN,UNKNOWN,0.2333,0,56.217
5395,122.2665,223,4.9872,1.0,sit_stand,UNKNOWN,UNKNOWN,0.23,0,56.217
5396,122.2816,207,4.9863,1.0,sit_stand,UNKNOWN,UNKNOWN,0.2333,0,57.113
5396,122.2816,223,4.9863,1.0,sit_stand,UNKNOWN,UNKNOWN,0.23,0,57.113
5397,122.2969,207,4.9861,1.0,sit_stand,UNKNOWN,UNKNOWN,0.2333,0,58.288
5397,122.2969,223,4.9861,1.0,sit_stand,UNKNOWN,UNKNOWN,0.23,0,58.288
5398,122.3115,207,4.9855,1.0,sit_stand,UNKNOWN,UNKNOWN,0.24,1,58.492
5398,122.3115,223,4.9855,1.0,sit_stand,UNKNOWN,UNKNOWN,0.23,0,58.492
5399,122.3642,207,4.9943,1.0,sit_stand,UNKNOWN,UNKNOWN,0.24,0,54.564
5399,122.3642,223,4.9943,1.0,sit_stand,UNKNOWN,UNKNOWN,0.23,0,54.564
5400,122.3803,207,4.9966,1.0,sit_stand,UNKNOWN,UNKNOWN,0.24,0,55.787
5400,122.3803,223,4.9966,1.0,sit_stand,UNKNOWN,UNKNOWN,0.23,0,55.787
5401,122.3949,207,4.9964,1.0,sit_stand,UNKNOWN,UNKNOWN,0.24,0,57.606
5401,122.3949,223,4.9964,1.0,sit_stand,UNKNOWN,UNKNOWN,0.2367,1,57.606
5402,122.4485,207,4.9792,1.0,sit_stand,UNKNOWN,UNKNOWN,0.24,0,53.641
5402,122.4485,223,4.9792,1.0,sit_stand,UNKNOWN,UNKNOWN,0.2367,0,53.641
5403,122.4645,207,4.9951,1.0,sit_stand,UNKNOWN,UNKNOWN,0.24,0,54.563
5403,122.4645,223,4.9951,1.0,sit_stand,UNKNOWN,UNKNOWN,0.2367,0,54.563
5404,122.4801,207,4.9575,1.0,sit_stand,UNKNOWN,UNKNOWN,0.24,0,53.707
5404,122.4801,223,4.9575,1.0,sit_stand,UNKNOWN,UNKNOWN,0.2367,0,53.707
5405,122.502,207,4.9793,1.0,sit_stand,UNKNOWN,UNKNOWN,0.24,0,55.175
5405,122.502,223,4.9793,1.0,sit_stand,UNKNOWN,UNKNOWN,0.2367,0,55.175
5406,122.5165,207,4.9938,1.0,sit_stand,UNKNOWN,UNKNOWN,0.24,0,56.301
5406,122.5165,223,4.9938,1.0,sit_stand,UNKNOWN,UNKNOWN,0.2367,0,56.301
5407,122.5314,207,4.9933,1.0,sit_stand,UNKNOWN,UNKNOWN,0.24,0,56.713
5407,122.5314,223,4.9933,1.0,sit_stand,UNKNOWN,UNKNOWN,0.2367,0,56.713
5408,122.548,207,4.9873,1.0,sit_stand,UNKNOWN,UNKNOWN,0.24,0,56.845
5408,122.548,223,4.9873,1.0,sit_stand,UNKNOWN,UNKNOWN,0.2367,0,56.845
5409,122.5655,207,4.991,1.0,sit_stand,UNKNOWN,UNKNOWN,0.2333,1,55.7
5409,122.5655,223,4.991,1.0,sit_stand,UNKNOWN,UNKNOWN,0.2367,0,55.7
5410,122.6264,207,4.9918,1.0,sit_stand,UNKNOWN,UNKNOWN,0.2333,0,51.956
5410,122.6264,223,4.9918,1.0,sit_stand,UNKNOWN,UNKNOWN,0.2367,0,51.956
5411,122.6421,207,4.9912,1.0,sit_stand,UNKNOWN,UNKNOWN,0.2333,0,53.989
5411,122.6421,223,4.9912,1.0,sit_stand,UNKNOWN,UNKNOWN,0.2367,0,53.989
5412,122.656,207,4.9894,1.0,sit_stand,UNKNOWN,UNKNOWN,0.2333,0,56.13
5412,122.656,223,4.9894,1.0,sit_stand,UNKNOWN,UNKNOWN,0.24,1,56.13
5413,122.7073,207,4.9869,1.0,sit_stand,UNKNOWN,UNKNOWN,0.2333,0,52.304
5413,122.7073,223,4.9869,1.0,sit_stand,UNKNOWN,UNKNOWN,0.24,0,52.304
5414,122.7253,207,4.9346,1.0,sit_stand,UNKNOWN,UNKNOWN,0.2333,0,54.102
5414,122.7253,223,4.9346,1.0,sit_stand,UNKNOWN,UNKNOWN,0.24,0,54.102
5415,122.7396,207,4.9489,1.0,sit_stand,UNKNOWN,UNKNOWN,0.2333,0,56.142
5415,122.7396,223,4.9489,1.0,sit_stand,UNKNOWN,UNKNOWN,0.24,0,56.142
5416,122.753,207,4.9623,1.0,sit_stand,UNKNOWN,UNKNOWN,0.2333,0,57.929
5416,122.753,223,4.9623,1.0,sit_stand,UNKNOWN,UNKNOWN,0.24,0,57.929
5417,122.7663,207,4.9756,1.0,sit_stand,UNKNOWN,UNKNOWN,0.2333,0,58.223
5417,122.7663,223,4.9756,1.0,sit_stand,UNKNOWN,UNKNOWN,0.24,0,58.223
5418,122.783,207,4.9923,1.0,sit_stand,UNKNOWN,UNKNOWN,0.2333,0,59.574
5418,122.783,223,4.9923,1.0,sit_stand,UNKNOWN,UNKNOWN,0.24,0,59.574
5419,122.7965,207,4.9888,1.0,sit_stand,UNKNOWN,UNKNOWN,0.2333,0,60.911
5419,122.7965,223,4.9888,1.0,sit_stand,UNKNOWN,UNKNOWN,0.24,0,60.911
5420,122.8105,207,4.9881,1.0,sit_stand,UNKNOWN,UNKNOWN,0.2333,0,59.547
5420,122.8105,223,4.9881,1.0,sit_stand,UNKNOWN,UNKNOWN,0.24,0,59.547
5421,122.8315,207,4.9952,1.0,sit_stand,UNKNOWN,UNKNOWN,0.2367,1,60.73
5421,122.8315,223,4.9952,1.0,sit_stand,UNKNOWN,UNKNOWN,0.24,0,60.73
5422,122.8822,207,4.9865,1.0,sit_stand,UNKNOWN,UNKNOWN,0.2367,0,56.348
5422,122.8822,223,4.9865,1.0,sit_stand,UNKNOWN,UNKNOWN,0.24,0,56.348
5423,122.905,207,4.9942,1.0,sit_stand,UNKNOWN,UNKNOWN,0.2367,0,57.765
5423,122.905,223,4.9942,1.0,sit_stand,UNKNOWN,UNKNOWN,0.24,0,57.765
5424,122.9189,207,4.9926,1.0,sit_stand,UNKNOWN,UNKNOWN,0.2367,0,58.852
5424,122.9189,223,4.9926,1.0,sit_stand,UNKNOWN,UNKNOWN,0.26,1,58.852
5425,122.9691,207,4.9915,1.0,sit_stand,UNKNOWN,UNKNOWN,0.2367,0,54.954
5425,122.9691,223,4.9915,1.0,sit_stand,UNKNOWN,UNKNOWN,0.26,0,54.954
5426,122.9841,207,4.9538,1.0,sit_stand,UNKNOWN,UNKNOWN,0.2367,0,54.007
5426,122.9841,223,4.9538,1.0,sit_stand,UNKNOWN,UNKNOWN,0.26,0,54.007
5427,123.006,207,4.9758,1.0,sit_stand,UNKNOWN,UNKNOWN,0.2367,0,54.676
5427,123.006,223,4.9758,1.0,sit_stand,UNKNOWN,UNKNOWN,0.26,0,54.676
5428,123.0227,207,4.9925,1.0,sit_stand,UNKNOWN,UNKNOWN,0.2367,0,55.487
5428,123.0227,223,4.9925,1.0,sit_stand,UNKNOWN,UNKNOWN,0.26,0,55.487
5429,123.0381,207,4.9907,1.0,sit_stand,UNKNOWN,UNKNOWN,0.2367,0,56.87
5429,123.0381,223,4.9907,1.0,sit_stand,UNKNOWN,UNKNOWN,0.26,0,56.87
5430,123.0526,207,4.9908,1.0,sit_stand,UNKNOWN,UNKNOWN,0.2367,0,58.265
5430,123.0526,223,4.9908,1.0,sit_stand,UNKNOWN,UNKNOWN,0.26,0,58.265
5431,123.0668,207,4.9911,1.0,sit_stand,UNKNOWN,UNKNOWN,0.2367,0,56.842
5431,123.0668,223,4.9911,1.0,sit_stand,UNKNOWN,UNKNOWN,0.26,0,56.842
5432,123.0897,207,4.9999,1.0,sit_stand,UNKNOWN,UNKNOWN,0.24,1,57.98
5432,123.0897,223,4.9999,1.0,sit_stand,UNKNOWN,UNKNOWN,0.26,0,57.98
5433,123.1413,207,4.9954,1.0,sit_stand,UNKNOWN,UNKNOWN,0.24,0,54.068
5433,123.1413,223,4.9954,1.0,sit_stand,UNKNOWN,UNKNOWN,0.26,0,54.068
5434,123.1573,207,4.9957,1.0,sit_stand,UNKNOWN,UNKNOWN,0.24,0,55.953
5434,123.1573,223,4.9957,1.0,sit_stand,UNKNOWN,UNKNOWN,0.26,0,55.953
5435,123.1708,207,4.9931,1.0,sit_stand,UNKNOWN,UNKNOWN,0.24,0,57.888
5435,123.1708,223,4.9931,1.0,sit_stand,UNKNOWN,UNKNOWN,0.2533,1,57.888
5436,123.2224,207,4.9879,1.0,sit_stand,UNKNOWN,UNKNOWN,0.24,0,53.956
5436,123.2224,223,4.9879,1.0,sit_stand,UNKNOWN,UNKNOWN,0.2533,0,53.956
5437,123.238,207,4.9493,1.0,sit_stand,UNKNOWN,UNKNOWN,0.24,0,55.046
5437,123.238,223,4.9493,1.0,sit_stand,UNKNOWN,UNKNOWN,0.2533,0,55.046
5438,123.2539,207,4.9651,1.0,sit_stand,UNKNOWN,UNKNOWN,0.24,0,56.2
5438,123.2539,223,4.9651,1.0,sit_stand,UNKNOWN,UNKNOWN,0.2533,0,56.2
5439,123.2686,207,4.9798,1.0,sit_stand,UNKNOWN,UNKNOWN,0.24,0,57.772
5439,123.2686,223,4.9798,1.0,sit_stand,UNKNOWN,UNKNOWN,0.2533,0,57.772
5440,123.2833,207,4.9946,1.0,sit_stand,UNKNOWN,UNKNOWN,0.24,0,58.744
5440,123.2833,223,4.9946,1.0,sit_stand,UNKNOWN,UNKNOWN,0.2533,0,58.744
5441,123.2974,207,4.9905,1.0,sit_stand,UNKNOWN,UNKNOWN,0.24,0,60.109
5441,123.2974,223,4.9905,1.0,sit_stand,UNKNOWN,UNKNOWN,0.2533,0,60.109
5442,123.3107,207,4.9895,1.0,sit_stand,UNKNOWN,UNKNOWN,0.24,0,60.746
5442,123.3107,223,4.9895,1.0,sit_stand,UNKNOWN,UNKNOWN,0.2533,0,60.746
5443,123.3265,207,4.9905,1.0,sit_stand,UNKNOWN,UNKNOWN,0.24,0,61.025
5443,123.3265,223,4.9905,1.0,sit_stand,UNKNOWN,UNKNOWN,0.2533,0,61.025
5444,123.3418,207,4.9905,1.0,sit_stand,UNKNOWN,UNKNOWN,0.22,1,60.481
5444,123.3418,223,4.9905,1.0,sit_stand,UNKNOWN,UNKNOWN,0.2533,0,60.481
5445,123.3986,207,4.9904,1.0,sit_stand,UNKNOWN,UNKNOWN,0.22,0,56.278
5445,123.3986,223,4.9904,1.0,sit_stand,UNKNOWN,UNKNOWN,0.2533,0,56.278
5446,123.4141,207,4.9906,1.0,sit_stand,UNKNOWN,UNKNOWN,0.22,0,56.888
5446,123.4141,223,4.9906,1.0,sit_stand,UNKNOWN,UNKNOWN,0.2533,0,56.888
5447,123.43,207,4.9916,1.0,sit_stand,UNKNOWN,UNKNOWN,0.22,0,57.553
5447,123.43,223,4.9916,1.0,sit_stand,UNKNOWN,UNKNOWN,0.2433,1,57.553
5448,123.4826,207,4.9912,1.0,sit_stand,UNKNOWN,UNKNOWN,0.22,0,53.72
5448,123.4826,223,4.9912,1.0,sit_stand,UNKNOWN,UNKNOWN,0.2433,0,53.72
5449,123.4978,207,4.9502,1.0,sit_stand,UNKNOWN,UNKNOWN,0.22,0,55.257
5449,123.4978,223,4.9502,1.0,sit_stand,UNKNOWN,UNKNOWN,0.2433,0,55.257
5450,123.5122,207,4.9646,1.0,sit_stand,UNKNOWN,UNKNOWN,0.22,0,56.596
5450,123.5122,223,4.9646,1.0,sit_stand,UNKNOWN,UNKNOWN,0.2433,0,56.596
5451,123.5278,207,4.9802,1.0,sit_stand,UNKNOWN,UNKNOWN,0.22,0,56.835
5451,123.5278,223,4.9802,1.0,sit_stand,UNKNOWN,UNKNOWN,0.2433,0,56.835
5452,123.5442,207,4.9966,1.0,sit_stand,UNKNOWN,UNKNOWN,0.22,0,57.455
5452,123.5442,223,4.9966,1.0,sit_stand,UNKNOWN,UNKNOWN,0.2433,0,57.455
5453,123.5604,207,4.998,1.0,sit_stand,UNKNOWN,UNKNOWN,0.22,0,58.59
5453,123.5604,223,4.998,1.0,sit_stand,UNKNOWN,UNKNOWN,0.2433,0,58.59
5454,123.5743,207,4.9967,1.0,sit_stand,UNKNOWN,UNKNOWN,0.22,0,59.997
5454,123.5743,223,4.9967,1.0,sit_stand,UNKNOWN,UNKNOWN,0.2433,0,59.997
5455,123.5875,207,4.996,1.0,sit_stand,UNKNOWN,UNKNOWN,0.22,0,61.618
5455,123.5875,223,4.996,1.0,sit_stand,UNKNOWN,UNKNOWN,0.2433,0,61.618
5456,123.6012,207,4.9965,1.0,sit_stand,UNKNOWN,UNKNOWN,0.2267,1,61.935
5456,123.6012,223,4.9965,1.0,sit_stand,UNKNOWN,UNKNOWN,0.2433,0,61.935
5457,123.6602,207,4.9976,1.0,sit_stand,UNKNOWN,UNKNOWN,0.2267,0,57.428
5457,123.6602,223,4.9976,1.0,sit_stand,UNKNOWN,UNKNOWN,0.2433,0,57.428
5458,123.6758,207,4.9993,1.0,sit_stand,UNKNOWN,UNKNOWN,0.2267,0,58.111
5458,123.6758,223,4.9993,1.0,sit_stand,UNKNOWN,UNKNOWN,0.2433,0,58.111
5459,123.6913,207,4.9998,1.0,sit_stand,UNKNOWN,UNKNOWN,0.2267,0,59.022
5459,123.6913,223,4.9998,1.0,sit_stand,UNKNOWN,UNKNOWN,0.24,1,59.022
5460,123.7445,207,4.9988,1.0,sit_stand,UNKNOWN,UNKNOWN,0.2267,0,54.979
5460,123.7445,223,4.9988,1.0,sit_stand,UNKNOWN,UNKNOWN,0.24,0,54.979
5461,123.7601,207,4.9525,1.0,sit_stand,UNKNOWN,UNKNOWN,0.2267,0,56.554
5461,123.7601,223,4.9525,1.0,sit_stand,UNKNOWN,UNKNOWN,0.24,0,56.554
5462,123.774,207,4.9663,1.0,sit_stand,UNKNOWN,UNKNOWN,0.2267,0,58.584
5462,123.774,223,4.9663,1.0,sit_stand,UNKNOWN,UNKNOWN,0.24,0,58.584
5463,123.7869,207,4.9793,1.0,sit_stand,UNKNOWN,UNKNOWN,0.2267,0,60.073
5463,123.7869,223,4.9793,1.0,sit_stand,UNKNOWN,UNKNOWN,0.24,0,60.073
5464,123.8007,207,4.9931,1.0,sit_stand,UNKNOWN,UNKNOWN,0.2267,0,61.427
5464,123.8007,223,4.9931,1.0,sit_stand,UNKNOWN,UNKNOWN,0.24,0,61.427
5465,123.8145,207,4.992,1.0,sit_stand,UNKNOWN,UNKNOWN,0.2267,0,61.929
5465,123.8145,223,4.992,1.0,sit_stand,UNKNOWN,UNKNOWN,0.24,0,61.929
5466,123.8294,207,4.9928,1.0,sit_stand,UNKNOWN,UNKNOWN,0.2267,0,62.596
5466,123.8294,223,4.9928,1.0,sit_stand,UNKNOWN,UNKNOWN,0.24,0,62.596
5467,123.8439,207,4.9939,1.0,sit_stand,UNKNOWN,UNKNOWN,0.2267,0,62.829
5467,123.8439,223,4.9939,1.0,sit_stand,UNKNOWN,UNKNOWN,0.24,0,62.829
5468,123.8594,207,4.9961,1.0,sit_stand,UNKNOWN,UNKNOWN,0.23,1,63.042
5468,123.8594,223,4.9961,1.0,sit_stand,UNKNOWN,UNKNOWN,0.24,0,63.042
5469,123.9114,207,4.9895,1.0,sit_stand,UNKNOWN,UNKNOWN,0.23,0,58.693
5469,123.9114,223,4.9895,1.0,sit_stand,UNKNOWN,UNKNOWN,0.24,0,58.693
5470,123.9255,207,4.9909,1.0,sit_stand,UNKNOWN,UNKNOWN,0.23,0,59.435
5470,123.9255,223,4.9909,1.0,sit_stand,UNKNOWN,UNKNOWN,0.24,0,59.435
5471,123.9409,207,4.9933,1.0,sit_stand,UNKNOWN,UNKNOWN,0.23,0,59.195
5471,123.9409,223,4.9933,1.0,sit_stand,UNKNOWN,UNKNOWN,0.24,0,59.195
5472,123.9585,207,4.9582,1.0,sit_stand,UNKNOWN,UNKNOWN,0.23,0,59.735
5472,123.9585,223,4.9582,1.0,sit_stand,UNKNOWN,UNKNOWN,0.2433,1,59.735
5473,124.0101,207,4.9591,1.0,sit_stand,UNKNOWN,UNKNOWN,0.23,0,55.7
5473,124.0101,223,4.9591,1.0,sit_stand,UNKNOWN,UNKNOWN,0.2433,0,55.7
5474,124.0252,207,4.9743,1.0,sit_stand,UNKNOWN,UNKNOWN,0.23,0,56.968
5474,124.0252,223,4.9743,1.0,sit_stand,UNKNOWN,UNKNOWN,0.2433,0,56.968
5475,124.0401,207,4.9891,1.0,sit_stand,UNKNOWN,UNKNOWN,0.23,0,57.247
5475,124.0401,223,4.9891,1.0,sit_stand,UNKNOWN,UNKNOWN,0.2433,0,57.247
5476,124.0569,207,4.991,1.0,sit_stand,UNKNOWN,UNKNOWN,0.23,0,57.958
5476,124.0569,223,4.991,1.0,sit_stand,UNKNOWN,UNKNOWN,0.2433,0,57.958
5477,124.0725,207,4.9922,1.0,sit_stand,UNKNOWN,UNKNOWN,0.23,0,59.244
5477,124.0725,223,4.9922,1.0,sit_stand,UNKNOWN,UNKNOWN,0.2433,0,59.244
5478,124.0877,207,4.9904,1.0,sit_stand,UNKNOWN,UNKNOWN,0.23,0,60.192
5478,124.0877,223,4.9904,1.0,sit_stand,UNKNOWN,UNKNOWN,0.2433,0,60.192
5479,124.1011,207,4.9898,1.0,sit_stand,UNKNOWN,UNKNOWN,0.23,0,60.37
5479,124.1011,223,4.9898,1.0,sit_stand,UNKNOWN,UNKNOWN,0.2433,0,60.37
5480,124.1175,207,4.9929,1.0,sit_stand,UNKNOWN,UNKNOWN,0.23,1,61.403
5480,124.1175,223,4.9929,1.0,sit_stand,UNKNOWN,UNKNOWN,0.2433,0,61.403
5481,124.1685,207,4.9867,1.0,sit_stand,UNKNOWN,UNKNOWN,0.23,0,57.143
5481,124.1685,223,4.9867,1.0,sit_stand,UNKNOWN,UNKNOWN,0.2433,0,57.143
5482,124.1844,207,4.9891,1.0,sit_stand,UNKNOWN,UNKNOWN,0.23,0,57.927
5482,124.1844,223,4.9891,1.0,sit_stand,UNKNOWN,UNKNOWN,0.2433,0,57.927
5483,124.2007,207,4.9916,1.0,sit_stand,UNKNOWN,UNKNOWN,0.23,0,57.644
5483,124.2007,223,4.9916,1.0,sit_stand,UNKNOWN,UNKNOWN,0.2433,0,57.644
5484,124.2182,207,4.9533,1.0,sit_stand,UNKNOWN,UNKNOWN,0.23,0,58.525
5484,124.2182,223,4.9533,1.0,sit_stand,UNKNOWN,UNKNOWN,0.24,1,58.525
5485,124.279,207,4.9596,1.0,sit_stand,UNKNOWN,UNKNOWN,0.23,0,54.262
5485,124.279,223,4.9596,1.0,sit_stand,UNKNOWN,UNKNOWN,0.24,0,54.262
5486,124.2962,207,4.9768,1.0,sit_stand,UNKNOWN,UNKNOWN,0.23,0,55.158
5486,124.2962,223,4.9768,1.0,sit_stand,UNKNOWN,UNKNOWN,0.24,0,55.158
5487,124.3121,207,4.9928,1.0,sit_stand,UNKNOWN,UNKNOWN,0.23,0,56.402
5487,124.3121,223,4.9928,1.0,sit_stand,UNKNOWN,UNKNOWN,0.24,0,56.402
5488,124.3266,207,4.9901,1.0,sit_stand,UNKNOWN,UNKNOWN,0.23,0,57.533
5488,124.3266,223,4.9901,1.0,sit_stand,UNKNOWN,UNKNOWN,0.24,0,57.533
5489,124.3419,207,4.9897,1.0,sit_stand,UNKNOWN,UNKNOWN,0.23,0,58.585
5489,124.3419,223,4.9897,1.0,sit_stand,UNKNOWN,UNKNOWN,0.24,0,58.585
5490,124.3563,207,4.9882,1.0,sit_stand,UNKNOWN,UNKNOWN,0.23,0,60.009
5490,124.3563,223,4.9882,1.0,sit_stand,UNKNOWN,UNKNOWN,0.24,0,60.009
5491,124.3698,207,4.9866,1.0,wave,UNKNOWN,UNKNOWN,0.23,1,61.359
5491,124.3698,223,4.9866,1.0,sit_stand,UNKNOWN,UNKNOWN,0.24,0,61.359
5492,124.4296,207,4.9801,1.0,wave,UNKNOWN,UNKNOWN,0.23,0,56.873
5492,124.4296,223,4.9801,1.0,sit_stand,UNKNOWN,UNKNOWN,0.24,0,56.873
5493,124.4438,207,4.9943,1.0,wave,UNKNOWN,UNKNOWN,0.23,0,57.334
5493,124.4438,223,4.9943,1.0,sit_stand,UNKNOWN,UNKNOWN,0.24,0,57.334
5494,124.4605,207,4.9952,1.0,wave,UNKNOWN,UNKNOWN,0.23,0,58.35
5494,124.4605,223,4.9952,1.0,sit_stand,UNKNOWN,UNKNOWN,0.24,0,58.35
5495,124.4754,207,4.9562,1.0,wave,UNKNOWN,UNKNOWN,0.23,0,59.822
5495,124.4754,223,4.9562,1.0,sit_stand,UNKNOWN,UNKNOWN,0.2267,1,59.822
5496,124.5261,207,4.9555,1.0,wave,UNKNOWN,UNKNOWN,0.23,0,55.734
5496,124.5261,223,4.9555,1.0,sit_stand,UNKNOWN,UNKNOWN,0.2267,0,55.734
5497,124.5417,207,4.971,1.0,wave,UNKNOWN,UNKNOWN,0.23,0,56.612
5497,124.5417,223,4.971,1.0,sit_stand,UNKNOWN,UNKNOWN,0.2267,0,56.612
5498,124.5572,207,4.9865,1.0,wave,UNKNOWN,UNKNOWN,0.23,0,55.933
5498,124.5572,223,4.9865,1.0,sit_stand,UNKNOWN,UNKNOWN,0.2267,0,55.933
5499,124.5774,207,4.979,1.0,wave,UNKNOWN,UNKNOWN,0.23,0,56.029
5499,124.5774,223,4.979,1.0,sit_stand,UNKNOWN,UNKNOWN,0.2267,0,56.029
5500,124.5948,207,4.9964,1.0,wave,UNKNOWN,UNKNOWN,0.23,0,57.188
5500,124.5948,223,4.9964,1.0,sit_stand,UNKNOWN,UNKNOWN,0.2267,0,57.188
5501,124.6095,207,4.9945,1.0,wave,UNKNOWN,UNKNOWN,0.23,0,57.993
5501,124.6095,223,4.9945,1.0,sit_stand,UNKNOWN,UNKNOWN,0.2267,0,57.993
5502,124.6249,207,4.9924,1.0,wave,UNKNOWN,UNKNOWN,0.23,1,58.389
5502,124.6249,223,4.9924,1.0,sit_stand,UNKNOWN,UNKNOWN,0.2267,0,58.389
5503,124.6772,207,4.9868,1.0,wave,UNKNOWN,UNKNOWN,0.23,0,54.445
5503,124.6772,223,4.9868,1.0,sit_stand,UNKNOWN,UNKNOWN,0.2267,0,54.445
5504,124.6938,207,4.9886,1.0,wave,UNKNOWN,UNKNOWN,0.23,0,55.109
5504,124.6938,223,4.9886,1.0,sit_stand,UNKNOWN,UNKNOWN,0.2267,0,55.109
5505,124.7103,207,4.9884,1.0,wave,UNKNOWN,UNKNOWN,0.23,0,55.726
5505,124.7103,223,4.9884,1.0,sit_stand,UNKNOWN,UNKNOWN,0.2267,0,55.726
5506,124.7266,207,4.9482,1.0,wave,UNKNOWN,UNKNOWN,0.23,0,56.766
5506,124.7266,223,4.9482,1.0,sit_stand,UNKNOWN,UNKNOWN,0.24,1,56.766
5507,124.7806,207,4.9498,1.0,wave,UNKNOWN,UNKNOWN,0.23,0,52.942
5507,124.7806,223,4.9498,1.0,sit_stand,UNKNOWN,UNKNOWN,0.24,0,52.942
5508,124.7955,207,4.9647,1.0,wave,UNKNOWN,UNKNOWN,0.23,0,55.024
5508,124.7955,223,4.9647,1.0,sit_stand,UNKNOWN,UNKNOWN,0.24,0,55.024
5509,124.8098,207,4.979,1.0,wave,UNKNOWN,UNKNOWN,0.23,0,56.412
5509,124.8098,223,4.979,1.0,sit_stand,UNKNOWN,UNKNOWN,0.24,0,56.412
5510,124.8239,207,4.9931,1.0,wave,UNKNOWN,UNKNOWN,0.23,0,57.58
5510,124.8239,223,4.9931,1.0,sit_stand,UNKNOWN,UNKNOWN,0.24,0,57.58
5511,124.8385,207,4.9925,1.0,wave,UNKNOWN,UNKNOWN,0.23,0,58.643
5511,124.8385,223,4.9925,1.0,sit_stand,UNKNOWN,UNKNOWN,0.24,0,58.643
5512,124.8531,207,4.9932,1.0,wave,UNKNOWN,UNKNOWN,0.23,0,59.563
5512,124.8531,223,4.9932,1.0,sit_stand,UNKNOWN,UNKNOWN,0.24,0,59.563
5513,124.8677,207,4.9908,1.0,wave,UNKNOWN,UNKNOWN,0.23,0,60.48
5513,124.8677,223,4.9908,1.0,sit_stand,UNKNOWN,UNKNOWN,0.24,0,60.48
5514,124.8823,207,4.9875,1.0,wave,UNKNOWN,UNKNOWN,0.2267,1,59.475
5514,124.8823,223,4.9875,1.0,sit_stand,UNKNOWN,UNKNOWN,0.24,0,59.475
5515,124.9418,207,4.9864,1.0,wave,UNKNOWN,UNKNOWN,0.2267,0,55.368
5515,124.9418,223,4.9864,1.0,sit_stand,UNKNOWN,UNKNOWN,0.24,0,55.368
5516,124.9565,207,4.9861,1.0,wave,UNKNOWN,UNKNOWN,0.2267,0,55.399
5516,124.9565,223,4.9861,1.0,sit_stand,UNKNOWN,UNKNOWN,0.24,0,55.399
5517,124.9745,207,4.9894,1.0,wave,UNKNOWN,UNKNOWN,0.2267,0,55.264
5517,124.9745,223,4.9894,1.0,sit_stand,UNKNOWN,UNKNOWN,0.24,0,55.264
5518,124.9929,207,4.9562,1.0,wave,UNKNOWN,UNKNOWN,0.2267,0,56.281
5518,124.9929,223,4.9562,1.0,sit_stand,UNKNOWN,UNKNOWN,0.2233,1,56.281
5519,125.045,207,4.9536,1.0,wave,UNKNOWN,UNKNOWN,0.2267,0,52.566
5519,125.045,223,4.9536,1.0,sit_stand,UNKNOWN,UNKNOWN,0.2233,0,52.566
5520,125.0606,207,4.9692,1.0,wave,UNKNOWN,UNKNOWN,0.2267,0,54.087
5520,125.0606,223,4.9692,1.0,sit_stand,UNKNOWN,UNKNOWN,0.2233,0,54.087
5521,125.0752,207,4.9837,1.0,wave,UNKNOWN,UNKNOWN,0.2267,0,54.744
5521,125.0752,223,4.9837,1.0,sit_stand,UNKNOWN,UNKNOWN,0.2233,0,54.744
5522,125.0918,207,4.9847,1.0,wave,UNKNOWN,UNKNOWN,0.2267,0,55.18
5522,125.0918,223,4.9847,1.0,sit_stand,UNKNOWN,UNKNOWN,0.2233,0,55.18
5523,125.1086,207,4.9872,1.0,wave,UNKNOWN,UNKNOWN,0.2267,0,55.927
5523,125.1086,223,4.9872,1.0,sit_stand,UNKNOWN,UNKNOWN,0.2233,0,55.927
5524,125.1246,207,4.9882,1.0,wave,UNKNOWN,UNKNOWN,0.2267,0,57.752
5524,125.1246,223,4.9882,1.0,sit_stand,UNKNOWN,UNKNOWN,0.2233,0,57.752
5525,125.1383,207,4.9881,1.0,wave,UNKNOWN,UNKNOWN,0.2367,1,57.302
5525,125.1383,223,4.9881,1.0,sit_stand,UNKNOWN,UNKNOWN,0.2233,0,57.302
5526,125.1949,207,4.9986,1.0,wave,UNKNOWN,UNKNOWN,0.2367,0,53.386
5526,125.1949,223,4.9986,1.0,sit_stand,UNKNOWN,UNKNOWN,0.2233,0,53.386
5527,125.2123,207,4.9836,1.0,wave,UNKNOWN,UNKNOWN,0.2367,0,54.73
5527,125.2123,223,4.9836,1.0,sit_stand,UNKNOWN,UNKNOWN,0.2233,0,54.73
5528,125.2269,207,4.9981,1.0,wave,UNKNOWN,UNKNOWN,0.2367,0,56.222
5528,125.2269,223,4.9981,1.0,sit_stand,UNKNOWN,UNKNOWN,0.2233,0,56.222
5529,125.2414,207,4.9979,1.0,wave,UNKNOWN,UNKNOWN,0.2367,0,55.64
5529,125.2414,223,4.9979,1.0,sit_stand,UNKNOWN,UNKNOWN,0.2233,0,55.64
5530,125.2616,207,4.9657,1.0,wave,UNKNOWN,UNKNOWN,0.2367,0,56.724
5530,125.2616,223,4.9657,1.0,sit_stand,UNKNOWN,UNKNOWN,0.2233,1,56.724
5531,125.3157,207,4.968,1.0,wave,UNKNOWN,UNKNOWN,0.2367,0,52.845
5531,125.3157,223,4.968,1.0,sit_stand,UNKNOWN,UNKNOWN,0.2233,0,52.845
5532,125.3324,207,4.9847,1.0,wave,UNKNOWN,UNKNOWN,0.2367,0,53.675
5532,125.3324,223,4.9847,1.0,sit_stand,UNKNOWN,UNKNOWN,0.2233,0,53.675
5533,125.3487,207,4.9858,1.0,wave,UNKNOWN,UNKNOWN,0.2367,0,54.752
5533,125.3487,223,4.9858,1.0,sit_stand,UNKNOWN,UNKNOWN,0.2233,0,54.752
5534,125.3642,207,4.9865,1.0,wave,UNKNOWN,UNKNOWN,0.2367,0,55.814
5534,125.3642,223,4.9865,1.0,sit_stand,UNKNOWN,UNKNOWN,0.2233,0,55.814
5535,125.3793,207,4.9836,1.0,wave,UNKNOWN,UNKNOWN,0.2367,0,57.243
5535,125.3793,223,4.9836,1.0,sit_stand,UNKNOWN,UNKNOWN,0.2233,0,57.243
5536,125.3937,207,4.998,1.0,sit_stand,UNKNOWN,UNKNOWN,0.22,1,58.723
5536,125.3937,223,4.998,1.0,sit_stand,UNKNOWN,UNKNOWN,0.2233,0,58.723
5537,125.4463,207,4.9899,1.0,sit_stand,UNKNOWN,UNKNOWN,0.22,0,54.694
5537,125.4463,223,4.9899,1.0,sit_stand,UNKNOWN,UNKNOWN,0.2233,0,54.694
5538,125.465,207,4.9946,1.0,sit_stand,UNKNOWN,UNKNOWN,0.22,0,54.754
5538,125.465,223,4.9946,1.0,sit_stand,UNKNOWN,UNKNOWN,0.2233,0,54.754
5539,125.4801,207,4.9948,1.0,sit_stand,UNKNOWN,UNKNOWN,0.22,0,55.886
5539,125.4801,223,4.9948,1.0,sit_stand,UNKNOWN,UNKNOWN,0.2233,0,55.886
5540,125.4948,207,4.9961,1.0,sit_stand,UNKNOWN,UNKNOWN,0.22,0,56.546
5540,125.4948,223,4.9961,1.0,sit_stand,UNKNOWN,UNKNOWN,0.2233,0,56.546
5541,125.511,207,4.9571,1.0,sit_stand,UNKNOWN,UNKNOWN,0.22,0,57.658
5541,125.511,223,4.9571,1.0,sit_stand,UNKNOWN,UNKNOWN,0.2233,0,57.658
5542,125.5258,207,4.9719,1.0,sit_stand,UNKNOWN,UNKNOWN,0.22,0,59.251
5543,125.539,207,4.9851,1.0,sit_stand,UNKNOWN,UNKNOWN,0.22,0,59.538
5543,125.539,225,0.0,1.0,WARMING_UP,WARMING_UP,WARMING_UP,0.0,0,59.538
5544,125.5553,207,4.9479,1.0,sit_stand,UNKNOWN,UNKNOWN,0.22,0,60.499
5544,125.5553,225,0.0162,1.0,WARMING_UP,WARMING_UP,WARMING_UP,0.0,0,60.499
5545,125.5698,207,4.9624,1.0,sit_stand,UNKNOWN,UNKNOWN,0.22,0,61.656
5545,125.5698,225,0.0308,1.0,WARMING_UP,WARMING_UP,WARMING_UP,0.0,0,61.656
5546,125.5834,207,4.976,1.0,sit_stand,UNKNOWN,UNKNOWN,0.22,0,61.896
5546,125.5834,225,0.0443,1.0,WARMING_UP,WARMING_UP,WARMING_UP,0.0,0,61.896
5547,125.5992,207,4.9918,1.0,sit_stand,UNKNOWN,UNKNOWN,0.22,0,61.261
5547,125.5992,225,0.0602,1.0,WARMING_UP,WARMING_UP,WARMING_UP,0.0,0,61.261
5548,125.6173,207,4.9955,1.0,sit_stand,UNKNOWN,UNKNOWN,0.22,0,60.963
5548,125.6173,225,0.0782,1.0,WARMING_UP,WARMING_UP,WARMING_UP,0.0,0,60.963
5549,125.6346,207,4.9971,1.0,sit_stand,UNKNOWN,UNKNOWN,0.22,0,61.512
5549,125.6346,225,0.0956,1.0,WARMING_UP,WARMING_UP,WARMING_UP,0.0,0,61.512
5550,125.6493,207,4.998,1.0,wave,UNKNOWN,UNKNOWN,0.2333,1,62.133
5550,125.6493,225,0.1103,1.0,WARMING_UP,WARMING_UP,WARMING_UP,0.0,0,62.133
5551,125.7007,207,4.9865,1.0,wave,UNKNOWN,UNKNOWN,0.2333,0,57.866
5551,125.7007,225,0.1616,1.0,WARMING_UP,WARMING_UP,WARMING_UP,0.0,0,57.866
5552,125.7156,207,4.9879,1.0,wave,UNKNOWN,UNKNOWN,0.2333,0,56.628
5552,125.7156,225,0.1765,1.0,WARMING_UP,WARMING_UP,WARMING_UP,0.0,0,56.628
5553,125.7375,207,4.9962,1.0,wave,UNKNOWN,UNKNOWN,0.2333,0,57.952
5553,125.7375,225,0.1984,1.0,WARMING_UP,WARMING_UP,WARMING_UP,0.0,0,57.952
5554,125.7518,207,4.9957,1.0,wave,UNKNOWN,UNKNOWN,0.2333,0,58.866
5554,125.7518,225,0.2128,1.0,WARMING_UP,WARMING_UP,WARMING_UP,0.0,0,58.866
5555,125.7665,207,4.9543,1.0,wave,UNKNOWN,UNKNOWN,0.2333,0,59.799
5555,125.7665,225,0.2274,1.0,WARMING_UP,WARMING_UP,WARMING_UP,0.0,0,59.799
5556,125.7817,207,4.9696,1.0,wave,UNKNOWN,UNKNOWN,0.2333,0,59.504
5556,125.7817,225,0.2427,1.0,WARMING_UP,WARMING_UP,WARMING_UP,0.0,0,59.504
5557,125.7992,207,4.987,1.0,wave,UNKNOWN,UNKNOWN,0.2333,0,60.298
5557,125.7992,225,0.2602,1.0,WARMING_UP,WARMING_UP,WARMING_UP,0.0,0,60.298
5558,125.8138,207,4.9506,1.0,wave,UNKNOWN,UNKNOWN,0.2333,0,60.378
5558,125.8138,225,0.2747,1.0,WARMING_UP,WARMING_UP,WARMING_UP,0.0,0,60.378
5559,125.8303,207,4.9671,1.0,wave,UNKNOWN,UNKNOWN,0.2333,0,60.999
5559,125.8303,225,0.2912,1.0,WARMING_UP,WARMING_UP,WARMING_UP,0.0,0,60.999
5560,125.845,207,4.9818,1.0,wave,UNKNOWN,UNKNOWN,0.2333,0,60.815
5560,125.845,225,0.3059,1.0,WARMING_UP,WARMING_UP,WARMING_UP,0.0,0,60.815
5561,125.8621,207,4.999,1.0,wave,UNKNOWN,UNKNOWN,0.2333,0,62.051
5561,125.8621,225,0.3231,1.0,WARMING_UP,WARMING_UP,WARMING_UP,0.0,0,62.051
5562,125.8767,207,4.9973,1.0,wave,UNKNOWN,UNKNOWN,0.2333,0,62.701
5562,125.8767,225,0.3376,1.0,WARMING_UP,WARMING_UP,WARMING_UP,0.0,0,62.701
5563,125.8904,207,4.9952,1.0,wave,UNKNOWN,UNKNOWN,0.2333,0,63.826
5563,125.8904,225,0.3513,1.0,WARMING_UP,WARMING_UP,WARMING_UP,0.0,0,63.826
5564,125.9039,207,4.9906,1.0,wave,UNKNOWN,UNKNOWN,0.2433,1,64.368
5564,125.9039,225,0.3649,1.0,WARMING_UP,WARMING_UP,WARMING_UP,0.0,0,64.368
5565,125.9555,207,4.9988,1.0,wave,UNKNOWN,UNKNOWN,0.2433,0,59.863
5565,125.9555,225,0.4164,1.0,WARMING_UP,WARMING_UP,WARMING_UP,0.0,0,59.863
5566,125.9696,207,4.997,1.0,wave,UNKNOWN,UNKNOWN,0.2433,0,58.652
5566,125.9696,225,0.4306,1.0,WARMING_UP,WARMING_UP,WARMING_UP,0.0,0,58.652
5567,125.9909,207,4.996,1.0,wave,UNKNOWN,UNKNOWN,0.2433,0,59.762
5567,125.9909,225,0.4518,1.0,WARMING_UP,WARMING_UP,WARMING_UP,0.0,0,59.762
5568,126.0053,207,4.9933,1.0,wave,UNKNOWN,UNKNOWN,0.2433,0,59.455
5568,126.0053,225,0.4663,1.0,WARMING_UP,WARMING_UP,WARMING_UP,0.0,0,59.455
5569,126.0228,207,4.9584,1.0,wave,UNKNOWN,UNKNOWN,0.2433,0,60.454
5569,126.0228,225,0.4837,1.0,WARMING_UP,WARMING_UP,WARMING_UP,0.0,0,60.454
5570,126.0373,207,4.9729,1.0,wave,UNKNOWN,UNKNOWN,0.2433,0,61.706
5570,126.0373,225,0.4983,1.0,WARMING_UP,WARMING_UP,WARMING_UP,0.0,0,61.706
5571,126.0514,207,4.987,1.0,wave,UNKNOWN,UNKNOWN,0.2433,0,62.564
5571,126.0514,225,0.5123,1.0,WARMING_UP,WARMING_UP,WARMING_UP,0.0,0,62.564
5572,126.0653,207,4.9457,1.0,wave,UNKNOWN,UNKNOWN,0.2433,0,63.687
5572,126.0653,225,0.5262,1.0,WARMING_UP,WARMING_UP,WARMING_UP,0.0,0,63.687
5573,126.0789,207,4.9592,1.0,wave,UNKNOWN,UNKNOWN,0.2433,0,64.815
5573,126.0789,225,0.5398,1.0,WARMING_UP,WARMING_UP,WARMING_UP,0.0,0,64.815
5574,126.0922,207,4.9726,1.0,wave,UNKNOWN,UNKNOWN,0.2433,0,65.481
5574,126.0922,225,0.5532,1.0,WARMING_UP,WARMING_UP,WARMING_UP,0.0,0,65.481
5575,126.1061,207,4.9865,1.0,wave,UNKNOWN,UNKNOWN,0.2433,0,65.457
5575,126.1061,225,0.5671,1.0,WARMING_UP,WARMING_UP,WARMING_UP,0.0,0,65.457
5576,126.1215,207,4.9869,1.0,wave,UNKNOWN,UNKNOWN,0.2433,0,65.837
5576,126.1215,225,0.5824,1.0,WARMING_UP,WARMING_UP,WARMING_UP,0.0,0,65.837
5577,126.1357,207,4.984,1.0,wave,UNKNOWN,UNKNOWN,0.2433,0,66.837
5577,126.1357,225,0.5967,1.0,WARMING_UP,WARMING_UP,WARMING_UP,0.0,0,66.837
5578,126.149,207,4.9972,1.0,wave,UNKNOWN,UNKNOWN,0.2433,0,66.817
5578,126.149,225,0.6099,1.0,WARMING_UP,WARMING_UP,WARMING_UP,0.0,0,66.817
5579,126.1642,207,4.9962,1.0,wave,UNKNOWN,UNKNOWN,0.2233,1,67.518
5579,126.1642,225,0.6252,1.0,WARMING_UP,WARMING_UP,WARMING_UP,0.0,0,67.518
5580,126.2166,207,4.984,1.0,wave,UNKNOWN,UNKNOWN,0.2233,0,62.553
5580,126.2166,225,0.6776,1.0,WARMING_UP,WARMING_UP,WARMING_UP,0.0,0,62.553
5581,126.2338,207,4.9868,1.0,wave,UNKNOWN,UNKNOWN,0.2233,0,62.821
5581,126.2338,225,0.6948,1.0,WARMING_UP,WARMING_UP,WARMING_UP,0.0,0,62.821
5582,126.249,207,4.9882,1.0,wave,UNKNOWN,UNKNOWN,0.2233,0,62.144
5582,126.249,225,0.71,1.0,WARMING_UP,WARMING_UP,WARMING_UP,0.0,0,62.144
5583,126.2668,207,4.9914,1.0,wave,UNKNOWN,UNKNOWN,0.2233,0,63.086
5583,126.2668,225,0.7277,1.0,WARMING_UP,WARMING_UP,WARMING_UP,0.0,0,63.086
5584,126.2816,207,4.955,1.0,wave,UNKNOWN,UNKNOWN,0.2233,0,63.543
5584,126.2816,225,0.7425,1.0,WARMING_UP,WARMING_UP,WARMING_UP,0.0,0,63.543
5585,126.2961,207,4.9695,1.0,wave,UNKNOWN,UNKNOWN,0.2233,0,63.729
5585,126.2961,225,0.757,1.0,WARMING_UP,WARMING_UP,WARMING_UP,0.0,0,63.729
5586,126.3114,207,4.9847,1.0,wave,UNKNOWN,UNKNOWN,0.2233,0,64.322
5586,126.3114,225,0.7723,1.0,WARMING_UP,WARMING_UP,WARMING_UP,0.0,0,64.322
5587,126.3256,207,4.9989,1.0,wave,UNKNOWN,UNKNOWN,0.2233,0,64.51
5587,126.3256,225,0.7865,1.0,WARMING_UP,WARMING_UP,WARMING_UP,0.0,0,64.51
5588,126.3405,207,4.9546,1.0,wave,UNKNOWN,UNKNOWN,0.2233,0,65.158
5588,126.3405,225,0.8014,1.0,WARMING_UP,WARMING_UP,WARMING_UP,0.0,0,65.158
5589,126.3547,207,4.9688,1.0,wave,UNKNOWN,UNKNOWN,0.2233,0,64.039
5589,126.3547,225,0.8156,1.0,WARMING_UP,WARMING_UP,WARMING_UP,0.0,0,64.039
5590,126.3732,207,4.9874,1.0,wave,UNKNOWN,UNKNOWN,0.2233,0,63.891
5590,126.3732,225,0.8342,1.0,WARMING_UP,WARMING_UP,WARMING_UP,0.0,0,63.891
5591,126.3886,207,4.9861,1.0,wave,UNKNOWN,UNKNOWN,0.2233,0,64.387
5591,126.3886,225,0.8496,1.0,WARMING_UP,WARMING_UP,WARMING_UP,0.0,0,64.387
5592,126.4032,207,4.9847,1.0,wave,UNKNOWN,UNKNOWN,0.2233,0,64.944
5592,126.4032,225,0.8641,1.0,WARMING_UP,WARMING_UP,WARMING_UP,0.0,0,64.944
5593,126.4175,207,4.999,1.0,wave,UNKNOWN,UNKNOWN,0.2333,1,66.198
5593,126.4175,225,0.8784,1.0,WARMING_UP,WARMING_UP,WARMING_UP,0.0,0,66.198
5594,126.4682,207,4.9888,1.0,wave,UNKNOWN,UNKNOWN,0.2333,0,61.491
5594,126.4682,225,0.9291,1.0,WARMING_UP,WARMING_UP,WARMING_UP,0.0,0,61.491
5595,126.4827,207,4.9899,1.0,wave,UNKNOWN,UNKNOWN,0.2333,0,60.03
5595,126.4827,225,0.9437,1.0,WARMING_UP,WARMING_UP,WARMING_UP,0.0,0,60.03
5596,126.5042,207,4.9953,1.0,wave,UNKNOWN,UNKNOWN,0.2333,0,60.343
5596,126.5042,225,0.9652,1.0,WARMING_UP,WARMING_UP,WARMING_UP,0.0,0,60.343
5597,126.5201,207,4.9965,1.0,wave,UNKNOWN,UNKNOWN,0.2333,0,60.701
5597,126.5201,225,0.9811,1.0,WARMING_UP,WARMING_UP,WARMING_UP,0.0,0,60.701
5598,126.5356,207,4.9981,1.0,wave,UNKNOWN,UNKNOWN,0.2333,0,60.951
5598,126.5356,225,0.9966,1.0,WARMING_UP,WARMING_UP,WARMING_UP,0.0,0,60.951
5599,126.5515,207,4.9454,1.0,wave,UNKNOWN,UNKNOWN,0.2333,0,61.506
5599,126.5515,225,1.0124,1.0,WARMING_UP,WARMING_UP,WARMING_UP,0.0,0,61.506
5600,126.5667,207,4.9606,1.0,wave,UNKNOWN,UNKNOWN,0.2333,0,61.97
5600,126.5667,225,1.0276,1.0,WARMING_UP,WARMING_UP,WARMING_UP,0.0,0,61.97
5601,126.5821,207,4.976,1.0,wave,UNKNOWN,UNKNOWN,0.2333,0,62.176
5601,126.5821,225,1.0431,1.0,WARMING_UP,WARMING_UP,WARMING_UP,0.0,0,62.176
5602,126.5978,225,1.0587,1.0,WARMING_UP,WARMING_UP,WARMING_UP,0.0,0,62.746
5603,126.6121,225,1.0731,1.0,WARMING_UP,WARMING_UP,WARMING_UP,0.0,0,63.935
5604,126.6248,225,1.0858,1.0,WARMING_UP,WARMING_UP,WARMING_UP,0.0,0,65.686
5605,126.6371,225,1.098,1.0,WARMING_UP,WARMING_UP,WARMING_UP,0.0,0,66.163
5606,126.6516,225,1.1125,1.0,WARMING_UP,WARMING_UP,WARMING_UP,0.0,0,66.832
5607,126.6657,225,1.1266,1.0,WARMING_UP,WARMING_UP,WARMING_UP,0.0,0,64.66
5608,126.6876,225,1.1486,1.0,WARMING_UP,WARMING_UP,WARMING_UP,0.0,0,64.845
5609,126.7024,225,1.1633,1.0,WARMING_UP,WARMING_UP,WARMING_UP,0.0,0,65.721
5610,126.7161,225,1.177,1.0,WARMING_UP,WARMING_UP,WARMING_UP,0.0,0,65.756
5611,126.7314,225,1.1924,1.0,WARMING_UP,WARMING_UP,WARMING_UP,0.0,0,65.956
5612,126.7458,225,1.2068,1.0,WARMING_UP,WARMING_UP,WARMING_UP,0.0,0,67.058
5613,126.7587,225,1.2197,1.0,WARMING_UP,WARMING_UP,WARMING_UP,0.0,0,67.106
5614,126.774,225,1.2349,1.0,WARMING_UP,WARMING_UP,WARMING_UP,0.0,0,68.097
5615,126.787,225,1.248,1.0,WARMING_UP,WARMING_UP,WARMING_UP,0.0,0,68.902
5616,126.8001,225,1.261,1.0,WARMING_UP,WARMING_UP,WARMING_UP,0.0,0,68.887
5617,126.8144,225,1.2754,1.0,WARMING_UP,WARMING_UP,WARMING_UP,0.0,0,69.503
5618,126.8275,225,1.2884,1.0,WARMING_UP,WARMING_UP,WARMING_UP,0.0,0,67.367
5619,126.8485,225,1.3094,1.0,WARMING_UP,WARMING_UP,WARMING_UP,0.0,0,68.145
5620,126.8617,225,1.3226,1.0,WARMING_UP,WARMING_UP,WARMING_UP,0.0,0,68.076
5621,126.8765,225,1.3375,1.0,WARMING_UP,WARMING_UP,WARMING_UP,0.0,0,67.044
5622,126.8938,225,1.3547,1.0,WARMING_UP,WARMING_UP,WARMING_UP,0.0,0,68.138
5623,126.9068,225,1.3678,1.0,WARMING_UP,WARMING_UP,WARMING_UP,0.0,0,69.253
5624,126.9192,225,1.3802,1.0,WARMING_UP,WARMING_UP,WARMING_UP,0.0,0,70.445
5625,126.9315,225,1.3924,1.0,WARMING_UP,WARMING_UP,WARMING_UP,0.0,0,70.44
5626,126.9459,225,1.4069,1.0,WARMING_UP,WARMING_UP,WARMING_UP,0.0,0,68.881
5627,126.9636,225,1.4246,1.0,WARMING_UP,WARMING_UP,WARMING_UP,0.0,0,69.582
5628,126.9771,225,1.438,1.0,WARMING_UP,WARMING_UP,WARMING_UP,0.0,0,70.809
5629,126.9895,225,1.4505,1.0,WARMING_UP,WARMING_UP,WARMING_UP,0.0,0,71.77
5630,127.0015,225,1.4624,1.0,WARMING_UP,WARMING_UP,WARMING_UP,0.0,0,71.419
5631,127.0166,225,1.4775,1.0,WARMING_UP,WARMING_UP,WARMING_UP,0.0,0,71.627
5632,127.03,225,1.4909,1.0,WARMING_UP,WARMING_UP,WARMING_UP,0.0,0,71.823
5633,127.0438,225,1.5048,1.0,WARMING_UP,WARMING_UP,WARMING_UP,0.0,0,72.644
5634,127.0562,225,1.5171,1.0,WARMING_UP,WARMING_UP,WARMING_UP,0.0,0,72.298
5635,127.0706,225,1.5316,1.0,WARMING_UP,WARMING_UP,WARMING_UP,0.0,0,72.176
5636,127.0848,225,1.5457,1.0,WARMING_UP,WARMING_UP,WARMING_UP,0.0,0,72.622
5637,127.0978,225,1.5588,1.0,WARMING_UP,WARMING_UP,WARMING_UP,0.0,0,72.098
5638,127.1126,225,1.5735,1.0,WARMING_UP,WARMING_UP,WARMING_UP,0.0,0,73.227
5639,127.125,225,1.5859,1.0,WARMING_UP,WARMING_UP,WARMING_UP,0.0,0,73.641
5640,127.1376,225,1.5985,1.0,WARMING_UP,WARMING_UP,WARMING_UP,0.0,0,73.77
5641,127.1511,225,1.612,1.0,WARMING_UP,WARMING_UP,WARMING_UP,0.0,0,73.913
5642,127.1643,225,1.6252,1.0,WARMING_UP,WARMING_UP,WARMING_UP,0.0,0,73.564
5643,127.1787,225,1.6397,1.0,WARMING_UP,WARMING_UP,WARMING_UP,0.0,0,72.077
5644,127.1954,225,1.6564,1.0,WARMING_UP,WARMING_UP,WARMING_UP,0.0,0,72.792
5645,127.208,225,1.669,1.0,WARMING_UP,WARMING_UP,WARMING_UP,0.0,0,73.398
5646,127.2206,225,1.6815,1.0,WARMING_UP,WARMING_UP,WARMING_UP,0.0,0,73.418
5647,127.2343,225,1.6952,1.0,WARMING_UP,WARMING_UP,WARMING_UP,0.0,0,73.014
5648,127.2487,225,1.7096,1.0,WARMING_UP,WARMING_UP,WARMING_UP,0.0,0,73.461
5648,127.2487,226,0.0,1.0,WARMING_UP,WARMING_UP,WARMING_UP,0.0,0,73.461
5649,127.2627,225,1.7236,1.0,WARMING_UP,WARMING_UP,WARMING_UP,0.0,0,73.34
5650,127.2757,225,1.7366,1.0,WARMING_UP,WARMING_UP,WARMING_UP,0.0,0,73.673
5650,127.2757,226,0.027,0.6667,WARMING_UP,WARMING_UP,WARMING_UP,0.0,0,73.673
5651,127.2885,225,1.7495,1.0,WARMING_UP,WARMING_UP,WARMING_UP,0.0,0,74.119
5651,127.2885,226,0.0399,0.75,WARMING_UP,WARMING_UP,WARMING_UP,0.0,0,74.119
5652,127.3015,225,1.7624,1.0,WARMING_UP,WARMING_UP,WARMING_UP,0.0,0,73.777
5652,127.3015,226,0.0528,0.8,WARMING_UP,WARMING_UP,WARMING_UP,0.0,0,73.777
5653,127.3157,225,1.7766,1.0,WARMING_UP,WARMING_UP,WARMING_UP,0.0,0,74.248
5654,127.3285,225,1.7895,1.0,WARMING_UP,WARMING_UP,WARMING_UP,0.0,0,74.192
5654,127.3285,226,0.0798,0.7143,WARMING_UP,WARMING_UP,WARMING_UP,0.0,0,74.192
5655,127.3421,225,1.803,1.0,WARMING_UP,WARMING_UP,WARMING_UP,0.0,0,73.862
5655,127.3421,226,0.0934,0.75,WARMING_UP,WARMING_UP,WARMING_UP,0.0,0,73.862
5656,127.3561,225,1.8171,1.0,WARMING_UP,WARMING_UP,WARMING_UP,0.0,0,73.818
5656,127.3561,226,0.1075,0.7778,WARMING_UP,WARMING_UP,WARMING_UP,0.0,0,73.818
5657,127.3697,225,1.8306,1.0,WARMING_UP,WARMING_UP,WARMING_UP,0.0,0,73.659
5658,127.3832,225,1.8441,1.0,WARMING_UP,WARMING_UP,WARMING_UP,0.0,0,74.119
5658,127.3832,226,0.1345,0.7273,WARMING_UP,WARMING_UP,WARMING_UP,0.0,0,74.119
5659,127.3976,225,1.8586,1.0,WARMING_UP,WARMING_UP,WARMING_UP,0.0,0,73.806
5659,127.3976,226,0.149,0.75,WARMING_UP,WARMING_UP,WARMING_UP,0.0,0,73.806
5660,127.4103,225,1.8712,1.0,WARMING_UP,WARMING_UP,WARMING_UP,0.0,0,73.754
5661,127.424,225,1.8849,1.0,WARMING_UP,WARMING_UP,WARMING_UP,0.0,0,73.862
5662,127.4371,225,1.898,1.0,WARMING_UP,WARMING_UP,WARMING_UP,0.0,0,74.051
5663,127.4502,225,1.9112,1.0,WARMING_UP,WARMING_UP,WARMING_UP,0.0,0,74.926
5664,127.4628,225,1.9237,1.0,WARMING_UP,WARMING_UP,WARMING_UP,0.0,0,75.048
5665,127.4757,225,1.9367,1.0,WARMING_UP,WARMING_UP,WARMING_UP,0.0,0,74.733
5666,127.4898,225,1.9508,1.0,WARMING_UP,WARMING_UP,WARMING_UP,0.0,0,74.516
5667,127.5033,225,1.9643,1.0,WARMING_UP,WARMING_UP,WARMING_UP,0.0,0,74.495
5668,127.517,225,1.9779,1.0,WARMING_UP,WARMING_UP,WARMING_UP,0.0,0,74.881
5669,127.5297,225,1.9906,1.0,WARMING_UP,WARMING_UP,WARMING_UP,0.0,0,75.287
5670,127.5425,225,2.0034,1.0,WARMING_UP,WARMING_UP,WARMING_UP,0.0,0,73.043
5671,127.5616,225,2.0226,1.0,WARMING_UP,WARMING_UP,WARMING_UP,0.0,0,73.269
5672,127.5742,225,2.0352,1.0,WARMING_UP,WARMING_UP,WARMING_UP,0.0,0,73.558
5673,127.5876,225,2.0486,1.0,WARMING_UP,WARMING_UP,WARMING_UP,0.0,0,72.189
5674,127.6044,225,2.0653,1.0,WARMING_UP,WARMING_UP,WARMING_UP,0.0,0,72.395
5675,127.6176,225,2.0786,1.0,WARMING_UP,WARMING_UP,WARMING_UP,0.0,0,73.126
5676,127.6302,225,2.0911,1.0,WARMING_UP,WARMING_UP,WARMING_UP,0.0,0,73.88
5677,127.6424,225,2.1034,1.0,WARMING_UP,WARMING_UP,WARMING_UP,0.0,0,74.316
5678,127.6553,225,2.1162,1.0,WARMING_UP,WARMING_UP,WARMING_UP,0.0,0,72.817
5679,127.6727,225,2.1336,1.0,WARMING_UP,WARMING_UP,WARMING_UP,0.0,0,72.307
5680,127.687,225,2.1479,1.0,WARMING_UP,WARMING_UP,WARMING_UP,0.0,0,71.806
5681,127.7019,225,2.1629,1.0,WARMING_UP,WARMING_UP,WARMING_UP,0.0,0,72.606
5682,127.7141,225,2.175,1.0,WARMING_UP,WARMING_UP,WARMING_UP,0.0,0,73.686
5683,127.7262,225,2.1872,1.0,WARMING_UP,WARMING_UP,WARMING_UP,0.0,0,73.768
5684,127.7401,225,2.201,1.0,WARMING_UP,WARMING_UP,WARMING_UP,0.0,0,73.607
5685,127.7533,225,2.2143,1.0,WARMING_UP,WARMING_UP,WARMING_UP,0.0,0,74.008
5686,127.7667,225,2.2276,1.0,WARMING_UP,WARMING_UP,WARMING_UP,0.0,0,74.436
5687,127.7796,225,2.2406,1.0,WARMING_UP,WARMING_UP,WARMING_UP,0.0,0,74.315
5688,127.7932,225,2.2541,1.0,WARMING_UP,WARMING_UP,WARMING_UP,0.0,0,74.118
5689,127.8068,225,2.2678,1.0,WARMING_UP,WARMING_UP,WARMING_UP,0.0,0,74.153
5690,127.8206,225,2.2816,1.0,WARMING_UP,WARMING_UP,WARMING_UP,0.0,0,74.081
5691,127.8342,225,2.2952,1.0,WARMING_UP,WARMING_UP,WARMING_UP,0.0,0,74.39
5692,127.8467,225,2.3076,1.0,WARMING_UP,WARMING_UP,WARMING_UP,0.0,0,74.948
5693,127.8595,225,2.3204,1.0,WARMING_UP,WARMING_UP,WARMING_UP,0.0,0,74.233
5694,127.8743,225,2.3352,1.0,WARMING_UP,WARMING_UP,WARMING_UP,0.0,0,73.724
5695,127.8885,225,2.3495,1.0,WARMING_UP,WARMING_UP,WARMING_UP,0.0,0,74.199
5696,127.9013,225,2.3623,1.0,WARMING_UP,WARMING_UP,WARMING_UP,0.0,0,74.61
5697,127.9141,225,2.3751,1.0,WARMING_UP,WARMING_UP,WARMING_UP,0.0,0,75.03
5698,127.9269,225,2.3879,1.0,WARMING_UP,WARMING_UP,WARMING_UP,0.0,0,74.573
5699,127.9411,225,2.402,1.0,WARMING_UP,WARMING_UP,WARMING_UP,0.0,0,74.877
5700,127.9542,225,2.4151,1.0,WARMING_UP,WARMING_UP,WARMING_UP,0.0,0,74.842
5701,127.9675,225,2.4285,1.0,WARMING_UP,WARMING_UP,WARMING_UP,0.0,0,74.77
5702,127.9808,225,2.4417,1.0,WARMING_UP,WARMING_UP,WARMING_UP,0.0,0,74.912
5703,127.9937,225,2.4546,1.0,WARMING_UP,WARMING_UP,WARMING_UP,0.0,0,73.983
5704,128.0091,225,2.4701,1.0,WARMING_UP,WARMING_UP,WARMING_UP,0.0,0,73.346
5705,128.0239,225,2.4848,1.0,WARMING_UP,WARMING_UP,WARMING_UP,0.0,0,73.932
5706,128.0366,225,2.4976,1.0,WARMING_UP,WARMING_UP,WARMING_UP,0.0,0,74.534
5707,128.0488,225,2.5097,1.0,WARMING_UP,WARMING_UP,WARMING_UP,0.0,0,74.6
5708,128.0624,225,2.5233,1.0,WARMING_UP,WARMING_UP,WARMING_UP,0.0,0,74.701
5709,128.0757,225,2.5366,1.0,WARMING_UP,WARMING_UP,WARMING_UP,0.0,0,74.778
5710,128.0898,225,2.5508,1.0,WARMING_UP,WARMING_UP,WARMING_UP,0.0,0,74.49
5711,128.1026,225,2.5636,1.0,WARMING_UP,WARMING_UP,WARMING_UP,0.0,0,75.081
5712,128.115,225,2.576,1.0,WARMING_UP,WARMING_UP,WARMING_UP,0.0,0,74.786
5713,128.1289,225,2.5898,1.0,WARMING_UP,WARMING_UP,WARMING_UP,0.0,0,74.237
5714,128.1436,225,2.6045,1.0,WARMING_UP,WARMING_UP,WARMING_UP,0.0,0,74.819
5715,128.1563,225,2.6173,1.0,WARMING_UP,WARMING_UP,WARMING_UP,0.0,0,75.227
5716,128.1686,225,2.6296,1.0,WARMING_UP,WARMING_UP,WARMING_UP,0.0,0,75.774
5717,128.181,225,2.642,1.0,WARMING_UP,WARMING_UP,WARMING_UP,0.0,0,75.695
5718,128.1946,225,2.6555,1.0,WARMING_UP,WARMING_UP,WARMING_UP,0.0,0,73.935
5719,128.2117,225,2.6726,1.0,WARMING_UP,WARMING_UP,WARMING_UP,0.0,0,72.921
5720,128.2272,225,2.6882,1.0,WARMING_UP,WARMING_UP,WARMING_UP,0.0,0,73.097
5721,128.2408,225,2.7017,1.0,WARMING_UP,WARMING_UP,WARMING_UP,0.0,0,73.724
5722,128.2533,225,2.7143,1.0,WARMING_UP,WARMING_UP,WARMING_UP,0.0,0,74.397
5723,128.2656,225,2.7266,1.0,WARMING_UP,WARMING_UP,WARMING_UP,0.0,0,74.307
5724,128.2826,225,2.7436,1.0,WARMING_UP,WARMING_UP,WARMING_UP,0.0,0,72.612
5725,128.2969,225,2.7579,1.0,WARMING_UP,WARMING_UP,WARMING_UP,0.0,0,71.583
5726,128.3128,225,2.7738,1.0,WARMING_UP,WARMING_UP,WARMING_UP,0.0,0,71.135
5727,128.328,225,2.7889,1.0,WARMING_UP,WARMING_UP,WARMING_UP,0.0,0,69.344
5728,128.3468,225,2.8077,1.0,WARMING_UP,WARMING_UP,WARMING_UP,0.0,0,68.676
5729,128.3625,225,2.8235,1.0,WARMING_UP,WARMING_UP,WARMING_UP,0.0,0,69.532
5730,128.3755,225,2.8365,1.0,WARMING_UP,WARMING_UP,WARMING_UP,0.0,0,68.953
5731,128.3912,225,2.8522,1.0,WARMING_UP,WARMING_UP,WARMING_UP,0.0,0,69.949
5732,128.4035,225,2.8644,1.0,WARMING_UP,WARMING_UP,WARMING_UP,0.0,0,70.692
5733,128.4165,225,2.8775,1.0,WARMING_UP,WARMING_UP,WARMING_UP,0.0,0,68.065
5734,128.4392,225,2.9001,1.0,WARMING_UP,WARMING_UP,WARMING_UP,0.0,0,68.171
5735,128.4536,225,2.9145,1.0,WARMING_UP,WARMING_UP,WARMING_UP,0.0,0,66.134
5736,128.4749,225,2.9358,1.0,WARMING_UP,WARMING_UP,WARMING_UP,0.0,0,67.055
5737,128.4878,225,2.9487,1.0,WARMING_UP,WARMING_UP,WARMING_UP,0.0,0,67.86
5738,128.5011,225,2.962,1.0,WARMING_UP,WARMING_UP,WARMING_UP,0.0,0,68.578
5739,128.5145,225,2.9755,1.0,WARMING_UP,WARMING_UP,WARMING_UP,0.0,0,68.98
5740,128.5283,225,2.9893,1.0,WARMING_UP,WARMING_UP,WARMING_UP,0.0,0,69.99
5741,128.5407,225,3.0017,1.0,WARMING_UP,WARMING_UP,WARMING_UP,0.0,0,69.93
5742,128.5555,225,3.0164,1.0,WARMING_UP,WARMING_UP,WARMING_UP,0.0,0,67.586
5743,128.5779,225,3.0389,1.0,WARMING_UP,WARMING_UP,WARMING_UP,0.0,0,67.132
5744,128.593,225,3.0539,1.0,WARMING_UP,WARMING_UP,WARMING_UP,0.0,0,68.052
5745,128.6056,225,3.0665,1.0,WARMING_UP,WARMING_UP,WARMING_UP,0.0,0,68.9
5746,128.6189,225,3.0799,1.0,WARMING_UP,WARMING_UP,WARMING_UP,0.0,0,68.527
5747,128.6342,225,3.0952,1.0,WARMING_UP,WARMING_UP,WARMING_UP,0.0,0,68.406
5748,128.6491,225,3.1101,1.0,WARMING_UP,WARMING_UP,WARMING_UP,0.0,0,68.793
5749,128.6624,225,3.1234,1.0,WARMING_UP,WARMING_UP,WARMING_UP,0.0,0,70.25
5750,128.6748,225,3.1357,1.0,WARMING_UP,WARMING_UP,WARMING_UP,0.0,0,71.146
5751,128.6875,225,3.1485,1.0,WARMING_UP,WARMING_UP,WARMING_UP,0.0,0,70.037
5752,128.7043,225,3.1652,1.0,WARMING_UP,WARMING_UP,WARMING_UP,0.0,0,70.631
5753,128.7172,225,3.1782,1.0,WARMING_UP,WARMING_UP,WARMING_UP,0.0,0,70.985
5754,128.7308,225,3.1918,1.0,WARMING_UP,WARMING_UP,WARMING_UP,0.0,0,71.625
5755,128.744,225,3.205,1.0,WARMING_UP,WARMING_UP,WARMING_UP,0.0,0,71.567
5756,128.758,225,3.2189,1.0,WARMING_UP,WARMING_UP,WARMING_UP,0.0,0,71.492
5757,128.7721,225,3.2331,1.0,WARMING_UP,WARMING_UP,WARMING_UP,0.0,0,71.917
5758,128.7849,225,3.2459,1.0,WARMING_UP,WARMING_UP,WARMING_UP,0.0,0,72.037
5759,128.7988,225,3.2598,1.0,WARMING_UP,WARMING_UP,WARMING_UP,0.0,0,72.543
5760,128.8119,225,3.2728,1.0,WARMING_UP,WARMING_UP,WARMING_UP,0.0,0,71.31
5761,128.8286,225,3.2896,1.0,WARMING_UP,WARMING_UP,WARMING_UP,0.0,0,71.949
5762,128.8412,225,3.3021,1.0,WARMING_UP,WARMING_UP,WARMING_UP,0.0,0,71.599
5763,128.8558,225,3.3168,1.0,WARMING_UP,WARMING_UP,WARMING_UP,0.0,0,70.141
5764,128.8734,225,3.3344,1.0,WARMING_UP,WARMING_UP,WARMING_UP,0.0,0,70.892
5765,128.8861,225,3.347,1.0,WARMING_UP,WARMING_UP,WARMING_UP,0.0,0,70.818
5766,128.9006,225,3.3616,1.0,WARMING_UP,WARMING_UP,WARMING_UP,0.0,0,69.555
5767,128.9178,225,3.3787,1.0,WARMING_UP,WARMING_UP,WARMING_UP,0.0,0,70.585
5768,128.9304,225,3.3914,1.0,WARMING_UP,WARMING_UP,WARMING_UP,0.0,0,71.344
5769,128.9428,225,3.4037,1.0,WARMING_UP,WARMING_UP,WARMING_UP,0.0,0,71.051
5770,128.9575,225,3.4184,1.0,WARMING_UP,WARMING_UP,WARMING_UP,0.0,0,71.677
5771,128.9704,225,3.4314,1.0,WARMING_UP,WARMING_UP,WARMING_UP,0.0,0,71.817
5772,128.9842,225,3.4451,1.0,WARMING_UP,WARMING_UP,WARMING_UP,0.0,0,72.06
5773,128.9978,225,3.4587,1.0,WARMING_UP,WARMING_UP,WARMING_UP,0.0,0,72.744
5774,129.0104,225,3.4713,1.0,WARMING_UP,WARMING_UP,WARMING_UP,0.0,0,72.752
5775,129.0243,225,3.4853,1.0,WARMING_UP,WARMING_UP,WARMING_UP,0.0,0,72.556
5776,129.0383,225,3.4992,1.0,WARMING_UP,WARMING_UP,WARMING_UP,0.0,0,72.343
5777,129.0525,225,3.5134,1.0,WARMING_UP,WARMING_UP,WARMING_UP,0.0,0,72.786
5778,129.0665,225,3.5274,1.0,WARMING_UP,WARMING_UP,WARMING_UP,0.0,0,72.521
5779,129.0798,225,3.5408,1.0,WARMING_UP,WARMING_UP,WARMING_UP,0.0,0,72.981
5780,129.0928,225,3.5538,1.0,WARMING_UP,WARMING_UP,WARMING_UP,0.0,0,72.87
5781,129.1067,225,3.5676,1.0,WARMING_UP,WARMING_UP,WARMING_UP,0.0,0,72.092
5782,129.1221,225,3.5831,1.0,WARMING_UP,WARMING_UP,WARMING_UP,0.0,0,71.052
5783,129.1381,225,3.599,1.0,WARMING_UP,WARMING_UP,WARMING_UP,0.0,0,71.284
5784,129.1517,225,3.6126,1.0,WARMING_UP,WARMING_UP,WARMING_UP,0.0,0,72.252
5785,129.164,225,3.625,1.0,WARMING_UP,WARMING_UP,WARMING_UP,0.0,0,72.78
5786,129.1769,225,3.6378,1.0,WARMING_UP,WARMING_UP,WARMING_UP,0.0,0,73.524
5787,129.1893,225,3.6503,1.0,WARMING_UP,WARMING_UP,WARMING_UP,0.0,0,73.487
5788,129.2032,225,3.6641,1.0,WARMING_UP,WARMING_UP,WARMING_UP,0.0,0,74.28
5789,129.2153,225,3.6762,1.0,WARMING_UP,WARMING_UP,WARMING_UP,0.0,0,73.688
5790,129.2302,225,3.6912,1.0,WARMING_UP,WARMING_UP,WARMING_UP,0.0,0,74.052
5791,129.2429,225,3.7038,1.0,WARMING_UP,WARMING_UP,WARMING_UP,0.0,0,73.946
5792,129.2566,225,3.7176,1.0,WARMING_UP,WARMING_UP,WARMING_UP,0.0,0,73.908
5793,129.2704,225,3.7313,1.0,WARMING_UP,WARMING_UP,WARMING_UP,0.0,0,74.339
5794,129.2832,225,3.7442,1.0,WARMING_UP,WARMING_UP,WARMING_UP,0.0,0,74.519
5795,129.2961,225,3.757,1.0,WARMING_UP,WARMING_UP,WARMING_UP,0.0,0,74.945
5796,129.3088,225,3.7697,1.0,WARMING_UP,WARMING_UP,WARMING_UP,0.0,0,74.792
5797,129.3226,225,3.7836,1.0,WARMING_UP,WARMING_UP,WARMING_UP,0.0,0,75.328
5798,129.3357,225,3.7967,1.0,WARMING_UP,WARMING_UP,WARMING_UP,0.0,0,75.463
5799,129.3481,225,3.8091,1.0,WARMING_UP,WARMING_UP,WARMING_UP,0.0,0,74.816
5800,129.3626,225,3.8236,1.0,WARMING_UP,WARMING_UP,WARMING_UP,0.0,0,75.024
5801,129.3755,225,3.8364,1.0,WARMING_UP,WARMING_UP,WARMING_UP,0.0,0,74.842
5802,129.3892,225,3.8502,1.0,WARMING_UP,WARMING_UP,WARMING_UP,0.0,0,75.597
5803,129.4018,225,3.8627,1.0,WARMING_UP,WARMING_UP,WARMING_UP,0.0,0,75.594
5804,129.4148,225,3.8757,1.0,WARMING_UP,WARMING_UP,WARMING_UP,0.0,0,75.403
5805,129.4285,225,3.8895,1.0,WARMING_UP,WARMING_UP,WARMING_UP,0.0,0,75.148
5806,129.442,225,3.903,1.0,WARMING_UP,WARMING_UP,WARMING_UP,0.0,0,74.644
5807,129.4561,225,3.9171,1.0,WARMING_UP,WARMING_UP,WARMING_UP,0.0,0,72.423
5808,129.4755,225,3.9364,1.0,WARMING_UP,WARMING_UP,WARMING_UP,0.0,0,72.062
5809,129.49,225,3.9509,1.0,WARMING_UP,WARMING_UP,WARMING_UP,0.0,0,72.474
5810,129.5033,225,3.9642,1.0,WARMING_UP,WARMING_UP,WARMING_UP,0.0,0,72.744
5811,129.5164,225,3.9774,1.0,WARMING_UP,WARMING_UP,WARMING_UP,0.0,0,73.247
5812,129.5291,225,3.99,1.0,WARMING_UP,WARMING_UP,WARMING_UP,0.0,0,73.287
5813,129.5426,225,4.0036,1.0,bend_return,UNKNOWN,UNKNOWN,0.22,1,72.921
5814,129.595,225,4.056,1.0,bend_return,UNKNOWN,UNKNOWN,0.22,0,67.554
5815,129.6092,225,4.0702,1.0,bend_return,UNKNOWN,UNKNOWN,0.22,0,67.803
5816,129.6233,225,4.0843,1.0,bend_return,UNKNOWN,UNKNOWN,0.22,0,68.708
5817,129.6365,225,4.0975,1.0,bend_return,UNKNOWN,UNKNOWN,0.22,0,69.656
5818,129.649,225,4.1099,1.0,bend_return,UNKNOWN,UNKNOWN,0.22,0,69.86
5819,129.6629,225,4.1238,1.0,bend_return,UNKNOWN,UNKNOWN,0.22,0,70.199
5820,129.6766,225,4.1375,1.0,bend_return,UNKNOWN,UNKNOWN,0.22,0,70.234
5821,129.6913,225,4.1522,1.0,bend_return,UNKNOWN,UNKNOWN,0.22,0,69.273
5822,129.7074,225,4.1683,1.0,bend_return,UNKNOWN,UNKNOWN,0.22,0,68.643
5823,129.7233,225,4.1843,1.0,bend_return,UNKNOWN,UNKNOWN,0.22,0,69.715
5824,129.7357,225,4.1967,1.0,bend_return,UNKNOWN,UNKNOWN,0.22,0,70.894
5825,129.748,225,4.2089,1.0,bend_return,UNKNOWN,UNKNOWN,0.22,0,70.261
5826,129.7636,225,4.2245,1.0,bend_return,UNKNOWN,UNKNOWN,0.22,0,70.603
5827,129.7772,225,4.2382,1.0,bend_return,UNKNOWN,UNKNOWN,0.22,0,71.211
5828,129.79,225,4.251,1.0,bend_return,UNKNOWN,UNKNOWN,0.22,0,71.825
5829,129.803,225,4.264,1.0,bend_return,UNKNOWN,UNKNOWN,0.2367,1,72.685
5830,129.8591,225,4.3201,1.0,bend_return,UNKNOWN,UNKNOWN,0.2367,0,67.146
5831,129.8733,225,4.3343,1.0,bend_return,UNKNOWN,UNKNOWN,0.2367,0,68.439
5832,129.8862,225,4.3472,1.0,bend_return,UNKNOWN,UNKNOWN,0.2367,0,69.055
5833,129.8993,225,4.3602,1.0,bend_return,UNKNOWN,UNKNOWN,0.2367,0,69.494
5834,129.913,225,4.374,1.0,bend_return,UNKNOWN,UNKNOWN,0.2367,0,69.771
5835,129.9267,225,4.3876,1.0,bend_return,UNKNOWN,UNKNOWN,0.2367,0,70.668
5836,129.9395,225,4.4004,1.0,bend_return,UNKNOWN,UNKNOWN,0.2367,0,71.635
5837,129.9518,225,4.4127,1.0,bend_return,UNKNOWN,UNKNOWN,0.2367,0,72.561
5838,129.9645,225,4.4255,1.0,bend_return,UNKNOWN,UNKNOWN,0.2367,0,72.323
5839,129.9785,225,4.4394,1.0,bend_return,UNKNOWN,UNKNOWN,0.2367,0,72.442
5840,129.9923,225,4.4533,1.0,bend_return,UNKNOWN,UNKNOWN,0.2367,0,72.796
5841,130.0051,225,4.4661,1.0,bend_return,UNKNOWN,UNKNOWN,0.2367,0,73.731
5842,130.0176,225,4.4786,1.0,bend_return,UNKNOWN,UNKNOWN,0.2367,0,73.878
5843,130.031,225,4.4919,1.0,bend_return,UNKNOWN,UNKNOWN,0.2367,0,72.884
5844,130.0465,225,4.5074,1.0,bend_return,UNKNOWN,UNKNOWN,0.2367,0,72.702
5845,130.0604,225,4.5214,1.0,bend_return,UNKNOWN,UNKNOWN,0.22,1,73.306
5846,130.1102,225,4.5711,1.0,bend_return,UNKNOWN,UNKNOWN,0.22,0,67.848
5847,130.1265,225,4.5874,1.0,bend_return,UNKNOWN,UNKNOWN,0.22,0,68.639
5848,130.1397,225,4.6007,1.0,bend_return,UNKNOWN,UNKNOWN,0.22,0,69.484
5849,130.1529,225,4.6138,1.0,bend_return,UNKNOWN,UNKNOWN,0.22,0,70.36
5850,130.1652,225,4.6261,1.0,bend_return,UNKNOWN,UNKNOWN,0.22,0,70.755
5851,130.1792,225,4.6402,1.0,bend_return,UNKNOWN,UNKNOWN,0.22,0,71.132
5852,130.1926,225,4.6535,0.9968,bend_return,UNKNOWN,UNKNOWN,0.22,0,70.551
5853,130.2078,225,4.6687,0.9968,bend_return,UNKNOWN,UNKNOWN,0.22,0,71.425
5854,130.221,225,4.682,0.9968,bend_return,UNKNOWN,UNKNOWN,0.22,0,71.898
5855,130.2334,225,4.6943,0.9968,bend_return,UNKNOWN,UNKNOWN,0.22,0,71.034
5856,130.2497,225,4.7106,0.9968,bend_return,UNKNOWN,UNKNOWN,0.22,0,71.213
5857,130.2631,225,4.724,0.9968,bend_return,UNKNOWN,UNKNOWN,0.22,0,72.081
5858,130.2755,225,4.7364,0.9968,bend_return,UNKNOWN,UNKNOWN,0.22,0,72.185
5859,130.2893,225,4.7502,0.9968,bend_return,UNKNOWN,UNKNOWN,0.22,0,72.915
5860,130.302,225,4.763,0.9969,bend_return,UNKNOWN,UNKNOWN,0.22,0,73.534
5861,130.3145,225,4.7755,0.9969,wave,UNKNOWN,UNKNOWN,0.2233,1,73.416
5862,130.373,225,4.8339,0.9969,wave,UNKNOWN,UNKNOWN,0.2233,0,67.723
5863,130.3893,225,4.8502,0.9969,wave,UNKNOWN,UNKNOWN,0.2233,0,68.551
5864,130.4024,225,4.8633,0.9969,wave,UNKNOWN,UNKNOWN,0.2233,0,69.057
5865,130.4157,225,4.8767,0.9969,wave,UNKNOWN,UNKNOWN,0.2233,0,69.708
5866,130.429,225,4.89,0.9969,wave,UNKNOWN,UNKNOWN,0.2233,0,70.192
5867,130.4423,225,4.9032,0.9969,wave,UNKNOWN,UNKNOWN,0.2233,0,70.539
5868,130.4557,225,4.9166,0.9969,wave,UNKNOWN,UNKNOWN,0.2233,0,70.554
5869,130.47,225,4.931,0.9969,wave,UNKNOWN,UNKNOWN,0.2233,0,71.364
5870,130.4827,225,4.9437,0.997,wave,UNKNOWN,UNKNOWN,0.2233,0,71.702
5871,130.4961,225,4.9571,0.997,wave,UNKNOWN,UNKNOWN,0.2233,0,71.257
5872,130.5112,225,4.9721,0.997,wave,UNKNOWN,UNKNOWN,0.2233,0,71.226
5873,130.525,225,4.9859,0.997,wave,UNKNOWN,UNKNOWN,0.2233,0,72.285
5874,130.537,225,4.9979,0.997,wave,UNKNOWN,UNKNOWN,0.2233,0,72.635
5875,130.5505,225,4.9952,0.997,wave,UNKNOWN,UNKNOWN,0.2233,0,72.718
5876,130.5645,225,4.9947,0.997,wave,UNKNOWN,UNKNOWN,0.2233,0,72.6
5877,130.578,225,4.9946,0.997,wave,UNKNOWN,UNKNOWN,0.22,1,73.215
5878,130.6281,225,4.9935,0.9939,wave,UNKNOWN,UNKNOWN,0.22,0,67.839
5879,130.6424,225,4.9931,0.9939,wave,UNKNOWN,UNKNOWN,0.22,0,68.79
5880,130.6555,225,4.9548,0.9939,wave,UNKNOWN,UNKNOWN,0.22,0,68.646
5881,130.6701,225,4.9694,0.994,wave,UNKNOWN,UNKNOWN,0.22,0,69.745
5882,130.6825,225,4.9819,0.994,wave,UNKNOWN,UNKNOWN,0.22,0,70.311
5883,130.6962,225,4.9956,0.994,wave,UNKNOWN,UNKNOWN,0.22,0,69.724
5884,130.7116,225,4.996,0.994,wave,UNKNOWN,UNKNOWN,0.22,0,70.25
5885,130.7249,225,4.9874,0.994,wave,UNKNOWN,UNKNOWN,0.22,0,71.054
5886,130.7377,225,4.9858,0.994,wave,UNKNOWN,UNKNOWN,0.22,0,71.391
5887,130.7508,225,4.9989,0.994,wave,UNKNOWN,UNKNOWN,0.22,0,71.65
5888,130.7646,225,4.9981,0.994,wave,UNKNOWN,UNKNOWN,0.22,0,71.782
5889,130.7787,225,4.9969,0.994,wave,UNKNOWN,UNKNOWN,0.22,0,71.623
5890,130.7925,225,4.9933,0.994,wave,UNKNOWN,UNKNOWN,0.22,0,72.292
5891,130.8058,225,4.9921,0.994,wave,UNKNOWN,UNKNOWN,0.22,0,72.442
5892,130.8189,225,4.9886,0.994,wave,UNKNOWN,UNKNOWN,0.22,0,72.74
5893,130.8319,225,4.9869,0.994,wave,UNKNOWN,UNKNOWN,0.2033,1,73.124
5894,130.8841,225,4.9937,0.994,wave,UNKNOWN,UNKNOWN,0.2033,0,67.712
5895,130.8978,225,4.9939,0.994,wave,UNKNOWN,UNKNOWN,0.2033,0,68.475
5896,130.911,225,4.9555,0.994,wave,UNKNOWN,UNKNOWN,0.2033,0,69.254
5897,130.924,225,4.9686,0.994,wave,UNKNOWN,UNKNOWN,0.2033,0,70.149
5898,130.9367,225,4.9812,0.994,wave,UNKNOWN,UNKNOWN,0.2033,0,69.623
5899,130.9521,225,4.9966,0.994,wave,UNKNOWN,UNKNOWN,0.2033,0,69.44
5900,130.9669,225,4.9973,0.994,wave,UNKNOWN,UNKNOWN,0.2033,0,70.371
5901,130.9806,225,4.9897,0.994,wave,UNKNOWN,UNKNOWN,0.2033,0,70.631
5902,130.9935,225,4.9881,0.994,wave,UNKNOWN,UNKNOWN,0.2033,0,70.838
5903,131.007,225,4.9842,0.994,wave,UNKNOWN,UNKNOWN,0.2033,0,71.421
5904,131.0201,225,4.9973,0.994,wave,UNKNOWN,UNKNOWN,0.2033,0,69.271
5905,131.0405,225,4.9891,0.994,wave,UNKNOWN,UNKNOWN,0.2033,0,69.551
5906,131.054,225,4.9887,0.994,wave,UNKNOWN,UNKNOWN,0.2033,0,69.894
5907,131.0678,225,4.989,0.994,wave,UNKNOWN,UNKNOWN,0.2033,0,69.903
5908,131.0824,225,4.9902,0.994,bend_return,UNKNOWN,UNKNOWN,0.2067,1,70.591
5909,131.1337,225,4.9979,0.994,bend_return,UNKNOWN,UNKNOWN,0.2067,0,65.434
5910,131.148,225,4.999,0.994,bend_return,UNKNOWN,UNKNOWN,0.2067,0,66.738
5911,131.1603,225,4.9961,0.994,bend_return,UNKNOWN,UNKNOWN,0.2067,0,67.14
5912,131.1744,225,4.9578,0.994,bend_return,UNKNOWN,UNKNOWN,0.2067,0,68.159
5913,131.1874,225,4.9707,0.994,bend_return,UNKNOWN,UNKNOWN,0.2067,0,68.962
5914,131.2007,225,4.984,0.994,bend_return,UNKNOWN,UNKNOWN,0.2067,0,69.499
5915,131.2139,225,4.9972,0.994,bend_return,UNKNOWN,UNKNOWN,0.2067,0,70.69
5916,131.2262,225,4.9924,0.994,bend_return,UNKNOWN,UNKNOWN,0.2067,0,70.916
5917,131.2399,225,4.9909,0.994,bend_return,UNKNOWN,UNKNOWN,0.2067,0,71.141
5918,131.2535,225,4.9868,0.994,bend_return,UNKNOWN,UNKNOWN,0.2067,0,71.862
5919,131.2663,225,4.9995,0.9941,bend_return,UNKNOWN,UNKNOWN,0.2067,0,71.739
5920,131.2807,225,4.9991,0.9941,bend_return,UNKNOWN,UNKNOWN,0.2067,0,71.952
5921,131.2939,225,4.9979,0.9941,bend_return,UNKNOWN,UNKNOWN,0.2067,0,72.452
5922,131.3072,225,4.9958,0.9941,bend_return,UNKNOWN,UNKNOWN,0.2067,0,72.535
5923,131.3208,225,4.9952,0.9941,bend_return,UNKNOWN,UNKNOWN,0.2067,0,72.255
5924,131.3352,225,4.9947,0.9941,drink_return,UNKNOWN,UNKNOWN,0.2,1,72.694
5925,131.3846,225,4.996,0.994,drink_return,UNKNOWN,UNKNOWN,0.2,0,67.4
5926,131.3986,225,4.9955,0.994,drink_return,UNKNOWN,UNKNOWN,0.2,0,67.182
5927,131.4139,225,4.9965,0.994,drink_return,UNKNOWN,UNKNOWN,0.2,0,67.201
5928,131.4292,225,4.961,0.994,drink_return,UNKNOWN,UNKNOWN,0.2,0,68.102
5929,131.4423,225,4.9741,0.994,drink_return,UNKNOWN,UNKNOWN,0.2,0,68.737
5930,131.4556,225,4.9874,0.9941,drink_return,UNKNOWN,UNKNOWN,0.2,0,69.594
5931,131.4683,225,4.9856,0.9941,drink_return,UNKNOWN,UNKNOWN,0.2,0,69.845
5932,131.4823,225,4.9996,0.9941,drink_return,UNKNOWN,UNKNOWN,0.2,0,70.328
5933,131.4956,225,4.9913,0.9941,drink_return,UNKNOWN,UNKNOWN,0.2,0,71.104
5934,131.5086,225,4.9885,0.9941,drink_return,UNKNOWN,UNKNOWN,0.2,0,69.049
5935,131.5286,225,4.993,0.9941,drink_return,UNKNOWN,UNKNOWN,0.2,0,70.145
5936,131.5412,225,4.9897,0.9941,drink_return,UNKNOWN,UNKNOWN,0.2,0,70.536
5937,131.5545,225,4.9878,0.9941,drink_return,UNKNOWN,UNKNOWN,0.2,0,70.572
5938,131.5686,225,4.9865,0.9941,drink_return,UNKNOWN,UNKNOWN,0.2,0,70.537
5939,131.5829,225,4.9851,0.9941,drink_return,UNKNOWN,UNKNOWN,0.2,0,70.59
5940,131.5966,225,4.9988,0.9941,leg_raise_lower,UNKNOWN,UNKNOWN,0.2033,1,70.57
5941,131.6486,225,4.9971,0.994,leg_raise_lower,UNKNOWN,UNKNOWN,0.2033,0,65.209
5942,131.6699,225,4.9823,0.994,leg_raise_lower,UNKNOWN,UNKNOWN,0.2033,0,66.378
5943,131.683,225,4.9954,0.994,leg_raise_lower,UNKNOWN,UNKNOWN,0.2033,0,66.921
5944,131.6969,225,4.9945,0.994,leg_raise_lower,UNKNOWN,UNKNOWN,0.2033,0,66.843
5945,131.7121,225,4.996,0.994,leg_raise_lower,UNKNOWN,UNKNOWN,0.2033,0,65.943
5946,131.7294,225,4.9979,0.994,leg_raise_lower,UNKNOWN,UNKNOWN,0.2033,0,66.465
5947,131.7434,225,4.9975,0.994,leg_raise_lower,UNKNOWN,UNKNOWN,0.2033,0,67.876
5948,131.756,225,4.9972,0.994,leg_raise_lower,UNKNOWN,UNKNOWN,0.2033,0,68.299
5949,131.7698,225,4.9958,0.994,leg_raise_lower,UNKNOWN,UNKNOWN,0.2033,0,69.027
5950,131.783,225,4.996,0.994,leg_raise_lower,UNKNOWN,UNKNOWN,0.2033,0,69.327
5951,131.7967,225,4.9967,0.994,leg_raise_lower,UNKNOWN,UNKNOWN,0.2033,0,69.803
5952,131.8103,225,4.9959,0.994,leg_raise_lower,UNKNOWN,UNKNOWN,0.2033,0,70.357
5953,131.8235,225,4.9961,0.994,leg_raise_lower,UNKNOWN,UNKNOWN,0.2033,0,71.16
5954,131.8364,225,4.9879,0.994,leg_raise_lower,UNKNOWN,UNKNOWN,0.2033,0,71.193
5955,131.8504,225,4.9887,0.994,leg_raise_lower,UNKNOWN,UNKNOWN,0.21,1,71.327
5956,131.9,225,4.9932,0.994,leg_raise_lower,UNKNOWN,UNKNOWN,0.21,0,66.093
5957,131.9168,225,4.9976,0.994,leg_raise_lower,UNKNOWN,UNKNOWN,0.21,0,64.421
5958,131.9369,225,4.9909,0.994,leg_raise_lower,UNKNOWN,UNKNOWN,0.21,0,65.069
5959,131.9511,225,4.9875,0.994,leg_raise_lower,UNKNOWN,UNKNOWN,0.21,0,65.877
5960,131.9648,225,4.9877,0.994,leg_raise_lower,UNKNOWN,UNKNOWN,0.21,0,66.577
5961,131.9785,225,4.9889,0.994,leg_raise_lower,UNKNOWN,UNKNOWN,0.21,0,67.33
5962,131.9924,225,4.9909,0.994,leg_raise_lower,UNKNOWN,UNKNOWN,0.21,0,68.047
5963,132.0051,225,4.9885,0.994,leg_raise_lower,UNKNOWN,UNKNOWN,0.21,0,69.348
5964,132.0176,225,4.9877,0.994,leg_raise_lower,UNKNOWN,UNKNOWN,0.21,0,69.871
5965,132.0311,225,4.9873,0.994,leg_raise_lower,UNKNOWN,UNKNOWN,0.21,0,70.02
5966,132.0482,225,4.9921,0.994,leg_raise_lower,UNKNOWN,UNKNOWN,0.21,0,68.847
5967,132.0624,225,4.9918,0.994,leg_raise_lower,UNKNOWN,UNKNOWN,0.21,0,69.668
5968,132.0759,225,4.9912,0.994,leg_raise_lower,UNKNOWN,UNKNOWN,0.21,0,70.167
5969,132.0884,225,4.9906,0.994,leg_raise_lower,UNKNOWN,UNKNOWN,0.21,0,71.246
5970,132.101,225,4.9884,0.994,leg_raise_lower,UNKNOWN,UNKNOWN,0.2033,1,71.703
5971,132.1524,225,4.9881,0.9939,leg_raise_lower,UNKNOWN,UNKNOWN,0.2033,0,66.444
5972,132.1698,225,4.9911,0.9939,leg_raise_lower,UNKNOWN,UNKNOWN,0.2033,0,65.586
5973,132.1838,225,4.9884,0.9939,leg_raise_lower,UNKNOWN,UNKNOWN,0.2033,0,65.923
5974,132.1984,225,4.9903,0.9939,leg_raise_lower,UNKNOWN,UNKNOWN,0.2033,0,66.794
5975,132.212,225,4.9914,0.9939,leg_raise_lower,UNKNOWN,UNKNOWN,0.2033,0,67.808
5976,132.2247,225,4.9905,0.9939,leg_raise_lower,UNKNOWN,UNKNOWN,0.2033,0,68.138
5977,132.2388,225,4.9902,0.9939,leg_raise_lower,UNKNOWN,UNKNOWN,0.2033,0,68.915
5978,132.2521,225,4.9894,0.9939,leg_raise_lower,UNKNOWN,UNKNOWN,0.2033,0,66.688
5979,132.2737,225,4.998,0.9939,leg_raise_lower,UNKNOWN,UNKNOWN,0.2033,0,67.831
5980,132.2859,225,4.9974,0.9939,leg_raise_lower,UNKNOWN,UNKNOWN,0.2033,0,68.594
5981,132.2995,225,4.998,0.9939,leg_raise_lower,UNKNOWN,UNKNOWN,0.2033,0,68.839
5982,132.3138,225,4.9981,0.9939,leg_raise_lower,UNKNOWN,UNKNOWN,0.2033,0,68.773
5983,132.3283,225,4.9998,0.9939,leg_raise_lower,UNKNOWN,UNKNOWN,0.2033,0,69.516
5984,132.3412,225,4.9991,0.9939,leg_raise_lower,UNKNOWN,UNKNOWN,0.2033,0,69.888
6054,133.1648,231,0.0,1.0,WARMING_UP,WARMING_UP,WARMING_UP,0.0,0,86.118
6071,133.3734,235,0.0,1.0,WARMING_UP,WARMING_UP,WARMING_UP,0.0,0,83.76
6094,133.6475,235,0.2741,0.0833,WARMING_UP,WARMING_UP,WARMING_UP,0.0,0,85.531
6096,133.6722,235,0.2988,0.1154,WARMING_UP,WARMING_UP,WARMING_UP,0.0,0,83.803
6138,134.157,241,0.0,1.0,WARMING_UP,WARMING_UP,WARMING_UP,0.0,0,87.559
6139,134.1694,241,0.0123,1.0,WARMING_UP,WARMING_UP,WARMING_UP,0.0,0,85.686
6140,134.184,241,0.0269,1.0,WARMING_UP,WARMING_UP,WARMING_UP,0.0,0,84.289
6149,134.2888,241,0.1317,0.3333,WARMING_UP,WARMING_UP,WARMING_UP,0.0,0,85.565
6150,134.3023,241,0.1453,0.3846,WARMING_UP,WARMING_UP,WARMING_UP,0.0,0,84.406
6151,134.3159,241,0.1589,0.4286,WARMING_UP,WARMING_UP,WARMING_UP,0.0,0,83.95
6152,134.3284,241,0.1714,0.4667,WARMING_UP,WARMING_UP,WARMING_UP,0.0,0,81.95
6153,134.344,241,0.1869,0.5,WARMING_UP,WARMING_UP,WARMING_UP,0.0,0,81.681
6154,134.3565,241,0.1994,0.5294,WARMING_UP,WARMING_UP,WARMING_UP,0.0,0,80.121
6155,134.3717,241,0.2147,0.5556,WARMING_UP,WARMING_UP,WARMING_UP,0.0,0,78.917
6156,134.3863,241,0.2293,0.5789,WARMING_UP,WARMING_UP,WARMING_UP,0.0,0,77.228
6158,134.4134,241,0.2563,0.5714,WARMING_UP,WARMING_UP,WARMING_UP,0.0,0,78.141
6159,134.427,241,0.27,0.5909,WARMING_UP,WARMING_UP,WARMING_UP,0.0,0,76.416
6169,134.5492,241,0.3922,0.4375,WARMING_UP,WARMING_UP,WARMING_UP,0.0,0,84.573
6172,134.5836,241,0.4266,0.4286,WARMING_UP,WARMING_UP,WARMING_UP,0.0,0,85.185
6181,134.6911,241,0.5341,0.3636,WARMING_UP,WARMING_UP,WARMING_UP,0.0,0,85.108
